	Unnamed: 0	globalMean	mdiffs	maxdiffs	mindiffs	eigen	sampleName
0	0	305.6551034109933	-38.885977268218994	-3.7565231323242183	-144.63034439086914	1.0	30052023--s--Lm--st--L634--p--C08--pos002--tm--24--ch--Syto9--z--21
0	0	449.34688577197846	-35.35995020866394	36.9114408493042	-107.94159698486328	1.0	14112023--s--Lm--st--19115--p--G08--pos005--tm--24--ch--Syto9--z--21
0	0	701.6025850659325	-28.94957890510559	17.15823745727539	-46.84217071533203	1.0	13062023--s--Lm--st--L1764--p--G04--pos005--tm--24--ch--Syto9--z--21
0	0	601.3362247376215	-47.64541811943055	6.024788856506348	-227.49974250793457	1.0	28032023--s--Lm--st--L455--p--D06--pos005--tm--24--ch--Syto9--z--21
0	0	628.4766163598923	-38.86247353553772	18.354310989379883	-98.0129737854004	1.0	14112023--s--Lm--st--L628--p--D07--pos002--tm--24--ch--Syto9--z--21
0	0	453.1979592187064	-18.694510841369627	81.57728862762451	-40.54949188232422	1.0	16052023--s--Lm--st--L394--p--C04--pos003--tm--24--ch--Syto9--z--21
0	0	703.4713268280029	-41.34009156227112	48.688758850097656	-78.60594844818115	1.0	13062023--s--Lm--st--L1764--p--F08--pos004--tm--24--ch--Syto9--z--21
0	0	190.96901648385185	-32.21281237602234	-2.0623350143432617	-106.64340305328368	1.0	25042023--s--Lm--st--19115--p--C06--pos005--tm--24--ch--Syto9--z--21
0	0	496.41732779003326	-33.9674367427826	16.428275108337402	-132.73856925964355	1.0	18072023--s--Lm--st--L1823--p--E10--pos001--tm--24--ch--Syto9--z--21
0	0	475.4495963596162	-51.5073655128479	-2.2092857360839844	-122.79554271697998	1.0	30052023--s--Lm--st--L634--p--C07--pos003--tm--24--ch--Syto9--z--21
0	0	474.4105435325986	-41.89881854057312	-14.142736434936523	-90.14329051971436	1.0	04072023--s--Lm--st--L1823--p--G04--pos005--tm--24--ch--Syto9--z--21
0	0	240.00813484191892	-16.279298114776612	23.138687133789062	-38.76930618286133	1.0	16052023--s--Lm--st--L455--p--G03--pos002--tm--24--ch--Syto9--z--21
0	0	1233.125955445426	-50.22016315460205	74.31894397735596	-81.99683380126953	1.0	14112023--s--Lm--st--L1764--p--G03--pos005--tm--24--ch--Syto9--z--21
0	0	586.7844189235142	-48.48680214881897	-5.810369491577148	-115.0841064453125	1.0	04072023--s--Lm--st--L1823--p--G06--pos002--tm--24--ch--Syto9--z--21
0	0	467.29529117402575	-29.838783502578732	13.484719276428224	-192.91102409362796	1.0	23052023--s--Lm--st--L628--p--D04--pos003--tm--24--ch--Syto9--z--21
0	0	417.4661254428682	-60.39743890762329	-6.011197090148926	-152.43195152282715	1.0	13062023--s--Lm--st--L634--p--C10--pos001--tm--24--ch--Syto9--z--21
0	0	417.66223344348725	-41.78639531135559	-5.022571563720703	-122.7209405899048	1.0	13042023--s--Lm--st--L628--p--D04--pos002--tm--24--ch--Syto9--z--21
0	0	564.3250966299148	-35.287713813781735	63.57615852355957	-133.50629138946533	1.0	13062023--s--Lm--st--L634--p--C05--pos003--tm--24--ch--Syto9--z--21
0	0	239.11172226497104	-30.90637493133545	-2.2079553604125977	-103.71648979187012	1.0	25042023--s--Lm--st--19115--p--D05--pos003--tm--24--ch--Syto9--z--21
0	0	279.5260530653454	-28.520018911361696	-4.836869239807129	-82.86413097381592	1.0	23052023--s--Lm--st--L628--p--C09--pos001--tm--24--ch--Syto9--z--21
0	0	757.8705464771816	-71.6384822845459	-19.44617748260498	-175.74075603485107	1.0	14112023--s--Lm--st--L455--p--B02--pos001--tm--24--ch--Syto9--z--21
0	0	331.37878863016766	-37.20217618942261	-3.95327377319336	-108.2569704055786	1.0	14112023--s--Lm--st--19115--p--F09--pos002--tm--24--ch--Syto9--z--21
0	0	396.0786394845872	-25.35558466911316	25.086586952209476	-120.30863761901855	1.0	23052023--s--Lm--st--L628--p--D05--pos003--tm--24--ch--Syto9--z--21
0	0	471.235026949928	-27.44260334968567	55.267273902893066	-82.74582958221436	1.0	16052023--s--Lm--st--L455--p--G04--pos005--tm--24--ch--Syto9--z--21
0	0	369.817457426162	-28.509479808807374	7.162690162658691	-84.21430397033691	1.0	23052023--s--Lm--st--L628--p--C06--pos005--tm--24--ch--Syto9--z--21
0	0	387.4127731777373	-28.04635081291199	30.811182022094727	-57.66564750671387	1.0	04072023--s--Lm--st--L1323--p--C09--pos003--tm--24--ch--Syto9--z--21
0	0	512.0015405473255	-68.53005533218384	-8.777429580688477	-208.9663791656494	1.0	13062023--s--Lm--st--L634--p--C08--pos005--tm--24--ch--Syto9--z--21
0	0	497.8957248415266	-21.36978244781494	79.37150382995605	-52.95354843139648	1.0	16052023--s--Lm--st--L394--p--D03--pos003--tm--24--ch--Syto9--z--21
0	0	1010.3985343660628	-74.45397663116455	16.567069053649902	-112.7249174118042	1.0	07112023--s--Lm--st--L394--p--B04--pos002--tm--24--ch--Syto9--z--21
0	0	521.8068461645217	-44.341947603225705	-14.765244483947754	-124.89946460723876	1.0	18072023--s--Lm--st--L1323--p--B05--pos003--tm--24--ch--Syto9--z--21
0	0	303.400786172776	-35.77820611000061	-7.079353332519531	-125.64686584472656	1.0	23052023--s--Lm--st--L628--p--D05--pos001--tm--24--ch--Syto9--z--21
0	0	333.34541116442	-39.36960835456848	-8.922310829162598	-103.71184921264648	1.0	30052023--s--Lm--st--L634--p--C09--pos005--tm--24--ch--Syto9--z--21
0	0	645.2034403028943	-32.59107728004456	-5.3352766036987305	-89.81688022613525	1.0	18072023--s--Lm--st--L1823--p--E04--pos005--tm--24--ch--Syto9--z--21
0	0	302.12993412926085	-20.655658388137816	47.83248329162598	-82.03564548492432	1.0	16052023--s--Lm--st--L455--p--G05--pos001--tm--24--ch--Syto9--z--21
0	0	779.776091938927	-59.69635605812073	10.197132110595703	-115.98082160949708	1.0	04072023--s--Lm--st--L1823--p--F04--pos004--tm--24--ch--Syto9--z--21
0	0	340.69090357280913	-40.80271973609924	-3.375864028930664	-107.24974346160889	1.0	25042023--s--Lm--st--19115--p--C07--pos003--tm--24--ch--Syto9--z--21
0	0	251.4741148721604	-34.752595043182374	-2.840317726135254	-119.52211666107178	1.0	30052023--s--Lm--st--L634--p--C05--pos002--tm--24--ch--Syto9--z--21
0	0	687.8774080276489	-43.85511636734009	17.82077693939209	-164.0232973098755	1.0	18072023--s--Lm--st--L1823--p--E11--pos005--tm--24--ch--Syto9--z--21
0	0	907.3268801825388	-64.61763520240784	4.45789909362793	-97.9020128250122	1.0	07112023--s--Lm--st--L394--p--C03--pos001--tm--24--ch--Syto9--z--21
0	0	549.6455500012353	-18.93622407913208	100.17930507659912	-58.35831260681152	1.0	18042023--s--Lm--st--L394--p--D06--pos004--tm--24--ch--Syto9--z--21
0	0	625.3378033410935	-42.25597219467163	46.968281745910645	-64.39085578918457	1.0	16052023--s--Lm--st--L394--p--C05--pos004--tm--24--ch--Syto9--z--21
0	0	320.47114181518555	-33.025101232528684	57.87167739868164	-104.40522861480711	1.0	25042023--s--Lm--st--19115--p--D06--pos003--tm--24--ch--Syto9--z--21
0	0	369.0057233174642	-52.54111437797546	-6.932429313659668	-157.31578159332275	1.0	13062023--s--Lm--st--L634--p--C09--pos001--tm--24--ch--Syto9--z--21
0	0	314.2948003496443	-22.96679396629333	79.59919929504395	-79.70028591156006	1.0	04072023--s--Lm--st--L1323--p--D05--pos002--tm--24--ch--Syto9--z--21
0	0	537.7029495693389	-34.11332392692566	-4.00975513458252	-144.86402130126953	1.0	13042023--s--Lm--st--L628--p--D04--pos003--tm--24--ch--Syto9--z--21
0	0	434.2469560532343	-18.3957935333252	65.50139904022217	-43.40828704833984	1.0	30052023--s--Lm--st--L1764--p--G05--pos004--tm--24--ch--Syto9--z--21
0	0	319.46507944379533	-21.301693630218505	33.517459869384766	-40.69590950012207	1.0	16052023--s--Lm--st--L394--p--D03--pos005--tm--24--ch--Syto9--z--21
0	0	1206.921498344058	-45.505909252166745	115.62272262573242	-81.7558126449585	1.0	14112023--s--Lm--st--L1764--p--G04--pos003--tm--24--ch--Syto9--z--21
0	0	286.33651592617946	-30.277648639678954	-10.284476280212402	-82.38431930541992	1.0	18072023--s--Lm--st--L1323--p--B04--pos002--tm--24--ch--Syto9--z--21
0	0	261.29408495766774	-13.887705945968628	34.497694969177246	-26.39951992034912	1.0	16052023--s--Lm--st--L394--p--D05--pos002--tm--24--ch--Syto9--z--21
0	0	183.72882125491188	-30.77350234985352	-1.6037874221801758	-107.12156677246094	1.0	25042023--s--Lm--st--19115--p--D04--pos001--tm--24--ch--Syto9--z--21
0	0	626.2826772871472	-28.475681447982787	15.179716110229492	-135.47015857696533	1.0	18072023--s--Lm--st--L1823--p--E05--pos005--tm--24--ch--Syto9--z--21
0	0	352.5570877620152	-47.65888223648072	-8.42966365814209	-164.52848052978516	1.0	30052023--s--Lm--st--L634--p--C06--pos003--tm--24--ch--Syto9--z--21
0	0	345.0227647508894	-32.76575860977173	-4.286810874938965	-82.16071128845215	1.0	04072023--s--Lm--st--L1823--p--G04--pos002--tm--24--ch--Syto9--z--21
0	0	804.5459147862026	-50.117651033401486	-30.910539627075195	-67.79743957519531	1.0	13062023--s--Lm--st--L1764--p--F06--pos002--tm--24--ch--Syto9--z--21
0	0	174.02028247288294	-20.37566032409668	9.94872760772705	-76.69939613342285	1.0	23052023--s--Lm--st--19115--p--F04--pos001--tm--24--ch--Syto9--z--21
0	0	907.2567874363492	-42.97276663780213	38.662291526794434	-75.39535331726074	1.0	14112023--s--Lm--st--L1764--p--F04--pos001--tm--24--ch--Syto9--z--21
0	0	574.2397722970871	-66.01912627220153	-4.771933555603027	-179.35435962677002	1.0	13042023--s--Lm--st--L628--p--C05--pos002--tm--24--ch--Syto9--z--21
0	0	946.596610977536	-64.49351830482483	-18.048768043518063	-218.85561752319336	1.0	13042023--s--Lm--st--L628--p--D05--pos005--tm--24--ch--Syto9--z--21
0	0	413.1075473058792	-27.14228043556213	0.9262361526489258	-109.1752290725708	1.0	23052023--s--Lm--st--L628--p--D03--pos003--tm--24--ch--Syto9--z--21
0	0	781.551143510001	-47.40870380401611	-9.069080352783203	-172.59704780578613	1.0	14112023--s--Lm--st--L628--p--C06--pos005--tm--24--ch--Syto9--z--21
0	0	276.36309864407497	-14.287370443344116	44.63042545318604	-37.59807109832764	1.0	30052023--s--Lm--st--L1764--p--F07--pos003--tm--24--ch--Syto9--z--21
0	0	486.8052133378528	-24.84821753501892	113.620849609375	-66.44046974182129	1.0	18042023--s--Lm--st--L394--p--D06--pos001--tm--24--ch--Syto9--z--21
0	0	176.54035459245955	-24.273018312454223	-1.9011659622192385	-62.845869064331055	1.0	23052023--s--Lm--st--19115--p--F07--pos005--tm--24--ch--Syto9--z--21
0	0	290.76822921207975	-28.2370388507843	17.76430034637451	-89.54242324829102	1.0	30052023--s--Lm--st--L634--p--D04--pos004--tm--24--ch--Syto9--z--21
0	0	528.9787255241757	-50.61592645645142	-3.2728805541992188	-96.15730953216551	1.0	04072023--s--Lm--st--L1823--p--G06--pos004--tm--24--ch--Syto9--z--21
0	0	472.90681280408586	-44.68840107917786	-6.686800003051758	-133.39412307739258	1.0	16052023--s--Lm--st--L455--p--G06--pos002--tm--24--ch--Syto9--z--21
0	0	405.6661239351545	-11.777579021453857	51.187750816345215	-25.800490379333496	1.0	30052023--s--Lm--st--L1764--p--F06--pos003--tm--24--ch--Syto9--z--21
0	0	243.93182668231785	-30.887388372421263	-4.071894645690918	-71.79373836517334	1.0	04072023--s--Lm--st--L1323--p--C08--pos001--tm--24--ch--Syto9--z--21
0	0	360.51963102249874	-44.13222436904907	6.209007263183594	-130.07140159606934	1.0	25042023--s--Lm--st--19115--p--C08--pos003--tm--24--ch--Syto9--z--21
0	0	392.7961206436157	-20.99078722000122	46.45904159545898	-40.4082555770874	1.0	16052023--s--Lm--st--L394--p--C03--pos001--tm--24--ch--Syto9--z--21
0	0	737.0176892507644	-45.21217079162598	28.28583335876465	-74.90170001983643	1.0	13062023--s--Lm--st--L1764--p--G03--pos005--tm--24--ch--Syto9--z--21
0	0	675.4462658564249	-55.31054744720459	-0.5837717056274414	-118.8363447189331	1.0	04072023--s--Lm--st--L1823--p--G06--pos003--tm--24--ch--Syto9--z--21
0	0	719.2914474124	-53.69787802696228	63.0334997177124	-158.18696784973145	1.0	18072023--s--Lm--st--L1823--p--E10--pos004--tm--24--ch--Syto9--z--21
0	0	1585.8294013341267	-104.20095300674438	3.9603662490844727	-156.3417625427246	1.0	07112023--s--Lm--st--L394--p--B04--pos004--tm--24--ch--Syto9--z--21
0	0	331.82275127229235	-29.918498229980468	27.795473098754883	-73.03580474853516	1.0	04072023--s--Lm--st--L1323--p--C10--pos004--tm--24--ch--Syto9--z--21
0	0	303.9977445602417	-38.36811881065368	17.73624610900879	-113.0088882446289	1.0	13062023--s--Lm--st--L634--p--C05--pos001--tm--24--ch--Syto9--z--21
0	0	215.31226017361595	-27.338339853286744	-4.743091583251953	-80.1245927810669	1.0	18072023--s--Lm--st--L1323--p--B05--pos002--tm--24--ch--Syto9--z--21
0	0	1054.92623483567	-67.11066045761109	-32.728689193725586	-166.976393699646	1.0	14112023--s--Lm--st--L455--p--B02--pos004--tm--24--ch--Syto9--z--21
0	0	1117.1005449295044	-66.63245782852172	-11.838257789611816	-277.9901189804077	1.0	13042023--s--Lm--st--L628--p--C06--pos003--tm--24--ch--Syto9--z--21
0	0	575.6488626570929	-25.234639501571657	-1.5349960327148438	-78.64673900604248	1.0	18072023--s--Lm--st--L1823--p--E03--pos004--tm--24--ch--Syto9--z--21
0	0	588.6714874903361	-35.18108215332031	-3.190013885498047	-68.57365036010742	1.0	18042023--s--Lm--st--L394--p--C05--pos003--tm--24--ch--Syto9--z--21
0	0	695.1718675976708	-41.16430320739746	167.12254238128662	-148.39750957489014	1.0	28032023--s--Lm--st--L455--p--D08--pos003--tm--24--ch--Syto9--z--21
0	0	531.2704115368072	-35.26792459487915	80.42922115325928	-121.36924457550047	1.0	28032023--s--Lm--st--L455--p--D03--pos005--tm--24--ch--Syto9--z--21
0	0	124.506392569769	-18.925438785552977	-1.0018424987792969	-72.22595024108887	1.0	23052023--s--Lm--st--19115--p--F07--pos001--tm--24--ch--Syto9--z--21
0	0	443.22044286273774	-27.948174285888676	66.87761306762695	-99.6124849319458	1.0	28032023--s--Lm--st--L455--p--C06--pos005--tm--24--ch--Syto9--z--21
0	0	315.5234982626779	-44.610379219055176	-6.208802223205566	-130.92817211151123	1.0	18072023--s--Lm--st--L1323--p--B10--pos001--tm--24--ch--Syto9--z--21
0	0	1352.8487764086042	-87.8089693069458	28.323796272277832	-133.4394884109497	1.0	07112023--s--Lm--st--L394--p--B04--pos005--tm--24--ch--Syto9--z--21
0	0	436.47492803846086	-54.55066518783569	-6.969175338745117	-239.2431344985962	1.0	30052023--s--Lm--st--L634--p--C05--pos004--tm--24--ch--Syto9--z--21
0	0	752.7106949942453	-67.73961548805237	-25.172898292541504	-197.886531829834	1.0	18072023--s--Lm--st--L1323--p--B08--pos003--tm--24--ch--Syto9--z--21
0	0	725.779776527768	-47.95784878730774	23.42455673217773	-132.13300132751465	1.0	14112023--s--Lm--st--19115--p--F07--pos002--tm--24--ch--Syto9--z--21
0	0	428.17809404645647	-23.628366565704347	27.272628784179688	-47.84134769439697	1.0	30052023--s--Lm--st--L1764--p--G04--pos004--tm--24--ch--Syto9--z--21
0	0	135.36774853297644	-22.008218860626226	-0.9734258651733398	-66.9808988571167	1.0	23052023--s--Lm--st--19115--p--F08--pos001--tm--24--ch--Syto9--z--21
0	0	295.59949493408203	-15.956411409378052	52.438507080078125	-59.252259254455566	1.0	16052023--s--Lm--st--L455--p--G03--pos003--tm--24--ch--Syto9--z--21
0	0	1191.0710712160385	-42.51970076560974	93.20514392852785	-73.94730758666992	1.0	14112023--s--Lm--st--L1764--p--F02--pos004--tm--24--ch--Syto9--z--21
0	0	182.54784202575684	-25.070339250564576	-1.7078866958618164	-84.27886867523193	1.0	23052023--s--Lm--st--19115--p--F06--pos004--tm--24--ch--Syto9--z--21
0	0	486.5356617428008	-62.1643696308136	-8.923921585083008	-163.00396251678467	1.0	13062023--s--Lm--st--L634--p--C08--pos001--tm--24--ch--Syto9--z--21
0	0	238.9588165283203	-27.4937481880188	-3.8053131103515625	-58.80791091918945	1.0	04072023--s--Lm--st--L1323--p--C07--pos002--tm--24--ch--Syto9--z--21
0	0	257.8456010364351	-25.454356718063355	-6.654733657836914	-81.88682651519775	1.0	23052023--s--Lm--st--L628--p--C09--pos002--tm--24--ch--Syto9--z--21
0	0	381.3924952461606	-13.961507177352903	60.53881931304932	-30.739262580871586	1.0	30052023--s--Lm--st--L1764--p--F04--pos005--tm--24--ch--Syto9--z--21
0	0	348.12353134155273	-11.8521466255188	20.81696891784668	-30.29596900939941	1.0	30052023--s--Lm--st--L1764--p--F05--pos004--tm--24--ch--Syto9--z--21
0	0	375.4293147041684	-54.33013319969177	16.54390811920166	-179.70540046691897	1.0	25042023--s--Lm--st--19115--p--C03--pos003--tm--24--ch--Syto9--z--21
0	0	495.7663736343384	-22.754408168792725	66.33709621429443	-52.68289089202881	1.0	30052023--s--Lm--st--L1764--p--G03--pos003--tm--24--ch--Syto9--z--21
0	0	386.0543584369478	-48.19579887390137	-4.447038650512695	-137.44062328338623	1.0	25042023--s--Lm--st--19115--p--C04--pos005--tm--24--ch--Syto9--z--21
0	0	202.41328548249743	-26.82390627861023	-0.9497394561767578	-84.67566585540771	1.0	23052023--s--Lm--st--19115--p--F04--pos005--tm--24--ch--Syto9--z--21
0	0	668.681387855893	-43.46436648368835	174.07364654541016	-252.93460941314697	1.0	28032023--s--Lm--st--L455--p--C05--pos004--tm--24--ch--Syto9--z--21
0	0	239.28621469225203	-29.867646074295045	19.62637233734131	-99.65757846832275	1.0	23052023--s--Lm--st--19115--p--F05--pos005--tm--24--ch--Syto9--z--21
0	0	329.3866212481544	-34.35953531265259	-6.716594696044922	-109.01975345611572	1.0	04072023--s--Lm--st--L1823--p--G04--pos001--tm--24--ch--Syto9--z--21
0	0	548.6226451964606	-52.97825512886048	-15.519132614135742	-162.03891563415527	1.0	18072023--s--Lm--st--L1323--p--B09--pos003--tm--24--ch--Syto9--z--21
0	0	492.1611685071673	-27.198466300964355	-1.873451232910156	-84.53819561004639	1.0	23052023--s--Lm--st--L628--p--D04--pos005--tm--24--ch--Syto9--z--21
0	0	411.490582874843	-35.97784781455994	21.722167015075684	-101.07669067382812	1.0	14112023--s--Lm--st--19115--p--G09--pos005--tm--24--ch--Syto9--z--21
0	0	471.1448212578183	-62.3217013835907	-7.104042053222656	-194.9638786315918	1.0	13062023--s--Lm--st--L634--p--C10--pos002--tm--24--ch--Syto9--z--21
0	0	414.6759046827044	-21.16615734100342	50.78216457366944	-42.69951057434082	1.0	30052023--s--Lm--st--L1764--p--G04--pos002--tm--24--ch--Syto9--z--21
0	0	159.03595288594565	-21.15216856002808	6.571591377258301	-84.6869421005249	1.0	23052023--s--Lm--st--19115--p--F10--pos005--tm--24--ch--Syto9--z--21
0	0	474.8087668191818	-55.06074051856994	-4.8944902420043945	-174.49424934387207	1.0	28032023--s--Lm--st--L455--p--D07--pos001--tm--24--ch--Syto9--z--21
0	0	993.7211176100232	-89.95949697494507	-5.482778549194336	-256.4141483306885	1.0	13042023--s--Lm--st--L628--p--C06--pos004--tm--24--ch--Syto9--z--21
0	0	703.9192632493518	-47.82386283874512	95.32537460327148	-159.05241680145264	1.0	13062023--s--Lm--st--L634--p--C04--pos003--tm--24--ch--Syto9--z--21
0	0	501.05318709782193	-45.426910972595216	29.992436408996586	-101.65546894073486	1.0	16052023--s--Lm--st--L455--p--G06--pos004--tm--24--ch--Syto9--z--21
0	0	906.291953813462	-54.61360311508179	22.782962799072266	-86.01334285736084	1.0	16052023--s--Lm--st--L394--p--D08--pos004--tm--24--ch--Syto9--z--21
0	0	258.841263680231	-30.403626680374146	-5.072138786315918	-71.4830904006958	1.0	04072023--s--Lm--st--L1323--p--C05--pos005--tm--24--ch--Syto9--z--21
0	0	395.593751453218	-53.83179173469544	-1.1041078567504885	-189.99590015411377	1.0	13042023--s--Lm--st--L628--p--C06--pos002--tm--24--ch--Syto9--z--21
0	0	779.9290540786017	-53.38287057876587	15.9063081741333	-88.62836360931396	1.0	18042023--s--Lm--st--L394--p--C04--pos003--tm--24--ch--Syto9--z--21
0	0	399.1348990031651	-35.13127465248108	2.774655342102051	-118.16411399841309	1.0	23052023--s--Lm--st--L628--p--D04--pos002--tm--24--ch--Syto9--z--21
0	0	159.412995383853	-20.887857007980347	-1.8932838439941408	-95.58539485931396	1.0	23052023--s--Lm--st--19115--p--F06--pos002--tm--24--ch--Syto9--z--21
0	0	640.3452694756644	-51.885834312438966	-18.75642871856689	-133.5218162536621	1.0	16052023--s--Lm--st--L455--p--G07--pos005--tm--24--ch--Syto9--z--21
0	0	511.53593631017776	-38.24665369987488	-12.63169288635254	-119.12669467926024	1.0	18072023--s--Lm--st--L1823--p--E03--pos005--tm--24--ch--Syto9--z--21
0	0	221.09626620156425	-34.68840746879577	-0.5418720245361328	-108.86986351013184	1.0	25042023--s--Lm--st--19115--p--D04--pos002--tm--24--ch--Syto9--z--21
0	0	258.3853257043021	-32.01736674308777	-5.26756763458252	-90.38230323791504	1.0	30052023--s--Lm--st--L634--p--D04--pos003--tm--24--ch--Syto9--z--21
0	0	320.0025607971918	-33.84913864135742	-1.0161476135253906	-96.6257266998291	1.0	04072023--s--Lm--st--L1323--p--D05--pos001--tm--24--ch--Syto9--z--21
0	0	609.436240922837	-60.14223165512085	-21.89401340484619	-133.06665992736816	1.0	18072023--s--Lm--st--L1323--p--B09--pos004--tm--24--ch--Syto9--z--21
0	0	440.31974052247546	-24.64519348144531	24.46926212310791	-135.43632125854492	1.0	23052023--s--Lm--st--L628--p--C09--pos003--tm--24--ch--Syto9--z--21
0	0	326.98666241055446	-24.97314133644104	-10.113405227661133	-35.55238914489746	1.0	30052023--s--Lm--st--L1764--p--F10--pos001--tm--24--ch--Syto9--z--21
0	0	371.94320206415085	-50.46820459365845	-3.544273376464844	-135.03843879699707	1.0	25042023--s--Lm--st--19115--p--C03--pos005--tm--24--ch--Syto9--z--21
0	0	153.47694224403017	-18.335979175567623	-2.382394790649414	-41.26913261413574	1.0	23052023--s--Lm--st--19115--p--F07--pos002--tm--24--ch--Syto9--z--21
0	0	1080.4706273305983	-24.625013303756717	114.85709190368652	-76.13938426971436	1.0	18042023--s--Lm--st--L394--p--D08--pos005--tm--24--ch--Syto9--z--21
0	0	630.2264901569912	-52.524589729309085	2.409609794616699	-167.2942304611206	1.0	07112023--s--Lm--st--L634--p--B07--pos002--tm--24--ch--Syto9--z--21
0	0	791.3778561183384	-50.835474252700806	-32.25577735900879	-76.28912544250488	1.0	13062023--s--Lm--st--L1764--p--F06--pos005--tm--24--ch--Syto9--z--21
0	0	668.681387855893	-43.46436648368835	174.07364654541016	-252.93460941314697	1.0	28032023--s--Lm--st--L455--p--C07--pos004--tm--24--ch--Syto9--z--21
0	0	642.0711971464611	-64.12689762115478	-12.622272491455078	-153.3001651763916	1.0	14112023--s--Lm--st--L455--p--B02--pos002--tm--24--ch--Syto9--z--21
0	0	505.5377051489694	-46.68976426124573	7.525642395019531	-106.53468132019044	1.0	16052023--s--Lm--st--L455--p--F05--pos002--tm--24--ch--Syto9--z--21
0	0	350.5620912824358	-29.185107278823853	-12.987603187561035	-70.15485095977783	1.0	14112023--s--Lm--st--L1323--p--C11--pos003--tm--24--ch--Syto9--z--21
0	0	500.5447925385975	-44.17986335754394	-15.798577308654783	-111.73390769958496	1.0	14112023--s--Lm--st--L628--p--D06--pos002--tm--24--ch--Syto9--z--21
0	0	403.3453963143485	-38.5692759513855	7.231398582458496	-104.23243236541748	1.0	16052023--s--Lm--st--L455--p--F03--pos001--tm--24--ch--Syto9--z--21
0	0	516.2314816883633	-47.77426743507385	9.321784019470217	-98.08196926116943	1.0	16052023--s--Lm--st--L455--p--G06--pos005--tm--24--ch--Syto9--z--21
0	0	191.21730454762775	-26.755778074264526	11.277261734008787	-85.22339725494385	1.0	23052023--s--Lm--st--19115--p--F09--pos005--tm--24--ch--Syto9--z--21
0	0	318.8164712360927	-54.5588680267334	-1.978570938110352	-240.6626434326172	1.0	30052023--s--Lm--st--L634--p--C09--pos001--tm--24--ch--Syto9--z--21
0	0	604.1901625224522	-48.26682806015015	69.0368881225586	-160.89816188812256	1.0	04072023--s--Lm--st--L1823--p--F06--pos005--tm--24--ch--Syto9--z--21
0	0	616.3245189757574	-53.09478602409363	-15.130566596984863	-124.90724849700928	1.0	04072023--s--Lm--st--L1823--p--F06--pos003--tm--24--ch--Syto9--z--21
0	0	416.41542066846574	-53.71585702896118	-5.902212142944336	-127.86085033416748	1.0	13062023--s--Lm--st--L634--p--D04--pos001--tm--24--ch--Syto9--z--21
0	0	576.617099852789	-37.23592047691345	-10.59034252166748	-107.9294500350952	1.0	14112023--s--Lm--st--L628--p--D07--pos004--tm--24--ch--Syto9--z--21
0	0	90.41859781174432	3.876356649398804	6.872228622436523	1.502605438232422	1.0	14112023--s--Lm--st--L1323--p--B10--pos002--tm--24--ch--Syto9--z--21
0	0	1187.1596574329194	-76.06037225723267	-42.48472023010254	-194.3245658874512	1.0	14112023--s--Lm--st--L455--p--C02--pos003--tm--24--ch--Syto9--z--21
0	0	1234.6416286740985	-87.13867630958558	-22.56249713897705	-116.12768077850342	1.0	07112023--s--Lm--st--L394--p--B04--pos001--tm--24--ch--Syto9--z--21
0	0	659.0163035165696	-44.96647720336914	-18.458109855651852	-121.19300746917725	1.0	07112023--s--Lm--st--L634--p--C08--pos005--tm--24--ch--Syto9--z--21
0	0	489.4983524140857	-37.86596026420593	-3.912776947021485	-150.66479587554932	1.0	07112023--s--Lm--st--L1823--p--F04--pos001--tm--24--ch--Syto9--z--21
0	0	350.98002983274915	-21.67493419647217	59.6452054977417	-45.371535301208496	1.0	16052023--s--Lm--st--L394--p--D06--pos002--tm--24--ch--Syto9--z--21
0	0	171.88009807041712	-26.10659866333008	-0.7008485794067383	-82.74835872650146	1.0	25042023--s--Lm--st--19115--p--C08--pos001--tm--24--ch--Syto9--z--21
0	0	734.7928900491623	-49.38730235099793	21.60158061981201	-253.5798864364624	1.0	28032023--s--Lm--st--L455--p--D08--pos005--tm--24--ch--Syto9--z--21
0	0	323.7178159441267	-41.38082332611084	-4.29374885559082	-118.6233491897583	1.0	30052023--s--Lm--st--L634--p--C10--pos004--tm--24--ch--Syto9--z--21
0	0	621.144675391061	-32.16142296791077	44.46053695678711	-55.55014228820801	1.0	30052023--s--Lm--st--L1764--p--G05--pos003--tm--24--ch--Syto9--z--21
0	0	283.84769076392763	-34.05797715187073	-2.8316516876220703	-79.31850051879883	1.0	04072023--s--Lm--st--L1323--p--C06--pos005--tm--24--ch--Syto9--z--21
0	0	446.26460951850527	-26.210564613342285	35.563188552856445	-44.28533363342285	1.0	16052023--s--Lm--st--L394--p--D03--pos002--tm--24--ch--Syto9--z--21
0	0	173.78167933509462	-11.848448610305786	-2.2617664337158203	-24.685569763183597	1.0	18042023--s--Lm--st--L394--p--C06--pos002--tm--24--ch--Syto9--z--21
0	0	734.9134971981957	-57.90992832183838	-6.804235458374023	-143.4858169555664	1.0	04072023--s--Lm--st--L1823--p--G05--pos003--tm--24--ch--Syto9--z--21
0	0	482.41079366774784	-34.00104422569275	116.87862396240234	-104.82626914978027	1.0	28032023--s--Lm--st--L455--p--C04--pos002--tm--24--ch--Syto9--z--21
0	0	566.6884296053931	-46.81172761917114	-21.021056175231934	-114.64340591430664	1.0	18072023--s--Lm--st--L1323--p--B05--pos004--tm--24--ch--Syto9--z--21
0	0	546.1923972084409	-48.30620369911194	16.6727294921875	-156.6946039199829	1.0	14112023--s--Lm--st--L628--p--C07--pos003--tm--24--ch--Syto9--z--21
0	0	1237.1147679828462	-47.31084938049317	100.15905952453612	-88.3828706741333	1.0	14112023--s--Lm--st--L1764--p--F02--pos005--tm--24--ch--Syto9--z--21
0	0	475.0579580579485	-49.49842000007629	20.893298149108887	-179.78308773040771	1.0	04072023--s--Lm--st--L1823--p--F05--pos005--tm--24--ch--Syto9--z--21
0	0	629.8005901518322	-38.14912114143372	3.6204051971435542	-161.75471210479736	1.0	07112023--s--Lm--st--L1823--p--G03--pos002--tm--24--ch--Syto9--z--21
0	0	863.7918503170922	-74.24762272834778	-17.443492889404297	-246.68127059936523	1.0	18072023--s--Lm--st--L1823--p--E09--pos004--tm--24--ch--Syto9--z--21
0	0	332.31314763568696	-36.87263875007629	49.42495059967041	-113.69391632080078	1.0	25042023--s--Lm--st--19115--p--D07--pos005--tm--24--ch--Syto9--z--21
0	0	688.1392287299747	-69.38780636787415	28.346364974975582	-162.3334493637085	1.0	04072023--s--Lm--st--L1823--p--F05--pos003--tm--24--ch--Syto9--z--21
0	0	320.8908860796974	-47.11691851615906	-3.6191015243530273	-133.1552324295044	1.0	25042023--s--Lm--st--19115--p--C05--pos003--tm--24--ch--Syto9--z--21
0	0	382.2244925726028	-38.3224974155426	70.89669990539551	-131.9425687789917	1.0	13062023--s--Lm--st--L634--p--C04--pos002--tm--24--ch--Syto9--z--21
0	0	245.29083410898843	-30.409778928756715	-3.4044675827026367	-70.88579368591309	1.0	04072023--s--Lm--st--L1323--p--C06--pos002--tm--24--ch--Syto9--z--21
0	0	390.2369222640991	-44.430336236953735	-0.4385757446289062	-89.47562026977539	1.0	04072023--s--Lm--st--L1823--p--F08--pos002--tm--24--ch--Syto9--z--21
0	0	816.5251510256812	-52.63776998519897	-35.2935791015625	-80.54097270965576	1.0	13062023--s--Lm--st--L1764--p--F05--pos003--tm--24--ch--Syto9--z--21
0	0	329.86301340375627	-38.81095600128174	10.617053985595703	-106.59942817687988	1.0	25042023--s--Lm--st--19115--p--C08--pos005--tm--24--ch--Syto9--z--21
0	0	636.2495108104888	-63.62508254051208	-24.931486129760746	-186.802490234375	1.0	18072023--s--Lm--st--L1323--p--B10--pos003--tm--24--ch--Syto9--z--21
0	0	432.0239047095889	-44.97348041534424	-6.996310234069824	-142.329496383667	1.0	07112023--s--Lm--st--L1823--p--F04--pos002--tm--24--ch--Syto9--z--21
0	0	671.6335413342431	-46.325555610656735	-2.822104454040528	-155.80653953552246	1.0	07112023--s--Lm--st--L1823--p--G03--pos004--tm--24--ch--Syto9--z--21
0	0	623.0546046665737	-44.475695323944095	-9.019947052001951	-120.55235385894775	1.0	18072023--s--Lm--st--L1323--p--B08--pos005--tm--24--ch--Syto9--z--21
0	0	958.5884472983224	-39.45033359527588	214.51808547973636	-175.21901512145996	1.0	28032023--s--Lm--st--L455--p--C05--pos003--tm--24--ch--Syto9--z--21
0	0	513.8498314448765	-25.44958562850952	80.59528541564941	-80.57412719726562	1.0	16052023--s--Lm--st--L455--p--G05--pos003--tm--24--ch--Syto9--z--21
0	0	1068.4127394358318	-80.6252764225006	-33.07863426208496	-220.24307346343997	1.0	14112023--s--Lm--st--L455--p--B02--pos003--tm--24--ch--Syto9--z--21
0	0	287.0344798224313	-23.939271116256712	-2.641794204711914	-61.62595844268799	1.0	16052023--s--Lm--st--L455--p--G03--pos004--tm--24--ch--Syto9--z--21
0	0	586.1846272604806	-44.546732378005984	-14.229809761047363	-104.52492427825928	1.0	16052023--s--Lm--st--L455--p--F05--pos005--tm--24--ch--Syto9--z--21
0	0	215.284725915818	-30.04177322387695	9.775830268859863	-99.60909080505373	1.0	25042023--s--Lm--st--19115--p--C07--pos005--tm--24--ch--Syto9--z--21
0	0	615.8674004418509	-63.30923027992249	-12.488505363464355	-203.8375244140625	1.0	13062023--s--Lm--st--L634--p--C08--pos003--tm--24--ch--Syto9--z--21
0	0	679.4281666619437	-35.62917680740357	15.760087966918944	-56.77478885650635	1.0	13062023--s--Lm--st--L1764--p--G04--pos004--tm--24--ch--Syto9--z--21
0	0	974.979787826538	-61.18943433761597	-11.94603157043457	-238.9984169006348	1.0	13042023--s--Lm--st--L628--p--D07--pos003--tm--24--ch--Syto9--z--21
0	0	729.7421000344413	-30.004057836532592	31.42912101745605	-67.50888633728027	1.0	14112023--s--Lm--st--L1764--p--F04--pos002--tm--24--ch--Syto9--z--21
0	0	592.8780503500076	-25.83313398361206	122.49089527130128	-115.71308326721191	1.0	28032023--s--Lm--st--L455--p--C04--pos003--tm--24--ch--Syto9--z--21
0	0	339.0093188512893	-21.038689804077148	67.02774047851562	-104.59938144683838	1.0	04072023--s--Lm--st--L1323--p--D04--pos003--tm--24--ch--Syto9--z--21
0	0	539.6269115720477	-37.59373803138733	3.068145751953125	-112.80374813079834	1.0	14112023--s--Lm--st--19115--p--F07--pos001--tm--24--ch--Syto9--z--21
0	0	459.198890549796	-34.05671606063843	-3.629851341247559	-96.61300468444824	1.0	07112023--s--Lm--st--L1823--p--F02--pos001--tm--24--ch--Syto9--z--21
0	0	678.0714958735874	-26.698766660690307	15.013209342956545	-94.04707622528076	1.0	18072023--s--Lm--st--L1823--p--E04--pos004--tm--24--ch--Syto9--z--21
0	0	290.211702528454	-41.6442066192627	-3.116851806640625	-99.98736667633057	1.0	18072023--s--Lm--st--L1323--p--B02--pos002--tm--24--ch--Syto9--z--21
0	0	988.9410511652628	-72.90374650955201	-36.67572116851807	-207.04293632507324	1.0	14112023--s--Lm--st--L455--p--C03--pos004--tm--24--ch--Syto9--z--21
0	0	341.5862817764282	-46.79743113517761	-10.741037368774414	-155.8079538345337	1.0	18072023--s--Lm--st--L1323--p--B10--pos002--tm--24--ch--Syto9--z--21
0	0	872.7522692907424	-36.3525589466095	30.090330123901367	-165.87845706939697	1.0	18072023--s--Lm--st--L1823--p--E11--pos004--tm--24--ch--Syto9--z--21
0	0	454.1907045727684	-36.3501606464386	-2.819862365722656	-108.9747200012207	1.0	04072023--s--Lm--st--L1823--p--F08--pos004--tm--24--ch--Syto9--z--21
0	0	132.13220119476318	-19.715821170806883	-0.4810361862182617	-64.81155109405518	1.0	25042023--s--Lm--st--19115--p--C06--pos002--tm--24--ch--Syto9--z--21
0	0	296.9918470836821	-24.498250198364257	-12.792440414428713	-52.047489166259766	1.0	14112023--s--Lm--st--L1323--p--C11--pos002--tm--24--ch--Syto9--z--21
0	0	469.3914591017224	-38.02240328788757	0.5058155059814453	-126.67095756530762	1.0	23052023--s--Lm--st--L628--p--D03--pos001--tm--24--ch--Syto9--z--21
0	0	547.3400677726382	-63.25028448104858	-10.97128200531006	-212.83516311645508	1.0	04072023--s--Lm--st--L1823--p--F07--pos005--tm--24--ch--Syto9--z--21
0	0	591.4413021178473	-63.51154637336731	-14.33215045928955	-132.6574535369873	1.0	18072023--s--Lm--st--L1323--p--B02--pos003--tm--24--ch--Syto9--z--21
0	0	308.80892385755266	-39.56079201698303	-4.841122627258301	-94.08371543884276	1.0	18072023--s--Lm--st--L1323--p--B03--pos002--tm--24--ch--Syto9--z--21
0	0	358.7596955072312	-24.656465768814087	40.06162071228027	-102.81198596954346	1.0	23052023--s--Lm--st--L628--p--C06--pos002--tm--24--ch--Syto9--z--21
0	0	428.3129326502482	-33.05149145126343	27.30273723602295	-100.87343120574953	1.0	14112023--s--Lm--st--19115--p--F09--pos003--tm--24--ch--Syto9--z--21
0	0	809.4859054202125	-38.67639751434327	1.890549659729004	-141.11819171905518	1.0	13042023--s--Lm--st--L628--p--D06--pos005--tm--24--ch--Syto9--z--21
0	0	455.6372052147275	-37.0834993839264	-17.593140602111816	-89.48290538787842	1.0	14112023--s--Lm--st--L1323--p--C10--pos004--tm--24--ch--Syto9--z--21
0	0	264.3170144217355	-32.879683351516725	11.92483139038086	-100.580472946167	1.0	23052023--s--Lm--st--19115--p--G03--pos002--tm--24--ch--Syto9--z--21
0	0	230.2345599219913	-39.546010398864745	-0.8892927169799805	-135.41275310516355	1.0	23052023--s--Lm--st--19115--p--F05--pos001--tm--24--ch--Syto9--z--21
0	0	1359.4167774745397	-47.65224342346191	126.835675239563	-90.80760097503662	1.0	14112023--s--Lm--st--L1764--p--G04--pos004--tm--24--ch--Syto9--z--21
0	0	599.7215516226632	-18.97965202331543	7.602334022521973	-118.19632816314696	1.0	18072023--s--Lm--st--L1823--p--E04--pos003--tm--24--ch--Syto9--z--21
0	0	510.2727196557181	-56.100054597854616	-7.374898910522461	-179.09971618652344	1.0	28032023--s--Lm--st--L455--p--D06--pos002--tm--24--ch--Syto9--z--21
0	0	359.4437209538051	-34.22382249832153	-6.176260948181152	-102.98016738891602	1.0	23052023--s--Lm--st--L628--p--D05--pos005--tm--24--ch--Syto9--z--21
0	0	153.15927273886544	1.6755072116851806	8.370627403259277	-8.450215339660645	1.0	18072023--s--Lm--st--L1823--p--E02--pos001--tm--24--ch--Syto9--z--21
0	0	657.9924329121908	-46.55657596588135	-7.853315353393555	-77.91717720031738	1.0	18042023--s--Lm--st--L394--p--C04--pos005--tm--24--ch--Syto9--z--21
0	0	504.1841094153268	-57.72597489356995	-9.657708168029783	-130.12148189544678	1.0	04072023--s--Lm--st--L1823--p--F10--pos002--tm--24--ch--Syto9--z--21
0	0	608.2137834912255	-66.58174748420716	-22.632655143737797	-158.55174446105957	1.0	18072023--s--Lm--st--L1323--p--B08--pos004--tm--24--ch--Syto9--z--21
0	0	707.923231215704	-54.40526704788208	17.41001605987549	-180.3449831008911	1.0	18072023--s--Lm--st--L1823--p--F03--pos003--tm--24--ch--Syto9--z--21
0	0	892.8960141227359	-41.93978404998779	101.91933727264404	-70.11862564086914	1.0	16052023--s--Lm--st--L394--p--C05--pos003--tm--24--ch--Syto9--z--21
0	0	591.9020545596168	-40.74296979904175	13.359067916870115	-160.3051643371582	1.0	18072023--s--Lm--st--L1823--p--F03--pos002--tm--24--ch--Syto9--z--21
0	0	475.7216524396624	-48.28197779655456	-4.91256046295166	-195.7996473312378	1.0	28032023--s--Lm--st--L455--p--D03--pos002--tm--24--ch--Syto9--z--21
0	0	852.8164473488217	-62.6229248046875	-21.913780212402344	-192.66709518432617	1.0	07112023--s--Lm--st--L634--p--B08--pos004--tm--24--ch--Syto9--z--21
0	0	473.2092253821237	-36.45613498687744	58.11327934265137	-91.25997829437256	1.0	14112023--s--Lm--st--19115--p--G08--pos002--tm--24--ch--Syto9--z--21
0	0	503.7026039305188	-35.576801443099974	17.293498992919922	-102.52496433258057	1.0	16052023--s--Lm--st--L455--p--F03--pos003--tm--24--ch--Syto9--z--21
0	0	391.4672039576939	-48.38059463500976	-4.061734199523926	-123.09884834289552	1.0	13042023--s--Lm--st--L628--p--D06--pos002--tm--24--ch--Syto9--z--21
0	0	1666.9225383031935	-107.3831950187683	-50.559797286987305	-147.0882968902588	1.0	07112023--s--Lm--st--L394--p--B02--pos004--tm--24--ch--Syto9--z--21
0	0	521.6268033073062	-43.92029795646668	0.9296770095825196	-161.1069221496582	1.0	07112023--s--Lm--st--L1823--p--F02--pos004--tm--24--ch--Syto9--z--21
0	0	577.2433247339158	-52.254412746429445	9.50173568725586	-114.05998229980467	1.0	04072023--s--Lm--st--L1823--p--F07--pos002--tm--24--ch--Syto9--z--21
0	0	1499.221907933553	-94.01871304512024	-14.721510887145996	-140.47285270690918	1.0	07112023--s--Lm--st--L394--p--B02--pos003--tm--24--ch--Syto9--z--21
0	0	403.3424732117426	-22.14101095199585	31.166584014892575	-38.45830154418945	1.0	30052023--s--Lm--st--L1764--p--F05--pos001--tm--24--ch--Syto9--z--21
0	0	505.0316534496489	-67.72414064407349	-1.6601943969726562	-232.99321174621585	1.0	13042023--s--Lm--st--L628--p--C05--pos001--tm--24--ch--Syto9--z--21
0	0	696.0410184406098	-54.12572183609009	-26.127171516418457	-107.32092666625977	1.0	07112023--s--Lm--st--L1823--p--G04--pos003--tm--24--ch--Syto9--z--21
0	0	527.1219777606782	-42.16136956214905	-11.471640586853027	-158.15282249450684	1.0	23052023--s--Lm--st--L628--p--C08--pos001--tm--24--ch--Syto9--z--21
0	0	292.67207772391185	-36.2328869342804	-6.478318214416504	-128.30169868469238	1.0	30052023--s--Lm--st--L634--p--D05--pos003--tm--24--ch--Syto9--z--21
0	0	478.75635419573103	-37.556715965271	5.494918823242188	-152.70848560333252	1.0	07112023--s--Lm--st--L1823--p--F04--pos005--tm--24--ch--Syto9--z--21
0	0	1021.7467938377744	-74.87289695739746	-31.791893005371094	-178.84700393676758	1.0	07112023--s--Lm--st--L634--p--B09--pos004--tm--24--ch--Syto9--z--21
0	0	1086.468719527835	-75.3482873916626	-26.072668075561523	-224.84588623046875	1.0	14112023--s--Lm--st--L455--p--D02--pos003--tm--24--ch--Syto9--z--21
0	0	583.8711359387353	-37.56816711425781	98.56128692626952	-157.4978542327881	1.0	28032023--s--Lm--st--L455--p--D03--pos004--tm--24--ch--Syto9--z--21
0	0	859.5845555805024	-57.97150349617005	-25.902204513549805	-167.90453910827637	1.0	14112023--s--Lm--st--L455--p--B02--pos005--tm--24--ch--Syto9--z--21
0	0	272.79027157738096	-33.81728229522705	-7.135454177856445	-114.68776988983154	1.0	30052023--s--Lm--st--L634--p--C10--pos002--tm--24--ch--Syto9--z--21
0	0	922.3925545102074	-38.42123279571533	72.0087890625	-87.10493087768555	1.0	14112023--s--Lm--st--L1764--p--G04--pos001--tm--24--ch--Syto9--z--21
0	0	194.3157850447155	-28.333824014663698	-1.6760740280151367	-83.88340759277344	1.0	25042023--s--Lm--st--19115--p--C07--pos001--tm--24--ch--Syto9--z--21
0	0	187.88380386715843	-25.365744256973265	-2.304738044738769	-71.72062492370605	1.0	23052023--s--Lm--st--19115--p--F08--pos005--tm--24--ch--Syto9--z--21
0	0	234.46188331785655	-29.4212640285492	3.033614158630371	-78.84512615203857	1.0	23052023--s--Lm--st--19115--p--F05--pos004--tm--24--ch--Syto9--z--21
0	0	1437.0415455046154	-89.72743453979493	39.497103691101074	-130.71728038787842	1.0	07112023--s--Lm--st--L394--p--B04--pos003--tm--24--ch--Syto9--z--21
0	0	251.7676042829241	-26.888319540023804	34.124396324157715	-85.87039184570312	1.0	23052023--s--Lm--st--19115--p--G04--pos003--tm--24--ch--Syto9--z--21
0	0	411.48252832321896	-18.031151866912843	51.46372413635254	-37.00909996032715	1.0	16052023--s--Lm--st--L394--p--D05--pos005--tm--24--ch--Syto9--z--21
0	0	660.1178110667637	-52.28466849327087	6.872442245483398	-84.2706651687622	1.0	07112023--s--Lm--st--L394--p--C04--pos001--tm--24--ch--Syto9--z--21
0	0	773.8488837650845	-46.342370653152464	48.22933864593506	-77.7485523223877	1.0	07112023--s--Lm--st--L394--p--C03--pos003--tm--24--ch--Syto9--z--21
0	0	495.5623407818022	-39.84349875450134	3.4156417846679688	-129.93518829345703	1.0	07112023--s--Lm--st--L1823--p--F04--pos004--tm--24--ch--Syto9--z--21
0	0	595.2798842475528	-41.58372683525086	-7.962547302246094	-142.09635639190674	1.0	07112023--s--Lm--st--L1823--p--F04--pos003--tm--24--ch--Syto9--z--21
0	0	646.9592081705729	-22.540323114395143	12.217527389526367	-111.99347019195557	1.0	18072023--s--Lm--st--L1823--p--E06--pos005--tm--24--ch--Syto9--z--21
0	0	411.8340151196434	-44.56401882171631	9.717825889587402	-102.49408721923828	1.0	04072023--s--Lm--st--L1323--p--C04--pos003--tm--24--ch--Syto9--z--21
0	0	718.6590977623349	-50.05487661361694	22.054288864135746	-326.78725719451904	1.0	18072023--s--Lm--st--L1823--p--E09--pos001--tm--24--ch--Syto9--z--21
0	0	661.6401571546282	-29.40396499633789	15.540407180786133	-186.6906108856201	1.0	18072023--s--Lm--st--L1823--p--E05--pos004--tm--24--ch--Syto9--z--21
0	0	334.9904279254732	-33.75624084472656	1.787576675415039	-63.996174812316895	1.0	04072023--s--Lm--st--L1323--p--C07--pos003--tm--24--ch--Syto9--z--21
0	0	479.3370166960217	-31.90603809356689	6.424283981323242	-56.24245262145996	1.0	18042023--s--Lm--st--L394--p--C03--pos004--tm--24--ch--Syto9--z--21
0	0	259.2202881404332	-40.11269874572754	-2.259044647216797	-109.22586822509766	1.0	18072023--s--Lm--st--L1323--p--B02--pos001--tm--24--ch--Syto9--z--21
0	0	658.4162767501105	-45.57619132995605	20.21770191192627	-188.55799770355225	1.0	18072023--s--Lm--st--L1823--p--E10--pos005--tm--24--ch--Syto9--z--21
0	0	996.358005886986	-42.10554184913635	69.30139446258545	-65.19833850860596	1.0	14112023--s--Lm--st--L1764--p--G03--pos003--tm--24--ch--Syto9--z--21
0	0	1076.603694552467	-103.96062769889832	-26.759944915771484	-347.36788272857666	1.0	13042023--s--Lm--st--L628--p--C05--pos004--tm--24--ch--Syto9--z--21
0	0	779.2917128517514	-56.654103660583495	-29.91004943847656	-72.63902378082275	1.0	13062023--s--Lm--st--L1764--p--F04--pos005--tm--24--ch--Syto9--z--21
0	0	695.1610647837321	-40.44146928787232	-6.83587646484375	-119.5438289642334	1.0	13042023--s--Lm--st--L628--p--D05--pos003--tm--24--ch--Syto9--z--21
0	0	651.985471135094	-25.15472230911255	15.10170078277588	-121.44267463684082	1.0	13042023--s--Lm--st--L628--p--D03--pos003--tm--24--ch--Syto9--z--21
0	0	357.0436690194266	-37.53036608695984	-12.530722618103027	-91.97765350341795	1.0	18072023--s--Lm--st--L1323--p--B11--pos005--tm--24--ch--Syto9--z--21
0	0	681.4205128805978	-40.99619193077088	46.522894859313965	-72.33686256408691	1.0	18042023--s--Lm--st--L394--p--C07--pos005--tm--24--ch--Syto9--z--21
0	0	255.67219093867712	-47.77702622413635	-2.1075639724731445	-228.36961936950684	1.0	30052023--s--Lm--st--L634--p--C04--pos001--tm--24--ch--Syto9--z--21
0	0	259.9396634328933	-22.958917760849	-9.339638710021973	-59.72708511352539	1.0	14112023--s--Lm--st--L1323--p--D10--pos003--tm--24--ch--Syto9--z--21
0	0	389.27213146573024	-35.51604571342468	-12.62743854522705	-102.95044898986816	1.0	18072023--s--Lm--st--L1323--p--B08--pos002--tm--24--ch--Syto9--z--21
0	0	388.49450919741673	-20.785864400863648	38.940616607666016	-46.90850639343262	1.0	30052023--s--Lm--st--L1764--p--G04--pos001--tm--24--ch--Syto9--z--21
0	0	413.2275033678328	-27.15130681991577	-8.603076934814453	-55.58628177642822	1.0	18042023--s--Lm--st--L394--p--C06--pos004--tm--24--ch--Syto9--z--21
0	0	741.5541572570801	-57.89976258277893	-10.283427238464355	-140.66040802001953	1.0	04072023--s--Lm--st--L1823--p--G05--pos001--tm--24--ch--Syto9--z--21
0	0	924.866300719125	-50.87896118164063	41.3192195892334	-81.85080432891846	1.0	07112023--s--Lm--st--L394--p--B03--pos003--tm--24--ch--Syto9--z--21
0	0	281.00520538148425	-32.981440496444705	16.60085105895996	-90.0379114151001	1.0	04072023--s--Lm--st--L1323--p--C10--pos005--tm--24--ch--Syto9--z--21
0	0	408.6075956253778	-48.79428029060364	50.750840187072754	-160.01968002319336	1.0	13062023--s--Lm--st--L634--p--C06--pos002--tm--24--ch--Syto9--z--21
0	0	610.339130901155	-57.23797345161438	-19.31144905090332	-113.83107089996338	1.0	18072023--s--Lm--st--L1323--p--B02--pos004--tm--24--ch--Syto9--z--21
0	0	327.8423822947911	-37.92405686378479	0.2837820053100586	-127.87294960021973	1.0	30052023--s--Lm--st--L634--p--D03--pos003--tm--24--ch--Syto9--z--21
0	0	983.3416138603574	-63.923306131362914	-13.703015327453612	-196.06600093841556	1.0	07112023--s--Lm--st--L634--p--B09--pos005--tm--24--ch--Syto9--z--21
0	0	282.44693043118434	-26.494366550445555	80.0807876586914	-132.486403465271	1.0	25042023--s--Lm--st--19115--p--D07--pos004--tm--24--ch--Syto9--z--21
0	0	635.2705890110561	-54.020165824890135	-22.465081214904785	-136.2332525253296	1.0	14112023--s--Lm--st--L1323--p--B10--pos004--tm--24--ch--Syto9--z--21
0	0	804.9690018154326	-40.67365055084228	-10.700384140014648	-120.09669208526611	1.0	14112023--s--Lm--st--L628--p--B06--pos005--tm--24--ch--Syto9--z--21
0	0	932.1064189729236	-31.635911750793458	228.3182954788208	-107.59556770324708	1.0	18042023--s--Lm--st--L394--p--D05--pos005--tm--24--ch--Syto9--z--21
0	0	354.78505992889404	-32.81171836853027	33.529534339904785	-119.89661693572998	1.0	16052023--s--Lm--st--L455--p--F04--pos004--tm--24--ch--Syto9--z--21
0	0	831.5175518762497	-48.37409729957581	18.7102632522583	-78.70718002319336	1.0	13062023--s--Lm--st--L1764--p--G04--pos002--tm--24--ch--Syto9--z--21
0	0	688.0166262672061	-68.9279351234436	-31.01752758026123	-192.2795696258545	1.0	18072023--s--Lm--st--L1323--p--B11--pos001--tm--24--ch--Syto9--z--21
0	0	821.6758872895014	-65.84506297111511	-22.9810848236084	-220.204758644104	1.0	07112023--s--Lm--st--L634--p--B08--pos003--tm--24--ch--Syto9--z--21
0	0	203.89625562940324	-27.373087692260743	-2.189168930053711	-88.99056243896484	1.0	23052023--s--Lm--st--19115--p--F08--pos004--tm--24--ch--Syto9--z--21
0	0	193.5598462422689	-24.598023414611816	-1.2066078186035156	-72.3498945236206	1.0	23052023--s--Lm--st--19115--p--F10--pos003--tm--24--ch--Syto9--z--21
0	0	941.3193015598116	-20.12547445297241	129.72523880004883	-120.1102294921875	1.0	18042023--s--Lm--st--L394--p--D08--pos003--tm--24--ch--Syto9--z--21
0	0	1165.4967092332386	-47.68573894500732	70.38599586486816	-82.53675365447998	1.0	14112023--s--Lm--st--L1764--p--G03--pos004--tm--24--ch--Syto9--z--21
0	0	175.2821159362793	-13.017060804367066	27.98627471923828	-47.93114471435547	1.0	23052023--s--Lm--st--L628--p--C04--pos002--tm--24--ch--Syto9--z--21
0	0	466.5552320934477	-45.23870248794556	27.858952522277832	-94.42690467834473	1.0	30052023--s--Lm--st--L634--p--C09--pos004--tm--24--ch--Syto9--z--21
0	0	412.48090721312025	-37.43755140304565	21.81361389160156	-91.5088529586792	1.0	14112023--s--Lm--st--19115--p--G09--pos003--tm--24--ch--Syto9--z--21
0	0	760.8369264602661	-34.751162719726565	48.803483963012695	-51.05238914489746	1.0	13062023--s--Lm--st--L1764--p--G03--pos003--tm--24--ch--Syto9--z--21
0	0	674.8622649964832	-60.890912199020384	-12.682660102844238	-161.07785987854004	1.0	04072023--s--Lm--st--L1823--p--F04--pos005--tm--24--ch--Syto9--z--21
0	0	506.86716220492406	-55.39980659484864	16.704509735107422	-122.98273181915285	1.0	13062023--s--Lm--st--L634--p--D04--pos005--tm--24--ch--Syto9--z--21
0	0	685.6838919775827	-53.68241200447083	136.7991361618042	-139.2590503692627	1.0	13062023--s--Lm--st--L634--p--C06--pos004--tm--24--ch--Syto9--z--21
0	0	664.7228390829904	-48.45235390663147	-11.029062271118164	-149.87500286102295	1.0	13042023--s--Lm--st--L628--p--D05--pos001--tm--24--ch--Syto9--z--21
0	0	262.8328183037894	-19.874192905426025	15.216063499450684	-35.915900230407715	1.0	16052023--s--Lm--st--L394--p--C06--pos004--tm--24--ch--Syto9--z--21
0	0	1141.147936866397	-48.229997873306274	6.741311073303223	-199.4202871322632	1.0	13042023--s--Lm--st--L628--p--C06--pos005--tm--24--ch--Syto9--z--21
0	0	261.151730855306	-36.83816967010498	-3.478839874267578	-85.00753498077393	1.0	04072023--s--Lm--st--L1323--p--C04--pos005--tm--24--ch--Syto9--z--21
0	0	592.525743393671	-59.997223424911496	-16.752371788024902	-185.7555866241455	1.0	13062023--s--Lm--st--L634--p--C09--pos003--tm--24--ch--Syto9--z--21
0	0	552.300642149789	-30.90576891899109	25.722668647766117	-145.22129726409912	1.0	23052023--s--Lm--st--L628--p--D03--pos004--tm--24--ch--Syto9--z--21
0	0	351.3988594327654	-50.51279816627503	-3.350438117980957	-166.17147254943848	1.0	30052023--s--Lm--st--L634--p--C06--pos004--tm--24--ch--Syto9--z--21
0	0	703.6326347078596	-61.12532372474671	-18.41423892974853	-146.49057483673096	1.0	14112023--s--Lm--st--L455--p--D03--pos002--tm--24--ch--Syto9--z--21
0	0	560.298801331293	-64.04493060112	-17.114340782165527	-151.7635440826416	1.0	07112023--s--Lm--st--L634--p--C09--pos001--tm--24--ch--Syto9--z--21
0	0	318.14030933380127	-25.216158533096312	-8.708187103271484	-43.38647651672363	1.0	30052023--s--Lm--st--L1764--p--F09--pos001--tm--24--ch--Syto9--z--21
0	0	829.9169961838495	-33.2837073802948	52.34421157836914	-63.251540184021	1.0	13062023--s--Lm--st--L1764--p--F09--pos004--tm--24--ch--Syto9--z--21
0	0	498.0011588505336	-15.781150484085083	9.044038772583008	-52.500359535217285	1.0	18072023--s--Lm--st--L1823--p--E03--pos003--tm--24--ch--Syto9--z--21
0	0	320.0605154037476	-35.19418001174927	-7.782675743103027	-82.77813911437988	1.0	04072023--s--Lm--st--L1323--p--C06--pos004--tm--24--ch--Syto9--z--21
0	0	533.0644367308844	-20.7005473613739	99.73794174194336	-53.36508464813232	1.0	18042023--s--Lm--st--L394--p--D06--pos002--tm--24--ch--Syto9--z--21
0	0	759.3958958671207	-25.61364026069641	89.32353496551514	-70.197829246521	1.0	18042023--s--Lm--st--L394--p--D08--pos002--tm--24--ch--Syto9--z--21
0	0	443.22044286273774	-27.948174285888676	66.87761306762695	-99.6124849319458	1.0	28032023--s--Lm--st--L455--p--C04--pos005--tm--24--ch--Syto9--z--21
0	0	504.02048855736143	-63.4811348438263	-2.8895463943481445	-193.5500526428223	1.0	13042023--s--Lm--st--L628--p--C03--pos004--tm--24--ch--Syto9--z--21
0	0	723.8430885133289	-35.842282104492185	13.5244779586792	-52.71947193145752	1.0	13062023--s--Lm--st--L1764--p--G05--pos004--tm--24--ch--Syto9--z--21
0	0	333.1128626778012	-32.58425359725952	16.054319381713867	-94.45901012420654	1.0	14112023--s--Lm--st--19115--p--F08--pos001--tm--24--ch--Syto9--z--21
0	0	711.4185281481061	-22.059486961364748	102.90072917938232	-84.35464286804199	1.0	18042023--s--Lm--st--L394--p--D06--pos003--tm--24--ch--Syto9--z--21
0	0	794.6398963019961	-50.797580289840695	47.325188636779785	-72.52509689331055	1.0	07112023--s--Lm--st--L394--p--C04--pos005--tm--24--ch--Syto9--z--21
0	0	334.7822847820464	-17.108501529693605	41.71669101715088	-36.546956062316895	1.0	30052023--s--Lm--st--L1764--p--F05--pos003--tm--24--ch--Syto9--z--21
0	0	473.5472974323091	-59.2901093006134	-7.11359977722168	-175.22219562530518	1.0	04072023--s--Lm--st--L1823--p--G05--pos004--tm--24--ch--Syto9--z--21
0	0	317.43571354094007	-47.56040272712708	11.616466522216797	-182.8258008956909	1.0	30052023--s--Lm--st--L634--p--C04--pos002--tm--24--ch--Syto9--z--21
0	0	594.3789050692603	-38.75461058616638	33.5703763961792	-126.25259113311768	1.0	28032023--s--Lm--st--L455--p--D06--pos003--tm--24--ch--Syto9--z--21
0	0	303.34085350944883	-17.61776909828186	19.623891830444336	-28.400257110595703	1.0	16052023--s--Lm--st--L394--p--C06--pos005--tm--24--ch--Syto9--z--21
0	0	456.66339619954425	-45.74278473854065	-14.545540809631348	-117.51978778839111	1.0	14112023--s--Lm--st--L628--p--D07--pos003--tm--24--ch--Syto9--z--21
0	0	213.58581938062397	-18.8483868598938	-6.956427574157715	-40.551570892333984	1.0	14112023--s--Lm--st--L1323--p--D11--pos002--tm--24--ch--Syto9--z--21
0	0	118.2312717437744	-16.832119369506835	-0.9275102615356444	-54.05713081359863	1.0	23052023--s--Lm--st--19115--p--F03--pos002--tm--24--ch--Syto9--z--21
0	0	587.3442523138864	-39.568041515350345	-7.39915657043457	-91.27971649169922	1.0	14112023--s--Lm--st--19115--p--F07--pos004--tm--24--ch--Syto9--z--21
0	0	361.9873446509952	-20.77086606025696	32.12988567352295	-38.115570068359375	1.0	16052023--s--Lm--st--L394--p--D07--pos005--tm--24--ch--Syto9--z--21
0	0	300.23071525210423	-38.9686005115509	-6.863166809082031	-146.63321113586426	1.0	30052023--s--Lm--st--L634--p--C10--pos005--tm--24--ch--Syto9--z--21
0	0	710.9545363471622	-27.372563886642457	127.36841869354248	-76.01768398284912	1.0	18042023--s--Lm--st--L394--p--D05--pos004--tm--24--ch--Syto9--z--21
0	0	828.223092351641	-53.26242761611938	-34.12520217895508	-73.07250881195068	1.0	13062023--s--Lm--st--L1764--p--F05--pos005--tm--24--ch--Syto9--z--21
0	0	561.8768976302374	-47.104168558120726	-9.71096897125244	-95.26195240020752	1.0	16052023--s--Lm--st--L455--p--F06--pos004--tm--24--ch--Syto9--z--21
0	0	902.8409378869192	-76.32047986984253	-25.01764678955078	-229.0097503662109	1.0	18072023--s--Lm--st--L1323--p--B07--pos004--tm--24--ch--Syto9--z--21
0	0	228.223527045477	-17.148428869247436	2.196505546569824	-31.59434127807617	1.0	16052023--s--Lm--st--L394--p--C06--pos001--tm--24--ch--Syto9--z--21
0	0	316.48789174216137	-31.7981773853302	9.691682815551758	-75.01947689056396	1.0	04072023--s--Lm--st--L1323--p--D05--pos003--tm--24--ch--Syto9--z--21
0	0	214.6531871614002	-29.40499348640442	1.0150327682495115	-90.36802673339844	1.0	23052023--s--Lm--st--19115--p--G03--pos005--tm--24--ch--Syto9--z--21
0	0	627.9887804757981	-49.40016136169434	-7.378382682800293	-166.36078643798828	1.0	07112023--s--Lm--st--L1823--p--G03--pos003--tm--24--ch--Syto9--z--21
0	0	691.6429988770258	-44.41508898735047	47.899964332580566	-120.43704795837402	1.0	04072023--s--Lm--st--L1323--p--D03--pos003--tm--24--ch--Syto9--z--21
0	0	564.4888397852579	-40.43709211349487	94.31351661682127	-181.3542137145996	1.0	28032023--s--Lm--st--L455--p--D07--pos005--tm--24--ch--Syto9--z--21
0	0	151.1957317533947	-18.557427740097047	-1.5297327041625977	-54.368412017822266	1.0	23052023--s--Lm--st--19115--p--G04--pos002--tm--24--ch--Syto9--z--21
0	0	276.94804314204623	-27.48424224853516	37.34922695159912	-85.1529951095581	1.0	04072023--s--Lm--st--L1323--p--D05--pos005--tm--24--ch--Syto9--z--21
0	0	941.3192665463404	-65.7703471660614	-12.195137977600098	-167.07047939300537	1.0	14112023--s--Lm--st--L455--p--D03--pos003--tm--24--ch--Syto9--z--21
0	0	684.8534538632348	-66.8969042301178	-23.27213191986084	-196.13999462127688	1.0	07112023--s--Lm--st--L634--p--B09--pos001--tm--24--ch--Syto9--z--21
0	0	421.2364551907494	-35.720830821990965	30.320565223693848	-146.53006744384766	1.0	28032023--s--Lm--st--L455--p--D04--pos005--tm--24--ch--Syto9--z--21
0	0	215.18966883704772	-24.752656030654908	-5.987013816833496	-67.89608955383301	1.0	14112023--s--Lm--st--L1323--p--C10--pos001--tm--24--ch--Syto9--z--21
0	0	561.1150994073777	-40.362978029251096	-13.306607246398926	-100.64024257659912	1.0	18072023--s--Lm--st--L1323--p--B03--pos005--tm--24--ch--Syto9--z--21
0	0	289.5684818994431	-33.45341858863831	3.826763153076172	-101.91139698028564	1.0	14112023--s--Lm--st--19115--p--G09--pos001--tm--24--ch--Syto9--z--21
0	0	327.0593021937779	-41.756125831604	-3.7983341217041016	-122.1532974243164	1.0	30052023--s--Lm--st--L634--p--C08--pos004--tm--24--ch--Syto9--z--21
0	0	576.1807421275547	-58.36217684745789	85.13677883148193	-191.3415870666504	1.0	13062023--s--Lm--st--L634--p--C07--pos004--tm--24--ch--Syto9--z--21
0	0	533.3149590265183	-79.61278848648071	-6.687677383422852	-250.8893690109253	1.0	04072023--s--Lm--st--L1823--p--F09--pos005--tm--24--ch--Syto9--z--21
0	0	740.6061719258627	-66.49755325317383	-34.40183448791504	-143.92947101593018	1.0	18072023--s--Lm--st--L1323--p--B11--pos003--tm--24--ch--Syto9--z--21
0	0	596.0469640550159	-29.599738311767577	38.959564208984375	-46.38541412353516	1.0	18042023--s--Lm--st--L394--p--C08--pos005--tm--24--ch--Syto9--z--21
0	0	871.6120250338599	-55.61452674865723	41.28973579406738	-83.89013004302979	1.0	07112023--s--Lm--st--L394--p--B03--pos005--tm--24--ch--Syto9--z--21
0	0	1267.8767876397997	-50.63362526893616	96.56475925445557	-103.15929317474364	1.0	14112023--s--Lm--st--L1764--p--F03--pos003--tm--24--ch--Syto9--z--21
0	0	395.7974020640056	-29.67329168319702	94.02177715301514	-142.71501636505127	1.0	28032023--s--Lm--st--L455--p--C04--pos001--tm--24--ch--Syto9--z--21
0	0	761.779417083377	-31.63116602897644	78.4804105758667	-61.388922691345215	1.0	30052023--s--Lm--st--L1764--p--G04--pos003--tm--24--ch--Syto9--z--21
0	0	216.01490806397936	-26.52755799293518	-6.616485595703125	-76.73822593688965	1.0	18072023--s--Lm--st--L1323--p--B05--pos001--tm--24--ch--Syto9--z--21
0	0	571.2220652898153	-52.69857835769653	-5.746700286865234	-167.6562442779541	1.0	07112023--s--Lm--st--L1823--p--F03--pos002--tm--24--ch--Syto9--z--21
0	0	855.8045875912621	-60.95492467880249	-13.965211868286133	-230.77992343902588	1.0	18072023--s--Lm--st--L1823--p--E08--pos002--tm--24--ch--Syto9--z--21
0	0	462.1881224314372	-35.92900633811951	9.42829418182373	-96.92043876647948	1.0	16052023--s--Lm--st--L455--p--G05--pos005--tm--24--ch--Syto9--z--21
0	0	964.1491254624866	-55.07856421470642	-11.83396339416504	-169.21827507019043	1.0	13042023--s--Lm--st--L628--p--C04--pos005--tm--24--ch--Syto9--z--21
0	0	198.59133534204392	-9.779698610305786	20.318703651428223	-19.89342212677002	1.0	16052023--s--Lm--st--L394--p--C04--pos002--tm--24--ch--Syto9--z--21
0	0	947.7916420073736	-73.28822360038757	-4.407366752624512	-194.0304079055786	1.0	14112023--s--Lm--st--L455--p--C03--pos005--tm--24--ch--Syto9--z--21
0	0	461.1091648283459	-54.53744993209839	37.36903858184815	-179.24401473999023	1.0	13062023--s--Lm--st--L634--p--C07--pos001--tm--24--ch--Syto9--z--21
0	0	220.38336249760215	-25.51438541412353	-3.0711450576782227	-70.61556625366211	1.0	30052023--s--Lm--st--L634--p--D04--pos005--tm--24--ch--Syto9--z--21
0	0	398.9131536029634	-49.29603018760681	-7.74202823638916	-153.9757080078125	1.0	13042023--s--Lm--st--L628--p--D05--pos002--tm--24--ch--Syto9--z--21
0	0	493.6494499842326	-35.94270215034485	35.38951396942139	-109.61353397369383	1.0	14112023--s--Lm--st--19115--p--F08--pos004--tm--24--ch--Syto9--z--21
0	0	985.2773745854696	-68.66530842781067	-32.91126346588135	-193.9919729232788	1.0	14112023--s--Lm--st--L455--p--D03--pos004--tm--24--ch--Syto9--z--21
0	0	648.282484508696	-26.68673243522644	118.6708345413208	-68.87287616729736	1.0	18042023--s--Lm--st--L394--p--D04--pos002--tm--24--ch--Syto9--z--21
0	0	255.07487219855895	-35.31009082794189	8.254171371459961	-143.9286880493164	1.0	25042023--s--Lm--st--19115--p--D04--pos005--tm--24--ch--Syto9--z--21
0	0	379.7384460994176	-45.36676607131958	-6.36456298828125	-136.22957611083984	1.0	13062023--s--Lm--st--L634--p--D05--pos001--tm--24--ch--Syto9--z--21
0	0	613.684021904355	-53.95144529342652	41.76633739471436	-115.5040111541748	1.0	28032023--s--Lm--st--L455--p--D08--pos004--tm--24--ch--Syto9--z--21
0	0	436.1967765717279	-47.02087936401367	36.01213073730469	-121.34817504882812	1.0	13062023--s--Lm--st--L634--p--D04--pos002--tm--24--ch--Syto9--z--21
0	0	281.141669682094	-23.70913577079773	16.159178733825684	-60.522966384887695	1.0	30052023--s--Lm--st--L1764--p--F09--pos003--tm--24--ch--Syto9--z--21
0	0	341.47797775268555	-23.109766960144043	14.28420639038086	-36.65659332275391	1.0	16052023--s--Lm--st--L394--p--C05--pos002--tm--24--ch--Syto9--z--21
0	0	354.0079024178641	-40.48698096275329	4.304956436157227	-102.85192108154295	1.0	13062023--s--Lm--st--L634--p--C05--pos005--tm--24--ch--Syto9--z--21
0	0	577.1056141626267	-24.35329780578613	95.39680099487305	-62.30250549316406	1.0	18042023--s--Lm--st--L394--p--D04--pos001--tm--24--ch--Syto9--z--21
0	0	391.98783661070325	-31.72091317176819	3.943307876586914	-57.11110210418701	1.0	18042023--s--Lm--st--L394--p--C03--pos001--tm--24--ch--Syto9--z--21
0	0	657.4367507298788	-53.46040849685669	-23.008572578430176	-87.02801609039307	1.0	13062023--s--Lm--st--L1764--p--F05--pos001--tm--24--ch--Syto9--z--21
0	0	753.664546467009	-26.845241355896	110.35218334197998	-76.40248680114746	1.0	18042023--s--Lm--st--L394--p--D04--pos003--tm--24--ch--Syto9--z--21
0	0	409.4156021390642	-50.660739278793336	-8.172639846801758	-128.76490116119385	1.0	04072023--s--Lm--st--L1323--p--C04--pos004--tm--24--ch--Syto9--z--21
0	0	292.25764374505906	-22.207178258895876	70.94289875030518	-72.29197978973389	1.0	04072023--s--Lm--st--L1323--p--D04--pos005--tm--24--ch--Syto9--z--21
0	0	284.72261456080844	-36.46796188354492	34.023643493652344	-120.38492584228516	1.0	23052023--s--Lm--st--19115--p--F09--pos003--tm--24--ch--Syto9--z--21
0	0	1274.854908125741	-90.16990957260133	-12.525385856628418	-337.21514892578125	1.0	13042023--s--Lm--st--L628--p--C05--pos003--tm--24--ch--Syto9--z--21
0	0	716.013809521993	-44.82820324897766	32.754695892333984	-196.49514198303223	1.0	23052023--s--Lm--st--L628--p--C03--pos004--tm--24--ch--Syto9--z--21
0	0	428.6632987431117	-17.091281986236574	59.1878662109375	-44.49658393859863	1.0	16052023--s--Lm--st--L394--p--D05--pos003--tm--24--ch--Syto9--z--21
0	0	314.8325688498361	-12.41895513534546	18.23674488067627	-21.408509254455566	1.0	30052023--s--Lm--st--L1764--p--F06--pos002--tm--24--ch--Syto9--z--21
0	0	476.0412577220372	-24.44497237205505	11.70693588256836	-138.49053478240967	1.0	18072023--s--Lm--st--L1823--p--E02--pos005--tm--24--ch--Syto9--z--21
0	0	266.81746696290514	-33.17583084106445	-4.714015007019043	-80.70924854278564	1.0	04072023--s--Lm--st--L1323--p--C05--pos001--tm--24--ch--Syto9--z--21
0	0	426.46144158499584	-47.751966619491576	-6.297703742980957	-138.3831033706665	1.0	13042023--s--Lm--st--L628--p--D07--pos002--tm--24--ch--Syto9--z--21
0	0	304.1281526656378	-15.388807725906371	20.33589458465576	-28.781551361083984	1.0	30052023--s--Lm--st--L1764--p--F07--pos001--tm--24--ch--Syto9--z--21
0	0	426.2836578005836	-29.653023433685306	14.54872226715088	-47.45169639587402	1.0	16052023--s--Lm--st--L394--p--C05--pos001--tm--24--ch--Syto9--z--21
0	0	1005.5977036158243	-73.12445011138917	-31.213801383972168	-194.0878610610962	1.0	14112023--s--Lm--st--L455--p--D02--pos005--tm--24--ch--Syto9--z--21
0	0	416.73855622609454	-48.70941734313965	-6.001835823059082	-155.8105926513672	1.0	04072023--s--Lm--st--L1823--p--F06--pos001--tm--24--ch--Syto9--z--21
0	0	755.0666813169207	-41.03532757759094	31.89293670654297	-62.953813552856445	1.0	13062023--s--Lm--st--L1764--p--F10--pos001--tm--24--ch--Syto9--z--21
0	0	147.4115380786714	-21.373742866516118	-1.1693763732910156	-69.63780784606934	1.0	25042023--s--Lm--st--19115--p--C03--pos001--tm--24--ch--Syto9--z--21
0	0	595.6334134510586	-58.00028762817383	-9.264640808105469	-137.584810256958	1.0	13062023--s--Lm--st--L634--p--D03--pos004--tm--24--ch--Syto9--z--21
0	0	330.26281583876835	-33.34586915969849	22.24299430847168	-97.93085098266602	1.0	30052023--s--Lm--st--L634--p--C09--pos002--tm--24--ch--Syto9--z--21
0	0	390.13037817818775	-54.01522526741028	-4.789331436157227	-216.78407096862796	1.0	13042023--s--Lm--st--L628--p--D05--pos004--tm--24--ch--Syto9--z--21
0	0	356.7674105053856	-31.578542280197144	94.25673198699953	-92.73796463012695	1.0	04072023--s--Lm--st--L1323--p--D03--pos005--tm--24--ch--Syto9--z--21
0	0	266.37468823932466	-43.51169514656067	-2.979647636413574	-144.72061252593994	1.0	23052023--s--Lm--st--19115--p--G03--pos001--tm--24--ch--Syto9--z--21
0	0	261.4561163130261	-41.81301832199097	-3.3031005859375	-204.80982398986816	1.0	30052023--s--Lm--st--L634--p--C05--pos005--tm--24--ch--Syto9--z--21
0	0	487.8102588653565	-47.81720027923584	-4.647368431091309	-143.9195146560669	1.0	28032023--s--Lm--st--L455--p--D07--pos002--tm--24--ch--Syto9--z--21
0	0	471.6998944509597	-47.37900705337525	-12.787683486938477	-92.8037176132202	1.0	04072023--s--Lm--st--L1823--p--G04--pos004--tm--24--ch--Syto9--z--21
0	0	209.9419630141485	-26.736018800735472	-3.024310111999512	-66.12799167633057	1.0	04072023--s--Lm--st--L1323--p--C07--pos001--tm--24--ch--Syto9--z--21
0	0	638.8871684301467	-60.63553943634033	-21.94877529144287	-144.28557109832764	1.0	18072023--s--Lm--st--L1323--p--B07--pos001--tm--24--ch--Syto9--z--21
0	0	658.1598781858172	-29.796547174453732	41.14682579040527	-44.71256065368652	1.0	13062023--s--Lm--st--L1764--p--F10--pos004--tm--24--ch--Syto9--z--21
0	0	650.3445470446632	-40.84441537857056	31.296422004699707	-135.16944217681885	1.0	14112023--s--Lm--st--L628--p--D06--pos005--tm--24--ch--Syto9--z--21
0	0	1144.2510551270984	-48.09205098152161	51.20354461669922	-69.02281093597412	1.0	14112023--s--Lm--st--L1764--p--F03--pos001--tm--24--ch--Syto9--z--21
0	0	325.07102371397474	-23.371959972381596	2.999722480773926	-43.90931701660156	1.0	30052023--s--Lm--st--L1764--p--F09--pos002--tm--24--ch--Syto9--z--21
0	0	221.07054855709984	-29.67683539390564	-2.712308883666992	-73.47845077514648	1.0	18072023--s--Lm--st--L1323--p--B02--pos005--tm--24--ch--Syto9--z--21
0	0	958.5884472983224	-39.45033359527588	214.51808547973636	-175.21901512145996	1.0	28032023--s--Lm--st--L455--p--C07--pos003--tm--24--ch--Syto9--z--21
0	0	488.2011835461571	-41.16505212783814	-4.536688804626465	-88.14844131469727	1.0	04072023--s--Lm--st--L1323--p--C05--pos003--tm--24--ch--Syto9--z--21
0	0	576.7688341140747	-46.67441349029541	-12.023207664489746	-182.40379238128665	1.0	14112023--s--Lm--st--L628--p--D07--pos001--tm--24--ch--Syto9--z--21
0	0	471.9896268844605	-54.630061054229735	-17.720158576965332	-159.70576190948486	1.0	18072023--s--Lm--st--L1323--p--B07--pos005--tm--24--ch--Syto9--z--21
0	0	648.9287988117763	-32.83076238632202	52.22520923614502	-94.59786891937256	1.0	14112023--s--Lm--st--L628--p--D06--pos003--tm--24--ch--Syto9--z--21
0	0	383.51920014336	-29.470170783996583	-13.590925216674805	-67.56565856933594	1.0	14112023--s--Lm--st--L1323--p--D10--pos005--tm--24--ch--Syto9--z--21
0	0	598.3502843493507	-76.71754508018493	-10.376461029052734	-289.3604784011841	1.0	13042023--s--Lm--st--L628--p--D07--pos004--tm--24--ch--Syto9--z--21
0	0	239.1727136884417	-33.96954555511475	-3.750062942504883	-117.84767532348631	1.0	30052023--s--Lm--st--L634--p--C10--pos001--tm--24--ch--Syto9--z--21
0	0	433.32541565668015	-44.238085699081424	-10.002063751220703	-96.2348222732544	1.0	16052023--s--Lm--st--L455--p--F07--pos001--tm--24--ch--Syto9--z--21
0	0	310.22860281808033	-32.16766471862793	53.95200443267822	-100.74897956848145	1.0	25042023--s--Lm--st--19115--p--D07--pos003--tm--24--ch--Syto9--z--21
0	0	517.1636441094535	-62.37723288536072	-5.786480903625488	-206.96856689453125	1.0	04072023--s--Lm--st--L1823--p--F07--pos001--tm--24--ch--Syto9--z--21
0	0	491.7963128771101	-48.35803065299988	-0.1789722442626953	-111.9363603591919	1.0	13062023--s--Lm--st--L634--p--D04--pos004--tm--24--ch--Syto9--z--21
0	0	463.1375623884656	-37.115177631378174	46.15884876251221	-118.5017318725586	1.0	16052023--s--Lm--st--L455--p--F03--pos002--tm--24--ch--Syto9--z--21
0	0	935.9248100008284	-26.810720443725582	52.590394020080566	-60.904330253601074	1.0	14112023--s--Lm--st--L1764--p--F02--pos001--tm--24--ch--Syto9--z--21
0	0	317.1476925895328	-18.710950231552125	57.671003341674805	-75.9761791229248	1.0	23052023--s--Lm--st--L628--p--C04--pos005--tm--24--ch--Syto9--z--21
0	0	345.6134162176224	-23.36882629394531	58.938106536865234	-126.25788688659668	1.0	16052023--s--Lm--st--L455--p--G04--pos001--tm--24--ch--Syto9--z--21
0	0	243.4752301715669	-31.13216733932495	-2.624739646911621	-81.63153076171875	1.0	04072023--s--Lm--st--L1323--p--C05--pos002--tm--24--ch--Syto9--z--21
0	0	610.8245106651669	-46.9560613155365	1.7940587997436523	-215.48457527160645	1.0	28032023--s--Lm--st--L455--p--D03--pos001--tm--24--ch--Syto9--z--21
0	0	574.2867725463141	-36.45627226829529	26.750874519348145	-156.69314289093018	1.0	18072023--s--Lm--st--L1823--p--E10--pos002--tm--24--ch--Syto9--z--21
0	0	570.4595174789429	-31.82390513420105	83.49828052520752	-151.6565065383911	1.0	23052023--s--Lm--st--L628--p--C05--pos004--tm--24--ch--Syto9--z--21
0	0	718.2146573747907	-40.75858235359192	120.8969144821167	-176.2261619567871	1.0	13062023--s--Lm--st--L634--p--C06--pos003--tm--24--ch--Syto9--z--21
0	0	1109.6636766252063	-80.30685687065125	-35.52482795715332	-126.47845077514648	1.0	07112023--s--Lm--st--L394--p--B02--pos005--tm--24--ch--Syto9--z--21
0	0	631.3638836542765	-50.80495276451111	1.1949958801269531	-122.65744495391846	1.0	04072023--s--Lm--st--L1823--p--G06--pos005--tm--24--ch--Syto9--z--21
0	0	482.41079366774784	-34.00104422569275	116.87862396240234	-104.82626914978027	1.0	28032023--s--Lm--st--L455--p--C06--pos002--tm--24--ch--Syto9--z--21
0	0	436.7473851612636	-33.12156114578247	2.332858085632324	-112.12281131744383	1.0	14112023--s--Lm--st--19115--p--F07--pos005--tm--24--ch--Syto9--z--21
0	0	256.0687221799578	-13.195950174331664	27.15554904937744	-31.50626277923584	1.0	30052023--s--Lm--st--L1764--p--F07--pos005--tm--24--ch--Syto9--z--21
0	0	616.009554045541	-25.43227243423462	50.94843578338623	-46.85142517089844	1.0	30052023--s--Lm--st--L1764--p--G04--pos005--tm--24--ch--Syto9--z--21
0	0	1332.8461483092535	-54.58862500190735	116.85403060913086	-105.89347457885742	1.0	14112023--s--Lm--st--L1764--p--F02--pos003--tm--24--ch--Syto9--z--21
0	0	686.8666737420218	-42.30075011253357	49.408485412597656	-200.1286678314209	1.0	18072023--s--Lm--st--L1823--p--E11--pos003--tm--24--ch--Syto9--z--21
0	0	369.14223861694336	-13.55680832862854	42.5980749130249	-26.75358295440674	1.0	30052023--s--Lm--st--L1764--p--F04--pos003--tm--24--ch--Syto9--z--21
0	0	383.3128249758766	-21.946436214447026	3.086207389831543	-87.28623962402344	1.0	23052023--s--Lm--st--L628--p--C09--pos005--tm--24--ch--Syto9--z--21
0	0	189.9167549950736	-24.00532593727112	-2.246358871459961	-58.24544143676758	1.0	23052023--s--Lm--st--19115--p--F03--pos005--tm--24--ch--Syto9--z--21
0	0	517.6013837087722	-45.024586248397824	-16.826581954956055	-144.41105937957764	1.0	14112023--s--Lm--st--L628--p--C07--pos002--tm--24--ch--Syto9--z--21
0	0	460.09025333041234	-22.0562894821167	29.59586524963379	-49.25381374359131	1.0	18042023--s--Lm--st--L394--p--C08--pos004--tm--24--ch--Syto9--z--21
0	0	846.8950323831467	-70.3385754585266	137.52738571166992	-200.0621900558472	1.0	28032023--s--Lm--st--L455--p--C07--pos001--tm--24--ch--Syto9--z--21
0	0	309.0266137350173	-31.700814247131348	26.23945903778076	-69.2390489578247	1.0	04072023--s--Lm--st--L1323--p--C10--pos003--tm--24--ch--Syto9--z--21
0	0	166.5367378053211	-22.9059278011322	-1.8821525573730469	-74.09469509124756	1.0	23052023--s--Lm--st--19115--p--G04--pos005--tm--24--ch--Syto9--z--21
0	0	461.1741252626692	-40.97953605651856	-18.05490493774414	-97.7242546081543	1.0	14112023--s--Lm--st--L1323--p--C10--pos003--tm--24--ch--Syto9--z--21
0	0	622.6451545896984	-26.73134140968323	98.10861110687256	-66.16187763214111	1.0	18042023--s--Lm--st--L394--p--D04--pos005--tm--24--ch--Syto9--z--21
0	0	716.5594857987903	-51.05121583938599	74.59655475616455	-116.93322372436523	1.0	04072023--s--Lm--st--L1823--p--F07--pos003--tm--24--ch--Syto9--z--21
0	0	356.949789592198	-28.60401058197021	48.1688756942749	-164.36299228668213	1.0	28032023--s--Lm--st--L455--p--C04--pos004--tm--24--ch--Syto9--z--21
0	0	862.042033467974	-80.55956273078918	-22.76406574249268	-141.96774291992188	1.0	07112023--s--Lm--st--L394--p--B02--pos002--tm--24--ch--Syto9--z--21
0	0	714.7667922973633	-54.277924633026124	109.4846248626709	-266.41301918029785	1.0	28032023--s--Lm--st--L455--p--C08--pos004--tm--24--ch--Syto9--z--21
0	0	251.9692328316825	-16.773477363586426	60.16242504119873	-50.68918037414551	1.0	16052023--s--Lm--st--L394--p--D05--pos004--tm--24--ch--Syto9--z--21
0	0	767.2651470275152	-49.17380661964417	-19.25034999847412	-65.43468379974365	1.0	13062023--s--Lm--st--L1764--p--F06--pos004--tm--24--ch--Syto9--z--21
0	0	503.9345200402396	-55.27736234664917	-11.563158988952637	-217.11077404022217	1.0	04072023--s--Lm--st--L1823--p--F05--pos001--tm--24--ch--Syto9--z--21
0	0	447.9300306865147	-37.147226667404176	55.62173652648926	-123.79629230499268	1.0	28032023--s--Lm--st--L455--p--D04--pos001--tm--24--ch--Syto9--z--21
0	0	691.8443190710885	-31.11984314918518	61.34725379943848	-56.03926849365234	1.0	13062023--s--Lm--st--L1764--p--F10--pos003--tm--24--ch--Syto9--z--21
0	0	230.36599277314684	-40.32335076332093	-1.7455987930297852	-141.19670486450195	1.0	25042023--s--Lm--st--19115--p--C05--pos004--tm--24--ch--Syto9--z--21
0	0	181.42180320194788	-27.23851847648621	-1.924112319946289	-75.37625026702881	1.0	25042023--s--Lm--st--19115--p--C07--pos002--tm--24--ch--Syto9--z--21
0	0	995.8020514987764	-80.45892224311828	-34.40004825592041	-194.82273387908936	1.0	14112023--s--Lm--st--L455--p--D02--pos001--tm--24--ch--Syto9--z--21
0	0	542.9590848286947	-43.80138883590698	4.113602638244629	-194.9864454269409	1.0	07112023--s--Lm--st--L1823--p--F03--pos004--tm--24--ch--Syto9--z--21
0	0	659.9386070342291	-60.2569236278534	19.683398246765137	-118.41667079925536	1.0	07112023--s--Lm--st--L394--p--B03--pos004--tm--24--ch--Syto9--z--21
0	0	540.5341858182635	-31.408651542663574	6.048979759216309	-170.7916898727417	1.0	18072023--s--Lm--st--L1823--p--E05--pos002--tm--24--ch--Syto9--z--21
0	0	600.336216381618	-65.28231377601624	-19.6325740814209	-162.96391105651855	1.0	07112023--s--Lm--st--L634--p--C09--pos002--tm--24--ch--Syto9--z--21
0	0	629.4234233583722	-71.53022575378418	-17.245773315429688	-202.35416984558103	1.0	07112023--s--Lm--st--L634--p--B09--pos002--tm--24--ch--Syto9--z--21
0	0	399.0634026300339	-27.500465822219848	16.52690029144287	-104.99313259124756	1.0	23052023--s--Lm--st--L628--p--C05--pos001--tm--24--ch--Syto9--z--21
0	0	246.11279973529636	-13.589910745620728	43.07891368865967	-31.602972984313965	1.0	16052023--s--Lm--st--L394--p--C04--pos001--tm--24--ch--Syto9--z--21
0	0	407.52910936446415	-24.99997682571411	32.85026836395264	-124.2924346923828	1.0	16052023--s--Lm--st--L455--p--F03--pos005--tm--24--ch--Syto9--z--21
0	0	152.13233048575265	-21.28007001876831	-1.1807937622070312	-56.627278327941895	1.0	23052023--s--Lm--st--19115--p--F08--pos002--tm--24--ch--Syto9--z--21
0	0	561.0895782198224	-46.1303295135498	-18.27888774871826	-117.44041728973389	1.0	18072023--s--Lm--st--L1823--p--E06--pos001--tm--24--ch--Syto9--z--21
0	0	179.95894127800352	-32.22411351203918	-1.7404489517211914	-112.87196445465088	1.0	25042023--s--Lm--st--19115--p--D05--pos001--tm--24--ch--Syto9--z--21
0	0	369.69855353945775	-33.366095304489136	27.339540481567383	-69.17530536651611	1.0	04072023--s--Lm--st--L1323--p--C08--pos005--tm--24--ch--Syto9--z--21
0	0	243.61258220672607	-27.979933261871334	18.510957717895508	-103.14846897125244	1.0	23052023--s--Lm--st--19115--p--F04--pos003--tm--24--ch--Syto9--z--21
0	0	245.06669780186243	-26.23618426322937	28.854528427124023	-81.31613254547119	1.0	04072023--s--Lm--st--L1323--p--D03--pos001--tm--24--ch--Syto9--z--21
0	0	635.6330498740787	-47.4617299079895	39.61503887176514	-129.7969856262207	1.0	04072023--s--Lm--st--L1823--p--F06--pos004--tm--24--ch--Syto9--z--21
0	0	174.35018866402763	-17.877523183822632	-3.325864791870117	-57.84998416900635	1.0	23052023--s--Lm--st--L628--p--C04--pos001--tm--24--ch--Syto9--z--21
0	0	811.93008963267	-36.33492345809937	140.05931758880615	-70.16546630859375	1.0	16052023--s--Lm--st--L394--p--C03--pos003--tm--24--ch--Syto9--z--21
0	0	329.0696492422195	-24.639643144607543	9.702262878417969	-56.10498142242432	1.0	30052023--s--Lm--st--L1764--p--F08--pos003--tm--24--ch--Syto9--z--21
0	0	544.7868887583414	-29.21338376998901	8.9708890914917	-189.0828514099121	1.0	23052023--s--Lm--st--L628--p--C08--pos005--tm--24--ch--Syto9--z--21
0	0	627.7843133381435	-75.85557823181152	-16.942389488220215	-184.8312530517578	1.0	14112023--s--Lm--st--L455--p--C03--pos001--tm--24--ch--Syto9--z--21
0	0	391.69555768512544	-37.2043176651001	2.3488283157348637	-92.00593852996826	1.0	16052023--s--Lm--st--L455--p--F06--pos001--tm--24--ch--Syto9--z--21
0	0	616.7490729377383	-24.270514154434203	42.68374538421631	-60.71189689636231	1.0	18042023--s--Lm--st--L394--p--D05--pos001--tm--24--ch--Syto9--z--21
0	0	146.58099437895277	-23.377265405654907	-0.936253547668457	-67.5374059677124	1.0	25042023--s--Lm--st--19115--p--C05--pos002--tm--24--ch--Syto9--z--21
0	0	408.6560743876866	-33.25028944015503	-7.647825241088867	-63.36677265167236	1.0	18042023--s--Lm--st--L394--p--C05--pos005--tm--24--ch--Syto9--z--21
0	0	703.4660813921973	-60.45647530555725	55.476929664611816	-131.5009412765503	1.0	13062023--s--Lm--st--L634--p--D04--pos003--tm--24--ch--Syto9--z--21
0	0	397.438691002982	-55.73914332389832	-1.4331607818603516	-207.4115028381348	1.0	30052023--s--Lm--st--L634--p--C04--pos005--tm--24--ch--Syto9--z--21
0	0	233.29870446523032	-18.503566360473634	4.591350555419922	-50.6429557800293	1.0	16052023--s--Lm--st--L455--p--G03--pos001--tm--24--ch--Syto9--z--21
0	0	254.4148705346244	-36.2438042640686	-3.8041067123413086	-131.25812911987305	1.0	30052023--s--Lm--st--L634--p--D03--pos001--tm--24--ch--Syto9--z--21
0	0	542.8579418999808	-23.999217128753664	70.5015811920166	-132.2220287322998	1.0	23052023--s--Lm--st--L628--p--C09--pos004--tm--24--ch--Syto9--z--21
0	0	702.789691970462	-21.84816899299621	106.98777961730956	-73.68089866638184	1.0	18042023--s--Lm--st--L394--p--D06--pos005--tm--24--ch--Syto9--z--21
0	0	321.7325079327538	-39.47478356361389	-2.6026744842529297	-123.9807014465332	1.0	13042023--s--Lm--st--L628--p--D08--pos002--tm--24--ch--Syto9--z--21
0	0	607.9833220073155	-43.20951762199402	0.9864473342895508	-122.92174339294434	1.0	13042023--s--Lm--st--L628--p--D04--pos004--tm--24--ch--Syto9--z--21
0	0	397.9419121061053	-36.94445786476136	7.204029083251953	-90.82565212249756	1.0	16052023--s--Lm--st--L455--p--F04--pos001--tm--24--ch--Syto9--z--21
0	0	758.446544011434	-62.29212112426758	-29.128786087036133	-167.24741649627686	1.0	14112023--s--Lm--st--L455--p--C02--pos004--tm--24--ch--Syto9--z--21
0	0	193.0914826166062	-24.84588680267334	-2.4596738815307617	-69.35420799255371	1.0	23052023--s--Lm--st--19115--p--F07--pos004--tm--24--ch--Syto9--z--21
0	0	515.3637901487805	-44.88967361450195	25.618727684021	-141.41046619415283	1.0	28032023--s--Lm--st--L455--p--D06--pos004--tm--24--ch--Syto9--z--21
0	0	209.3781677427746	-29.67549376487732	25.33928871154785	-130.2113332748413	1.0	23052023--s--Lm--st--19115--p--F09--pos002--tm--24--ch--Syto9--z--21
0	0	668.1280324572608	-48.82932586669922	57.88161659240723	-134.0750732421875	1.0	04072023--s--Lm--st--L1823--p--F04--pos003--tm--24--ch--Syto9--z--21
0	0	568.4429742268154	-52.99529132843018	16.86869239807129	-199.4318809509277	1.0	28032023--s--Lm--st--L455--p--D08--pos002--tm--24--ch--Syto9--z--21
0	0	783.227353640965	-60.52875180244446	-24.837769508361816	-99.07238101959229	1.0	13062023--s--Lm--st--L1764--p--F07--pos004--tm--24--ch--Syto9--z--21
0	0	470.108097803025	-58.78346757888794	-7.145790100097656	-173.13060569763184	1.0	04072023--s--Lm--st--L1823--p--F08--pos005--tm--24--ch--Syto9--z--21
0	0	806.3932337987991	-49.79361271858215	-32.19223403930664	-80.78926658630371	1.0	13062023--s--Lm--st--L1764--p--F05--pos004--tm--24--ch--Syto9--z--21
0	0	260.6575025376819	-36.81344809532165	-2.674502372741699	-113.76791286468506	1.0	25042023--s--Lm--st--19115--p--C07--pos004--tm--24--ch--Syto9--z--21
0	0	259.6231666746594	-30.95236067771912	-0.2485647201538086	-101.5874433517456	1.0	30052023--s--Lm--st--L634--p--D05--pos002--tm--24--ch--Syto9--z--21
0	0	302.25807144528346	-38.31072883605957	-4.676825523376465	-157.30610847473145	1.0	30052023--s--Lm--st--L634--p--C10--pos003--tm--24--ch--Syto9--z--21
0	0	857.1103987920852	-21.159703636169432	130.4285717010498	-73.49025058746338	1.0	18042023--s--Lm--st--L394--p--D04--pos004--tm--24--ch--Syto9--z--21
0	0	474.9155204863776	-45.57091579437256	-12.766979217529297	-102.1857852935791	1.0	16052023--s--Lm--st--L394--p--D08--pos001--tm--24--ch--Syto9--z--21
0	0	472.10320254734586	-58.10918564796448	-6.249319076538086	-187.09116458892825	1.0	30052023--s--Lm--st--L634--p--C04--pos003--tm--24--ch--Syto9--z--21
0	0	541.3473729179019	-45.13968133926392	-8.572941780090332	-122.54066562652588	1.0	16052023--s--Lm--st--L455--p--G06--pos003--tm--24--ch--Syto9--z--21
0	0	726.3589527493432	-37.986332654953	15.422216415405272	-52.05235767364502	1.0	13062023--s--Lm--st--L1764--p--F08--pos001--tm--24--ch--Syto9--z--21
0	0	597.2357712246123	-59.30537142753601	80.96276187896729	-177.23246669769287	1.0	13062023--s--Lm--st--L634--p--C04--pos004--tm--24--ch--Syto9--z--21
0	0	575.2894882474627	-52.17251753807068	-6.377429008483887	-186.29173374176025	1.0	07112023--s--Lm--st--L634--p--B08--pos001--tm--24--ch--Syto9--z--21
0	0	362.7148231324695	-35.68629193305969	-4.734017372131348	-92.7727575302124	1.0	13062023--s--Lm--st--L634--p--C04--pos005--tm--24--ch--Syto9--z--21
0	0	579.9769381114414	-61.843209171295165	-6.792191505432129	-164.1836404800415	1.0	13062023--s--Lm--st--L634--p--C09--pos004--tm--24--ch--Syto9--z--21
0	0	260.04737854003906	-30.52757496833801	-9.926146507263184	-91.81760120391846	1.0	18072023--s--Lm--st--L1323--p--B04--pos001--tm--24--ch--Syto9--z--21
0	0	866.7862388974145	-59.24557123184204	39.888051986694336	-83.06055068969727	1.0	07112023--s--Lm--st--L394--p--C03--pos004--tm--24--ch--Syto9--z--21
0	0	824.2965748650687	-36.78586492538452	21.016977310180664	-53.90390872955322	1.0	13062023--s--Lm--st--L1764--p--G04--pos003--tm--24--ch--Syto9--z--21
0	0	227.8306799389067	-37.77281551361084	-2.156641960144043	-151.0630521774292	1.0	25042023--s--Lm--st--19115--p--C06--pos003--tm--24--ch--Syto9--z--21
0	0	757.5244013468424	-31.20337581634521	44.71890258789063	-52.86567401885986	1.0	13062023--s--Lm--st--L1764--p--F09--pos002--tm--24--ch--Syto9--z--21
0	0	613.6742247172764	-43.53689641952515	-13.75668239593506	-117.53305625915527	1.0	07112023--s--Lm--st--L1823--p--G04--pos004--tm--24--ch--Syto9--z--21
0	0	324.01833802177794	-25.233408641815185	-2.4388551712036133	-53.33475303649902	1.0	18042023--s--Lm--st--L394--p--C05--pos002--tm--24--ch--Syto9--z--21
0	0	354.0283007848831	-32.9778510093689	14.720056533813477	-89.65084171295166	1.0	14112023--s--Lm--st--19115--p--G08--pos004--tm--24--ch--Syto9--z--21
0	0	368.0558604739961	-40.721303176879886	-1.999135971069336	-109.64127922058104	1.0	13042023--s--Lm--st--L628--p--D04--pos001--tm--24--ch--Syto9--z--21
0	0	845.9193173817226	-53.52876338958741	0.067422866821289	-191.2403383255005	1.0	07112023--s--Lm--st--L634--p--B07--pos005--tm--24--ch--Syto9--z--21
0	0	622.4989292053949	-42.723044872283936	50.08016777038574	-158.18329620361328	1.0	13042023--s--Lm--st--L628--p--D03--pos004--tm--24--ch--Syto9--z--21
0	0	499.7122326805478	-36.03714442253113	-15.505414962768556	-75.46684551239014	1.0	18072023--s--Lm--st--L1323--p--B06--pos003--tm--24--ch--Syto9--z--21
0	0	458.4769376573108	-56.61724390983581	-6.997641563415527	-176.2933692932129	1.0	30052023--s--Lm--st--L634--p--C04--pos004--tm--24--ch--Syto9--z--21
0	0	477.034197807312	-61.17171335220337	-8.083063125610352	-151.9172773361206	1.0	13062023--s--Lm--st--L634--p--C10--pos005--tm--24--ch--Syto9--z--21
0	0	851.1201300393967	-52.348214101791385	-31.45355224609375	-65.9719762802124	1.0	13062023--s--Lm--st--L1764--p--F04--pos002--tm--24--ch--Syto9--z--21
0	0	733.7815156210037	-51.58198761940002	12.217639923095703	-159.0854091644287	1.0	14112023--s--Lm--st--L628--p--C06--pos001--tm--24--ch--Syto9--z--21
0	0	626.9255171730405	-28.10368366241455	37.05826187133789	-143.92100524902344	1.0	23052023--s--Lm--st--L628--p--C10--pos003--tm--24--ch--Syto9--z--21
0	0	481.2980622336978	-49.0423378944397	-4.683799743652344	-123.29897022247314	1.0	28032023--s--Lm--st--L455--p--C08--pos002--tm--24--ch--Syto9--z--21
0	0	305.7005099796113	-18.183952808380127	41.28922367095947	-36.74288368225098	1.0	16052023--s--Lm--st--L394--p--D03--pos001--tm--24--ch--Syto9--z--21
0	0	930.6720342181976	-38.17499370574952	45.67743873596192	-80.21122550964355	1.0	14112023--s--Lm--st--L1764--p--F02--pos002--tm--24--ch--Syto9--z--21
0	0	209.9088128861927	-24.76024446487427	-4.99422550201416	-87.77040481567383	1.0	14112023--s--Lm--st--L1323--p--D11--pos001--tm--24--ch--Syto9--z--21
0	0	377.2075839269729	-43.51228246688843	-15.108476638793944	-137.87437057495117	1.0	18072023--s--Lm--st--L1323--p--B09--pos005--tm--24--ch--Syto9--z--21
0	0	237.13607215881348	-39.93994884490967	-2.4070053100585938	-123.62602043151855	1.0	25042023--s--Lm--st--19115--p--C05--pos005--tm--24--ch--Syto9--z--21
0	0	646.6577033996582	-39.599271821975705	53.67142963409424	-160.52698707580566	1.0	23052023--s--Lm--st--L628--p--C03--pos001--tm--24--ch--Syto9--z--21
0	0	440.504708925883	-54.79870371818542	-12.285913467407228	-176.1157932281494	1.0	18072023--s--Lm--st--L1323--p--B10--pos004--tm--24--ch--Syto9--z--21
0	0	998.2527531215122	-71.12917237281799	-33.04136085510254	-165.95406818389893	1.0	14112023--s--Lm--st--L455--p--C03--pos003--tm--24--ch--Syto9--z--21
0	0	792.9204802740188	-64.69414720535278	-21.071057319641117	-122.01188850402832	1.0	04072023--s--Lm--st--L1823--p--G05--pos005--tm--24--ch--Syto9--z--21
0	0	344.36942173185804	-43.219010543823245	-8.380960464477539	-168.79049396514893	1.0	13042023--s--Lm--st--L628--p--D03--pos001--tm--24--ch--Syto9--z--21
0	0	573.9479485012237	-53.25765557289124	-20.96564102172852	-141.90500354766846	1.0	18072023--s--Lm--st--L1323--p--B03--pos003--tm--24--ch--Syto9--z--21
0	0	205.01516296750023	-28.980851697921757	-1.9118156433105469	-78.81443214416504	1.0	04072023--s--Lm--st--L1323--p--C06--pos001--tm--24--ch--Syto9--z--21
0	0	782.7805098124912	-52.41661849021912	-14.064708709716797	-176.71459770202637	1.0	07112023--s--Lm--st--L634--p--C09--pos004--tm--24--ch--Syto9--z--21
0	0	326.9587202526274	-17.739455032348634	45.61738872528076	-30.203211784362797	1.0	16052023--s--Lm--st--L394--p--D04--pos002--tm--24--ch--Syto9--z--21
0	0	274.8603457042149	-36.94845204353332	-5.211997985839844	-138.10880661010742	1.0	13042023--s--Lm--st--L628--p--C04--pos001--tm--24--ch--Syto9--z--21
0	0	426.10170704977855	-44.08562951087952	-4.798679351806641	-126.7556562423706	1.0	13042023--s--Lm--st--L628--p--C03--pos002--tm--24--ch--Syto9--z--21
0	0	569.4494806925455	-25.913212013244628	39.36337375640869	-45.06634426116944	1.0	30052023--s--Lm--st--L1764--p--G03--pos004--tm--24--ch--Syto9--z--21
0	0	220.3229622613816	-30.30068855285645	-2.415562629699707	-85.6832275390625	1.0	25042023--s--Lm--st--19115--p--C03--pos002--tm--24--ch--Syto9--z--21
0	0	516.5924173082624	-30.33896870613098	21.585420608520508	-99.83580589294434	1.0	14112023--s--Lm--st--19115--p--F09--pos005--tm--24--ch--Syto9--z--21
0	0	425.5474588757469	-33.529883527755736	30.081610679626465	-142.57916069030762	1.0	23052023--s--Lm--st--L628--p--D04--pos001--tm--24--ch--Syto9--z--21
0	0	401.71027655828567	-18.46360297203064	47.985615730285645	-38.33835506439209	1.0	30052023--s--Lm--st--L1764--p--G03--pos005--tm--24--ch--Syto9--z--21
0	0	423.9555247170584	-21.41710205078125	8.16482925415039	-99.71652698516846	1.0	18072023--s--Lm--st--L1823--p--E02--pos004--tm--24--ch--Syto9--z--21
0	0	356.7614499046689	-26.342160081863405	-6.517306327819824	-55.34270000457764	1.0	18042023--s--Lm--st--L394--p--C08--pos001--tm--24--ch--Syto9--z--21
0	0	955.4824249176752	-50.35272583961487	-14.21535301208496	-149.61936378479004	1.0	14112023--s--Lm--st--L628--p--C06--pos004--tm--24--ch--Syto9--z--21
0	0	731.4153893788656	-36.99432983398437	39.695916175842285	-58.68324089050293	1.0	13062023--s--Lm--st--L1764--p--F08--pos002--tm--24--ch--Syto9--z--21
0	0	222.05036036173504	-24.807858848571776	38.155924797058105	-96.52570247650146	1.0	23052023--s--Lm--st--19115--p--F04--pos004--tm--24--ch--Syto9--z--21
0	0	490.42326650165376	-45.80691561698914	-11.35556983947754	-139.19384860992432	1.0	13062023--s--Lm--st--L634--p--D05--pos003--tm--24--ch--Syto9--z--21
0	0	809.8361458551316	-56.72780199050904	-24.858213424682617	-158.87896823883057	1.0	07112023--s--Lm--st--L634--p--C09--pos003--tm--24--ch--Syto9--z--21
0	0	808.313917795817	-34.072789430618286	57.61811828613281	-48.959532737731934	1.0	13062023--s--Lm--st--L1764--p--F09--pos005--tm--24--ch--Syto9--z--21
0	0	775.8128747485932	-73.52790455818176	-24.12344455718994	-139.6030445098877	1.0	14112023--s--Lm--st--L455--p--C03--pos002--tm--24--ch--Syto9--z--21
0	0	460.99878592718215	-49.07476644515991	-4.994431495666504	-162.41897106170654	1.0	28032023--s--Lm--st--L455--p--D07--pos004--tm--24--ch--Syto9--z--21
0	0	322.2539768218994	-26.60464034080505	-8.896600723266602	-57.31287384033203	1.0	14112023--s--Lm--st--L1323--p--D11--pos003--tm--24--ch--Syto9--z--21
0	0	747.8115711666289	-54.9925760269165	-23.51027488708496	-98.63824558258057	1.0	13062023--s--Lm--st--L1764--p--F05--pos002--tm--24--ch--Syto9--z--21
0	0	485.148953982762	-37.984298133850096	-5.77537727355957	-130.3269281387329	1.0	18072023--s--Lm--st--L1823--p--E03--pos001--tm--24--ch--Syto9--z--21
0	0	358.04595729282926	-35.55127186775208	-8.213174819946289	-81.29065799713135	1.0	16052023--s--Lm--st--L455--p--G05--pos002--tm--24--ch--Syto9--z--21
0	0	519.2577054159982	-45.100039100646974	0.1447114944458007	-189.52706050872803	1.0	07112023--s--Lm--st--L1823--p--F02--pos003--tm--24--ch--Syto9--z--21
0	0	286.6665927342006	-22.90057258605957	-0.1237440109252929	-42.81460952758789	1.0	16052023--s--Lm--st--L394--p--D08--pos002--tm--24--ch--Syto9--z--21
0	0	435.2700505937849	-44.56912775039673	-13.670259475708008	-107.7314100265503	1.0	13062023--s--Lm--st--L634--p--D05--pos002--tm--24--ch--Syto9--z--21
0	0	546.6522500174386	-35.29112000465393	13.0322847366333	-70.95175552368164	1.0	18042023--s--Lm--st--L394--p--C05--pos004--tm--24--ch--Syto9--z--21
0	0	847.627211071196	-66.31250047683716	-17.386720657348633	-161.24855613708496	1.0	14112023--s--Lm--st--L628--p--B06--pos004--tm--24--ch--Syto9--z--21
0	0	776.7168841589065	-75.535205078125	-17.560155868530273	-192.8640203475952	1.0	04072023--s--Lm--st--L1823--p--F09--pos004--tm--24--ch--Syto9--z--21
0	0	298.3174865359352	-23.36754574775696	-5.134392738342285	-46.27033996582031	1.0	16052023--s--Lm--st--L394--p--D07--pos002--tm--24--ch--Syto9--z--21
0	0	803.1098746345157	-36.917833518981936	41.07578468322754	-54.03562259674072	1.0	13062023--s--Lm--st--L1764--p--F08--pos003--tm--24--ch--Syto9--z--21
0	0	261.1658209392003	-27.857923173904418	-7.739650726318359	-68.41772556304932	1.0	18072023--s--Lm--st--L1323--p--B06--pos002--tm--24--ch--Syto9--z--21
0	0	768.7775924773443	-31.276663160324095	118.1081771850586	-97.03631496429443	1.0	18042023--s--Lm--st--L394--p--D08--pos001--tm--24--ch--Syto9--z--21
0	0	648.4400839124407	-50.714808559417726	20.85386371612549	-228.8688325881958	1.0	18072023--s--Lm--st--L1823--p--F03--pos005--tm--24--ch--Syto9--z--21
0	0	388.9167459578741	-58.09659252166748	-2.4601993560791016	-173.34723567962646	1.0	25042023--s--Lm--st--19115--p--C03--pos004--tm--24--ch--Syto9--z--21
0	0	553.9160693032401	-64.46563935279846	1.74212646484375	-202.9605407714844	1.0	13042023--s--Lm--st--L628--p--C04--pos004--tm--24--ch--Syto9--z--21
0	0	1253.0210242498488	-66.41108999252319	-30.633459091186523	-210.58073329925537	1.0	14112023--s--Lm--st--L455--p--C02--pos005--tm--24--ch--Syto9--z--21
0	0	839.6154884610858	-22.782431221008306	15.8816556930542	-39.846811294555664	1.0	13062023--s--Lm--st--L1764--p--G05--pos003--tm--24--ch--Syto9--z--21
0	0	308.3179004305885	-40.48753933906555	-2.221209526062012	-110.62335968017578	1.0	30052023--s--Lm--st--L634--p--D03--pos004--tm--24--ch--Syto9--z--21
0	0	454.6981213433402	-49.93482890129089	40.2959041595459	-159.963228225708	1.0	04072023--s--Lm--st--L1823--p--F04--pos002--tm--24--ch--Syto9--z--21
0	0	595.3778081167312	-42.70083022117615	-7.892492294311523	-95.61951351165771	1.0	16052023--s--Lm--st--L455--p--F06--pos003--tm--24--ch--Syto9--z--21
0	0	331.3226511364891	-46.05402846336365	-4.447802543640137	-180.2644567489624	1.0	30052023--s--Lm--st--L634--p--C06--pos005--tm--24--ch--Syto9--z--21
0	0	365.52377201261976	-38.24173059463501	-12.336216926574709	-92.90156269073486	1.0	14112023--s--Lm--st--L1323--p--C11--pos004--tm--24--ch--Syto9--z--21
0	0	318.480852672032	-38.42780432701111	-5.583564758300781	-99.14133071899414	1.0	30052023--s--Lm--st--L634--p--D03--pos002--tm--24--ch--Syto9--z--21
0	0	270.759888058617	-30.56086220741272	24.14347267150879	-77.35661125183105	1.0	04072023--s--Lm--st--L1323--p--C09--pos005--tm--24--ch--Syto9--z--21
0	0	790.1218958809262	-50.01126365661621	-0.5063591003417969	-192.17449378967285	1.0	07112023--s--Lm--st--L634--p--B07--pos003--tm--24--ch--Syto9--z--21
0	0	451.6129797072638	-42.66919236183166	-14.784830093383787	-104.411883354187	1.0	14112023--s--Lm--st--L1323--p--B10--pos005--tm--24--ch--Syto9--z--21
0	0	460.2723625273932	-37.74750175476074	-3.145625114440918	-92.86280250549316	1.0	16052023--s--Lm--st--L455--p--G05--pos004--tm--24--ch--Syto9--z--21
0	0	414.0252456665039	-40.11595702171326	24.110655784606934	-97.69925785064696	1.0	30052023--s--Lm--st--L634--p--C09--pos003--tm--24--ch--Syto9--z--21
0	0	155.93529319763184	-22.263222646713256	-1.4893321990966797	-77.38089752197266	1.0	23052023--s--Lm--st--19115--p--G04--pos001--tm--24--ch--Syto9--z--21
0	0	832.8390114193871	-50.65367321968078	4.727030754089356	-68.72441291809082	1.0	13062023--s--Lm--st--L1764--p--G04--pos001--tm--24--ch--Syto9--z--21
0	0	367.6412686847505	-26.22682523727417	-13.7819185256958	-56.30936908721924	1.0	14112023--s--Lm--st--L1323--p--D11--pos005--tm--24--ch--Syto9--z--21
0	0	899.9902447291782	-66.01144499778748	143.3120174407959	-222.0940647125244	1.0	28032023--s--Lm--st--L455--p--C05--pos002--tm--24--ch--Syto9--z--21
0	0	493.6536822091965	-63.33232183456421	-7.3183135986328125	-203.85791873931885	1.0	13062023--s--Lm--st--L634--p--C09--pos002--tm--24--ch--Syto9--z--21
0	0	486.5926099050613	-51.60862040519714	-17.421364784240723	-122.227520942688	1.0	18072023--s--Lm--st--L1323--p--B11--pos004--tm--24--ch--Syto9--z--21
0	0	411.962540717352	-50.549211740493774	-9.517536163330078	-151.40544509887695	1.0	14112023--s--Lm--st--L628--p--C07--pos001--tm--24--ch--Syto9--z--21
0	0	521.422120639256	-40.8004490852356	-7.347065925598144	-96.03303813934326	1.0	04072023--s--Lm--st--L1823--p--F10--pos005--tm--24--ch--Syto9--z--21
0	0	354.4471644901094	-43.41788625717163	-3.949713706970215	-129.04686164855957	1.0	13062023--s--Lm--st--L634--p--C04--pos001--tm--24--ch--Syto9--z--21
0	0	683.450803802127	-41.802083826065065	69.98627758026123	-68.55954551696777	1.0	16052023--s--Lm--st--L394--p--C05--pos005--tm--24--ch--Syto9--z--21
0	0	676.0766395387195	-60.52815160751343	-20.00980758666992	-134.06875228881836	1.0	18072023--s--Lm--st--L1323--p--B03--pos004--tm--24--ch--Syto9--z--21
0	0	1124.6908207393828	-79.72256150245667	-49.19932460784912	-182.14944744110107	1.0	14112023--s--Lm--st--L455--p--D02--pos004--tm--24--ch--Syto9--z--21
0	0	514.3257315045312	-52.55439114570618	125.33430576324464	-186.68115520477292	1.0	13062023--s--Lm--st--L634--p--C06--pos005--tm--24--ch--Syto9--z--21
0	0	200.9361601329985	-31.13869104385376	-0.7929782867431641	-112.1366481781006	1.0	23052023--s--Lm--st--19115--p--F05--pos002--tm--24--ch--Syto9--z--21
0	0	369.6081196467082	-32.337801933288574	-3.167926788330078	-104.83376693725586	1.0	23052023--s--Lm--st--L628--p--C06--pos001--tm--24--ch--Syto9--z--21
0	0	640.5362848554339	-46.4343234539032	20.097286224365234	-155.35220050811768	1.0	14112023--s--Lm--st--L628--p--C07--pos005--tm--24--ch--Syto9--z--21
0	0	493.5190258026123	-53.19225296974182	1.2139043807983398	-117.11472606658936	1.0	13042023--s--Lm--st--L628--p--D06--pos004--tm--24--ch--Syto9--z--21
0	0	796.6120448339553	-69.20405073165894	-32.4992790222168	-140.5064344406128	1.0	14112023--s--Lm--st--L1323--p--B10--pos001--tm--24--ch--Syto9--z--21
0	0	643.3527764365787	-47.18987908363342	-14.461640357971191	-117.73466777801514	1.0	18072023--s--Lm--st--L1323--p--B04--pos004--tm--24--ch--Syto9--z--21
0	0	450.8141045343308	-26.32587604522705	11.04810619354248	-112.79584503173828	1.0	18072023--s--Lm--st--L1823--p--E02--pos003--tm--24--ch--Syto9--z--21
0	0	724.4278816041492	-40.761423683166505	1.0763578414916992	-148.4029664993286	1.0	13042023--s--Lm--st--L628--p--D06--pos003--tm--24--ch--Syto9--z--21
0	0	491.4161176227388	-44.61780204772949	33.56943893432617	-122.77867317199708	1.0	28032023--s--Lm--st--L455--p--D04--pos002--tm--24--ch--Syto9--z--21
0	0	503.0656140645345	-39.53447833061218	20.747977256774902	-113.67453002929688	1.0	23052023--s--Lm--st--L628--p--D03--pos002--tm--24--ch--Syto9--z--21
0	0	635.8196820758637	-49.82809724807739	7.731692314147949	-176.40575408935547	1.0	18072023--s--Lm--st--L1823--p--F03--pos001--tm--24--ch--Syto9--z--21
0	0	320.94555282592773	-21.16074948310852	34.695435523986816	-48.71159267425537	1.0	30052023--s--Lm--st--L1764--p--F05--pos005--tm--24--ch--Syto9--z--21
0	0	416.8337549482073	-20.123843574523924	55.70855903625488	-40.78276252746582	1.0	16052023--s--Lm--st--L394--p--C04--pos004--tm--24--ch--Syto9--z--21
0	0	657.0971671967279	-32.06012988090515	47.2916431427002	-148.93023109436035	1.0	23052023--s--Lm--st--L628--p--C03--pos005--tm--24--ch--Syto9--z--21
0	0	511.700186638605	-27.83741936683655	53.35031986236572	-122.54863452911376	1.0	23052023--s--Lm--st--L628--p--C06--pos003--tm--24--ch--Syto9--z--21
0	0	837.3817186355591	-71.88029117584229	-24.415882110595703	-208.954704284668	1.0	13042023--s--Lm--st--L628--p--D08--pos004--tm--24--ch--Syto9--z--21
0	0	514.0453399022421	-50.05771198272705	5.600887298583984	-115.28616142272948	1.0	13062023--s--Lm--st--L634--p--D03--pos005--tm--24--ch--Syto9--z--21
0	0	221.8193131855556	-7.483888816833496	27.55404567718506	-14.379237174987791	1.0	30052023--s--Lm--st--L1764--p--F07--pos002--tm--24--ch--Syto9--z--21
0	0	613.0660681497483	-36.309220218658446	36.37144088745117	-95.74208545684814	1.0	16052023--s--Lm--st--L455--p--F03--pos004--tm--24--ch--Syto9--z--21
0	0	245.66288634708948	-25.51350317001343	-8.666963577270508	-66.70443534851074	1.0	18072023--s--Lm--st--L1323--p--B11--pos002--tm--24--ch--Syto9--z--21
0	0	296.80650524866013	-33.67903389930725	7.06009578704834	-127.39650917053224	1.0	13042023--s--Lm--st--L628--p--C03--pos001--tm--24--ch--Syto9--z--21
0	0	485.74594765617735	-37.07498288154602	112.96660327911376	-122.29554843902588	1.0	04072023--s--Lm--st--L1323--p--D03--pos004--tm--24--ch--Syto9--z--21
0	0	615.6914290473575	-58.22084712982178	47.58987331390381	-141.40803623199463	1.0	04072023--s--Lm--st--L1823--p--F05--pos004--tm--24--ch--Syto9--z--21
0	0	335.2105541229248	-26.684144163131712	75.31106567382812	-81.9544563293457	1.0	16052023--s--Lm--st--L455--p--G04--pos004--tm--24--ch--Syto9--z--21
0	0	487.5574029740833	-51.9663468837738	-5.532015800476074	-123.36622428894044	1.0	04072023--s--Lm--st--L1823--p--G06--pos001--tm--24--ch--Syto9--z--21
0	0	395.81227597736176	-50.66950392723084	-6.438213348388672	-174.30310344696045	1.0	30052023--s--Lm--st--L634--p--C05--pos003--tm--24--ch--Syto9--z--21
0	0	601.0254010700044	-33.56210193634033	18.550617218017575	-69.87201309204102	1.0	07112023--s--Lm--st--L394--p--C04--pos003--tm--24--ch--Syto9--z--21
0	0	920.453740074521	-48.20174932479858	-6.9890546798706055	-147.55341148376465	1.0	07112023--s--Lm--st--L1823--p--G03--pos005--tm--24--ch--Syto9--z--21
0	0	343.4235258556548	-33.279648017883304	-11.282684326171877	-97.02511978149414	1.0	18072023--s--Lm--st--L1323--p--B09--pos002--tm--24--ch--Syto9--z--21
0	0	645.6432669503348	-51.73551368713379	-9.017807006835938	-110.32110500335692	1.0	04072023--s--Lm--st--L1823--p--F06--pos002--tm--24--ch--Syto9--z--21
0	0	592.6715645563035	-49.38698477745056	-13.996606826782228	-103.648042678833	1.0	16052023--s--Lm--st--L455--p--F07--pos004--tm--24--ch--Syto9--z--21
0	0	636.5460141499838	-41.17367196083069	-23.30055046081543	-75.4100341796875	1.0	18042023--s--Lm--st--L394--p--C07--pos003--tm--24--ch--Syto9--z--21
0	0	223.0910580498832	-17.4143479347229	-2.440159797668457	-30.30508327484131	1.0	18042023--s--Lm--st--L394--p--C04--pos002--tm--24--ch--Syto9--z--21
0	0	620.8879697436378	-40.989485836029054	-3.433833122253418	-140.55871391296387	1.0	18072023--s--Lm--st--L1823--p--E05--pos001--tm--24--ch--Syto9--z--21
0	0	365.7451044264294	-26.024843215942383	59.66662883758545	-82.57941246032715	1.0	04072023--s--Lm--st--L1323--p--D05--pos004--tm--24--ch--Syto9--z--21
0	0	246.31452855609712	-30.568646955490117	5.091402053833008	-117.459885597229	1.0	25042023--s--Lm--st--19115--p--D05--pos002--tm--24--ch--Syto9--z--21
0	0	793.5974000749134	-49.58211755752564	43.05946636199951	-74.40890598297119	1.0	16052023--s--Lm--st--L394--p--D08--pos003--tm--24--ch--Syto9--z--21
0	0	239.8945907865252	-30.10057282447815	12.041769981384276	-97.71492385864258	1.0	23052023--s--Lm--st--19115--p--F09--pos004--tm--24--ch--Syto9--z--21
0	0	291.15945702507383	-43.09778256416321	-2.6934614181518555	-117.81818675994872	1.0	25042023--s--Lm--st--19115--p--C06--pos004--tm--24--ch--Syto9--z--21
0	0	556.9791371935889	-32.74168334007263	-6.249030113220215	-91.56903076171876	1.0	18072023--s--Lm--st--L1823--p--E03--pos002--tm--24--ch--Syto9--z--21
0	0	846.204734756833	-45.93446469306946	-10.89384937286377	-173.4318609237671	1.0	14112023--s--Lm--st--L628--p--C06--pos003--tm--24--ch--Syto9--z--21
0	0	588.9088706970215	-58.576465940475465	-7.61502742767334	-158.95048713684082	1.0	14112023--s--Lm--st--L628--p--C06--pos002--tm--24--ch--Syto9--z--21
0	0	304.20776426224484	-34.919601392745975	-11.257946014404297	-102.74260711669922	1.0	18072023--s--Lm--st--L1323--p--B09--pos001--tm--24--ch--Syto9--z--21
0	0	381.7627622513544	-47.182778930664064	10.356584548950195	-127.58680248260498	1.0	23052023--s--Lm--st--19115--p--G03--pos003--tm--24--ch--Syto9--z--21
0	0	412.371511777242	-34.646454858779904	12.107721328735352	-69.6511697769165	1.0	07112023--s--Lm--st--L394--p--C04--pos002--tm--24--ch--Syto9--z--21
0	0	481.5078079586937	-49.2492696762085	120.77216625213624	-141.54251384735107	1.0	13062023--s--Lm--st--L634--p--C07--pos002--tm--24--ch--Syto9--z--21
0	0	719.633637655349	-19.39504442214966	10.73885726928711	-96.39899253845216	1.0	18072023--s--Lm--st--L1823--p--E06--pos003--tm--24--ch--Syto9--z--21
0	0	588.2550344467163	-38.99732465744019	-9.86179256439209	-140.7865972518921	1.0	07112023--s--Lm--st--L634--p--C08--pos003--tm--24--ch--Syto9--z--21
0	0	753.1922799065	-55.81517877578735	-23.95424747467041	-159.53174591064453	1.0	18072023--s--Lm--st--L1323--p--B04--pos003--tm--24--ch--Syto9--z--21
0	0	320.80058583759126	-26.68487482070923	-7.671918869018555	-45.17608833312988	1.0	30052023--s--Lm--st--L1764--p--F09--pos005--tm--24--ch--Syto9--z--21
0	0	382.0292459669568	-24.846919298172	7.471805572509766	-50.28356456756592	1.0	30052023--s--Lm--st--L1764--p--G03--pos001--tm--24--ch--Syto9--z--21
0	0	231.9507971264067	-34.18377799987793	-4.058043479919434	-98.0289545059204	1.0	30052023--s--Lm--st--L634--p--D05--pos001--tm--24--ch--Syto9--z--21
0	0	545.2817336945307	-33.35237927436829	20.45192146301269	-117.00975513458252	1.0	18072023--s--Lm--st--L1823--p--E04--pos002--tm--24--ch--Syto9--z--21
0	0	446.4676343827021	-38.862919092178345	-20.051974296569824	-96.49691390991212	1.0	14112023--s--Lm--st--L1323--p--D10--pos004--tm--24--ch--Syto9--z--21
0	0	340.1240958259219	-31.819616556167603	17.25322914123535	-113.66987228393556	1.0	23052023--s--Lm--st--L628--p--C05--pos002--tm--24--ch--Syto9--z--21
0	0	692.8843358357748	-36.846328544616696	16.21515655517578	-91.1263656616211	1.0	14112023--s--Lm--st--L628--p--D07--pos005--tm--24--ch--Syto9--z--21
0	0	254.3533368791853	-26.48108196258545	29.11804580688477	-63.73404407501221	1.0	04072023--s--Lm--st--L1323--p--C09--pos002--tm--24--ch--Syto9--z--21
0	0	512.3348260152908	-44.95986967086792	5.505937576293945	-176.30334281921387	1.0	07112023--s--Lm--st--L1823--p--F02--pos005--tm--24--ch--Syto9--z--21
0	0	128.62039497920446	-21.12964992523193	-1.084756851196289	-89.83054256439209	1.0	25042023--s--Lm--st--19115--p--C05--pos001--tm--24--ch--Syto9--z--21
0	0	532.0063744953701	-31.17864570617676	0.7441320419311523	-118.42325115203856	1.0	18072023--s--Lm--st--L1823--p--E04--pos001--tm--24--ch--Syto9--z--21
0	0	193.4095801398868	-23.61535305976868	3.9992904663085938	-76.93062782287598	1.0	23052023--s--Lm--st--19115--p--F03--pos004--tm--24--ch--Syto9--z--21
0	0	546.4332835333688	-42.137005138397214	-8.527209281921387	-145.18063735961914	1.0	07112023--s--Lm--st--L634--p--C08--pos002--tm--24--ch--Syto9--z--21
0	0	336.0819904690697	-33.49822263717651	0.5753946304321289	-98.32904815673828	1.0	16052023--s--Lm--st--L455--p--F04--pos002--tm--24--ch--Syto9--z--21
0	0	275.6374525796799	-34.35093169212341	-4.790433883666992	-109.59429931640624	1.0	13042023--s--Lm--st--L628--p--C04--pos002--tm--24--ch--Syto9--z--21
0	0	476.49859392075314	-51.609258317947386	-6.087040901184082	-147.88143062591553	1.0	16052023--s--Lm--st--L455--p--F07--pos002--tm--24--ch--Syto9--z--21
0	0	734.486285391308	-52.13216147422791	-28.75264835357666	-68.68318557739258	1.0	13062023--s--Lm--st--L1764--p--F04--pos004--tm--24--ch--Syto9--z--21
0	0	341.17959226880754	-28.81452116966248	-12.002467155456545	-73.34556293487549	1.0	18072023--s--Lm--st--L1323--p--B06--pos005--tm--24--ch--Syto9--z--21
0	0	872.8534370604016	-51.740977668762206	6.088397979736328	-227.1383638381958	1.0	18072023--s--Lm--st--L1823--p--E08--pos005--tm--24--ch--Syto9--z--21
0	0	951.4146287554786	-61.40476016998291	2.051342010498047	-86.3794641494751	1.0	18042023--s--Lm--st--L394--p--C03--pos003--tm--24--ch--Syto9--z--21
0	0	312.4029922031221	-43.04085221290588	-2.644280433654785	-124.22470092773438	1.0	25042023--s--Lm--st--19115--p--C08--pos004--tm--24--ch--Syto9--z--21
0	0	755.4124046961466	-57.7151780128479	19.3681640625	-107.3964262008667	1.0	18042023--s--Lm--st--L394--p--C04--pos004--tm--24--ch--Syto9--z--21
0	0	492.0714363824753	-26.147137928009037	6.96793270111084	-116.99220657348631	1.0	23052023--s--Lm--st--L628--p--D05--pos004--tm--24--ch--Syto9--z--21
0	0	337.3019579024542	-27.91418933868408	-10.850653648376465	-49.41367053985596	1.0	30052023--s--Lm--st--L1764--p--F08--pos005--tm--24--ch--Syto9--z--21
0	0	692.9211381730579	-35.46276865005493	18.96014881134033	-53.23849964141846	1.0	13062023--s--Lm--st--L1764--p--G05--pos005--tm--24--ch--Syto9--z--21
0	0	455.2956775483631	-31.30949740409851	22.84447288513184	-102.84406852722168	1.0	14112023--s--Lm--st--19115--p--G08--pos003--tm--24--ch--Syto9--z--21
0	0	533.3575034368606	-49.87039294242859	-10.904747009277344	-120.21715641021729	1.0	04072023--s--Lm--st--L1823--p--F08--pos003--tm--24--ch--Syto9--z--21
0	0	779.020675886245	-70.98991208076477	21.16616725921631	-200.02844429016116	1.0	28032023--s--Lm--st--L455--p--D06--pos001--tm--24--ch--Syto9--z--21
0	0	465.6402235031128	-27.470319414138796	5.603194236755371	-107.07596111297607	1.0	23052023--s--Lm--st--L628--p--D04--pos004--tm--24--ch--Syto9--z--21
0	0	542.4683604921613	-23.574129104614254	26.655652046203613	-62.811431884765625	1.0	18042023--s--Lm--st--L394--p--C08--pos003--tm--24--ch--Syto9--z--21
0	0	629.5943087623233	-31.2454137802124	123.62619686126708	-161.52547645568848	1.0	23052023--s--Lm--st--L628--p--C03--pos003--tm--24--ch--Syto9--z--21
0	0	185.93340610322497	-25.564727067947388	-3.4224586486816406	-81.33336734771729	1.0	30052023--s--Lm--st--L634--p--D04--pos001--tm--24--ch--Syto9--z--21
0	0	491.0443179720924	-41.865448760986325	-6.181880950927734	-125.73054695129396	1.0	13042023--s--Lm--st--L628--p--D03--pos005--tm--24--ch--Syto9--z--21
0	0	643.7455821264358	-46.95572667121887	-9.108538627624512	-134.15113067626953	1.0	16052023--s--Lm--st--L455--p--F05--pos003--tm--24--ch--Syto9--z--21
0	0	472.08940664927167	-17.96863956451416	46.87020111083984	-34.917236328125	1.0	30052023--s--Lm--st--L1764--p--G05--pos005--tm--24--ch--Syto9--z--21
0	0	383.3344014939808	-37.12180685997009	16.77023220062256	-104.5652027130127	1.0	14112023--s--Lm--st--19115--p--F08--pos003--tm--24--ch--Syto9--z--21
0	0	649.2627986726307	-46.63197350502014	-14.824227333068848	-156.81690788269043	1.0	14112023--s--Lm--st--L628--p--B06--pos002--tm--24--ch--Syto9--z--21
0	0	606.2435638336908	-43.14830055236816	-9.243256568908691	-119.49047565460204	1.0	07112023--s--Lm--st--L1823--p--G04--pos005--tm--24--ch--Syto9--z--21
0	0	194.64500481741769	-25.197350168228148	-1.91585636138916	-66.91005039215088	1.0	23052023--s--Lm--st--19115--p--F08--pos003--tm--24--ch--Syto9--z--21
0	0	363.7534712382725	-27.71770806312561	12.26169204711914	-100.39890193939208	1.0	23052023--s--Lm--st--L628--p--C08--pos002--tm--24--ch--Syto9--z--21
0	0	536.9241575513568	-38.38145208358765	4.012075424194336	-69.05848121643066	1.0	16052023--s--Lm--st--L394--p--D07--pos003--tm--24--ch--Syto9--z--21
0	0	501.7213256018503	-35.811680459976195	-8.145291328430176	-124.95579433441162	1.0	13042023--s--Lm--st--L628--p--D04--pos005--tm--24--ch--Syto9--z--21
0	0	743.893190974281	-35.19118804931641	18.00053596496582	-230.66536045074463	1.0	18072023--s--Lm--st--L1823--p--E08--pos001--tm--24--ch--Syto9--z--21
0	0	900.6172442663284	-60.49802870750428	-39.39324378967285	-88.04666519165039	1.0	13062023--s--Lm--st--L1764--p--F07--pos005--tm--24--ch--Syto9--z--21
0	0	305.0079192661104	-17.82670021057129	17.13331413269043	-26.6895055770874	1.0	16052023--s--Lm--st--L394--p--C06--pos003--tm--24--ch--Syto9--z--21
0	0	355.7432895842053	-43.49428739547729	-2.588430404663086	-101.82071208953856	1.0	13042023--s--Lm--st--L628--p--D08--pos001--tm--24--ch--Syto9--z--21
0	0	316.0842570350284	-17.069502687454225	37.48696708679199	-40.47378921508789	1.0	30052023--s--Lm--st--L1764--p--F07--pos004--tm--24--ch--Syto9--z--21
0	0	676.7893947873797	-43.22610259056091	7.835837364196777	-204.82687854766849	1.0	07112023--s--Lm--st--L1823--p--G03--pos001--tm--24--ch--Syto9--z--21
0	0	321.0818436940511	-42.98267121315003	-5.169000625610352	-103.13417053222656	1.0	04072023--s--Lm--st--L1323--p--C04--pos001--tm--24--ch--Syto9--z--21
0	0	150.1244238444737	-22.670984745025635	-1.092119216918945	-89.25109481811523	1.0	23052023--s--Lm--st--19115--p--F06--pos005--tm--24--ch--Syto9--z--21
0	0	349.9647971561977	-39.81726160049438	45.06676483154297	-115.14541053771973	1.0	13062023--s--Lm--st--L634--p--C05--pos002--tm--24--ch--Syto9--z--21
0	0	819.419574147179	-59.22455615997315	16.49122142791748	-90.5996961593628	1.0	07112023--s--Lm--st--L394--p--B03--pos001--tm--24--ch--Syto9--z--21
0	0	524.5163628260294	-30.19476237297058	57.03923320770264	-128.74762153625488	1.0	23052023--s--Lm--st--L628--p--C05--pos003--tm--24--ch--Syto9--z--21
0	0	680.6824180512201	-44.31216335296631	-14.682917594909668	-104.3104372024536	1.0	16052023--s--Lm--st--L455--p--G07--pos003--tm--24--ch--Syto9--z--21
0	0	530.327254204523	-40.61569809913635	-12.595820426940918	-135.9915256500244	1.0	07112023--s--Lm--st--L634--p--C08--pos001--tm--24--ch--Syto9--z--21
0	0	263.8440731593541	-25.187013959884645	21.5259428024292	-71.07789325714111	1.0	04072023--s--Lm--st--L1323--p--D04--pos002--tm--24--ch--Syto9--z--21
0	0	502.47770577385313	-37.26618585586548	25.033504486083984	-111.22783470153809	1.0	16052023--s--Lm--st--L455--p--F04--pos005--tm--24--ch--Syto9--z--21
0	0	374.94495473589217	-35.56606001853943	31.962451934814453	-129.75933170318604	1.0	14112023--s--Lm--st--19115--p--F08--pos005--tm--24--ch--Syto9--z--21
0	0	322.3297035580589	-29.47683167457581	64.78736209869385	-108.75031661987305	1.0	25042023--s--Lm--st--19115--p--D06--pos004--tm--24--ch--Syto9--z--21
0	0	127.92044530596053	-21.08029112815857	-1.227151870727539	-65.47070407867432	1.0	23052023--s--Lm--st--19115--p--F03--pos001--tm--24--ch--Syto9--z--21
0	0	426.94138731275285	-32.2333544254303	-4.4592790603637695	-140.4920015335083	1.0	23052023--s--Lm--st--L628--p--C10--pos001--tm--24--ch--Syto9--z--21
0	0	312.7855968475342	-31.54902515411377	-4.026165008544922	-114.48259162902832	1.0	14112023--s--Lm--st--19115--p--F09--pos001--tm--24--ch--Syto9--z--21
0	0	739.9243675867716	-48.83219165802002	0.5170316696166992	-235.45373725891116	1.0	23052023--s--Lm--st--L628--p--C08--pos004--tm--24--ch--Syto9--z--21
0	0	764.916135152181	-66.21697568893433	-8.640091896057129	-264.17341232299805	1.0	18072023--s--Lm--st--L1823--p--E08--pos004--tm--24--ch--Syto9--z--21
0	0	260.6721492040725	-17.109544277191162	25.171798706054688	-56.46436500549317	1.0	30052023--s--Lm--st--L1764--p--F06--pos004--tm--24--ch--Syto9--z--21
0	0	532.530900773548	-50.49760775566101	-11.121604919433594	-124.48837566375732	1.0	16052023--s--Lm--st--L455--p--G07--pos004--tm--24--ch--Syto9--z--21
0	0	719.5503347941807	-56.36485576629639	-3.083477020263672	-175.2572717666626	1.0	07112023--s--Lm--st--L634--p--B07--pos001--tm--24--ch--Syto9--z--21
0	0	467.2922336487543	-38.351365613937375	46.52711582183838	-98.84396076202393	1.0	13042023--s--Lm--st--L628--p--D03--pos002--tm--24--ch--Syto9--z--21
0	0	447.6768514996483	-48.06704568862915	15.667238235473633	-146.3988218307495	1.0	13062023--s--Lm--st--L634--p--D05--pos004--tm--24--ch--Syto9--z--21
0	0	571.9696581250146	-30.854682302474977	2.2742414474487305	-61.31254196166992	1.0	18042023--s--Lm--st--L394--p--C07--pos004--tm--24--ch--Syto9--z--21
0	0	376.8671100707281	-37.45214638710022	-4.771792411804199	-94.54065704345705	1.0	30052023--s--Lm--st--L634--p--D03--pos005--tm--24--ch--Syto9--z--21
0	0	825.830628712972	-45.67387685775757	14.352685928344728	-65.19146156311035	1.0	13062023--s--Lm--st--L1764--p--G05--pos002--tm--24--ch--Syto9--z--21
0	0	523.9129008338565	-39.53116536140442	-5.740353584289551	-131.70704460144043	1.0	04072023--s--Lm--st--L1823--p--F10--pos004--tm--24--ch--Syto9--z--21
0	0	807.6994432267688	-65.03351373672486	-19.13673496246338	-165.95546627044678	1.0	14112023--s--Lm--st--L455--p--D03--pos005--tm--24--ch--Syto9--z--21
0	0	576.9983584994361	-28.329602432250976	91.4411392211914	-67.62928199768066	1.0	16052023--s--Lm--st--L394--p--D06--pos003--tm--24--ch--Syto9--z--21
0	0	979.1015678133284	-68.23235940933228	-14.437714576721191	-201.13081169128415	1.0	13042023--s--Lm--st--L628--p--C03--pos003--tm--24--ch--Syto9--z--21
0	0	690.1308539708456	-37.27575368881226	-1.2019262313842771	-246.4167852401733	1.0	13042023--s--Lm--st--L628--p--D08--pos005--tm--24--ch--Syto9--z--21
0	0	247.52928052629744	-35.22882833480835	-2.347177505493164	-101.26636505126952	1.0	25042023--s--Lm--st--19115--p--D04--pos004--tm--24--ch--Syto9--z--21
0	0	504.91236218952	-36.164652824401855	33.651808738708496	-100.35728073120116	1.0	16052023--s--Lm--st--L455--p--F04--pos003--tm--24--ch--Syto9--z--21
0	0	1264.3237068085443	-52.24221477508545	76.16762256622314	-87.26272392272949	1.0	14112023--s--Lm--st--L1764--p--G04--pos005--tm--24--ch--Syto9--z--21
0	0	54.202427500770206	-7.248492765426636	-0.3117055892944336	-22.246113777160645	1.0	25042023--s--Lm--st--19115--p--C04--pos001--tm--24--ch--Syto9--z--21
0	0	496.4718771889096	-49.05784711837769	-13.966390609741213	-120.71539783477785	1.0	13062023--s--Lm--st--L634--p--D03--pos001--tm--24--ch--Syto9--z--21
0	0	384.5880917594546	-34.507749462127684	-0.8234329223632812	-57.609965324401855	1.0	04072023--s--Lm--st--L1323--p--C06--pos003--tm--24--ch--Syto9--z--21
0	0	243.29477473667689	-33.180710315704346	7.901371002197266	-123.79080963134766	1.0	25042023--s--Lm--st--19115--p--D05--pos005--tm--24--ch--Syto9--z--21
0	0	539.6700417654855	-64.13326282501221	-9.566658020019531	-151.716402053833	1.0	13062023--s--Lm--st--L634--p--C10--pos004--tm--24--ch--Syto9--z--21
0	0	514.4174962724958	-50.766141986846925	-2.361447334289551	-170.60995197296145	1.0	07112023--s--Lm--st--L1823--p--F03--pos001--tm--24--ch--Syto9--z--21
0	0	665.7885548727853	-47.00046491622925	77.22691440582275	-182.9822416305542	1.0	28032023--s--Lm--st--L455--p--D07--pos003--tm--24--ch--Syto9--z--21
0	0	454.77127438499815	-51.87031316757202	-8.675695419311523	-119.1242380142212	1.0	07112023--s--Lm--st--L1823--p--G04--pos001--tm--24--ch--Syto9--z--21
0	0	661.0170645940872	-53.2495780467987	19.66642951965332	-247.87818813323972	1.0	18072023--s--Lm--st--L1823--p--F03--pos004--tm--24--ch--Syto9--z--21
0	0	378.2923736118135	-31.47388825416565	3.356058120727539	-68.8948917388916	1.0	13062023--s--Lm--st--L634--p--D03--pos002--tm--24--ch--Syto9--z--21
0	0	818.8139771052769	-74.10702991485596	-20.12831974029541	-236.0733757019043	1.0	13042023--s--Lm--st--L628--p--C04--pos003--tm--24--ch--Syto9--z--21
0	0	856.6811054320563	-36.33057985305786	178.38768482208252	-182.5003366470337	1.0	28032023--s--Lm--st--L455--p--C05--pos005--tm--24--ch--Syto9--z--21
0	0	415.2086857386998	-45.51463050842285	-8.414012908935547	-105.61225032806396	1.0	16052023--s--Lm--st--L455--p--G06--pos001--tm--24--ch--Syto9--z--21
0	0	669.9771979649862	-66.0093644618988	-8.75407886505127	-159.41002368927002	1.0	04072023--s--Lm--st--L1823--p--G05--pos002--tm--24--ch--Syto9--z--21
0	0	403.94336246308825	-25.897103309631348	32.11561870574951	-53.7643461227417	1.0	16052023--s--Lm--st--L394--p--D06--pos001--tm--24--ch--Syto9--z--21
0	0	498.883852095831	-33.379094219207765	64.3667106628418	-111.58774852752686	1.0	14112023--s--Lm--st--19115--p--F09--pos004--tm--24--ch--Syto9--z--21
0	0	435.6423561005365	-47.02800164222717	-6.076032638549805	-105.64975070953368	1.0	04072023--s--Lm--st--L1823--p--F04--pos001--tm--24--ch--Syto9--z--21
0	0	428.46705954415455	-46.24038591384888	-7.983567237854004	-123.77672672271729	1.0	07112023--s--Lm--st--L1823--p--G04--pos002--tm--24--ch--Syto9--z--21
0	0	419.9725794110979	-23.150069093704225	82.00079822540283	-51.003180503845215	1.0	16052023--s--Lm--st--L394--p--D04--pos004--tm--24--ch--Syto9--z--21
0	0	915.761449950082	-39.79669208526612	24.89888572692871	-178.81663990020752	1.0	18072023--s--Lm--st--L1823--p--E08--pos003--tm--24--ch--Syto9--z--21
0	0	331.87238230024064	-19.46651496887207	48.78970336914063	-45.033644676208496	1.0	30052023--s--Lm--st--L1764--p--F06--pos001--tm--24--ch--Syto9--z--21
0	0	1352.9605214255196	-63.653065299987794	51.45650672912598	-126.73873043060304	1.0	14112023--s--Lm--st--L1764--p--F04--pos005--tm--24--ch--Syto9--z--21
0	0	118.44788496834892	-19.32688269615173	-0.6837539672851562	-70.59151458740234	1.0	25042023--s--Lm--st--19115--p--C06--pos001--tm--24--ch--Syto9--z--21
0	0	603.463368779137	-46.96838808059693	2.4146947860717773	-152.70887088775635	1.0	07112023--s--Lm--st--L1823--p--F03--pos003--tm--24--ch--Syto9--z--21
0	0	312.9775346574329	-30.63507523536682	40.98818778991699	-79.10332775115967	1.0	04072023--s--Lm--st--L1323--p--C09--pos004--tm--24--ch--Syto9--z--21
0	0	450.3028322855632	-22.412317562103272	60.447285652160645	-43.1899995803833	1.0	16052023--s--Lm--st--L394--p--D06--pos005--tm--24--ch--Syto9--z--21
0	0	800.3210292543683	-75.10565795898438	-29.611421585083008	-197.3318929672241	1.0	14112023--s--Lm--st--L455--p--C02--pos002--tm--24--ch--Syto9--z--21
0	0	440.0801000140962	-54.34030551910401	18.303861618041992	-169.87864017486572	1.0	13062023--s--Lm--st--L634--p--C06--pos001--tm--24--ch--Syto9--z--21
0	0	488.4220253626506	-20.46834554672241	68.30921173095703	-46.9840784072876	1.0	16052023--s--Lm--st--L394--p--C03--pos002--tm--24--ch--Syto9--z--21
0	0	536.8359140668597	-57.79434957504272	-5.966367721557617	-145.81716442108154	1.0	04072023--s--Lm--st--L1823--p--F05--pos002--tm--24--ch--Syto9--z--21
0	0	692.9415251413981	-47.081707620620726	87.61727142333984	-107.97667407989502	1.0	28032023--s--Lm--st--L455--p--D08--pos001--tm--24--ch--Syto9--z--21
0	0	183.6666498184204	-31.528397226333617	-1.277324676513672	-122.02231311798096	1.0	23052023--s--Lm--st--19115--p--F09--pos001--tm--24--ch--Syto9--z--21
0	0	592.256006422497	-43.19490275382996	3.315913200378418	-107.30171871185304	1.0	18072023--s--Lm--st--L1823--p--E02--pos002--tm--24--ch--Syto9--z--21
0	0	391.2759132839385	-33.54059457778931	24.106504440307617	-66.62239742279053	1.0	04072023--s--Lm--st--L1323--p--C09--pos001--tm--24--ch--Syto9--z--21
0	0	569.2459565571377	-55.35199656486511	-16.72049045562744	-149.07631874084473	1.0	07112023--s--Lm--st--L634--p--B08--pos002--tm--24--ch--Syto9--z--21
0	0	574.6381191980271	-50.9924934387207	-6.953455924987793	-199.3237009048462	1.0	28032023--s--Lm--st--L455--p--D03--pos003--tm--24--ch--Syto9--z--21
0	0	804.5643825076875	-21.18780832290649	153.7734413146973	-91.12884616851808	1.0	18042023--s--Lm--st--L394--p--D08--pos004--tm--24--ch--Syto9--z--21
0	0	821.806014696757	-58.53915390968323	-15.519012451171877	-214.5860300064087	1.0	07112023--s--Lm--st--L634--p--B08--pos005--tm--24--ch--Syto9--z--21
0	0	191.23021879650295	-21.158365345001226	47.75029850006104	-79.75318145751953	1.0	23052023--s--Lm--st--19115--p--F10--pos004--tm--24--ch--Syto9--z--21
0	0	259.2962795439221	-28.097897052764893	12.68930435180664	-74.315598487854	1.0	04072023--s--Lm--st--L1323--p--C08--pos002--tm--24--ch--Syto9--z--21
0	0	1260.1967283430554	-46.27850513458252	107.66214656829834	-92.79998207092284	1.0	14112023--s--Lm--st--L1764--p--F03--pos005--tm--24--ch--Syto9--z--21
0	0	511.7666315805344	-52.72472462654114	-21.31023597717285	-134.58135604858398	1.0	18072023--s--Lm--st--L1323--p--B06--pos004--tm--24--ch--Syto9--z--21
0	0	322.79258777981715	-34.77062196731568	-5.745487213134766	-68.94741535186768	1.0	14112023--s--Lm--st--L1323--p--D11--pos004--tm--24--ch--Syto9--z--21
0	0	136.58963289714995	-20.207341718673707	-0.9084453582763672	-75.66078186035156	1.0	23052023--s--Lm--st--19115--p--F10--pos001--tm--24--ch--Syto9--z--21
0	0	1340.8915483838036	-80.51343402862548	-11.492402076721191	-328.403434753418	1.0	13042023--s--Lm--st--L628--p--C05--pos005--tm--24--ch--Syto9--z--21
0	0	357.1546552748908	-34.42986087799072	-12.589526176452637	-85.2847490310669	1.0	18072023--s--Lm--st--L1323--p--B04--pos005--tm--24--ch--Syto9--z--21
0	0	229.416193825858	-32.02897515296936	-2.0236825942993164	-81.86433219909668	1.0	04072023--s--Lm--st--L1323--p--C07--pos004--tm--24--ch--Syto9--z--21
0	0	582.1415786289033	-35.49808540344238	-7.733061790466309	-128.9479579925537	1.0	14112023--s--Lm--st--L628--p--D06--pos001--tm--24--ch--Syto9--z--21
0	0	190.65958658854169	-25.02309856414795	-2.738284111022949	-76.36773872375488	1.0	14112023--s--Lm--st--L1323--p--C10--pos002--tm--24--ch--Syto9--z--21
0	0	506.69526495252336	-34.74973301887512	70.35505294799805	-141.49380683898926	1.0	23052023--s--Lm--st--L628--p--C05--pos005--tm--24--ch--Syto9--z--21
0	0	710.3663119815644	-32.25600690841675	34.776015281677246	-49.84583377838135	1.0	13062023--s--Lm--st--L1764--p--F10--pos005--tm--24--ch--Syto9--z--21
0	0	338.19513597942534	-51.348339557647705	-5.8340606689453125	-218.29791355133057	1.0	30052023--s--Lm--st--L634--p--C07--pos004--tm--24--ch--Syto9--z--21
0	0	865.0987214133853	-60.83770642280579	-41.711910247802734	-76.28447818756104	1.0	13062023--s--Lm--st--L1764--p--F07--pos002--tm--24--ch--Syto9--z--21
0	0	742.303540002732	-50.79197025299072	-10.109427452087402	-208.39578819274905	1.0	13042023--s--Lm--st--L628--p--D08--pos003--tm--24--ch--Syto9--z--21
0	0	368.15617338816327	-43.489616346359256	-5.748888969421387	-199.12066745758057	1.0	13042023--s--Lm--st--L628--p--D06--pos001--tm--24--ch--Syto9--z--21
0	0	450.7696027755737	-33.67466049194336	-6.376626014709473	-97.30038356781006	1.0	04072023--s--Lm--st--L1823--p--G04--pos003--tm--24--ch--Syto9--z--21
0	0	350.0231053488596	-24.435460090637207	64.05914974212646	-95.42387008666992	1.0	04072023--s--Lm--st--L1323--p--D04--pos004--tm--24--ch--Syto9--z--21
0	0	263.93049953097386	-37.02871050834656	-5.1833600997924805	-132.94569778442383	1.0	30052023--s--Lm--st--L634--p--C08--pos001--tm--24--ch--Syto9--z--21
0	0	430.442622638884	-24.156058168411256	9.089158058166504	-56.69102668762207	1.0	18042023--s--Lm--st--L394--p--C07--pos002--tm--24--ch--Syto9--z--21
0	0	572.6506245476859	-72.15073056221009	-9.652294158935549	-158.23145866394043	1.0	04072023--s--Lm--st--L1823--p--F09--pos002--tm--24--ch--Syto9--z--21
0	0	529.3440044039771	-43.70147581100464	22.04124641418457	-210.456693649292	1.0	18072023--s--Lm--st--L1823--p--E11--pos001--tm--24--ch--Syto9--z--21
0	0	564.7785369782221	-46.00495848655701	2.402703285217285	-166.18247985839844	1.0	07112023--s--Lm--st--L1823--p--F03--pos005--tm--24--ch--Syto9--z--21
0	0	1147.7983107793898	-48.05050210952759	74.33179092407227	-117.55244636535645	1.0	14112023--s--Lm--st--L1764--p--F03--pos004--tm--24--ch--Syto9--z--21
0	0	775.3950826554071	-49.86756110191345	-33.14543914794922	-69.80577182769775	1.0	13062023--s--Lm--st--L1764--p--F06--pos001--tm--24--ch--Syto9--z--21
0	0	307.39036491939	-30.17939071655273	-8.052982330322266	-67.19737243652344	1.0	18072023--s--Lm--st--L1323--p--B05--pos005--tm--24--ch--Syto9--z--21
0	0	371.3141612552461	-42.2024820804596	-10.435112953186035	-113.03779888153076	1.0	18072023--s--Lm--st--L1323--p--B03--pos001--tm--24--ch--Syto9--z--21
0	0	371.14210196903775	-42.66929092407226	-8.684636116027832	-97.19435691833496	1.0	18072023--s--Lm--st--L1323--p--B08--pos001--tm--24--ch--Syto9--z--21
0	0	251.6195581981114	-14.141491794586182	-6.120570182800293	-22.630027770996094	1.0	30052023--s--Lm--st--L1764--p--F08--pos002--tm--24--ch--Syto9--z--21
0	0	846.8950323831467	-70.3385754585266	137.52738571166992	-200.0621900558472	1.0	28032023--s--Lm--st--L455--p--C05--pos001--tm--24--ch--Syto9--z--21
0	0	406.1820836748396	-22.32207536697388	23.970033645629883	-39.31844425201416	1.0	30052023--s--Lm--st--L1764--p--G05--pos002--tm--24--ch--Syto9--z--21
0	0	263.6684373219808	-18.659810256958007	-0.5243473052978516	-51.55232524871826	1.0	16052023--s--Lm--st--L455--p--G03--pos005--tm--24--ch--Syto9--z--21
0	0	265.4421189626058	-28.26732378005981	53.75862979888916	-107.29885673522948	1.0	23052023--s--Lm--st--19115--p--G04--pos004--tm--24--ch--Syto9--z--21
0	0	404.1358817418416	-52.82306036949158	-1.6311159133911133	-201.0114316940308	1.0	13042023--s--Lm--st--L628--p--D07--pos001--tm--24--ch--Syto9--z--21
0	0	373.47519329616	-50.22011127471924	-4.392084121704102	-141.63140869140625	1.0	25042023--s--Lm--st--19115--p--C04--pos003--tm--24--ch--Syto9--z--21
0	0	657.6079495747884	-45.87868647575378	1.932046890258789	-126.7168426513672	1.0	14112023--s--Lm--st--L628--p--D06--pos004--tm--24--ch--Syto9--z--21
0	0	723.6746085938953	-30.89714617729187	112.79918479919434	-68.11579990386963	1.0	16052023--s--Lm--st--L394--p--C03--pos005--tm--24--ch--Syto9--z--21
0	0	406.3045239675613	-43.988044548034665	-4.825508117675781	-86.33399868011475	1.0	16052023--s--Lm--st--L455--p--G07--pos001--tm--24--ch--Syto9--z--21
0	0	375.562442734128	-40.39144525527954	-7.273639678955078	-110.16162300109865	1.0	04072023--s--Lm--st--L1823--p--F08--pos001--tm--24--ch--Syto9--z--21
0	0	289.75261424836657	-30.771854305267333	35.946547508239746	-100.11696720123292	1.0	14112023--s--Lm--st--19115--p--G09--pos002--tm--24--ch--Syto9--z--21
0	0	686.090288616362	-35.347573375701906	26.63424015045166	-53.66399955749512	1.0	13062023--s--Lm--st--L1764--p--G03--pos002--tm--24--ch--Syto9--z--21
0	0	413.9124605088007	-30.77867889404297	9.322269439697266	-48.98640727996826	1.0	16052023--s--Lm--st--L394--p--D07--pos001--tm--24--ch--Syto9--z--21
0	0	603.0795445215134	-46.89084730148316	129.63104152679443	-178.72386169433594	1.0	13062023--s--Lm--st--L634--p--C07--pos005--tm--24--ch--Syto9--z--21
0	0	210.67822088514052	-15.410125494003296	0.248046875	-29.82851886749268	1.0	18042023--s--Lm--st--L394--p--C06--pos001--tm--24--ch--Syto9--z--21
0	0	282.5151651927403	-29.347694826126094	30.169841766357425	-71.63056755065918	1.0	04072023--s--Lm--st--L1323--p--C10--pos002--tm--24--ch--Syto9--z--21
0	0	438.5243146533058	-27.035734701156617	5.407905578613281	-91.4424180984497	1.0	28032023--s--Lm--st--L455--p--D04--pos003--tm--24--ch--Syto9--z--21
0	0	153.2063570022583	-26.48889684677124	-0.9787139892578124	-140.62569999694824	1.0	30052023--s--Lm--st--L634--p--C05--pos001--tm--24--ch--Syto9--z--21
0	0	258.7086415517898	-19.82440447807312	6.400971412658691	-35.08278274536133	1.0	30052023--s--Lm--st--L1764--p--F10--pos004--tm--24--ch--Syto9--z--21
0	0	560.6592415400913	-73.51975040435791	-7.402132987976074	-169.57549953460693	1.0	04072023--s--Lm--st--L1823--p--F09--pos001--tm--24--ch--Syto9--z--21
0	0	327.634525798616	-37.30664205551148	18.0099458694458	-107.28920269012453	1.0	25042023--s--Lm--st--19115--p--D04--pos003--tm--24--ch--Syto9--z--21
0	0	713.5659569331577	-20.76726694107056	30.993749618530277	-127.11598682403564	1.0	18072023--s--Lm--st--L1823--p--E05--pos003--tm--24--ch--Syto9--z--21
0	0	260.3686732791719	-24.61844372749329	2.284953117370605	-56.715346336364746	1.0	30052023--s--Lm--st--L1764--p--F10--pos003--tm--24--ch--Syto9--z--21
0	0	802.4589161645798	-35.49279522895813	21.5195426940918	-73.58722114562988	1.0	14112023--s--Lm--st--L1764--p--G04--pos002--tm--24--ch--Syto9--z--21
0	0	626.5726506369455	-31.75815291404724	23.997934341430664	-51.16013526916504	1.0	13062023--s--Lm--st--L1764--p--F10--pos002--tm--24--ch--Syto9--z--21
0	0	399.4173845109485	-18.40356421470642	35.56623077392578	-40.07340431213379	1.0	30052023--s--Lm--st--L1764--p--F06--pos005--tm--24--ch--Syto9--z--21
0	0	706.7402933665684	-54.26995949745178	60.96817874908447	-226.14850234985352	1.0	28032023--s--Lm--st--L455--p--C08--pos005--tm--24--ch--Syto9--z--21
0	0	1135.3439930961244	-52.2216362953186	56.808167457580566	-92.52908897399902	1.0	14112023--s--Lm--st--L1764--p--G03--pos001--tm--24--ch--Syto9--z--21
0	0	502.738260950361	-47.50779118537903	-6.742969512939453	-117.42997169494627	1.0	04072023--s--Lm--st--L1823--p--F10--pos003--tm--24--ch--Syto9--z--21
0	0	1300.3339534032912	-54.550584983825686	53.42563438415527	-110.9903793334961	1.0	14112023--s--Lm--st--L1764--p--F04--pos004--tm--24--ch--Syto9--z--21
0	0	336.4134828022548	-30.00760464668274	-14.675891876220703	-68.10863780975342	1.0	14112023--s--Lm--st--L1323--p--C11--pos005--tm--24--ch--Syto9--z--21
0	0	846.6688599359421	-57.48530082702637	-16.2346248626709	-218.87803649902344	1.0	14112023--s--Lm--st--L628--p--B06--pos003--tm--24--ch--Syto9--z--21
0	0	304.5419939131964	-39.7351273059845	-3.877065658569336	-92.43620777130128	1.0	04072023--s--Lm--st--L1323--p--C04--pos002--tm--24--ch--Syto9--z--21
0	0	465.5307959147862	-33.107811498641965	38.666954040527344	-95.40883159637453	1.0	23052023--s--Lm--st--L628--p--C03--pos002--tm--24--ch--Syto9--z--21
0	0	495.1814766838437	-38.60261740684509	18.71977996826172	-82.04921245574951	1.0	18042023--s--Lm--st--L394--p--C03--pos002--tm--24--ch--Syto9--z--21
0	0	977.4205147879464	-86.0409688949585	-24.999446868896484	-138.60936069488525	1.0	07112023--s--Lm--st--L394--p--B02--pos001--tm--24--ch--Syto9--z--21
0	0	355.8843144916353	-29.629517984390255	24.68881320953369	-77.92297172546387	1.0	16052023--s--Lm--st--L455--p--G04--pos002--tm--24--ch--Syto9--z--21
0	0	824.3166107450213	-56.4897855758667	-35.346877098083496	-73.09852123260498	1.0	13062023--s--Lm--st--L1764--p--F07--pos003--tm--24--ch--Syto9--z--21
0	0	485.1686945869809	-58.32659554481506	-11.207372665405272	-152.74347496032715	1.0	13062023--s--Lm--st--L634--p--C08--pos002--tm--24--ch--Syto9--z--21
0	0	747.9702623912266	-26.20031261444092	24.97104835510254	-50.40273094177246	1.0	13062023--s--Lm--st--L1764--p--F09--pos001--tm--24--ch--Syto9--z--21
0	0	286.422263327099	-31.42058658599853	10.520378112792969	-89.63665390014648	1.0	23052023--s--Lm--st--L628--p--D05--pos002--tm--24--ch--Syto9--z--21
0	0	394.5213513147263	-24.574705600738525	-3.819601058959961	-43.02889347076416	1.0	30052023--s--Lm--st--L1764--p--G05--pos001--tm--24--ch--Syto9--z--21
0	0	807.1253257478986	-51.51134204864502	23.332484245300293	-71.38881397247314	1.0	07112023--s--Lm--st--L394--p--B03--pos002--tm--24--ch--Syto9--z--21
0	0	271.9026728584653	-33.89142808914185	8.648099899291992	-111.40348815917967	1.0	30052023--s--Lm--st--L634--p--D05--pos005--tm--24--ch--Syto9--z--21
0	0	785.4511140187582	-37.63542094230652	-10.06639003753662	-136.96834754943848	1.0	18072023--s--Lm--st--L1823--p--E06--pos004--tm--24--ch--Syto9--z--21
0	0	130.44793923695883	-18.17126350402832	-1.4238834381103516	-60.46919345855713	1.0	23052023--s--Lm--st--19115--p--F10--pos002--tm--24--ch--Syto9--z--21
0	0	192.3240454537528	-23.811123180389405	-2.191220283508301	-80.09696388244629	1.0	30052023--s--Lm--st--L634--p--D04--pos002--tm--24--ch--Syto9--z--21
0	0	343.0770427613031	-40.977125024795534	-7.524584770202637	-119.4431266784668	1.0	30052023--s--Lm--st--L634--p--C08--pos003--tm--24--ch--Syto9--z--21
0	0	147.69182000841414	-17.996624517440797	-0.0981416702270507	-61.10621166229248	1.0	23052023--s--Lm--st--19115--p--F04--pos002--tm--24--ch--Syto9--z--21
0	0	722.2428958529517	-42.96940460205078	19.994654655456543	-105.89556217193604	1.0	04072023--s--Lm--st--L1823--p--F07--pos004--tm--24--ch--Syto9--z--21
0	0	905.4585074470156	-32.342004489898684	58.925055503845215	-77.65261745452881	1.0	14112023--s--Lm--st--L1764--p--F03--pos002--tm--24--ch--Syto9--z--21
0	0	889.9486945016043	-45.47596349716186	15.243597030639648	-286.0021629333496	1.0	18072023--s--Lm--st--L1823--p--E09--pos005--tm--24--ch--Syto9--z--21
0	0	790.101930572873	-48.52859554290772	-31.165042877197266	-82.54764652252197	1.0	13062023--s--Lm--st--L1764--p--F07--pos001--tm--24--ch--Syto9--z--21
0	0	343.7204325993856	-23.61848378181457	23.205714225769043	-46.2518196105957	1.0	16052023--s--Lm--st--L394--p--D04--pos001--tm--24--ch--Syto9--z--21
0	0	620.5119257427398	-53.8042733669281	-16.465153694152832	-147.97893810272217	1.0	18072023--s--Lm--st--L1323--p--B07--pos002--tm--24--ch--Syto9--z--21
0	0	614.4053929192679	-33.59501504898071	64.71947383880615	-179.83574676513672	1.0	18072023--s--Lm--st--L1823--p--E10--pos003--tm--24--ch--Syto9--z--21
0	0	549.4810426802862	-19.753671312332152	96.50050926208496	-47.778923988342285	1.0	16052023--s--Lm--st--L394--p--D06--pos004--tm--24--ch--Syto9--z--21
0	0	365.3058470317296	-29.04299726486206	117.0220422744751	-109.3060827255249	1.0	25042023--s--Lm--st--19115--p--D07--pos002--tm--24--ch--Syto9--z--21
0	0	256.2594195774623	-14.838211822509766	26.31617832183838	-33.54035949707031	1.0	16052023--s--Lm--st--L394--p--D05--pos001--tm--24--ch--Syto9--z--21
0	0	563.4350572313581	-32.587471866607665	37.30738639831543	-163.4288387298584	1.0	23052023--s--Lm--st--L628--p--C08--pos003--tm--24--ch--Syto9--z--21
0	0	813.419328507923	-36.747123670578006	31.319643020629883	-145.20954036712646	1.0	23052023--s--Lm--st--L628--p--C04--pos004--tm--24--ch--Syto9--z--21
0	0	916.9499304181054	-46.20900311470032	14.317580223083496	-276.74914836883545	1.0	18072023--s--Lm--st--L1823--p--E09--pos003--tm--24--ch--Syto9--z--21
0	0	842.91171673366	-47.6580536365509	-25.450876235961918	-64.77291202545166	1.0	13062023--s--Lm--st--L1764--p--F06--pos003--tm--24--ch--Syto9--z--21
0	0	720.1844958350772	-67.03037395477295	-29.86810779571533	-183.4915895462036	1.0	07112023--s--Lm--st--L634--p--C09--pos005--tm--24--ch--Syto9--z--21
0	0	535.4119708197458	-30.4912127494812	2.98501205444336	-123.26301193237305	1.0	23052023--s--Lm--st--L628--p--C10--pos005--tm--24--ch--Syto9--z--21
0	0	444.4101141066778	-58.040590047836304	-6.102975845336914	-149.7424259185791	1.0	13062023--s--Lm--st--L634--p--C09--pos005--tm--24--ch--Syto9--z--21
0	0	363.2749297732399	-24.790831518173217	-3.461733818054199	-38.03942489624024	1.0	30052023--s--Lm--st--L1764--p--F10--pos005--tm--24--ch--Syto9--z--21
0	0	489.6453109922864	-46.770245265960696	-7.381780624389648	-102.45139598846436	1.0	16052023--s--Lm--st--L455--p--F05--pos004--tm--24--ch--Syto9--z--21
0	0	984.5363685971216	-70.34527578353882	-23.00770854949951	-198.32180786132807	1.0	07112023--s--Lm--st--L634--p--B09--pos003--tm--24--ch--Syto9--z--21
0	0	494.5428622109549	-29.37764286994934	19.181147575378414	-46.28864669799805	1.0	18042023--s--Lm--st--L394--p--C06--pos003--tm--24--ch--Syto9--z--21
0	0	330.2413611639114	-33.61541595458984	-8.577656745910645	-89.52937507629395	1.0	14112023--s--Lm--st--L1323--p--D10--pos001--tm--24--ch--Syto9--z--21
0	0	536.0102094468616	-49.47751364707947	-6.274688720703125	-151.17523193359375	1.0	07112023--s--Lm--st--L1823--p--F02--pos002--tm--24--ch--Syto9--z--21
0	0	325.99822135198684	-27.52598180770874	52.589417457580566	-138.18513011932373	1.0	25042023--s--Lm--st--19115--p--D06--pos002--tm--24--ch--Syto9--z--21
0	0	257.906057312375	-17.76509575843811	-6.835995674133301	-31.82261276245117	1.0	30052023--s--Lm--st--L1764--p--F08--pos001--tm--24--ch--Syto9--z--21
0	0	277.8724342073713	-35.89114050865173	-3.491147041320801	-80.54805660247803	1.0	04072023--s--Lm--st--L1323--p--C05--pos004--tm--24--ch--Syto9--z--21
0	0	414.0521262032645	-26.000079488754277	107.0434045791626	-92.50552654266356	1.0	16052023--s--Lm--st--L455--p--G04--pos003--tm--24--ch--Syto9--z--21
0	0	979.6908031645276	-71.26204347610474	-16.06636333465576	-245.82105350494385	1.0	13042023--s--Lm--st--L628--p--C03--pos005--tm--24--ch--Syto9--z--21
0	0	590.3114287512643	-30.300681114196777	4.907419204711914	-140.03879737854004	1.0	23052023--s--Lm--st--L628--p--C10--pos004--tm--24--ch--Syto9--z--21
0	0	359.1726927076067	-31.532318687438966	75.71274852752686	-116.3264389038086	1.0	25042023--s--Lm--st--19115--p--D06--pos005--tm--24--ch--Syto9--z--21
0	0	457.389794803801	-44.81177473068237	-8.592958450317383	-121.85807991027832	1.0	16052023--s--Lm--st--L455--p--G07--pos002--tm--24--ch--Syto9--z--21
0	0	414.5622961407616	-29.774099826812744	48.8191499710083	-98.2045030593872	1.0	14112023--s--Lm--st--19115--p--G09--pos004--tm--24--ch--Syto9--z--21
0	0	320.26270216987245	-19.79774870872497	39.48537254333496	-33.299729347229004	1.0	18042023--s--Lm--st--L394--p--C06--pos005--tm--24--ch--Syto9--z--21
0	0	390.4609193347749	-49.73256983757019	-6.20989990234375	-152.4446325302124	1.0	04072023--s--Lm--st--L1823--p--F10--pos001--tm--24--ch--Syto9--z--21
0	0	899.9902447291782	-66.01144499778748	143.3120174407959	-222.0940647125244	1.0	28032023--s--Lm--st--L455--p--C07--pos002--tm--24--ch--Syto9--z--21
0	0	228.63751979101272	-15.801228666305542	17.187789916992188	-28.384069442749023	1.0	16052023--s--Lm--st--L394--p--C06--pos002--tm--24--ch--Syto9--z--21
0	0	874.664302280971	-68.03086061477661	29.29179954528809	-111.27809143066406	1.0	07112023--s--Lm--st--L394--p--C03--pos002--tm--24--ch--Syto9--z--21
0	0	560.3812471571423	-47.161726808547975	-20.960834503173828	-132.6830244064331	1.0	18072023--s--Lm--st--L1323--p--B10--pos005--tm--24--ch--Syto9--z--21
0	0	301.0549305507115	-13.88003168106079	47.79493713378906	-26.081393241882324	1.0	16052023--s--Lm--st--L394--p--C04--pos005--tm--24--ch--Syto9--z--21
0	0	408.7531909034366	-37.52369790077209	-5.757163047790527	-93.68206787109376	1.0	14112023--s--Lm--st--19115--p--F08--pos002--tm--24--ch--Syto9--z--21
0	0	382.4595570791336	-45.69459433555603	-7.665365219116211	-149.1535348892212	1.0	13062023--s--Lm--st--L634--p--D05--pos005--tm--24--ch--Syto9--z--21
0	0	220.1768277940296	-35.05698037147522	-3.440593719482422	-182.53273105621335	1.0	30052023--s--Lm--st--L634--p--C07--pos001--tm--24--ch--Syto9--z--21
0	0	431.56065218789234	-21.27324542999268	46.55508041381836	-38.87203884124756	1.0	30052023--s--Lm--st--L1764--p--G03--pos002--tm--24--ch--Syto9--z--21
0	0	564.1192308153425	-52.12596139907837	37.01657009124756	-129.2588768005371	1.0	13062023--s--Lm--st--L634--p--D03--pos003--tm--24--ch--Syto9--z--21
0	0	552.8209841137841	-38.73786640167236	75.25173759460449	-101.98914051055908	1.0	18072023--s--Lm--st--L1823--p--E06--pos002--tm--24--ch--Syto9--z--21
0	0	299.97080312456404	-30.296102142333982	-7.718438148498535	-74.19229221343994	1.0	14112023--s--Lm--st--L1323--p--C10--pos005--tm--24--ch--Syto9--z--21
0	0	563.0320469992502	-59.99441394805908	-17.634215354919434	-179.55095672607422	1.0	13062023--s--Lm--st--L634--p--C10--pos003--tm--24--ch--Syto9--z--21
0	0	676.4710002626691	-30.15298018455505	131.057448387146	-95.85436916351318	1.0	18042023--s--Lm--st--L394--p--D05--pos002--tm--24--ch--Syto9--z--21
0	0	292.6271696544829	-20.205889463424683	25.792494773864743	-35.848713874816895	1.0	16052023--s--Lm--st--L394--p--D08--pos005--tm--24--ch--Syto9--z--21
0	0	592.4850191388812	-25.166777896881104	65.32356262207031	-161.41056632995603	1.0	23052023--s--Lm--st--L628--p--C06--pos004--tm--24--ch--Syto9--z--21
0	0	939.8586980274746	-42.14853682518005	131.06925201416016	-93.32053184509276	1.0	18042023--s--Lm--st--L394--p--D05--pos003--tm--24--ch--Syto9--z--21
0	0	305.8381331307547	-23.998179340362547	0.1911888122558593	-47.43877410888672	1.0	30052023--s--Lm--st--L1764--p--F08--pos004--tm--24--ch--Syto9--z--21
0	0	762.197386605399	-64.54574699401856	-31.059712409973145	-97.18291187286376	1.0	13062023--s--Lm--st--L1764--p--F04--pos003--tm--24--ch--Syto9--z--21
0	0	306.61523137773787	-18.412114953994752	31.740727424621586	-40.684651374816895	1.0	18042023--s--Lm--st--L394--p--C07--pos001--tm--24--ch--Syto9--z--21
0	0	777.1186802727835	-91.12418246269226	-16.187556266784668	-200.06645107269287	1.0	04072023--s--Lm--st--L1823--p--F09--pos003--tm--24--ch--Syto9--z--21
0	0	248.95664578392396	-31.80440669059753	5.040992736816406	-107.9489278793335	1.0	23052023--s--Lm--st--19115--p--F05--pos003--tm--24--ch--Syto9--z--21
0	0	576.633463814145	-27.835660123825072	72.47512340545654	-62.75310516357422	1.0	16052023--s--Lm--st--L394--p--D04--pos003--tm--24--ch--Syto9--z--21
0	0	316.49495533534457	-25.28074607849121	68.03748607635498	-75.36171340942383	1.0	04072023--s--Lm--st--L1323--p--D04--pos001--tm--24--ch--Syto9--z--21
0	0	619.2606731142316	-45.93396573066711	18.687131881713867	-194.0807943344116	1.0	18072023--s--Lm--st--L1823--p--E11--pos002--tm--24--ch--Syto9--z--21
0	0	736.8039293743316	-52.02784938812256	-5.071893692016602	-80.4219217300415	1.0	18042023--s--Lm--st--L394--p--C03--pos005--tm--24--ch--Syto9--z--21
0	0	382.9303681509836	-54.44765934944153	-3.5080785751342773	-152.9818286895752	1.0	25042023--s--Lm--st--19115--p--C04--pos004--tm--24--ch--Syto9--z--21
0	0	352.6279028029669	-41.60140433311462	28.140198707580566	-129.83092880249023	1.0	23052023--s--Lm--st--19115--p--G03--pos004--tm--24--ch--Syto9--z--21
0	0	273.142252831232	-23.1377375125885	-8.276873588562012	-46.199954986572266	1.0	18042023--s--Lm--st--L394--p--C04--pos001--tm--24--ch--Syto9--z--21
0	0	1150.5327064423334	-57.73418068885803	6.8135986328125	-223.9358892440796	1.0	13042023--s--Lm--st--L628--p--D07--pos005--tm--24--ch--Syto9--z--21
0	0	741.6121437890189	-54.819095611572266	41.41426753997803	-86.08531475067139	1.0	07112023--s--Lm--st--L394--p--C04--pos004--tm--24--ch--Syto9--z--21
0	0	240.9911474046253	-32.69879746437073	-2.311272621154785	-81.54100799560547	1.0	25042023--s--Lm--st--19115--p--D05--pos004--tm--24--ch--Syto9--z--21
0	0	577.2458164578393	-44.363142013549805	103.59525299072266	-119.34243297576904	1.0	13062023--s--Lm--st--L634--p--C05--pos004--tm--24--ch--Syto9--z--21
0	0	255.6152936390468	-30.43893976211548	-2.030070304870605	-92.02087593078612	1.0	14112023--s--Lm--st--19115--p--G08--pos001--tm--24--ch--Syto9--z--21
0	0	266.64743046533493	-18.262931871414185	3.438262939453125	-33.31331253051758	1.0	30052023--s--Lm--st--L1764--p--F10--pos002--tm--24--ch--Syto9--z--21
0	0	768.4386172521682	-74.03761043548585	-26.387017250061035	-180.81972980499268	1.0	14112023--s--Lm--st--L455--p--D03--pos001--tm--24--ch--Syto9--z--21
0	0	372.7067932401384	-36.91243839263916	-2.36712646484375	-116.3971462249756	1.0	28032023--s--Lm--st--L455--p--C08--pos001--tm--24--ch--Syto9--z--21
0	0	902.3023973192488	-52.75765552520752	-31.153096199035645	-74.40767002105713	1.0	13062023--s--Lm--st--L1764--p--F04--pos001--tm--24--ch--Syto9--z--21
0	0	395.7974020640056	-29.67329168319702	94.02177715301514	-142.71501636505127	1.0	28032023--s--Lm--st--L455--p--C06--pos001--tm--24--ch--Syto9--z--21
0	0	207.3423137664795	-33.68774852752686	-1.9156007766723635	-129.68459510803223	1.0	30052023--s--Lm--st--L634--p--C06--pos001--tm--24--ch--Syto9--z--21
0	0	566.4788699831281	-44.28535327911377	25.506267547607425	-80.59416198730469	1.0	13062023--s--Lm--st--L1764--p--G03--pos004--tm--24--ch--Syto9--z--21
0	0	301.08179601033527	-35.65367693901062	-8.958303451538086	-102.94475746154784	1.0	18072023--s--Lm--st--L1323--p--B06--pos001--tm--24--ch--Syto9--z--21
0	0	656.07471933819	-31.36436233520508	132.8114128112793	-182.35032844543457	1.0	23052023--s--Lm--st--L628--p--C04--pos003--tm--24--ch--Syto9--z--21
0	0	560.1306214559646	-40.024269342422485	43.59346103668213	-78.00465202331543	1.0	04072023--s--Lm--st--L1323--p--C08--pos003--tm--24--ch--Syto9--z--21
0	0	623.6346078600202	-20.00031523704529	45.16215515136719	-51.20205879211426	1.0	14112023--s--Lm--st--L1764--p--G03--pos002--tm--24--ch--Syto9--z--21
0	0	173.0904409317743	-21.913413047790527	-2.0455102920532227	-56.272287368774414	1.0	23052023--s--Lm--st--19115--p--F07--pos003--tm--24--ch--Syto9--z--21
0	0	348.9465100878761	-33.73660078048706	-13.383358001708984	-88.70518684387207	1.0	14112023--s--Lm--st--L1323--p--C11--pos001--tm--24--ch--Syto9--z--21
0	0	416.3133029937744	-60.65342407226562	-4.640501022338867	-227.15358543396	1.0	13042023--s--Lm--st--L628--p--C06--pos001--tm--24--ch--Syto9--z--21
0	0	587.6947000594366	-34.69985661506653	0.5556764602661133	-141.95330333709717	1.0	07112023--s--Lm--st--L634--p--C08--pos004--tm--24--ch--Syto9--z--21
0	0	733.6336087726411	-45.34229345321656	-3.339604377746582	-134.58839893341064	1.0	14112023--s--Lm--st--L628--p--C07--pos004--tm--24--ch--Syto9--z--21
0	0	492.9970614115397	-46.29006724357605	-6.479697227478027	-147.84280967712402	1.0	16052023--s--Lm--st--L455--p--F07--pos005--tm--24--ch--Syto9--z--21
0	0	208.59812414078485	-24.57605242729187	6.688860893249512	-72.86108303070068	1.0	23052023--s--Lm--st--19115--p--F03--pos003--tm--24--ch--Syto9--z--21
0	0	834.9439513342721	-58.13146758079529	88.68603897094727	-180.75701141357425	1.0	28032023--s--Lm--st--L455--p--C08--pos003--tm--24--ch--Syto9--z--21
0	0	356.949789592198	-28.60401058197021	48.1688756942749	-164.36299228668213	1.0	28032023--s--Lm--st--L455--p--C06--pos004--tm--24--ch--Syto9--z--21
0	0	291.007111231486	-45.52128186225891	-3.414522171020508	-210.36713218688965	1.0	30052023--s--Lm--st--L634--p--C07--pos005--tm--24--ch--Syto9--z--21
0	0	233.3478102456956	-33.89416761398316	-3.676581382751465	-119.78203964233398	1.0	30052023--s--Lm--st--L634--p--D05--pos004--tm--24--ch--Syto9--z--21
0	0	672.3869737897601	-68.69259276390076	-2.569347381591797	-193.71427154541016	1.0	13062023--s--Lm--st--L634--p--C08--pos004--tm--24--ch--Syto9--z--21
0	0	64.97227491651263	-7.884868144989014	-0.4211330413818359	-22.41132926940918	1.0	25042023--s--Lm--st--19115--p--C04--pos002--tm--24--ch--Syto9--z--21
0	0	614.3584929874966	-33.71839461326599	66.66899967193604	-52.94233703613281	1.0	16052023--s--Lm--st--L394--p--D07--pos004--tm--24--ch--Syto9--z--21
0	0	592.8780503500076	-25.83313398361206	122.49089527130128	-115.71308326721191	1.0	28032023--s--Lm--st--L455--p--C06--pos003--tm--24--ch--Syto9--z--21
0	0	340.9563882918585	-19.451001119613647	5.234734535217285	-47.29483509063721	1.0	18042023--s--Lm--st--L394--p--C08--pos002--tm--24--ch--Syto9--z--21
0	0	538.3404238564627	-46.04223499298096	-5.695395469665527	-93.27386951446532	1.0	16052023--s--Lm--st--L455--p--F06--pos002--tm--24--ch--Syto9--z--21
0	0	868.0154940741403	-54.09490332603455	20.046679496765137	-235.52918815612796	1.0	18072023--s--Lm--st--L1823--p--E09--pos002--tm--24--ch--Syto9--z--21
0	0	635.766624723162	-47.39670543670654	-11.034205436706545	-102.2516622543335	1.0	16052023--s--Lm--st--L455--p--F06--pos005--tm--24--ch--Syto9--z--21
0	0	735.1721774964105	-31.39146132469177	130.27022743225098	-70.11773872375488	1.0	16052023--s--Lm--st--L394--p--C03--pos004--tm--24--ch--Syto9--z--21
0	0	411.9464883350191	-21.28259620666504	65.94003105163574	-46.63712692260742	1.0	16052023--s--Lm--st--L394--p--D03--pos004--tm--24--ch--Syto9--z--21
0	0	359.6110370272682	-44.71570539474487	-1.806757926940918	-180.6101055145264	1.0	30052023--s--Lm--st--L634--p--C08--pos005--tm--24--ch--Syto9--z--21
0	0	370.836761202131	-25.31539797782898	18.33707332611084	-50.659759521484375	1.0	18042023--s--Lm--st--L394--p--C05--pos001--tm--24--ch--Syto9--z--21
0	0	820.2377307074411	-26.382755708694457	29.90366268157959	-47.43346786499024	1.0	13062023--s--Lm--st--L1764--p--F09--pos003--tm--24--ch--Syto9--z--21
0	0	1028.560303460984	-43.02656078338623	88.17607307434082	-71.54942798614502	1.0	14112023--s--Lm--st--L1764--p--F04--pos003--tm--24--ch--Syto9--z--21
0	0	815.8197417486282	-38.881507396698	29.339987754821777	-54.66798973083496	1.0	13062023--s--Lm--st--L1764--p--F08--pos005--tm--24--ch--Syto9--z--21
0	0	251.07312256949288	-31.92088251113892	-2.954228401184082	-77.02191352844238	1.0	04072023--s--Lm--st--L1323--p--C10--pos001--tm--24--ch--Syto9--z--21
0	0	833.8967113494873	-52.32308444976807	9.7799072265625	-139.3788537979126	1.0	14112023--s--Lm--st--L628--p--B06--pos001--tm--24--ch--Syto9--z--21
0	0	259.40911002386184	-40.41392388343811	-3.153683662414551	-126.46996212005617	1.0	30052023--s--Lm--st--L634--p--C06--pos002--tm--24--ch--Syto9--z--21
0	0	182.9677549997965	-24.27963228225708	-1.5007638931274414	-95.33616065979004	1.0	23052023--s--Lm--st--19115--p--F06--pos003--tm--24--ch--Syto9--z--21
0	0	426.3924115952991	-36.07380185127258	-9.86391258239746	-104.64030647277832	1.0	16052023--s--Lm--st--L455--p--F05--pos001--tm--24--ch--Syto9--z--21
0	0	363.00887393951416	-30.677451610565186	44.3679666519165	-116.40109443664552	1.0	04072023--s--Lm--st--L1323--p--D03--pos002--tm--24--ch--Syto9--z--21
0	0	856.6811054320563	-36.33057985305786	178.38768482208252	-182.5003366470337	1.0	28032023--s--Lm--st--L455--p--C07--pos005--tm--24--ch--Syto9--z--21
0	0	271.5536111195882	-29.751006746292116	-4.622871398925781	-65.82266139984131	1.0	04072023--s--Lm--st--L1323--p--C07--pos005--tm--24--ch--Syto9--z--21
0	0	223.08405540103004	-27.18137159347534	-1.4311199188232422	-81.09991550445557	1.0	25042023--s--Lm--st--19115--p--C08--pos002--tm--24--ch--Syto9--z--21
0	0	414.4187517620268	-14.896085739135742	24.80325508117676	-29.78600311279297	1.0	30052023--s--Lm--st--L1764--p--F04--pos004--tm--24--ch--Syto9--z--21
0	0	349.8373383113316	-15.999724531173706	23.40300750732422	-31.71707057952881	1.0	30052023--s--Lm--st--L1764--p--F05--pos002--tm--24--ch--Syto9--z--21
0	0	383.80504340217226	-26.73678560256958	11.3775634765625	-108.72139072418211	1.0	23052023--s--Lm--st--L628--p--D03--pos005--tm--24--ch--Syto9--z--21
0	0	798.9604303269159	-83.01145343780517	-22.680572509765625	-181.93824005126956	1.0	14112023--s--Lm--st--L455--p--D02--pos002--tm--24--ch--Syto9--z--21
0	0	323.3269626980736	-27.332985067367552	-0.4989099502563476	-53.2323112487793	1.0	30052023--s--Lm--st--L1764--p--F09--pos004--tm--24--ch--Syto9--z--21
0	0	534.0614084516253	-29.923074150085448	23.9574031829834	-61.68026351928711	1.0	30052023--s--Lm--st--L1764--p--F04--pos001--tm--24--ch--Syto9--z--21
0	0	316.551851999192	-34.701930379867555	36.20797538757324	-90.65558910369872	1.0	04072023--s--Lm--st--L1323--p--C08--pos004--tm--24--ch--Syto9--z--21
0	0	359.6813534327916	-44.36511788368225	-8.478572845458984	-129.55372714996338	1.0	30052023--s--Lm--st--L634--p--C07--pos002--tm--24--ch--Syto9--z--21
0	0	564.5568124226162	-40.498220157623294	23.41720962524414	-106.34066390991212	1.0	14112023--s--Lm--st--19115--p--F07--pos003--tm--24--ch--Syto9--z--21
0	0	257.1637580962408	-32.41239995956421	40.40221309661865	-135.57447719573975	1.0	25042023--s--Lm--st--19115--p--D06--pos001--tm--24--ch--Syto9--z--21
0	0	405.0741256532215	-40.53173227310181	-8.147475242614746	-106.10786819458008	1.0	14112023--s--Lm--st--L1323--p--B10--pos003--tm--24--ch--Syto9--z--21
0	0	579.9492112568447	-19.293039894104005	63.74319076538086	-47.55726623535156	1.0	30052023--s--Lm--st--L1764--p--F04--pos002--tm--24--ch--Syto9--z--21
0	0	412.4702987216768	-21.656691455841063	33.69083309173584	-40.50038433074951	1.0	16052023--s--Lm--st--L394--p--D04--pos005--tm--24--ch--Syto9--z--21
0	0	799.0497827984038	-51.253932046890256	-13.83295440673828	-75.13215160369873	1.0	13062023--s--Lm--st--L1764--p--G05--pos001--tm--24--ch--Syto9--z--21
0	0	500.0291482380458	-35.75800318717957	-8.478917121887207	-49.20433902740479	1.0	13062023--s--Lm--st--L1764--p--G03--pos001--tm--24--ch--Syto9--z--21
0	0	579.6794691539947	-44.79507560729981	1.828218460083008	-122.08246803283691	1.0	16052023--s--Lm--st--L455--p--F07--pos003--tm--24--ch--Syto9--z--21
0	0	926.9928843634468	-59.66280560493469	-11.067805290222168	-184.6921348571777	1.0	07112023--s--Lm--st--L634--p--B07--pos004--tm--24--ch--Syto9--z--21
0	0	403.37288211640856	-25.37580533027649	53.02417182922363	-88.87154865264893	1.0	28032023--s--Lm--st--L455--p--D04--pos004--tm--24--ch--Syto9--z--21
0	0	129.92008100237166	-21.79999618530273	-0.4139871597290039	-95.99966335296632	1.0	23052023--s--Lm--st--19115--p--F06--pos001--tm--24--ch--Syto9--z--21
0	0	830.2570396604992	-77.43024597167968	-20.816004753112797	-240.1782579421997	1.0	18072023--s--Lm--st--L1323--p--B07--pos003--tm--24--ch--Syto9--z--21
0	0	211.5539683387393	-20.352974367141723	-5.078496932983398	-45.40640830993652	1.0	14112023--s--Lm--st--L1323--p--D10--pos002--tm--24--ch--Syto9--z--21
0	0	1021.0076128641764	-59.2118583202362	48.96451187133789	-93.81757068634032	1.0	07112023--s--Lm--st--L394--p--C03--pos005--tm--24--ch--Syto9--z--21
0	0	405.1603548867362	-27.75036516189575	4.861964225769043	-137.8578863143921	1.0	23052023--s--Lm--st--L628--p--C10--pos002--tm--24--ch--Syto9--z--21
0	0	257.3316408793132	-27.604171419143675	77.41203308105469	-88.6983871459961	1.0	25042023--s--Lm--st--19115--p--D07--pos001--tm--24--ch--Syto9--z--21
0	0	647.2435057503836	-40.55450878143311	53.79821300506592	-166.4292163848877	1.0	13062023--s--Lm--st--L634--p--C07--pos003--tm--24--ch--Syto9--z--21
0	0	885.328793707348	-46.43881359100342	0.35272216796875	-153.81130123138428	1.0	14112023--s--Lm--st--L455--p--C02--pos001--tm--24--ch--Syto9--z--21
