sampleName	 -SUMMARYArea2DLayers.tsv_max.txt	 -SUMMARYArea2DLayers.tsv_mean.txt	 -SUMMARYArea2DLayers.tsv_median.txt	 -SUMMARYArea2DLayers.tsv_min.txt	 -SUMMARYArea2DLayers.tsv_q10.txt	 -SUMMARYArea2DLayers.tsv_q25.txt	 -SUMMARYArea2DLayers.tsv_q75.txt	 -SUMMARYArea2DLayers.tsv_q90.txt	 -SUMMARYArea2DLayers.tsv_std.txt	 -SUMMARYArea2DLayers.tsv_var.txt	 -SUMMARYhistAll.tsv_max.txt	 -SUMMARYhistAll.tsv_mean.txt	 -SUMMARYhistAll.tsv_median.txt	 -SUMMARYhistAll.tsv_min.txt	 -SUMMARYhistAll.tsv_q10.txt	 -SUMMARYhistAll.tsv_q25.txt	 -SUMMARYhistAll.tsv_q75.txt	 -SUMMARYhistAll.tsv_q90.txt	 -SUMMARYhistAll.tsv_std.txt	 -SUMMARYhistAll.tsv_var.txt	 -SUMMARYsurf3D.tsv_max.txt	 -SUMMARYsurf3D.tsv_mean.txt	 -SUMMARYsurf3D.tsv_median.txt	 -SUMMARYsurf3D.tsv_min.txt	 -SUMMARYsurf3D.tsv_q10.txt	 -SUMMARYsurf3D.tsv_q25.txt	 -SUMMARYsurf3D.tsv_q75.txt	 -SUMMARYsurf3D.tsv_q90.txt	 -SUMMARYsurf3D.tsv_std.txt	 -SUMMARYsurf3D.tsv_var.txt	 -SUMMARYvol3D.tsv_max.txt	 -SUMMARYvol3D.tsv_mean.txt	 -SUMMARYvol3D.tsv_median.txt	 -SUMMARYvol3D.tsv_min.txt	 -SUMMARYvol3D.tsv_q10.txt	 -SUMMARYvol3D.tsv_q25.txt	 -SUMMARYvol3D.tsv_q75.txt	 -SUMMARYvol3D.tsv_q90.txt	 -SUMMARYvol3D.tsv_std.txt	 -SUMMARYvol3D.tsv_var.txt	%Area-SUMMARYvol3D.tsv_max.txt	%Area-SUMMARYvol3D.tsv_mean.txt	%Area-SUMMARYvol3D.tsv_median.txt	%Area-SUMMARYvol3D.tsv_min.txt	%Area-SUMMARYvol3D.tsv_q10.txt	%Area-SUMMARYvol3D.tsv_q25.txt	%Area-SUMMARYvol3D.tsv_q75.txt	%Area-SUMMARYvol3D.tsv_q90.txt	%Area-SUMMARYvol3D.tsv_std.txt	%Area-SUMMARYvol3D.tsv_var.txt	Area-SUMMARYArea2DLayers.tsv_max.txt	Area-SUMMARYArea2DLayers.tsv_mean.txt	Area-SUMMARYArea2DLayers.tsv_median.txt	Area-SUMMARYArea2DLayers.tsv_min.txt	Area-SUMMARYArea2DLayers.tsv_q10.txt	Area-SUMMARYArea2DLayers.tsv_q25.txt	Area-SUMMARYArea2DLayers.tsv_q75.txt	Area-SUMMARYArea2DLayers.tsv_q90.txt	Area-SUMMARYArea2DLayers.tsv_std.txt	Area-SUMMARYArea2DLayers.tsv_var.txt	Area-SUMMARYvol3D.tsv_max.txt	Area-SUMMARYvol3D.tsv_mean.txt	Area-SUMMARYvol3D.tsv_median.txt	Area-SUMMARYvol3D.tsv_min.txt	Area-SUMMARYvol3D.tsv_q10.txt	Area-SUMMARYvol3D.tsv_q25.txt	Area-SUMMARYvol3D.tsv_q75.txt	Area-SUMMARYvol3D.tsv_q90.txt	Area-SUMMARYvol3D.tsv_std.txt	Area-SUMMARYvol3D.tsv_var.txt	Average Size-SUMMARYvol3D.tsv_max.txt	Average Size-SUMMARYvol3D.tsv_mean.txt	Average Size-SUMMARYvol3D.tsv_median.txt	Average Size-SUMMARYvol3D.tsv_min.txt	Average Size-SUMMARYvol3D.tsv_q10.txt	Average Size-SUMMARYvol3D.tsv_q25.txt	Average Size-SUMMARYvol3D.tsv_q75.txt	Average Size-SUMMARYvol3D.tsv_q90.txt	Average Size-SUMMARYvol3D.tsv_std.txt	Average Size-SUMMARYvol3D.tsv_var.txt	Count-SUMMARYvol3D.tsv_max.txt	Count-SUMMARYvol3D.tsv_mean.txt	Count-SUMMARYvol3D.tsv_median.txt	Count-SUMMARYvol3D.tsv_min.txt	Count-SUMMARYvol3D.tsv_q10.txt	Count-SUMMARYvol3D.tsv_q25.txt	Count-SUMMARYvol3D.tsv_q75.txt	Count-SUMMARYvol3D.tsv_q90.txt	Count-SUMMARYvol3D.tsv_std.txt	Count-SUMMARYvol3D.tsv_var.txt	GlobalCount-SUMMARYArea2DLayers.tsv_max.txt	GlobalCount-SUMMARYArea2DLayers.tsv_mean.txt	GlobalCount-SUMMARYArea2DLayers.tsv_median.txt	GlobalCount-SUMMARYArea2DLayers.tsv_min.txt	GlobalCount-SUMMARYArea2DLayers.tsv_q10.txt	GlobalCount-SUMMARYArea2DLayers.tsv_q25.txt	GlobalCount-SUMMARYArea2DLayers.tsv_q75.txt	GlobalCount-SUMMARYArea2DLayers.tsv_q90.txt	GlobalCount-SUMMARYArea2DLayers.tsv_std.txt	GlobalCount-SUMMARYArea2DLayers.tsv_var.txt	GlobalCount-SUMMARYhistAll.tsv_max.txt	GlobalCount-SUMMARYhistAll.tsv_mean.txt	GlobalCount-SUMMARYhistAll.tsv_median.txt	GlobalCount-SUMMARYhistAll.tsv_min.txt	GlobalCount-SUMMARYhistAll.tsv_q10.txt	GlobalCount-SUMMARYhistAll.tsv_q25.txt	GlobalCount-SUMMARYhistAll.tsv_q75.txt	GlobalCount-SUMMARYhistAll.tsv_q90.txt	GlobalCount-SUMMARYhistAll.tsv_std.txt	GlobalCount-SUMMARYhistAll.tsv_var.txt	GlobalCount-SUMMARYsurf3D.tsv_max.txt	GlobalCount-SUMMARYsurf3D.tsv_mean.txt	GlobalCount-SUMMARYsurf3D.tsv_median.txt	GlobalCount-SUMMARYsurf3D.tsv_min.txt	GlobalCount-SUMMARYsurf3D.tsv_q10.txt	GlobalCount-SUMMARYsurf3D.tsv_q25.txt	GlobalCount-SUMMARYsurf3D.tsv_q75.txt	GlobalCount-SUMMARYsurf3D.tsv_q90.txt	GlobalCount-SUMMARYsurf3D.tsv_std.txt	GlobalCount-SUMMARYsurf3D.tsv_var.txt	LabelObj-SUMMARYsurf3D.tsv_max.txt	LabelObj-SUMMARYsurf3D.tsv_mean.txt	LabelObj-SUMMARYsurf3D.tsv_median.txt	LabelObj-SUMMARYsurf3D.tsv_min.txt	LabelObj-SUMMARYsurf3D.tsv_q10.txt	LabelObj-SUMMARYsurf3D.tsv_q25.txt	LabelObj-SUMMARYsurf3D.tsv_q75.txt	LabelObj-SUMMARYsurf3D.tsv_q90.txt	LabelObj-SUMMARYsurf3D.tsv_std.txt	LabelObj-SUMMARYsurf3D.tsv_var.txt	LabelObj-SUMMARYvol3D.tsv_max.txt	LabelObj-SUMMARYvol3D.tsv_mean.txt	LabelObj-SUMMARYvol3D.tsv_median.txt	LabelObj-SUMMARYvol3D.tsv_min.txt	LabelObj-SUMMARYvol3D.tsv_q10.txt	LabelObj-SUMMARYvol3D.tsv_q25.txt	LabelObj-SUMMARYvol3D.tsv_q75.txt	LabelObj-SUMMARYvol3D.tsv_q90.txt	LabelObj-SUMMARYvol3D.tsv_std.txt	LabelObj-SUMMARYvol3D.tsv_var.txt	Max-SUMMARYArea2DLayers.tsv_max.txt	Max-SUMMARYArea2DLayers.tsv_mean.txt	Max-SUMMARYArea2DLayers.tsv_median.txt	Max-SUMMARYArea2DLayers.tsv_min.txt	Max-SUMMARYArea2DLayers.tsv_q10.txt	Max-SUMMARYArea2DLayers.tsv_q25.txt	Max-SUMMARYArea2DLayers.tsv_q75.txt	Max-SUMMARYArea2DLayers.tsv_q90.txt	Max-SUMMARYArea2DLayers.tsv_std.txt	Max-SUMMARYArea2DLayers.tsv_var.txt	Max-SUMMARYvol3D.tsv_max.txt	Max-SUMMARYvol3D.tsv_mean.txt	Max-SUMMARYvol3D.tsv_median.txt	Max-SUMMARYvol3D.tsv_min.txt	Max-SUMMARYvol3D.tsv_q10.txt	Max-SUMMARYvol3D.tsv_q25.txt	Max-SUMMARYvol3D.tsv_q75.txt	Max-SUMMARYvol3D.tsv_q90.txt	Max-SUMMARYvol3D.tsv_std.txt	Max-SUMMARYvol3D.tsv_var.txt	Mean-SUMMARYArea2DLayers.tsv_max.txt	Mean-SUMMARYArea2DLayers.tsv_mean.txt	Mean-SUMMARYArea2DLayers.tsv_median.txt	Mean-SUMMARYArea2DLayers.tsv_min.txt	Mean-SUMMARYArea2DLayers.tsv_q10.txt	Mean-SUMMARYArea2DLayers.tsv_q25.txt	Mean-SUMMARYArea2DLayers.tsv_q75.txt	Mean-SUMMARYArea2DLayers.tsv_q90.txt	Mean-SUMMARYArea2DLayers.tsv_std.txt	Mean-SUMMARYArea2DLayers.tsv_var.txt	Mean-SUMMARYvol3D.tsv_max.txt	Mean-SUMMARYvol3D.tsv_mean.txt	Mean-SUMMARYvol3D.tsv_median.txt	Mean-SUMMARYvol3D.tsv_min.txt	Mean-SUMMARYvol3D.tsv_q10.txt	Mean-SUMMARYvol3D.tsv_q25.txt	Mean-SUMMARYvol3D.tsv_q75.txt	Mean-SUMMARYvol3D.tsv_q90.txt	Mean-SUMMARYvol3D.tsv_std.txt	Mean-SUMMARYvol3D.tsv_var.txt	Min-SUMMARYArea2DLayers.tsv_max.txt	Min-SUMMARYArea2DLayers.tsv_mean.txt	Min-SUMMARYArea2DLayers.tsv_median.txt	Min-SUMMARYArea2DLayers.tsv_min.txt	Min-SUMMARYArea2DLayers.tsv_q10.txt	Min-SUMMARYArea2DLayers.tsv_q25.txt	Min-SUMMARYArea2DLayers.tsv_q75.txt	Min-SUMMARYArea2DLayers.tsv_q90.txt	Min-SUMMARYArea2DLayers.tsv_std.txt	Min-SUMMARYArea2DLayers.tsv_var.txt	Min-SUMMARYvol3D.tsv_max.txt	Min-SUMMARYvol3D.tsv_mean.txt	Min-SUMMARYvol3D.tsv_median.txt	Min-SUMMARYvol3D.tsv_min.txt	Min-SUMMARYvol3D.tsv_q10.txt	Min-SUMMARYvol3D.tsv_q25.txt	Min-SUMMARYvol3D.tsv_q75.txt	Min-SUMMARYvol3D.tsv_q90.txt	Min-SUMMARYvol3D.tsv_std.txt	Min-SUMMARYvol3D.tsv_var.txt	Slice-SUMMARYvol3D.tsv_max.txt	Slice-SUMMARYvol3D.tsv_min.txt	Surface(Pix)-SUMMARYsurf3D.tsv_max.txt	Surface(Pix)-SUMMARYsurf3D.tsv_mean.txt	Surface(Pix)-SUMMARYsurf3D.tsv_median.txt	Surface(Pix)-SUMMARYsurf3D.tsv_min.txt	Surface(Pix)-SUMMARYsurf3D.tsv_q10.txt	Surface(Pix)-SUMMARYsurf3D.tsv_q25.txt	Surface(Pix)-SUMMARYsurf3D.tsv_q75.txt	Surface(Pix)-SUMMARYsurf3D.tsv_q90.txt	Surface(Pix)-SUMMARYsurf3D.tsv_std.txt	Surface(Pix)-SUMMARYsurf3D.tsv_var.txt	Surface(Unit)-SUMMARYsurf3D.tsv_max.txt	Surface(Unit)-SUMMARYsurf3D.tsv_mean.txt	Surface(Unit)-SUMMARYsurf3D.tsv_median.txt	Surface(Unit)-SUMMARYsurf3D.tsv_min.txt	Surface(Unit)-SUMMARYsurf3D.tsv_q10.txt	Surface(Unit)-SUMMARYsurf3D.tsv_q25.txt	Surface(Unit)-SUMMARYsurf3D.tsv_q75.txt	Surface(Unit)-SUMMARYsurf3D.tsv_q90.txt	Surface(Unit)-SUMMARYsurf3D.tsv_std.txt	Surface(Unit)-SUMMARYsurf3D.tsv_var.txt	SurfaceCorr(Pix)-SUMMARYsurf3D.tsv_max.txt	SurfaceCorr(Pix)-SUMMARYsurf3D.tsv_mean.txt	SurfaceCorr(Pix)-SUMMARYsurf3D.tsv_median.txt	SurfaceCorr(Pix)-SUMMARYsurf3D.tsv_min.txt	SurfaceCorr(Pix)-SUMMARYsurf3D.tsv_q10.txt	SurfaceCorr(Pix)-SUMMARYsurf3D.tsv_q25.txt	SurfaceCorr(Pix)-SUMMARYsurf3D.tsv_q75.txt	SurfaceCorr(Pix)-SUMMARYsurf3D.tsv_q90.txt	SurfaceCorr(Pix)-SUMMARYsurf3D.tsv_std.txt	SurfaceCorr(Pix)-SUMMARYsurf3D.tsv_var.txt	SurfaceNbPix-SUMMARYsurf3D.tsv_max.txt	SurfaceNbPix-SUMMARYsurf3D.tsv_mean.txt	SurfaceNbPix-SUMMARYsurf3D.tsv_median.txt	SurfaceNbPix-SUMMARYsurf3D.tsv_min.txt	SurfaceNbPix-SUMMARYsurf3D.tsv_q10.txt	SurfaceNbPix-SUMMARYsurf3D.tsv_q25.txt	SurfaceNbPix-SUMMARYsurf3D.tsv_q75.txt	SurfaceNbPix-SUMMARYsurf3D.tsv_q90.txt	SurfaceNbPix-SUMMARYsurf3D.tsv_std.txt	SurfaceNbPix-SUMMARYsurf3D.tsv_var.txt	Total Area-SUMMARYvol3D.tsv_max.txt	Total Area-SUMMARYvol3D.tsv_mean.txt	Total Area-SUMMARYvol3D.tsv_median.txt	Total Area-SUMMARYvol3D.tsv_min.txt	Total Area-SUMMARYvol3D.tsv_q10.txt	Total Area-SUMMARYvol3D.tsv_q25.txt	Total Area-SUMMARYvol3D.tsv_q75.txt	Total Area-SUMMARYvol3D.tsv_q90.txt	Total Area-SUMMARYvol3D.tsv_std.txt	Total Area-SUMMARYvol3D.tsv_var.txt	Unnamed: 0-SUMMARYArea2DLayers.tsv_max.txt	Unnamed: 0-SUMMARYArea2DLayers.tsv_mean.txt	Unnamed: 0-SUMMARYArea2DLayers.tsv_median.txt	Unnamed: 0-SUMMARYArea2DLayers.tsv_min.txt	Unnamed: 0-SUMMARYArea2DLayers.tsv_q10.txt	Unnamed: 0-SUMMARYArea2DLayers.tsv_q25.txt	Unnamed: 0-SUMMARYArea2DLayers.tsv_q75.txt	Unnamed: 0-SUMMARYArea2DLayers.tsv_q90.txt	Unnamed: 0-SUMMARYArea2DLayers.tsv_std.txt	Unnamed: 0-SUMMARYArea2DLayers.tsv_var.txt	Unnamed: 0-SUMMARYhistAll.tsv_max.txt	Unnamed: 0-SUMMARYhistAll.tsv_mean.txt	Unnamed: 0-SUMMARYhistAll.tsv_median.txt	Unnamed: 0-SUMMARYhistAll.tsv_min.txt	Unnamed: 0-SUMMARYhistAll.tsv_q10.txt	Unnamed: 0-SUMMARYhistAll.tsv_q25.txt	Unnamed: 0-SUMMARYhistAll.tsv_q75.txt	Unnamed: 0-SUMMARYhistAll.tsv_q90.txt	Unnamed: 0-SUMMARYhistAll.tsv_std.txt	Unnamed: 0-SUMMARYhistAll.tsv_var.txt	Unnamed: 0-SUMMARYsurf3D.tsv_max.txt	Unnamed: 0-SUMMARYsurf3D.tsv_mean.txt	Unnamed: 0-SUMMARYsurf3D.tsv_median.txt	Unnamed: 0-SUMMARYsurf3D.tsv_min.txt	Unnamed: 0-SUMMARYsurf3D.tsv_q10.txt	Unnamed: 0-SUMMARYsurf3D.tsv_q25.txt	Unnamed: 0-SUMMARYsurf3D.tsv_q75.txt	Unnamed: 0-SUMMARYsurf3D.tsv_q90.txt	Unnamed: 0-SUMMARYsurf3D.tsv_std.txt	Unnamed: 0-SUMMARYsurf3D.tsv_var.txt	Unnamed: 0-SUMMARYvol3D.tsv_max.txt	Unnamed: 0-SUMMARYvol3D.tsv_mean.txt	Unnamed: 0-SUMMARYvol3D.tsv_median.txt	Unnamed: 0-SUMMARYvol3D.tsv_min.txt	Unnamed: 0-SUMMARYvol3D.tsv_q10.txt	Unnamed: 0-SUMMARYvol3D.tsv_q25.txt	Unnamed: 0-SUMMARYvol3D.tsv_q75.txt	Unnamed: 0-SUMMARYvol3D.tsv_q90.txt	Unnamed: 0-SUMMARYvol3D.tsv_std.txt	Unnamed: 0-SUMMARYvol3D.tsv_var.txt	Value-SUMMARYArea2DLayers.tsv_max.txt	Value-SUMMARYArea2DLayers.tsv_mean.txt	Value-SUMMARYArea2DLayers.tsv_median.txt	Value-SUMMARYArea2DLayers.tsv_min.txt	Value-SUMMARYArea2DLayers.tsv_q10.txt	Value-SUMMARYArea2DLayers.tsv_q25.txt	Value-SUMMARYArea2DLayers.tsv_q75.txt	Value-SUMMARYArea2DLayers.tsv_q90.txt	Value-SUMMARYArea2DLayers.tsv_std.txt	Value-SUMMARYArea2DLayers.tsv_var.txt	Value-SUMMARYhistAll.tsv_max.txt	Value-SUMMARYhistAll.tsv_mean.txt	Value-SUMMARYhistAll.tsv_median.txt	Value-SUMMARYhistAll.tsv_min.txt	Value-SUMMARYhistAll.tsv_q10.txt	Value-SUMMARYhistAll.tsv_q25.txt	Value-SUMMARYhistAll.tsv_q75.txt	Value-SUMMARYhistAll.tsv_q90.txt	Value-SUMMARYhistAll.tsv_std.txt	Value-SUMMARYhistAll.tsv_var.txt	Value-SUMMARYsurf3D.tsv_max.txt	Value-SUMMARYsurf3D.tsv_mean.txt	Value-SUMMARYsurf3D.tsv_median.txt	Value-SUMMARYsurf3D.tsv_min.txt	Value-SUMMARYsurf3D.tsv_q10.txt	Value-SUMMARYsurf3D.tsv_q25.txt	Value-SUMMARYsurf3D.tsv_q75.txt	Value-SUMMARYsurf3D.tsv_q90.txt	Value-SUMMARYsurf3D.tsv_std.txt	Value-SUMMARYsurf3D.tsv_var.txt	Volume(Pix)-SUMMARYsurf3D.tsv_max.txt	Volume(Pix)-SUMMARYsurf3D.tsv_mean.txt	Volume(Pix)-SUMMARYsurf3D.tsv_median.txt	Volume(Pix)-SUMMARYsurf3D.tsv_min.txt	Volume(Pix)-SUMMARYsurf3D.tsv_q10.txt	Volume(Pix)-SUMMARYsurf3D.tsv_q25.txt	Volume(Pix)-SUMMARYsurf3D.tsv_q75.txt	Volume(Pix)-SUMMARYsurf3D.tsv_q90.txt	Volume(Pix)-SUMMARYsurf3D.tsv_std.txt	Volume(Pix)-SUMMARYsurf3D.tsv_var.txt	Volume(Pix)-SUMMARYvol3D.tsv_max.txt	Volume(Pix)-SUMMARYvol3D.tsv_mean.txt	Volume(Pix)-SUMMARYvol3D.tsv_median.txt	Volume(Pix)-SUMMARYvol3D.tsv_min.txt	Volume(Pix)-SUMMARYvol3D.tsv_q10.txt	Volume(Pix)-SUMMARYvol3D.tsv_q25.txt	Volume(Pix)-SUMMARYvol3D.tsv_q75.txt	Volume(Pix)-SUMMARYvol3D.tsv_q90.txt	Volume(Pix)-SUMMARYvol3D.tsv_std.txt	Volume(Pix)-SUMMARYvol3D.tsv_var.txt	Volume(Unit)-SUMMARYsurf3D.tsv_max.txt	Volume(Unit)-SUMMARYsurf3D.tsv_mean.txt	Volume(Unit)-SUMMARYsurf3D.tsv_median.txt	Volume(Unit)-SUMMARYsurf3D.tsv_min.txt	Volume(Unit)-SUMMARYsurf3D.tsv_q10.txt	Volume(Unit)-SUMMARYsurf3D.tsv_q25.txt	Volume(Unit)-SUMMARYsurf3D.tsv_q75.txt	Volume(Unit)-SUMMARYsurf3D.tsv_q90.txt	Volume(Unit)-SUMMARYsurf3D.tsv_std.txt	Volume(Unit)-SUMMARYsurf3D.tsv_var.txt	Volume(Unit)-SUMMARYvol3D.tsv_max.txt	Volume(Unit)-SUMMARYvol3D.tsv_mean.txt	Volume(Unit)-SUMMARYvol3D.tsv_median.txt	Volume(Unit)-SUMMARYvol3D.tsv_min.txt	Volume(Unit)-SUMMARYvol3D.tsv_q10.txt	Volume(Unit)-SUMMARYvol3D.tsv_q25.txt	Volume(Unit)-SUMMARYvol3D.tsv_q75.txt	Volume(Unit)-SUMMARYvol3D.tsv_q90.txt	Volume(Unit)-SUMMARYvol3D.tsv_std.txt	Volume(Unit)-SUMMARYvol3D.tsv_var.txt	label
13042023--s--Lm--st--L628--p--C03--pos001--tm--24--ch--Syto9--z--21	12777.0	6389.0	6389.0	1.0	1278.6	3195.0	9583.0	11499.4	3688.546529461165	13605375.5	256	128.5	128.5	1	26.5	64.75	192.25	230.5	74.04503134354572	5482.666666666667	4085.0	2043.0	2043.0	1.0	409.4	1022.0	3064.0	3676.6	1179.3822535548006	1390942.5	16862.0	8431.5	8431.5	1.0	1687.1	4216.25	12646.75	15175.9	4867.784454965113	23695325.5											0.087	0.0253041402520153	0.017	0.017	0.017	0.017	0.035	0.052	0.0163789130869219	0.0002682687939089	0.087	0.0191739414067133	0.017	0.0	0.0	0.017	0.017	0.035	0.0179114766830268	0.0003208209969666																															14150	4096.0	574.0	0	2.0	12.0	9003.0	13571.0	5372.468782927399	28863420.823529407											4095.0	2053.0	2053.0	11.0	419.4	1032.0	3074.0	3686.6	1179.3822535548006	1390942.5	4095.0	497.361226426284	0.0	0.0	0.0	0.0	0.0	2408.9	1053.8825820245484	1110668.496694729	661.0	273.87469672067	269.0	256.0	258.0	261.0	281.0	297.0	17.92297316963165	321.23296723933595	661.0	207.52561973668605	264.0	0.0	0.0	256.0	276.0	292.0	118.37802233928336	14013.356172959868	467.0	270.554460906316	267.5	256.0	258.0	261.0	276.5	287.2832	13.049119721876536	170.27952551586716	467.0	205.0097465899656	263.0	0.0	0.0	256.0	273.0	284.0	116.47801191355312	13567.127259333824	361.0	267.6891289034985	264.0	256.0	257.0	259.0	272.0	283.0	12.050747228566538	145.22050876680407	361.0	202.83857193689957	261.0	0.0	0.0	256.0	269.0	280.0	115.1738326136902	13265.01171892633			1160500.0	31943.179436964503	2678.0	6.0	48.0	246.0	17756.0	45258.4	122167.02380549768	14924781705.493036	57633.695	1586.6939216646267	133.179	0.298	2.387	12.231	882.645	2249.6366	6066.631538017994	36804018.218074575	87140.154	1254.758205875153	6.667	0.0	0.0	0.0	93.333	436.0	7786.281444970131	60626178.74028616	197835.0	5390.463402692779	447.0	1.0	8.0	41.0	2962.0	7562.4	20764.52086450739	431165326.7325627											12776.0	6388.0	6388.0	0.0	1277.6	3194.0	9582.0	11498.4	3688.546529461165	13605375.5	255	127.5	127.5	0	25.5	63.75	191.25	229.5	74.04503134354572	5482.666666666667	4084.0	2042.0	2042.0	0.0	408.4	1021.0	3063.0	3675.6	1179.3822535548006	1390942.5	16861	8430.5	8430.5	0	1686.1	4215.25	12645.75	15174.9	4867.784454965113	23695325.5											255	127.5	127.5	0	25.5	63.75	191.25	229.5	74.04503134354572	5482.666666666667																					197835.0	1305.9006049104496	0.0	0.0	0.0	0.0	0.0	922.8999999999996	10477.08821251454	109769377.41281112											1718.013	11.340528881508718	0.0	0.0	0.0	0.0	0.0	8.014199999999997	90.98375875069569	8278.044356404793	L628
13042023--s--Lm--st--L628--p--C03--pos002--tm--24--ch--Syto9--z--21	20941.0	10471.0	10471.0	1.0	2095.0	5236.0	15706.0	18847.0	6045.290329394169	36545535.16666666	256	128.5	128.5	1	26.5	64.75	192.25	230.5	74.04503134354572	5482.666666666667	4083.0	2042.0	2042.0	1.0	409.2000000000001	1021.5	3062.5	3674.8	1178.804903281285	1389581.0	25024.0	12512.5	12512.5	1.0	2503.3	6256.75	18768.25	22521.7	7223.950904225932	52185466.66666666											0.087	0.0238526813428203	0.017	0.017	0.017	0.017	0.017	0.035	0.0148241499350285	0.0002197554212962	0.087	0.0199607976342711	0.017	0.0	0.0	0.017	0.017	0.035	0.0161736255190273	0.0002615861624297																															11161	4096.0	1981.0	8	24.0	159.0	8885.75	10690.0	4282.799988462745	18342375.74117649											4095.0	2054.0	2054.0	13.0	421.2000000000001	1033.5	3074.5	3686.8	1178.804903281285	1389581.0	4095.0	335.1375479539642	0.0	0.0	0.0	0.0	0.0	1592.7000000000007	895.9690879178888	802760.6065044136	721.0	272.52686118141446	268.0	256.0	258.0	261.0	280.0	294.0	15.818406185200535	250.22197423999063	721.0	228.06046195652172	265.0	0.0	0.0	258.0	277.0	291.0	101.73900972994508	10350.82610082986	475.4	269.9607729334798	267.0	256.0	257.0	261.0	276.0	286.0	12.351642557485	152.56307386787455	475.4	225.91306529731455	264.0	0.0	0.0	258.0	274.0	284.5	100.3943210470619	10079.019698500537	369.0	267.7164414306862	264.0	256.0	257.0	259.0	273.0	284.0	11.857962777913391	140.61128124237948	369.0	224.03492647058823	262.0	0.0	0.0	257.0	271.0	282.0	99.52006749717764	9904.243834642792			759524.0	32056.59417095273	5674.0	12.0	270.0	929.0	22673.0	56840.80000000003	93329.66227772784	8710425860.874739	37719.943	1592.483887337742	282.072	0.597	13.424	46.221	1127.0500000000002	2824.4314000000018	4634.71589515555	21480591.428807512	46015.37	950.799293901543	20.0	0.0	0.0	0.0	120.0	593.333	4772.498584359103	22776742.737709645	129022.0	5393.0168993387215	947.0	2.0	45.0	155.0	3785.5	9503.600000000006	15796.720693664469	249536384.67364728											20940.0	10470.0	10470.0	0.0	2094.0	5235.0	15705.0	18846.0	6045.290329394169	36545535.16666666	255	127.5	127.5	0	25.5	63.75	191.25	229.5	74.04503134354572	5482.666666666667	4082.0	2041.0	2041.0	0.0	408.2000000000001	1020.5	3061.5	3673.8	1178.804903281285	1389581.0	25023	12511.5	12511.5	0	2502.3	6255.75	18767.25	22520.7	7223.950904225932	52185466.66666666											255	127.5	127.5	0	25.5	63.75	191.25	229.5	74.04503134354572	5482.666666666667																					129022.0	879.9590792838875	0.0	0.0	0.0	0.0	0.0	434.8000000000029	6684.192954494006	44678435.4529073											1120.436	7.641625359654731	0.0	0.0	0.0	0.0	0.0	3.7758000000000247	58.045992220396286	3369.3372128503065	L628
13042023--s--Lm--st--L628--p--C03--pos003--tm--24--ch--Syto9--z--21	256.0	128.5	128.5	1.0	26.5	64.75	192.25	230.5	74.04503134354572	5482.666666666667	256	128.5	128.5	1	26.5	64.75	192.25	230.5	74.04503134354572	5482.666666666667	4068.0	2034.5	2034.5	1.0	407.7000000000001	1017.75	3051.25	3661.3	1174.4747762297834	1379391.0											0.47	0.2444761904761904	0.285	0.003	0.008	0.075	0.366	0.418	0.1603806780904791	0.0257219619047619																					0.025	0.0229523809523809	0.023	0.019	0.02	0.023	0.024	0.024	0.0015644868320375	2.447619047619045e-06	3482.0	1884.142857142857	2205.0	26.0	70.0	595.0	2791.0	3226.0	1215.329390976549	1477025.528571429	11161.0	4096.0	1981.0	8.0	24.0	159.0	8885.75	10690.0	4282.799988462745	18342375.74117649	35128	4096.0	4311.5	11	1252.0	2168.5	5870.25	6264.0	2732.4655619163477	7466368.04705882											4095.0	2061.4990167158307	2061.5	26.0	434.7000000000001	1044.75	3078.25	3688.3	1174.476479116984	1379394.9999990272																																									270.185	269.3094285714285	269.493	266.04	268.705	269.185	269.774	270.035	0.8744701579487235	0.7646980571428654																					slice_0021	slice_0001	773574.0	32013.21140609636	16307.0	6.0	4212.0	6899.5	37526.0	70743.20000000001	45186.74807549344	2041842201.6381104	33407.376	1589.49965560472	810.6510000000001	0.298	209.416	343.027	1865.173	3514.9808000000003	2225.3656916534155	4952252.461588085	495869.356	613.7044395280236	53.333	0.0	6.667	13.333	233.333	904.0	7903.529608346706	62465780.27001304	288281.0	5399.968534906588	2721.0	1.0	702.0	1151.75	6267.25	11834.7	8583.241524884135	73672035.07449535	85.625	44.54347619047619	51.861	0.573	1.389	13.721	66.572	76.194	29.21336192501481	853.4205149619049	255.0	127.5	127.5	0.0	25.5	63.75	191.25	229.5	74.04503134354572	5482.666666666667	255	127.5	127.5	0	25.5	63.75	191.25	229.5	74.04503134354572	5482.666666666667	4067.0	2033.5	2033.5	0.0	406.7000000000001	1016.75	3050.25	3660.3	1174.4747762297834	1379391.0	20	10.0	10.0	0	2.0	5.0	15.0	18.0	6.2048368229954285	38.5	255.0	127.5	127.5	0.0	25.5	63.75	191.25	229.5	74.04503134354572	5482.666666666667	255	127.5	127.5	0	25.5	63.75	191.25	229.5	74.04503134354572	5482.666666666667																																																			L628
13042023--s--Lm--st--L628--p--C03--pos004--tm--24--ch--Syto9--z--21	256.0	128.5	128.5	1.0	26.5	64.75	192.25	230.5	74.04503134354572	5482.666666666667	256	128.5	128.5	1	26.5	64.75	192.25	230.5	74.04503134354572	5482.666666666667	4083.0	2042.0	2042.0	1.0	409.2000000000001	1021.5	3062.5	3674.8	1178.804903281285	1389581.0											0.29	0.1175714285714285	0.092	0.011	0.012	0.049	0.155	0.276	0.0931931174650636	0.0086849571428571																					0.025	0.0234761904761904	0.024	0.021	0.022	0.023	0.024	0.025	0.0010304876330673	1.0619047619047635e-06	2304.0	916.2857142857144	686.0	84.0	97.0	360.0	1191.0	2175.0	740.4548023247024	548273.3142857142	35128.0	4096.0	4311.5	11.0	1252.0	2168.5	5870.25	6264.0	2732.4655619163477	7466368.04705882	12650	4096.0	4052.0	28	669.5	1506.25	6223.5	7817.5	2689.3684075210963	7232702.431372558											4095.0	2054.0	2054.0	13.0	421.2000000000001	1033.5	3074.5	3686.8	1178.804903281285	1389581.0																																									273.688	269.8919523809524	269.812	268.905	269.013	269.286	270.114	270.47	1.024899725641006	1.0504194476190092																					slice_0021	slice_0001	773184.0	31974.829782023025	7834.0	12.0	1576.4	2896.0	18746.0	50674.80000000003	94308.09945266884	8894017622.374475	38396.061	1588.0819453832964	389.465	0.597	78.35040000000001	143.953	931.9155	2517.4902000000016	4682.46280424323	21925457.91312137	161513.658	999.5448337007102	20.0	0.0	0.0	6.667	73.333	507.4664000000017	5573.37703439937	31062531.56757032	131284.0	5390.559392603478	1307.0	2.0	263.0	483.0	3127.0	8471.800000000007	16012.888804777444	256412607.8741668	52.73	21.41895238095238	16.76	2.015	2.154	8.979	28.188	50.315	16.968714115913997	287.93725874761896	255.0	127.5	127.5	0.0	25.5	63.75	191.25	229.5	74.04503134354572	5482.666666666667	255	127.5	127.5	0	25.5	63.75	191.25	229.5	74.04503134354572	5482.666666666667	4082.0	2041.0	2041.0	0.0	408.2000000000001	1020.5	3061.5	3673.8	1178.804903281285	1389581.0	20	10.0	10.0	0	2.0	5.0	15.0	18.0	6.2048368229954285	38.5	255.0	127.5	127.5	0.0	25.5	63.75	191.25	229.5	74.04503134354572	5482.666666666667	255	127.5	127.5	0	25.5	63.75	191.25	229.5	74.04503134354572	5482.666666666667																																																			L628
13042023--s--Lm--st--L628--p--C03--pos005--tm--24--ch--Syto9--z--21	256.0	128.5	128.5	1.0	26.5	64.75	192.25	230.5	74.04503134354572	5482.666666666667	256	128.5	128.5	1	26.5	64.75	192.25	230.5	74.04503134354572	5482.666666666667	4070.0	2035.5	2035.5	1.0	407.9	1018.25	3052.75	3663.1	1175.052126503331	1380747.5											0.333	0.2035714285714286	0.269	0.002	0.006	0.066	0.295	0.324	0.1279623270453345	0.0163743571428571																					0.024	0.0226190476190476	0.023	0.019	0.02	0.022	0.023	0.024	0.0013955712262794	1.947619047619048e-06	2610.0	1599.6666666666667	2158.0	17.0	52.0	539.0	2275.0	2504.0	999.1888877150972	998378.4333333332	12650.0	4096.0	4052.0	28.0	669.5	1506.25	6223.5	7817.5	2689.3684075210963	7232702.431372558	44118	4096.0	4229.0	5	1381.5	2118.75	5770.75	6263.0	3138.303402021108	9848948.24313726											4095.0	2060.498525798526	2060.5	23.0	432.9	1043.25	3077.75	3688.1	1175.0546808327506	1380753.5029469577																																									270.676	269.3141428571428	269.233	268.256	268.848	269.16	269.427	269.962	0.5054714913538004	0.2555014285714351																					slice_0021	slice_0001	773102.0	32003.0	16210.0	6.0	4210.0	6880.5	37669.5	74609.4	44001.533893296095	1936134984.962885	33008.642	1588.8245208845208	805.7635	0.298	209.284	342.04175	1872.3725	3707.0045999999993	2164.380804686777	4684544.267696581	497481.306	597.8441808353808	53.333	0.0	6.667	13.333	226.667	926.9335999999996	7911.252908049781	62587922.57512611	289742.0	5397.762653562653	2704.0	1.0	702.0	1147.25	6290.0	12490.2	8416.456653650806	70836742.60278293	60.65	37.077619047619045	48.961	0.347	1.059	12.001	53.685	59.034	23.31386868255929	543.5364729476189	255.0	127.5	127.5	0.0	25.5	63.75	191.25	229.5	74.04503134354572	5482.666666666667	255	127.5	127.5	0	25.5	63.75	191.25	229.5	74.04503134354572	5482.666666666667	4069.0	2034.5	2034.5	0.0	406.9	1017.25	3051.75	3662.1	1175.052126503331	1380747.5	20	10.0	10.0	0	2.0	5.0	15.0	18.0	6.2048368229954285	38.5	255.0	127.5	127.5	0.0	25.5	63.75	191.25	229.5	74.04503134354572	5482.666666666667	255	127.5	127.5	0	25.5	63.75	191.25	229.5	74.04503134354572	5482.666666666667																																																			L628
13042023--s--Lm--st--L628--p--C04--pos001--tm--24--ch--Syto9--z--21	256.0	128.5	128.5	1.0	26.5	64.75	192.25	230.5	74.04503134354572	5482.666666666667	256	128.5	128.5	1	26.5	64.75	192.25	230.5	74.04503134354572	5482.666666666667	4055.0	2028.0	2028.0	1.0	406.4	1014.5	3041.5	3649.6	1170.7219994516204	1370590.0											0.192	0.1035714285714285	0.092	0.032	0.041	0.059	0.137	0.185	0.0539264048760636	0.0029080571428571																					0.028	0.0257142857142857	0.025	0.025	0.025	0.025	0.026	0.027	0.0009561828874675	9.14285714285713e-07	1410.0	743.1904761904761	642.0	215.0	300.0	401.0	979.0	1354.0	399.8931881199802	159914.56190476188	44118.0	4096.0	4229.0	5.0	1381.5	2118.75	5770.75	6263.0	3138.303402021108	9848948.24313726	15297	4096.0	1430.5	4	17.0	101.25	7684.25	12642.0	4941.206942343017	24415526.04705882											4095.0	2038.0478421701605	2037.0	10.0	415.4	1023.5	3050.5	3658.6	1172.4586451019295	1374659.2744742522																																									271.74	270.4392380952381	270.39	269.499	269.654	270.135	270.616	271.253	0.5811093618899766	0.3376880904761758																					slice_0021	slice_0001	1148176.0	32149.1718865598	2014.0	6.0	24.0	144.0	16036.0	51600.8	119679.98205611052	14323298104.950932	57024.552	1596.8799711467325	100.101	0.298	1.193	7.16	796.967	2564.0086	5943.314485183171	35322987.069788106	96378.707	1353.358784217016	6.667	0.0	0.0	0.0	93.333	593.6001999999997	8277.643436171807	68519380.85639821	196367.0	5430.350924784217	336.0	1.0	4.0	24.0	2678.0	8632.2	20375.08001743138	415143885.7167315	34.962	18.861809523809523	16.795	5.836	7.434	10.786	24.923	33.607	9.801229375027644	96.06409726190478	255.0	127.5	127.5	0.0	25.5	63.75	191.25	229.5	74.04503134354572	5482.666666666667	255	127.5	127.5	0	25.5	63.75	191.25	229.5	74.04503134354572	5482.666666666667	4054.0	2027.0	2027.0	0.0	405.4	1013.5	3040.5	3648.6	1170.7219994516204	1370590.0	20	10.0	10.0	0	2.0	5.0	15.0	18.0	6.2048368229954285	38.5	255.0	127.5	127.5	0.0	25.5	63.75	191.25	229.5	74.04503134354572	5482.666666666667	255	127.5	127.5	0	25.5	63.75	191.25	229.5	74.04503134354572	5482.666666666667																																																			L628
13042023--s--Lm--st--L628--p--C04--pos002--tm--24--ch--Syto9--z--21	256.0	128.5	128.5	1.0	26.5	64.75	192.25	230.5	74.04503134354572	5482.666666666667	256	128.5	128.5	1	26.5	64.75	192.25	230.5	74.04503134354572	5482.666666666667	4052.0	2026.5	2026.5	1.0	406.1	1013.75	3039.25	3646.9	1169.8559740412493	1368563.0											0.189	0.0902857142857142	0.071	0.023	0.033	0.047	0.124	0.161	0.0524853721118016	0.0027547142857142																					0.029	0.0256666666666666	0.025	0.022	0.025	0.025	0.026	0.027	0.0013904435743076	1.933333333333335e-06	1380.0	643.4761904761905	498.0	190.0	230.0	332.0	889.0	1190.0	385.3798929689533	148517.6619047619	15297.0	4096.0	1430.5	4.0	17.0	101.25	7684.25	12642.0	4941.206942343017	24415526.04705882	15318	4096.0	851.0	0	3.0	29.75	7774.0	13487.5	5313.416410647786	28232393.952941194											4095.0	2036.616732477789	2035.5	10.0	415.1	1022.75	3048.25	3655.9	1171.6996104960588	1372879.977236616																																									272.635	270.45109523809526	270.313	268.331	269.613	269.912	270.82	271.75	0.9770595122489756	0.954645290476206																					slice_0021	slice_0001	1207548.0	32173.068114511352	2231.0	6.0	30.0	162.0	16365.0	47849.000000000015	124112.23322128969	15403846435.1758	59963.763	1598.0497630799605	110.9065	0.298	1.492	8.054	813.33275	2378.2209000000007	6163.2425393828935	37985558.59925889	97384.985	1354.8293240375124	6.667	0.0	0.0	0.0	93.333	487.8667000000001	8499.354089493025	72239019.9385818	206384.0	5434.375863770977	372.5	1.0	5.0	27.0	2732.0	7996.200000000002	21127.02263905992	446351085.5913502	34.424	16.425238095238097	12.852	4.134	6.061	8.597	22.561	29.404	9.572684837101669	91.63629499047622	255.0	127.5	127.5	0.0	25.5	63.75	191.25	229.5	74.04503134354572	5482.666666666667	255	127.5	127.5	0	25.5	63.75	191.25	229.5	74.04503134354572	5482.666666666667	4051.0	2025.5	2025.5	0.0	405.1	1012.75	3038.25	3645.9	1169.8559740412493	1368563.0	20	10.0	10.0	0	2.0	5.0	15.0	18.0	6.2048368229954285	38.5	255.0	127.5	127.5	0.0	25.5	63.75	191.25	229.5	74.04503134354572	5482.666666666667	255	127.5	127.5	0	25.5	63.75	191.25	229.5	74.04503134354572	5482.666666666667																																																			L628
13042023--s--Lm--st--L628--p--C04--pos003--tm--24--ch--Syto9--z--21	256.0	128.5	128.5	1.0	26.5	64.75	192.25	230.5	74.04503134354572	5482.666666666667	256	128.5	128.5	1	26.5	64.75	192.25	230.5	74.04503134354572	5482.666666666667	4081.0	2041.0	2041.0	1.0	409.0	1021.0	3061.0	3673.0	1178.2275530077654	1388220.1666666667											0.363	0.1644761904761905	0.157	0.003	0.006	0.133	0.218	0.301	0.1042053832811045	0.0108587619047619																					0.024	0.0225714285714285	0.023	0.019	0.021	0.022	0.023	0.024	0.0013989792196965	1.9571428571428582e-06	2772.0	1295.7619047619048	1247.0	24.0	53.0	1087.0	1718.0	2378.0	809.3322497443129	655018.6904761908	15318.0	4096.0	851.0	0.0	3.0	29.75	7774.0	13487.5	5313.416410647786	28232393.952941194	34578	4096.0	4324.0	22	1248.0	2154.0	5813.0	6288.5	2694.6283471773554	7261021.929411766											4095.0	2055.0	2055.0	15.0	423.0	1035.0	3075.0	3687.0	1178.2275530077654	1388220.1666666667																																									271.723	269.42871428571425	269.371	267.67	268.814	269.039	269.518	269.835	0.860190510460146	0.7399277142856866																					slice_0021	slice_0001	587844.0	31939.55207057094	13896.0	6.0	3400.0	5824.0	30808.0	62330.0	58617.54380109941	3436016441.273807	25871.612	1586.1053239402106	690.795	0.298	169.012	289.53	1531.51	3095.475	2903.7582584350403	8431812.023429697	373691.509	743.3097258024993	40.0	0.0	6.667	13.333	173.333	729.333	6351.167034637064	40337322.70186056	216683.0	5386.15755942171	2318.0	1.0	567.0	972.0	5143.0	10434.0	10329.195528576794	106692280.26757084	66.034	29.95342857142857	28.536	0.573	1.025	24.159	39.686	54.883	18.97584848319418	360.0828256571429	255.0	127.5	127.5	0.0	25.5	63.75	191.25	229.5	74.04503134354572	5482.666666666667	255	127.5	127.5	0	25.5	63.75	191.25	229.5	74.04503134354572	5482.666666666667	4080.0	2040.0	2040.0	0.0	408.0	1020.0	3060.0	3672.0	1178.2275530077654	1388220.1666666667	20	10.0	10.0	0	2.0	5.0	15.0	18.0	6.2048368229954285	38.5	255.0	127.5	127.5	0.0	25.5	63.75	191.25	229.5	74.04503134354572	5482.666666666667	255	127.5	127.5	0	25.5	63.75	191.25	229.5	74.04503134354572	5482.666666666667																																																			L628
13042023--s--Lm--st--L628--p--C04--pos004--tm--24--ch--Syto9--z--21	256.0	128.5	128.5	1.0	26.5	64.75	192.25	230.5	74.04503134354572	5482.666666666667	256	128.5	128.5	1	26.5	64.75	192.25	230.5	74.04503134354572	5482.666666666667	4082.0	2041.5	2041.5	1.0	409.1	1021.25	3061.75	3673.9	1178.5162281445257	1388900.5											0.303	0.1461428571428571	0.15	0.009	0.015	0.086	0.201	0.27	0.0920490552446279	0.0084730285714285																					0.025	0.023047619047619	0.023	0.021	0.022	0.023	0.024	0.024	0.0009206622874969	8.476190476190489e-07	2408.0	1145.6190476190477	1160.0	78.0	125.0	645.0	1583.0	2103.0	729.3946446328267	532016.5476190476	34578.0	4096.0	4324.0	22.0	1248.0	2154.0	5813.0	6288.5	2694.6283471773554	7261021.929411766	8251	4096.0	4409.0	38	618.5	1537.25	6314.5	7382.0	2526.0602681708483	6380980.4784313785											4095.0	2054.499755022048	2054.5	13.0	422.1	1034.25	3074.75	3686.9	1178.516652510675	1388901.5002449667																																									271.751	269.59652380952383	269.464	268.25	268.831	269.057	269.937	270.63	0.8045013747065701	0.6472224619047611																					slice_0021	slice_0001	644784.0	31974.707006369423	8425.0	12.0	1974.6	3430.0	18855.0	56503.40000000001	85655.0262461692	7336783521.231935	32018.671	1587.8524296913276	418.8	0.597	98.1748	170.52724999999998	937.292	2808.2063000000003	4251.520653287894	18075427.86533352	220550.312	918.7748853503184	20.0	0.0	0.0	6.667	80.0	580.0	5352.486776912129	28649114.69701919	122103.0	5389.953944145027	1405.0	2.0	329.1	572.0	3147.25	9440.3	14574.03507303508	212402498.31005663	55.109	26.592285714285715	27.372	1.633	2.692	15.683	36.525	49.082	16.76945184895099	281.21451531428573	255.0	127.5	127.5	0.0	25.5	63.75	191.25	229.5	74.04503134354572	5482.666666666667	255	127.5	127.5	0	25.5	63.75	191.25	229.5	74.04503134354572	5482.666666666667	4081.0	2040.5	2040.5	0.0	408.1	1020.25	3060.75	3672.9	1178.5162281445257	1388900.5	20	10.0	10.0	0	2.0	5.0	15.0	18.0	6.2048368229954285	38.5	255.0	127.5	127.5	0.0	25.5	63.75	191.25	229.5	74.04503134354572	5482.666666666667	255	127.5	127.5	0	25.5	63.75	191.25	229.5	74.04503134354572	5482.666666666667																																																			L628
13042023--s--Lm--st--L628--p--C04--pos005--tm--24--ch--Syto9--z--21	256.0	128.5	128.5	1.0	26.5	64.75	192.25	230.5	74.04503134354572	5482.666666666667	256	128.5	128.5	1	26.5	64.75	192.25	230.5	74.04503134354572	5482.666666666667	4072.0	2036.5	2036.5	1.0	408.1	1018.75	3054.25	3664.9	1175.629476776874	1382104.6666666667											0.225	0.1446190476190476	0.195	0.002	0.006	0.062	0.204	0.218	0.0859229167280046	0.0073827476190476																					0.023	0.0222380952380952	0.023	0.018	0.02	0.022	0.023	0.023	0.0014800257398019	2.1904761904761937e-06	1798.0	1155.5238095238096	1554.0	23.0	55.0	508.0	1620.0	1752.0	683.2873201697525	466881.56190476194	8251.0	4096.0	4409.0	38.0	618.5	1537.25	6314.5	7382.0	2526.0602681708483	6380980.4784313785	9939	4096.0	4198.0	8	574.5	1455.5	6708.25	7352.0	2629.732383312633	6915492.407843141											4095.0	2059.5	2059.5	24.0	431.1	1041.75	3077.25	3687.9	1175.629476776874	1382104.6666666667																																									269.857	269.18333333333334	269.28	267.913	268.696	268.934	269.554	269.789	0.5318501041960393	0.2828645333333378																					slice_0021	slice_0001	471150.0	32160.353634577605	17053.0	6.0	2940.2	5845.5	43853.0	80924.00000000001	38633.03478061612	1492511376.3602948	20499.279	1597.306935166994	847.7249999999999	0.298	146.1765	290.55825	2179.768	4020.748200000001	1911.1276327265807	3652408.828571104	296519.231	520.4054491650295	53.333	0.0	6.667	13.333	280.0	1045.333	4779.208934621672	22840838.04076761	160879.0	5403.205550098232	2845.5	1.0	490.1	975.0	7325.0	13548.900000000003	6837.136495159371	46746435.453440174	41.041	26.340047619047617	35.535	0.417	1.146	11.237	37.133	39.634	15.643031373350215	244.7044305476191	255.0	127.5	127.5	0.0	25.5	63.75	191.25	229.5	74.04503134354572	5482.666666666667	255	127.5	127.5	0	25.5	63.75	191.25	229.5	74.04503134354572	5482.666666666667	4071.0	2035.5	2035.5	0.0	407.1	1017.75	3053.25	3663.9	1175.629476776874	1382104.6666666667	20	10.0	10.0	0	2.0	5.0	15.0	18.0	6.2048368229954285	38.5	255.0	127.5	127.5	0.0	25.5	63.75	191.25	229.5	74.04503134354572	5482.666666666667	255	127.5	127.5	0	25.5	63.75	191.25	229.5	74.04503134354572	5482.666666666667																																																			L628
13042023--s--Lm--st--L628--p--C05--pos001--tm--24--ch--Syto9--z--21	256.0	128.5	128.5	1.0	26.5	64.75	192.25	230.5	74.04503134354572	5482.666666666667	256	128.5	128.5	1	26.5	64.75	192.25	230.5	74.04503134354572	5482.666666666667	4085.0	2043.0	2043.0	1.0	409.4	1022.0	3064.0	3676.6	1179.3822535548006	1390942.5											0.572	0.290047619047619	0.259	0.026	0.083	0.144	0.471	0.54	0.1812466485732842	0.0328503476190476																					0.024	0.0231428571428571	0.023	0.021	0.022	0.023	0.024	0.024	0.0009102589898327	8.285714285714287e-07	4501.0	2255.333333333333	1971.0	219.0	668.0	1097.0	3674.0	4192.0	1414.5130375268138	2000847.1333333333	9939.0	4096.0	4198.0	8.0	574.5	1455.5	6708.25	7352.0	2629.732383312633	6915492.407843141	17724	4096.0	3923.5	14	873.0	1638.25	6295.25	7626.5	2616.6586806422392	6846902.650980384											4095.0	2053.0	2053.0	11.0	419.4	1032.0	3074.0	3686.6	1179.3822535548006	1390942.5																																									274.147	273.2731904761905	273.454	271.203	273.025	273.096	273.614	273.882	0.7133941840979777	0.5089312619048194																					Ch1	Ch1	703834.0	32009.588739290084	7622.0	24.0	1692.0	3036.0	17332.0	51075.19999999998	92361.70578391055	8530684695.313657	34972.391	1590.4232871481029	378.892	1.193	84.124	150.946	861.403	2538.2839999999987	4588.549817568546	21054789.428308334	155847.198	811.5798200734394	20.0	0.0	0.0	6.667	73.333	503.1997999999995	4403.727897062478	19392819.39136632	118912.0	5386.669522643819	1271.0	4.0	282.40000000000003	506.0	2894.0	8534.999999999996	15624.163541394177	244114486.3682309	104.261	52.81238095238095	47.259	4.672	15.058	26.174	85.851	98.321	33.02214799263699	1090.462258047619	255.0	127.5	127.5	0.0	25.5	63.75	191.25	229.5	74.04503134354572	5482.666666666667	255	127.5	127.5	0	25.5	63.75	191.25	229.5	74.04503134354572	5482.666666666667	4084.0	2042.0	2042.0	0.0	408.4	1021.0	3063.0	3675.6	1179.3822535548006	1390942.5	20	10.0	10.0	0	2.0	5.0	15.0	18.0	6.2048368229954285	38.5	255.0	127.5	127.5	0.0	25.5	63.75	191.25	229.5	74.04503134354572	5482.666666666667	255	127.5	127.5	0	25.5	63.75	191.25	229.5	74.04503134354572	5482.666666666667																																																			L628
13042023--s--Lm--st--L628--p--C05--pos002--tm--24--ch--Syto9--z--21	256.0	128.5	128.5	1.0	26.5	64.75	192.25	230.5	74.04503134354572	5482.666666666667	256	128.5	128.5	1	26.5	64.75	192.25	230.5	74.04503134354572	5482.666666666667	4085.0	2043.0	2043.0	1.0	409.4	1022.0	3064.0	3676.6	1179.3822535548006	1390942.5											0.688	0.3526190476190476	0.323	0.023	0.035	0.183	0.549	0.676	0.2308855725658223	0.0533081476190476																					0.024	0.023	0.023	0.02	0.021	0.023	0.024	0.024	0.0011401754250991	1.300000000000004e-06	5300.0	2738.6666666666665	2506.0	201.0	313.0	1479.0	4229.0	5207.0	1772.928265140283	3143274.6333333333	17724.0	4096.0	3923.5	14.0	873.0	1638.25	6295.25	7626.5	2616.6586806422392	6846902.650980384	16458	4096.0	3915.5	16	797.0	1555.0	6418.0	7587.5	2613.2465361736417	6829057.458823537											4095.0	2053.0	2053.0	11.0	419.4	1032.0	3074.0	3686.6	1179.3822535548006	1390942.5																																									273.965	273.3057142857143	273.383	272.319	272.607	273.099	273.6	273.874	0.4325116348558757	0.1870663142857023																					slice_0021	slice_0001	565822.0	32012.032313341493	8702.0	6.0	1996.8	3508.0	20202.0	58072.39999999995	80676.66820133025	6508724792.067532	28113.804	1590.5767216646266	432.588	0.298	99.317	174.284	1004.322	2885.9147999999977	4007.694659244564	16061616.481737403	188767.385	731.5569397796818	26.667	0.0	0.0	6.667	89.333	614.3999999999996	4149.856716812498	17221310.770073805	109378.0	5385.14247246022	1452.0	1.0	333.0	585.0	3370.0	9709.799999999994	13671.48953447835	186909626.09135103	125.328	64.22909523809524	58.809	4.116	6.426	33.295	99.902	123.192	42.06729162770615	1769.657024890476	255.0	127.5	127.5	0.0	25.5	63.75	191.25	229.5	74.04503134354572	5482.666666666667	255	127.5	127.5	0	25.5	63.75	191.25	229.5	74.04503134354572	5482.666666666667	4084.0	2042.0	2042.0	0.0	408.4	1021.0	3063.0	3675.6	1179.3822535548006	1390942.5	20	10.0	10.0	0	2.0	5.0	15.0	18.0	6.2048368229954285	38.5	255.0	127.5	127.5	0.0	25.5	63.75	191.25	229.5	74.04503134354572	5482.666666666667	255	127.5	127.5	0	25.5	63.75	191.25	229.5	74.04503134354572	5482.666666666667																																																			L628
13042023--s--Lm--st--L628--p--C05--pos003--tm--24--ch--Syto9--z--21	256.0	128.5	128.5	1.0	26.5	64.75	192.25	230.5	74.04503134354572	5482.666666666667	256	128.5	128.5	1	26.5	64.75	192.25	230.5	74.04503134354572	5482.666666666667	4066.0	2033.5	2033.5	1.0	407.5	1017.25	3049.75	3659.5	1173.8974259562317	1378035.1666666667											1.059	0.4903175047619047	0.387	0.0006676	0.004	0.013	0.987	1.014	0.460209304593845	0.2117926040347504																					0.026	0.0239523809523809	0.025	0.017	0.022	0.022	0.026	0.026	0.0023124919562279	5.347619047619046e-06	7731.0	3539.095238095238	2745.0	7.0	36.0	106.0	7042.0	7506.0	3335.1866650123484	11123470.09047619	16458.0	4096.0	3915.5	16.0	797.0	1555.0	6418.0	7587.5	2613.2465361736417	6829057.458823537	192502	4096.0	3623.5	17	2545.5	2998.0	3943.5	4123.0	11854.788173031646	140536002.62745097											4095.0	2062.499262174127	2062.5	27.0	436.5	1046.25	3078.75	3688.5	1173.898704693118	1378038.1688801802																																									281.07	275.0842380952381	274.5	271.764	273.678	274.246	276.0	276.56	1.843197490904368	3.397376990476159																					slice_0021	slice_0001	2129160.0	30964.71765863256	16956.0	6.0	7601.0	9680.5	34418.5	69640.0	48213.7329926426	2324564049.085834	88194.346	1534.6096606000983	842.838	0.298	377.896	481.246	1710.75275	3460.928	2216.3400440700148	4912163.190948276	1419289.233	694.6338698967044	53.333	0.0	6.667	20.0	206.667	836.6665	22268.370467358127	495880323.2715076	952287.0	5325.311854402361	2828.5	1.0	1267.5	1614.25	5747.5	11648.0	15987.82142533207	255610433.9283072	192.821	89.28142857142858	70.549	0.122	0.799	2.345	179.691	184.606	83.79074517007915	7020.888976157143	255.0	127.5	127.5	0.0	25.5	63.75	191.25	229.5	74.04503134354572	5482.666666666667	255	127.5	127.5	0	25.5	63.75	191.25	229.5	74.04503134354572	5482.666666666667	4065.0	2032.5	2032.5	0.0	406.5	1016.25	3048.75	3658.5	1173.8974259562317	1378035.1666666667	20	10.0	10.0	0	2.0	5.0	15.0	18.0	6.2048368229954285	38.5	255.0	127.5	127.5	0.0	25.5	63.75	191.25	229.5	74.04503134354572	5482.666666666667	255	127.5	127.5	0	25.5	63.75	191.25	229.5	74.04503134354572	5482.666666666667																																																			L628
13042023--s--Lm--st--L628--p--C05--pos004--tm--24--ch--Syto9--z--21	256.0	128.5	128.5	1.0	26.5	64.75	192.25	230.5	74.04503134354572	5482.666666666667	256	128.5	128.5	1	26.5	64.75	192.25	230.5	74.04503134354572	5482.666666666667	4077.0	2039.0	2039.0	1.0	408.6	1020.0	3058.0	3669.4	1177.0728524607132	1385500.5											0.921	0.5251904761904762	0.667	0.005	0.008	0.132	0.842	0.883	0.3687030809537152	0.1359419619047619																					0.025	0.0234285714285714	0.024	0.02	0.021	0.024	0.024	0.025	0.0015023790657297	2.257142857142859e-06	6952.0	3955.095238095238	5008.0	40.0	76.0	999.0	6435.0	6714.0	2781.8163114188887	7738501.990476191	192502.0	4096.0	3623.5	17.0	2545.5	2998.0	3943.5	4123.0	11854.788173031646	140536002.62745097	158369	4096.0	3721.0	3	2548.0	3057.25	4171.25	4401.5	9726.106349488917	94597144.72156864											4095.0	2056.998283051263	2057.0	17.0	426.6	1038.0	3076.0	3687.4	1177.0758254124307	1385507.498770355																																									275.856	274.1644761904762	274.004	272.858	273.282	273.64	274.569	275.453	0.8135038794650908	0.661788561904753																					slice_0021	slice_0001	1706536.0	31231.28231542801	14068.0	6.0	6752.0	8590.0	26404.0	69738.40000000001	54224.12557081522	2940255793.919537	71796.004	1548.828657100809	699.412	0.298	335.7088	427.052	1312.646	3465.3354000000004	2601.472307120965	6767658.164717276	1126592.494	685.3723188619083	40.0	0.0	6.667	20.0	126.667	748.5530000000006	17680.387410039384	312596098.96907914	731887.0	5335.845229335296	2346.0	1.0	1126.0	1433.0	4405.0	11657.8	13893.845274760137	193038936.5189745	167.724	95.64228571428572	121.525	0.868	1.528	24.038	153.256	160.812	67.13058562469335	4506.515526314286	255.0	127.5	127.5	0.0	25.5	63.75	191.25	229.5	74.04503134354572	5482.666666666667	255	127.5	127.5	0	25.5	63.75	191.25	229.5	74.04503134354572	5482.666666666667	4076.0	2038.0	2038.0	0.0	407.6	1019.0	3057.0	3668.4	1177.0728524607132	1385500.5	20	10.0	10.0	0	2.0	5.0	15.0	18.0	6.2048368229954285	38.5	255.0	127.5	127.5	0.0	25.5	63.75	191.25	229.5	74.04503134354572	5482.666666666667	255	127.5	127.5	0	25.5	63.75	191.25	229.5	74.04503134354572	5482.666666666667																																																			L628
13042023--s--Lm--st--L628--p--C05--pos005--tm--24--ch--Syto9--z--21	256.0	128.5	128.5	1.0	26.5	64.75	192.25	230.5	74.04503134354572	5482.666666666667	256	128.5	128.5	1	26.5	64.75	192.25	230.5	74.04503134354572	5482.666666666667	4062.0	2031.5	2031.5	1.0	407.1	1016.25	3046.75	3655.9	1172.7427254091156	1375325.5											0.818	0.3217460761904762	0.302	0.0006676	0.003	0.026	0.541	0.716	0.2858579330075027	0.0817147578633219																					0.026	0.0242857142857142	0.025	0.02	0.02	0.025	0.025	0.025	0.0018477785890862	3.4142857142857103e-06	6029.0	2356.428571428572	2199.0	6.0	28.0	198.0	4019.0	5254.0	2105.266980015327	4432149.0571428565	158369.0	4096.0	3721.0	3.0	2548.0	3057.25	4171.25	4401.5	9726.106349488917	94597144.72156864	151046	4096.0	3825.0	9	2281.5	3036.0	4341.0	4548.5	9283.18303296501	86177487.22352941											4095.0	2064.499753815854	2064.5	33.0	440.1	1049.25	3079.75	3688.9	1172.743151864965	1375326.5002461723																																									285.167	275.26261904761907	274.71	273.917	274.028	274.267	275.185	275.966	2.357048885284108	5.555679447619056																					slice_0021	slice_0001	2057168.0	31204.091580502216	19444.0	12.0	7964.2	10287.5	39360.0	72407.60000000002	43105.03722344357	1858044234.034456	84138.304	1546.3919889217134	966.845	0.597	395.9335	511.272	1956.56775	3598.080800000001	1941.9806192277956	3771288.725456372	1365184.542	645.5010032003939	66.667	0.0	13.333	26.667	240.0	910.4003000000002	21424.3217168835	459001561.0285259	882286.0	5349.196947316593	3244.0	2.0	1328.0	1716.25	6571.25	12114.100000000004	14602.298299861195	213227115.6381292	149.053	58.60009523809523	54.918	0.122	0.556	4.794	98.46	130.435	52.07247754803372	2711.542917990476	255.0	127.5	127.5	0.0	25.5	63.75	191.25	229.5	74.04503134354572	5482.666666666667	255	127.5	127.5	0	25.5	63.75	191.25	229.5	74.04503134354572	5482.666666666667	4061.0	2030.5	2030.5	0.0	406.1	1015.25	3045.75	3654.9	1172.7427254091156	1375325.5	20	10.0	10.0	0	2.0	5.0	15.0	18.0	6.2048368229954285	38.5	255.0	127.5	127.5	0.0	25.5	63.75	191.25	229.5	74.04503134354572	5482.666666666667	255	127.5	127.5	0	25.5	63.75	191.25	229.5	74.04503134354572	5482.666666666667																																																			L628
13042023--s--Lm--st--L628--p--C06--pos001--tm--24--ch--Syto9--z--21	256.0	128.5	128.5	1.0	26.5	64.75	192.25	230.5	74.04503134354572	5482.666666666667	256	128.5	128.5	1	26.5	64.75	192.25	230.5	74.04503134354572	5482.666666666667	4086.0	2043.5	2043.5	1.0	409.5	1022.25	3064.75	3677.5	1179.6709286915568	1391623.5											0.392	0.2049523809523809	0.201	0.032	0.071	0.118	0.3	0.336	0.1115744039600822	0.0124488476190476																					0.024	0.023047619047619	0.023	0.021	0.023	0.023	0.023	0.024	0.0005895922723535	3.4761904761904775e-07	3071.0	1606.6190476190477	1605.0	278.0	555.0	909.0	2322.0	2612.0	871.1542042710049	758909.6476190477	151046.0	4096.0	3825.0	9.0	2281.5	3036.0	4341.0	4548.5	9283.18303296501	86177487.22352941	14824	4096.0	3397.0	33	686.5	1352.0	6392.25	8927.0	3091.028911759537	9554459.733333347											4095.0	2052.5	2052.5	10.0	418.5	1031.25	3073.75	3686.5	1179.6709286915568	1391623.5																																									274.266	273.38009523809524	273.433	272.39	272.526	273.081	273.799	273.94	0.5428431545816841	0.2946786904761941																					slice_0021	slice_0001	885828.0	31993.6118453255	6050.0	48.0	1129.0	2171.0	15622.5	44532.0	106450.05464826449	11331614134.618494	44010.657	1589.616054331865	300.7825	2.387	56.1005	107.89875	776.732	2212.67	5289.03608662372	27973902.72560795	103580.556	948.7854973078804	20.0	0.0	0.0	6.667	73.333	434.6665	5200.801637608217	27048337.673748314	150043.0	5387.47528144885	1008.5	8.0	188.5	362.25	2606.0	7443.5	18007.84816769068	324282595.63060063	71.418	37.31585714285715	36.647	5.836	12.887	21.467	54.553	61.118	20.3124563046563	412.59588112857153	255.0	127.5	127.5	0.0	25.5	63.75	191.25	229.5	74.04503134354572	5482.666666666667	255	127.5	127.5	0	25.5	63.75	191.25	229.5	74.04503134354572	5482.666666666667	4085.0	2042.5	2042.5	0.0	408.5	1021.25	3063.75	3676.5	1179.6709286915568	1391623.5	20	10.0	10.0	0	2.0	5.0	15.0	18.0	6.2048368229954285	38.5	255.0	127.5	127.5	0.0	25.5	63.75	191.25	229.5	74.04503134354572	5482.666666666667	255	127.5	127.5	0	25.5	63.75	191.25	229.5	74.04503134354572	5482.666666666667																																																			L628
13042023--s--Lm--st--L628--p--C06--pos002--tm--24--ch--Syto9--z--21	256.0	128.5	128.5	1.0	26.5	64.75	192.25	230.5	74.04503134354572	5482.666666666667	256	128.5	128.5	1	26.5	64.75	192.25	230.5	74.04503134354572	5482.666666666667	4086.0	2043.5	2043.5	1.0	409.5	1022.25	3064.75	3677.5	1179.6709286915568	1391623.5											0.49	0.201047619047619	0.145	0.034	0.05	0.054	0.302	0.439	0.1525442480693638	0.0232697476190476																					0.025	0.0234285714285714	0.024	0.02	0.023	0.023	0.024	0.025	0.0012071217242444	1.4571428571428594e-06	3832.0	1557.5238095238096	1140.0	307.0	365.0	423.0	2332.0	3453.0	1195.7293012654502	1429768.5619047617	14824.0	4096.0	3397.0	33.0	686.5	1352.0	6392.25	8927.0	3091.028911759537	9554459.733333347	10008	4096.0	3169.0	53	125.5	534.75	7913.25	8999.5	3550.441534541312	12605635.090196066											4095.0	2052.5	2052.5	10.0	418.5	1031.25	3073.75	3686.5	1179.6709286915568	1391623.5																																									274.914	273.5600476190476	273.526	272.25	273.077	273.273	273.933	274.125	0.5911086597395067	0.3494094476190358																					slice_0021	slice_0001	900344.0	32025.382280959373	5980.0	126.0	654.0	1578.0	16849.0	45963.0	106155.44203126864	11268977872.854036	44729.787	1591.3101135584925	297.3345	6.265	32.516	78.456	837.6445	2284.06	5274.30364940146	27818278.98608955	50378.141	937.5894872736172	20.0	0.0	0.0	0.0	73.333	442.0	5058.534390263928	25588770.177482847	152666.0	5388.620900636319	998.0	21.0	109.0	263.0	2812.75	7681.5	17949.306377107798	322177599.4192827	89.151	36.61704761904762	26.347	6.27	9.153	9.761	55.005	79.928	27.76854847570573	771.0922844476192	255.0	127.5	127.5	0.0	25.5	63.75	191.25	229.5	74.04503134354572	5482.666666666667	255	127.5	127.5	0	25.5	63.75	191.25	229.5	74.04503134354572	5482.666666666667	4085.0	2042.5	2042.5	0.0	408.5	1021.25	3063.75	3676.5	1179.6709286915568	1391623.5	20	10.0	10.0	0	2.0	5.0	15.0	18.0	6.2048368229954285	38.5	255.0	127.5	127.5	0.0	25.5	63.75	191.25	229.5	74.04503134354572	5482.666666666667	255	127.5	127.5	0	25.5	63.75	191.25	229.5	74.04503134354572	5482.666666666667																																																			L628
13042023--s--Lm--st--L628--p--C06--pos003--tm--24--ch--Syto9--z--21	256.0	128.5	128.5	1.0	26.5	64.75	192.25	230.5	74.04503134354572	5482.666666666667	256	128.5	128.5	1	26.5	64.75	192.25	230.5	74.04503134354572	5482.666666666667	4077.0	2039.0	2039.0	1.0	408.6	1020.0	3058.0	3669.4	1177.0728524607132	1385500.5											0.666	0.3686666666666666	0.506	0.001	0.01	0.05	0.596	0.643	0.267978606111259	0.0718125333333333																					0.025	0.0238571428571428	0.024	0.021	0.022	0.023	0.025	0.025	0.0013522468075656	1.828571428571434e-06	4935.0	2737.333333333333	3875.0	10.0	84.0	390.0	4454.0	4702.0	1978.4574125649845	3914293.733333333	10008.0	4096.0	3169.0	53.0	125.5	534.75	7913.25	8999.5	3550.441534541312	12605635.090196066	64741	4096.0	4306.0	5	1856.0	2557.25	5164.5	5467.5	4084.5089272115183	16683213.176470589											4095.0	2056.999754721609	2057.0	18.0	426.6	1038.0	3076.0	3687.4	1177.073277347365	1385501.500245267																																									276.815	274.1860952380953	274.145	270.529	273.182	273.609	274.593	275.722	1.2792294127623272	1.6364278904762486																					slice_0021	slice_0001	1307958.0	31589.946038753988	17012.0	6.0	5939.2	8252.0	37684.0	75652.40000000002	41726.02978523026	1741061561.637923	56091.215	1567.829085847437	845.848	0.298	295.316	410.215	1872.794	3759.4372000000008	2010.163063739648	4040755.542823168	851994.747	590.0130779985284	53.333	0.0	6.667	20.0	226.667	956.8002000000004	13369.874136536697	178753534.42683288	530995.0	5361.186656855531	2838.0	1.0	990.6	1376.0	6296.0	12655.200000000004	10276.183281280068	105599942.83045997	121.282	67.13690476190476	92.225	0.226	1.772	9.153	108.568	117.061	48.79641772805127	2381.0903830904763	255.0	127.5	127.5	0.0	25.5	63.75	191.25	229.5	74.04503134354572	5482.666666666667	255	127.5	127.5	0	25.5	63.75	191.25	229.5	74.04503134354572	5482.666666666667	4076.0	2038.0	2038.0	0.0	407.6	1019.0	3057.0	3668.4	1177.0728524607132	1385500.5	20	10.0	10.0	0	2.0	5.0	15.0	18.0	6.2048368229954285	38.5	255.0	127.5	127.5	0.0	25.5	63.75	191.25	229.5	74.04503134354572	5482.666666666667	255	127.5	127.5	0	25.5	63.75	191.25	229.5	74.04503134354572	5482.666666666667																																																			L628
13042023--s--Lm--st--L628--p--C06--pos004--tm--24--ch--Syto9--z--21	256.0	128.5	128.5	1.0	26.5	64.75	192.25	230.5	74.04503134354572	5482.666666666667	256	128.5	128.5	1	26.5	64.75	192.25	230.5	74.04503134354572	5482.666666666667	4079.0	2040.0	2040.0	1.0	408.8	1020.5	3059.5	3671.2	1177.6502027342417	1386860.0											0.624	0.3706666666666667	0.52	0.002	0.005	0.065	0.54	0.565	0.2422757382267843	0.0586975333333333																					0.024	0.0224285714285714	0.023	0.019	0.019	0.023	0.023	0.024	0.0017196345126633	2.9571428571428605e-06	4782.0	2898.619047619048	4079.0	22.0	51.0	501.0	4240.0	4392.0	1890.8464368158109	3575300.2476190487	64741.0	4096.0	4306.0	5.0	1856.0	2557.25	5164.5	5467.5	4084.5089272115183	16683213.176470589	58625	4096.0	4175.5	6	1991.0	2682.25	5148.75	5566.0	3718.2970495940217	13825732.949019603											4095.0	2056.0	2056.0	17.0	424.8	1036.5	3075.5	3687.2	1177.6502027342417	1386860.0																																									275.601	273.3727142857143	273.394	270.136	271.966	273.19	273.687	274.951	1.2358876624862152	1.5274183142856408																					slice_0021	slice_0001	1156244.0	31719.680313802404	15450.0	6.0	5687.6	8083.0	29148.0	68863.60000000005	51210.36803834397	2622501794.622641	50339.305	1574.5192454032851	768.058	0.298	282.6976	401.7965	1448.864	3422.229600000002	2507.811722358369	6289119.63479805	744173.371	606.7777989703359	40.0	0.0	6.667	20.0	133.333	702.667	11722.30716832577	137412485.3485817	447935.0	5370.885511154695	2577.0	1.0	948.8	1349.0	4864.5	11513.400000000009	10645.40042028819	113324550.10827196	113.553	67.5157619047619	94.743	0.434	0.955	11.845	98.304	102.906	44.096147382628295	1944.470213990476	255.0	127.5	127.5	0.0	25.5	63.75	191.25	229.5	74.04503134354572	5482.666666666667	255	127.5	127.5	0	25.5	63.75	191.25	229.5	74.04503134354572	5482.666666666667	4078.0	2039.0	2039.0	0.0	407.8	1019.5	3058.5	3670.2	1177.6502027342417	1386860.0	20	10.0	10.0	0	2.0	5.0	15.0	18.0	6.2048368229954285	38.5	255.0	127.5	127.5	0.0	25.5	63.75	191.25	229.5	74.04503134354572	5482.666666666667	255	127.5	127.5	0	25.5	63.75	191.25	229.5	74.04503134354572	5482.666666666667																																																			L628
13042023--s--Lm--st--L628--p--C06--pos005--tm--24--ch--Syto9--z--21	256.0	128.5	128.5	1.0	26.5	64.75	192.25	230.5	74.04503134354572	5482.666666666667	256	128.5	128.5	1	26.5	64.75	192.25	230.5	74.04503134354572	5482.666666666667	4075.0	2038.0	2038.0	1.0	408.4	1019.5	3056.5	3667.6	1176.4955021871808	1384141.6666666667											0.475	0.2523333333333333	0.339	0.001	0.004	0.044	0.399	0.432	0.1789690848535951	0.0320299333333333																					0.025	0.0236190476190476	0.024	0.02	0.022	0.024	0.024	0.025	0.0013955712262794	1.9476190476190497e-06	3656.0	1910.095238095238	2576.0	10.0	31.0	346.0	2994.0	3290.0	1364.1422911398174	1860884.1904761903	58625.0	4096.0	4175.5	6.0	1991.0	2682.25	5148.75	5566.0	3718.2970495940217	13825732.949019603	51795	4096.0	3677.0	5	1346.5	1893.5	5945.25	6980.0	3684.5039573550057	13575569.411764698											4095.0	2057.998527607362	2058.0	17.0	428.4	1039.5	3076.5	3687.6	1176.4980537985796	1384147.6705918454																																									276.91	273.83780952380954	274.134	267.65	273.125	273.561	274.541	275.539	2.030470798092091	4.122811661904733																					slice_0021	slice_0001	990132.0	31894.6527607362	17930.0	6.0	5082.0	7666.0	47858.0	81115.6	34526.114523448894	1192052584.0863087	41906.274	1583.382284417178	891.393	0.298	252.671	381.0775	2378.6980000000003	4031.2096	1669.0662998097278	2785782.313160536	640684.099	492.3299865030675	60.0	0.0	6.667	20.0	316.0	998.667	10051.163001141394	101025877.67551368	380325.0	5385.633374233129	2991.0	1.0	847.0	1279.0	7991.5	13564.2	7852.4768601718115	61661392.83953375	86.511	45.94947619047619	61.778	0.226	0.729	7.989	72.703	78.712	32.594776211256686	1062.4194362619046	255.0	127.5	127.5	0.0	25.5	63.75	191.25	229.5	74.04503134354572	5482.666666666667	255	127.5	127.5	0	25.5	63.75	191.25	229.5	74.04503134354572	5482.666666666667	4074.0	2037.0	2037.0	0.0	407.4	1018.5	3055.5	3666.6	1176.4955021871808	1384141.6666666667	20	10.0	10.0	0	2.0	5.0	15.0	18.0	6.2048368229954285	38.5	255.0	127.5	127.5	0.0	25.5	63.75	191.25	229.5	74.04503134354572	5482.666666666667	255	127.5	127.5	0	25.5	63.75	191.25	229.5	74.04503134354572	5482.666666666667																																																			L628
13042023--s--Lm--st--L628--p--D03--pos001--tm--24--ch--Syto9--z--21	256.0	128.5	128.5	1.0	26.5	64.75	192.25	230.5	74.04503134354572	5482.666666666667	256	128.5	128.5	1	26.5	64.75	192.25	230.5	74.04503134354572	5482.666666666667	4085.0	2043.0	2043.0	1.0	409.4	1022.0	3064.0	3676.6	1179.3822535548006	1390942.5											0.196	0.1076666666666666	0.113	0.014	0.054	0.08	0.128	0.183	0.0480981635131044	0.0023134333333333																					0.028	0.0246190476190476	0.024	0.021	0.023	0.024	0.026	0.026	0.0015321941938341	2.3476190476190468e-06	1519.0	802.5238095238095	782.0	123.0	356.0	567.0	986.0	1396.0	377.83615748729216	142760.16190476186	51795.0	4096.0	3677.0	5.0	1346.5	1893.5	5945.25	6980.0	3684.5039573550057	13575569.411764698	12543	4096.0	1889.0	17	43.5	230.25	8009.75	11500.0	4456.0943296243	19856776.674509834											4095.0	2053.0	2053.0	11.0	419.4	1032.0	3074.0	3686.6	1179.3822535548006	1390942.5																																									271.972	269.8852857142857	269.838	268.856	268.988	269.254	270.152	270.769	0.7885161471306198	0.6217577142857172																					slice_0021	slice_0001	939966.0	31978.415667074663	3796.0	6.0	84.0	390.0	19412.0	51837.99999999998	106668.56699646756	11378183185.079887	46661.086	1588.227840881273	188.603	0.298	4.176	19.39	964.979	2575.853999999999	5295.921369061368	28046783.14728083	67351.159	1147.449215911873	13.333	0.0	0.0	0.0	113.333	547.4665999999986	6393.2868725075205	40874117.034177	160268.0	5390.461199510404	634.0	1.0	14.0	65.0	3241.0	8667.199999999997	18105.713305215864	327816854.2906708	35.674	19.60623809523809	20.599	2.623	9.778	14.624	23.325	33.277	8.742428838170557	76.4300619904762	255.0	127.5	127.5	0.0	25.5	63.75	191.25	229.5	74.04503134354572	5482.666666666667	255	127.5	127.5	0	25.5	63.75	191.25	229.5	74.04503134354572	5482.666666666667	4084.0	2042.0	2042.0	0.0	408.4	1021.0	3063.0	3675.6	1179.3822535548006	1390942.5	20	10.0	10.0	0	2.0	5.0	15.0	18.0	6.2048368229954285	38.5	255.0	127.5	127.5	0.0	25.5	63.75	191.25	229.5	74.04503134354572	5482.666666666667	255	127.5	127.5	0	25.5	63.75	191.25	229.5	74.04503134354572	5482.666666666667																																																			L628
13042023--s--Lm--st--L628--p--D03--pos002--tm--24--ch--Syto9--z--21	256.0	128.5	128.5	1.0	26.5	64.75	192.25	230.5	74.04503134354572	5482.666666666667	256	128.5	128.5	1	26.5	64.75	192.25	230.5	74.04503134354572	5482.666666666667	4085.0	2043.0	2043.0	1.0	409.4	1022.0	3064.0	3676.6	1179.3822535548006	1390942.5											0.204	0.1194761904761904	0.114	0.01	0.024	0.089	0.173	0.197	0.0606783479073211	0.0036818619047619																					0.027	0.0241904761904761	0.024	0.019	0.023	0.024	0.025	0.026	0.001600595127415	2.561904761904764e-06	1566.0	896.4761904761905	865.0	90.0	167.0	635.0	1289.0	1530.0	469.3007158579261	220243.16190476183	12543.0	4096.0	1889.0	17.0	43.5	230.25	8009.75	11500.0	4456.0943296243	19856776.674509834	14164	4096.0	903.5	0	2.5	14.5	8560.0	12878.0	5049.71872639321	25499659.21568626											4095.0	2053.0	2053.0	11.0	419.4	1032.0	3074.0	3686.6	1179.3822535548006	1390942.5																																									270.954	269.4790952380952	269.675	267.379	268.827	269.033	269.881	270.328	0.8839359651446445	0.781342790476194																					slice_0021	slice_0001	642150.0	32052.42594859241	5890.0	6.0	240.0	868.0	28602.0	63773.99999999999	81971.68432213632	6719357030.60797	31883.053	1592.2326744186046	292.811	0.298	11.933	43.124	1422.348	3168.359399999999	4070.110915922808	16565802.867914	41473.94	914.6499755201958	20.0	0.0	0.0	0.0	160.0	690.3999999999996	4362.986229144084	19035648.83570091	109151.0	5390.4139534883725	982.0	1.0	40.0	145.0	4782.0	10710.799999999994	13880.043010763988	192655593.9806582	37.064	21.75409523809524	20.755	1.754	4.377	16.187	31.419	35.935	11.042278369542952	121.93191159047618	255.0	127.5	127.5	0.0	25.5	63.75	191.25	229.5	74.04503134354572	5482.666666666667	255	127.5	127.5	0	25.5	63.75	191.25	229.5	74.04503134354572	5482.666666666667	4084.0	2042.0	2042.0	0.0	408.4	1021.0	3063.0	3675.6	1179.3822535548006	1390942.5	20	10.0	10.0	0	2.0	5.0	15.0	18.0	6.2048368229954285	38.5	255.0	127.5	127.5	0.0	25.5	63.75	191.25	229.5	74.04503134354572	5482.666666666667	255	127.5	127.5	0	25.5	63.75	191.25	229.5	74.04503134354572	5482.666666666667																																																			L628
13042023--s--Lm--st--L628--p--D03--pos003--tm--24--ch--Syto9--z--21	256.0	128.5	128.5	1.0	26.5	64.75	192.25	230.5	74.04503134354572	5482.666666666667	256	128.5	128.5	1	26.5	64.75	192.25	230.5	74.04503134354572	5482.666666666667	4074.0	2037.5	2037.5	1.0	408.3	1019.25	3055.75	3666.7	1176.206827050413	1383462.5											0.483	0.2606666666666666	0.295	0.01	0.017	0.154	0.417	0.463	0.1662923129111305	0.0276531333333333																					0.024	0.023	0.024	0.019	0.021	0.023	0.024	0.024	0.0016431676725155	2.700000000000005e-06	3646.0	1997.095238095238	2278.0	87.0	151.0	1163.0	3141.0	3526.0	1252.7834571370229	1569466.3904761907	14164.0	4096.0	903.5	0.0	2.5	14.5	8560.0	12878.0	5049.71872639321	25499659.21568626	12323	4096.0	1544.5	2	21.5	117.0	8789.25	11445.5	4585.548449247061	21027254.580392133											4095.0	2058.5	2058.5	22.0	429.3	1040.25	3076.75	3687.7	1176.206827050413	1383462.5																																									270.239	269.23019047619044	269.261	267.013	268.98	269.084	269.498	269.716	0.6196815003731794	0.3840051619047547																					slice_0021	slice_0001	212970.0	32243.265095729013	7661.0	6.0	366.0	1226.5	37411.0	111146.40000000013	51224.53737054968	2623953228.82684	10577.45	1602.1661698576338	380.831	0.298	18.197	60.9965	1859.68175	5523.764100000006	2544.8098536985062	6476057.191481012	20056.147	587.0791335297006	26.667	0.0	0.0	0.0	253.333	1754.2668000000003	1504.8390316123648	2264540.5110640395	35845.0	5404.891016200295	1278.5	1.0	61.0	205.0	6248.25	18632.700000000004	8606.622762517587	74073955.37628587	87.9	47.47209523809524	53.772	1.858	3.126	27.963	76.02	84.253	30.28222048315606	917.0128773904764	255.0	127.5	127.5	0.0	25.5	63.75	191.25	229.5	74.04503134354572	5482.666666666667	255	127.5	127.5	0	25.5	63.75	191.25	229.5	74.04503134354572	5482.666666666667	4073.0	2036.5	2036.5	0.0	407.3	1018.25	3054.75	3665.7	1176.206827050413	1383462.5	20	10.0	10.0	0	2.0	5.0	15.0	18.0	6.2048368229954285	38.5	255.0	127.5	127.5	0.0	25.5	63.75	191.25	229.5	74.04503134354572	5482.666666666667	255	127.5	127.5	0	25.5	63.75	191.25	229.5	74.04503134354572	5482.666666666667																																																			L628
13042023--s--Lm--st--L628--p--D03--pos004--tm--24--ch--Syto9--z--21	256.0	128.5	128.5	1.0	26.5	64.75	192.25	230.5	74.04503134354572	5482.666666666667	256	128.5	128.5	1	26.5	64.75	192.25	230.5	74.04503134354572	5482.666666666667	8416.0	4208.5	4208.5	1.0	842.5	2104.75	6312.25	7574.5	2429.6342660299038	5903122.666666667											0.251	0.1433809523809524	0.149	0.005	0.007	0.115	0.2	0.245	0.0805645556001373	0.0064906476190476																					0.025	0.0233809523809523	0.024	0.019	0.021	0.023	0.024	0.024	0.0014309504001254	2.047619047619044e-06	1986.0	1100.5238095238096	1127.0	49.0	62.0	882.0	1567.0	1882.0	625.4689136198233	391211.361904762	12323.0	4096.0	1544.5	2.0	21.5	117.0	8789.25	11445.5	4585.548449247061	21027254.580392133	12607	4096.0	1886.5	5	17.5	111.25	8345.25	11343.0	4470.021021137573	19981087.92941179	12323.0	124.59315589353612	0.0	0.0	0.0	0.0	0.0	0.0	1063.982352178632	1132058.4457475746	4095.0	1992.9752851711028	1991.5	0.0	308.5	939.75	3043.25	3674.5	1212.3483719739336	1469788.5750278474																																									272.786	269.4919523809524	269.491	267.754	268.468	269.251	269.744	269.91	0.94785254529333	0.8984244476190438																					slice_0021	slice_0001	400128.0	15594.194629277566	0.0	0.0	0.0	0.0	8490.0	45278.0	44720.5196502498	1999924877.7883785	19866.317	774.7278108365019	0.0	0.0	0.0	0.0	422.0395	2250.6795	2220.679510147017	4931417.486786796	21281.026	328.4641127614068	0.0	0.0	0.0	0.0	33.333	313.333	1792.843446732699	3214287.624492384	67772.0	2616.384149239544	0.0	0.0	0.0	0.0	1417.0	7570.0	7538.730471595089	56832457.12335631	45.643	26.12252380952381	27.112	0.955	1.303	20.911	36.352	44.671	14.657626283334718	214.8460082619048	255.0	127.5	127.5	0.0	25.5	63.75	191.25	229.5	74.04503134354572	5482.666666666667	255	127.5	127.5	0	25.5	63.75	191.25	229.5	74.04503134354572	5482.666666666667	8415.0	4207.5	4207.5	0.0	841.5	2103.75	6311.25	7573.5	2429.6342660299038	5903122.666666667	20	10.0	10.0	0	2.0	5.0	15.0	18.0	6.2048368229954285	38.5	255.0	127.5	127.5	0.0	25.5	63.75	191.25	229.5	74.04503134354572	5482.666666666667	255	127.5	127.5	0	25.5	63.75	191.25	229.5	74.04503134354572	5482.666666666667	255.0	3.8783269961977194	0.0	0.0	0.0	0.0	0.0	0.0	25.4095191009991	645.6436609440381	67772.0	2616.456273764258	0.0	0.0	0.0	0.0	1417.0	7570.0	7538.791431971868	56833376.254772455											588.537	22.72148455323194	0.0	0.0	0.0	0.0	12.305	65.738	65.46738805751913	4285.978899073798											L628
13042023--s--Lm--st--L628--p--D03--pos005--tm--24--ch--Syto9--z--21	256.0	128.5	128.5	1.0	26.5	64.75	192.25	230.5	74.04503134354572	5482.666666666667	256	128.5	128.5	1	26.5	64.75	192.25	230.5	74.04503134354572	5482.666666666667																					0.252	0.1341428571428571	0.13	0.008	0.023	0.099	0.184	0.238	0.0699065703022868	0.0048869285714285																					0.026	0.0237619047619047	0.024	0.021	0.023	0.023	0.024	0.025	0.0011359912809859	1.2904761904761962e-06	1974.0	1031.190476190476	970.0	68.0	179.0	687.0	1388.0	1878.0	553.5884409060234	306460.1619047618	12607.0	4096.0	1886.5	5.0	17.5	111.25	8345.25	11343.0	4470.021021137573	19981087.92941179	12393	4096.0	1700.0	3	15.5	97.0	8711.75	11489.5	4541.4472116794	20624742.77647059																																																													270.641	269.4347619047619	269.256	268.663	268.769	269.088	269.68	270.221	0.5584808774489978	0.3119008904762025																					slice_0021	slice_0001																																									45.835	24.433666666666664	23.76	1.424	4.22	17.976	33.434	43.351	12.713633683307592	161.63648143333336	255.0	127.5	127.5	0.0	25.5	63.75	191.25	229.5	74.04503134354572	5482.666666666667	255	127.5	127.5	0	25.5	63.75	191.25	229.5	74.04503134354572	5482.666666666667											20	10.0	10.0	0	2.0	5.0	15.0	18.0	6.2048368229954285	38.5	255.0	127.5	127.5	0.0	25.5	63.75	191.25	229.5	74.04503134354572	5482.666666666667	255	127.5	127.5	0	25.5	63.75	191.25	229.5	74.04503134354572	5482.666666666667																																																			L628
13042023--s--Lm--st--L628--p--D04--pos001--tm--24--ch--Syto9--z--21	256.0	128.5	128.5	1.0	26.5	64.75	192.25	230.5	74.04503134354572	5482.666666666667	256	128.5	128.5	1	26.5	64.75	192.25	230.5	74.04503134354572	5482.666666666667																					0.243	0.1371904761904761	0.134	0.017	0.079	0.086	0.18	0.223	0.0627587595859088	0.0039386619047619																					0.027	0.0246190476190476	0.024	0.024	0.024	0.024	0.025	0.026	0.0008646496675642	7.476190476190468e-07	1877.0	1024.095238095238	972.0	129.0	540.0	648.0	1339.0	1692.0	485.8231061571594	236024.09047619053	12393.0	4096.0	1700.0	3.0	15.5	97.0	8711.75	11489.5	4541.4472116794	20624742.77647059	12691	4096.0	1760.0	8	26.5	137.0	8169.5	11782.5	4561.224832062923	20804771.968627445																																																													271.632	269.80542857142854	269.558	269.061	269.067	269.265	270.192	270.727	0.7133163794158044	0.5088202571428718																					Ch1	Ch1																																									44.341	24.99857142857143	24.333	3.039	14.433	15.736	32.861	40.624	11.439742372848388	130.86770555714287	255.0	127.5	127.5	0.0	25.5	63.75	191.25	229.5	74.04503134354572	5482.666666666667	255	127.5	127.5	0	25.5	63.75	191.25	229.5	74.04503134354572	5482.666666666667											20	10.0	10.0	0	2.0	5.0	15.0	18.0	6.2048368229954285	38.5	255.0	127.5	127.5	0.0	25.5	63.75	191.25	229.5	74.04503134354572	5482.666666666667	255	127.5	127.5	0	25.5	63.75	191.25	229.5	74.04503134354572	5482.666666666667																																																			L628
13042023--s--Lm--st--L628--p--D04--pos002--tm--24--ch--Syto9--z--21	256.0	128.5	128.5	1.0	26.5	64.75	192.25	230.5	74.04503134354572	5482.666666666667	256	128.5	128.5	1	26.5	64.75	192.25	230.5	74.04503134354572	5482.666666666667																					0.265	0.136047619047619	0.126	0.011	0.056	0.093	0.196	0.224	0.0710334260686306	0.0050457476190476																					0.026	0.0242380952380952	0.025	0.021	0.023	0.024	0.025	0.025	0.0011791845447071	1.3904761904761914e-06	2017.0	1021.6190476190476	918.0	95.0	435.0	702.0	1438.0	1702.0	542.5977770126299	294412.3476190476	12691.0	4096.0	1760.0	8.0	26.5	137.0	8169.5	11782.5	4561.224832062923	20804771.968627445	11860	4096.0	1917.0	6	24.0	147.25	8511.5	11092.5	4393.811535758528	19305579.81176471																																																													270.859	269.7331904761905	269.688	268.843	269.285	269.46	269.903	270.401	0.5009198158435828	0.2509206619047688																					slice_0021	slice_0001																																									48.249	24.77942857142857	22.961	2.049	10.16	16.882	35.674	40.798	12.93525074968177	167.32071195714283	255.0	127.5	127.5	0.0	25.5	63.75	191.25	229.5	74.04503134354572	5482.666666666667	255	127.5	127.5	0	25.5	63.75	191.25	229.5	74.04503134354572	5482.666666666667											20	10.0	10.0	0	2.0	5.0	15.0	18.0	6.2048368229954285	38.5	255.0	127.5	127.5	0.0	25.5	63.75	191.25	229.5	74.04503134354572	5482.666666666667	255	127.5	127.5	0	25.5	63.75	191.25	229.5	74.04503134354572	5482.666666666667																																																			L628
13042023--s--Lm--st--L628--p--D04--pos003--tm--24--ch--Syto9--z--21	256.0	128.5	128.5	1.0	26.5	64.75	192.25	230.5	74.04503134354572	5482.666666666667	256	128.5	128.5	1	26.5	64.75	192.25	230.5	74.04503134354572	5482.666666666667																					0.415	0.2028571428571428	0.208	0.009	0.014	0.125	0.305	0.376	0.1301884348605073	0.0169490285714285																					0.024	0.0231428571428571	0.024	0.021	0.021	0.023	0.024	0.024	0.0011526367287968	1.3285714285714273e-06	3172.0	1562.4761904761904	1671.0	75.0	123.0	974.0	2319.0	2909.0	991.98465809949	984033.561904762	11860.0	4096.0	1917.0	6.0	24.0	147.25	8511.5	11092.5	4393.811535758528	19305579.81176471	12093	4096.0	1745.5	6	26.5	145.0	8666.0	11209.5	4469.369035610126	19975259.576470587																																																													269.971	269.2284285714286	269.208	268.563	268.885	269.041	269.38	269.765	0.3471997366687781	0.1205476571428688																					slice_0021	slice_0001																																									75.551	36.947	37.897	1.598	2.553	22.822	55.561	68.448	23.720252641993508	562.6503854	255.0	127.5	127.5	0.0	25.5	63.75	191.25	229.5	74.04503134354572	5482.666666666667	255	127.5	127.5	0	25.5	63.75	191.25	229.5	74.04503134354572	5482.666666666667											20	10.0	10.0	0	2.0	5.0	15.0	18.0	6.2048368229954285	38.5	255.0	127.5	127.5	0.0	25.5	63.75	191.25	229.5	74.04503134354572	5482.666666666667	255	127.5	127.5	0	25.5	63.75	191.25	229.5	74.04503134354572	5482.666666666667																																																			L628
13042023--s--Lm--st--L628--p--D04--pos004--tm--24--ch--Syto9--z--21	256.0	128.5	128.5	1.0	26.5	64.75	192.25	230.5	74.04503134354572	5482.666666666667	256	128.5	128.5	1	26.5	64.75	192.25	230.5	74.04503134354572	5482.666666666667																					0.178	0.0883809523809523	0.089	0.006	0.008	0.083	0.108	0.152	0.0471152588770094	0.0022198476190476																					0.025	0.0235714285714285	0.024	0.021	0.023	0.023	0.024	0.025	0.0009783367810436	9.57142857142859e-07	1399.0	679.0	685.0	47.0	65.0	620.0	841.0	1185.0	369.44837257727903	136492.09999999998	12093.0	4096.0	1745.5	6.0	26.5	145.0	8666.0	11209.5	4469.369035610126	19975259.576470587	11535	4096.0	2344.5	22	63.5	264.75	8069.75	10590.5	4139.396256062699	17134601.364705887																																																													272.577	269.49638095238095	269.477	268.231	268.552	268.917	269.697	270.06	0.8803718235035966	0.7750545476190477																					slice_0021	slice_0001																																									32.478	16.092809523809525	16.274	1.025	1.407	15.162	19.695	27.667	8.610370419552503	74.13847876190475	255.0	127.5	127.5	0.0	25.5	63.75	191.25	229.5	74.04503134354572	5482.666666666667	255	127.5	127.5	0	25.5	63.75	191.25	229.5	74.04503134354572	5482.666666666667											20	10.0	10.0	0	2.0	5.0	15.0	18.0	6.2048368229954285	38.5	255.0	127.5	127.5	0.0	25.5	63.75	191.25	229.5	74.04503134354572	5482.666666666667	255	127.5	127.5	0	25.5	63.75	191.25	229.5	74.04503134354572	5482.666666666667																																																			L628
13042023--s--Lm--st--L628--p--D04--pos005--tm--24--ch--Syto9--z--21	256.0	128.5	128.5	1.0	26.5	64.75	192.25	230.5	74.04503134354572	5482.666666666667	256	128.5	128.5	1	26.5	64.75	192.25	230.5	74.04503134354572	5482.666666666667																					0.301	0.1635238095238095	0.155	0.009	0.047	0.126	0.201	0.267	0.0792058198919871	0.0062735619047619																					0.025	0.0235238095238095	0.024	0.021	0.023	0.023	0.024	0.024	0.0008728715609439	7.619047619047657e-07	2367.0	1255.952380952381	1205.0	77.0	387.0	966.0	1530.0	2113.0	612.0667836266298	374625.7476190477	11535.0	4096.0	2344.5	22.0	63.5	264.75	8069.75	10590.5	4139.396256062699	17134601.364705887	13021	4096.0	1442.0	4	15.5	84.75	8625.75	12015.0	4709.908019583947	22183233.552941177																																																													271.404	269.4408095238095	269.408	268.445	268.933	269.182	269.535	269.809	0.5623726183810434	0.3162629619047507																					slice_0021	slice_0001																																									54.727	29.77733333333333	28.206	1.615	8.632	23.013	36.664	48.631	14.411540449699793	207.6924981333333	255.0	127.5	127.5	0.0	25.5	63.75	191.25	229.5	74.04503134354572	5482.666666666667	255	127.5	127.5	0	25.5	63.75	191.25	229.5	74.04503134354572	5482.666666666667											20	10.0	10.0	0	2.0	5.0	15.0	18.0	6.2048368229954285	38.5	255.0	127.5	127.5	0.0	25.5	63.75	191.25	229.5	74.04503134354572	5482.666666666667	255	127.5	127.5	0	25.5	63.75	191.25	229.5	74.04503134354572	5482.666666666667																																																			L628
13042023--s--Lm--st--L628--p--D05--pos001--tm--24--ch--Syto9--z--21	256.0	128.5	128.5	1.0	26.5	64.75	192.25	230.5	74.04503134354572	5482.666666666667	256	128.5	128.5	1	26.5	64.75	192.25	230.5	74.04503134354572	5482.666666666667																					0.398	0.2372857142857142	0.268	0.009	0.016	0.183	0.336	0.362	0.1283032122969424	0.0164617142857142																					0.024	0.0228571428571428	0.023	0.02	0.021	0.023	0.023	0.024	0.0010141851056742	1.0285714285714325e-06	3038.0	1850.190476190476	2131.0	82.0	132.0	1446.0	2617.0	2800.0	990.7402090885188	981566.161904762	13021.0	4096.0	1442.0	4.0	15.5	84.75	8625.75	12015.0	4709.908019583947	22183233.552941177	9571	4096.0	3223.0	7	161.0	573.5	7803.0	9078.0	3502.5533375457594	12267879.882352935																																																													270.7	270.15280952380954	270.217	269.134	269.503	269.951	270.495	270.57	0.4429373114840963	0.1961934619047593																					slice_0021	slice_0001																																									72.529	43.216142857142856	48.874	1.633	2.987	33.312	61.136	65.999	23.357155251198105	545.5567014285713	255.0	127.5	127.5	0.0	25.5	63.75	191.25	229.5	74.04503134354572	5482.666666666667	255	127.5	127.5	0	25.5	63.75	191.25	229.5	74.04503134354572	5482.666666666667											20	10.0	10.0	0	2.0	5.0	15.0	18.0	6.2048368229954285	38.5	255.0	127.5	127.5	0.0	25.5	63.75	191.25	229.5	74.04503134354572	5482.666666666667	255	127.5	127.5	0	25.5	63.75	191.25	229.5	74.04503134354572	5482.666666666667																																																			L628
13042023--s--Lm--st--L628--p--D05--pos002--tm--24--ch--Syto9--z--21	256.0	128.5	128.5	1.0	26.5	64.75	192.25	230.5	74.04503134354572	5482.666666666667	256	128.5	128.5	1	26.5	64.75	192.25	230.5	74.04503134354572	5482.666666666667																					0.249	0.123	0.122	0.012	0.038	0.06	0.178	0.23	0.0754367284550436	0.0056906999999999																					0.027	0.0239523809523809	0.024	0.021	0.023	0.023	0.025	0.025	0.0012440333788202	1.547619047619049e-06	1917.0	942.1428571428572	910.0	97.0	280.0	435.0	1357.0	1786.0	594.4060300597804	353318.5285714286	9571.0	4096.0	3223.0	7.0	161.0	573.5	7803.0	9078.0	3502.5533375457594	12267879.882352935	10848	4096.0	2901.5	12	117.0	466.75	7745.75	9849.5	3764.186849147385	14169102.63529412																																																													271.374	270.37919047619044	270.348	267.729	270.021	270.173	270.813	270.998	0.7364808632304851	0.5424040619047206																					slice_0021	slice_0001																																									45.331	22.41485714285714	22.266	2.119	6.843	10.942	32.444	41.909	13.750374839566064	189.07280822857143	255.0	127.5	127.5	0.0	25.5	63.75	191.25	229.5	74.04503134354572	5482.666666666667	255	127.5	127.5	0	25.5	63.75	191.25	229.5	74.04503134354572	5482.666666666667											20	10.0	10.0	0	2.0	5.0	15.0	18.0	6.2048368229954285	38.5	255.0	127.5	127.5	0.0	25.5	63.75	191.25	229.5	74.04503134354572	5482.666666666667	255	127.5	127.5	0	25.5	63.75	191.25	229.5	74.04503134354572	5482.666666666667																																																			L628
13042023--s--Lm--st--L628--p--D05--pos003--tm--24--ch--Syto9--z--21	256.0	128.5	128.5	1.0	26.5	64.75	192.25	230.5	74.04503134354572	5482.666666666667	256	128.5	128.5	1	26.5	64.75	192.25	230.5	74.04503134354572	5482.666666666667																					0.438	0.1859523809523809	0.172	0.009	0.013	0.039	0.297	0.389	0.141875112754308	0.0201285476190476																					0.024	0.0227619047619047	0.023	0.019	0.02	0.023	0.024	0.024	0.00141084236911	1.9904761904761944e-06	3340.0	1441.6190476190477	1337.0	84.0	103.0	303.0	2246.0	3015.0	1081.5199247443609	1169685.347619048	10848.0	4096.0	2901.5	12.0	117.0	466.75	7745.75	9849.5	3764.186849147385	14169102.63529412	9714	4096.0	3033.0	26	211.0	648.5	7828.25	9227.0	3513.803797796877	12346817.129411751																																																													270.705	270.00257142857146	270.085	268.849	269.53	269.825	270.233	270.574	0.4570515913360972	0.2088961571428588																					slice_0021	slice_0001																																									79.702	33.85638095238095	31.367	1.685	2.345	7.034	54.015	70.758	25.82739221732653	667.054188747619	255.0	127.5	127.5	0.0	25.5	63.75	191.25	229.5	74.04503134354572	5482.666666666667	255	127.5	127.5	0	25.5	63.75	191.25	229.5	74.04503134354572	5482.666666666667											20	10.0	10.0	0	2.0	5.0	15.0	18.0	6.2048368229954285	38.5	255.0	127.5	127.5	0.0	25.5	63.75	191.25	229.5	74.04503134354572	5482.666666666667	255	127.5	127.5	0	25.5	63.75	191.25	229.5	74.04503134354572	5482.666666666667																																																			L628
13042023--s--Lm--st--L628--p--D05--pos004--tm--24--ch--Syto9--z--21	256.0	128.5	128.5	1.0	26.5	64.75	192.25	230.5	74.04503134354572	5482.666666666667	256	128.5	128.5	1	26.5	64.75	192.25	230.5	74.04503134354572	5482.666666666667																					0.223	0.1055238095238095	0.098	0.005	0.041	0.062	0.125	0.202	0.0599288069692856	0.0035914619047619																					0.026	0.0243333333333333	0.024	0.02	0.023	0.024	0.025	0.026	0.0013165611772087	1.7333333333333342e-06	1690.0	794.5714285714286	727.0	42.0	294.0	472.0	919.0	1535.0	467.5233225656845	218578.05714285708	9714.0	4096.0	3033.0	26.0	211.0	648.5	7828.25	9227.0	3513.803797796877	12346817.129411751	9722	4096.0	3197.0	48	213.5	712.0	7667.5	9170.0	3460.1434720339	11972592.847058808																																																													272.45	270.6570476190476	270.552	269.77	269.885	270.024	271.202	271.493	0.7294214471888253	0.5320556476190402																					slice_0021	slice_0001																																									40.589	19.21	17.82	0.834	7.381	11.359	22.683	36.716	10.903655680550449	118.88970720000005	255.0	127.5	127.5	0.0	25.5	63.75	191.25	229.5	74.04503134354572	5482.666666666667	255	127.5	127.5	0	25.5	63.75	191.25	229.5	74.04503134354572	5482.666666666667											20	10.0	10.0	0	2.0	5.0	15.0	18.0	6.2048368229954285	38.5	255.0	127.5	127.5	0.0	25.5	63.75	191.25	229.5	74.04503134354572	5482.666666666667	255	127.5	127.5	0	25.5	63.75	191.25	229.5	74.04503134354572	5482.666666666667																																																			L628
13042023--s--Lm--st--L628--p--D05--pos005--tm--24--ch--Syto9--z--21	256.0	128.5	128.5	1.0	26.5	64.75	192.25	230.5	74.04503134354572	5482.666666666667	256	128.5	128.5	1	26.5	64.75	192.25	230.5	74.04503134354572	5482.666666666667																					0.223	0.1358095238095238	0.165	0.002	0.009	0.103	0.188	0.191	0.0704575184402765	0.0049642619047619																					0.024	0.0221428571428571	0.022	0.018	0.02	0.022	0.023	0.023	0.0013522468075656	1.8285714285714256e-06	1784.0	1092.3333333333333	1311.0	25.0	81.0	825.0	1486.0	1542.0	557.7315961404136	311064.5333333333	9722.0	4096.0	3197.0	48.0	213.5	712.0	7667.5	9170.0	3460.1434720339	11972592.847058808	26562	4096.0	3998.0	21	1056.5	1836.25	6201.25	7061.0	2658.2222896470626	7066145.741176472																																																													270.708	269.7694285714286	269.857	268.198	269.223	269.671	269.922	270.409	0.5231395197677793	0.2736749571428627																					slice_0021	slice_0001																																									40.624	24.734809523809524	29.995	0.452	1.598	18.723	34.215	34.858	12.835929154599786	164.76107726190477	255.0	127.5	127.5	0.0	25.5	63.75	191.25	229.5	74.04503134354572	5482.666666666667	255	127.5	127.5	0	25.5	63.75	191.25	229.5	74.04503134354572	5482.666666666667											20	10.0	10.0	0	2.0	5.0	15.0	18.0	6.2048368229954285	38.5	255.0	127.5	127.5	0.0	25.5	63.75	191.25	229.5	74.04503134354572	5482.666666666667	255	127.5	127.5	0	25.5	63.75	191.25	229.5	74.04503134354572	5482.666666666667																																																			L628
13042023--s--Lm--st--L628--p--D06--pos001--tm--24--ch--Syto9--z--21	256.0	128.5	128.5	1.0	26.5	64.75	192.25	230.5	74.04503134354572	5482.666666666667	256	128.5	128.5	1	26.5	64.75	192.25	230.5	74.04503134354572	5482.666666666667																					0.387	0.2107619047619047	0.201	0.017	0.095	0.138	0.298	0.357	0.1082713742232473	0.0117226904761904																					0.026	0.0243333333333333	0.024	0.021	0.023	0.024	0.025	0.026	0.0012382783747337	1.5333333333333385e-06	2952.0	1589.3809523809523	1439.0	147.0	671.0	967.0	2294.0	2733.0	850.8200442038536	723894.7476190475	26562.0	4096.0	3998.0	21.0	1056.5	1836.25	6201.25	7061.0	2658.2222896470626	7066145.741176472	11889	4096.0	2066.0	17	63.5	274.5	8317.5	10915.5	4266.45768207552	18202661.15294122																																																													271.786	270.7086666666667	270.676	269.278	269.95	270.237	271.209	271.619	0.6960125238336728	0.4844334333333189																					Ch1	Ch1																																									70.549	38.37533333333334	36.595	3.074	17.386	25.132	54.189	65.026	19.717203884763517	388.76812903333337	255.0	127.5	127.5	0.0	25.5	63.75	191.25	229.5	74.04503134354572	5482.666666666667	255	127.5	127.5	0	25.5	63.75	191.25	229.5	74.04503134354572	5482.666666666667											20	10.0	10.0	0	2.0	5.0	15.0	18.0	6.2048368229954285	38.5	255.0	127.5	127.5	0.0	25.5	63.75	191.25	229.5	74.04503134354572	5482.666666666667	255	127.5	127.5	0	25.5	63.75	191.25	229.5	74.04503134354572	5482.666666666667																																																			L628
13042023--s--Lm--st--L628--p--D06--pos002--tm--24--ch--Syto9--z--21	256.0	128.5	128.5	1.0	26.5	64.75	192.25	230.5	74.04503134354572	5482.666666666667	256	128.5	128.5	1	26.5	64.75	192.25	230.5	74.04503134354572	5482.666666666667																					0.24	0.118047619047619	0.107	0.015	0.047	0.061	0.164	0.211	0.0668240048115018	0.0044654476190476																					0.026	0.0244285714285714	0.024	0.021	0.024	0.024	0.025	0.026	0.0011212238211627	1.2571428571428552e-06	1822.0	881.5238095238095	793.0	133.0	328.0	445.0	1227.0	1582.0	511.1714603777895	261296.26190476195	11889.0	4096.0	2066.0	17.0	63.5	274.5	8317.5	10915.5	4266.45768207552	18202661.15294122	11776	4096.0	2800.0	70	120.5	494.0	7642.75	9821.0	3816.1239086636697	14562801.686274484																																																													271.84	270.69385714285715	270.688	268.861	270.054	270.373	271.116	271.345	0.651699799425656	0.4247126285714403																					slice_0021	slice_0001																																									43.75	21.505857142857145	19.4	2.814	8.632	11.15	29.821	38.401	12.16882036717493	148.08018912857142	255.0	127.5	127.5	0.0	25.5	63.75	191.25	229.5	74.04503134354572	5482.666666666667	255	127.5	127.5	0	25.5	63.75	191.25	229.5	74.04503134354572	5482.666666666667											20	10.0	10.0	0	2.0	5.0	15.0	18.0	6.2048368229954285	38.5	255.0	127.5	127.5	0.0	25.5	63.75	191.25	229.5	74.04503134354572	5482.666666666667	255	127.5	127.5	0	25.5	63.75	191.25	229.5	74.04503134354572	5482.666666666667																																																			L628
13042023--s--Lm--st--L628--p--D06--pos003--tm--24--ch--Syto9--z--21	256.0	128.5	128.5	1.0	26.5	64.75	192.25	230.5	74.04503134354572	5482.666666666667	256	128.5	128.5	1	26.5	64.75	192.25	230.5	74.04503134354572	5482.666666666667																					0.487	0.2135238095238095	0.198	0.007	0.016	0.107	0.341	0.443	0.1545977422369483	0.0239004619047619																					0.024	0.0231428571428571	0.023	0.021	0.022	0.023	0.024	0.024	0.0009102589898327	8.285714285714289e-07	3694.0	1639.7619047619048	1548.0	65.0	133.0	823.0	2545.0	3349.0	1166.2472681537954	1360132.6904761903	11776.0	4096.0	2800.0	70.0	120.5	494.0	7642.75	9821.0	3816.1239086636697	14562801.686274484	9659	4096.0	3091.0	10	200.0	631.75	7923.5	9130.0	3507.44385445539	12302162.392156882																																																													271.441	270.05157142857144	270.155	268.467	269.225	269.981	270.448	270.596	0.6723632627849766	0.4520723571428594																					slice_0021	slice_0001																																									88.612	38.89557142857143	36.091	1.355	2.831	19.418	62.022	80.71	28.148750641141124	792.3521626571428	255.0	127.5	127.5	0.0	25.5	63.75	191.25	229.5	74.04503134354572	5482.666666666667	255	127.5	127.5	0	25.5	63.75	191.25	229.5	74.04503134354572	5482.666666666667											20	10.0	10.0	0	2.0	5.0	15.0	18.0	6.2048368229954285	38.5	255.0	127.5	127.5	0.0	25.5	63.75	191.25	229.5	74.04503134354572	5482.666666666667	255	127.5	127.5	0	25.5	63.75	191.25	229.5	74.04503134354572	5482.666666666667																																																			L628
13042023--s--Lm--st--L628--p--D06--pos004--tm--24--ch--Syto9--z--21	256.0	128.5	128.5	1.0	26.5	64.75	192.25	230.5	74.04503134354572	5482.666666666667	256	128.5	128.5	1	26.5	64.75	192.25	230.5	74.04503134354572	5482.666666666667																					0.22	0.117047619047619	0.122	0.011	0.013	0.077	0.153	0.202	0.0662815782781884	0.0043932476190476																					0.026	0.0238571428571428	0.024	0.021	0.022	0.023	0.025	0.025	0.0013887301496588	1.9285714285714293e-06	1737.0	884.7619047619048	890.0	93.0	106.0	544.0	1200.0	1571.0	515.540289867039	265781.7904761905	9659.0	4096.0	3091.0	10.0	200.0	631.75	7923.5	9130.0	3507.44385445539	12302162.392156882	9284	4096.0	3276.0	64	260.5	746.5	7690.5	8955.5	3360.9897351821824	11296251.999999996																																																													272.59	270.7325714285714	270.91	269.28	269.842	270.049	271.137	271.672	0.8383172771348911	0.7027758571428578																					slice_0021	slice_0001																																									40.068	21.31242857142857	22.179	1.928	2.379	13.999	27.824	36.82	12.078905163844231	145.89994995714284	255.0	127.5	127.5	0.0	25.5	63.75	191.25	229.5	74.04503134354572	5482.666666666667	255	127.5	127.5	0	25.5	63.75	191.25	229.5	74.04503134354572	5482.666666666667											20	10.0	10.0	0	2.0	5.0	15.0	18.0	6.2048368229954285	38.5	255.0	127.5	127.5	0.0	25.5	63.75	191.25	229.5	74.04503134354572	5482.666666666667	255	127.5	127.5	0	25.5	63.75	191.25	229.5	74.04503134354572	5482.666666666667																																																			L628
13042023--s--Lm--st--L628--p--D06--pos005--tm--24--ch--Syto9--z--21	256.0	128.5	128.5	1.0	26.5	64.75	192.25	230.5	74.04503134354572	5482.666666666667	256	128.5	128.5	1	26.5	64.75	192.25	230.5	74.04503134354572	5482.666666666667																					0.375	0.2021904761904761	0.204	0.008	0.016	0.118	0.295	0.357	0.1223522043314377	0.0149700619047619																					0.024	0.0232857142857142	0.023	0.022	0.023	0.023	0.024	0.024	0.0006436503043467	4.142857142857154e-07	2845.0	1561.571428571429	1594.0	61.0	129.0	930.0	2216.0	2695.0	930.0827152156184	865053.857142857	9284.0	4096.0	3276.0	64.0	260.5	746.5	7690.5	8955.5	3360.9897351821824	11296251.999999996	9469	4096.0	3398.5	2	325.5	890.25	7408.0	8908.0	3304.647543723125	10920695.388235286																																																													272.238	270.22942857142857	270.165	269.317	269.555	269.895	270.526	270.732	0.6440390183388459	0.4147862571428643																					slice_0021	slice_0001																																									68.309	36.81628571428571	37.098	1.372	2.97	21.536	53.72	64.957	22.28850551100916	496.77747791428567	255.0	127.5	127.5	0.0	25.5	63.75	191.25	229.5	74.04503134354572	5482.666666666667	255	127.5	127.5	0	25.5	63.75	191.25	229.5	74.04503134354572	5482.666666666667											20	10.0	10.0	0	2.0	5.0	15.0	18.0	6.2048368229954285	38.5	255.0	127.5	127.5	0.0	25.5	63.75	191.25	229.5	74.04503134354572	5482.666666666667	255	127.5	127.5	0	25.5	63.75	191.25	229.5	74.04503134354572	5482.666666666667																																																			L628
13042023--s--Lm--st--L628--p--D07--pos001--tm--24--ch--Syto9--z--21	256.0	128.5	128.5	1.0	26.5	64.75	192.25	230.5	74.04503134354572	5482.666666666667	256	128.5	128.5	1	26.5	64.75	192.25	230.5	74.04503134354572	5482.666666666667																					0.47	0.2417619047619047	0.209	0.03	0.098	0.127	0.363	0.435	0.1386127356204705	0.0192134904761904																					0.025	0.0234761904761904	0.024	0.02	0.023	0.023	0.024	0.025	0.0011233453440081	1.2619047619047637e-06	3676.0	1865.2857142857144	1562.0	266.0	787.0	918.0	2790.0	3369.0	1088.4489488651798	1184721.1142857147	9469.0	4096.0	3398.5	2.0	325.5	890.25	7408.0	8908.0	3304.647543723125	10920695.388235286	11290	4096.0	3164.0	6	385.5	937.75	6848.75	9329.0	3410.291337103264	11630087.003921568																																																													273.529	272.3449047619048	272.228	271.356	271.81	271.965	272.653	272.778	0.5111194483447211	0.2612430904762121																					slice_0021	slice_0001																																									85.521	44.04228571428572	38.071	5.436	17.872	23.186	66.068	79.147	25.2302807002674	636.5670642142857	255.0	127.5	127.5	0.0	25.5	63.75	191.25	229.5	74.04503134354572	5482.666666666667	255	127.5	127.5	0	25.5	63.75	191.25	229.5	74.04503134354572	5482.666666666667											20	10.0	10.0	0	2.0	5.0	15.0	18.0	6.2048368229954285	38.5	255.0	127.5	127.5	0.0	25.5	63.75	191.25	229.5	74.04503134354572	5482.666666666667	255	127.5	127.5	0	25.5	63.75	191.25	229.5	74.04503134354572	5482.666666666667																																																			L628
13042023--s--Lm--st--L628--p--D07--pos002--tm--24--ch--Syto9--z--21	256.0	128.5	128.5	1.0	26.5	64.75	192.25	230.5	74.04503134354572	5482.666666666667	256	128.5	128.5	1	26.5	64.75	192.25	230.5	74.04503134354572	5482.666666666667																					0.362	0.1856190476190476	0.171	0.023	0.067	0.101	0.278	0.323	0.1062903928821773	0.0112976476190476																					0.025	0.0237142857142857	0.024	0.021	0.023	0.023	0.024	0.025	0.0010071175275436	1.0142857142857157e-06	2819.0	1424.3809523809523	1268.0	199.0	517.0	737.0	2240.0	2482.0	827.3682660212729	684538.2476190478	11290.0	4096.0	3164.0	6.0	385.5	937.75	6848.75	9329.0	3410.291337103264	11630087.003921568	12281	4096.0	2583.0	26	195.0	603.0	7060.0	10675.0	3920.806255621109	15372721.694117624																																																													273.596	272.20557142857143	272.225	271.176	271.64	271.82	272.416	272.671	0.5109657103396023	0.2610859571428542																					slice_0021	slice_0001																																									65.86	33.80919047619047	31.158	4.151	12.227	18.428	50.645	58.774	19.347406264455834	374.32212916190485	255.0	127.5	127.5	0.0	25.5	63.75	191.25	229.5	74.04503134354572	5482.666666666667	255	127.5	127.5	0	25.5	63.75	191.25	229.5	74.04503134354572	5482.666666666667											20	10.0	10.0	0	2.0	5.0	15.0	18.0	6.2048368229954285	38.5	255.0	127.5	127.5	0.0	25.5	63.75	191.25	229.5	74.04503134354572	5482.666666666667	255	127.5	127.5	0	25.5	63.75	191.25	229.5	74.04503134354572	5482.666666666667																																																			L628
13042023--s--Lm--st--L628--p--D07--pos003--tm--24--ch--Syto9--z--21	256.0	128.5	128.5	1.0	26.5	64.75	192.25	230.5	74.04503134354572	5482.666666666667	256	128.5	128.5	1	26.5	64.75	192.25	230.5	74.04503134354572	5482.666666666667																					0.614	0.3622857142857142	0.4	0.009	0.014	0.23	0.509	0.6	0.2122555400589447	0.0450524142857142																					0.025	0.0236666666666666	0.024	0.021	0.022	0.023	0.025	0.025	0.0012780193008453	1.6333333333333365e-06	4454.0	2722.714285714286	3066.0	80.0	117.0	1707.0	3844.0	4379.0	1571.072568115717	2468269.014285715	12281.0	4096.0	2583.0	26.0	195.0	603.0	7060.0	10675.0	3920.806255621109	15372721.694117624	63190	4096.0	3890.0	7	1529.0	2136.0	5610.0	6225.5	4117.887268119561	16956995.552941177																																																													273.423	272.1135238095238	272.008	269.944	271.744	271.908	272.523	272.68	0.7046168901642695	0.4964849619047662																					slice_0021	slice_0001																																									111.851	65.96752380952381	72.825	1.667	2.501	41.84	92.746	109.263	38.67208886344135	1495.5304570619046	255.0	127.5	127.5	0.0	25.5	63.75	191.25	229.5	74.04503134354572	5482.666666666667	255	127.5	127.5	0	25.5	63.75	191.25	229.5	74.04503134354572	5482.666666666667											20	10.0	10.0	0	2.0	5.0	15.0	18.0	6.2048368229954285	38.5	255.0	127.5	127.5	0.0	25.5	63.75	191.25	229.5	74.04503134354572	5482.666666666667	255	127.5	127.5	0	25.5	63.75	191.25	229.5	74.04503134354572	5482.666666666667																																																			L628
13042023--s--Lm--st--L628--p--D07--pos004--tm--24--ch--Syto9--z--21	256.0	128.5	128.5	1.0	26.5	64.75	192.25	230.5	74.04503134354572	5482.666666666667	256	128.5	128.5	1	26.5	64.75	192.25	230.5	74.04503134354572	5482.666666666667																					0.42	0.2194761904761904	0.197	0.005	0.03	0.159	0.314	0.39	0.1258219452431169	0.0158311619047619																					0.024	0.023047619047619	0.023	0.02	0.022	0.023	0.024	0.024	0.0009206622874969	8.476190476190516e-07	3323.0	1729.571428571429	1519.0	46.0	226.0	1209.0	2535.0	3068.0	1005.0024164860783	1010029.857142857	63190.0	4096.0	3890.0	7.0	1529.0	2136.0	5610.0	6225.5	4117.887268119561	16956995.552941177	34183	4096.0	4304.0	36	1241.0	2074.0	5895.0	6202.5	2692.820731165757	7251283.490196082																																																													272.35	271.7243809523809	271.611	271.17	271.226	271.495	272.017	272.213	0.3605029093073278	0.1299623476190474																					slice_0021	slice_0001																																									76.42	39.96747619047619	35.813	0.99	5.506	28.866	57.228	71.105	22.919208506445088	525.2901185619048	255.0	127.5	127.5	0.0	25.5	63.75	191.25	229.5	74.04503134354572	5482.666666666667	255	127.5	127.5	0	25.5	63.75	191.25	229.5	74.04503134354572	5482.666666666667											20	10.0	10.0	0	2.0	5.0	15.0	18.0	6.2048368229954285	38.5	255.0	127.5	127.5	0.0	25.5	63.75	191.25	229.5	74.04503134354572	5482.666666666667	255	127.5	127.5	0	25.5	63.75	191.25	229.5	74.04503134354572	5482.666666666667																																																			L628
13042023--s--Lm--st--L628--p--D07--pos005--tm--24--ch--Syto9--z--21	256.0	128.5	128.5	1.0	26.5	64.75	192.25	230.5	74.04503134354572	5482.666666666667	256	128.5	128.5	1	26.5	64.75	192.25	230.5	74.04503134354572	5482.666666666667																					0.403	0.2386666666666667	0.335	0.001	0.004	0.054	0.359	0.386	0.160587151831438	0.0257882333333333																					0.027	0.024	0.024	0.019	0.023	0.023	0.025	0.025	0.0015491933384829	2.4000000000000003e-06	3058.0	1830.047619047619	2583.0	9.0	38.0	394.0	2826.0	2922.0	1237.102318977314	1530422.1476190474	34183.0	4096.0	4304.0	36.0	1241.0	2074.0	5895.0	6202.5	2692.820731165757	7251283.490196082	35298	4096.0	4335.0	6	1300.5	2069.75	5900.75	6246.5	2767.08771660252	7656774.431372544																																																													277.375	272.6047142857143	272.255	267.944	271.586	271.788	273.358	273.869	1.7500087183456416	3.0625305142857555																					slice_0021	slice_0001																																									73.328	43.47328571428572	61.032	0.226	0.729	9.848	65.443	70.254	29.240436527423554	855.0031283142856	255.0	127.5	127.5	0.0	25.5	63.75	191.25	229.5	74.04503134354572	5482.666666666667	255	127.5	127.5	0	25.5	63.75	191.25	229.5	74.04503134354572	5482.666666666667											20	10.0	10.0	0	2.0	5.0	15.0	18.0	6.2048368229954285	38.5	255.0	127.5	127.5	0.0	25.5	63.75	191.25	229.5	74.04503134354572	5482.666666666667	255	127.5	127.5	0	25.5	63.75	191.25	229.5	74.04503134354572	5482.666666666667																																																			L628
13042023--s--Lm--st--L628--p--D08--pos001--tm--24--ch--Syto9--z--21	256.0	128.5	128.5	1.0	26.5	64.75	192.25	230.5	74.04503134354572	5482.666666666667	256	128.5	128.5	1	26.5	64.75	192.25	230.5	74.04503134354572	5482.666666666667																					0.27	0.1373809523809523	0.121	0.037	0.064	0.074	0.201	0.248	0.076138345260766	0.0057970476190476																					0.026	0.0244761904761904	0.024	0.023	0.023	0.024	0.025	0.026	0.0011233453440081	1.2619047619047626e-06	2061.0	1035.3333333333333	870.0	287.0	441.0	512.0	1513.0	1930.0	595.1923498612306	354253.93333333347	35298.0	4096.0	4335.0	6.0	1300.5	2069.75	5900.75	6246.5	2767.08771660252	7656774.431372544	12415	4096.0	2060.0	12	37.0	195.0	8050.25	11132.0	4348.281367052833	18907550.84705885																																																													273.502	272.509	272.425	271.603	272.037	272.19	272.799	273.214	0.4909257581345707	0.241008100000003																					Ch1	Ch1																																									49.204	25.025047619047616	21.971	6.652	11.602	13.547	36.577	45.227	13.881283976910028	192.6900448476191	255.0	127.5	127.5	0.0	25.5	63.75	191.25	229.5	74.04503134354572	5482.666666666667	255	127.5	127.5	0	25.5	63.75	191.25	229.5	74.04503134354572	5482.666666666667											20	10.0	10.0	0	2.0	5.0	15.0	18.0	6.2048368229954285	38.5	255.0	127.5	127.5	0.0	25.5	63.75	191.25	229.5	74.04503134354572	5482.666666666667	255	127.5	127.5	0	25.5	63.75	191.25	229.5	74.04503134354572	5482.666666666667																																																			L628
13042023--s--Lm--st--L628--p--D08--pos002--tm--24--ch--Syto9--z--21	256.0	128.5	128.5	1.0	26.5	64.75	192.25	230.5	74.04503134354572	5482.666666666667	256	128.5	128.5	1	26.5	64.75	192.25	230.5	74.04503134354572	5482.666666666667																					0.308	0.1674761904761904	0.164	0.029	0.071	0.093	0.232	0.277	0.0818007451357376	0.0066913619047619																					0.027	0.0244285714285714	0.024	0.023	0.023	0.024	0.025	0.025	0.0011212238211627	1.257142857142856e-06	2329.0	1259.7619047619048	1206.0	229.0	515.0	670.0	1750.0	2123.0	635.5823239173588	403964.8904761905	12415.0	4096.0	2060.0	12.0	37.0	195.0	8050.25	11132.0	4348.281367052833	18907550.84705885	14438	4096.0	1658.0	5	25.5	135.5	7774.5	12048.0	4727.865768141968	22352714.72156864																																																													274.046	272.3494285714286	272.367	270.366	271.68	271.929	272.779	273.054	0.7288982488268578	0.5312926571428599																					slice_0021	slice_0001																																									56.099	30.50509523809524	29.908	5.21	12.957	16.934	42.239	50.489	14.907698772462377	222.2394826904762	255.0	127.5	127.5	0.0	25.5	63.75	191.25	229.5	74.04503134354572	5482.666666666667	255	127.5	127.5	0	25.5	63.75	191.25	229.5	74.04503134354572	5482.666666666667											20	10.0	10.0	0	2.0	5.0	15.0	18.0	6.2048368229954285	38.5	255.0	127.5	127.5	0.0	25.5	63.75	191.25	229.5	74.04503134354572	5482.666666666667	255	127.5	127.5	0	25.5	63.75	191.25	229.5	74.04503134354572	5482.666666666667																																																			L628
13042023--s--Lm--st--L628--p--D08--pos003--tm--24--ch--Syto9--z--21	256.0	128.5	128.5	1.0	26.5	64.75	192.25	230.5	74.04503134354572	5482.666666666667	256	128.5	128.5	1	26.5	64.75	192.25	230.5	74.04503134354572	5482.666666666667																					0.727	0.3558095238095238	0.346	0.009	0.021	0.248	0.528	0.646	0.2252877313676044	0.0507545619047618																					0.025	0.0231428571428571	0.024	0.019	0.021	0.023	0.024	0.024	0.0015259657363687	2.328571428571434e-06	5446.0	2720.5238095238096	2680.0	83.0	187.0	1864.0	4080.0	4833.0	1684.4957292628444	2837525.8619047618	14438.0	4096.0	1658.0	5.0	25.5	135.5	7774.5	12048.0	4727.865768141968	22352714.72156864	12287	4096.0	3502.5	18	540.0	1106.5	7244.0	8329.0	3055.673612074662	9337141.223529411																																																													273.436	271.82142857142856	271.794	269.258	271.519	271.624	272.124	272.627	0.8678619459008828	0.7531843571428669																					slice_0021	slice_0001																																									132.31	64.78890476190476	63.098	1.615	3.769	45.088	96.133	117.652	41.04065752751137	1684.335570290476	255.0	127.5	127.5	0.0	25.5	63.75	191.25	229.5	74.04503134354572	5482.666666666667	255	127.5	127.5	0	25.5	63.75	191.25	229.5	74.04503134354572	5482.666666666667											20	10.0	10.0	0	2.0	5.0	15.0	18.0	6.2048368229954285	38.5	255.0	127.5	127.5	0.0	25.5	63.75	191.25	229.5	74.04503134354572	5482.666666666667	255	127.5	127.5	0	25.5	63.75	191.25	229.5	74.04503134354572	5482.666666666667																																																			L628
13042023--s--Lm--st--L628--p--D08--pos004--tm--24--ch--Syto9--z--21	256.0	128.5	128.5	1.0	26.5	64.75	192.25	230.5	74.04503134354572	5482.666666666667	256	128.5	128.5	1	26.5	64.75	192.25	230.5	74.04503134354572	5482.666666666667																					0.461	0.2572857142857143	0.299	0.006	0.008	0.155	0.344	0.441	0.1518447045033651	0.0230568142857142																					0.024	0.023095238095238	0.023	0.02	0.023	0.023	0.024	0.024	0.0008890872794479	7.904761904761917e-07	3527.0	2003.571428571429	2308.0	48.0	71.0	1230.0	2669.0	3444.0	1177.070115644288	1385494.057142857	12287.0	4096.0	3502.5	18.0	540.0	1106.5	7244.0	8329.0	3055.673612074662	9337141.223529411	35415	4096.0	4011.0	19	1265.0	1995.5	5930.25	6785.0	2846.461028068665	8102340.384313723																																																													273.555	272.0118095238095	271.905	270.986	271.278	271.643	272.317	272.712	0.6157908426606931	0.3791983619047664																					slice_0021	slice_0001																																									84.01	46.85019047619048	54.414	1.094	1.442	28.293	62.56	80.397	27.6593579311217	765.0400811619049	255.0	127.5	127.5	0.0	25.5	63.75	191.25	229.5	74.04503134354572	5482.666666666667	255	127.5	127.5	0	25.5	63.75	191.25	229.5	74.04503134354572	5482.666666666667											20	10.0	10.0	0	2.0	5.0	15.0	18.0	6.2048368229954285	38.5	255.0	127.5	127.5	0.0	25.5	63.75	191.25	229.5	74.04503134354572	5482.666666666667	255	127.5	127.5	0	25.5	63.75	191.25	229.5	74.04503134354572	5482.666666666667																																																			L628
13042023--s--Lm--st--L628--p--D08--pos005--tm--24--ch--Syto9--z--21	256.0	128.5	128.5	1.0	26.5	64.75	192.25	230.5	74.04503134354572	5482.666666666667	256	128.5	128.5	1	26.5	64.75	192.25	230.5	74.04503134354572	5482.666666666667																					0.638	0.3766666666666666	0.371	0.02	0.1	0.275	0.534	0.611	0.1887769406822065	0.0356367333333333																					0.025	0.0237619047619047	0.024	0.021	0.023	0.023	0.025	0.025	0.0011359912809859	1.2904761904761907e-06	4726.0	2857.904761904762	2751.0	172.0	759.0	2207.0	4091.0	4519.0	1390.3525058330315	1933080.0904761904	35415.0	4096.0	4011.0	19.0	1265.0	1995.5	5930.25	6785.0	2846.461028068665	8102340.384313723	13122	4096.0	2691.5	4	511.5	932.25	6617.5	10479.0	3713.341266932772	13788903.364705885																																																													273.696	272.46980952380954	272.271	271.595	271.954	272.07	272.917	273.057	0.5587503574090433	0.3122019619047336																					slice_0021	slice_0001																																									116.193	68.615	67.649	3.595	18.254	50.159	97.262	111.208	34.36003570865432	1180.6120539	255.0	127.5	127.5	0.0	25.5	63.75	191.25	229.5	74.04503134354572	5482.666666666667	255	127.5	127.5	0	25.5	63.75	191.25	229.5	74.04503134354572	5482.666666666667											20	10.0	10.0	0	2.0	5.0	15.0	18.0	6.2048368229954285	38.5	255.0	127.5	127.5	0.0	25.5	63.75	191.25	229.5	74.04503134354572	5482.666666666667	255	127.5	127.5	0	25.5	63.75	191.25	229.5	74.04503134354572	5482.666666666667																																																			L628
16052023--s--Lm--st--L394--p--C03--pos001--tm--24--ch--Syto9--z--21	256.0	128.5	128.5	1.0	26.5	64.75	192.25	230.5	74.04503134354572	5482.666666666667	256	128.5	128.5	1	26.5	64.75	192.25	230.5	74.04503134354572	5482.666666666667																					0.08	0.0574761904761904	0.057	0.03	0.041	0.043	0.072	0.074	0.0149352571039773	0.0002230619047619																					0.03	0.0255714285714285	0.026	0.022	0.022	0.024	0.027	0.028	0.0022264642052238	4.957142857142859e-06	564.0	410.7619047619048	400.0	185.0	286.0	348.0	504.0	547.0	107.52437154520122	11561.490476190476	13122.0	4096.0	2691.5	4.0	511.5	932.25	6617.5	10479.0	3713.341266932772	13788903.364705885	19368	4096.0	318.0	0	1.0	4.75	7196.5	15211.5	6060.698796828824	36732069.90588235																																																													269.244	266.74680952380953	266.504	265.465	266.115	266.248	267.01	267.794	0.85899875547338	0.7378788619048157																					Ch1	Ch1																																									14.641	10.456476190476192	10.369	5.454	7.503	7.85	13.182	13.478	2.720587227402341	7.40159486190476	255.0	127.5	127.5	0.0	25.5	63.75	191.25	229.5	74.04503134354572	5482.666666666667	255	127.5	127.5	0	25.5	63.75	191.25	229.5	74.04503134354572	5482.666666666667											20	10.0	10.0	0	2.0	5.0	15.0	18.0	6.2048368229954285	38.5	255.0	127.5	127.5	0.0	25.5	63.75	191.25	229.5	74.04503134354572	5482.666666666667	255	127.5	127.5	0	25.5	63.75	191.25	229.5	74.04503134354572	5482.666666666667																																																			L394
16052023--s--Lm--st--L394--p--C03--pos002--tm--24--ch--Syto9--z--21	256.0	128.5	128.5	1.0	26.5	64.75	192.25	230.5	74.04503134354572	5482.666666666667	256	128.5	128.5	1	26.5	64.75	192.25	230.5	74.04503134354572	5482.666666666667																					0.12	0.0839523809523809	0.087	0.043	0.048	0.056	0.11	0.116	0.0280365407824791	0.0007860476190476																					0.027	0.024	0.024	0.022	0.023	0.023	0.025	0.026	0.0013038404810405	1.7000000000000013e-06	881.0	633.7619047619048	673.0	348.0	377.0	445.0	830.0	871.0	198.16909566375492	39270.99047619046	19368.0	4096.0	318.0	0.0	1.0	4.75	7196.5	15211.5	6060.698796828824	36732069.90588235	16788	4096.0	535.0	0	0.0	7.0	7746.25	14459.0	5600.832186765972	31369321.184313707																																																													266.865	266.0479523809524	266.226	265.037	265.407	265.742	266.394	266.573	0.4838874327972071	0.2341470476190716																					slice_0021	slice_0001																																									21.936	15.303809523809525	15.84	7.868	8.719	10.16	20.112	21.189	5.125157145093676	26.267235761904765	255.0	127.5	127.5	0.0	25.5	63.75	191.25	229.5	74.04503134354572	5482.666666666667	255	127.5	127.5	0	25.5	63.75	191.25	229.5	74.04503134354572	5482.666666666667											20	10.0	10.0	0	2.0	5.0	15.0	18.0	6.2048368229954285	38.5	255.0	127.5	127.5	0.0	25.5	63.75	191.25	229.5	74.04503134354572	5482.666666666667	255	127.5	127.5	0	25.5	63.75	191.25	229.5	74.04503134354572	5482.666666666667																																																			L394
16052023--s--Lm--st--L394--p--C03--pos003--tm--24--ch--Syto9--z--21	256.0	128.5	128.5	1.0	26.5	64.75	192.25	230.5	74.04503134354572	5482.666666666667	256	128.5	128.5	1	26.5	64.75	192.25	230.5	74.04503134354572	5482.666666666667																					0.1	0.0403333333333333	0.028	0.006	0.007	0.009	0.063	0.092	0.0323949584554963	0.0010494333333333																					0.025	0.0224761904761904	0.023	0.019	0.02	0.021	0.024	0.025	0.0018606194564995	3.461904761904771e-06	721.0	314.0952380952381	241.0	53.0	62.0	66.0	504.0	673.0	238.0791685053325	56681.69047619049	16788.0	4096.0	535.0	0.0	0.0	7.0	7746.25	14459.0	5600.832186765972	31369321.184313707	15499	4096.0	906.0	0	1.0	22.5	8081.0	13362.0	5257.95345708411	27646074.556862734																																																													266.774	265.71957142857144	265.999	263.599	264.841	265.445	266.158	266.325	0.7289501746641253	0.5313683571428587																					slice_0021	slice_0001																																									18.15	7.358380952380953	5.158	1.025	1.303	1.563	11.515	16.708	5.885858004371074	34.643324447619044	255.0	127.5	127.5	0.0	25.5	63.75	191.25	229.5	74.04503134354572	5482.666666666667	255	127.5	127.5	0	25.5	63.75	191.25	229.5	74.04503134354572	5482.666666666667											20	10.0	10.0	0	2.0	5.0	15.0	18.0	6.2048368229954285	38.5	255.0	127.5	127.5	0.0	25.5	63.75	191.25	229.5	74.04503134354572	5482.666666666667	255	127.5	127.5	0	25.5	63.75	191.25	229.5	74.04503134354572	5482.666666666667																																																			L394
16052023--s--Lm--st--L394--p--C03--pos004--tm--24--ch--Syto9--z--21	256.0	128.5	128.5	1.0	26.5	64.75	192.25	230.5	74.04503134354572	5482.666666666667	256	128.5	128.5	1	26.5	64.75	192.25	230.5	74.04503134354572	5482.666666666667																					0.084	0.0437619047619047	0.045	0.009	0.012	0.016	0.071	0.076	0.0266193628058688	0.0007085904761904																					0.026	0.023095238095238	0.023	0.021	0.021	0.022	0.024	0.025	0.00144584791402	2.090476190476189e-06	606.0	336.1428571428572	359.0	78.0	99.0	134.0	518.0	563.0	191.0592279148761	36503.62857142857	15499.0	4096.0	906.0	0.0	1.0	22.5	8081.0	13362.0	5257.95345708411	27646074.556862734	16230	4096.0	761.5	0	1.0	17.5	7475.75	14017.0	5426.090317469236	29442456.133333392																																																													267.139	265.7818571428571	265.787	264.488	264.978	265.527	266.076	266.373	0.6154333664755548	0.3787582285714345																					slice_0021	slice_0001																																									15.388	7.964714285714287	8.111	1.685	2.206	2.831	12.905	13.808	4.839881921523057	23.42445701428572	255.0	127.5	127.5	0.0	25.5	63.75	191.25	229.5	74.04503134354572	5482.666666666667	255	127.5	127.5	0	25.5	63.75	191.25	229.5	74.04503134354572	5482.666666666667											20	10.0	10.0	0	2.0	5.0	15.0	18.0	6.2048368229954285	38.5	255.0	127.5	127.5	0.0	25.5	63.75	191.25	229.5	74.04503134354572	5482.666666666667	255	127.5	127.5	0	25.5	63.75	191.25	229.5	74.04503134354572	5482.666666666667																																																			L394
16052023--s--Lm--st--L394--p--C03--pos005--tm--24--ch--Syto9--z--21	256.0	128.5	128.5	1.0	26.5	64.75	192.25	230.5	74.04503134354572	5482.666666666667	256	128.5	128.5	1	26.5	64.75	192.25	230.5	74.04503134354572	5482.666666666667																					0.092	0.0446190476190476	0.045	0.007	0.009	0.013	0.074	0.086	0.0307546357326439	0.0009458476190476																					0.025	0.0225238095238095	0.023	0.02	0.02	0.022	0.023	0.024	0.0014703417160322	2.161904761904768e-06	693.0	348.0	357.0	64.0	80.0	108.0	575.0	628.0	228.23890991678	52093.0	16230.0	4096.0	761.5	0.0	1.0	17.5	7475.75	14017.0	5426.090317469236	29442456.133333392	17311	4096.0	389.5	0	0.0	3.0	7656.5	14894.5	5761.986367734724	33200486.9019608																																																													266.483	265.64885714285714	265.683	264.324	264.895	265.389	266.173	266.247	0.5936835256021832	0.352460128571438																					slice_0021	slice_0001																																									16.76	8.119142857142858	8.285	1.251	1.615	2.345	13.478	15.614	5.610051000532119	31.47267222857143	255.0	127.5	127.5	0.0	25.5	63.75	191.25	229.5	74.04503134354572	5482.666666666667	255	127.5	127.5	0	25.5	63.75	191.25	229.5	74.04503134354572	5482.666666666667											20	10.0	10.0	0	2.0	5.0	15.0	18.0	6.2048368229954285	38.5	255.0	127.5	127.5	0.0	25.5	63.75	191.25	229.5	74.04503134354572	5482.666666666667	255	127.5	127.5	0	25.5	63.75	191.25	229.5	74.04503134354572	5482.666666666667																																																			L394
16052023--s--Lm--st--L394--p--C04--pos001--tm--24--ch--Syto9--z--21	256.0	128.5	128.5	1.0	26.5	64.75	192.25	230.5	74.04503134354572	5482.666666666667	256	128.5	128.5	1	26.5	64.75	192.25	230.5	74.04503134354572	5482.666666666667																					0.104	0.0683809523809523	0.07	0.031	0.039	0.058	0.081	0.087	0.0189327129341681	0.0003584476190476																					0.036	0.0292857142857142	0.029	0.022	0.024	0.027	0.033	0.034	0.0040637772717369	1.6514285714285752e-05	858.0	443.3809523809524	472.0	159.0	215.0	325.0	529.0	582.0	165.54349162394644	27404.64761904762	17311.0	4096.0	389.5	0.0	0.0	3.0	7656.5	14894.5	5761.986367734724	33200486.9019608	20579	4096.0	138.5	0	0.0	1.0	6285.25	16499.5	6524.858287395079	42573775.67058825																																																													269.933	268.2340476190476	268.285	265.568	266.695	267.562	269.329	269.645	1.2206584893487318	1.490007147619128																					slice_0021	slice_0001																																									18.914	12.457190476190476	12.766	5.645	7.017	10.595	14.798	15.874	3.459621751276397	11.968982661904764	255.0	127.5	127.5	0.0	25.5	63.75	191.25	229.5	74.04503134354572	5482.666666666667	255	127.5	127.5	0	25.5	63.75	191.25	229.5	74.04503134354572	5482.666666666667											20	10.0	10.0	0	2.0	5.0	15.0	18.0	6.2048368229954285	38.5	255.0	127.5	127.5	0.0	25.5	63.75	191.25	229.5	74.04503134354572	5482.666666666667	255	127.5	127.5	0	25.5	63.75	191.25	229.5	74.04503134354572	5482.666666666667																																																			L394
16052023--s--Lm--st--L394--p--C04--pos002--tm--24--ch--Syto9--z--21	256.0	128.5	128.5	1.0	26.5	64.75	192.25	230.5	74.04503134354572	5482.666666666667	256	128.5	128.5	1	26.5	64.75	192.25	230.5	74.04503134354572	5482.666666666667																					0.178	0.1091428571428571	0.113	0.054	0.06	0.084	0.131	0.141	0.0339754112768126	0.0011543285714285																					0.036	0.0297619047619047	0.03	0.023	0.025	0.028	0.032	0.034	0.0034627266987846	1.1990476190476188e-05	1419.0	699.6190476190476	673.0	277.0	324.0	480.0	871.0	984.0	287.90840143880416	82891.24761904762	20579.0	4096.0	138.5	0.0	0.0	1.0	6285.25	16499.5	6524.858287395079	42573775.67058825	26962	4096.0	31.0	0	0.0	0.0	3964.5	18164.5	7470.303601463546	55805435.89803924																																																													270.945	268.37128571428576	268.3	265.97	266.295	267.632	269.633	269.993	1.4114110366174994	1.9920811142856845																					slice_0021	slice_0001																																									32.426	19.881476190476192	20.668	9.882	10.959	15.319	23.777	25.618	6.188204970902691	38.29388076190478	255.0	127.5	127.5	0.0	25.5	63.75	191.25	229.5	74.04503134354572	5482.666666666667	255	127.5	127.5	0	25.5	63.75	191.25	229.5	74.04503134354572	5482.666666666667											20	10.0	10.0	0	2.0	5.0	15.0	18.0	6.2048368229954285	38.5	255.0	127.5	127.5	0.0	25.5	63.75	191.25	229.5	74.04503134354572	5482.666666666667	255	127.5	127.5	0	25.5	63.75	191.25	229.5	74.04503134354572	5482.666666666667																																																			L394
16052023--s--Lm--st--L394--p--C04--pos003--tm--24--ch--Syto9--z--21	256.0	128.5	128.5	1.0	26.5	64.75	192.25	230.5	74.04503134354572	5482.666666666667	256	128.5	128.5	1	26.5	64.75	192.25	230.5	74.04503134354572	5482.666666666667																					0.079	0.0621904761904761	0.069	0.034	0.039	0.042	0.073	0.075	0.0157563290382596	0.0002482619047619																					0.031	0.0247619047619047	0.024	0.022	0.022	0.022	0.026	0.029	0.0027550818845319	7.590476190476197e-06	567.0	453.0952380952381	475.0	281.0	316.0	347.0	531.0	557.0	95.3854835716131	9098.39047619047	26962.0	4096.0	31.0	0.0	0.0	0.0	3964.5	18164.5	7470.303601463546	55805435.89803924	14767	4096.0	1377.5	0	3.0	42.0	7557.25	12844.5	4985.599907655617	24856206.439215697																																																													268.792	266.57314285714284	266.583	265.123	265.739	265.99	267.034	267.364	0.8370077231253528	0.7005819285714872																					slice_0021	slice_0001																																									14.416	11.322333333333331	12.54	6.2	7.086	7.711	13.269	13.617	2.8641233271864066	8.203202433333331	255.0	127.5	127.5	0.0	25.5	63.75	191.25	229.5	74.04503134354572	5482.666666666667	255	127.5	127.5	0	25.5	63.75	191.25	229.5	74.04503134354572	5482.666666666667											20	10.0	10.0	0	2.0	5.0	15.0	18.0	6.2048368229954285	38.5	255.0	127.5	127.5	0.0	25.5	63.75	191.25	229.5	74.04503134354572	5482.666666666667	255	127.5	127.5	0	25.5	63.75	191.25	229.5	74.04503134354572	5482.666666666667																																																			L394
16052023--s--Lm--st--L394--p--C04--pos004--tm--24--ch--Syto9--z--21	256.0	128.5	128.5	1.0	26.5	64.75	192.25	230.5	74.04503134354572	5482.666666666667	256	128.5	128.5	1	26.5	64.75	192.25	230.5	74.04503134354572	5482.666666666667																					0.068	0.0516190476190476	0.054	0.034	0.04	0.047	0.057	0.062	0.0086630028885842	7.504761904761909e-05																					0.033	0.0260952380952381	0.025	0.021	0.023	0.024	0.028	0.03	0.0032234261571309	1.03904761904762e-05	418.0	362.3809523809524	382.0	246.0	295.0	343.0	402.0	410.0	49.298555952964975	2430.3476190476185	14767.0	4096.0	1377.5	0.0	3.0	42.0	7557.25	12844.5	4985.599907655617	24856206.439215697	24441	4096.0	42.5	0	0.0	1.0	4393.0	18186.5	7247.191204927896	52521780.360784255																																																													270.019	267.16023809523807	267.114	265.1	265.738	266.189	267.859	268.491	1.2044060737459377	1.450593990476105																					slice_0021	slice_0001																																									12.418	9.416857142857143	9.778	6.27	7.295	8.58	10.369	11.237	1.5736318275160268	2.4763171285714303	255.0	127.5	127.5	0.0	25.5	63.75	191.25	229.5	74.04503134354572	5482.666666666667	255	127.5	127.5	0	25.5	63.75	191.25	229.5	74.04503134354572	5482.666666666667											20	10.0	10.0	0	2.0	5.0	15.0	18.0	6.2048368229954285	38.5	255.0	127.5	127.5	0.0	25.5	63.75	191.25	229.5	74.04503134354572	5482.666666666667	255	127.5	127.5	0	25.5	63.75	191.25	229.5	74.04503134354572	5482.666666666667																																																			L394
16052023--s--Lm--st--L394--p--C04--pos005--tm--24--ch--Syto9--z--21	256.0	128.5	128.5	1.0	26.5	64.75	192.25	230.5	74.04503134354572	5482.666666666667	256	128.5	128.5	1	26.5	64.75	192.25	230.5	74.04503134354572	5482.666666666667																					0.115	0.0928095238095238	0.093	0.068	0.077	0.083	0.1	0.107	0.0126278226453298	0.0001594619047619																					0.034	0.0272380952380952	0.026	0.022	0.023	0.025	0.03	0.031	0.0034482569786018	1.1890476190476182e-05	957.0	633.047619047619	638.0	363.0	480.0	544.0	723.0	771.0	136.8460727205849	18726.84761904761	24441.0	4096.0	42.5	0.0	0.0	1.0	4393.0	18186.5	7247.191204927896	52521780.360784255	15169	4096.0	1740.5	0	3.0	49.75	8027.0	11858.5	4662.17922368129	21735915.11372548																																																													269.389	267.231619047619	267.012	265.08	265.912	266.235	268.524	268.79	1.281591958315513	1.642477947618992																					slice_0021	slice_0001																																									20.963	16.894285714285715	16.917	12.453	14.086	15.18	18.237	19.539	2.295198992306705	5.267938414285714	255.0	127.5	127.5	0.0	25.5	63.75	191.25	229.5	74.04503134354572	5482.666666666667	255	127.5	127.5	0	25.5	63.75	191.25	229.5	74.04503134354572	5482.666666666667											20	10.0	10.0	0	2.0	5.0	15.0	18.0	6.2048368229954285	38.5	255.0	127.5	127.5	0.0	25.5	63.75	191.25	229.5	74.04503134354572	5482.666666666667	255	127.5	127.5	0	25.5	63.75	191.25	229.5	74.04503134354572	5482.666666666667																																																			L394
16052023--s--Lm--st--L394--p--C05--pos001--tm--24--ch--Syto9--z--21	256.0	128.5	128.5	1.0	26.5	64.75	192.25	230.5	74.04503134354572	5482.666666666667	256	128.5	128.5	1	26.5	64.75	192.25	230.5	74.04503134354572	5482.666666666667																					0.11	0.0755714285714285	0.077	0.04	0.043	0.053	0.1	0.107	0.0250011428310216	0.0006250571428571																					0.029	0.0244285714285714	0.025	0.021	0.023	0.023	0.025	0.026	0.0018593393604027	3.4571428571428566e-06	799.0	560.2380952380952	561.0	308.0	338.0	395.0	726.0	774.0	177.8448494508359	31628.790476190487	15169.0	4096.0	1740.5	0.0	3.0	49.75	8027.0	11858.5	4662.17922368129	21735915.11372548	18286	4096.0	480.0	0	1.0	5.75	6964.5	14833.5	5848.214173541171	34201609.01960784																																																													269.023	267.3564761904762	267.225	266.012	266.533	267.104	267.87	268.097	0.6866289113522094	0.4714592619047202																					Ch1	Ch1																																									20.078	13.758904761904764	14.033	7.26	7.833	9.691	18.132	19.557	4.540510531919973	20.6162358904762	255.0	127.5	127.5	0.0	25.5	63.75	191.25	229.5	74.04503134354572	5482.666666666667	255	127.5	127.5	0	25.5	63.75	191.25	229.5	74.04503134354572	5482.666666666667											20	10.0	10.0	0	2.0	5.0	15.0	18.0	6.2048368229954285	38.5	255.0	127.5	127.5	0.0	25.5	63.75	191.25	229.5	74.04503134354572	5482.666666666667	255	127.5	127.5	0	25.5	63.75	191.25	229.5	74.04503134354572	5482.666666666667																																																			L394
16052023--s--Lm--st--L394--p--C05--pos002--tm--24--ch--Syto9--z--21	256.0	128.5	128.5	1.0	26.5	64.75	192.25	230.5	74.04503134354572	5482.666666666667	256	128.5	128.5	1	26.5	64.75	192.25	230.5	74.04503134354572	5482.666666666667																					0.101	0.0729047619047619	0.08	0.036	0.045	0.059	0.088	0.095	0.020403197695226	0.0004162904761904																					0.029	0.0256666666666666	0.025	0.022	0.024	0.025	0.027	0.028	0.0018797162906495	3.53333333333335e-06	737.0	527.1428571428571	550.0	229.0	285.0	444.0	644.0	717.0	162.16790240805537	26298.42857142857	18286.0	4096.0	480.0	0.0	1.0	5.75	6964.5	14833.5	5848.214173541171	34201609.01960784	22855	4096.0	171.5	0	0.0	2.0	5194.5	17063.0	6804.184912934968	46296932.32941183																																																													268.673	267.43333333333334	267.235	266.577	266.814	266.915	267.735	268.348	0.6274996679946039	0.3937558333333381																					slice_0021	slice_0001																																									18.375	13.27847619047619	14.624	6.496	8.146	10.786	16.031	17.299	3.727558150036664	13.894689761904754	255.0	127.5	127.5	0.0	25.5	63.75	191.25	229.5	74.04503134354572	5482.666666666667	255	127.5	127.5	0	25.5	63.75	191.25	229.5	74.04503134354572	5482.666666666667											20	10.0	10.0	0	2.0	5.0	15.0	18.0	6.2048368229954285	38.5	255.0	127.5	127.5	0.0	25.5	63.75	191.25	229.5	74.04503134354572	5482.666666666667	255	127.5	127.5	0	25.5	63.75	191.25	229.5	74.04503134354572	5482.666666666667																																																			L394
16052023--s--Lm--st--L394--p--C05--pos003--tm--24--ch--Syto9--z--21	256.0	128.5	128.5	1.0	26.5	64.75	192.25	230.5	74.04503134354572	5482.666666666667	256	128.5	128.5	1	26.5	64.75	192.25	230.5	74.04503134354572	5482.666666666667																					0.206	0.0944285714285714	0.08	0.004	0.004	0.014	0.17	0.193	0.0797179850652106	0.0063549571428571																					0.025	0.0223809523809523	0.022	0.02	0.021	0.022	0.023	0.023	0.0010712698295103	1.1476190476190496e-06	1623.0	760.2857142857143	652.0	30.0	40.0	115.0	1385.0	1560.0	638.1177119354345	407194.2142857142	22855.0	4096.0	171.5	0.0	0.0	2.0	5194.5	17063.0	6804.184912934968	46296932.32941183	13377	4096.0	2271.0	4	158.0	505.0	7179.75	11535.0	4248.883768524548	18053013.278431367																																																													269.605	266.80114285714285	266.524	265.825	265.989	266.23	266.793	268.428	0.98214618492944	0.9646111285714536																					slice_0021	slice_0001																																									37.48	17.187857142857144	14.52	0.66	0.816	2.484	30.933	35.084	14.501410935787298	210.29091912857143	255.0	127.5	127.5	0.0	25.5	63.75	191.25	229.5	74.04503134354572	5482.666666666667	255	127.5	127.5	0	25.5	63.75	191.25	229.5	74.04503134354572	5482.666666666667											20	10.0	10.0	0	2.0	5.0	15.0	18.0	6.2048368229954285	38.5	255.0	127.5	127.5	0.0	25.5	63.75	191.25	229.5	74.04503134354572	5482.666666666667	255	127.5	127.5	0	25.5	63.75	191.25	229.5	74.04503134354572	5482.666666666667																																																			L394
16052023--s--Lm--st--L394--p--C05--pos004--tm--24--ch--Syto9--z--21	256.0	128.5	128.5	1.0	26.5	64.75	192.25	230.5	74.04503134354572	5482.666666666667	256	128.5	128.5	1	26.5	64.75	192.25	230.5	74.04503134354572	5482.666666666667																					0.1	0.0667619047619047	0.072	0.02	0.024	0.048	0.091	0.096	0.0283688293059561	0.0008047904761904																					0.027	0.0231904761904761	0.023	0.021	0.021	0.022	0.024	0.025	0.0016618979396776	2.761904761904767e-06	795.0	518.5714285714286	567.0	167.0	192.0	393.0	671.0	728.0	210.10677557579416	44144.85714285714	13377.0	4096.0	2271.0	4.0	158.0	505.0	7179.75	11535.0	4248.883768524548	18053013.278431367	13322	4096.0	2195.0	2	74.0	339.0	7287.5	11621.5	4376.799797864673	19156376.47058824																																																													268.038	266.92723809523807	266.999	266.057	266.267	266.587	267.224	267.42	0.5036604912797887	0.2536738904761981																					slice_0021	slice_0001																																									18.254	12.18252380952381	13.2	3.717	4.359	8.788	16.587	17.542	5.156338668270808	26.58782846190477	255.0	127.5	127.5	0.0	25.5	63.75	191.25	229.5	74.04503134354572	5482.666666666667	255	127.5	127.5	0	25.5	63.75	191.25	229.5	74.04503134354572	5482.666666666667											20	10.0	10.0	0	2.0	5.0	15.0	18.0	6.2048368229954285	38.5	255.0	127.5	127.5	0.0	25.5	63.75	191.25	229.5	74.04503134354572	5482.666666666667	255	127.5	127.5	0	25.5	63.75	191.25	229.5	74.04503134354572	5482.666666666667																																																			L394
16052023--s--Lm--st--L394--p--C05--pos005--tm--24--ch--Syto9--z--21	256.0	128.5	128.5	1.0	26.5	64.75	192.25	230.5	74.04503134354572	5482.666666666667	256	128.5	128.5	1	26.5	64.75	192.25	230.5	74.04503134354572	5482.666666666667																					0.153	0.0867142857142857	0.101	0.016	0.018	0.03	0.132	0.14	0.049752530445338	0.0024753142857142																					0.025	0.0231428571428571	0.023	0.021	0.022	0.023	0.024	0.024	0.0008535639569308	7.285714285714283e-07	1175.0	677.1904761904761	748.0	128.0	151.0	255.0	993.0	1084.0	380.2047631273994	144555.6619047619	13322.0	4096.0	2195.0	2.0	74.0	339.0	7287.5	11621.5	4376.799797864673	19156376.47058824	14054	4096.0	2084.5	5	30.5	221.5	7403.25	11793.0	4490.31150585434	20162897.419607867																																																													267.68	266.7593333333333	266.741	266.102	266.323	266.465	266.976	267.292	0.389793193031051	0.1519387333333421																					slice_0021	slice_0001																																									27.806	15.785904761904764	18.375	2.953	3.213	5.488	23.985	25.531	9.042841615912344	81.77298449047618	255.0	127.5	127.5	0.0	25.5	63.75	191.25	229.5	74.04503134354572	5482.666666666667	255	127.5	127.5	0	25.5	63.75	191.25	229.5	74.04503134354572	5482.666666666667											20	10.0	10.0	0	2.0	5.0	15.0	18.0	6.2048368229954285	38.5	255.0	127.5	127.5	0.0	25.5	63.75	191.25	229.5	74.04503134354572	5482.666666666667	255	127.5	127.5	0	25.5	63.75	191.25	229.5	74.04503134354572	5482.666666666667																																																			L394
16052023--s--Lm--st--L394--p--C06--pos001--tm--24--ch--Syto9--z--21	256.0	128.5	128.5	1.0	26.5	64.75	192.25	230.5	74.04503134354572	5482.666666666667	256	128.5	128.5	1	26.5	64.75	192.25	230.5	74.04503134354572	5482.666666666667																					0.156	0.1036666666666666	0.103	0.037	0.047	0.07	0.134	0.149	0.0390734351360784	0.0015267333333333																					0.033	0.0276666666666666	0.028	0.024	0.025	0.025	0.029	0.031	0.0025166114784235	6.333333333333333e-06	1130.0	709.6190476190476	696.0	218.0	280.0	431.0	988.0	1060.0	307.72917901792744	94697.24761904764	14054.0	4096.0	2084.5	5.0	30.5	221.5	7403.25	11793.0	4490.31150585434	20162897.419607867	24747	4096.0	252.5	0	0.0	2.75	5080.0	16856.0	6846.913707477774	46880227.31764703																																																													270.015	268.444	268.078	266.763	267.414	267.703	269.468	269.959	1.0015321262944832	1.0030665999999484																					slice_0021	slice_0001																																									28.466	18.89819047619048	18.758	6.704	8.597	12.783	24.35	27.216	7.119251088555929	50.68373606190478	255.0	127.5	127.5	0.0	25.5	63.75	191.25	229.5	74.04503134354572	5482.666666666667	255	127.5	127.5	0	25.5	63.75	191.25	229.5	74.04503134354572	5482.666666666667											20	10.0	10.0	0	2.0	5.0	15.0	18.0	6.2048368229954285	38.5	255.0	127.5	127.5	0.0	25.5	63.75	191.25	229.5	74.04503134354572	5482.666666666667	255	127.5	127.5	0	25.5	63.75	191.25	229.5	74.04503134354572	5482.666666666667																																																			L394
16052023--s--Lm--st--L394--p--C06--pos002--tm--24--ch--Syto9--z--21	256.0	128.5	128.5	1.0	26.5	64.75	192.25	230.5	74.04503134354572	5482.666666666667	256	128.5	128.5	1	26.5	64.75	192.25	230.5	74.04503134354572	5482.666666666667																					0.11	0.0842857142857142	0.096	0.039	0.045	0.067	0.101	0.107	0.0234374547618611	0.0005493142857142																					0.035	0.0289047619047619	0.029	0.023	0.025	0.026	0.032	0.033	0.0034191338362919	1.16904761904762e-05	867.0	552.5238095238095	627.0	217.0	263.0	388.0	697.0	749.0	196.82596857315832	38740.46190476191	24747.0	4096.0	252.5	0.0	0.0	2.75	5080.0	16856.0	6846.913707477774	46880227.31764703	21307	4096.0	222.5	0	0.0	3.0	6067.0	16232.0	6465.023818405392	41796532.97254904																																																													272.089	269.2210476190476	269.021	267.326	267.977	268.225	270.019	270.801	1.2682033936317552	1.6083398476191006																					slice_0021	slice_0001																																									19.956	15.341142857142856	17.455	7.086	8.25	12.227	18.48	19.452	4.271176199663441	18.24294612857144	255.0	127.5	127.5	0.0	25.5	63.75	191.25	229.5	74.04503134354572	5482.666666666667	255	127.5	127.5	0	25.5	63.75	191.25	229.5	74.04503134354572	5482.666666666667											20	10.0	10.0	0	2.0	5.0	15.0	18.0	6.2048368229954285	38.5	255.0	127.5	127.5	0.0	25.5	63.75	191.25	229.5	74.04503134354572	5482.666666666667	255	127.5	127.5	0	25.5	63.75	191.25	229.5	74.04503134354572	5482.666666666667																																																			L394
16052023--s--Lm--st--L394--p--C06--pos003--tm--24--ch--Syto9--z--21	256.0	128.5	128.5	1.0	26.5	64.75	192.25	230.5	74.04503134354572	5482.666666666667	256	128.5	128.5	1	26.5	64.75	192.25	230.5	74.04503134354572	5482.666666666667																					0.196	0.1337619047619047	0.124	0.081	0.108	0.12	0.154	0.173	0.0284163769011898	0.0008074904761904																					0.031	0.0259047619047619	0.025	0.022	0.023	0.024	0.028	0.03	0.002808999143908	7.890476190476181e-06	1479.0	960.095238095238	922.0	496.0	652.0	774.0	1178.0	1309.0	266.6246246620713	71088.69047619042	21307.0	4096.0	222.5	0.0	0.0	3.0	6067.0	16232.0	6465.023818405392	41796532.97254904	26056	4096.0	224.0	0	0.0	2.0	5037.75	16141.5	7016.148010825022	49226332.90980391																																																													269.965	267.9912857142857	267.478	266.306	266.861	267.054	269.173	269.369	1.1308874896671712	1.278906514285716																					slice_0021	slice_0001																																									35.639	24.35919047619048	22.561	14.746	19.661	21.866	28.136	31.419	5.165409941321673	26.681459861904774	255.0	127.5	127.5	0.0	25.5	63.75	191.25	229.5	74.04503134354572	5482.666666666667	255	127.5	127.5	0	25.5	63.75	191.25	229.5	74.04503134354572	5482.666666666667											20	10.0	10.0	0	2.0	5.0	15.0	18.0	6.2048368229954285	38.5	255.0	127.5	127.5	0.0	25.5	63.75	191.25	229.5	74.04503134354572	5482.666666666667	255	127.5	127.5	0	25.5	63.75	191.25	229.5	74.04503134354572	5482.666666666667																																																			L394
16052023--s--Lm--st--L394--p--C06--pos004--tm--24--ch--Syto9--z--21	256.0	128.5	128.5	1.0	26.5	64.75	192.25	230.5	74.04503134354572	5482.666666666667	256	128.5	128.5	1	26.5	64.75	192.25	230.5	74.04503134354572	5482.666666666667																					0.101	0.0715714285714285	0.078	0.029	0.047	0.059	0.086	0.098	0.0214699125023168	0.0004609571428571																					0.035	0.0287142857142857	0.029	0.022	0.024	0.026	0.032	0.033	0.0036488745818794	1.3314285714285718e-05	722.0	470.8095238095238	492.0	153.0	274.0	354.0	597.0	679.0	171.61748717645844	29452.561904761875	26056.0	4096.0	224.0	0.0	0.0	2.0	5037.75	16141.5	7016.148010825022	49226332.90980391	20195	4096.0	337.0	0	0.0	3.0	6597.0	15868.0	6203.705948076205	38485967.49019608																																																													271.899	269.1842380952381	269.132	267.162	267.349	268.106	270.204	270.869	1.418192790306104	2.011270790476213																					slice_0021	slice_0001																																									18.428	13.046	14.242	5.349	8.649	10.699	15.649	17.82	3.8988856100173033	15.201308999999998	255.0	127.5	127.5	0.0	25.5	63.75	191.25	229.5	74.04503134354572	5482.666666666667	255	127.5	127.5	0	25.5	63.75	191.25	229.5	74.04503134354572	5482.666666666667											20	10.0	10.0	0	2.0	5.0	15.0	18.0	6.2048368229954285	38.5	255.0	127.5	127.5	0.0	25.5	63.75	191.25	229.5	74.04503134354572	5482.666666666667	255	127.5	127.5	0	25.5	63.75	191.25	229.5	74.04503134354572	5482.666666666667																																																			L394
16052023--s--Lm--st--L394--p--C06--pos005--tm--24--ch--Syto9--z--21	256.0	128.5	128.5	1.0	26.5	64.75	192.25	230.5	74.04503134354572	5482.666666666667	256	128.5	128.5	1	26.5	64.75	192.25	230.5	74.04503134354572	5482.666666666667																					0.14	0.1141904761904762	0.119	0.086	0.091	0.103	0.127	0.133	0.0168541361321755	0.0002840619047619																					0.032	0.0265714285714285	0.025	0.023	0.023	0.024	0.029	0.03	0.0030260771399855	9.157142857142867e-06	1076.0	796.952380952381	827.0	488.0	565.0	727.0	885.0	981.0	161.36897972983408	26039.9476190476	20195.0	4096.0	337.0	0.0	0.0	3.0	6597.0	15868.0	6203.705948076205	38485967.49019608	21756	4096.0	343.5	0	0.0	2.75	6056.5	15777.0	6387.5984992980975	40801414.58823531																																																													270.437	268.16961904761905	268.105	266.244	266.924	267.204	269.039	269.506	1.1619871546704277	1.3502141476190763																					slice_0021	slice_0001																																									25.496	20.78214285714286	21.658	15.736	16.534	18.688	23.1	24.263	3.061428903073112	9.372346928571435	255.0	127.5	127.5	0.0	25.5	63.75	191.25	229.5	74.04503134354572	5482.666666666667	255	127.5	127.5	0	25.5	63.75	191.25	229.5	74.04503134354572	5482.666666666667											20	10.0	10.0	0	2.0	5.0	15.0	18.0	6.2048368229954285	38.5	255.0	127.5	127.5	0.0	25.5	63.75	191.25	229.5	74.04503134354572	5482.666666666667	255	127.5	127.5	0	25.5	63.75	191.25	229.5	74.04503134354572	5482.666666666667																																																			L394
16052023--s--Lm--st--L394--p--D03--pos001--tm--24--ch--Syto9--z--21	256.0	128.5	128.5	1.0	26.5	64.75	192.25	230.5	74.04503134354572	5482.666666666667	256	128.5	128.5	1	26.5	64.75	192.25	230.5	74.04503134354572	5482.666666666667																					0.138	0.1004761904761904	0.104	0.043	0.059	0.094	0.113	0.132	0.027178335209536	0.0007386619047619																					0.028	0.0256190476190476	0.026	0.022	0.024	0.025	0.027	0.028	0.0016575943555704	2.7476190476190603e-06	1021.0	724.3333333333334	749.0	284.0	401.0	647.0	927.0	962.0	217.01321004338263	47094.73333333332	21756.0	4096.0	343.5	0.0	0.0	2.75	6056.5	15777.0	6387.5984992980975	40801414.58823531	23681	4096.0	82.5	0	0.0	1.0	5119.0	17339.5	6942.071246548602	48192353.19215686																																																													268.741	267.9350476190476	267.969	267.058	267.344	267.557	268.355	268.645	0.5031229945242474	0.2531327476190458																					slice_0021	slice_0001																																									25.149	18.296142857142858	18.949	7.816	10.768	17.073	20.616	24.09	4.961407655955255	24.61556592857142	255.0	127.5	127.5	0.0	25.5	63.75	191.25	229.5	74.04503134354572	5482.666666666667	255	127.5	127.5	0	25.5	63.75	191.25	229.5	74.04503134354572	5482.666666666667											20	10.0	10.0	0	2.0	5.0	15.0	18.0	6.2048368229954285	38.5	255.0	127.5	127.5	0.0	25.5	63.75	191.25	229.5	74.04503134354572	5482.666666666667	255	127.5	127.5	0	25.5	63.75	191.25	229.5	74.04503134354572	5482.666666666667																																																			L394
16052023--s--Lm--st--L394--p--D03--pos002--tm--24--ch--Syto9--z--21	256.0	128.5	128.5	1.0	26.5	64.75	192.25	230.5	74.04503134354572	5482.666666666667	256	128.5	128.5	1	26.5	64.75	192.25	230.5	74.04503134354572	5482.666666666667																					0.12	0.0834285714285714	0.091	0.035	0.043	0.066	0.107	0.111	0.0270140175252986	0.0007297571428571																					0.028	0.0242857142857142	0.024	0.022	0.023	0.023	0.026	0.026	0.0017361698402764	3.014285714285714e-06	844.0	619.7142857142857	659.0	290.0	333.0	500.0	780.0	833.0	189.22186524213916	35804.91428571426	23681.0	4096.0	82.5	0.0	0.0	1.0	5119.0	17339.5	6942.071246548602	48192353.19215686	22643	4096.0	245.0	0	0.0	1.0	6082.75	15491.5	6426.091714986001	41294654.72941172																																																													268.477	267.71914285714286	267.759	266.909	267.078	267.401	268.05	268.261	0.4330089243554209	0.1874967285714386																					slice_0021	slice_0001																																									21.936	15.18552380952381	16.517	6.374	7.868	12.036	19.4	20.234	4.9257519387302455	24.26303216190477	255.0	127.5	127.5	0.0	25.5	63.75	191.25	229.5	74.04503134354572	5482.666666666667	255	127.5	127.5	0	25.5	63.75	191.25	229.5	74.04503134354572	5482.666666666667											20	10.0	10.0	0	2.0	5.0	15.0	18.0	6.2048368229954285	38.5	255.0	127.5	127.5	0.0	25.5	63.75	191.25	229.5	74.04503134354572	5482.666666666667	255	127.5	127.5	0	25.5	63.75	191.25	229.5	74.04503134354572	5482.666666666667																																																			L394
16052023--s--Lm--st--L394--p--D03--pos003--tm--24--ch--Syto9--z--21	256.0	128.5	128.5	1.0	26.5	64.75	192.25	230.5	74.04503134354572	5482.666666666667	256	128.5	128.5	1	26.5	64.75	192.25	230.5	74.04503134354572	5482.666666666667																					0.104	0.0764761904761904	0.087	0.039	0.043	0.053	0.096	0.1	0.0237478821110831	0.0005639619047619																					0.027	0.0237142857142857	0.023	0.021	0.022	0.022	0.025	0.026	0.0017071279138616	2.9142857142857256e-06	736.0	579.8095238095239	632.0	330.0	346.0	444.0	709.0	726.0	152.99333941306693	23406.9619047619	22643.0	4096.0	245.0	0.0	0.0	1.0	6082.75	15491.5	6426.091714986001	41294654.72941172	17772	4096.0	728.5	0	2.0	20.75	6964.75	14329.0	5628.125690863424	31675798.79215689																																																													268.8	267.6152380952381	267.598	266.755	267.05	267.232	267.891	268.298	0.5634545150020241	0.3174809904761663																					slice_0021	slice_0001																																									18.966	13.943285714285716	15.77	7.19	7.868	9.709	17.403	18.271	4.319710443338271	18.659898314285723	255.0	127.5	127.5	0.0	25.5	63.75	191.25	229.5	74.04503134354572	5482.666666666667	255	127.5	127.5	0	25.5	63.75	191.25	229.5	74.04503134354572	5482.666666666667											20	10.0	10.0	0	2.0	5.0	15.0	18.0	6.2048368229954285	38.5	255.0	127.5	127.5	0.0	25.5	63.75	191.25	229.5	74.04503134354572	5482.666666666667	255	127.5	127.5	0	25.5	63.75	191.25	229.5	74.04503134354572	5482.666666666667																																																			L394
16052023--s--Lm--st--L394--p--D03--pos004--tm--24--ch--Syto9--z--21	256.0	128.5	128.5	1.0	26.5	64.75	192.25	230.5	74.04503134354572	5482.666666666667	256	128.5	128.5	1	26.5	64.75	192.25	230.5	74.04503134354572	5482.666666666667																					0.094	0.0754761904761904	0.078	0.051	0.056	0.062	0.088	0.092	0.0141372523766786	0.0001998619047619																					0.029	0.0248571428571428	0.025	0.022	0.022	0.023	0.026	0.028	0.002264634943776	5.12857142857143e-06	682.0	554.0952380952381	579.0	372.0	431.0	482.0	644.0	653.0	92.7404468190146	8600.790476190476	17772.0	4096.0	728.5	0.0	2.0	20.75	6964.75	14329.0	5628.125690863424	31675798.79215689	22651	4096.0	84.0	0	0.0	1.0	5217.25	17332.0	6870.7253160512455	47206866.36862749																																																													268.981	267.88361904761905	268.088	266.585	266.975	267.134	268.332	268.841	0.727506802455496	0.5292661476190201																					slice_0021	slice_0001																																									17.038	13.74490476190476	14.294	9.24	10.126	11.376	15.979	16.726	2.587674204855817	6.696057790476187	255.0	127.5	127.5	0.0	25.5	63.75	191.25	229.5	74.04503134354572	5482.666666666667	255	127.5	127.5	0	25.5	63.75	191.25	229.5	74.04503134354572	5482.666666666667											20	10.0	10.0	0	2.0	5.0	15.0	18.0	6.2048368229954285	38.5	255.0	127.5	127.5	0.0	25.5	63.75	191.25	229.5	74.04503134354572	5482.666666666667	255	127.5	127.5	0	25.5	63.75	191.25	229.5	74.04503134354572	5482.666666666667																																																			L394
16052023--s--Lm--st--L394--p--D03--pos005--tm--24--ch--Syto9--z--21	256.0	128.5	128.5	1.0	26.5	64.75	192.25	230.5	74.04503134354572	5482.666666666667	256	128.5	128.5	1	26.5	64.75	192.25	230.5	74.04503134354572	5482.666666666667																					0.103	0.083	0.085	0.049	0.066	0.074	0.094	0.098	0.0141703916671346	0.0002008																					0.03	0.0260952380952381	0.026	0.023	0.023	0.024	0.029	0.029	0.0025476412994132	6.4904761904762e-06	773.0	586.5238095238095	603.0	307.0	402.0	564.0	654.0	698.0	120.01067412843696	14402.561904761891	22651.0	4096.0	84.0	0.0	0.0	1.0	5217.25	17332.0	6870.7253160512455	47206866.36862749	26406	4096.0	34.0	0	0.0	1.0	4344.5	17597.5	7377.175130753225	54422712.90980387																																																													270.443	268.3898571428571	268.211	267.18	267.393	267.674	268.887	269.569	0.8902074076143408	0.7924692285714452																					slice_0021	slice_0001																																									18.688	15.127714285714289	15.527	8.962	12.106	13.512	17.142	17.82	2.565391278983717	6.581232414285713	255.0	127.5	127.5	0.0	25.5	63.75	191.25	229.5	74.04503134354572	5482.666666666667	255	127.5	127.5	0	25.5	63.75	191.25	229.5	74.04503134354572	5482.666666666667											20	10.0	10.0	0	2.0	5.0	15.0	18.0	6.2048368229954285	38.5	255.0	127.5	127.5	0.0	25.5	63.75	191.25	229.5	74.04503134354572	5482.666666666667	255	127.5	127.5	0	25.5	63.75	191.25	229.5	74.04503134354572	5482.666666666667																																																			L394
16052023--s--Lm--st--L394--p--D04--pos001--tm--24--ch--Syto9--z--21	256.0	128.5	128.5	1.0	26.5	64.75	192.25	230.5	74.04503134354572	5482.666666666667	256	128.5	128.5	1	26.5	64.75	192.25	230.5	74.04503134354572	5482.666666666667																					0.172	0.1154285714285714	0.109	0.047	0.068	0.088	0.148	0.167	0.0388568802512134	0.0015098571428571																					0.028	0.0248571428571428	0.025	0.022	0.023	0.024	0.026	0.027	0.0016518388022356	2.7285714285714285e-06	1279.0	856.3333333333334	798.0	317.0	443.0	677.0	1085.0	1255.0	303.127585899623	91886.33333333331	26406.0	4096.0	34.0	0.0	0.0	1.0	4344.5	17597.5	7377.175130753225	54422712.90980387	23391	4096.0	232.0	0	0.0	2.75	5628.5	16402.0	6644.842599236451	44153933.16862743																																																													269.135	267.8066666666667	267.686	267.121	267.258	267.316	268.092	268.577	0.5519741237896514	0.3046754333333534																					Ch1	Ch1																																									31.297	21.02442857142857	19.921	8.562	12.436	16.066	26.955	30.377	7.077789475333582	50.09510385714283	255.0	127.5	127.5	0.0	25.5	63.75	191.25	229.5	74.04503134354572	5482.666666666667	255	127.5	127.5	0	25.5	63.75	191.25	229.5	74.04503134354572	5482.666666666667											20	10.0	10.0	0	2.0	5.0	15.0	18.0	6.2048368229954285	38.5	255.0	127.5	127.5	0.0	25.5	63.75	191.25	229.5	74.04503134354572	5482.666666666667	255	127.5	127.5	0	25.5	63.75	191.25	229.5	74.04503134354572	5482.666666666667																																																			L394
16052023--s--Lm--st--L394--p--D04--pos002--tm--24--ch--Syto9--z--21	256.0	128.5	128.5	1.0	26.5	64.75	192.25	230.5	74.04503134354572	5482.666666666667	256	128.5	128.5	1	26.5	64.75	192.25	230.5	74.04503134354572	5482.666666666667																					0.166	0.1181428571428571	0.124	0.051	0.067	0.103	0.139	0.149	0.031450414487389	0.0009891285714285																					0.028	0.025095238095238	0.025	0.023	0.023	0.024	0.026	0.027	0.0016704718466577	2.790476190476189e-06	1242.0	866.3809523809524	893.0	338.0	439.0	792.0	1043.0	1104.0	251.56022662385968	63282.54761904763	23391.0	4096.0	232.0	0.0	0.0	2.75	5628.5	16402.0	6644.842599236451	44153933.16862743	19805	4096.0	313.5	0	0.0	4.0	6548.5	15766.0	6149.489938357553	37816226.501960784																																																													269.206	267.87933333333336	267.847	266.751	267.131	267.469	268.214	268.601	0.635799916116196	0.4042415333333619																					slice_0021	slice_0001																																									30.203	21.506666666666668	22.613	9.257	12.123	18.74	25.236	27.181	5.730126799062419	32.83435313333332	255.0	127.5	127.5	0.0	25.5	63.75	191.25	229.5	74.04503134354572	5482.666666666667	255	127.5	127.5	0	25.5	63.75	191.25	229.5	74.04503134354572	5482.666666666667											20	10.0	10.0	0	2.0	5.0	15.0	18.0	6.2048368229954285	38.5	255.0	127.5	127.5	0.0	25.5	63.75	191.25	229.5	74.04503134354572	5482.666666666667	255	127.5	127.5	0	25.5	63.75	191.25	229.5	74.04503134354572	5482.666666666667																																																			L394
16052023--s--Lm--st--L394--p--D04--pos003--tm--24--ch--Syto9--z--21	256.0	128.5	128.5	1.0	26.5	64.75	192.25	230.5	74.04503134354572	5482.666666666667	256	128.5	128.5	1	26.5	64.75	192.25	230.5	74.04503134354572	5482.666666666667																					0.156	0.0929523809523809	0.109	0.019	0.022	0.03	0.145	0.147	0.0532010114475995	0.0028303476190476																					0.026	0.0229523809523809	0.023	0.02	0.022	0.022	0.024	0.025	0.0014654757069358	2.147619047619044e-06	1149.0	721.3333333333334	900.0	156.0	183.0	246.0	1073.0	1129.0	393.16654655925817	154579.93333333332	19805.0	4096.0	313.5	0.0	0.0	4.0	6548.5	15766.0	6149.489938357553	37816226.501960784	19133	4096.0	762.0	0	2.0	16.75	6961.0	14591.0	5666.53038913411	32109566.65098037																																																													267.463	266.95709523809523	267.069	265.662	266.415	266.71	267.348	267.413	0.4590099023727153	0.2106900904762096																					slice_0021	slice_0001																																									28.449	16.943857142857144	19.817	3.439	4.047	5.454	26.434	26.851	9.693840891440887	93.97055122857144	255.0	127.5	127.5	0.0	25.5	63.75	191.25	229.5	74.04503134354572	5482.666666666667	255	127.5	127.5	0	25.5	63.75	191.25	229.5	74.04503134354572	5482.666666666667											20	10.0	10.0	0	2.0	5.0	15.0	18.0	6.2048368229954285	38.5	255.0	127.5	127.5	0.0	25.5	63.75	191.25	229.5	74.04503134354572	5482.666666666667	255	127.5	127.5	0	25.5	63.75	191.25	229.5	74.04503134354572	5482.666666666667																																																			L394
16052023--s--Lm--st--L394--p--D04--pos004--tm--24--ch--Syto9--z--21	256.0	128.5	128.5	1.0	26.5	64.75	192.25	230.5	74.04503134354572	5482.666666666667	256	128.5	128.5	1	26.5	64.75	192.25	230.5	74.04503134354572	5482.666666666667																					0.117	0.0864285714285714	0.093	0.051	0.052	0.064	0.102	0.111	0.0219102063627238	0.0004800571428571																					0.03	0.0249047619047619	0.024	0.022	0.023	0.023	0.027	0.028	0.0022562083659263	5.090476190476201e-06	820.0	632.3809523809524	696.0	375.0	408.0	502.0	761.0	780.0	152.14153811187666	23147.04761904761	19133.0	4096.0	762.0	0.0	2.0	16.75	6961.0	14591.0	5666.53038913411	32109566.65098037	18598	4096.0	763.0	0	1.0	18.25	6965.75	14507.0	5644.654095586684	31862119.858823527																																																													269.747	267.821	267.697	266.812	267.279	267.499	268.039	268.515	0.6153994637631764	0.3787165000000051																					slice_0021	slice_0001																																									21.328	15.75295238095238	17.021	9.292	9.466	11.723	18.497	20.13	3.972360198624875	15.779645547619054	255.0	127.5	127.5	0.0	25.5	63.75	191.25	229.5	74.04503134354572	5482.666666666667	255	127.5	127.5	0	25.5	63.75	191.25	229.5	74.04503134354572	5482.666666666667											20	10.0	10.0	0	2.0	5.0	15.0	18.0	6.2048368229954285	38.5	255.0	127.5	127.5	0.0	25.5	63.75	191.25	229.5	74.04503134354572	5482.666666666667	255	127.5	127.5	0	25.5	63.75	191.25	229.5	74.04503134354572	5482.666666666667																																																			L394
16052023--s--Lm--st--L394--p--D04--pos005--tm--24--ch--Syto9--z--21	256.0	128.5	128.5	1.0	26.5	64.75	192.25	230.5	74.04503134354572	5482.666666666667	256	128.5	128.5	1	26.5	64.75	192.25	230.5	74.04503134354572	5482.666666666667																					0.132	0.1026666666666666	0.115	0.048	0.057	0.089	0.122	0.128	0.0277782888841867	0.0007716333333333																					0.027	0.0239523809523809	0.023	0.021	0.022	0.023	0.025	0.026	0.0016874889770363	2.8476190476190504e-06	976.0	773.5238095238095	845.0	400.0	438.0	685.0	924.0	934.0	192.72561299620224	37143.16190476192	18598.0	4096.0	763.0	0.0	1.0	18.25	6965.75	14507.0	5644.654095586684	31862119.858823527	20918	4096.0	148.0	0	0.0	1.0	6365.5	16050.0	6348.359472506019	40301667.9921569																																																													268.834	267.5582380952381	267.496	266.75	267.033	267.212	267.682	268.291	0.5362797688484993	0.2875959904761997																					slice_0021	slice_0001																																									24.055	18.697285714285712	20.998	8.754	10.334	16.274	22.266	23.325	5.068782951980259	25.692560614285703	255.0	127.5	127.5	0.0	25.5	63.75	191.25	229.5	74.04503134354572	5482.666666666667	255	127.5	127.5	0	25.5	63.75	191.25	229.5	74.04503134354572	5482.666666666667											20	10.0	10.0	0	2.0	5.0	15.0	18.0	6.2048368229954285	38.5	255.0	127.5	127.5	0.0	25.5	63.75	191.25	229.5	74.04503134354572	5482.666666666667	255	127.5	127.5	0	25.5	63.75	191.25	229.5	74.04503134354572	5482.666666666667																																																			L394
16052023--s--Lm--st--L394--p--D05--pos001--tm--24--ch--Syto9--z--21	256.0	128.5	128.5	1.0	26.5	64.75	192.25	230.5	74.04503134354572	5482.666666666667	256	128.5	128.5	1	26.5	64.75	192.25	230.5	74.04503134354572	5482.666666666667																					0.146	0.0902857142857142	0.097	0.039	0.05	0.069	0.107	0.118	0.0280448620198831	0.0007865142857142																					0.03	0.0269047619047619	0.027	0.023	0.024	0.026	0.029	0.029	0.0021190743711526	4.490476190476204e-06	1145.0	628.952380952381	670.0	235.0	314.0	435.0	777.0	836.0	236.73307250793596	56042.54761904765	20918.0	4096.0	148.0	0.0	0.0	1.0	6365.5	16050.0	6348.359472506019	40301667.9921569	20165	4096.0	355.5	0	0.0	4.0	6703.75	15334.5	6053.876941558144	36649426.02352939																																																													269.862	268.60552380952385	268.718	267.01	267.7	268.083	269.198	269.611	0.8213019919035149	0.6745369619046813																					slice_0021	slice_0001																																									26.625	16.448476190476192	17.716	7.138	9.153	12.557	19.435	21.432	5.100024819734192	26.010253161904775	255.0	127.5	127.5	0.0	25.5	63.75	191.25	229.5	74.04503134354572	5482.666666666667	255	127.5	127.5	0	25.5	63.75	191.25	229.5	74.04503134354572	5482.666666666667											20	10.0	10.0	0	2.0	5.0	15.0	18.0	6.2048368229954285	38.5	255.0	127.5	127.5	0.0	25.5	63.75	191.25	229.5	74.04503134354572	5482.666666666667	255	127.5	127.5	0	25.5	63.75	191.25	229.5	74.04503134354572	5482.666666666667																																																			L394
16052023--s--Lm--st--L394--p--D05--pos002--tm--24--ch--Syto9--z--21	256.0	128.5	128.5	1.0	26.5	64.75	192.25	230.5	74.04503134354572	5482.666666666667	256	128.5	128.5	1	26.5	64.75	192.25	230.5	74.04503134354572	5482.666666666667																					0.154	0.0997619047619047	0.108	0.049	0.061	0.077	0.117	0.128	0.0270793367014496	0.0007332904761904																					0.031	0.0265238095238095	0.026	0.022	0.024	0.025	0.029	0.03	0.0025420276870846	6.461904761904778e-06	1250.0	706.7142857142857	749.0	305.0	382.0	465.0	863.0	972.0	249.1140587877655	62057.814285714274	20165.0	4096.0	355.5	0.0	0.0	4.0	6703.75	15334.5	6053.876941558144	36649426.02352939	23821	4096.0	77.0	0	0.0	1.0	5192.0	17284.0	6991.279897409455	48877994.60392156																																																													270.432	268.4917619047619	268.161	266.507	267.29	267.767	269.205	269.843	1.063674522810514	1.1314034904761747																					slice_0021	slice_0001																																									27.963	18.185285714285715	19.748	8.997	11.15	13.981	21.276	23.36	4.917030345064561	24.17718741428572	255.0	127.5	127.5	0.0	25.5	63.75	191.25	229.5	74.04503134354572	5482.666666666667	255	127.5	127.5	0	25.5	63.75	191.25	229.5	74.04503134354572	5482.666666666667											20	10.0	10.0	0	2.0	5.0	15.0	18.0	6.2048368229954285	38.5	255.0	127.5	127.5	0.0	25.5	63.75	191.25	229.5	74.04503134354572	5482.666666666667	255	127.5	127.5	0	25.5	63.75	191.25	229.5	74.04503134354572	5482.666666666667																																																			L394
16052023--s--Lm--st--L394--p--D05--pos003--tm--24--ch--Syto9--z--21	256.0	128.5	128.5	1.0	26.5	64.75	192.25	230.5	74.04503134354572	5482.666666666667	256	128.5	128.5	1	26.5	64.75	192.25	230.5	74.04503134354572	5482.666666666667																					0.111	0.0877142857142857	0.091	0.062	0.066	0.079	0.099	0.104	0.0142237226391084	0.0002023142857142																					0.028	0.0241904761904761	0.023	0.022	0.022	0.023	0.026	0.027	0.0020154167712671	4.061904761904757e-06	783.0	658.8571428571429	694.0	486.0	528.0	584.0	725.0	737.0	89.57861670861284	8024.328571428572	23821.0	4096.0	77.0	0.0	0.0	1.0	5192.0	17284.0	6991.279897409455	48877994.60392156	15867	4096.0	795.0	0	1.5	12.0	7591.75	13742.5	5378.864416198195	28932182.407843143																																																													268.871	267.4509523809524	267.158	266.585	266.74	266.922	268.01	268.564	0.7310669241724949	0.5344588476190324																					slice_0021	slice_0001																																									20.234	15.983619047619047	16.517	11.324	11.984	14.363	18.045	18.862	2.586995254657233	6.692544447619044	255.0	127.5	127.5	0.0	25.5	63.75	191.25	229.5	74.04503134354572	5482.666666666667	255	127.5	127.5	0	25.5	63.75	191.25	229.5	74.04503134354572	5482.666666666667											20	10.0	10.0	0	2.0	5.0	15.0	18.0	6.2048368229954285	38.5	255.0	127.5	127.5	0.0	25.5	63.75	191.25	229.5	74.04503134354572	5482.666666666667	255	127.5	127.5	0	25.5	63.75	191.25	229.5	74.04503134354572	5482.666666666667																																																			L394
16052023--s--Lm--st--L394--p--D05--pos004--tm--24--ch--Syto9--z--21	256.0	128.5	128.5	1.0	26.5	64.75	192.25	230.5	74.04503134354572	5482.666666666667	256	128.5	128.5	1	26.5	64.75	192.25	230.5	74.04503134354572	5482.666666666667																					0.092	0.0601904761904761	0.066	0.021	0.037	0.049	0.072	0.08	0.0193122216423151	0.0003729619047619																					0.035	0.0291428571428571	0.03	0.021	0.023	0.029	0.031	0.032	0.0036781206381209	1.3528571428571428e-05	614.0	383.2857142857143	407.0	113.0	208.0	298.0	468.0	518.0	126.67681037077892	16047.014285714284	15867.0	4096.0	795.0	0.0	1.5	12.0	7591.75	13742.5	5378.864416198195	28932182.407843143	16632	4096.0	300.0	0	1.0	5.0	8371.25	14346.5	5682.21890240969	32287611.654901978																																																													271.656	269.6184761904762	269.922	266.549	267.263	269.645	270.392	270.898	1.3396160128576953	1.7945710619047486																					slice_0021	slice_0001																																									16.76	10.960857142857142	11.932	3.908	6.826	8.962	13.148	14.572	3.5072097924948022	12.300520528571434	255.0	127.5	127.5	0.0	25.5	63.75	191.25	229.5	74.04503134354572	5482.666666666667	255	127.5	127.5	0	25.5	63.75	191.25	229.5	74.04503134354572	5482.666666666667											20	10.0	10.0	0	2.0	5.0	15.0	18.0	6.2048368229954285	38.5	255.0	127.5	127.5	0.0	25.5	63.75	191.25	229.5	74.04503134354572	5482.666666666667	255	127.5	127.5	0	25.5	63.75	191.25	229.5	74.04503134354572	5482.666666666667																																																			L394
16052023--s--Lm--st--L394--p--D05--pos005--tm--24--ch--Syto9--z--21	256.0	128.5	128.5	1.0	26.5	64.75	192.25	230.5	74.04503134354572	5482.666666666667	256	128.5	128.5	1	26.5	64.75	192.25	230.5	74.04503134354572	5482.666666666667																					0.123	0.096047619047619	0.099	0.067	0.072	0.084	0.107	0.116	0.0162587705269377	0.0002643476190476																					0.028	0.0245238095238095	0.024	0.022	0.022	0.023	0.026	0.027	0.0019651729597938	3.861904761904771e-06	855.0	711.5238095238095	712.0	542.0	605.0	660.0	778.0	833.0	92.860981605634	8623.161904761895	16632.0	4096.0	300.0	0.0	1.0	5.0	8371.25	14346.5	5682.21890240969	32287611.654901978	21385	4096.0	213.0	0	0.0	1.75	5736.5	16552.5	6525.043661487156	42576194.78431371																																																													269.557	267.6428095238095	267.424	266.432	266.779	267.088	268.199	268.398	0.8087467229638824	0.6540712619048188																					slice_0021	slice_0001																																									22.44	17.50542857142857	17.959	12.279	13.096	15.371	19.574	21.068	2.95047803874946	8.705320657142861	255.0	127.5	127.5	0.0	25.5	63.75	191.25	229.5	74.04503134354572	5482.666666666667	255	127.5	127.5	0	25.5	63.75	191.25	229.5	74.04503134354572	5482.666666666667											20	10.0	10.0	0	2.0	5.0	15.0	18.0	6.2048368229954285	38.5	255.0	127.5	127.5	0.0	25.5	63.75	191.25	229.5	74.04503134354572	5482.666666666667	255	127.5	127.5	0	25.5	63.75	191.25	229.5	74.04503134354572	5482.666666666667																																																			L394
16052023--s--Lm--st--L394--p--D06--pos001--tm--24--ch--Syto9--z--21	256.0	128.5	128.5	1.0	26.5	64.75	192.25	230.5	74.04503134354572	5482.666666666667	256	128.5	128.5	1	26.5	64.75	192.25	230.5	74.04503134354572	5482.666666666667																					0.162	0.1118095238095238	0.111	0.054	0.064	0.072	0.148	0.16	0.0386220391067315	0.0014916619047619																					0.027	0.0242857142857142	0.024	0.022	0.023	0.023	0.025	0.026	0.0013093073414159	1.7142857142857105e-06	1262.0	842.952380952381	879.0	370.0	499.0	562.0	1115.0	1239.0	300.8984008250087	90539.8476190476	21385.0	4096.0	213.0	0.0	0.0	1.75	5736.5	16552.5	6525.043661487156	42576194.78431371	17878	4096.0	779.5	0	2.0	22.75	7007.5	14386.0	5616.735269727073	31547715.090196047																																																													268.418	267.45319047619046	267.409	266.73	266.929	267.103	267.738	268.064	0.4423034726347503	0.1956323619047593																					Ch1	Ch1																																									29.456	20.376952380952385	20.217	9.796	11.723	13.165	26.99	29.196	7.014898726825574	49.208804147619055	255.0	127.5	127.5	0.0	25.5	63.75	191.25	229.5	74.04503134354572	5482.666666666667	255	127.5	127.5	0	25.5	63.75	191.25	229.5	74.04503134354572	5482.666666666667											20	10.0	10.0	0	2.0	5.0	15.0	18.0	6.2048368229954285	38.5	255.0	127.5	127.5	0.0	25.5	63.75	191.25	229.5	74.04503134354572	5482.666666666667	255	127.5	127.5	0	25.5	63.75	191.25	229.5	74.04503134354572	5482.666666666667																																																			L394
16052023--s--Lm--st--L394--p--D06--pos002--tm--24--ch--Syto9--z--21	256.0	128.5	128.5	1.0	26.5	64.75	192.25	230.5	74.04503134354572	5482.666666666667	256	128.5	128.5	1	26.5	64.75	192.25	230.5	74.04503134354572	5482.666666666667																					0.091	0.0696190476190476	0.071	0.036	0.052	0.058	0.086	0.089	0.0165302032367306	0.0002732476190476																					0.03	0.0265238095238095	0.027	0.022	0.023	0.024	0.029	0.029	0.0025420276870846	6.461904761904765e-06	650.0	485.7619047619048	495.0	222.0	330.0	406.0	594.0	629.0	127.66514981070787	16298.390476190489	17878.0	4096.0	779.5	0.0	2.0	22.75	7007.5	14386.0	5616.735269727073	31547715.090196047	18696	4096.0	300.0	0	0.0	3.0	7214.5	15012.0	5936.151909292417	35237899.49019601																																																													269.862	268.13909523809525	268.18	266.169	266.927	267.624	268.686	269.208	0.9261002594083264	0.8576616904761696																					slice_0021	slice_0001																																									16.656	12.695238095238096	12.922	6.617	9.431	10.577	15.683	16.187	2.9987638437323114	8.992584590476188	255.0	127.5	127.5	0.0	25.5	63.75	191.25	229.5	74.04503134354572	5482.666666666667	255	127.5	127.5	0	25.5	63.75	191.25	229.5	74.04503134354572	5482.666666666667											20	10.0	10.0	0	2.0	5.0	15.0	18.0	6.2048368229954285	38.5	255.0	127.5	127.5	0.0	25.5	63.75	191.25	229.5	74.04503134354572	5482.666666666667	255	127.5	127.5	0	25.5	63.75	191.25	229.5	74.04503134354572	5482.666666666667																																																			L394
16052023--s--Lm--st--L394--p--D06--pos003--tm--24--ch--Syto9--z--21	256.0	128.5	128.5	1.0	26.5	64.75	192.25	230.5	74.04503134354572	5482.666666666667	256	128.5	128.5	1	26.5	64.75	192.25	230.5	74.04503134354572	5482.666666666667																					0.128	0.0799523809523809	0.084	0.027	0.029	0.034	0.115	0.121	0.0374238910196096	0.0014005476190476																					0.025	0.023095238095238	0.023	0.021	0.022	0.022	0.024	0.024	0.0009952267030562	9.904761904761953e-07	940.0	621.6666666666666	675.0	228.0	240.0	287.0	875.0	915.0	274.5879336994496	75398.53333333334	18696.0	4096.0	300.0	0.0	0.0	3.0	7214.5	15012.0	5936.151909292417	35237899.49019601	19134	4096.0	296.5	0	0.0	2.0	7236.0	15210.5	6021.507835398431	36258556.6117647																																																													267.605	266.9864285714286	267.052	265.189	266.614	266.722	267.339	267.527	0.5477581191939145	0.3000389571428546																					slice_0021	slice_0001																																									23.273	14.550333333333334	15.301	4.828	5.28	6.218	20.929	22.11	6.81577612112761	46.454804133333326	255.0	127.5	127.5	0.0	25.5	63.75	191.25	229.5	74.04503134354572	5482.666666666667	255	127.5	127.5	0	25.5	63.75	191.25	229.5	74.04503134354572	5482.666666666667											20	10.0	10.0	0	2.0	5.0	15.0	18.0	6.2048368229954285	38.5	255.0	127.5	127.5	0.0	25.5	63.75	191.25	229.5	74.04503134354572	5482.666666666667	255	127.5	127.5	0	25.5	63.75	191.25	229.5	74.04503134354572	5482.666666666667																																																			L394
16052023--s--Lm--st--L394--p--D06--pos004--tm--24--ch--Syto9--z--21	256.0	128.5	128.5	1.0	26.5	64.75	192.25	230.5	74.04503134354572	5482.666666666667	256	128.5	128.5	1	26.5	64.75	192.25	230.5	74.04503134354572	5482.666666666667																					0.111	0.0767619047619047	0.083	0.042	0.046	0.048	0.1	0.103	0.0247283334697362	0.0006114904761904																					0.025	0.023047619047619	0.023	0.022	0.022	0.022	0.024	0.024	0.0009734572654303	9.47619047619044e-07	848.0	601.0	662.0	341.0	368.0	391.0	758.0	787.0	181.1248188404891	32806.2	19134.0	4096.0	296.5	0.0	0.0	2.0	7236.0	15210.5	6021.507835398431	36258556.6117647	14129	4096.0	1327.0	0	0.0	16.75	8362.75	12092.5	4852.96959178847	23551313.858823556																																																													268.503	267.2478095238095	267.209	266.527	266.554	267.03	267.492	267.701	0.470075910789709	0.2209713619047744																					slice_0021	slice_0001																																									20.199	13.979714285714286	15.18	7.642	8.371	8.719	18.132	18.827	4.496285668669833	20.216584814285724	255.0	127.5	127.5	0.0	25.5	63.75	191.25	229.5	74.04503134354572	5482.666666666667	255	127.5	127.5	0	25.5	63.75	191.25	229.5	74.04503134354572	5482.666666666667											20	10.0	10.0	0	2.0	5.0	15.0	18.0	6.2048368229954285	38.5	255.0	127.5	127.5	0.0	25.5	63.75	191.25	229.5	74.04503134354572	5482.666666666667	255	127.5	127.5	0	25.5	63.75	191.25	229.5	74.04503134354572	5482.666666666667																																																			L394
16052023--s--Lm--st--L394--p--D06--pos005--tm--24--ch--Syto9--z--21	256.0	128.5	128.5	1.0	26.5	64.75	192.25	230.5	74.04503134354572	5482.666666666667	256	128.5	128.5	1	26.5	64.75	192.25	230.5	74.04503134354572	5482.666666666667																					0.11	0.0782380952380952	0.083	0.044	0.047	0.061	0.09	0.099	0.0195956749358238	0.0003839904761904																					0.028	0.0242857142857142	0.024	0.021	0.022	0.023	0.026	0.027	0.002101020160371	4.414285714285713e-06	717.0	579.1904761904761	636.0	349.0	405.0	496.0	657.0	683.0	112.35996575632224	12624.761904761905	14129.0	4096.0	1327.0	0.0	0.0	16.75	8362.75	12092.5	4852.96959178847	23551313.858823556	24220	4096.0	99.0	0	0.0	1.0	5030.25	17139.0	7010.677294348257	49149596.1254902																																																													269.009	267.7408095238095	267.717	266.384	267.173	267.359	268.047	268.517	0.6510858329780883	0.4239127619047712																					slice_0021	slice_0001																																									20.078	14.218809523809522	15.076	8.007	8.562	11.029	16.326	18.011	3.559182822208598	12.66778236190476	255.0	127.5	127.5	0.0	25.5	63.75	191.25	229.5	74.04503134354572	5482.666666666667	255	127.5	127.5	0	25.5	63.75	191.25	229.5	74.04503134354572	5482.666666666667											20	10.0	10.0	0	2.0	5.0	15.0	18.0	6.2048368229954285	38.5	255.0	127.5	127.5	0.0	25.5	63.75	191.25	229.5	74.04503134354572	5482.666666666667	255	127.5	127.5	0	25.5	63.75	191.25	229.5	74.04503134354572	5482.666666666667																																																			L394
16052023--s--Lm--st--L394--p--D07--pos001--tm--24--ch--Syto9--z--21	256.0	128.5	128.5	1.0	26.5	64.75	192.25	230.5	74.04503134354572	5482.666666666667	256	128.5	128.5	1	26.5	64.75	192.25	230.5	74.04503134354572	5482.666666666667																					0.23	0.1466190476190476	0.148	0.058	0.066	0.091	0.198	0.217	0.0594327150570089	0.0035322476190476																					0.026	0.024047619047619	0.024	0.023	0.023	0.023	0.025	0.026	0.0010712698295103	1.1476190476190477e-06	1731.0	1112.952380952381	1099.0	467.0	504.0	679.0	1547.0	1662.0	458.9803346757327	210662.9476190476	24220.0	4096.0	99.0	0.0	0.0	1.0	5030.25	17139.0	7010.677294348257	49149596.1254902	19310	4096.0	660.5	0	2.0	20.5	6586.0	14851.5	5880.624020509071	34581738.870588265																																																													269.271	268.4602857142857	268.438	267.673	267.943	268.194	268.725	268.999	0.4451964895253856	0.1981999142857268																					slice_0021	slice_0001																																									41.909	26.70304761904762	26.886	10.577	12.001	16.656	36.004	39.513	10.838798321198666	117.47954904761905	255.0	127.5	127.5	0.0	25.5	63.75	191.25	229.5	74.04503134354572	5482.666666666667	255	127.5	127.5	0	25.5	63.75	191.25	229.5	74.04503134354572	5482.666666666667											20	10.0	10.0	0	2.0	5.0	15.0	18.0	6.2048368229954285	38.5	255.0	127.5	127.5	0.0	25.5	63.75	191.25	229.5	74.04503134354572	5482.666666666667	255	127.5	127.5	0	25.5	63.75	191.25	229.5	74.04503134354572	5482.666666666667																																																			L394
16052023--s--Lm--st--L394--p--D07--pos002--tm--24--ch--Syto9--z--21	256.0	128.5	128.5	1.0	26.5	64.75	192.25	230.5	74.04503134354572	5482.666666666667	256	128.5	128.5	1	26.5	64.75	192.25	230.5	74.04503134354572	5482.666666666667																					0.165	0.1122380952380952	0.112	0.057	0.069	0.086	0.142	0.155	0.0335572715844193	0.0011260904761904																					0.031	0.0257619047619047	0.025	0.023	0.024	0.024	0.026	0.029	0.002233937373893	4.9904761904762e-06	1185.0	811.5238095238095	800.0	335.0	426.0	632.0	1043.0	1108.0	268.7734397308668	72239.16190476189	19310.0	4096.0	660.5	0.0	2.0	20.5	6586.0	14851.5	5880.624020509071	34581738.870588265	21833	4096.0	341.5	0	0.0	8.0	5879.5	16305.0	6412.010291968789	41113875.98431368																																																													270.459	269.20009523809523	268.997	267.834	268.492	268.773	269.635	270.183	0.6934022573342109	0.4808066904761793																					slice_0021	slice_0001																																									29.96	20.426666666666662	20.338	10.317	12.575	15.631	25.774	28.154	6.123109319074202	37.492467733333335	255.0	127.5	127.5	0.0	25.5	63.75	191.25	229.5	74.04503134354572	5482.666666666667	255	127.5	127.5	0	25.5	63.75	191.25	229.5	74.04503134354572	5482.666666666667											20	10.0	10.0	0	2.0	5.0	15.0	18.0	6.2048368229954285	38.5	255.0	127.5	127.5	0.0	25.5	63.75	191.25	229.5	74.04503134354572	5482.666666666667	255	127.5	127.5	0	25.5	63.75	191.25	229.5	74.04503134354572	5482.666666666667																																																			L394
16052023--s--Lm--st--L394--p--D07--pos003--tm--24--ch--Syto9--z--21	256.0	128.5	128.5	1.0	26.5	64.75	192.25	230.5	74.04503134354572	5482.666666666667	256	128.5	128.5	1	26.5	64.75	192.25	230.5	74.04503134354572	5482.666666666667																					0.142	0.0922857142857142	0.1	0.029	0.035	0.068	0.127	0.132	0.0377467122503972	0.0014248142857142																					0.025	0.0232380952380952	0.024	0.021	0.022	0.022	0.024	0.025	0.0013380867649282	1.7904761904761916e-06	1053.0	714.5238095238095	789.0	247.0	282.0	492.0	968.0	990.0	277.31365257549413	76902.86190476186	21833.0	4096.0	341.5	0.0	0.0	8.0	5879.5	16305.0	6412.010291968789	41113875.98431368	15770	4096.0	1655.5	10	37.0	177.75	6941.0	12924.5	4927.286423381457	24278151.498039234																																																													268.842	268.2918571428571	268.314	267.749	267.975	268.105	268.42	268.652	0.2755391597784792	0.0759218285714303																					slice_0021	slice_0001																																									25.774	16.81647619047619	18.289	5.297	6.339	12.436	23.186	24.072	6.867854611296366	47.16742696190476	255.0	127.5	127.5	0.0	25.5	63.75	191.25	229.5	74.04503134354572	5482.666666666667	255	127.5	127.5	0	25.5	63.75	191.25	229.5	74.04503134354572	5482.666666666667											20	10.0	10.0	0	2.0	5.0	15.0	18.0	6.2048368229954285	38.5	255.0	127.5	127.5	0.0	25.5	63.75	191.25	229.5	74.04503134354572	5482.666666666667	255	127.5	127.5	0	25.5	63.75	191.25	229.5	74.04503134354572	5482.666666666667																																																			L394
16052023--s--Lm--st--L394--p--D07--pos004--tm--24--ch--Syto9--z--21	256.0	128.5	128.5	1.0	26.5	64.75	192.25	230.5	74.04503134354572	5482.666666666667	256	128.5	128.5	1	26.5	64.75	192.25	230.5	74.04503134354572	5482.666666666667																					0.262	0.1425238095238095	0.158	0.021	0.027	0.045	0.225	0.244	0.0880350038607479	0.0077501619047619																					0.024	0.0228571428571428	0.023	0.021	0.022	0.022	0.023	0.024	0.0009102589898328	8.285714285714299e-07	2025.0	1119.142857142857	1269.0	183.0	232.0	381.0	1704.0	1914.0	678.0761967297101	459787.3285714285	15770.0	4096.0	1655.5	10.0	37.0	177.75	6941.0	12924.5	4927.286423381457	24278151.498039234	18555	4096.0	924.5	0	2.0	29.25	6709.75	14364.0	5617.196191248833	31552893.0509804																																																													269.94	268.27366666666666	268.143	267.313	267.843	267.902	268.402	268.907	0.5748529667082977	0.3304559333333312																					slice_0021	slice_0001																																									47.728	25.945571428571427	28.831	3.856	4.933	8.285	40.902	44.358	16.025667863060896	256.82203045714283	255.0	127.5	127.5	0.0	25.5	63.75	191.25	229.5	74.04503134354572	5482.666666666667	255	127.5	127.5	0	25.5	63.75	191.25	229.5	74.04503134354572	5482.666666666667											20	10.0	10.0	0	2.0	5.0	15.0	18.0	6.2048368229954285	38.5	255.0	127.5	127.5	0.0	25.5	63.75	191.25	229.5	74.04503134354572	5482.666666666667	255	127.5	127.5	0	25.5	63.75	191.25	229.5	74.04503134354572	5482.666666666667																																																			L394
16052023--s--Lm--st--L394--p--D07--pos005--tm--24--ch--Syto9--z--21	256.0	128.5	128.5	1.0	26.5	64.75	192.25	230.5	74.04503134354572	5482.666666666667	256	128.5	128.5	1	26.5	64.75	192.25	230.5	74.04503134354572	5482.666666666667																					0.162	0.1123333333333333	0.117	0.062	0.068	0.095	0.135	0.139	0.0297579121131394	0.0008855333333333																					0.028	0.0246666666666666	0.024	0.021	0.022	0.023	0.027	0.027	0.0021984843263788	4.833333333333335e-06	1105.0	823.4761904761905	836.0	487.0	532.0	627.0	1026.0	1051.0	211.1339904060024	44577.56190476191	18555.0	4096.0	924.5	0.0	2.0	29.25	6709.75	14364.0	5617.196191248833	31552893.0509804	23812	4096.0	119.0	0	0.0	1.0	5410.0	16844.0	6805.306574183668	46312197.56862745																																																													270.628	269.07095238095235	269.061	267.595	268.28	268.438	269.716	270.166	0.8158114044428986	0.6655482476190946																					slice_0021	slice_0001																																									29.526	20.464666666666663	21.328	11.272	12.47	17.264	24.628	25.392	5.421543169000255	29.39313033333333	255.0	127.5	127.5	0.0	25.5	63.75	191.25	229.5	74.04503134354572	5482.666666666667	255	127.5	127.5	0	25.5	63.75	191.25	229.5	74.04503134354572	5482.666666666667											20	10.0	10.0	0	2.0	5.0	15.0	18.0	6.2048368229954285	38.5	255.0	127.5	127.5	0.0	25.5	63.75	191.25	229.5	74.04503134354572	5482.666666666667	255	127.5	127.5	0	25.5	63.75	191.25	229.5	74.04503134354572	5482.666666666667																																																			L394
16052023--s--Lm--st--L394--p--D08--pos001--tm--24--ch--Syto9--z--21	256.0	128.5	128.5	1.0	26.5	64.75	192.25	230.5	74.04503134354572	5482.666666666667	256	128.5	128.5	1	26.5	64.75	192.25	230.5	74.04503134354572	5482.666666666667																					0.254	0.1697619047619047	0.19	0.034	0.076	0.111	0.23	0.248	0.0709174906224865	0.0050292904761904																					0.025	0.0234761904761904	0.024	0.022	0.022	0.023	0.024	0.024	0.0009283882603225	8.61904761904757e-07	1969.0	1311.4761904761904	1491.0	283.0	618.0	873.0	1753.0	1884.0	540.3954680646034	292027.26190476184	23812.0	4096.0	119.0	0.0	0.0	1.0	5410.0	16844.0	6805.306574183668	46312197.56862745	12517	4096.0	2335.5	2	148.5	473.5	7277.75	11346.0	4185.521382004362	17518589.2392157																																																													269.126	268.5319523809524	268.541	267.954	268.18	268.354	268.7	268.89	0.2855861474564984	0.0815594476190448																					Ch1	Ch1																																									46.217	30.90952380952381	34.649	6.114	13.808	20.164	41.961	45.209	12.92980739461748	167.1799192619048	255.0	127.5	127.5	0.0	25.5	63.75	191.25	229.5	74.04503134354572	5482.666666666667	255	127.5	127.5	0	25.5	63.75	191.25	229.5	74.04503134354572	5482.666666666667											20	10.0	10.0	0	2.0	5.0	15.0	18.0	6.2048368229954285	38.5	255.0	127.5	127.5	0.0	25.5	63.75	191.25	229.5	74.04503134354572	5482.666666666667	255	127.5	127.5	0	25.5	63.75	191.25	229.5	74.04503134354572	5482.666666666667																																																			L394
16052023--s--Lm--st--L394--p--D08--pos002--tm--24--ch--Syto9--z--21	256.0	128.5	128.5	1.0	26.5	64.75	192.25	230.5	74.04503134354572	5482.666666666667	256	128.5	128.5	1	26.5	64.75	192.25	230.5	74.04503134354572	5482.666666666667																					0.172	0.1232380952380952	0.123	0.051	0.074	0.097	0.16	0.166	0.0383287160780331	0.0014690904761904																					0.03	0.0256190476190476	0.026	0.022	0.023	0.024	0.027	0.028	0.0020365704131257	4.147619047619048e-06	1241.0	892.3809523809524	898.0	330.0	463.0	722.0	1174.0	1237.0	297.53444778554234	88526.74761904763	12517.0	4096.0	2335.5	2.0	148.5	473.5	7277.75	11346.0	4185.521382004362	17518589.2392157	21946	4096.0	208.0	0	0.0	4.0	5147.25	16809.5	6709.730623738723	45020485.04313723																																																													270.62	269.32914285714287	269.193	268.629	268.802	268.939	269.589	269.881	0.4846829154936436	0.2349175285714184																					slice_0021	slice_0001																																									31.28	22.43885714285714	22.422	9.275	13.443	17.681	29.109	30.273	6.968241035481727	48.556383128571454	255.0	127.5	127.5	0.0	25.5	63.75	191.25	229.5	74.04503134354572	5482.666666666667	255	127.5	127.5	0	25.5	63.75	191.25	229.5	74.04503134354572	5482.666666666667											20	10.0	10.0	0	2.0	5.0	15.0	18.0	6.2048368229954285	38.5	255.0	127.5	127.5	0.0	25.5	63.75	191.25	229.5	74.04503134354572	5482.666666666667	255	127.5	127.5	0	25.5	63.75	191.25	229.5	74.04503134354572	5482.666666666667																																																			L394
16052023--s--Lm--st--L394--p--D08--pos003--tm--24--ch--Syto9--z--21	256.0	128.5	128.5	1.0	26.5	64.75	192.25	230.5	74.04503134354572	5482.666666666667	256	128.5	128.5	1	26.5	64.75	192.25	230.5	74.04503134354572	5482.666666666667																					0.463	0.2164285714285714	0.225	0.005	0.01	0.03	0.385	0.427	0.174667561793417	0.0305087571428571																					0.024	0.0231428571428571	0.023	0.021	0.023	0.023	0.024	0.024	0.0007270291799999	5.285714285714292e-07	3570.0	1681.857142857143	1753.0	41.0	79.0	237.0	2981.0	3318.0	1346.9844574349877	1814367.1285714284	21946.0	4096.0	208.0	0.0	0.0	4.0	5147.25	16809.5	6709.730623738723	45020485.04313723	13070	4096.0	2494.5	7	255.5	687.25	6823.25	11031.0	4010.936042528588	16087607.937254887																																																													270.189	268.6105238095238	268.48	267.144	267.99	268.128	268.93	269.387	0.705457909378518	0.4976708619047094																					slice_0021	slice_0001																																									84.27	39.40585714285714	40.919	0.903	1.789	5.419	70.063	77.827	31.805846030699627	1011.6118417285712	255.0	127.5	127.5	0.0	25.5	63.75	191.25	229.5	74.04503134354572	5482.666666666667	255	127.5	127.5	0	25.5	63.75	191.25	229.5	74.04503134354572	5482.666666666667											20	10.0	10.0	0	2.0	5.0	15.0	18.0	6.2048368229954285	38.5	255.0	127.5	127.5	0.0	25.5	63.75	191.25	229.5	74.04503134354572	5482.666666666667	255	127.5	127.5	0	25.5	63.75	191.25	229.5	74.04503134354572	5482.666666666667																																																			L394
16052023--s--Lm--st--L394--p--D08--pos004--tm--24--ch--Syto9--z--21	256.0	128.5	128.5	1.0	26.5	64.75	192.25	230.5	74.04503134354572	5482.666666666667	256	128.5	128.5	1	26.5	64.75	192.25	230.5	74.04503134354572	5482.666666666667																					0.589	0.2471134047619047	0.166	0.0003815	0.002	0.016	0.543	0.566	0.2407834519302364	0.0579766707234404																					0.027	0.0233809523809523	0.024	0.019	0.021	0.023	0.024	0.024	0.0016874889770363	2.8476190476190488e-06	4551.0	1905.904761904762	1230.0	3.0	20.0	117.0	4180.0	4401.0	1866.913787638891	3485367.09047619	13070.0	4096.0	2494.5	7.0	255.5	687.25	6823.25	11031.0	4010.936042528588	16087607.937254887	11082	4096.0	3066.0	14	244.0	819.25	6962.5	9841.5	3549.1281061305035	12596310.313725494																																																													269.894	268.5429523809524	268.463	266.833	267.705	268.096	269.092	269.59	0.7422136131997625	0.5508810476190468																					slice_0021	slice_0001																																									107.179	45.0	30.203	0.069	0.417	2.831	98.981	103.097	43.83476725956236	1921.4868207	255.0	127.5	127.5	0.0	25.5	63.75	191.25	229.5	74.04503134354572	5482.666666666667	255	127.5	127.5	0	25.5	63.75	191.25	229.5	74.04503134354572	5482.666666666667											20	10.0	10.0	0	2.0	5.0	15.0	18.0	6.2048368229954285	38.5	255.0	127.5	127.5	0.0	25.5	63.75	191.25	229.5	74.04503134354572	5482.666666666667	255	127.5	127.5	0	25.5	63.75	191.25	229.5	74.04503134354572	5482.666666666667																																																			L394
16052023--s--Lm--st--L394--p--D08--pos005--tm--24--ch--Syto9--z--21	256.0	128.5	128.5	1.0	26.5	64.75	192.25	230.5	74.04503134354572	5482.666666666667	256	128.5	128.5	1	26.5	64.75	192.25	230.5	74.04503134354572	5482.666666666667																					0.193	0.1368571428571428	0.137	0.054	0.073	0.115	0.179	0.182	0.042480920086888	0.0018046285714285																					0.028	0.025	0.025	0.023	0.023	0.024	0.026	0.027	0.0015165750888103	2.300000000000005e-06	1474.0	1007.904761904762	1061.0	362.0	494.0	829.0	1282.0	1367.0	335.2385575619105	112384.89047619035	11082.0	4096.0	3066.0	14.0	244.0	819.25	6962.5	9841.5	3549.1281061305035	12596310.313725494	31348	4096.0	7.5	0	0.0	0.0	2699.25	18451.0	8313.608037192898	69116078.59607835																																																													269.996	268.9824761904762	268.885	267.911	268.272	268.514	269.521	269.865	0.6332840294092112	0.4010486619047667																					slice_0021	slice_0001																																									35.205	24.914142857142856	24.958	9.882	13.235	20.859	32.513	33.138	7.7239795849401	59.65986062857144	255.0	127.5	127.5	0.0	25.5	63.75	191.25	229.5	74.04503134354572	5482.666666666667	255	127.5	127.5	0	25.5	63.75	191.25	229.5	74.04503134354572	5482.666666666667											20	10.0	10.0	0	2.0	5.0	15.0	18.0	6.2048368229954285	38.5	255.0	127.5	127.5	0.0	25.5	63.75	191.25	229.5	74.04503134354572	5482.666666666667	255	127.5	127.5	0	25.5	63.75	191.25	229.5	74.04503134354572	5482.666666666667																																																			L394
16052023--s--Lm--st--L455--p--F03--pos001--tm--24--ch--Syto9--z--21	256.0	128.5	128.5	1.0	26.5	64.75	192.25	230.5	74.04503134354572	5482.666666666667	256	128.5	128.5	1	26.5	64.75	192.25	230.5	74.04503134354572	5482.666666666667																					0.267	0.1600952380952381	0.155	0.033	0.057	0.08	0.239	0.266	0.0838676962613763	0.0070337904761904																					0.025	0.0233809523809523	0.024	0.021	0.022	0.023	0.024	0.024	0.0009206622874969	8.47619047619047e-07	2088.0	1237.190476190476	1188.0	287.0	423.0	596.0	1801.0	2070.0	645.6851879242406	416909.3619047618	31348.0	4096.0	7.5	0.0	0.0	0.0	2699.25	18451.0	8313.608037192898	69116078.59607835	12968	4096.0	1256.0	9	22.5	83.75	8760.0	12103.0	4812.3960914679965	23159156.14117645																																																													270.47	269.1514761904762	269.09	268.081	268.506	268.822	269.434	269.743	0.5600542490730098	0.3136607619047329																					slice_0021	slice_0001																																									48.596	29.143666666666668	28.223	6.027	10.404	14.485	43.49	48.422	15.271558084666191	233.22048633333333	255.0	127.5	127.5	0.0	25.5	63.75	191.25	229.5	74.04503134354572	5482.666666666667	255	127.5	127.5	0	25.5	63.75	191.25	229.5	74.04503134354572	5482.666666666667											20	10.0	10.0	0	2.0	5.0	15.0	18.0	6.2048368229954285	38.5	255.0	127.5	127.5	0.0	25.5	63.75	191.25	229.5	74.04503134354572	5482.666666666667	255	127.5	127.5	0	25.5	63.75	191.25	229.5	74.04503134354572	5482.666666666667																																																			L455
16052023--s--Lm--st--L455--p--F03--pos002--tm--24--ch--Syto9--z--21	256.0	128.5	128.5	1.0	26.5	64.75	192.25	230.5	74.04503134354572	5482.666666666667	256	128.5	128.5	1	26.5	64.75	192.25	230.5	74.04503134354572	5482.666666666667																					0.282	0.1334761904761904	0.107	0.017	0.02	0.055	0.218	0.271	0.0953580720482639	0.0090931619047619																					0.025	0.0235238095238095	0.024	0.02	0.021	0.024	0.024	0.025	0.0014359334113755	2.061904761904762e-06	2135.0	1018.2857142857144	823.0	161.0	177.0	403.0	1675.0	2069.0	718.4232835075115	516132.0142857143	12968.0	4096.0	1256.0	9.0	22.5	83.75	8760.0	12103.0	4812.3960914679965	23159156.14117645	13897	4096.0	987.5	2	9.5	47.75	8869.5	12642.5	5016.230580746432	25162569.239215683																																																													270.395	269.1930952380952	269.299	267.405	268.692	268.86	269.482	269.979	0.6710967072458203	0.4503707904761822																					slice_0021	slice_0001																																									51.271	24.32119047619048	19.418	3.178	3.665	9.952	39.79	49.36	17.34366230534672	300.8026221619047	255.0	127.5	127.5	0.0	25.5	63.75	191.25	229.5	74.04503134354572	5482.666666666667	255	127.5	127.5	0	25.5	63.75	191.25	229.5	74.04503134354572	5482.666666666667											20	10.0	10.0	0	2.0	5.0	15.0	18.0	6.2048368229954285	38.5	255.0	127.5	127.5	0.0	25.5	63.75	191.25	229.5	74.04503134354572	5482.666666666667	255	127.5	127.5	0	25.5	63.75	191.25	229.5	74.04503134354572	5482.666666666667																																																			L455
16052023--s--Lm--st--L455--p--F03--pos003--tm--24--ch--Syto9--z--21	256.0	128.5	128.5	1.0	26.5	64.75	192.25	230.5	74.04503134354572	5482.666666666667	256	128.5	128.5	1	26.5	64.75	192.25	230.5	74.04503134354572	5482.666666666667																					0.539	0.2915238095238095	0.313	0.019	0.033	0.192	0.44	0.496	0.1724875702906209	0.0297519619047619																					0.025	0.0234761904761904	0.024	0.021	0.022	0.023	0.024	0.024	0.0009283882603225	8.619047619047638e-07	4040.0	2233.5238095238096	2411.0	170.0	256.0	1432.0	3263.0	3777.0	1304.002094286954	1700421.4619047616	13897.0	4096.0	987.5	2.0	9.5	47.75	8869.5	12642.5	5016.230580746432	25162569.239215683	13054	4096.0	1418.0	13	34.5	140.75	8630.25	11865.0	4706.974687193713	22155610.70588235																																																													269.49	269.04614285714285	269.045	268.51	268.661	268.935	269.191	269.431	0.2862146547111626	0.08191882857143																					slice_0021	slice_0001																																									98.078	53.10104761904762	57.054	3.526	5.94	34.945	80.206	90.401	31.409207972306767	986.538345447619	255.0	127.5	127.5	0.0	25.5	63.75	191.25	229.5	74.04503134354572	5482.666666666667	255	127.5	127.5	0	25.5	63.75	191.25	229.5	74.04503134354572	5482.666666666667											20	10.0	10.0	0	2.0	5.0	15.0	18.0	6.2048368229954285	38.5	255.0	127.5	127.5	0.0	25.5	63.75	191.25	229.5	74.04503134354572	5482.666666666667	255	127.5	127.5	0	25.5	63.75	191.25	229.5	74.04503134354572	5482.666666666667																																																			L455
16052023--s--Lm--st--L455--p--F03--pos004--tm--24--ch--Syto9--z--21	256.0	128.5	128.5	1.0	26.5	64.75	192.25	230.5	74.04503134354572	5482.666666666667	256	128.5	128.5	1	26.5	64.75	192.25	230.5	74.04503134354572	5482.666666666667																					0.493	0.2888571428571428	0.318	0.011	0.019	0.158	0.418	0.475	0.167822312495772	0.0281643285714285																					0.024	0.0232857142857142	0.024	0.02	0.022	0.023	0.024	0.024	0.0010555973258234	1.1142857142857156e-06	3734.0	2216.095238095238	2489.0	90.0	162.0	1238.0	3201.0	3602.0	1271.567100264941	1616882.8904761905	13054.0	4096.0	1418.0	13.0	34.5	140.75	8630.25	11865.0	4706.974687193713	22155610.70588235	13152	4096.0	1667.0	6	51.5	191.75	8416.5	11729.0	4579.075297523744	20967930.580392163																																																													269.296	268.8619047619048	268.992	266.919	268.546	268.678	269.202	269.262	0.5358425986016689	0.2871272904761893																					slice_0021	slice_0001																																									89.811	52.60895238095238	57.871	1.997	3.508	28.762	76.09	86.459	30.55256350697301	933.4591368476192	255.0	127.5	127.5	0.0	25.5	63.75	191.25	229.5	74.04503134354572	5482.666666666667	255	127.5	127.5	0	25.5	63.75	191.25	229.5	74.04503134354572	5482.666666666667											20	10.0	10.0	0	2.0	5.0	15.0	18.0	6.2048368229954285	38.5	255.0	127.5	127.5	0.0	25.5	63.75	191.25	229.5	74.04503134354572	5482.666666666667	255	127.5	127.5	0	25.5	63.75	191.25	229.5	74.04503134354572	5482.666666666667																																																			L455
16052023--s--Lm--st--L455--p--F03--pos005--tm--24--ch--Syto9--z--21	256.0	128.5	128.5	1.0	26.5	64.75	192.25	230.5	74.04503134354572	5482.666666666667	256	128.5	128.5	1	26.5	64.75	192.25	230.5	74.04503134354572	5482.666666666667																					0.743	0.3738095238095238	0.38	0.018	0.041	0.224	0.551	0.677	0.2284426884467128	0.0521860619047619																					0.024	0.0232857142857142	0.024	0.02	0.021	0.023	0.024	0.024	0.0013093073414159	1.7142857142857122e-06	5636.0	2851.0476190476197	2920.0	167.0	355.0	1762.0	4141.0	5074.0	1705.2732472008845	2907956.847619048	13152.0	4096.0	1667.0	6.0	51.5	191.75	8416.5	11729.0	4579.075297523744	20967930.580392163	17242	4096.0	395.0	0	5.0	22.75	7182.75	15178.0	5904.571390863519	34863963.30980395																																																													269.527	268.86461904761904	268.942	266.49	268.56	268.743	269.171	269.319	0.6149784123195283	0.3781984476190477																					slice_0021	slice_0001																																									135.298	68.08642857142857	69.177	3.283	7.503	40.85	100.266	123.279	41.59687369090546	1730.2999008571428	255.0	127.5	127.5	0.0	25.5	63.75	191.25	229.5	74.04503134354572	5482.666666666667	255	127.5	127.5	0	25.5	63.75	191.25	229.5	74.04503134354572	5482.666666666667											20	10.0	10.0	0	2.0	5.0	15.0	18.0	6.2048368229954285	38.5	255.0	127.5	127.5	0.0	25.5	63.75	191.25	229.5	74.04503134354572	5482.666666666667	255	127.5	127.5	0	25.5	63.75	191.25	229.5	74.04503134354572	5482.666666666667																																																			L455
16052023--s--Lm--st--L455--p--F04--pos001--tm--24--ch--Syto9--z--21	256.0	128.5	128.5	1.0	26.5	64.75	192.25	230.5	74.04503134354572	5482.666666666667	256	128.5	128.5	1	26.5	64.75	192.25	230.5	74.04503134354572	5482.666666666667																					0.361	0.1856190476190476	0.159	0.026	0.039	0.072	0.294	0.355	0.1180734839794592	0.0139413476190476																					0.025	0.0236190476190476	0.024	0.021	0.023	0.023	0.024	0.025	0.0009734572654303	9.476190476190552e-07	2775.0	1424.571428571429	1205.0	224.0	314.0	557.0	2290.0	2712.0	906.5167715728468	821772.6571428571	17242.0	4096.0	395.0	0.0	5.0	22.75	7182.75	15178.0	5904.571390863519	34863963.30980395	14192	4096.0	826.0	1	7.0	31.0	8775.25	12913.5	5140.862905365666	26428471.41176472																																																													270.138	269.3059523809524	269.253	268.529	268.832	269.101	269.552	269.699	0.3992197986310781	0.1593764476190386																					Ch1	Ch1																																									65.756	33.787619047619046	28.883	4.794	7.069	13.148	53.511	64.662	21.48990720193131	461.81611154761913	255.0	127.5	127.5	0.0	25.5	63.75	191.25	229.5	74.04503134354572	5482.666666666667	255	127.5	127.5	0	25.5	63.75	191.25	229.5	74.04503134354572	5482.666666666667											20	10.0	10.0	0	2.0	5.0	15.0	18.0	6.2048368229954285	38.5	255.0	127.5	127.5	0.0	25.5	63.75	191.25	229.5	74.04503134354572	5482.666666666667	255	127.5	127.5	0	25.5	63.75	191.25	229.5	74.04503134354572	5482.666666666667																																																			L455
16052023--s--Lm--st--L455--p--F04--pos002--tm--24--ch--Syto9--z--21	256.0	128.5	128.5	1.0	26.5	64.75	192.25	230.5	74.04503134354572	5482.666666666667	256	128.5	128.5	1	26.5	64.75	192.25	230.5	74.04503134354572	5482.666666666667																					0.309	0.1523333333333333	0.142	0.025	0.037	0.057	0.248	0.3	0.1010372868466554	0.0102085333333333																					0.026	0.0242380952380952	0.024	0.022	0.023	0.024	0.025	0.025	0.0010442586798663	1.0904761904761907e-06	2375.0	1142.7619047619048	1051.0	204.0	279.0	442.0	1835.0	2253.0	762.5267801698446	581447.0904761906	14192.0	4096.0	826.0	1.0	7.0	31.0	8775.25	12913.5	5140.862905365666	26428471.41176472	15110	4096.0	581.0	1	5.5	25.75	8198.5	13812.5	5481.174683744853	30043275.913725484																																																													270.958	269.5732857142857	269.446	268.57	268.957	269.052	269.989	270.238	0.6415473593474904	0.411583014285738																					slice_0021	slice_0001																																									56.186	27.723714285714284	25.948	4.585	6.774	10.386	45.14	54.588	18.379940911610287	337.8222279142856	255.0	127.5	127.5	0.0	25.5	63.75	191.25	229.5	74.04503134354572	5482.666666666667	255	127.5	127.5	0	25.5	63.75	191.25	229.5	74.04503134354572	5482.666666666667											20	10.0	10.0	0	2.0	5.0	15.0	18.0	6.2048368229954285	38.5	255.0	127.5	127.5	0.0	25.5	63.75	191.25	229.5	74.04503134354572	5482.666666666667	255	127.5	127.5	0	25.5	63.75	191.25	229.5	74.04503134354572	5482.666666666667																																																			L455
16052023--s--Lm--st--L455--p--F04--pos003--tm--24--ch--Syto9--z--21	256.0	128.5	128.5	1.0	26.5	64.75	192.25	230.5	74.04503134354572	5482.666666666667	256	128.5	128.5	1	26.5	64.75	192.25	230.5	74.04503134354572	5482.666666666667																					0.395	0.2156666666666666	0.246	0.014	0.019	0.151	0.319	0.373	0.1271461101777531	0.0161661333333333																					0.025	0.0232857142857142	0.024	0.02	0.022	0.023	0.024	0.024	0.0011892374507581	1.4142857142857186e-06	3032.0	1658.6190476190477	1847.0	126.0	166.0	1113.0	2461.0	2899.0	973.8682906938944	948419.4476190474	15110.0	4096.0	581.0	1.0	5.5	25.75	8198.5	13812.5	5481.174683744853	30043275.913725484	15640	4096.0	816.5	4	13.0	50.25	7843.0	13834.0	5352.342899124074	28647574.5098039																																																													269.722	269.11157142857144	269.098	267.933	268.788	268.973	269.393	269.499	0.3818150823931092	0.1457827571428568																					slice_0021	slice_0001																																									71.869	39.25180952380953	44.827	2.501	3.456	27.459	58.131	67.996	23.15682797496032	536.2386818619049	255.0	127.5	127.5	0.0	25.5	63.75	191.25	229.5	74.04503134354572	5482.666666666667	255	127.5	127.5	0	25.5	63.75	191.25	229.5	74.04503134354572	5482.666666666667											20	10.0	10.0	0	2.0	5.0	15.0	18.0	6.2048368229954285	38.5	255.0	127.5	127.5	0.0	25.5	63.75	191.25	229.5	74.04503134354572	5482.666666666667	255	127.5	127.5	0	25.5	63.75	191.25	229.5	74.04503134354572	5482.666666666667																																																			L455
16052023--s--Lm--st--L455--p--F04--pos004--tm--24--ch--Syto9--z--21	256.0	128.5	128.5	1.0	26.5	64.75	192.25	230.5	74.04503134354572	5482.666666666667	256	128.5	128.5	1	26.5	64.75	192.25	230.5	74.04503134354572	5482.666666666667																					0.202	0.094095238095238	0.082	0.026	0.028	0.041	0.132	0.177	0.0598121264978137	0.0035774904761904																					0.029	0.0246666666666666	0.025	0.021	0.022	0.024	0.026	0.027	0.0020083160441856	4.0333333333333326e-06	1479.0	691.3333333333334	579.0	208.0	228.0	273.0	949.0	1354.0	445.1949385756012	198198.53333333333	15640.0	4096.0	816.5	4.0	13.0	50.25	7843.0	13834.0	5352.342899124074	28647574.5098039	15078	4096.0	461.5	0	5.0	25.75	8489.0	13843.5	5556.804854251699	30878080.18823524																																																													272.299	269.6517619047619	269.46	268.364	268.494	269.255	270.133	270.604	0.9470088650462516	0.8968257904761897																					slice_0021	slice_0001																																									36.768	17.12747619047619	14.884	4.794	5.054	7.416	24.055	32.183	10.89083420413261	118.61026966190477	255.0	127.5	127.5	0.0	25.5	63.75	191.25	229.5	74.04503134354572	5482.666666666667	255	127.5	127.5	0	25.5	63.75	191.25	229.5	74.04503134354572	5482.666666666667											20	10.0	10.0	0	2.0	5.0	15.0	18.0	6.2048368229954285	38.5	255.0	127.5	127.5	0.0	25.5	63.75	191.25	229.5	74.04503134354572	5482.666666666667	255	127.5	127.5	0	25.5	63.75	191.25	229.5	74.04503134354572	5482.666666666667																																																			L455
16052023--s--Lm--st--L455--p--F04--pos005--tm--24--ch--Syto9--z--21	256.0	128.5	128.5	1.0	26.5	64.75	192.25	230.5	74.04503134354572	5482.666666666667	256	128.5	128.5	1	26.5	64.75	192.25	230.5	74.04503134354572	5482.666666666667																					0.418	0.2405714285714285	0.264	0.011	0.023	0.17	0.319	0.393	0.1290486619181196	0.0166535571428571																					0.025	0.0233809523809523	0.024	0.02	0.021	0.023	0.024	0.024	0.0012440333788202	1.5476190476190464e-06	3191.0	1849.0	1966.0	98.0	191.0	1303.0	2423.0	3020.0	987.9280844272016	976001.9	15078.0	4096.0	461.5	0.0	5.0	25.75	8489.0	13843.5	5556.804854251699	30878080.18823524	15318	4096.0	729.5	1	12.0	41.75	8147.25	13668.5	5332.776488332303	28438505.074509807																																																													269.944	268.9349047619048	268.967	267.701	268.558	268.635	269.068	269.641	0.4782545247838217	0.2287273904761991																					slice_0021	slice_0001																																									76.159	43.82728571428572	48.162	2.015	4.099	30.95	58.166	71.505	23.51418462788548	552.9168787142859	255.0	127.5	127.5	0.0	25.5	63.75	191.25	229.5	74.04503134354572	5482.666666666667	255	127.5	127.5	0	25.5	63.75	191.25	229.5	74.04503134354572	5482.666666666667											20	10.0	10.0	0	2.0	5.0	15.0	18.0	6.2048368229954285	38.5	255.0	127.5	127.5	0.0	25.5	63.75	191.25	229.5	74.04503134354572	5482.666666666667	255	127.5	127.5	0	25.5	63.75	191.25	229.5	74.04503134354572	5482.666666666667																																																			L455
16052023--s--Lm--st--L455--p--F05--pos001--tm--24--ch--Syto9--z--21	256.0	128.5	128.5	1.0	26.5	64.75	192.25	230.5	74.04503134354572	5482.666666666667	256	128.5	128.5	1	26.5	64.75	192.25	230.5	74.04503134354572	5482.666666666667																					0.361	0.1666190476190476	0.121	0.035	0.076	0.092	0.239	0.322	0.098311991227152	0.0096652476190476																					0.025	0.0234761904761904	0.024	0.021	0.023	0.023	0.024	0.024	0.0008135752957807	6.61904761904764e-07	2763.0	1292.4761904761904	930.0	302.0	571.0	723.0	1869.0	2494.0	752.9457230801978	566927.2619047619	15318.0	4096.0	729.5	1.0	12.0	41.75	8147.25	13668.5	5332.776488332303	28438505.074509807	13945	4096.0	1806.5	6	56.0	191.25	7783.0	11866.0	4617.438582879765	21320739.06666669																																																													270.027	269.1078095238095	269.085	268.649	268.783	268.926	269.199	269.445	0.3191812367680163	0.1018766619047605																					slice_0021	slice_0001																																									65.704	30.330571428571428	22.092	6.444	13.842	16.708	43.525	58.617	17.881192238135096	319.7370358571428	255.0	127.5	127.5	0.0	25.5	63.75	191.25	229.5	74.04503134354572	5482.666666666667	255	127.5	127.5	0	25.5	63.75	191.25	229.5	74.04503134354572	5482.666666666667											20	10.0	10.0	0	2.0	5.0	15.0	18.0	6.2048368229954285	38.5	255.0	127.5	127.5	0.0	25.5	63.75	191.25	229.5	74.04503134354572	5482.666666666667	255	127.5	127.5	0	25.5	63.75	191.25	229.5	74.04503134354572	5482.666666666667																																																			L455
16052023--s--Lm--st--L455--p--F05--pos002--tm--24--ch--Syto9--z--21	256.0	128.5	128.5	1.0	26.5	64.75	192.25	230.5	74.04503134354572	5482.666666666667	256	128.5	128.5	1	26.5	64.75	192.25	230.5	74.04503134354572	5482.666666666667																					0.293	0.162047619047619	0.15	0.014	0.025	0.088	0.243	0.273	0.0931415461491144	0.0086753476190476																					0.025	0.0235238095238095	0.023	0.021	0.022	0.023	0.024	0.025	0.0011233453440081	1.261904761904764e-06	2256.0	1246.857142857143	1118.0	124.0	205.0	648.0	1882.0	2176.0	722.2057383955272	521581.1285714287	13945.0	4096.0	1806.5	6.0	56.0	191.25	7783.0	11866.0	4617.438582879765	21320739.06666669	11207	4096.0	2149.5	31	56.5	224.25	8390.0	10414.0	4148.9761070961695	17214002.737254884																																																													269.542	268.98814285714286	269.07	267.721	268.596	268.782	269.293	269.425	0.4884657905845755	0.2385988285714143																					slice_0021	slice_0001																																									53.285	29.524095238095235	27.407	2.605	4.498	16.048	44.185	49.777	16.952774651675053	287.3965683904762	255.0	127.5	127.5	0.0	25.5	63.75	191.25	229.5	74.04503134354572	5482.666666666667	255	127.5	127.5	0	25.5	63.75	191.25	229.5	74.04503134354572	5482.666666666667											20	10.0	10.0	0	2.0	5.0	15.0	18.0	6.2048368229954285	38.5	255.0	127.5	127.5	0.0	25.5	63.75	191.25	229.5	74.04503134354572	5482.666666666667	255	127.5	127.5	0	25.5	63.75	191.25	229.5	74.04503134354572	5482.666666666667																																																			L455
16052023--s--Lm--st--L455--p--F05--pos003--tm--24--ch--Syto9--z--21	256.0	128.5	128.5	1.0	26.5	64.75	192.25	230.5	74.04503134354572	5482.666666666667	256	128.5	128.5	1	26.5	64.75	192.25	230.5	74.04503134354572	5482.666666666667																					0.428	0.2564285714285714	0.3	0.009	0.018	0.168	0.35	0.398	0.1382940965582303	0.0191252571428571																					0.024	0.0231904761904761	0.024	0.02	0.02	0.023	0.024	0.024	0.0014359334113755	2.061904761904759e-06	3266.0	1972.6666666666667	2281.0	80.0	161.0	1300.0	2760.0	3060.0	1054.2208181084895	1111381.533333333	11207.0	4096.0	2149.5	31.0	56.5	224.25	8390.0	10414.0	4148.9761070961695	17214002.737254884	11125	4096.0	2636.5	3	147.0	469.0	7712.25	10310.0	3881.504519298327	15066077.333333332																																																													269.504	268.9069523809524	268.954	268.21	268.358	268.667	269.105	269.311	0.3674538714166073	0.1350223476190525																					slice_0021	slice_0001																																									77.879	46.68466666666667	54.64	1.615	3.265	30.637	63.706	72.46	25.172492306748914	633.6543689333333	255.0	127.5	127.5	0.0	25.5	63.75	191.25	229.5	74.04503134354572	5482.666666666667	255	127.5	127.5	0	25.5	63.75	191.25	229.5	74.04503134354572	5482.666666666667											20	10.0	10.0	0	2.0	5.0	15.0	18.0	6.2048368229954285	38.5	255.0	127.5	127.5	0.0	25.5	63.75	191.25	229.5	74.04503134354572	5482.666666666667	255	127.5	127.5	0	25.5	63.75	191.25	229.5	74.04503134354572	5482.666666666667																																																			L455
16052023--s--Lm--st--L455--p--F05--pos004--tm--24--ch--Syto9--z--21	256.0	128.5	128.5	1.0	26.5	64.75	192.25	230.5	74.04503134354572	5482.666666666667	256	128.5	128.5	1	26.5	64.75	192.25	230.5	74.04503134354572	5482.666666666667																					0.278	0.1669523809523809	0.181	0.013	0.04	0.094	0.246	0.26	0.0863831442993806	0.0074620476190476																					0.025	0.0234285714285714	0.024	0.02	0.023	0.023	0.024	0.024	0.0011649647450214	1.357142857142855e-06	2169.0	1283.0	1406.0	123.0	305.0	741.0	1881.0	1984.0	666.46132670996	444170.7	11125.0	4096.0	2636.5	3.0	147.0	469.0	7712.25	10310.0	3881.504519298327	15066077.333333332	11129	4096.0	2389.0	60	117.5	376.75	8146.25	10332.5	4001.7843559308103	16014278.031372575																																																													269.61	269.00947619047616	269.027	268.176	268.325	268.935	269.386	269.493	0.4205620785386597	0.1768724619047577																					slice_0021	slice_0001																																									50.559	30.39019047619048	32.965	2.449	7.225	17.09	44.845	47.276	15.703743584314688	246.60756256190467	255.0	127.5	127.5	0.0	25.5	63.75	191.25	229.5	74.04503134354572	5482.666666666667	255	127.5	127.5	0	25.5	63.75	191.25	229.5	74.04503134354572	5482.666666666667											20	10.0	10.0	0	2.0	5.0	15.0	18.0	6.2048368229954285	38.5	255.0	127.5	127.5	0.0	25.5	63.75	191.25	229.5	74.04503134354572	5482.666666666667	255	127.5	127.5	0	25.5	63.75	191.25	229.5	74.04503134354572	5482.666666666667																																																			L455
16052023--s--Lm--st--L455--p--F05--pos005--tm--24--ch--Syto9--z--21	256.0	128.5	128.5	1.0	26.5	64.75	192.25	230.5	74.04503134354572	5482.666666666667	256	128.5	128.5	1	26.5	64.75	192.25	230.5	74.04503134354572	5482.666666666667																					0.485	0.2883333333333333	0.317	0.013	0.029	0.25	0.395	0.459	0.1516902545760054	0.0230099333333333																					0.024	0.0233809523809523	0.024	0.02	0.023	0.023	0.024	0.024	0.0010712698295103	1.1476190476190491e-06	3693.0	2208.8571428571427	2436.0	107.0	254.0	1942.0	2959.0	3478.0	1148.7967307454476	1319733.9285714284	11129.0	4096.0	2389.0	60.0	117.5	376.75	8146.25	10332.5	4001.7843559308103	16014278.031372575	11571	4096.0	2259.5	11	112.5	354.0	7923.0	10647.5	4084.505966238181	16683188.988235297																																																													270.361	269.0741904761905	268.986	268.461	268.56	268.829	269.206	269.674	0.4455513010919705	0.1985159619047477																					slice_0021	slice_0001																																									88.3	52.520428571428575	57.732	2.414	5.349	45.47	71.956	83.68	27.63005877585393	763.4201479571427	255.0	127.5	127.5	0.0	25.5	63.75	191.25	229.5	74.04503134354572	5482.666666666667	255	127.5	127.5	0	25.5	63.75	191.25	229.5	74.04503134354572	5482.666666666667											20	10.0	10.0	0	2.0	5.0	15.0	18.0	6.2048368229954285	38.5	255.0	127.5	127.5	0.0	25.5	63.75	191.25	229.5	74.04503134354572	5482.666666666667	255	127.5	127.5	0	25.5	63.75	191.25	229.5	74.04503134354572	5482.666666666667																																																			L455
16052023--s--Lm--st--L455--p--F06--pos001--tm--24--ch--Syto9--z--21	256.0	128.5	128.5	1.0	26.5	64.75	192.25	230.5	74.04503134354572	5482.666666666667	256	128.5	128.5	1	26.5	64.75	192.25	230.5	74.04503134354572	5482.666666666667																					0.26	0.1393333333333333	0.132	0.037	0.048	0.065	0.206	0.24	0.0761684536624798	0.0058016333333333																					0.025	0.0239047619047619	0.024	0.021	0.023	0.024	0.024	0.025	0.0009952267030562	9.90476190476189e-07	1961.0	1055.6666666666667	991.0	313.0	369.0	486.0	1581.0	1864.0	582.2006813233161	338957.6333333334	11571.0	4096.0	2259.5	11.0	112.5	354.0	7923.0	10647.5	4084.505966238181	16683188.988235297	12594	4096.0	1141.0	3	12.0	60.25	8993.75	12080.5	4849.689303975877	23519486.345098022																																																													270.167	269.3978571428572	269.323	268.874	269.023	269.146	269.562	269.943	0.3526389493113521	0.1243542285714143																					Ch1	Ch1																																									47.311	25.371476190476194	24.003	6.791	8.719	11.897	37.48	43.698	13.864369378442888	192.2207382619048	255.0	127.5	127.5	0.0	25.5	63.75	191.25	229.5	74.04503134354572	5482.666666666667	255	127.5	127.5	0	25.5	63.75	191.25	229.5	74.04503134354572	5482.666666666667											20	10.0	10.0	0	2.0	5.0	15.0	18.0	6.2048368229954285	38.5	255.0	127.5	127.5	0.0	25.5	63.75	191.25	229.5	74.04503134354572	5482.666666666667	255	127.5	127.5	0	25.5	63.75	191.25	229.5	74.04503134354572	5482.666666666667																																																			L455
16052023--s--Lm--st--L455--p--F06--pos002--tm--24--ch--Syto9--z--21	256.0	128.5	128.5	1.0	26.5	64.75	192.25	230.5	74.04503134354572	5482.666666666667	256	128.5	128.5	1	26.5	64.75	192.25	230.5	74.04503134354572	5482.666666666667																					0.372	0.212047619047619	0.248	0.02	0.025	0.109	0.337	0.366	0.1268288122590747	0.0160855476190476																					0.025	0.0234761904761904	0.024	0.021	0.022	0.023	0.024	0.024	0.0009807674351775	9.61904761904758e-07	2901.0	1631.3809523809523	1894.0	158.0	210.0	806.0	2558.0	2839.0	977.7736177761434	956041.2476190478	12594.0	4096.0	1141.0	3.0	12.0	60.25	8993.75	12080.5	4849.689303975877	23519486.345098022	12056	4096.0	2067.0	6	46.5	194.25	8211.5	10938.0	4305.632168291602	18538468.368627444																																																													270.764	269.19433333333336	269.067	268.705	268.802	269.02	269.335	269.561	0.4360969311211993	0.190180533333328																					slice_0021	slice_0001																																									67.736	38.61347619047619	45.175	3.578	4.498	19.904	61.292	66.711	23.10892087402405	534.0222239619047	255.0	127.5	127.5	0.0	25.5	63.75	191.25	229.5	74.04503134354572	5482.666666666667	255	127.5	127.5	0	25.5	63.75	191.25	229.5	74.04503134354572	5482.666666666667											20	10.0	10.0	0	2.0	5.0	15.0	18.0	6.2048368229954285	38.5	255.0	127.5	127.5	0.0	25.5	63.75	191.25	229.5	74.04503134354572	5482.666666666667	255	127.5	127.5	0	25.5	63.75	191.25	229.5	74.04503134354572	5482.666666666667																																																			L455
16052023--s--Lm--st--L455--p--F06--pos003--tm--24--ch--Syto9--z--21	256.0	128.5	128.5	1.0	26.5	64.75	192.25	230.5	74.04503134354572	5482.666666666667	256	128.5	128.5	1	26.5	64.75	192.25	230.5	74.04503134354572	5482.666666666667																					0.539	0.3215238095238095	0.364	0.009	0.021	0.197	0.457	0.507	0.183810668636948	0.0337863619047619																					0.024	0.0236190476190476	0.024	0.022	0.023	0.023	0.024	0.024	0.0006690433824641	4.4761904761904987e-07	4096.0	2449.5714285714284	2751.0	75.0	179.0	1509.0	3514.0	3927.0	1396.211143467512	1949405.557142857	12056.0	4096.0	2067.0	6.0	46.5	194.25	8211.5	10938.0	4305.632168291602	18538468.368627444	12713	4096.0	1682.0	10	41.0	158.25	8235.5	11498.5	4503.584302378208	20282271.568627413																																																													270.932	269.2103333333333	269.203	268.147	268.659	268.837	269.416	269.788	0.6147413548260153	0.3779069333333249																					slice_0021	slice_0001																																									98.147	58.55280952380952	66.381	1.719	3.89	35.796	83.176	92.398	33.47280988297673	1120.4290014619048	255.0	127.5	127.5	0.0	25.5	63.75	191.25	229.5	74.04503134354572	5482.666666666667	255	127.5	127.5	0	25.5	63.75	191.25	229.5	74.04503134354572	5482.666666666667											20	10.0	10.0	0	2.0	5.0	15.0	18.0	6.2048368229954285	38.5	255.0	127.5	127.5	0.0	25.5	63.75	191.25	229.5	74.04503134354572	5482.666666666667	255	127.5	127.5	0	25.5	63.75	191.25	229.5	74.04503134354572	5482.666666666667																																																			L455
16052023--s--Lm--st--L455--p--F06--pos004--tm--24--ch--Syto9--z--21	256.0	128.5	128.5	1.0	26.5	64.75	192.25	230.5	74.04503134354572	5482.666666666667	256	128.5	128.5	1	26.5	64.75	192.25	230.5	74.04503134354572	5482.666666666667																					0.359	0.2079047619047619	0.242	0.012	0.021	0.144	0.316	0.337	0.1195198329826078	0.0142849904761904																					0.025	0.0232380952380952	0.023	0.021	0.023	0.023	0.024	0.024	0.0009436504599035	8.9047619047619e-07	2801.0	1608.4761904761904	1874.0	103.0	170.0	1089.0	2493.0	2614.0	928.1394086583988	861442.7619047619	12713.0	4096.0	1682.0	10.0	41.0	158.25	8235.5	11498.5	4503.584302378208	20282271.568627413	11664	4096.0	2232.5	3	92.5	312.0	8294.5	10710.0	4142.986371982333	17164336.078431334																																																													269.966	269.00214285714287	269.06	266.921	268.733	268.87	269.362	269.502	0.6670901202771901	0.4450092285714359																					slice_0021	slice_0001																																									65.426	37.865857142857145	43.993	2.119	3.856	26.156	57.627	61.431	21.782080078095653	474.45901252857146	255.0	127.5	127.5	0.0	25.5	63.75	191.25	229.5	74.04503134354572	5482.666666666667	255	127.5	127.5	0	25.5	63.75	191.25	229.5	74.04503134354572	5482.666666666667											20	10.0	10.0	0	2.0	5.0	15.0	18.0	6.2048368229954285	38.5	255.0	127.5	127.5	0.0	25.5	63.75	191.25	229.5	74.04503134354572	5482.666666666667	255	127.5	127.5	0	25.5	63.75	191.25	229.5	74.04503134354572	5482.666666666667																																																			L455
16052023--s--Lm--st--L455--p--F06--pos005--tm--24--ch--Syto9--z--21	256.0	128.5	128.5	1.0	26.5	64.75	192.25	230.5	74.04503134354572	5482.666666666667	256	128.5	128.5	1	26.5	64.75	192.25	230.5	74.04503134354572	5482.666666666667																					0.475	0.317	0.367	0.006	0.029	0.243	0.445	0.469	0.1691194843889964	0.0286014																					0.024	0.0235238095238095	0.024	0.02	0.022	0.024	0.024	0.024	0.0011233453440081	1.2619047619047584e-06	3668.0	2411.809523809524	2826.0	49.0	238.0	1813.0	3383.0	3573.0	1281.6182980531928	1642545.4619047623	11664.0	4096.0	2232.5	3.0	92.5	312.0	8294.5	10710.0	4142.986371982333	17164336.078431334	11275	4096.0	2547.5	12	135.5	440.5	7887.0	10288.0	3924.060460048707	15398250.494117668																																																													269.748	268.99557142857145	269.035	267.393	268.559	268.905	269.235	269.445	0.4766197196328027	0.2271663571428514																					slice_0021	slice_0001																																									86.528	57.74233333333333	66.919	1.025	5.21	44.167	81.022	85.364	30.81985972280428	949.8637533333334	255.0	127.5	127.5	0.0	25.5	63.75	191.25	229.5	74.04503134354572	5482.666666666667	255	127.5	127.5	0	25.5	63.75	191.25	229.5	74.04503134354572	5482.666666666667											20	10.0	10.0	0	2.0	5.0	15.0	18.0	6.2048368229954285	38.5	255.0	127.5	127.5	0.0	25.5	63.75	191.25	229.5	74.04503134354572	5482.666666666667	255	127.5	127.5	0	25.5	63.75	191.25	229.5	74.04503134354572	5482.666666666667																																																			L455
16052023--s--Lm--st--L455--p--F07--pos001--tm--24--ch--Syto9--z--21	256.0	128.5	128.5	1.0	26.5	64.75	192.25	230.5	74.04503134354572	5482.666666666667	256	128.5	128.5	1	26.5	64.75	192.25	230.5	74.04503134354572	5482.666666666667																					0.368	0.1878571428571428	0.178	0.03	0.055	0.095	0.287	0.354	0.1118875711213205	0.0125188285714285																					0.025	0.0234761904761904	0.024	0.021	0.022	0.023	0.024	0.024	0.0009807674351775	9.6190476190476e-07	2841.0	1447.6666666666667	1394.0	258.0	454.0	711.0	2221.0	2695.0	862.174305655958	743344.5333333333	11275.0	4096.0	2547.5	12.0	135.5	440.5	7887.0	10288.0	3924.060460048707	15398250.494117668	11729	4096.0	2037.0	22	44.5	187.5	8404.0	10780.5	4297.785337571334	18470958.80784314																																																													270.377	269.19733333333335	269.141	268.544	268.797	268.979	269.356	269.716	0.4032183444900936	0.1625850333333318																					Ch1	Ch1																																									67.058	34.22595238095238	32.409	5.506	9.969	17.247	52.243	64.401	20.39408762969354	415.91881024761904	255.0	127.5	127.5	0.0	25.5	63.75	191.25	229.5	74.04503134354572	5482.666666666667	255	127.5	127.5	0	25.5	63.75	191.25	229.5	74.04503134354572	5482.666666666667											20	10.0	10.0	0	2.0	5.0	15.0	18.0	6.2048368229954285	38.5	255.0	127.5	127.5	0.0	25.5	63.75	191.25	229.5	74.04503134354572	5482.666666666667	255	127.5	127.5	0	25.5	63.75	191.25	229.5	74.04503134354572	5482.666666666667																																																			L455
16052023--s--Lm--st--L455--p--F07--pos002--tm--24--ch--Syto9--z--21	256.0	128.5	128.5	1.0	26.5	64.75	192.25	230.5	74.04503134354572	5482.666666666667	256	128.5	128.5	1	26.5	64.75	192.25	230.5	74.04503134354572	5482.666666666667																					0.359	0.1933333333333333	0.198	0.024	0.046	0.086	0.31	0.356	0.1232498816767518	0.0151905333333333																					0.025	0.0235714285714285	0.024	0.021	0.023	0.023	0.024	0.025	0.0009783367810436	9.571428571428564e-07	2798.0	1486.142857142857	1489.0	211.0	367.0	650.0	2408.0	2684.0	952.06592658882	906429.5285714284	11729.0	4096.0	2037.0	22.0	44.5	187.5	8404.0	10780.5	4297.785337571334	18470958.80784314	10200	4096.0	2832.0	20	112.0	457.0	8190.0	9570.5	3746.640187960304	14037312.69803922																																																													270.149	269.1305238095238	269.254	267.592	268.644	268.906	269.533	269.667	0.618648415422494	0.3827258619047627																					slice_0021	slice_0001																																									65.356	35.20028571428571	36.108	4.429	8.441	15.753	56.412	64.905	22.442298737301524	503.6567726142856	255.0	127.5	127.5	0.0	25.5	63.75	191.25	229.5	74.04503134354572	5482.666666666667	255	127.5	127.5	0	25.5	63.75	191.25	229.5	74.04503134354572	5482.666666666667											20	10.0	10.0	0	2.0	5.0	15.0	18.0	6.2048368229954285	38.5	255.0	127.5	127.5	0.0	25.5	63.75	191.25	229.5	74.04503134354572	5482.666666666667	255	127.5	127.5	0	25.5	63.75	191.25	229.5	74.04503134354572	5482.666666666667																																																			L455
16052023--s--Lm--st--L455--p--F07--pos003--tm--24--ch--Syto9--z--21	256.0	128.5	128.5	1.0	26.5	64.75	192.25	230.5	74.04503134354572	5482.666666666667	256	128.5	128.5	1	26.5	64.75	192.25	230.5	74.04503134354572	5482.666666666667																					0.563	0.3100952380952381	0.353	0.009	0.017	0.146	0.462	0.517	0.1893118867799655	0.0358389904761904																					0.025	0.0233809523809523	0.024	0.02	0.021	0.024	0.024	0.024	0.0013955712262794	1.947619047619046e-06	4304.0	2360.095238095238	2689.0	80.0	147.0	1093.0	3540.0	3940.0	1435.4346346929874	2060472.5904761904	10200.0	4096.0	2832.0	20.0	112.0	457.0	8190.0	9570.5	3746.640187960304	14037312.69803922	12242	4096.0	2058.0	6	58.0	231.5	8122.0	11084.5	4328.027838698478	18731824.97254902																																																													270.094	269.1815238095238	269.232	267.93	268.704	269.0	269.44	269.669	0.4972952462117042	0.2473025619047595																					slice_0021	slice_0001																																									102.524	56.468809523809526	64.245	1.598	3.057	26.625	84.218	94.101	34.49028280054985	1189.579607661905	255.0	127.5	127.5	0.0	25.5	63.75	191.25	229.5	74.04503134354572	5482.666666666667	255	127.5	127.5	0	25.5	63.75	191.25	229.5	74.04503134354572	5482.666666666667											20	10.0	10.0	0	2.0	5.0	15.0	18.0	6.2048368229954285	38.5	255.0	127.5	127.5	0.0	25.5	63.75	191.25	229.5	74.04503134354572	5482.666666666667	255	127.5	127.5	0	25.5	63.75	191.25	229.5	74.04503134354572	5482.666666666667																																																			L455
16052023--s--Lm--st--L455--p--F07--pos004--tm--24--ch--Syto9--z--21	256.0	128.5	128.5	1.0	26.5	64.75	192.25	230.5	74.04503134354572	5482.666666666667	256	128.5	128.5	1	26.5	64.75	192.25	230.5	74.04503134354572	5482.666666666667																					0.489	0.2845238095238095	0.303	0.012	0.029	0.201	0.434	0.465	0.1610082665727505	0.0259236619047619																					0.024	0.0233809523809523	0.024	0.02	0.022	0.023	0.024	0.024	0.0011169686869465	1.247619047619047e-06	3793.0	2179.333333333333	2336.0	106.0	241.0	1499.0	3292.0	3518.0	1230.146224370637	1513259.733333333	12242.0	4096.0	2058.0	6.0	58.0	231.5	8122.0	11084.5	4328.027838698478	18731824.97254902	11331	4096.0	2525.0	4	123.0	412.25	7863.25	10310.5	3975.314822407767	15803127.937254898																																																													270.056	268.99814285714285	269.005	268.401	268.461	268.72	269.198	269.415	0.4288920943214349	0.1839484285714266																					slice_0021	slice_0001																																									88.994	51.80680952380952	55.179	2.206	5.245	36.612	79.025	84.67	29.30847063498716	858.9864509619047	255.0	127.5	127.5	0.0	25.5	63.75	191.25	229.5	74.04503134354572	5482.666666666667	255	127.5	127.5	0	25.5	63.75	191.25	229.5	74.04503134354572	5482.666666666667											20	10.0	10.0	0	2.0	5.0	15.0	18.0	6.2048368229954285	38.5	255.0	127.5	127.5	0.0	25.5	63.75	191.25	229.5	74.04503134354572	5482.666666666667	255	127.5	127.5	0	25.5	63.75	191.25	229.5	74.04503134354572	5482.666666666667																																																			L455
16052023--s--Lm--st--L455--p--F07--pos005--tm--24--ch--Syto9--z--21	256.0	128.5	128.5	1.0	26.5	64.75	192.25	230.5	74.04503134354572	5482.666666666667	256	128.5	128.5	1	26.5	64.75	192.25	230.5	74.04503134354572	5482.666666666667																					0.635	0.3403809523809523	0.354	0.015	0.043	0.194	0.478	0.569	0.1871746447012725	0.0350343476190476																					0.025	0.0238095238095238	0.024	0.021	0.022	0.024	0.024	0.025	0.0009807674351775	9.619047619047642e-07	4675.0	2570.0476190476197	2672.0	137.0	349.0	1473.0	3618.0	4209.0	1394.5956215401825	1944896.9476190477	11331.0	4096.0	2525.0	4.0	123.0	412.25	7863.25	10310.5	3975.314822407767	15803127.937254898	11369	4096.0	2291.0	5	117.0	402.25	8138.0	10469.5	4050.227462022058	16404342.494117636																																																													270.802	269.3479523809524	269.331	268.443	268.905	269.056	269.501	269.824	0.4825589576611935	0.2328631476190575																					slice_0021	slice_0001																																									115.672	61.99352380952381	64.505	2.814	7.85	35.24	86.962	103.584	34.078220369642324	1161.3251035619048	255.0	127.5	127.5	0.0	25.5	63.75	191.25	229.5	74.04503134354572	5482.666666666667	255	127.5	127.5	0	25.5	63.75	191.25	229.5	74.04503134354572	5482.666666666667											20	10.0	10.0	0	2.0	5.0	15.0	18.0	6.2048368229954285	38.5	255.0	127.5	127.5	0.0	25.5	63.75	191.25	229.5	74.04503134354572	5482.666666666667	255	127.5	127.5	0	25.5	63.75	191.25	229.5	74.04503134354572	5482.666666666667																																																			L455
16052023--s--Lm--st--L455--p--G03--pos001--tm--24--ch--Syto9--z--21	256.0	128.5	128.5	1.0	26.5	64.75	192.25	230.5	74.04503134354572	5482.666666666667	256	128.5	128.5	1	26.5	64.75	192.25	230.5	74.04503134354572	5482.666666666667																					0.185	0.1056190476190476	0.093	0.046	0.059	0.064	0.137	0.172	0.043700659251865	0.0019097476190476																					0.029	0.0267619047619047	0.027	0.025	0.026	0.026	0.027	0.028	0.0009952267030562	9.904761904761917e-07	1237.0	722.3809523809524	618.0	315.0	398.0	465.0	957.0	1216.0	308.4041952033851	95113.14761904764	11369.0	4096.0	2291.0	5.0	117.0	402.25	8138.0	10469.5	4050.227462022058	16404342.494117636	21388	4096.0	60.5	0	0.0	2.0	5050.25	17958.0	6874.68702859821	47261321.74117649																																																													269.474	268.8095238095238	268.897	267.875	268.161	268.517	269.208	269.326	0.4573914755488674	0.2092069619047702																					Ch1	Ch1																																									33.607	19.21814285714286	16.969	8.371	10.803	11.723	24.871	31.367	7.938066731173998	63.01290342857144	255.0	127.5	127.5	0.0	25.5	63.75	191.25	229.5	74.04503134354572	5482.666666666667	255	127.5	127.5	0	25.5	63.75	191.25	229.5	74.04503134354572	5482.666666666667											20	10.0	10.0	0	2.0	5.0	15.0	18.0	6.2048368229954285	38.5	255.0	127.5	127.5	0.0	25.5	63.75	191.25	229.5	74.04503134354572	5482.666666666667	255	127.5	127.5	0	25.5	63.75	191.25	229.5	74.04503134354572	5482.666666666667																																																			L455
16052023--s--Lm--st--L455--p--G03--pos002--tm--24--ch--Syto9--z--21	256.0	128.5	128.5	1.0	26.5	64.75	192.25	230.5	74.04503134354572	5482.666666666667	256	128.5	128.5	1	26.5	64.75	192.25	230.5	74.04503134354572	5482.666666666667																					0.198	0.1183809523809523	0.126	0.05	0.051	0.075	0.156	0.187	0.0500674307214542	0.0025067476190476																					0.028	0.0261904761904761	0.026	0.022	0.026	0.026	0.027	0.027	0.0013645163106041	1.861904761904764e-06	1343.0	818.047619047619	842.0	350.0	394.0	499.0	1080.0	1291.0	340.91105529015573	116220.34761904762	21388.0	4096.0	60.5	0.0	0.0	2.0	5050.25	17958.0	6874.68702859821	47261321.74117649	21405	4096.0	96.5	0	0.0	3.0	6514.5	16585.5	6524.882588981968	42574092.800000034																																																													269.984	268.5893809523809	268.513	267.078	267.896	268.233	268.951	269.386	0.6843588588007302	0.4683470476190378																					slice_0021	slice_0001																																									36.126	21.565523809523807	22.961	9.136	9.257	13.686	28.414	34.128	9.11404480798206	83.06581276190474	255.0	127.5	127.5	0.0	25.5	63.75	191.25	229.5	74.04503134354572	5482.666666666667	255	127.5	127.5	0	25.5	63.75	191.25	229.5	74.04503134354572	5482.666666666667											20	10.0	10.0	0	2.0	5.0	15.0	18.0	6.2048368229954285	38.5	255.0	127.5	127.5	0.0	25.5	63.75	191.25	229.5	74.04503134354572	5482.666666666667	255	127.5	127.5	0	25.5	63.75	191.25	229.5	74.04503134354572	5482.666666666667																																																			L455
16052023--s--Lm--st--L455--p--G03--pos003--tm--24--ch--Syto9--z--21	256.0	128.5	128.5	1.0	26.5	64.75	192.25	230.5	74.04503134354572	5482.666666666667	256	128.5	128.5	1	26.5	64.75	192.25	230.5	74.04503134354572	5482.666666666667																					0.245	0.1177142857142857	0.106	0.027	0.033	0.08	0.147	0.233	0.0625213106525629	0.0039089142857142																					0.028	0.0252380952380952	0.025	0.021	0.022	0.025	0.026	0.027	0.0018139669761261	3.2904761904761912e-06	1760.0	842.9047619047619	720.0	224.0	277.0	573.0	1083.0	1596.0	442.5658035548957	195864.4904761905	21405.0	4096.0	96.5	0.0	0.0	3.0	6514.5	16585.5	6524.882588981968	42574092.800000034	27687	4096.0	55.5	0	0.0	2.0	3727.25	18397.5	7542.390517705151	56887654.72156858																																																													270.208	268.3500476190476	268.229	266.255	267.916	268.007	268.667	268.986	0.736692844826829	0.5427163476190463																					slice_0021	slice_0001																																									44.532	21.43309523809524	19.261	4.846	5.975	14.624	26.782	42.43	11.383558661089957	129.58540779047615	255.0	127.5	127.5	0.0	25.5	63.75	191.25	229.5	74.04503134354572	5482.666666666667	255	127.5	127.5	0	25.5	63.75	191.25	229.5	74.04503134354572	5482.666666666667											20	10.0	10.0	0	2.0	5.0	15.0	18.0	6.2048368229954285	38.5	255.0	127.5	127.5	0.0	25.5	63.75	191.25	229.5	74.04503134354572	5482.666666666667	255	127.5	127.5	0	25.5	63.75	191.25	229.5	74.04503134354572	5482.666666666667																																																			L455
16052023--s--Lm--st--L455--p--G03--pos004--tm--24--ch--Syto9--z--21	256.0	128.5	128.5	1.0	26.5	64.75	192.25	230.5	74.04503134354572	5482.666666666667	256	128.5	128.5	1	26.5	64.75	192.25	230.5	74.04503134354572	5482.666666666667																					0.222	0.1208571428571428	0.116	0.029	0.07	0.094	0.147	0.186	0.0495169523641002	0.0024519285714285																					0.028	0.0256666666666666	0.026	0.023	0.024	0.025	0.026	0.027	0.0012780193008453	1.6333333333333329e-06	1607.0	859.8571428571429	780.0	230.0	498.0	641.0	1100.0	1291.0	366.2683832539038	134152.52857142856	27687.0	4096.0	55.5	0.0	0.0	2.0	3727.25	18397.5	7542.390517705151	56887654.72156858	24234	4096.0	67.0	0	0.0	3.0	3874.75	18523.0	7363.078639999951	54214927.05882354																																																													269.316	268.4563333333333	268.405	267.118	267.925	268.111	268.98	269.07	0.5941240891710483	0.3529834333333277																					slice_0021	slice_0001																																									40.485	22.00709523809524	21.154	5.228	12.748	17.038	26.834	33.92	9.039619526864849	81.71472119047623	255.0	127.5	127.5	0.0	25.5	63.75	191.25	229.5	74.04503134354572	5482.666666666667	255	127.5	127.5	0	25.5	63.75	191.25	229.5	74.04503134354572	5482.666666666667											20	10.0	10.0	0	2.0	5.0	15.0	18.0	6.2048368229954285	38.5	255.0	127.5	127.5	0.0	25.5	63.75	191.25	229.5	74.04503134354572	5482.666666666667	255	127.5	127.5	0	25.5	63.75	191.25	229.5	74.04503134354572	5482.666666666667																																																			L455
16052023--s--Lm--st--L455--p--G03--pos005--tm--24--ch--Syto9--z--21	256.0	128.5	128.5	1.0	26.5	64.75	192.25	230.5	74.04503134354572	5482.666666666667	256	128.5	128.5	1	26.5	64.75	192.25	230.5	74.04503134354572	5482.666666666667																					0.25	0.153	0.159	0.026	0.106	0.121	0.179	0.223	0.053249413142306	0.0028355																					0.03	0.0256666666666666	0.025	0.024	0.024	0.025	0.026	0.028	0.0015916448515084	2.533333333333332e-06	1752.0	1087.142857142857	1162.0	195.0	768.0	845.0	1264.0	1503.0	380.2583708104643	144596.42857142858	24234.0	4096.0	67.0	0.0	0.0	3.0	3874.75	18523.0	7363.078639999951	54214927.05882354	23666	4096.0	79.0	0	0.0	4.0	4180.5	18178.5	7156.803036409539	51219829.7019608																																																													270.502	268.17866666666663	268.012	267.02	267.587	267.64	268.303	269.135	0.826682546890467	0.6834040333333092																					slice_0021	slice_0001																																									45.591	27.861761904761902	28.953	4.707	19.365	22.075	32.6	40.676	9.701695804882576	94.1229014904762	255.0	127.5	127.5	0.0	25.5	63.75	191.25	229.5	74.04503134354572	5482.666666666667	255	127.5	127.5	0	25.5	63.75	191.25	229.5	74.04503134354572	5482.666666666667											20	10.0	10.0	0	2.0	5.0	15.0	18.0	6.2048368229954285	38.5	255.0	127.5	127.5	0.0	25.5	63.75	191.25	229.5	74.04503134354572	5482.666666666667	255	127.5	127.5	0	25.5	63.75	191.25	229.5	74.04503134354572	5482.666666666667																																																			L455
16052023--s--Lm--st--L455--p--G04--pos001--tm--24--ch--Syto9--z--21	256.0	128.5	128.5	1.0	26.5	64.75	192.25	230.5	74.04503134354572	5482.666666666667	256	128.5	128.5	1	26.5	64.75	192.25	230.5	74.04503134354572	5482.666666666667																					0.215	0.104047619047619	0.081	0.025	0.028	0.056	0.146	0.204	0.0656867385325806	0.0043147476190476																					0.027	0.0244761904761904	0.025	0.021	0.023	0.024	0.025	0.026	0.001400680106914	1.9619047619047638e-06	1614.0	768.6190476190476	597.0	213.0	226.0	412.0	1016.0	1519.0	481.5963534112853	231935.0476190476	23666.0	4096.0	79.0	0.0	0.0	4.0	4180.5	18178.5	7156.803036409539	51219829.7019608	18532	4096.0	110.5	0	0.0	2.0	6514.0	16647.0	6428.225011008624	41322076.79215683																																																													269.898	268.3194285714286	268.295	266.574	267.785	268.074	268.468	269.026	0.6928581075103921	0.4800523571428821																					slice_0021	slice_0001																																									39.2	18.94619047619048	14.728	4.498	5.141	10.126	26.504	37.237	11.971373637219113	143.31378676190474	255.0	127.5	127.5	0.0	25.5	63.75	191.25	229.5	74.04503134354572	5482.666666666667	255	127.5	127.5	0	25.5	63.75	191.25	229.5	74.04503134354572	5482.666666666667											20	10.0	10.0	0	2.0	5.0	15.0	18.0	6.2048368229954285	38.5	255.0	127.5	127.5	0.0	25.5	63.75	191.25	229.5	74.04503134354572	5482.666666666667	255	127.5	127.5	0	25.5	63.75	191.25	229.5	74.04503134354572	5482.666666666667																																																			L455
16052023--s--Lm--st--L455--p--G04--pos002--tm--24--ch--Syto9--z--21	256.0	128.5	128.5	1.0	26.5	64.75	192.25	230.5	74.04503134354572	5482.666666666667	256	128.5	128.5	1	26.5	64.75	192.25	230.5	74.04503134354572	5482.666666666667																					0.141	0.0757142857142857	0.084	0.016	0.019	0.047	0.11	0.122	0.0391383991204837	0.0015318142857142																					0.029	0.0255238095238095	0.025	0.021	0.022	0.024	0.027	0.028	0.0022275333357561	4.961904761904764e-06	1012.0	540.4285714285714	575.0	135.0	150.0	294.0	819.0	873.0	287.8460650119385	82855.35714285713	18532.0	4096.0	110.5	0.0	0.0	2.0	6514.0	16647.0	6428.225011008624	41322076.79215683	17794	4096.0	188.0	0	1.0	7.0	7454.5	15609.5	6130.99183352458	37589060.8627451																																																													270.375	268.3854285714286	268.429	266.283	267.464	267.859	268.755	269.002	0.9063963576398916	0.8215543571428625																					slice_0021	slice_0001																																									25.705	13.782809523809524	15.353	2.9	3.369	8.58	19.973	22.196	7.133605306007948	50.88832466190475	255.0	127.5	127.5	0.0	25.5	63.75	191.25	229.5	74.04503134354572	5482.666666666667	255	127.5	127.5	0	25.5	63.75	191.25	229.5	74.04503134354572	5482.666666666667											20	10.0	10.0	0	2.0	5.0	15.0	18.0	6.2048368229954285	38.5	255.0	127.5	127.5	0.0	25.5	63.75	191.25	229.5	74.04503134354572	5482.666666666667	255	127.5	127.5	0	25.5	63.75	191.25	229.5	74.04503134354572	5482.666666666667																																																			L455
16052023--s--Lm--st--L455--p--G04--pos003--tm--24--ch--Syto9--z--21	256.0	128.5	128.5	1.0	26.5	64.75	192.25	230.5	74.04503134354572	5482.666666666667	256	128.5	128.5	1	26.5	64.75	192.25	230.5	74.04503134354572	5482.666666666667																					0.207	0.1169999999999999	0.111	0.012	0.021	0.094	0.164	0.184	0.0560999108733694	0.0031471999999999																					0.025	0.0241428571428571	0.024	0.022	0.023	0.024	0.025	0.025	0.0009102589898328	8.285714285714312e-07	1537.0	879.4285714285714	855.0	100.0	169.0	694.0	1210.0	1393.0	420.203233141842	176570.7571428572	17794.0	4096.0	188.0	0.0	1.0	7.0	7454.5	15609.5	6130.99183352458	37589060.8627451	18868	4096.0	291.5	0	1.0	9.0	6981.25	15492.0	6065.791603125601	36793827.77254905																																																													268.58	267.7808095238095	267.726	266.972	267.202	267.447	268.237	268.414	0.47604712151715	0.2266208619047642																					slice_0021	slice_0001																																									37.724	21.31823809523809	20.234	2.206	3.838	17.056	29.891	33.451	10.200497433482164	104.05014789047618	255.0	127.5	127.5	0.0	25.5	63.75	191.25	229.5	74.04503134354572	5482.666666666667	255	127.5	127.5	0	25.5	63.75	191.25	229.5	74.04503134354572	5482.666666666667											20	10.0	10.0	0	2.0	5.0	15.0	18.0	6.2048368229954285	38.5	255.0	127.5	127.5	0.0	25.5	63.75	191.25	229.5	74.04503134354572	5482.666666666667	255	127.5	127.5	0	25.5	63.75	191.25	229.5	74.04503134354572	5482.666666666667																																																			L455
16052023--s--Lm--st--L455--p--G04--pos004--tm--24--ch--Syto9--z--21	256.0	128.5	128.5	1.0	26.5	64.75	192.25	230.5	74.04503134354572	5482.666666666667	256	128.5	128.5	1	26.5	64.75	192.25	230.5	74.04503134354572	5482.666666666667																					0.14	0.0679523809523809	0.055	0.016	0.023	0.027	0.104	0.138	0.0443288576330094	0.0019650476190476																					0.032	0.0261428571428571	0.026	0.02	0.023	0.025	0.028	0.029	0.0027255405754769	7.4285714285714275e-06	1035.0	475.8095238095238	352.0	95.0	168.0	221.0	728.0	983.0	313.4585489419006	98256.2619047619	18868.0	4096.0	291.5	0.0	1.0	9.0	6981.25	15492.0	6065.791603125601	36793827.77254905	16859	4096.0	435.0	0	1.0	15.0	8507.75	14375.0	5688.760521121159	32361996.26666668																																																													270.372	268.50466666666665	268.605	266.223	267.152	267.861	269.065	269.99	1.0697720473696009	1.1444122333333475																					slice_0021	slice_0001																																									25.496	12.388380952380952	9.969	2.883	4.273	4.95	19.001	25.114	8.069856879004671	65.12259004761901	255.0	127.5	127.5	0.0	25.5	63.75	191.25	229.5	74.04503134354572	5482.666666666667	255	127.5	127.5	0	25.5	63.75	191.25	229.5	74.04503134354572	5482.666666666667											20	10.0	10.0	0	2.0	5.0	15.0	18.0	6.2048368229954285	38.5	255.0	127.5	127.5	0.0	25.5	63.75	191.25	229.5	74.04503134354572	5482.666666666667	255	127.5	127.5	0	25.5	63.75	191.25	229.5	74.04503134354572	5482.666666666667																																																			L455
16052023--s--Lm--st--L455--p--G04--pos005--tm--24--ch--Syto9--z--21	256.0	128.5	128.5	1.0	26.5	64.75	192.25	230.5	74.04503134354572	5482.666666666667	256	128.5	128.5	1	26.5	64.75	192.25	230.5	74.04503134354572	5482.666666666667																					0.254	0.1457619047619047	0.16	0.011	0.019	0.117	0.195	0.242	0.0799217772336831	0.0063874904761904																					0.025	0.0238095238095238	0.024	0.022	0.022	0.024	0.024	0.025	0.0009283882603225	8.619047619047593e-07	1950.0	1109.3809523809523	1220.0	90.0	157.0	863.0	1486.0	1870.0	612.2508045066561	374851.0476190476	16859.0	4096.0	435.0	0.0	1.0	15.0	8507.75	14375.0	5688.760521121159	32361996.26666668	19406	4096.0	261.0	0	1.5	10.75	6420.0	16349.5	6315.61292571441	39886966.627450936																																																													269.856	267.7304761904762	267.6	266.932	267.248	267.333	267.958	268.084	0.6932695449136278	0.4806226619047485																					slice_0021	slice_0001																																									46.182	26.52204761904762	29.144	2.049	3.456	21.311	35.518	44.028	14.542632449031334	211.4881585476191	255.0	127.5	127.5	0.0	25.5	63.75	191.25	229.5	74.04503134354572	5482.666666666667	255	127.5	127.5	0	25.5	63.75	191.25	229.5	74.04503134354572	5482.666666666667											20	10.0	10.0	0	2.0	5.0	15.0	18.0	6.2048368229954285	38.5	255.0	127.5	127.5	0.0	25.5	63.75	191.25	229.5	74.04503134354572	5482.666666666667	255	127.5	127.5	0	25.5	63.75	191.25	229.5	74.04503134354572	5482.666666666667																																																			L455
16052023--s--Lm--st--L455--p--G05--pos001--tm--24--ch--Syto9--z--21	256.0	128.5	128.5	1.0	26.5	64.75	192.25	230.5	74.04503134354572	5482.666666666667	256	128.5	128.5	1	26.5	64.75	192.25	230.5	74.04503134354572	5482.666666666667																					0.303	0.1368571428571428	0.126	0.039	0.054	0.062	0.195	0.254	0.0844406807849662	0.0071302285714285																					0.026	0.0241428571428571	0.024	0.02	0.023	0.024	0.025	0.025	0.0013522468075656	1.828571428571429e-06	2229.0	1022.5238095238096	934.0	350.0	387.0	474.0	1419.0	1893.0	617.1512471872368	380875.66190476186	19406.0	4096.0	261.0	0.0	1.5	10.75	6420.0	16349.5	6315.61292571441	39886966.627450936	19240	4096.0	112.5	0	0.0	3.0	6951.5	16115.5	6341.823628368521	40218726.93333328																																																													270.418	269.50909523809526	269.618	267.697	268.744	269.38	269.89	270.042	0.6533707144310826	0.4268932904761833																					Ch1	Ch1																																									55.144	24.94157142857143	23.03	7.156	9.9	11.237	35.466	46.286	15.377469088154358	236.46655555714284	255.0	127.5	127.5	0.0	25.5	63.75	191.25	229.5	74.04503134354572	5482.666666666667	255	127.5	127.5	0	25.5	63.75	191.25	229.5	74.04503134354572	5482.666666666667											20	10.0	10.0	0	2.0	5.0	15.0	18.0	6.2048368229954285	38.5	255.0	127.5	127.5	0.0	25.5	63.75	191.25	229.5	74.04503134354572	5482.666666666667	255	127.5	127.5	0	25.5	63.75	191.25	229.5	74.04503134354572	5482.666666666667																																																			L455
16052023--s--Lm--st--L455--p--G05--pos002--tm--24--ch--Syto9--z--21	256.0	128.5	128.5	1.0	26.5	64.75	192.25	230.5	74.04503134354572	5482.666666666667	256	128.5	128.5	1	26.5	64.75	192.25	230.5	74.04503134354572	5482.666666666667																					0.221	0.1302380952380952	0.128	0.025	0.038	0.062	0.206	0.218	0.0729656801255938	0.0053239904761904																					0.025	0.024095238095238	0.024	0.022	0.024	0.024	0.024	0.025	0.000700340053457	4.904761904761915e-07	1687.0	985.904761904762	932.0	187.0	291.0	463.0	1578.0	1674.0	561.8354656624931	315659.0904761905	19240.0	4096.0	112.5	0.0	0.0	3.0	6951.5	16115.5	6341.823628368521	40218726.93333328	15053	4096.0	1000.5	7	16.0	72.5	7783.75	13426.5	5218.970201929445	27237649.968627464																																																													270.499	269.5360476190476	269.31	268.812	268.974	269.245	269.807	270.293	0.4895529058427338	0.2396620476190646																					slice_0021	slice_0001																																									40.225	23.715857142857143	23.291	4.516	6.86	11.255	37.428	39.773	13.299150601770457	176.8674067285715	255.0	127.5	127.5	0.0	25.5	63.75	191.25	229.5	74.04503134354572	5482.666666666667	255	127.5	127.5	0	25.5	63.75	191.25	229.5	74.04503134354572	5482.666666666667											20	10.0	10.0	0	2.0	5.0	15.0	18.0	6.2048368229954285	38.5	255.0	127.5	127.5	0.0	25.5	63.75	191.25	229.5	74.04503134354572	5482.666666666667	255	127.5	127.5	0	25.5	63.75	191.25	229.5	74.04503134354572	5482.666666666667																																																			L455
16052023--s--Lm--st--L455--p--G05--pos003--tm--24--ch--Syto9--z--21	256.0	128.5	128.5	1.0	26.5	64.75	192.25	230.5	74.04503134354572	5482.666666666667	256	128.5	128.5	1	26.5	64.75	192.25	230.5	74.04503134354572	5482.666666666667																					0.302	0.1645238095238095	0.198	0.012	0.015	0.044	0.248	0.284	0.1026886649283254	0.0105449619047619																					0.025	0.0229523809523809	0.023	0.02	0.021	0.022	0.024	0.024	0.0013955712262794	1.9476190476190493e-06	2321.0	1271.2380952380952	1512.0	103.0	133.0	358.0	1961.0	2207.0	788.3700212946902	621527.2904761904	15053.0	4096.0	1000.5	7.0	16.0	72.5	7783.75	13426.5	5218.970201929445	27237649.968627464	23211	4096.0	195.0	0	1.0	8.5	5151.0	16958.0	6805.267579704163	46311666.83137256																																																													269.55	268.795	268.948	266.845	268.214	268.727	269.251	269.454	0.7170403057011713	0.5141468000000291																					slice_0021	slice_0001																																									55.022	29.961666666666662	36.108	2.154	2.814	7.972	45.105	51.74	18.69222684789946	349.3993445333333	255.0	127.5	127.5	0.0	25.5	63.75	191.25	229.5	74.04503134354572	5482.666666666667	255	127.5	127.5	0	25.5	63.75	191.25	229.5	74.04503134354572	5482.666666666667											20	10.0	10.0	0	2.0	5.0	15.0	18.0	6.2048368229954285	38.5	255.0	127.5	127.5	0.0	25.5	63.75	191.25	229.5	74.04503134354572	5482.666666666667	255	127.5	127.5	0	25.5	63.75	191.25	229.5	74.04503134354572	5482.666666666667																																																			L455
16052023--s--Lm--st--L455--p--G05--pos004--tm--24--ch--Syto9--z--21	256.0	128.5	128.5	1.0	26.5	64.75	192.25	230.5	74.04503134354572	5482.666666666667	256	128.5	128.5	1	26.5	64.75	192.25	230.5	74.04503134354572	5482.666666666667																					0.299	0.1614285714285714	0.19	0.017	0.02	0.098	0.231	0.292	0.0950560736768416	0.0090356571428571																					0.025	0.0237142857142857	0.024	0.021	0.022	0.023	0.025	0.025	0.0011892374507581	1.4142857142857131e-06	2274.0	1222.5238095238096	1399.0	139.0	169.0	700.0	1802.0	2245.0	724.8531312650598	525412.0619047619	23211.0	4096.0	195.0	0.0	1.0	8.5	5151.0	16958.0	6805.267579704163	46311666.83137256	15332	4096.0	793.5	5	13.0	50.5	8147.0	13399.5	5285.488384876718	27936387.46666669																																																													269.726	269.2332857142857	269.195	267.925	269.044	269.086	269.472	269.669	0.3953411365968886	0.1562946142857197																					slice_0021	slice_0001																																									54.519	29.41009523809524	34.528	3.109	3.665	17.837	42.014	53.251	17.32041042500079	299.9966172904761	255.0	127.5	127.5	0.0	25.5	63.75	191.25	229.5	74.04503134354572	5482.666666666667	255	127.5	127.5	0	25.5	63.75	191.25	229.5	74.04503134354572	5482.666666666667											20	10.0	10.0	0	2.0	5.0	15.0	18.0	6.2048368229954285	38.5	255.0	127.5	127.5	0.0	25.5	63.75	191.25	229.5	74.04503134354572	5482.666666666667	255	127.5	127.5	0	25.5	63.75	191.25	229.5	74.04503134354572	5482.666666666667																																																			L455
16052023--s--Lm--st--L455--p--G05--pos005--tm--24--ch--Syto9--z--21	256.0	128.5	128.5	1.0	26.5	64.75	192.25	230.5	74.04503134354572	5482.666666666667	256	128.5	128.5	1	26.5	64.75	192.25	230.5	74.04503134354572	5482.666666666667																					0.427	0.2348095238095238	0.253	0.013	0.03	0.158	0.338	0.377	0.1259093400219455	0.0158531619047619																					0.025	0.0236190476190476	0.024	0.02	0.023	0.024	0.024	0.024	0.0011169686869465	1.2476190476190492e-06	3234.0	1787.142857142857	1911.0	116.0	236.0	1192.0	2615.0	2896.0	957.4214999525698	916655.9285714284	15332.0	4096.0	793.5	5.0	13.0	50.5	8147.0	13399.5	5285.488384876718	27936387.46666669	15490	4096.0	712.5	3	10.5	46.75	8236.5	13777.5	5352.522692756244	28649499.176470555																																																													270.633	269.2182857142857	269.213	267.234	268.744	268.996	269.498	269.813	0.6453160576691994	0.4164328142857175																					slice_0021	slice_0001																																									77.844	42.77028571428572	46.147	2.397	5.401	28.744	61.501	68.726	22.949109529876875	526.6616282142855	255.0	127.5	127.5	0.0	25.5	63.75	191.25	229.5	74.04503134354572	5482.666666666667	255	127.5	127.5	0	25.5	63.75	191.25	229.5	74.04503134354572	5482.666666666667											20	10.0	10.0	0	2.0	5.0	15.0	18.0	6.2048368229954285	38.5	255.0	127.5	127.5	0.0	25.5	63.75	191.25	229.5	74.04503134354572	5482.666666666667	255	127.5	127.5	0	25.5	63.75	191.25	229.5	74.04503134354572	5482.666666666667																																																			L455
16052023--s--Lm--st--L455--p--G06--pos001--tm--24--ch--Syto9--z--21	256.0	128.5	128.5	1.0	26.5	64.75	192.25	230.5	74.04503134354572	5482.666666666667	256	128.5	128.5	1	26.5	64.75	192.25	230.5	74.04503134354572	5482.666666666667																					0.31	0.144095238095238	0.115	0.033	0.037	0.06	0.233	0.274	0.0935750526379252	0.0087562904761904																					0.025	0.0237142857142857	0.024	0.022	0.023	0.023	0.024	0.025	0.0007837638128197	6.142857142857156e-07	2403.0	1120.2857142857142	906.0	253.0	313.0	450.0	1825.0	2169.0	732.7468964695206	536918.0142857144	15490.0	4096.0	712.5	3.0	10.5	46.75	8236.5	13777.5	5352.522692756244	28649499.176470555	12878	4096.0	2529.0	52	162.0	508.25	7665.25	10501.0	3977.694507143162	15822053.592156883																																																													269.668	269.127380952381	269.138	268.523	268.733	268.819	269.394	269.544	0.3313127640448577	0.1097681476190435																					slice_0021	slice_0001																																									56.533	26.24571428571429	20.998	5.992	6.826	10.855	42.361	49.933	17.057744810328405	290.96665801428566	255.0	127.5	127.5	0.0	25.5	63.75	191.25	229.5	74.04503134354572	5482.666666666667	255	127.5	127.5	0	25.5	63.75	191.25	229.5	74.04503134354572	5482.666666666667											20	10.0	10.0	0	2.0	5.0	15.0	18.0	6.2048368229954285	38.5	255.0	127.5	127.5	0.0	25.5	63.75	191.25	229.5	74.04503134354572	5482.666666666667	255	127.5	127.5	0	25.5	63.75	191.25	229.5	74.04503134354572	5482.666666666667																																																			L455
16052023--s--Lm--st--L455--p--G06--pos002--tm--24--ch--Syto9--z--21	256.0	128.5	128.5	1.0	26.5	64.75	192.25	230.5	74.04503134354572	5482.666666666667	256	128.5	128.5	1	26.5	64.75	192.25	230.5	74.04503134354572	5482.666666666667																					0.289	0.1420952380952381	0.14	0.017	0.029	0.078	0.2	0.247	0.0804132481385404	0.0064662904761904																					0.025	0.0236190476190476	0.024	0.02	0.023	0.023	0.024	0.025	0.0011169686869465	1.2476190476190516e-06	2175.0	1091.0	1075.0	159.0	231.0	574.0	1554.0	1900.0	624.5799388388967	390100.1	12878.0	4096.0	2529.0	52.0	162.0	508.25	7665.25	10501.0	3977.694507143162	15822053.592156883	12126	4096.0	1929.5	23	52.0	188.5	8397.25	11002.5	4331.578312175573	18762570.674509782																																																													269.876	269.0365238095238	269.01	268.258	268.583	268.857	269.182	269.559	0.3710608601089111	0.1376861619047649																					slice_0021	slice_0001																																									52.643	25.865285714285715	25.566	3.161	5.315	14.225	36.334	44.897	14.626982255895634	213.94860991428573	255.0	127.5	127.5	0.0	25.5	63.75	191.25	229.5	74.04503134354572	5482.666666666667	255	127.5	127.5	0	25.5	63.75	191.25	229.5	74.04503134354572	5482.666666666667											20	10.0	10.0	0	2.0	5.0	15.0	18.0	6.2048368229954285	38.5	255.0	127.5	127.5	0.0	25.5	63.75	191.25	229.5	74.04503134354572	5482.666666666667	255	127.5	127.5	0	25.5	63.75	191.25	229.5	74.04503134354572	5482.666666666667																																																			L455
16052023--s--Lm--st--L455--p--G06--pos003--tm--24--ch--Syto9--z--21	256.0	128.5	128.5	1.0	26.5	64.75	192.25	230.5	74.04503134354572	5482.666666666667	256	128.5	128.5	1	26.5	64.75	192.25	230.5	74.04503134354572	5482.666666666667																					0.362	0.1853333333333333	0.19	0.011	0.015	0.125	0.245	0.307	0.1059709079574829	0.0112298333333333																					0.024	0.0229523809523809	0.023	0.019	0.021	0.023	0.024	0.024	0.0013592715135759	1.847619047619042e-06	2826.0	1442.5238095238096	1453.0	104.0	139.0	933.0	1898.0	2419.0	825.4218084741655	681321.1619047619	12126.0	4096.0	1929.5	23.0	52.0	188.5	8397.25	11002.5	4331.578312175573	18762570.674509782	11945	4096.0	2117.5	35	89.0	299.25	8023.25	10872.5	4208.086733058289	17707993.95294118																																																													270.085	268.98090476190475	269.036	267.55	268.44	268.642	269.251	269.413	0.524762985047721	0.2753761904761947																					slice_0021	slice_0001																																									65.86	33.74133333333333	34.597	2.015	2.796	22.7	44.601	55.839	19.29604934781556	372.3375204333333	255.0	127.5	127.5	0.0	25.5	63.75	191.25	229.5	74.04503134354572	5482.666666666667	255	127.5	127.5	0	25.5	63.75	191.25	229.5	74.04503134354572	5482.666666666667											20	10.0	10.0	0	2.0	5.0	15.0	18.0	6.2048368229954285	38.5	255.0	127.5	127.5	0.0	25.5	63.75	191.25	229.5	74.04503134354572	5482.666666666667	255	127.5	127.5	0	25.5	63.75	191.25	229.5	74.04503134354572	5482.666666666667																																																			L455
16052023--s--Lm--st--L455--p--G06--pos004--tm--24--ch--Syto9--z--21	256.0	128.5	128.5	1.0	26.5	64.75	192.25	230.5	74.04503134354572	5482.666666666667	256	128.5	128.5	1	26.5	64.75	192.25	230.5	74.04503134354572	5482.666666666667																					0.288	0.1463809523809523	0.141	0.016	0.029	0.073	0.224	0.259	0.0892280651983871	0.0079616476190476																					0.025	0.0232380952380952	0.023	0.02	0.022	0.023	0.024	0.024	0.0010910894511799	1.1904761904761957e-06	2225.0	1140.190476190476	1106.0	144.0	240.0	535.0	1764.0	2019.0	696.6725643404955	485352.66190476186	11945.0	4096.0	2117.5	35.0	89.0	299.25	8023.25	10872.5	4208.086733058289	17707993.95294118	12116	4096.0	1915.5	18	50.5	181.25	8313.5	11149.0	4350.4221656763175	18926173.019607823																																																													270.002	269.1553333333333	269.133	268.332	268.552	268.838	269.379	269.814	0.4671387730999593	0.2182186333333353																					slice_0021	slice_0001																																									52.434	26.647571428571432	25.635	2.935	5.332	13.217	40.832	47.137	16.242392088517715	263.81530075714284	255.0	127.5	127.5	0.0	25.5	63.75	191.25	229.5	74.04503134354572	5482.666666666667	255	127.5	127.5	0	25.5	63.75	191.25	229.5	74.04503134354572	5482.666666666667											20	10.0	10.0	0	2.0	5.0	15.0	18.0	6.2048368229954285	38.5	255.0	127.5	127.5	0.0	25.5	63.75	191.25	229.5	74.04503134354572	5482.666666666667	255	127.5	127.5	0	25.5	63.75	191.25	229.5	74.04503134354572	5482.666666666667																																																			L455
16052023--s--Lm--st--L455--p--G06--pos005--tm--24--ch--Syto9--z--21	256.0	128.5	128.5	1.0	26.5	64.75	192.25	230.5	74.04503134354572	5482.666666666667	256	128.5	128.5	1	26.5	64.75	192.25	230.5	74.04503134354572	5482.666666666667																					0.31	0.1632380952380952	0.174	0.006	0.017	0.088	0.25	0.292	0.0990635678551427	0.0098135904761904																					0.024	0.0232857142857142	0.024	0.021	0.022	0.023	0.024	0.024	0.0009561828874675	9.142857142857124e-07	2364.0	1256.904761904762	1305.0	54.0	146.0	682.0	1938.0	2260.0	759.9282140282661	577490.8904761903	12116.0	4096.0	1915.5	18.0	50.5	181.25	8313.5	11149.0	4350.4221656763175	18926173.019607823	12195	4096.0	1898.5	11	62.5	205.5	8212.0	11109.5	4325.956780036653	18713902.06274509																																																													269.964	268.92809523809524	268.89	267.78	268.374	268.716	269.277	269.528	0.530882087168329	0.2818357904762013																					slice_0021	slice_0001																																									56.533	29.74657142857143	31.766	1.146	3.039	16.083	45.452	53.268	18.05079333594906	325.83114005714293	255.0	127.5	127.5	0.0	25.5	63.75	191.25	229.5	74.04503134354572	5482.666666666667	255	127.5	127.5	0	25.5	63.75	191.25	229.5	74.04503134354572	5482.666666666667											20	10.0	10.0	0	2.0	5.0	15.0	18.0	6.2048368229954285	38.5	255.0	127.5	127.5	0.0	25.5	63.75	191.25	229.5	74.04503134354572	5482.666666666667	255	127.5	127.5	0	25.5	63.75	191.25	229.5	74.04503134354572	5482.666666666667																																																			L455
16052023--s--Lm--st--L455--p--G07--pos001--tm--24--ch--Syto9--z--21	256.0	128.5	128.5	1.0	26.5	64.75	192.25	230.5	74.04503134354572	5482.666666666667	256	128.5	128.5	1	26.5	64.75	192.25	230.5	74.04503134354572	5482.666666666667																					0.245	0.1355714285714285	0.143	0.026	0.049	0.068	0.192	0.233	0.0736074530387863	0.0054180571428571																					0.025	0.024095238095238	0.024	0.02	0.023	0.024	0.025	0.025	0.0012208506012105	1.4904761904761915e-06	1904.0	1026.809523809524	1075.0	232.0	353.0	500.0	1429.0	1787.0	569.2743292163822	324073.26190476184	12195.0	4096.0	1898.5	11.0	62.5	205.5	8212.0	11109.5	4325.956780036653	18713902.06274509	12390	4096.0	2137.5	57	98.0	353.5	7772.25	11037.0	4205.999005155914	17690427.63137254																																																													270.369	269.343380952381	269.37	268.578	268.936	269.117	269.561	269.848	0.422682797874558	0.1786607476190645																					slice_0021	slice_0001																																									44.636	24.682666666666663	26.052	4.724	8.858	12.349	35.049	42.448	13.43149744568093	180.40512363333335	255.0	127.5	127.5	0.0	25.5	63.75	191.25	229.5	74.04503134354572	5482.666666666667	255	127.5	127.5	0	25.5	63.75	191.25	229.5	74.04503134354572	5482.666666666667											20	10.0	10.0	0	2.0	5.0	15.0	18.0	6.2048368229954285	38.5	255.0	127.5	127.5	0.0	25.5	63.75	191.25	229.5	74.04503134354572	5482.666666666667	255	127.5	127.5	0	25.5	63.75	191.25	229.5	74.04503134354572	5482.666666666667																																																			L455
16052023--s--Lm--st--L455--p--G07--pos002--tm--24--ch--Syto9--z--21	256.0	128.5	128.5	1.0	26.5	64.75	192.25	230.5	74.04503134354572	5482.666666666667	256	128.5	128.5	1	26.5	64.75	192.25	230.5	74.04503134354572	5482.666666666667																					0.282	0.155	0.167	0.032	0.046	0.075	0.236	0.273	0.0867058244871704	0.0075178999999999																					0.025	0.0236666666666666	0.024	0.021	0.023	0.023	0.024	0.025	0.0010165300454651	1.0333333333333388e-06	2212.0	1194.5238095238096	1260.0	263.0	360.0	547.0	1794.0	2115.0	678.748894588243	460700.0619047618	12390.0	4096.0	2137.5	57.0	98.0	353.5	7772.25	11037.0	4205.999005155914	17690427.63137254	11411	4096.0	2258.0	29	104.5	351.25	7896.25	10818.5	4103.092746487036	16835370.086274527																																																													269.443	269.0023333333333	268.957	268.381	268.543	268.824	269.338	269.409	0.3317166461504828	0.1100359333333246																					slice_0021	slice_0001																																									51.427	28.213380952380952	30.446	5.749	8.302	13.669	42.969	49.76	15.806124833355549	249.83358224761892	255.0	127.5	127.5	0.0	25.5	63.75	191.25	229.5	74.04503134354572	5482.666666666667	255	127.5	127.5	0	25.5	63.75	191.25	229.5	74.04503134354572	5482.666666666667											20	10.0	10.0	0	2.0	5.0	15.0	18.0	6.2048368229954285	38.5	255.0	127.5	127.5	0.0	25.5	63.75	191.25	229.5	74.04503134354572	5482.666666666667	255	127.5	127.5	0	25.5	63.75	191.25	229.5	74.04503134354572	5482.666666666667																																																			L455
16052023--s--Lm--st--L455--p--G07--pos003--tm--24--ch--Syto9--z--21	256.0	128.5	128.5	1.0	26.5	64.75	192.25	230.5	74.04503134354572	5482.666666666667	256	128.5	128.5	1	26.5	64.75	192.25	230.5	74.04503134354572	5482.666666666667																					0.503	0.3208095238095238	0.401	0.009	0.018	0.191	0.479	0.5	0.1857168864286764	0.0344907619047619																					0.025	0.0238095238095238	0.024	0.022	0.022	0.024	0.024	0.025	0.0008728715609439	7.619047619047636e-07	3762.0	2424.7619047619046	3068.0	71.0	151.0	1441.0	3577.0	3713.0	1394.5514656964765	1944773.7904761904	11411.0	4096.0	2258.0	29.0	104.5	351.25	7896.25	10818.5	4103.092746487036	16835370.086274527	11209	4096.0	2487.5	4	117.5	397.25	7911.0	10312.0	3963.8655761620334	15712230.305882376																																																													270.951	269.2774285714286	269.276	267.772	268.792	269.017	269.515	269.631	0.6264928228981202	0.3924932571428554																					slice_0021	slice_0001																																									91.617	58.41328571428572	72.998	1.581	3.265	34.858	87.223	90.974	33.81316053128258	1143.3298251142858	255.0	127.5	127.5	0.0	25.5	63.75	191.25	229.5	74.04503134354572	5482.666666666667	255	127.5	127.5	0	25.5	63.75	191.25	229.5	74.04503134354572	5482.666666666667											20	10.0	10.0	0	2.0	5.0	15.0	18.0	6.2048368229954285	38.5	255.0	127.5	127.5	0.0	25.5	63.75	191.25	229.5	74.04503134354572	5482.666666666667	255	127.5	127.5	0	25.5	63.75	191.25	229.5	74.04503134354572	5482.666666666667																																																			L455
16052023--s--Lm--st--L455--p--G07--pos004--tm--24--ch--Syto9--z--21	256.0	128.5	128.5	1.0	26.5	64.75	192.25	230.5	74.04503134354572	5482.666666666667	256	128.5	128.5	1	26.5	64.75	192.25	230.5	74.04503134354572	5482.666666666667																					0.418	0.2452857142857142	0.274	0.014	0.047	0.144	0.341	0.399	0.1281722055896452	0.0164281142857142																					0.024	0.0233333333333333	0.024	0.021	0.022	0.023	0.024	0.024	0.0008563488385776	7.333333333333339e-07	3159.0	1895.047619047619	2136.0	120.0	391.0	1118.0	2683.0	3079.0	986.3424596046992	972871.4476190476	11209.0	4096.0	2487.5	4.0	117.5	397.25	7911.0	10312.0	3963.8655761620334	15712230.305882376	10735	4096.0	2848.0	11	193.0	557.75	7772.75	9764.5	3718.069071914804	13824037.623529412																																																													269.721	268.9569523809524	268.944	268.09	268.546	268.768	269.154	269.453	0.3887301732809628	0.1511111476190473																					slice_0021	slice_0001																																									76.142	44.68657142857143	49.968	2.553	8.493	26.174	62.039	72.686	23.34455903325533	544.968436457143	255.0	127.5	127.5	0.0	25.5	63.75	191.25	229.5	74.04503134354572	5482.666666666667	255	127.5	127.5	0	25.5	63.75	191.25	229.5	74.04503134354572	5482.666666666667											20	10.0	10.0	0	2.0	5.0	15.0	18.0	6.2048368229954285	38.5	255.0	127.5	127.5	0.0	25.5	63.75	191.25	229.5	74.04503134354572	5482.666666666667	255	127.5	127.5	0	25.5	63.75	191.25	229.5	74.04503134354572	5482.666666666667																																																			L455
16052023--s--Lm--st--L455--p--G07--pos005--tm--24--ch--Syto9--z--21	256.0	128.5	128.5	1.0	26.5	64.75	192.25	230.5	74.04503134354572	5482.666666666667	256	128.5	128.5	1	26.5	64.75	192.25	230.5	74.04503134354572	5482.666666666667																					0.481	0.2992380952380952	0.335	0.007	0.036	0.242	0.431	0.465	0.1595935163977236	0.0254700904761904																					0.025	0.0237142857142857	0.024	0.022	0.023	0.024	0.024	0.024	0.0007171371656006	5.142857142857142e-07	3669.0	2282.8571428571427	2527.0	53.0	294.0	1777.0	3301.0	3546.0	1215.4516562049798	1477322.7285714285	10735.0	4096.0	2848.0	11.0	193.0	557.75	7772.75	9764.5	3718.069071914804	13824037.623529412	10558	4096.0	3031.5	24	190.5	561.0	7584.5	9614.0	3649.6963677093177	13320283.576470587																																																													269.939	269.16138095238097	269.231	266.937	268.795	269.075	269.457	269.73	0.6152347906442241	0.3785138476190423																					slice_0021	slice_0001																																									87.553	54.493761904761904	61.066	1.216	6.6	44.011	78.435	84.704	29.0567269197767	844.293379290476	255.0	127.5	127.5	0.0	25.5	63.75	191.25	229.5	74.04503134354572	5482.666666666667	255	127.5	127.5	0	25.5	63.75	191.25	229.5	74.04503134354572	5482.666666666667											20	10.0	10.0	0	2.0	5.0	15.0	18.0	6.2048368229954285	38.5	255.0	127.5	127.5	0.0	25.5	63.75	191.25	229.5	74.04503134354572	5482.666666666667	255	127.5	127.5	0	25.5	63.75	191.25	229.5	74.04503134354572	5482.666666666667																																																			L455
18042023--s--Lm--st--L394--p--C03--pos001--tm--24--ch--Syto9--z--21	256.0	128.5	128.5	1.0	26.5	64.75	192.25	230.5	74.04503134354572	5482.666666666667	256	128.5	128.5	1	26.5	64.75	192.25	230.5	74.04503134354572	5482.666666666667																					0.141	0.0832857142857142	0.072	0.026	0.039	0.056	0.123	0.135	0.0379092902296295	0.0014371142857142																					0.026	0.0245238095238095	0.025	0.023	0.024	0.024	0.025	0.025	0.0008135752957807	6.61904761904765e-07	1047.0	616.2380952380952	536.0	191.0	282.0	423.0	908.0	1005.0	281.3661146552485	79166.89047619046	10558.0	4096.0	3031.5	24.0	190.5	561.0	7584.5	9614.0	3649.6963677093177	13320283.576470587	20788	4096.0	1180.0	2	9.5	74.5	6746.0	13063.0	5451.682101272351	29720837.733333323																																																													268.216	267.6101904761905	267.56	266.824	267.315	267.535	267.756	267.927	0.2809556226608672	0.0789360619047555																					Ch1	Ch1																																									25.618	15.175523809523808	13.078	4.811	7.19	10.16	22.474	24.611	6.91174835782559	47.772265361904736	255.0	127.5	127.5	0.0	25.5	63.75	191.25	229.5	74.04503134354572	5482.666666666667	255	127.5	127.5	0	25.5	63.75	191.25	229.5	74.04503134354572	5482.666666666667											20	10.0	10.0	0	2.0	5.0	15.0	18.0	6.2048368229954285	38.5	255.0	127.5	127.5	0.0	25.5	63.75	191.25	229.5	74.04503134354572	5482.666666666667	255	127.5	127.5	0	25.5	63.75	191.25	229.5	74.04503134354572	5482.666666666667																																																			L394
18042023--s--Lm--st--L394--p--C03--pos002--tm--24--ch--Syto9--z--21	256.0	128.5	128.5	1.0	26.5	64.75	192.25	230.5	74.04503134354572	5482.666666666667	256	128.5	128.5	1	26.5	64.75	192.25	230.5	74.04503134354572	5482.666666666667																					0.172	0.1101904761904762	0.125	0.045	0.047	0.076	0.142	0.154	0.0431574084574352	0.0018625619047619																					0.025	0.0237142857142857	0.024	0.022	0.023	0.023	0.024	0.024	0.0007171371656006	5.142857142857162e-07	1296.0	843.952380952381	982.0	354.0	377.0	564.0	1112.0	1179.0	329.1688740130932	108352.14761904762	20788.0	4096.0	1180.0	2.0	9.5	74.5	6746.0	13063.0	5451.682101272351	29720837.733333323	14150	4096.0	2014.0	14	69.5	309.25	7064.25	12208.0	4538.858384582421	20601235.43529415																																																													268.446	267.2972857142857	267.267	266.664	266.835	267.042	267.382	267.789	0.4299529210108037	0.1848595142857223																					slice_0021	slice_0001																																									31.297	20.07433333333333	22.839	8.18	8.476	13.756	25.792	28.119	7.87413223367079	62.00195843333334	255.0	127.5	127.5	0.0	25.5	63.75	191.25	229.5	74.04503134354572	5482.666666666667	255	127.5	127.5	0	25.5	63.75	191.25	229.5	74.04503134354572	5482.666666666667											20	10.0	10.0	0	2.0	5.0	15.0	18.0	6.2048368229954285	38.5	255.0	127.5	127.5	0.0	25.5	63.75	191.25	229.5	74.04503134354572	5482.666666666667	255	127.5	127.5	0	25.5	63.75	191.25	229.5	74.04503134354572	5482.666666666667																																																			L394
18042023--s--Lm--st--L394--p--C03--pos003--tm--24--ch--Syto9--z--21	256.0	128.5	128.5	1.0	26.5	64.75	192.25	230.5	74.04503134354572	5482.666666666667	256	128.5	128.5	1	26.5	64.75	192.25	230.5	74.04503134354572	5482.666666666667																					0.354	0.1601428571428571	0.155	0.009	0.011	0.029	0.281	0.304	0.124130691496618	0.0154084285714285																					0.024	0.0226666666666666	0.023	0.021	0.022	0.022	0.023	0.023	0.0007302967433402	5.333333333333342e-07	2753.0	1263.6190476190477	1194.0	70.0	98.0	241.0	2236.0	2429.0	975.1284774936314	950875.5476190476	14150.0	4096.0	2014.0	14.0	69.5	309.25	7064.25	12208.0	4538.858384582421	20601235.43529415	16499	4096.0	3592.0	18	775.0	1502.5	6341.5	8244.0	2838.12040121005	8054927.411764695																																																													269.447	267.1082857142857	267.043	264.892	266.533	266.795	267.33	267.957	0.8325136721314025	0.6930790142857123																					slice_0021	slice_0001																																									64.505	29.158619047619048	28.171	1.615	2.067	5.263	51.167	55.335	22.618825936542752	511.6112867476192	255.0	127.5	127.5	0.0	25.5	63.75	191.25	229.5	74.04503134354572	5482.666666666667	255	127.5	127.5	0	25.5	63.75	191.25	229.5	74.04503134354572	5482.666666666667											20	10.0	10.0	0	2.0	5.0	15.0	18.0	6.2048368229954285	38.5	255.0	127.5	127.5	0.0	25.5	63.75	191.25	229.5	74.04503134354572	5482.666666666667	255	127.5	127.5	0	25.5	63.75	191.25	229.5	74.04503134354572	5482.666666666667																																																			L394
18042023--s--Lm--st--L394--p--C03--pos004--tm--24--ch--Syto9--z--21	256.0	128.5	128.5	1.0	26.5	64.75	192.25	230.5	74.04503134354572	5482.666666666667	256	128.5	128.5	1	26.5	64.75	192.25	230.5	74.04503134354572	5482.666666666667																					0.173	0.1194285714285714	0.138	0.03	0.035	0.1	0.163	0.167	0.0489076389008623	0.0023919571428571																					0.025	0.0235714285714285	0.024	0.021	0.023	0.023	0.024	0.025	0.0010281745265969	1.0571428571428554e-06	1303.0	914.7619047619048	1068.0	251.0	276.0	723.0	1225.0	1274.0	366.6046787429076	134398.9904761905	16499.0	4096.0	3592.0	18.0	775.0	1502.5	6341.5	8244.0	2838.12040121005	8054927.411764695	18824	4096.0	744.5	0	2.0	27.5	6913.0	14585.5	5755.679045133441	33127841.2705882																																																													268.589	267.1882857142857	267.174	265.77	266.517	266.876	267.498	267.689	0.5762923861077065	0.3321129142857138																					slice_0021	slice_0001																																									31.436	21.75228571428572	25.166	5.471	6.287	18.219	29.682	30.464	8.899481766613478	79.20077571428574	255.0	127.5	127.5	0.0	25.5	63.75	191.25	229.5	74.04503134354572	5482.666666666667	255	127.5	127.5	0	25.5	63.75	191.25	229.5	74.04503134354572	5482.666666666667											20	10.0	10.0	0	2.0	5.0	15.0	18.0	6.2048368229954285	38.5	255.0	127.5	127.5	0.0	25.5	63.75	191.25	229.5	74.04503134354572	5482.666666666667	255	127.5	127.5	0	25.5	63.75	191.25	229.5	74.04503134354572	5482.666666666667																																																			L394
18042023--s--Lm--st--L394--p--C03--pos005--tm--24--ch--Syto9--z--21	256.0	128.5	128.5	1.0	26.5	64.75	192.25	230.5	74.04503134354572	5482.666666666667	256	128.5	128.5	1	26.5	64.75	192.25	230.5	74.04503134354572	5482.666666666667																					0.188	0.1236190476190476	0.148	0.023	0.03	0.061	0.17	0.18	0.0598527160540573	0.0035823476190476																					0.024	0.0226666666666666	0.023	0.021	0.021	0.023	0.023	0.023	0.0007958224257542	6.33333333333334e-07	1463.0	983.6666666666666	1185.0	190.0	257.0	534.0	1368.0	1414.0	466.28985977965823	217426.2333333333	18824.0	4096.0	744.5	0.0	2.0	27.5	6913.0	14585.5	5755.679045133441	33127841.2705882	10172	4096.0	3294.0	39	453.0	1078.75	7025.5	9108.5	3219.5559783981403	10365540.698039206																																																													268.142	266.9860476190476	266.909	266.16	266.497	266.732	267.137	267.534	0.460593907492306	0.212146747619031																					slice_0021	slice_0001																																									34.25	22.49590476190476	26.886	4.186	5.488	11.116	30.933	32.704	10.909596000332744	119.0192848904762	255.0	127.5	127.5	0.0	25.5	63.75	191.25	229.5	74.04503134354572	5482.666666666667	255	127.5	127.5	0	25.5	63.75	191.25	229.5	74.04503134354572	5482.666666666667											20	10.0	10.0	0	2.0	5.0	15.0	18.0	6.2048368229954285	38.5	255.0	127.5	127.5	0.0	25.5	63.75	191.25	229.5	74.04503134354572	5482.666666666667	255	127.5	127.5	0	25.5	63.75	191.25	229.5	74.04503134354572	5482.666666666667																																																			L394
18042023--s--Lm--st--L394--p--C04--pos001--tm--24--ch--Syto9--z--21	256.0	128.5	128.5	1.0	26.5	64.75	192.25	230.5	74.04503134354572	5482.666666666667	256	128.5	128.5	1	26.5	64.75	192.25	230.5	74.04503134354572	5482.666666666667																					0.099	0.0660952380952381	0.067	0.025	0.034	0.051	0.081	0.09	0.0208971403830877	0.0004366904761904																					0.031	0.0272380952380952	0.027	0.024	0.025	0.025	0.029	0.03	0.0022114421065169	4.890476190476192e-06	677.0	454.8571428571428	470.0	149.0	219.0	307.0	591.0	652.0	165.5515888520209	27407.328571428567	10172.0	4096.0	3294.0	39.0	453.0	1078.75	7025.5	9108.5	3219.5559783981403	10365540.698039206	24962	4096.0	294.5	0	1.0	7.0	5309.75	16522.0	6767.961159671616	45805298.258823566																																																													270.061	268.7912857142857	268.639	267.462	267.818	268.119	269.418	269.827	0.8014921174195883	0.642389614285735																					slice_0021	slice_0001																																									17.993	12.046857142857144	12.192	4.481	6.27	9.379	14.798	16.448	3.814255173499988	14.548542528571426	255.0	127.5	127.5	0.0	25.5	63.75	191.25	229.5	74.04503134354572	5482.666666666667	255	127.5	127.5	0	25.5	63.75	191.25	229.5	74.04503134354572	5482.666666666667											20	10.0	10.0	0	2.0	5.0	15.0	18.0	6.2048368229954285	38.5	255.0	127.5	127.5	0.0	25.5	63.75	191.25	229.5	74.04503134354572	5482.666666666667	255	127.5	127.5	0	25.5	63.75	191.25	229.5	74.04503134354572	5482.666666666667																																																			L394
18042023--s--Lm--st--L394--p--C04--pos002--tm--24--ch--Syto9--z--21	256.0	128.5	128.5	1.0	26.5	64.75	192.25	230.5	74.04503134354572	5482.666666666667	256	128.5	128.5	1	26.5	64.75	192.25	230.5	74.04503134354572	5482.666666666667																					0.138	0.0909523809523809	0.103	0.025	0.037	0.061	0.12	0.131	0.037146300206718	0.0013798476190476																					0.031	0.0271428571428571	0.027	0.024	0.025	0.026	0.028	0.029	0.0017687768170607	3.128571428571427e-06	963.0	624.6666666666666	703.0	162.0	244.0	372.0	827.0	925.0	275.8585386268356	76097.93333333333	24962.0	4096.0	294.5	0.0	1.0	7.0	5309.75	16522.0	6767.961159671616	45805298.258823566	30039	4096.0	80.5	0	0.5	2.0	3816.0	17306.0	7813.862145659635	61056441.631372586																																																													271.21	268.7395238095238	268.505	267.313	267.853	268.118	269.146	269.866	1.0031532594298804	1.006316461904793																					slice_0021	slice_0001																																									25.097	16.578190476190475	18.81	4.585	6.826	11.098	21.866	23.881	6.739564404463002	45.42172836190475	255.0	127.5	127.5	0.0	25.5	63.75	191.25	229.5	74.04503134354572	5482.666666666667	255	127.5	127.5	0	25.5	63.75	191.25	229.5	74.04503134354572	5482.666666666667											20	10.0	10.0	0	2.0	5.0	15.0	18.0	6.2048368229954285	38.5	255.0	127.5	127.5	0.0	25.5	63.75	191.25	229.5	74.04503134354572	5482.666666666667	255	127.5	127.5	0	25.5	63.75	191.25	229.5	74.04503134354572	5482.666666666667																																																			L394
18042023--s--Lm--st--L394--p--C04--pos003--tm--24--ch--Syto9--z--21	256.0	128.5	128.5	1.0	26.5	64.75	192.25	230.5	74.04503134354572	5482.666666666667	256	128.5	128.5	1	26.5	64.75	192.25	230.5	74.04503134354572	5482.666666666667																					0.109	0.0637619047619047	0.066	0.01	0.015	0.034	0.096	0.106	0.035620085291735	0.0012687904761904																					0.025	0.0226190476190476	0.023	0.02	0.021	0.022	0.023	0.024	0.0011608699529314	1.3476190476190472e-06	846.0	501.3809523809524	526.0	84.0	126.0	280.0	727.0	803.0	268.4437513130966	72062.04761904763	30039.0	4096.0	80.5	0.0	0.5	2.0	3816.0	17306.0	7813.862145659635	61056441.631372586	10682	4096.0	3187.5	12	444.5	1020.5	6816.75	9423.0	3327.437082388621	11071837.537254903																																																													268.658	267.1824285714286	267.225	266.19	266.467	266.914	267.492	267.677	0.574047260373973	0.3295302571428639																					slice_0021	slice_0001																																									19.817	11.606142857142856	12.053	1.789	2.709	6.218	17.49	19.296	6.490536382193032	42.12706252857142	255.0	127.5	127.5	0.0	25.5	63.75	191.25	229.5	74.04503134354572	5482.666666666667	255	127.5	127.5	0	25.5	63.75	191.25	229.5	74.04503134354572	5482.666666666667											20	10.0	10.0	0	2.0	5.0	15.0	18.0	6.2048368229954285	38.5	255.0	127.5	127.5	0.0	25.5	63.75	191.25	229.5	74.04503134354572	5482.666666666667	255	127.5	127.5	0	25.5	63.75	191.25	229.5	74.04503134354572	5482.666666666667																																																			L394
18042023--s--Lm--st--L394--p--C04--pos004--tm--24--ch--Syto9--z--21	256.0	128.5	128.5	1.0	26.5	64.75	192.25	230.5	74.04503134354572	5482.666666666667	256	128.5	128.5	1	26.5	64.75	192.25	230.5	74.04503134354572	5482.666666666667																					0.146	0.0865714285714285	0.099	0.019	0.021	0.054	0.124	0.131	0.044055160229616	0.0019408571428571																					0.024	0.0227619047619047	0.023	0.02	0.022	0.022	0.023	0.024	0.0009436504599035	8.904761904761916e-07	1126.0	686.0	752.0	164.0	167.0	412.0	980.0	1047.0	340.8178399086527	116156.8	10682.0	4096.0	3187.5	12.0	444.5	1020.5	6816.75	9423.0	3327.437082388621	11071837.537254903	14756	4096.0	3328.0	20	671.5	1313.5	6721.75	8769.0	3053.984823466021	9326823.301960783																																																													268.106	266.8299523809524	266.724	265.158	266.428	266.653	267.096	267.554	0.5981754321426447	0.3578138476190397																					slice_0021	slice_0001																																									26.556	15.76609523809524	18.011	3.543	3.734	9.865	22.526	23.794	8.015489173498784	64.24806669047621	255.0	127.5	127.5	0.0	25.5	63.75	191.25	229.5	74.04503134354572	5482.666666666667	255	127.5	127.5	0	25.5	63.75	191.25	229.5	74.04503134354572	5482.666666666667											20	10.0	10.0	0	2.0	5.0	15.0	18.0	6.2048368229954285	38.5	255.0	127.5	127.5	0.0	25.5	63.75	191.25	229.5	74.04503134354572	5482.666666666667	255	127.5	127.5	0	25.5	63.75	191.25	229.5	74.04503134354572	5482.666666666667																																																			L394
18042023--s--Lm--st--L394--p--C04--pos005--tm--24--ch--Syto9--z--21	256.0	128.5	128.5	1.0	26.5	64.75	192.25	230.5	74.04503134354572	5482.666666666667	256	128.5	128.5	1	26.5	64.75	192.25	230.5	74.04503134354572	5482.666666666667																					0.093	0.0602857142857142	0.065	0.016	0.018	0.041	0.083	0.086	0.0266460932542518	0.0007100142857142																					0.025	0.0234761904761904	0.024	0.021	0.022	0.022	0.024	0.025	0.0012497618820818	1.5619047619047663e-06	695.0	459.7619047619048	509.0	126.0	146.0	334.0	613.0	657.0	192.2123577613845	36945.59047619048	14756.0	4096.0	3328.0	20.0	671.5	1313.5	6721.75	8769.0	3053.984823466021	9326823.301960783	11937	4096.0	2694.5	40	249.5	708.75	7122.75	10519.0	3819.7249228543287	14590298.486274509																																																													268.441	267.2530476190476	267.272	265.086	266.72	266.909	267.636	267.973	0.6986183132577058	0.488067547619042																					slice_0021	slice_0001																																									16.917	10.968571428571428	11.88	3.005	3.213	7.468	15.041	15.736	4.836701278468918	23.39367925714286	255.0	127.5	127.5	0.0	25.5	63.75	191.25	229.5	74.04503134354572	5482.666666666667	255	127.5	127.5	0	25.5	63.75	191.25	229.5	74.04503134354572	5482.666666666667											20	10.0	10.0	0	2.0	5.0	15.0	18.0	6.2048368229954285	38.5	255.0	127.5	127.5	0.0	25.5	63.75	191.25	229.5	74.04503134354572	5482.666666666667	255	127.5	127.5	0	25.5	63.75	191.25	229.5	74.04503134354572	5482.666666666667																																																			L394
18042023--s--Lm--st--L394--p--C05--pos001--tm--24--ch--Syto9--z--21	256.0	128.5	128.5	1.0	26.5	64.75	192.25	230.5	74.04503134354572	5482.666666666667	256	128.5	128.5	1	26.5	64.75	192.25	230.5	74.04503134354572	5482.666666666667																					0.106	0.0804285714285714	0.082	0.043	0.055	0.066	0.098	0.103	0.020140932025533	0.0004056571428571																					0.028	0.0247619047619047	0.025	0.022	0.023	0.024	0.026	0.028	0.0017861904127153	3.1904761904761943e-06	807.0	595.8571428571429	624.0	283.0	437.0	471.0	735.0	778.0	158.41284219225588	25094.62857142857	11937.0	4096.0	2694.5	40.0	249.5	708.75	7122.75	10519.0	3819.7249228543287	14590298.486274509	20510	4096.0	329.0	0	0.0	4.0	6249.75	16136.0	6300.890710766186	39701223.749019615																																																													269.515	267.7115238095238	267.589	266.925	266.97	267.219	268.076	268.329	0.6819364793767376	0.4650373619047396																					Ch1	Ch1																																									19.296	14.648809523809524	14.85	7.816	10.004	12.036	17.82	18.844	3.6673596853737656	13.449527061904766	255.0	127.5	127.5	0.0	25.5	63.75	191.25	229.5	74.04503134354572	5482.666666666667	255	127.5	127.5	0	25.5	63.75	191.25	229.5	74.04503134354572	5482.666666666667											20	10.0	10.0	0	2.0	5.0	15.0	18.0	6.2048368229954285	38.5	255.0	127.5	127.5	0.0	25.5	63.75	191.25	229.5	74.04503134354572	5482.666666666667	255	127.5	127.5	0	25.5	63.75	191.25	229.5	74.04503134354572	5482.666666666667																																																			L394
18042023--s--Lm--st--L394--p--C05--pos002--tm--24--ch--Syto9--z--21	256.0	128.5	128.5	1.0	26.5	64.75	192.25	230.5	74.04503134354572	5482.666666666667	256	128.5	128.5	1	26.5	64.75	192.25	230.5	74.04503134354572	5482.666666666667																					0.139	0.0931904761904762	0.09	0.033	0.049	0.067	0.132	0.135	0.03567719025879	0.0012728619047619																					0.027	0.025	0.025	0.023	0.024	0.024	0.026	0.026	0.0010954451150103	1.1999999999999976e-06	1044.0	684.6190476190476	644.0	238.0	336.0	463.0	964.0	1009.0	273.8796224969058	75010.04761904763	20510.0	4096.0	329.0	0.0	0.0	4.0	6249.75	16136.0	6300.890710766186	39701223.749019615	23331	4096.0	477.0	0	3.0	15.0	6058.75	15156.0	6378.389180755314	40683848.54117644																																																													268.524	267.76209523809524	267.741	267.188	267.309	267.425	267.981	268.371	0.3840173049176282	0.1474692904761986																					slice_0021	slice_0001																																									25.236	16.962761904761905	16.343	6.027	8.892	12.262	24.038	24.645	6.501657526390958	42.2715505904762	255.0	127.5	127.5	0.0	25.5	63.75	191.25	229.5	74.04503134354572	5482.666666666667	255	127.5	127.5	0	25.5	63.75	191.25	229.5	74.04503134354572	5482.666666666667											20	10.0	10.0	0	2.0	5.0	15.0	18.0	6.2048368229954285	38.5	255.0	127.5	127.5	0.0	25.5	63.75	191.25	229.5	74.04503134354572	5482.666666666667	255	127.5	127.5	0	25.5	63.75	191.25	229.5	74.04503134354572	5482.666666666667																																																			L394
18042023--s--Lm--st--L394--p--C05--pos003--tm--24--ch--Syto9--z--21	256.0	128.5	128.5	1.0	26.5	64.75	192.25	230.5	74.04503134354572	5482.666666666667	256	128.5	128.5	1	26.5	64.75	192.25	230.5	74.04503134354572	5482.666666666667																					0.103	0.0759523809523809	0.085	0.024	0.028	0.063	0.095	0.1	0.0269842105507576	0.0007281476190476																					0.025	0.0231904761904761	0.023	0.021	0.022	0.023	0.024	0.025	0.001167006753153	1.3619047619047649e-06	790.0	590.5714285714286	674.0	201.0	243.0	496.0	741.0	755.0	197.08692788426416	38843.257142857154	23331.0	4096.0	477.0	0.0	3.0	15.0	6058.75	15156.0	6378.389180755314	40683848.54117644	15543	4096.0	1662.0	14	41.5	184.0	7206.75	12584.5	4846.272564013078	23486357.7647059																																																													267.887	266.9411904761905	266.956	266.112	266.365	266.734	267.1	267.407	0.4454405256650487	0.1984172619047549																					slice_0021	slice_0001																																									18.775	13.83085714285714	15.527	4.307	5.124	11.48	17.351	18.219	4.90222706823862	24.03183022857142	255.0	127.5	127.5	0.0	25.5	63.75	191.25	229.5	74.04503134354572	5482.666666666667	255	127.5	127.5	0	25.5	63.75	191.25	229.5	74.04503134354572	5482.666666666667											20	10.0	10.0	0	2.0	5.0	15.0	18.0	6.2048368229954285	38.5	255.0	127.5	127.5	0.0	25.5	63.75	191.25	229.5	74.04503134354572	5482.666666666667	255	127.5	127.5	0	25.5	63.75	191.25	229.5	74.04503134354572	5482.666666666667																																																			L394
18042023--s--Lm--st--L394--p--C05--pos004--tm--24--ch--Syto9--z--21	256.0	128.5	128.5	1.0	26.5	64.75	192.25	230.5	74.04503134354572	5482.666666666667	256	128.5	128.5	1	26.5	64.75	192.25	230.5	74.04503134354572	5482.666666666667																					0.093	0.0684285714285714	0.077	0.031	0.036	0.058	0.082	0.09	0.0205440293724756	0.0004220571428571																					0.026	0.0234761904761904	0.023	0.022	0.022	0.022	0.025	0.025	0.0013645163106041	1.8619047619047647e-06	688.0	527.7619047619048	604.0	262.0	294.0	451.0	628.0	656.0	147.08871634557994	21635.090476190475	15543.0	4096.0	1662.0	14.0	41.5	184.0	7206.75	12584.5	4846.272564013078	23486357.7647059	16141	4096.0	1567.5	4	25.0	164.25	7079.5	12829.5	4954.7457123963295	24549505.07450981																																																													268.379	267.3732380952381	267.303	266.517	266.873	267.028	267.865	268.078	0.5102082814657046	0.2603124904761877																					slice_0021	slice_0001																																									16.882	12.463666666666668	13.947	5.731	6.583	10.473	14.937	16.343	3.743235196101539	14.011809733333328	255.0	127.5	127.5	0.0	25.5	63.75	191.25	229.5	74.04503134354572	5482.666666666667	255	127.5	127.5	0	25.5	63.75	191.25	229.5	74.04503134354572	5482.666666666667											20	10.0	10.0	0	2.0	5.0	15.0	18.0	6.2048368229954285	38.5	255.0	127.5	127.5	0.0	25.5	63.75	191.25	229.5	74.04503134354572	5482.666666666667	255	127.5	127.5	0	25.5	63.75	191.25	229.5	74.04503134354572	5482.666666666667																																																			L394
18042023--s--Lm--st--L394--p--C05--pos005--tm--24--ch--Syto9--z--21	256.0	128.5	128.5	1.0	26.5	64.75	192.25	230.5	74.04503134354572	5482.666666666667	256	128.5	128.5	1	26.5	64.75	192.25	230.5	74.04503134354572	5482.666666666667																					0.092	0.0645714285714285	0.073	0.034	0.038	0.043	0.077	0.083	0.0188800726390854	0.0003564571428571																					0.028	0.0247142857142857	0.025	0.022	0.023	0.024	0.026	0.027	0.0015856499343441	2.514285714285719e-06	689.0	477.0	556.0	216.0	290.0	345.0	577.0	609.0	140.17596084921266	19649.3	16141.0	4096.0	1567.5	4.0	25.0	164.25	7079.5	12829.5	4954.7457123963295	24549505.07450981	15897	4096.0	1300.0	4	26.5	131.25	7019.25	13519.5	5145.285481894668	26473962.690196045																																																													268.219	267.6310952380952	267.711	266.999	267.019	267.396	267.915	268.059	0.3721197259971452	0.1384730904761904																					slice_0021	slice_0001																																									16.673	11.751571428571427	13.339	6.114	6.86	7.833	14.068	15.041	3.4392241213888424	11.828262557142851	255.0	127.5	127.5	0.0	25.5	63.75	191.25	229.5	74.04503134354572	5482.666666666667	255	127.5	127.5	0	25.5	63.75	191.25	229.5	74.04503134354572	5482.666666666667											20	10.0	10.0	0	2.0	5.0	15.0	18.0	6.2048368229954285	38.5	255.0	127.5	127.5	0.0	25.5	63.75	191.25	229.5	74.04503134354572	5482.666666666667	255	127.5	127.5	0	25.5	63.75	191.25	229.5	74.04503134354572	5482.666666666667																																																			L394
18042023--s--Lm--st--L394--p--C06--pos001--tm--24--ch--Syto9--z--21	256.0	128.5	128.5	1.0	26.5	64.75	192.25	230.5	74.04503134354572	5482.666666666667	256	128.5	128.5	1	26.5	64.75	192.25	230.5	74.04503134354572	5482.666666666667																					0.155	0.1032380952380952	0.108	0.043	0.054	0.085	0.12	0.147	0.0330240893317359	0.0010905904761904																					0.032	0.0276190476190476	0.028	0.022	0.025	0.026	0.03	0.031	0.0027834545168942	7.747619047619053e-06	1121.0	701.047619047619	740.0	247.0	323.0	506.0	903.0	1008.0	269.06773797511954	72397.44761904758	15897.0	4096.0	1300.0	4.0	26.5	131.25	7019.25	13519.5	5145.285481894668	26473962.690196045	22025	4096.0	356.0	0	1.0	8.75	5466.75	16284.0	6580.01846650964	43296643.01960788																																																													270.804	268.87842857142857	268.65	267.147	267.892	268.189	269.528	270.045	0.9663267341550992	0.9337873571428597																					slice_0021	slice_0001																																									28.171	18.77914285714286	19.609	7.781	9.813	15.406	21.832	26.834	6.0289642251859	36.34840962857142	255.0	127.5	127.5	0.0	25.5	63.75	191.25	229.5	74.04503134354572	5482.666666666667	255	127.5	127.5	0	25.5	63.75	191.25	229.5	74.04503134354572	5482.666666666667											20	10.0	10.0	0	2.0	5.0	15.0	18.0	6.2048368229954285	38.5	255.0	127.5	127.5	0.0	25.5	63.75	191.25	229.5	74.04503134354572	5482.666666666667	255	127.5	127.5	0	25.5	63.75	191.25	229.5	74.04503134354572	5482.666666666667																																																			L394
18042023--s--Lm--st--L394--p--C06--pos002--tm--24--ch--Syto9--z--21	256.0	128.5	128.5	1.0	26.5	64.75	192.25	230.5	74.04503134354572	5482.666666666667	256	128.5	128.5	1	26.5	64.75	192.25	230.5	74.04503134354572	5482.666666666667																					0.186	0.1209523809523809	0.128	0.055	0.072	0.088	0.147	0.163	0.0377272795076403	0.0014233476190476																					0.031	0.0279999999999999	0.028	0.023	0.027	0.027	0.029	0.03	0.0017888543819998	3.199999999999995e-06	1208.0	794.047619047619	880.0	320.0	438.0	567.0	986.0	1097.0	266.3477944700268	70941.14761904765	22025.0	4096.0	356.0	0.0	1.0	8.75	5466.75	16284.0	6580.01846650964	43296643.01960788	39263	4096.0	6.0	0	0.0	0.0	1686.0	16893.5	9068.838267904644	82243827.52941172																																																													270.293	268.9368095238096	268.995	267.161	268.362	268.756	269.343	269.537	0.717315315537576	0.5145412619047722																					slice_0021	slice_0001																																									33.798	22.01042857142857	23.256	10.074	13.078	15.944	26.782	29.734	6.875475747695056	47.27216675714288	255.0	127.5	127.5	0.0	25.5	63.75	191.25	229.5	74.04503134354572	5482.666666666667	255	127.5	127.5	0	25.5	63.75	191.25	229.5	74.04503134354572	5482.666666666667											20	10.0	10.0	0	2.0	5.0	15.0	18.0	6.2048368229954285	38.5	255.0	127.5	127.5	0.0	25.5	63.75	191.25	229.5	74.04503134354572	5482.666666666667	255	127.5	127.5	0	25.5	63.75	191.25	229.5	74.04503134354572	5482.666666666667																																																			L394
18042023--s--Lm--st--L394--p--C06--pos003--tm--24--ch--Syto9--z--21	256.0	128.5	128.5	1.0	26.5	64.75	192.25	230.5	74.04503134354572	5482.666666666667	256	128.5	128.5	1	26.5	64.75	192.25	230.5	74.04503134354572	5482.666666666667																					0.105	0.079	0.084	0.039	0.044	0.077	0.094	0.098	0.020245987256738	0.0004099																					0.027	0.0238095238095238	0.024	0.022	0.022	0.023	0.025	0.025	0.0013645163106041	1.861904761904756e-06	819.0	603.6666666666666	660.0	326.0	364.0	527.0	695.0	747.0	147.1310073823099	21647.53333333333	39263.0	4096.0	6.0	0.0	0.0	0.0	1686.0	16893.5	9068.838267904644	82243827.52941172	18323	4096.0	970.0	0	5.0	35.25	6967.0	13859.5	5528.396720391834	30563170.298039187																																																													268.591	267.3350476190476	267.113	266.245	266.759	266.947	267.623	268.059	0.6201685638751911	0.384609047619017																					slice_0021	slice_0001																																									19.14	14.402285714285714	15.371	7.173	8.024	14.033	17.108	17.924	3.6694958256258734	13.465199614285709	255.0	127.5	127.5	0.0	25.5	63.75	191.25	229.5	74.04503134354572	5482.666666666667	255	127.5	127.5	0	25.5	63.75	191.25	229.5	74.04503134354572	5482.666666666667											20	10.0	10.0	0	2.0	5.0	15.0	18.0	6.2048368229954285	38.5	255.0	127.5	127.5	0.0	25.5	63.75	191.25	229.5	74.04503134354572	5482.666666666667	255	127.5	127.5	0	25.5	63.75	191.25	229.5	74.04503134354572	5482.666666666667																																																			L394
18042023--s--Lm--st--L394--p--C06--pos004--tm--24--ch--Syto9--z--21	256.0	128.5	128.5	1.0	26.5	64.75	192.25	230.5	74.04503134354572	5482.666666666667	256	128.5	128.5	1	26.5	64.75	192.25	230.5	74.04503134354572	5482.666666666667																					0.082	0.063	0.071	0.035	0.036	0.057	0.075	0.078	0.0160156173780469	0.0002564999999999																					0.028	0.0251428571428571	0.025	0.022	0.023	0.024	0.026	0.027	0.0017113069358158	2.928571428571432e-06	608.0	456.3333333333333	508.0	273.0	289.0	401.0	547.0	567.0	107.57013216192183	11571.333333333332	18323.0	4096.0	970.0	0.0	5.0	35.25	6967.0	13859.5	5528.396720391834	30563170.298039187	17194	4096.0	670.0	0	2.0	20.5	7088.0	14484.5	5645.148269818543	31867698.98823529																																																													269.335	267.8870476190476	267.854	266.153	267.158	267.404	268.27	268.555	0.7088074122207272	0.5024079476190438																					slice_0021	slice_0001																																									14.954	11.475476190476192	12.922	6.357	6.548	10.334	13.669	14.225	2.9113077580195403	8.475712861904762	255.0	127.5	127.5	0.0	25.5	63.75	191.25	229.5	74.04503134354572	5482.666666666667	255	127.5	127.5	0	25.5	63.75	191.25	229.5	74.04503134354572	5482.666666666667											20	10.0	10.0	0	2.0	5.0	15.0	18.0	6.2048368229954285	38.5	255.0	127.5	127.5	0.0	25.5	63.75	191.25	229.5	74.04503134354572	5482.666666666667	255	127.5	127.5	0	25.5	63.75	191.25	229.5	74.04503134354572	5482.666666666667																																																			L394
18042023--s--Lm--st--L394--p--C06--pos005--tm--24--ch--Syto9--z--21	256.0	128.5	128.5	1.0	26.5	64.75	192.25	230.5	74.04503134354572	5482.666666666667	256	128.5	128.5	1	26.5	64.75	192.25	230.5	74.04503134354572	5482.666666666667																					0.126	0.0974285714285714	0.102	0.06	0.074	0.083	0.109	0.114	0.0170486698266211	0.0002906571428571																					0.028	0.0256190476190476	0.026	0.023	0.023	0.024	0.027	0.028	0.0017457431218879	3.0476190476190494e-06	936.0	698.047619047619	704.0	387.0	556.0	610.0	785.0	843.0	135.57782864114483	18381.34761904763	17194.0	4096.0	670.0	0.0	2.0	20.5	7088.0	14484.5	5645.148269818543	31867698.98823529	29600	4096.0	52.5	0	0.0	1.0	3477.5	17714.0	7784.1277718590545	60592645.16862741																																																													270.046	268.1219047619047	268.091	266.905	267.249	267.445	268.575	269.279	0.8665924015800247	0.7509823904762348																					slice_0021	slice_0001																																									22.995	17.75190476190476	18.584	10.838	13.547	15.093	19.852	20.755	3.1086344736035136	9.663608290476194	255.0	127.5	127.5	0.0	25.5	63.75	191.25	229.5	74.04503134354572	5482.666666666667	255	127.5	127.5	0	25.5	63.75	191.25	229.5	74.04503134354572	5482.666666666667											20	10.0	10.0	0	2.0	5.0	15.0	18.0	6.2048368229954285	38.5	255.0	127.5	127.5	0.0	25.5	63.75	191.25	229.5	74.04503134354572	5482.666666666667	255	127.5	127.5	0	25.5	63.75	191.25	229.5	74.04503134354572	5482.666666666667																																																			L394
18042023--s--Lm--st--L394--p--C07--pos001--tm--24--ch--Syto9--z--21	256.0	128.5	128.5	1.0	26.5	64.75	192.25	230.5	74.04503134354572	5482.666666666667	256	128.5	128.5	1	26.5	64.75	192.25	230.5	74.04503134354572	5482.666666666667																					0.1	0.0711428571428571	0.071	0.035	0.038	0.061	0.083	0.096	0.0209052283275876	0.0004370285714285																					0.028	0.0251428571428571	0.025	0.022	0.024	0.024	0.026	0.027	0.0015901482410679	2.528571428571427e-06	702.0	521.3333333333334	556.0	228.0	276.0	433.0	661.0	691.0	161.83211465383914	26189.63333333334	29600.0	4096.0	52.5	0.0	0.0	1.0	3477.5	17714.0	7784.1277718590545	60592645.16862741	26734	4096.0	47.0	0	0.0	1.0	3880.5	17639.5	7523.147642247816	56597750.44705888																																																													269.192	267.8907619047619	267.959	266.801	267.062	267.492	268.115	268.774	0.607265996476168	0.3687719904761932																					Ch1	Ch1																																									18.289	12.964904761904764	12.852	6.409	6.878	11.185	15.128	17.524	3.815168396083742	14.555509890476191	255.0	127.5	127.5	0.0	25.5	63.75	191.25	229.5	74.04503134354572	5482.666666666667	255	127.5	127.5	0	25.5	63.75	191.25	229.5	74.04503134354572	5482.666666666667											20	10.0	10.0	0	2.0	5.0	15.0	18.0	6.2048368229954285	38.5	255.0	127.5	127.5	0.0	25.5	63.75	191.25	229.5	74.04503134354572	5482.666666666667	255	127.5	127.5	0	25.5	63.75	191.25	229.5	74.04503134354572	5482.666666666667																																																			L394
18042023--s--Lm--st--L394--p--C07--pos002--tm--24--ch--Syto9--z--21	256.0	128.5	128.5	1.0	26.5	64.75	192.25	230.5	74.04503134354572	5482.666666666667	256	128.5	128.5	1	26.5	64.75	192.25	230.5	74.04503134354572	5482.666666666667																					0.17	0.1121904761904761	0.115	0.059	0.067	0.075	0.146	0.165	0.037691668903909	0.0014206619047619																					0.025	0.0236190476190476	0.024	0.022	0.023	0.023	0.024	0.024	0.0007400128699009	5.476190476190484e-07	1288.0	866.4761904761905	888.0	446.0	520.0	597.0	1126.0	1270.0	286.419381161195	82036.06190476191	26734.0	4096.0	47.0	0.0	0.0	1.0	3880.5	17639.5	7523.147642247816	56597750.44705888	19576	4096.0	773.0	0	3.0	27.0	6308.5	14636.5	5811.093945137669	33768812.83921567																																																													267.834	267.187	267.183	266.352	266.638	267.004	267.385	267.755	0.3966473244584027	0.1573291000000093																					slice_0021	slice_0001																																									30.915	20.41409523809524	20.963	10.699	12.123	13.634	26.591	30.012	6.867917187217402	47.16828649047619	255.0	127.5	127.5	0.0	25.5	63.75	191.25	229.5	74.04503134354572	5482.666666666667	255	127.5	127.5	0	25.5	63.75	191.25	229.5	74.04503134354572	5482.666666666667											20	10.0	10.0	0	2.0	5.0	15.0	18.0	6.2048368229954285	38.5	255.0	127.5	127.5	0.0	25.5	63.75	191.25	229.5	74.04503134354572	5482.666666666667	255	127.5	127.5	0	25.5	63.75	191.25	229.5	74.04503134354572	5482.666666666667																																																			L394
18042023--s--Lm--st--L394--p--C07--pos003--tm--24--ch--Syto9--z--21	256.0	128.5	128.5	1.0	26.5	64.75	192.25	230.5	74.04503134354572	5482.666666666667	256	128.5	128.5	1	26.5	64.75	192.25	230.5	74.04503134354572	5482.666666666667																					0.077	0.0643809523809523	0.07	0.036	0.037	0.061	0.073	0.077	0.0135848304754832	0.0001845476190476																					0.025	0.0231904761904761	0.023	0.022	0.022	0.023	0.024	0.024	0.0008728715609439	7.619047619047652e-07	634.0	504.7619047619048	554.0	279.0	302.0	458.0	568.0	584.0	106.4513526273409	11331.890476190476	19576.0	4096.0	773.0	0.0	3.0	27.0	6308.5	14636.5	5811.093945137669	33768812.83921567	12194	4096.0	2729.5	258	385.0	848.75	6853.25	10453.0	3743.595191371891	14014504.956862744																																																													267.823	267.15561904761904	267.217	265.79	266.626	266.819	267.445	267.754	0.4960510534401148	0.2460666476190476																					Ch1	Ch1																																									14.068	11.724238095238096	12.713	6.617	6.652	11.185	13.269	14.033	2.4706023537745185	6.10387599047619	255.0	127.5	127.5	0.0	25.5	63.75	191.25	229.5	74.04503134354572	5482.666666666667	255	127.5	127.5	0	25.5	63.75	191.25	229.5	74.04503134354572	5482.666666666667											20	10.0	10.0	0	2.0	5.0	15.0	18.0	6.2048368229954285	38.5	255.0	127.5	127.5	0.0	25.5	63.75	191.25	229.5	74.04503134354572	5482.666666666667	255	127.5	127.5	0	25.5	63.75	191.25	229.5	74.04503134354572	5482.666666666667																																																			L394
18042023--s--Lm--st--L394--p--C07--pos004--tm--24--ch--Syto9--z--21	256.0	128.5	128.5	1.0	26.5	64.75	192.25	230.5	74.04503134354572	5482.666666666667	256	128.5	128.5	1	26.5	64.75	192.25	230.5	74.04503134354572	5482.666666666667																					0.132	0.0968095238095238	0.104	0.049	0.053	0.069	0.119	0.128	0.029037250296161	0.0008431619047619																					0.024	0.0232380952380952	0.023	0.023	0.023	0.023	0.023	0.024	0.0004364357804719	1.904761904761905e-07	1050.0	756.4285714285714	807.0	395.0	412.0	539.0	929.0	995.0	224.47507020347967	50389.05714285713	12194.0	4096.0	2729.5	258.0	385.0	848.75	6853.25	10453.0	3743.595191371891	14014504.956862744	15264	4096.0	1824.0	19	57.0	258.5	6736.75	12527.5	4747.871646182894	22542285.168627467																																																													267.746	266.98661904761906	267.006	266.089	266.583	266.767	267.195	267.535	0.3951421865848351	0.1561373476190446																					slice_0021	slice_0001																																									24.072	17.62457142857143	19.018	8.945	9.622	12.557	21.728	23.239	5.283550951504381	27.91591065714285	255.0	127.5	127.5	0.0	25.5	63.75	191.25	229.5	74.04503134354572	5482.666666666667	255	127.5	127.5	0	25.5	63.75	191.25	229.5	74.04503134354572	5482.666666666667											20	10.0	10.0	0	2.0	5.0	15.0	18.0	6.2048368229954285	38.5	255.0	127.5	127.5	0.0	25.5	63.75	191.25	229.5	74.04503134354572	5482.666666666667	255	127.5	127.5	0	25.5	63.75	191.25	229.5	74.04503134354572	5482.666666666667																																																			L394
18042023--s--Lm--st--L394--p--C07--pos005--tm--24--ch--Syto9--z--21	256.0	128.5	128.5	1.0	26.5	64.75	192.25	230.5	74.04503134354572	5482.666666666667	256	128.5	128.5	1	26.5	64.75	192.25	230.5	74.04503134354572	5482.666666666667																					0.13	0.0812857142857143	0.087	0.023	0.027	0.039	0.118	0.12	0.0381302279787871	0.0014539142857142																					0.024	0.0229047619047619	0.023	0.022	0.022	0.022	0.024	0.024	0.0008309489698388	6.904761904761916e-07	994.0	640.9047619047619	694.0	180.0	219.0	329.0	913.0	951.0	292.2409801451372	85404.79047619048	15264.0	4096.0	1824.0	19.0	57.0	258.5	6736.75	12527.5	4747.871646182894	22542285.168627467	13097	4096.0	2380.5	19	78.0	343.5	7120.5	11326.5	4251.106485721237	18071906.352941167																																																													267.986	267.0855714285714	267.16	266.216	266.463	266.849	267.34	267.45	0.4317297269621852	0.1863905571428429																					slice_0021	slice_0001																																									23.586	14.786761904761905	15.909	4.134	4.828	7.138	21.432	21.866	6.950427360276214	48.30844049047617	255.0	127.5	127.5	0.0	25.5	63.75	191.25	229.5	74.04503134354572	5482.666666666667	255	127.5	127.5	0	25.5	63.75	191.25	229.5	74.04503134354572	5482.666666666667											20	10.0	10.0	0	2.0	5.0	15.0	18.0	6.2048368229954285	38.5	255.0	127.5	127.5	0.0	25.5	63.75	191.25	229.5	74.04503134354572	5482.666666666667	255	127.5	127.5	0	25.5	63.75	191.25	229.5	74.04503134354572	5482.666666666667																																																			L394
18042023--s--Lm--st--L394--p--C08--pos001--tm--24--ch--Syto9--z--21	256.0	128.5	128.5	1.0	26.5	64.75	192.25	230.5	74.04503134354572	5482.666666666667	256	128.5	128.5	1	26.5	64.75	192.25	230.5	74.04503134354572	5482.666666666667																					0.121	0.0691428571428571	0.064	0.031	0.046	0.054	0.084	0.102	0.0231717192160739	0.0005369285714285																					0.028	0.0252380952380952	0.025	0.022	0.024	0.025	0.026	0.027	0.0014800257398019	2.190476190476188e-06	861.0	503.57142857142856	463.0	209.0	304.0	389.0	612.0	736.0	173.95935485870586	30261.85714285715	13097.0	4096.0	2380.5	19.0	78.0	343.5	7120.5	11326.5	4251.106485721237	18071906.352941167	19343	4096.0	573.5	0	3.0	17.0	6628.75	15528.5	5962.825830288267	35555291.88235296																																																													268.934	267.94533333333334	268.118	266.911	267.296	267.424	268.433	268.707	0.6043342893906849	0.3652199333333441																					slice_0021	slice_0001																																									22.075	12.612666666666666	11.637	5.731	8.354	9.813	15.301	18.532	4.226186511896196	17.860652433333335	255.0	127.5	127.5	0.0	25.5	63.75	191.25	229.5	74.04503134354572	5482.666666666667	255	127.5	127.5	0	25.5	63.75	191.25	229.5	74.04503134354572	5482.666666666667											20	10.0	10.0	0	2.0	5.0	15.0	18.0	6.2048368229954285	38.5	255.0	127.5	127.5	0.0	25.5	63.75	191.25	229.5	74.04503134354572	5482.666666666667	255	127.5	127.5	0	25.5	63.75	191.25	229.5	74.04503134354572	5482.666666666667																																																			L394
18042023--s--Lm--st--L394--p--C08--pos002--tm--24--ch--Syto9--z--21	256.0	128.5	128.5	1.0	26.5	64.75	192.25	230.5	74.04503134354572	5482.666666666667	256	128.5	128.5	1	26.5	64.75	192.25	230.5	74.04503134354572	5482.666666666667																					0.117	0.0751428571428571	0.071	0.039	0.047	0.056	0.093	0.109	0.0241356286727437	0.0005825285714285																					0.028	0.0255238095238095	0.026	0.022	0.024	0.025	0.026	0.027	0.0014359334113755	2.0619047619047573e-06	842.0	540.2857142857143	504.0	254.0	330.0	433.0	664.0	763.0	178.7607739010835	31955.41428571429	19343.0	4096.0	573.5	0.0	3.0	17.0	6628.75	15528.5	5962.825830288267	35555291.88235296	24660	4096.0	227.5	0	1.0	4.0	5528.25	15769.0	6737.5380701751055	45394419.24705888																																																													268.944	268.0563333333333	267.995	267.001	267.257	267.758	268.548	268.769	0.5806251228919871	0.3371255333333351																					slice_0021	slice_0001																																									21.311	13.684380952380954	12.939	7.121	8.597	10.143	16.934	19.869	4.396826190289883	19.33208054761905	255.0	127.5	127.5	0.0	25.5	63.75	191.25	229.5	74.04503134354572	5482.666666666667	255	127.5	127.5	0	25.5	63.75	191.25	229.5	74.04503134354572	5482.666666666667											20	10.0	10.0	0	2.0	5.0	15.0	18.0	6.2048368229954285	38.5	255.0	127.5	127.5	0.0	25.5	63.75	191.25	229.5	74.04503134354572	5482.666666666667	255	127.5	127.5	0	25.5	63.75	191.25	229.5	74.04503134354572	5482.666666666667																																																			L394
18042023--s--Lm--st--L394--p--C08--pos003--tm--24--ch--Syto9--z--21	256.0	128.5	128.5	1.0	26.5	64.75	192.25	230.5	74.04503134354572	5482.666666666667	256	128.5	128.5	1	26.5	64.75	192.25	230.5	74.04503134354572	5482.666666666667																					0.14	0.1008095238095238	0.101	0.057	0.06	0.086	0.123	0.129	0.026269029383704	0.0006900619047619																					0.025	0.0232857142857142	0.023	0.022	0.023	0.023	0.024	0.024	0.0007171371656006	5.14285714285714e-07	1126.0	791.4285714285714	805.0	455.0	489.0	664.0	965.0	1012.0	207.26542679100427	42958.95714285715	24660.0	4096.0	227.5	0.0	1.0	4.0	5528.25	15769.0	6737.5380701751055	45394419.24705888	18842	4096.0	1040.5	1	8.0	64.0	6772.75	13748.0	5499.972364992959	30249696.015686247																																																													268.243	267.2248571428571	267.311	266.272	266.659	266.923	267.464	267.7	0.4516678299053817	0.2040038285714368																					slice_0021	slice_0001																																									25.566	18.37971428571429	18.323	10.404	10.89	15.736	22.335	23.569	4.7773735163043	22.82329771428571	255.0	127.5	127.5	0.0	25.5	63.75	191.25	229.5	74.04503134354572	5482.666666666667	255	127.5	127.5	0	25.5	63.75	191.25	229.5	74.04503134354572	5482.666666666667											20	10.0	10.0	0	2.0	5.0	15.0	18.0	6.2048368229954285	38.5	255.0	127.5	127.5	0.0	25.5	63.75	191.25	229.5	74.04503134354572	5482.666666666667	255	127.5	127.5	0	25.5	63.75	191.25	229.5	74.04503134354572	5482.666666666667																																																			L394
18042023--s--Lm--st--L394--p--C08--pos004--tm--24--ch--Syto9--z--21	256.0	128.5	128.5	1.0	26.5	64.75	192.25	230.5	74.04503134354572	5482.666666666667	256	128.5	128.5	1	26.5	64.75	192.25	230.5	74.04503134354572	5482.666666666667																					0.136	0.1021904761904761	0.107	0.054	0.059	0.082	0.125	0.134	0.0275456331341631	0.0007587619047619																					0.025	0.0239047619047619	0.024	0.022	0.023	0.024	0.024	0.025	0.0008890872794479	7.904761904761898e-07	1037.0	776.7619047619048	825.0	441.0	459.0	630.0	936.0	1009.0	205.2734529260676	42137.19047619049	18842.0	4096.0	1040.5	1.0	8.0	64.0	6772.75	13748.0	5499.972364992959	30249696.015686247	18462	4096.0	722.5	0	3.0	20.0	6700.25	14968.0	5746.962023027263	33027572.49411761																																																													268.415	267.38804761904765	267.274	266.791	267.009	267.125	267.547	268.028	0.4263160184875271	0.1817453476190576																					slice_0021	slice_0001																																									24.784	18.60947619047619	19.557	9.882	10.716	14.971	22.7	24.385	5.008388170050797	25.083952061904764	255.0	127.5	127.5	0.0	25.5	63.75	191.25	229.5	74.04503134354572	5482.666666666667	255	127.5	127.5	0	25.5	63.75	191.25	229.5	74.04503134354572	5482.666666666667											20	10.0	10.0	0	2.0	5.0	15.0	18.0	6.2048368229954285	38.5	255.0	127.5	127.5	0.0	25.5	63.75	191.25	229.5	74.04503134354572	5482.666666666667	255	127.5	127.5	0	25.5	63.75	191.25	229.5	74.04503134354572	5482.666666666667																																																			L394
18042023--s--Lm--st--L394--p--C08--pos005--tm--24--ch--Syto9--z--21	256.0	128.5	128.5	1.0	26.5	64.75	192.25	230.5	74.04503134354572	5482.666666666667	256	128.5	128.5	1	26.5	64.75	192.25	230.5	74.04503134354572	5482.666666666667																					0.12	0.0833809523809523	0.095	0.032	0.039	0.064	0.102	0.117	0.0284085835452529	0.0008070476190476																					0.025	0.0231904761904761	0.023	0.022	0.022	0.022	0.024	0.025	0.0010304876330673	1.061904761904764e-06	925.0	648.7619047619048	732.0	264.0	323.0	500.0	782.0	873.0	210.5794160790425	44343.69047619049	18462.0	4096.0	722.5	0.0	3.0	20.0	6700.25	14968.0	5746.962023027263	33027572.49411761	15700	4096.0	1264.5	0	5.5	49.75	7323.25	13292.5	5111.582836088652	26128279.0901961																																																													268.322	267.21066666666667	267.106	266.648	266.713	266.871	267.543	267.793	0.4537836856183168	0.2059196333333433																					slice_0021	slice_0001																																									21.919	15.188	17.333	5.87	7.19	11.619	18.636	21.328	5.174854780571144	26.77912200000002	255.0	127.5	127.5	0.0	25.5	63.75	191.25	229.5	74.04503134354572	5482.666666666667	255	127.5	127.5	0	25.5	63.75	191.25	229.5	74.04503134354572	5482.666666666667											20	10.0	10.0	0	2.0	5.0	15.0	18.0	6.2048368229954285	38.5	255.0	127.5	127.5	0.0	25.5	63.75	191.25	229.5	74.04503134354572	5482.666666666667	255	127.5	127.5	0	25.5	63.75	191.25	229.5	74.04503134354572	5482.666666666667																																																			L394
18042023--s--Lm--st--L394--p--D04--pos001--tm--24--ch--Syto9--z--21	256.0	128.5	128.5	1.0	26.5	64.75	192.25	230.5	74.04503134354572	5482.666666666667	256	128.5	128.5	1	26.5	64.75	192.25	230.5	74.04503134354572	5482.666666666667																					0.158	0.1055238095238095	0.113	0.056	0.06	0.065	0.13	0.153	0.0358030990943787	0.0012818619047619																					0.024	0.0231904761904761	0.023	0.022	0.022	0.023	0.024	0.024	0.0006796357567879	4.6190476190476246e-07	1223.0	823.7619047619048	861.0	457.0	493.0	525.0	1018.0	1196.0	273.5655140477148	74838.09047619047	15700.0	4096.0	1264.5	0.0	5.5	49.75	7323.25	13292.5	5111.582836088652	26128279.0901961	18580	4096.0	90.0	0	0.0	1.0	7590.0	15640.0	6123.289897483825	37494679.16862748																																																													270.072	269.152	269.09	268.59	268.719	268.917	269.213	269.732	0.395477559413943	0.1564025000000088																					slice_0021	slice_0001																																									28.848	19.20585714285714	20.599	10.247	10.925	11.758	23.673	27.893	6.545721497938287	42.846469928571445	255.0	127.5	127.5	0.0	25.5	63.75	191.25	229.5	74.04503134354572	5482.666666666667	255	127.5	127.5	0	25.5	63.75	191.25	229.5	74.04503134354572	5482.666666666667											20	10.0	10.0	0	2.0	5.0	15.0	18.0	6.2048368229954285	38.5	255.0	127.5	127.5	0.0	25.5	63.75	191.25	229.5	74.04503134354572	5482.666666666667	255	127.5	127.5	0	25.5	63.75	191.25	229.5	74.04503134354572	5482.666666666667																																																			L394
18042023--s--Lm--st--L394--p--D04--pos002--tm--24--ch--Syto9--z--21	256.0	128.5	128.5	1.0	26.5	64.75	192.25	230.5	74.04503134354572	5482.666666666667	256	128.5	128.5	1	26.5	64.75	192.25	230.5	74.04503134354572	5482.666666666667																					0.128	0.0878095238095238	0.098	0.048	0.05	0.053	0.117	0.122	0.0312787772261305	0.0009783619047619																					0.024	0.023	0.023	0.021	0.022	0.023	0.024	0.024	0.0008944271909999	8.000000000000014e-07	985.0	690.3809523809524	779.0	377.0	412.0	430.0	909.0	938.0	235.4199388731712	55422.54761904765	18580.0	4096.0	90.0	0.0	0.0	1.0	7590.0	15640.0	6123.289897483825	37494679.16862748	15859	4096.0	561.5	0	1.0	12.0	8175.25	13874.5	5454.619484940283	29752873.7254902																																																													269.941	269.18042857142854	269.224	268.174	268.726	268.888	269.494	269.638	0.4308336768903451	0.1856176571428543																					slice_0021	slice_0001																																									23.221	15.97942857142857	17.785	8.788	9.031	9.605	21.363	22.162	5.702014570057048	32.51297015714286	255.0	127.5	127.5	0.0	25.5	63.75	191.25	229.5	74.04503134354572	5482.666666666667	255	127.5	127.5	0	25.5	63.75	191.25	229.5	74.04503134354572	5482.666666666667											20	10.0	10.0	0	2.0	5.0	15.0	18.0	6.2048368229954285	38.5	255.0	127.5	127.5	0.0	25.5	63.75	191.25	229.5	74.04503134354572	5482.666666666667	255	127.5	127.5	0	25.5	63.75	191.25	229.5	74.04503134354572	5482.666666666667																																																			L394
18042023--s--Lm--st--L394--p--D04--pos003--tm--24--ch--Syto9--z--21	256.0	128.5	128.5	1.0	26.5	64.75	192.25	230.5	74.04503134354572	5482.666666666667	256	128.5	128.5	1	26.5	64.75	192.25	230.5	74.04503134354572	5482.666666666667																					0.149	0.0852380952380952	0.09	0.026	0.028	0.033	0.137	0.145	0.0484983553967603	0.0023520904761904																					0.024	0.0225714285714285	0.023	0.02	0.021	0.022	0.023	0.024	0.0010281745265969	1.057142857142858e-06	1181.0	685.8095238095239	749.0	216.0	241.0	270.0	1060.0	1156.0	382.5758250396409	146364.26190476192	15859.0	4096.0	561.5	0.0	1.0	12.0	8175.25	13874.5	5454.619484940283	29752873.7254902	14372	4096.0	1243.0	0	1.0	15.75	8056.75	12891.0	5011.539000441004	25115523.152941216																																																													269.808	268.8459047619048	268.784	268.141	268.27	268.548	269.007	269.431	0.4543725239010113	0.2064543904761751																					slice_0021	slice_0001																																									27.199	15.546142857142858	16.343	4.724	5.158	6.079	25.027	26.365	8.836946165309113	78.09161752857143	255.0	127.5	127.5	0.0	25.5	63.75	191.25	229.5	74.04503134354572	5482.666666666667	255	127.5	127.5	0	25.5	63.75	191.25	229.5	74.04503134354572	5482.666666666667											20	10.0	10.0	0	2.0	5.0	15.0	18.0	6.2048368229954285	38.5	255.0	127.5	127.5	0.0	25.5	63.75	191.25	229.5	74.04503134354572	5482.666666666667	255	127.5	127.5	0	25.5	63.75	191.25	229.5	74.04503134354572	5482.666666666667																																																			L394
18042023--s--Lm--st--L394--p--D04--pos004--tm--24--ch--Syto9--z--21	256.0	128.5	128.5	1.0	26.5	64.75	192.25	230.5	74.04503134354572	5482.666666666667	256	128.5	128.5	1	26.5	64.75	192.25	230.5	74.04503134354572	5482.666666666667																					0.148	0.0684285714285714	0.068	0.012	0.013	0.018	0.109	0.132	0.0487776295329851	0.0023792571428571																					0.024	0.0221904761904761	0.022	0.021	0.021	0.022	0.023	0.023	0.0008728715609439	7.619047619047612e-07	1191.0	559.1904761904761	582.0	102.0	107.0	147.0	895.0	1050.0	391.8711036868653	153562.9619047619	14372.0	4096.0	1243.0	0.0	1.0	15.75	8056.75	12891.0	5011.539000441004	25115523.152941216	12581	4096.0	1724.5	0	3.0	63.75	8310.25	11706.5	4564.90267920229	20838336.47058824																																																													271.681	269.11895238095235	268.985	267.423	268.028	268.714	269.811	270.081	0.9558197777923768	0.9135914476190686																					slice_0021	slice_0001																																									26.869	12.46204761904762	12.436	2.24	2.379	3.196	19.817	24.124	8.87847977683224	78.82740314761905	255.0	127.5	127.5	0.0	25.5	63.75	191.25	229.5	74.04503134354572	5482.666666666667	255	127.5	127.5	0	25.5	63.75	191.25	229.5	74.04503134354572	5482.666666666667											20	10.0	10.0	0	2.0	5.0	15.0	18.0	6.2048368229954285	38.5	255.0	127.5	127.5	0.0	25.5	63.75	191.25	229.5	74.04503134354572	5482.666666666667	255	127.5	127.5	0	25.5	63.75	191.25	229.5	74.04503134354572	5482.666666666667																																																			L394
18042023--s--Lm--st--L394--p--D04--pos005--tm--24--ch--Syto9--z--21	256.0	128.5	128.5	1.0	26.5	64.75	192.25	230.5	74.04503134354572	5482.666666666667	256	128.5	128.5	1	26.5	64.75	192.25	230.5	74.04503134354572	5482.666666666667																					0.128	0.092	0.091	0.049	0.054	0.06	0.127	0.127	0.0314674434932359	0.0009901999999999																					0.024	0.0229523809523809	0.023	0.021	0.022	0.023	0.024	0.024	0.0009206622874969	8.476190476190496e-07	1021.0	725.3333333333334	697.0	402.0	435.0	524.0	964.0	989.0	234.9102665558347	55182.833333333314	12581.0	4096.0	1724.5	0.0	3.0	63.75	8310.25	11706.5	4564.90267920229	20838336.47058824	16532	4096.0	458.5	0	0.0	5.75	7724.25	14230.5	5627.810042504085	31672245.874509823																																																													270.311	269.0932857142857	269.062	268.326	268.449	268.868	269.251	269.697	0.4725647196794516	0.2233174142857187																					slice_0021	slice_0001																																									23.378	16.76104761904762	16.517	8.979	9.744	11.011	23.065	23.204	5.733519377103304	32.87324444761906	255.0	127.5	127.5	0.0	25.5	63.75	191.25	229.5	74.04503134354572	5482.666666666667	255	127.5	127.5	0	25.5	63.75	191.25	229.5	74.04503134354572	5482.666666666667											20	10.0	10.0	0	2.0	5.0	15.0	18.0	6.2048368229954285	38.5	255.0	127.5	127.5	0.0	25.5	63.75	191.25	229.5	74.04503134354572	5482.666666666667	255	127.5	127.5	0	25.5	63.75	191.25	229.5	74.04503134354572	5482.666666666667																																																			L394
18042023--s--Lm--st--L394--p--D05--pos001--tm--24--ch--Syto9--z--21	256.0	128.5	128.5	1.0	26.5	64.75	192.25	230.5	74.04503134354572	5482.666666666667	256	128.5	128.5	1	26.5	64.75	192.25	230.5	74.04503134354572	5482.666666666667																					0.337	0.2172857142857142	0.261	0.058	0.071	0.129	0.305	0.329	0.1013203547453042	0.0102658142857142																					0.024	0.0231904761904761	0.023	0.022	0.022	0.023	0.024	0.024	0.0006796357567879	4.619047619047644e-07	2580.0	1691.428571428571	1994.0	490.0	566.0	993.0	2377.0	2560.0	770.6379546472241	593882.857142857	16532.0	4096.0	458.5	0.0	0.0	5.75	7724.25	14230.5	5627.810042504085	31672245.874509823	16772	4096.0	723.5	0	0.0	5.75	7643.25	13894.0	5456.709579526304	29775679.43529413																																																													269.414	269.01319047619046	269.025	268.335	268.715	268.919	269.224	269.29	0.2780468699783555	0.0773100619047605																					Ch1	Ch1																																									61.344	39.55795238095238	47.484	10.629	12.887	23.534	55.578	59.833	18.44711638028066	340.2961027476192	255.0	127.5	127.5	0.0	25.5	63.75	191.25	229.5	74.04503134354572	5482.666666666667	255	127.5	127.5	0	25.5	63.75	191.25	229.5	74.04503134354572	5482.666666666667											20	10.0	10.0	0	2.0	5.0	15.0	18.0	6.2048368229954285	38.5	255.0	127.5	127.5	0.0	25.5	63.75	191.25	229.5	74.04503134354572	5482.666666666667	255	127.5	127.5	0	25.5	63.75	191.25	229.5	74.04503134354572	5482.666666666667																																																			L394
18042023--s--Lm--st--L394--p--D05--pos002--tm--24--ch--Syto9--z--21	256.0	128.5	128.5	1.0	26.5	64.75	192.25	230.5	74.04503134354572	5482.666666666667	256	128.5	128.5	1	26.5	64.75	192.25	230.5	74.04503134354572	5482.666666666667																					0.311	0.1945238095238095	0.224	0.061	0.075	0.087	0.281	0.301	0.0932247923288751	0.0086908619047619																					0.024	0.0228571428571428	0.023	0.022	0.022	0.023	0.023	0.023	0.0004780914437337	2.285714285714289e-07	2439.0	1535.2380952380952	1750.0	489.0	590.0	703.0	2234.0	2307.0	720.3297789736242	518874.9904761904	16772.0	4096.0	723.5	0.0	0.0	5.75	7643.25	13894.0	5456.709579526304	29775679.43529413	14868	4096.0	891.5	0	0.0	10.75	8281.25	13110.0	5150.415045906304	26526775.145098034																																																													269.41	268.72133333333335	268.713	268.015	268.262	268.421	269.011	269.201	0.3974174547416637	0.1579406333333423																					slice_0021	slice_0001																																									56.585	35.43761904761905	40.711	11.168	13.703	15.892	51.132	54.779	16.970304739385767	287.99124294761907	255.0	127.5	127.5	0.0	25.5	63.75	191.25	229.5	74.04503134354572	5482.666666666667	255	127.5	127.5	0	25.5	63.75	191.25	229.5	74.04503134354572	5482.666666666667											20	10.0	10.0	0	2.0	5.0	15.0	18.0	6.2048368229954285	38.5	255.0	127.5	127.5	0.0	25.5	63.75	191.25	229.5	74.04503134354572	5482.666666666667	255	127.5	127.5	0	25.5	63.75	191.25	229.5	74.04503134354572	5482.666666666667																																																			L394
18042023--s--Lm--st--L394--p--D05--pos003--tm--24--ch--Syto9--z--21	256.0	128.5	128.5	1.0	26.5	64.75	192.25	230.5	74.04503134354572	5482.666666666667	256	128.5	128.5	1	26.5	64.75	192.25	230.5	74.04503134354572	5482.666666666667																					0.423	0.1909047619047619	0.172	0.007	0.01	0.025	0.339	0.409	0.1612612491461928	0.0260051904761904																					0.024	0.0229047619047619	0.023	0.02	0.022	0.023	0.023	0.024	0.0008309489698388	6.904761904761905e-07	3273.0	1497.809523809524	1359.0	66.0	80.0	198.0	2644.0	3172.0	1256.246298265098	1578154.7619047617	14868.0	4096.0	891.5	0.0	0.0	10.75	8281.25	13110.0	5150.415045906304	26526775.145098034	12368	4096.0	2264.5	1	15.0	179.25	7838.0	11069.0	4274.351590775919	18270081.521568637																																																													271.016	269.0636666666667	268.969	267.686	268.172	268.676	269.422	269.956	0.7991189732031972	0.6385911333333323																					slice_0021	slice_0001																																									77.097	34.772619047619045	31.402	1.337	1.737	4.533	61.813	74.492	29.373003526156783	862.773336147619	255.0	127.5	127.5	0.0	25.5	63.75	191.25	229.5	74.04503134354572	5482.666666666667	255	127.5	127.5	0	25.5	63.75	191.25	229.5	74.04503134354572	5482.666666666667											20	10.0	10.0	0	2.0	5.0	15.0	18.0	6.2048368229954285	38.5	255.0	127.5	127.5	0.0	25.5	63.75	191.25	229.5	74.04503134354572	5482.666666666667	255	127.5	127.5	0	25.5	63.75	191.25	229.5	74.04503134354572	5482.666666666667																																																			L394
18042023--s--Lm--st--L394--p--D05--pos004--tm--24--ch--Syto9--z--21	256.0	128.5	128.5	1.0	26.5	64.75	192.25	230.5	74.04503134354572	5482.666666666667	256	128.5	128.5	1	26.5	64.75	192.25	230.5	74.04503134354572	5482.666666666667																					0.135	0.0845238095238095	0.096	0.03	0.031	0.034	0.128	0.132	0.0423610895133954	0.0017944619047619																					0.025	0.0228571428571428	0.023	0.021	0.022	0.022	0.023	0.024	0.0010141851056742	1.02857142857143e-06	1049.0	664.8571428571429	785.0	245.0	256.0	278.0	983.0	1002.0	321.2398303003981	103195.0285714286	12368.0	4096.0	2264.5	1.0	15.0	179.25	7838.0	11069.0	4274.351590775919	18270081.521568637	14108	4096.0	1083.0	0	1.0	15.0	8096.75	12917.0	5025.981776298662	25260492.81568625																																																													270.07	268.84257142857143	268.863	267.649	268.102	268.526	269.147	269.367	0.5502380913230785	0.3027619571428644																					slice_0021	slice_0001																																									24.628	15.389857142857144	17.49	5.419	5.731	6.148	23.325	23.951	7.7239601907681665	59.65956102857142	255.0	127.5	127.5	0.0	25.5	63.75	191.25	229.5	74.04503134354572	5482.666666666667	255	127.5	127.5	0	25.5	63.75	191.25	229.5	74.04503134354572	5482.666666666667											20	10.0	10.0	0	2.0	5.0	15.0	18.0	6.2048368229954285	38.5	255.0	127.5	127.5	0.0	25.5	63.75	191.25	229.5	74.04503134354572	5482.666666666667	255	127.5	127.5	0	25.5	63.75	191.25	229.5	74.04503134354572	5482.666666666667																																																			L394
18042023--s--Lm--st--L394--p--D05--pos005--tm--24--ch--Syto9--z--21	256.0	128.5	128.5	1.0	26.5	64.75	192.25	230.5	74.04503134354572	5482.666666666667	256	128.5	128.5	1	26.5	64.75	192.25	230.5	74.04503134354572	5482.666666666667																					0.309	0.1331904761904762	0.115	0.007	0.013	0.026	0.224	0.295	0.1097768732691995	0.0120509619047619																					0.023	0.0226190476190476	0.023	0.02	0.022	0.022	0.023	0.023	0.0007400128699009	5.476190476190485e-07	2412.0	1060.6666666666667	904.0	69.0	103.0	210.0	1814.0	2340.0	868.8337777350357	754872.1333333334	14108.0	4096.0	1083.0	0.0	1.0	15.0	8096.75	12917.0	5025.981776298662	25260492.81568625	14573	4096.0	869.5	0	0.0	4.0	8157.75	13108.5	5145.076573678921	26471812.949019626																																																													270.198	268.8948571428572	268.821	267.562	268.331	268.526	269.241	269.692	0.6028841750879048	0.3634693285714235																					slice_0021	slice_0001																																									56.342	24.269	21.015	1.355	2.362	4.707	40.78	53.702	19.99862353263344	399.9449432	255.0	127.5	127.5	0.0	25.5	63.75	191.25	229.5	74.04503134354572	5482.666666666667	255	127.5	127.5	0	25.5	63.75	191.25	229.5	74.04503134354572	5482.666666666667											20	10.0	10.0	0	2.0	5.0	15.0	18.0	6.2048368229954285	38.5	255.0	127.5	127.5	0.0	25.5	63.75	191.25	229.5	74.04503134354572	5482.666666666667	255	127.5	127.5	0	25.5	63.75	191.25	229.5	74.04503134354572	5482.666666666667																																																			L394
18042023--s--Lm--st--L394--p--D06--pos001--tm--24--ch--Syto9--z--21	256.0	128.5	128.5	1.0	26.5	64.75	192.25	230.5	74.04503134354572	5482.666666666667	256	128.5	128.5	1	26.5	64.75	192.25	230.5	74.04503134354572	5482.666666666667																					0.221	0.157	0.169	0.073	0.088	0.105	0.202	0.217	0.0521037426678736	0.0027148																					0.025	0.0234761904761904	0.024	0.022	0.022	0.023	0.024	0.024	0.0009283882603225	8.619047619047633e-07	1711.0	1211.095238095238	1272.0	585.0	728.0	850.0	1556.0	1669.0	392.06924194100014	153718.2904761905	14573.0	4096.0	869.5	0.0	0.0	4.0	8157.75	13108.5	5145.076573678921	26471812.949019626	18529	4096.0	246.5	0	0.0	2.75	7184.0	15645.0	6034.189098663665	36411438.07843142																																																													269.764	269.02147619047616	269.014	268.347	268.517	268.695	269.285	269.492	0.3946975575105258	0.1557861619047748																					slice_0021	slice_0001																																									40.294	28.578904761904763	30.742	13.235	16.083	19.088	36.716	39.478	9.497147076384367	90.19580259047618	255.0	127.5	127.5	0.0	25.5	63.75	191.25	229.5	74.04503134354572	5482.666666666667	255	127.5	127.5	0	25.5	63.75	191.25	229.5	74.04503134354572	5482.666666666667											20	10.0	10.0	0	2.0	5.0	15.0	18.0	6.2048368229954285	38.5	255.0	127.5	127.5	0.0	25.5	63.75	191.25	229.5	74.04503134354572	5482.666666666667	255	127.5	127.5	0	25.5	63.75	191.25	229.5	74.04503134354572	5482.666666666667																																																			L394
18042023--s--Lm--st--L394--p--D06--pos002--tm--24--ch--Syto9--z--21	256.0	128.5	128.5	1.0	26.5	64.75	192.25	230.5	74.04503134354572	5482.666666666667	256	128.5	128.5	1	26.5	64.75	192.25	230.5	74.04503134354572	5482.666666666667																					0.185	0.1338095238095238	0.144	0.077	0.082	0.09	0.176	0.18	0.0420066888097824	0.0017645619047619																					0.025	0.0232380952380952	0.023	0.022	0.022	0.023	0.024	0.024	0.0008309489698388	6.904761904761944e-07	1433.0	1039.142857142857	1106.0	621.0	671.0	698.0	1359.0	1398.0	316.1988750318833	99981.72857142855	18529.0	4096.0	246.5	0.0	0.0	2.75	7184.0	15645.0	6034.189098663665	36411438.07843142	14374	4096.0	1026.0	0	0.0	10.25	8459.75	12647.0	5039.178403310621	25393318.98039218																																																													269.833	269.2562857142857	269.199	268.824	269.013	269.055	269.507	269.602	0.2758295022033005	0.0760819142857205																					slice_0021	slice_0001																																									33.607	24.364142857142856	26.191	13.947	14.919	16.326	32.079	32.722	7.646736109515707	58.47257312857141	255.0	127.5	127.5	0.0	25.5	63.75	191.25	229.5	74.04503134354572	5482.666666666667	255	127.5	127.5	0	25.5	63.75	191.25	229.5	74.04503134354572	5482.666666666667											20	10.0	10.0	0	2.0	5.0	15.0	18.0	6.2048368229954285	38.5	255.0	127.5	127.5	0.0	25.5	63.75	191.25	229.5	74.04503134354572	5482.666666666667	255	127.5	127.5	0	25.5	63.75	191.25	229.5	74.04503134354572	5482.666666666667																																																			L394
18042023--s--Lm--st--L394--p--D06--pos003--tm--24--ch--Syto9--z--21	256.0	128.5	128.5	1.0	26.5	64.75	192.25	230.5	74.04503134354572	5482.666666666667	256	128.5	128.5	1	26.5	64.75	192.25	230.5	74.04503134354572	5482.666666666667																					0.159	0.0828095238095238	0.087	0.023	0.027	0.03	0.119	0.145	0.0480880640571223	0.0023124619047619																					0.023	0.0223333333333333	0.023	0.021	0.021	0.022	0.023	0.023	0.0007958224257542	6.333333333333327e-07	1267.0	670.2857142857143	719.0	200.0	222.0	257.0	947.0	1163.0	381.1108949973935	145245.51428571428	14374.0	4096.0	1026.0	0.0	0.0	10.25	8459.75	12647.0	5039.178403310621	25393318.98039218	14947	4096.0	1117.0	0	0.5	13.5	8089.25	13268.0	5141.5468192089465	26435503.69411764																																																													270.335	269.0082380952381	269.006	267.429	268.462	268.801	269.248	269.635	0.5675767705572295	0.3221433904761739																					slice_0021	slice_0001																																									28.901	15.078952380952382	15.84	4.273	4.863	5.419	21.762	26.434	8.758328918670447	76.70832544761905	255.0	127.5	127.5	0.0	25.5	63.75	191.25	229.5	74.04503134354572	5482.666666666667	255	127.5	127.5	0	25.5	63.75	191.25	229.5	74.04503134354572	5482.666666666667											20	10.0	10.0	0	2.0	5.0	15.0	18.0	6.2048368229954285	38.5	255.0	127.5	127.5	0.0	25.5	63.75	191.25	229.5	74.04503134354572	5482.666666666667	255	127.5	127.5	0	25.5	63.75	191.25	229.5	74.04503134354572	5482.666666666667																																																			L394
18042023--s--Lm--st--L394--p--D06--pos004--tm--24--ch--Syto9--z--21	256.0	128.5	128.5	1.0	26.5	64.75	192.25	230.5	74.04503134354572	5482.666666666667	256	128.5	128.5	1	26.5	64.75	192.25	230.5	74.04503134354572	5482.666666666667																					0.156	0.1082857142857142	0.119	0.057	0.064	0.067	0.138	0.148	0.0352649157905457	0.0012436142857142																					0.025	0.0232380952380952	0.023	0.022	0.022	0.023	0.024	0.024	0.0008309489698388	6.904761904761945e-07	1189.0	843.7619047619048	875.0	450.0	520.0	548.0	1071.0	1148.0	260.17972725827525	67693.49047619049	14947.0	4096.0	1117.0	0.0	0.5	13.5	8089.25	13268.0	5141.5468192089465	26435503.69411764	17843	4096.0	256.0	0	0.0	1.75	8127.5	14506.0	5793.615634945953	33565982.1254902																																																													270.111	269.1210476190476	269.013	268.396	268.61	268.916	269.392	269.582	0.4194378948295565	0.1759281476190501																					slice_0021	slice_0001																																									28.345	19.707	21.623	10.299	11.619	12.227	25.166	26.973	6.428190694122258	41.3216356	255.0	127.5	127.5	0.0	25.5	63.75	191.25	229.5	74.04503134354572	5482.666666666667	255	127.5	127.5	0	25.5	63.75	191.25	229.5	74.04503134354572	5482.666666666667											20	10.0	10.0	0	2.0	5.0	15.0	18.0	6.2048368229954285	38.5	255.0	127.5	127.5	0.0	25.5	63.75	191.25	229.5	74.04503134354572	5482.666666666667	255	127.5	127.5	0	25.5	63.75	191.25	229.5	74.04503134354572	5482.666666666667																																																			L394
18042023--s--Lm--st--L394--p--D06--pos005--tm--24--ch--Syto9--z--21	256.0	128.5	128.5	1.0	26.5	64.75	192.25	230.5	74.04503134354572	5482.666666666667	256	128.5	128.5	1	26.5	64.75	192.25	230.5	74.04503134354572	5482.666666666667																					0.157	0.0888571428571428	0.093	0.03	0.034	0.035	0.134	0.151	0.0484750303912083	0.0023498285714285																					0.024	0.0227619047619047	0.023	0.021	0.022	0.022	0.023	0.024	0.0008309489698388	6.904761904761909e-07	1258.0	705.1904761904761	740.0	257.0	267.0	288.0	1059.0	1200.0	375.7707571176367	141203.6619047619	17843.0	4096.0	256.0	0.0	0.0	1.75	8127.5	14506.0	5793.615634945953	33565982.1254902	15707	4096.0	419.0	0	0.0	1.0	8162.75	14140.5	5526.859932522761	30546180.71372549																																																													270.293	269.1301904761905	269.135	268.448	268.474	268.741	269.395	269.712	0.4971260020404808	0.2471342619047521																					slice_0021	slice_0001																																									28.64	16.191238095238095	16.864	5.454	6.183	6.409	24.489	27.546	8.837786651106496	78.10647289047617	255.0	127.5	127.5	0.0	25.5	63.75	191.25	229.5	74.04503134354572	5482.666666666667	255	127.5	127.5	0	25.5	63.75	191.25	229.5	74.04503134354572	5482.666666666667											20	10.0	10.0	0	2.0	5.0	15.0	18.0	6.2048368229954285	38.5	255.0	127.5	127.5	0.0	25.5	63.75	191.25	229.5	74.04503134354572	5482.666666666667	255	127.5	127.5	0	25.5	63.75	191.25	229.5	74.04503134354572	5482.666666666667																																																			L394
18042023--s--Lm--st--L394--p--D08--pos001--tm--24--ch--Syto9--z--21	256.0	128.5	128.5	1.0	26.5	64.75	192.25	230.5	74.04503134354572	5482.666666666667	256	128.5	128.5	1	26.5	64.75	192.25	230.5	74.04503134354572	5482.666666666667																					0.462	0.2729523809523809	0.325	0.05	0.054	0.094	0.411	0.441	0.1578260042548363	0.0249090476190476																					0.024	0.0234761904761904	0.024	0.022	0.022	0.023	0.024	0.024	0.0007496030695673	5.619047619047643e-07	3458.0	2089.619047619048	2486.0	394.0	455.0	768.0	3220.0	3329.0	1188.9979594679914	1413716.1476190477	15707.0	4096.0	419.0	0.0	0.0	1.0	8162.75	14140.5	5526.859932522761	30546180.71372549	13134	4096.0	1906.5	7	27.0	168.0	7783.5	11798.0	4507.525493060271	20317786.07058823																																																													270.051	269.17723809523807	269.221	268.396	268.79	268.95	269.413	269.489	0.3841757286401513	0.1475909904761912																					Ch1	Ch1																																									84.166	49.70671428571429	59.121	9.118	9.882	17.073	74.839	80.241	28.747707547112093	826.4306892142856	255.0	127.5	127.5	0.0	25.5	63.75	191.25	229.5	74.04503134354572	5482.666666666667	255	127.5	127.5	0	25.5	63.75	191.25	229.5	74.04503134354572	5482.666666666667											20	10.0	10.0	0	2.0	5.0	15.0	18.0	6.2048368229954285	38.5	255.0	127.5	127.5	0.0	25.5	63.75	191.25	229.5	74.04503134354572	5482.666666666667	255	127.5	127.5	0	25.5	63.75	191.25	229.5	74.04503134354572	5482.666666666667																																																			L394
18042023--s--Lm--st--L394--p--D08--pos002--tm--24--ch--Syto9--z--21	256.0	128.5	128.5	1.0	26.5	64.75	192.25	230.5	74.04503134354572	5482.666666666667	256	128.5	128.5	1	26.5	64.75	192.25	230.5	74.04503134354572	5482.666666666667																					0.3	0.1884761904761905	0.195	0.059	0.078	0.083	0.276	0.279	0.0925800297297527	0.0085710619047619																					0.024	0.0229523809523809	0.023	0.022	0.022	0.023	0.023	0.023	0.0004976133515281	2.476190476190478e-07	2350.0	1488.2857142857142	1595.0	488.0	610.0	678.0	2168.0	2214.0	717.4483356212587	514732.1142857144	13134.0	4096.0	1906.5	7.0	27.0	168.0	7783.5	11798.0	4507.525493060271	20317786.07058823	14232	4096.0	1007.5	0	2.0	19.5	8329.25	12751.5	5028.739396863652	25288219.9215686																																																													269.27	268.83909523809524	268.805	268.276	268.467	268.744	269.046	269.169	0.2522115986155129	0.0636106904761925																					slice_0021	slice_0001																																									54.571	34.307904761904766	35.535	10.768	14.155	15.18	50.229	50.854	16.84987813577523	283.9183931904762	255.0	127.5	127.5	0.0	25.5	63.75	191.25	229.5	74.04503134354572	5482.666666666667	255	127.5	127.5	0	25.5	63.75	191.25	229.5	74.04503134354572	5482.666666666667											20	10.0	10.0	0	2.0	5.0	15.0	18.0	6.2048368229954285	38.5	255.0	127.5	127.5	0.0	25.5	63.75	191.25	229.5	74.04503134354572	5482.666666666667	255	127.5	127.5	0	25.5	63.75	191.25	229.5	74.04503134354572	5482.666666666667																																																			L394
18042023--s--Lm--st--L394--p--D08--pos003--tm--24--ch--Syto9--z--21	256.0	128.5	128.5	1.0	26.5	64.75	192.25	230.5	74.04503134354572	5482.666666666667	256	128.5	128.5	1	26.5	64.75	192.25	230.5	74.04503134354572	5482.666666666667																					0.371	0.1979523809523809	0.231	0.023	0.033	0.047	0.328	0.349	0.1361210770565955	0.0185289476190476																					0.024	0.0233809523809523	0.024	0.022	0.022	0.023	0.024	0.024	0.0008047478161629	6.476190476190469e-07	2830.0	1521.3809523809523	1746.0	177.0	275.0	379.0	2545.0	2688.0	1034.6646546679012	1070530.9476190477	14232.0	4096.0	1007.5	0.0	2.0	19.5	8329.25	12751.5	5028.739396863652	25288219.9215686	13146	4096.0	1440.5	0	3.0	43.75	8521.25	11976.0	4749.025267171703	22553240.988235258																																																													269.762	269.2261904761905	269.213	268.02	268.796	269.029	269.504	269.663	0.4128284896960987	0.1704273619047619																					slice_0021	slice_0001																																									67.562	36.06538095238096	42.031	4.238	6.096	8.528	59.66	63.637	24.793041554993188	614.694909547619	255.0	127.5	127.5	0.0	25.5	63.75	191.25	229.5	74.04503134354572	5482.666666666667	255	127.5	127.5	0	25.5	63.75	191.25	229.5	74.04503134354572	5482.666666666667											20	10.0	10.0	0	2.0	5.0	15.0	18.0	6.2048368229954285	38.5	255.0	127.5	127.5	0.0	25.5	63.75	191.25	229.5	74.04503134354572	5482.666666666667	255	127.5	127.5	0	25.5	63.75	191.25	229.5	74.04503134354572	5482.666666666667																																																			L394
18042023--s--Lm--st--L394--p--D08--pos004--tm--24--ch--Syto9--z--21	256.0	128.5	128.5	1.0	26.5	64.75	192.25	230.5	74.04503134354572	5482.666666666667	256	128.5	128.5	1	26.5	64.75	192.25	230.5	74.04503134354572	5482.666666666667																					0.231	0.1354285714285714	0.145	0.038	0.046	0.057	0.192	0.227	0.0744087168472696	0.0055366571428571																					0.024	0.0228095238095238	0.023	0.022	0.022	0.022	0.023	0.023	0.0006015852075182	3.619047619047631e-07	1812.0	1073.3333333333333	1191.0	316.0	382.0	458.0	1512.0	1761.0	575.8439314027138	331596.23333333334	13146.0	4096.0	1440.5	0.0	3.0	43.75	8521.25	11976.0	4749.025267171703	22553240.988235258	13156	4096.0	1629.5	0	1.0	34.75	8613.75	11586.0	4638.811723267243	21518574.203921605																																																													270.585	268.9712380952381	268.972	267.918	268.271	268.661	269.293	269.391	0.5620679589481868	0.3159203904761806																					slice_0021	slice_0001																																									42.135	24.662761904761904	26.434	6.878	8.458	10.369	34.945	41.336	13.546909241243045	183.51874999047615	255.0	127.5	127.5	0.0	25.5	63.75	191.25	229.5	74.04503134354572	5482.666666666667	255	127.5	127.5	0	25.5	63.75	191.25	229.5	74.04503134354572	5482.666666666667											20	10.0	10.0	0	2.0	5.0	15.0	18.0	6.2048368229954285	38.5	255.0	127.5	127.5	0.0	25.5	63.75	191.25	229.5	74.04503134354572	5482.666666666667	255	127.5	127.5	0	25.5	63.75	191.25	229.5	74.04503134354572	5482.666666666667																																																			L394
18042023--s--Lm--st--L394--p--D08--pos005--tm--24--ch--Syto9--z--21	256.0	128.5	128.5	1.0	26.5	64.75	192.25	230.5	74.04503134354572	5482.666666666667	256	128.5	128.5	1	26.5	64.75	192.25	230.5	74.04503134354572	5482.666666666667																					0.367	0.1399999999999999	0.09	0.009	0.013	0.021	0.255	0.332	0.1303019570075599	0.0169786																					0.024	0.0227619047619047	0.023	0.021	0.022	0.023	0.023	0.023	0.0007684244858645	5.904761904761915e-07	2848.0	1096.7619047619048	706.0	71.0	113.0	165.0	1999.0	2595.0	1013.1275785784288	1026427.4904761908	13156.0	4096.0	1629.5	0.0	1.0	34.75	8613.75	11586.0	4638.811723267243	21518574.203921605	11514	4096.0	2282.0	0	4.5	112.5	8389.5	10792.0	4256.802948361184	18120371.34117646																																																													272.047	269.35219047619046	269.096	268.425	268.77	268.962	269.41	270.062	0.8380446658172539	0.7023188619047527																					slice_0021	slice_0001																																									66.78	25.47819047619048	16.396	1.65	2.327	3.734	46.39	60.424	23.73812822363854	563.4987315619046	255.0	127.5	127.5	0.0	25.5	63.75	191.25	229.5	74.04503134354572	5482.666666666667	255	127.5	127.5	0	25.5	63.75	191.25	229.5	74.04503134354572	5482.666666666667											20	10.0	10.0	0	2.0	5.0	15.0	18.0	6.2048368229954285	38.5	255.0	127.5	127.5	0.0	25.5	63.75	191.25	229.5	74.04503134354572	5482.666666666667	255	127.5	127.5	0	25.5	63.75	191.25	229.5	74.04503134354572	5482.666666666667																																																			L394
23052023--s--Lm--st--19115--p--F03--pos001--tm--24--ch--Syto9--z--21	256.0	128.5	128.5	1.0	26.5	64.75	192.25	230.5	74.04503134354572	5482.666666666667	256	128.5	128.5	1	26.5	64.75	192.25	230.5	74.04503134354572	5482.666666666667																					0.181	0.0642380952380952	0.041	0.004	0.006	0.009	0.11	0.155	0.0615986239796837	0.0037943904761904																					0.035	0.0304285714285714	0.03	0.028	0.029	0.029	0.031	0.032	0.0015991068935949	2.557142857142857e-06	1108.0	390.04761904761904	249.0	23.0	33.0	56.0	685.0	918.0	372.61957492736167	138845.34761904768	11514.0	4096.0	2282.0	0.0	4.5	112.5	8389.5	10792.0	4256.802948361184	18120371.34117646	32347	4096.0	36.5	0	1.0	4.0	3659.5	18106.5	7616.436786679855	58010109.32549016																																																													277.578	273.9229523809524	273.398	271.421	272.232	273.0	274.794	276.58	1.823399667549347	3.324786347619068																					slice_0021	slice_0001																																									33.052	11.71604761904762	7.538	0.799	1.042	1.633	20.008	28.31	11.237554033134568	126.282620647619	255.0	127.5	127.5	0.0	25.5	63.75	191.25	229.5	74.04503134354572	5482.666666666667	255	127.5	127.5	0	25.5	63.75	191.25	229.5	74.04503134354572	5482.666666666667											20	10.0	10.0	0	2.0	5.0	15.0	18.0	6.2048368229954285	38.5	255.0	127.5	127.5	0.0	25.5	63.75	191.25	229.5	74.04503134354572	5482.666666666667	255	127.5	127.5	0	25.5	63.75	191.25	229.5	74.04503134354572	5482.666666666667																																																			19115
23052023--s--Lm--st--19115--p--F03--pos002--tm--24--ch--Syto9--z--21	256.0	128.5	128.5	1.0	26.5	64.75	192.25	230.5	74.04503134354572	5482.666666666667	256	128.5	128.5	1	26.5	64.75	192.25	230.5	74.04503134354572	5482.666666666667																					0.218	0.0765238095238095	0.057	0.002	0.004	0.011	0.136	0.18	0.0718001525399626	0.0051552619047619																					0.036	0.0309523809523809	0.031	0.027	0.029	0.03	0.032	0.033	0.0020365704131257	4.147619047619049e-06	1262.0	456.8571428571428	366.0	11.0	22.0	58.0	818.0	1067.0	428.2212378799405	183373.42857142855	32347.0	4096.0	36.5	0.0	1.0	4.0	3659.5	18106.5	7616.436786679855	58010109.32549016	41909	4096.0	8.5	0	0.0	0.0	1504.5	20666.0	8542.987310550992	72982632.18823527																																																													282.723	274.2401428571428	273.759	271.278	272.465	272.737	275.077	276.489	2.416678346113	5.840334228571464																					slice_0021	slice_0001																																									39.756	13.945666666666666	10.351	0.33	0.677	1.997	24.784	32.843	13.08119414401198	171.11764023333336	255.0	127.5	127.5	0.0	25.5	63.75	191.25	229.5	74.04503134354572	5482.666666666667	255	127.5	127.5	0	25.5	63.75	191.25	229.5	74.04503134354572	5482.666666666667											20	10.0	10.0	0	2.0	5.0	15.0	18.0	6.2048368229954285	38.5	255.0	127.5	127.5	0.0	25.5	63.75	191.25	229.5	74.04503134354572	5482.666666666667	255	127.5	127.5	0	25.5	63.75	191.25	229.5	74.04503134354572	5482.666666666667																																																			19115
23052023--s--Lm--st--19115--p--F03--pos003--tm--24--ch--Syto9--z--21	256.0	128.5	128.5	1.0	26.5	64.75	192.25	230.5	74.04503134354572	5482.666666666667	256	128.5	128.5	1	26.5	64.75	192.25	230.5	74.04503134354572	5482.666666666667																					0.196	0.0846190476190476	0.054	0.017	0.019	0.025	0.154	0.176	0.066024598590583	0.0043592476190476																					0.032	0.0288095238095238	0.029	0.021	0.027	0.028	0.03	0.031	0.0024620935729384	6.061904761904759e-06	1256.0	542.2857142857143	325.0	98.0	118.0	159.0	1006.0	1141.0	431.0436338535976	185798.61428571428	41909.0	4096.0	8.5	0.0	0.0	0.0	1504.5	20666.0	8542.987310550992	72982632.18823527	24360	4096.0	18.5	0	0.0	1.0	3960.5	18467.0	7365.577928418643	54251738.21960787																																																													275.011	272.90280952380954	272.63	271.12	271.816	272.167	273.976	274.596	1.138713292231524	1.2966679619047563																					slice_0021	slice_0001																																									35.639	15.406238095238097	9.813	3.126	3.491	4.62	27.997	32.096	12.011740664469752	144.28191379047624	255.0	127.5	127.5	0.0	25.5	63.75	191.25	229.5	74.04503134354572	5482.666666666667	255	127.5	127.5	0	25.5	63.75	191.25	229.5	74.04503134354572	5482.666666666667											20	10.0	10.0	0	2.0	5.0	15.0	18.0	6.2048368229954285	38.5	255.0	127.5	127.5	0.0	25.5	63.75	191.25	229.5	74.04503134354572	5482.666666666667	255	127.5	127.5	0	25.5	63.75	191.25	229.5	74.04503134354572	5482.666666666667																																																			19115
23052023--s--Lm--st--19115--p--F03--pos004--tm--24--ch--Syto9--z--21	256.0	128.5	128.5	1.0	26.5	64.75	192.25	230.5	74.04503134354572	5482.666666666667	256	128.5	128.5	1	26.5	64.75	192.25	230.5	74.04503134354572	5482.666666666667																					0.177	0.0784285714285714	0.067	0.011	0.012	0.022	0.131	0.167	0.0590140419125579	0.0034826571428571																					0.033	0.0289523809523809	0.029	0.022	0.028	0.028	0.03	0.03	0.0022017309208027	4.847619047619054e-06	1134.0	495.0952380952381	413.0	61.0	74.0	159.0	789.0	1050.0	373.73331464587216	139676.5904761905	24360.0	4096.0	18.5	0.0	0.0	1.0	3960.5	18467.0	7365.577928418643	54251738.21960787	22935	4096.0	22.0	0	0.5	3.0	3777.75	18611.0	7353.844170654863	54079024.08627451																																																													274.472	272.73785714285714	272.56	270.228	271.466	272.354	273.648	274.017	1.1154211440399715	1.2441643285714394																					slice_0021	slice_0001																																									32.201	14.273380952380952	12.279	1.997	2.188	3.925	23.794	30.36	10.734234884127469	115.22379854761904	255.0	127.5	127.5	0.0	25.5	63.75	191.25	229.5	74.04503134354572	5482.666666666667	255	127.5	127.5	0	25.5	63.75	191.25	229.5	74.04503134354572	5482.666666666667											20	10.0	10.0	0	2.0	5.0	15.0	18.0	6.2048368229954285	38.5	255.0	127.5	127.5	0.0	25.5	63.75	191.25	229.5	74.04503134354572	5482.666666666667	255	127.5	127.5	0	25.5	63.75	191.25	229.5	74.04503134354572	5482.666666666667																																																			19115
23052023--s--Lm--st--19115--p--F03--pos005--tm--24--ch--Syto9--z--21	256.0	128.5	128.5	1.0	26.5	64.75	192.25	230.5	74.04503134354572	5482.666666666667	256	128.5	128.5	1	26.5	64.75	192.25	230.5	74.04503134354572	5482.666666666667																					0.187	0.0908095238095238	0.087	0.016	0.018	0.034	0.142	0.174	0.0591114363280229	0.0034941619047619																					0.033	0.0291428571428571	0.029	0.025	0.027	0.028	0.03	0.032	0.0020563490531938	4.228571428571431e-06	1223.0	583.4285714285714	548.0	89.0	104.0	240.0	931.0	1173.0	393.1061652312988	154532.45714285714	22935.0	4096.0	22.0	0.0	0.5	3.0	3777.75	18611.0	7353.844170654863	54079024.08627451	22700	4096.0	19.0	0	0.0	1.0	3821.75	18688.0	7354.15068928998	54083532.36078428																																																													276.365	272.7632857142857	272.431	271.185	271.663	272.063	273.265	273.893	1.2839322467660392	1.6484820142856893																					slice_0021	slice_0001																																									34.111	16.535333333333334	15.822	2.918	3.248	6.253	25.809	31.679	10.768367556567402	115.95773983333338	255.0	127.5	127.5	0.0	25.5	63.75	191.25	229.5	74.04503134354572	5482.666666666667	255	127.5	127.5	0	25.5	63.75	191.25	229.5	74.04503134354572	5482.666666666667											20	10.0	10.0	0	2.0	5.0	15.0	18.0	6.2048368229954285	38.5	255.0	127.5	127.5	0.0	25.5	63.75	191.25	229.5	74.04503134354572	5482.666666666667	255	127.5	127.5	0	25.5	63.75	191.25	229.5	74.04503134354572	5482.666666666667																																																			19115
23052023--s--Lm--st--19115--p--F04--pos001--tm--24--ch--Syto9--z--21	256.0	128.5	128.5	1.0	26.5	64.75	192.25	230.5	74.04503134354572	5482.666666666667	256	128.5	128.5	1	26.5	64.75	192.25	230.5	74.04503134354572	5482.666666666667																					0.191	0.0731904761904761	0.047	0.003	0.009	0.025	0.12	0.177	0.0630568148954726	0.0039761619047619																					0.033	0.0291904761904761	0.03	0.021	0.028	0.028	0.03	0.031	0.0024823184247603	6.161904761904759e-06	1152.0	446.8095238095238	272.0	24.0	58.0	168.0	733.0	1065.0	376.4110278734696	141685.26190476192	22700.0	4096.0	19.0	0.0	0.0	1.0	3821.75	18688.0	7354.15068928998	54083532.36078428	32799	4096.0	14.0	0	0.0	1.0	2765.0	20058.5	7854.458570474098	61692519.435294025																																																													274.558	272.8338095238095	273.192	268.333	271.551	272.206	273.622	273.951	1.3559089799484223	1.8384891619047716																					slice_0021	slice_0001																																									34.702	13.333904761904762	8.476	0.608	1.685	4.464	21.849	32.218	11.481812696193758	131.83202279047617	255.0	127.5	127.5	0.0	25.5	63.75	191.25	229.5	74.04503134354572	5482.666666666667	255	127.5	127.5	0	25.5	63.75	191.25	229.5	74.04503134354572	5482.666666666667											20	10.0	10.0	0	2.0	5.0	15.0	18.0	6.2048368229954285	38.5	255.0	127.5	127.5	0.0	25.5	63.75	191.25	229.5	74.04503134354572	5482.666666666667	255	127.5	127.5	0	25.5	63.75	191.25	229.5	74.04503134354572	5482.666666666667																																																			19115
23052023--s--Lm--st--19115--p--F04--pos002--tm--24--ch--Syto9--z--21	256.0	128.5	128.5	1.0	26.5	64.75	192.25	230.5	74.04503134354572	5482.666666666667	256	128.5	128.5	1	26.5	64.75	192.25	230.5	74.04503134354572	5482.666666666667																					0.242	0.0816190476190476	0.064	0.005	0.006	0.018	0.124	0.18	0.0741022780962071	0.0054911476190476																					0.032	0.0299523809523809	0.031	0.024	0.026	0.029	0.032	0.032	0.0023974192473614	5.747619047619048e-06	1360.0	478.95238095238096	384.0	29.0	39.0	108.0	741.0	1021.0	419.88277842636944	176301.54761904763	32799.0	4096.0	14.0	0.0	0.0	1.0	2765.0	20058.5	7854.458570474098	61692519.435294025	37401	4096.0	8.0	0	0.0	1.0	1532.25	21125.5	8498.87024279825	72230795.40392159																																																													274.415	273.44057142857145	273.463	271.086	272.374	273.236	274.176	274.288	0.8621181804966441	0.7432477571428443																					slice_0021	slice_0001																																									44.046	14.850619047619048	11.567	0.938	1.059	3.248	22.648	32.722	13.491012332201729	182.0074137476191	255.0	127.5	127.5	0.0	25.5	63.75	191.25	229.5	74.04503134354572	5482.666666666667	255	127.5	127.5	0	25.5	63.75	191.25	229.5	74.04503134354572	5482.666666666667											20	10.0	10.0	0	2.0	5.0	15.0	18.0	6.2048368229954285	38.5	255.0	127.5	127.5	0.0	25.5	63.75	191.25	229.5	74.04503134354572	5482.666666666667	255	127.5	127.5	0	25.5	63.75	191.25	229.5	74.04503134354572	5482.666666666667																																																			19115
23052023--s--Lm--st--19115--p--F04--pos003--tm--24--ch--Syto9--z--21	256.0	128.5	128.5	1.0	26.5	64.75	192.25	230.5	74.04503134354572	5482.666666666667	256	128.5	128.5	1	26.5	64.75	192.25	230.5	74.04503134354572	5482.666666666667																					0.184	0.0812380952380952	0.073	0.011	0.013	0.024	0.13	0.172	0.0636332497692085	0.0040491904761904																					0.032	0.0279523809523809	0.028	0.019	0.022	0.028	0.03	0.031	0.0034274799850063	1.1747619047619048e-05	1197.0	522.0	429.0	80.0	94.0	147.0	787.0	1119.0	410.90814058619	168845.50000000006	37401.0	4096.0	8.0	0.0	0.0	1.0	1532.25	21125.5	8498.87024279825	72230795.40392159	21159	4096.0	79.5	0	1.0	4.0	5583.25	16728.0	6742.5710875442965	45462264.87058828																																																													276.153	272.24809523809523	272.068	269.547	271.128	271.536	272.82	273.53	1.3337021370891846	1.778761390476258																					slice_0021	slice_0001																																									33.451	14.808285714285711	13.287	1.997	2.449	4.342	23.725	31.349	11.58496428195986	134.21139741428573	255.0	127.5	127.5	0.0	25.5	63.75	191.25	229.5	74.04503134354572	5482.666666666667	255	127.5	127.5	0	25.5	63.75	191.25	229.5	74.04503134354572	5482.666666666667											20	10.0	10.0	0	2.0	5.0	15.0	18.0	6.2048368229954285	38.5	255.0	127.5	127.5	0.0	25.5	63.75	191.25	229.5	74.04503134354572	5482.666666666667	255	127.5	127.5	0	25.5	63.75	191.25	229.5	74.04503134354572	5482.666666666667																																																			19115
23052023--s--Lm--st--19115--p--F04--pos004--tm--24--ch--Syto9--z--21	256.0	128.5	128.5	1.0	26.5	64.75	192.25	230.5	74.04503134354572	5482.666666666667	256	128.5	128.5	1	26.5	64.75	192.25	230.5	74.04503134354572	5482.666666666667																					0.178	0.0698571428571428	0.052	0.008	0.012	0.019	0.116	0.162	0.0600668675013819	0.0036080285714285																					0.031	0.0271904761904761	0.028	0.021	0.022	0.027	0.028	0.03	0.0026761735298565	7.161904761904768e-06	1105.0	449.8571428571428	352.0	55.0	92.0	127.0	768.0	1037.0	372.134288357615	138483.92857142855	21159.0	4096.0	79.5	0.0	1.0	4.0	5583.25	16728.0	6742.5710875442965	45462264.87058828	17944	4096.0	112.0	0	0.0	4.0	7286.25	15460.5	6185.824428386526	38264423.85882349																																																													275.159	271.79133333333334	271.864	269.196	270.588	271.306	272.224	272.514	1.1562306142518832	1.3368692333332872																					slice_0021	slice_0001																																									32.339	12.725904761904763	9.431	1.407	2.258	3.526	21.189	29.474	10.943943639770636	119.76990239047618	255.0	127.5	127.5	0.0	25.5	63.75	191.25	229.5	74.04503134354572	5482.666666666667	255	127.5	127.5	0	25.5	63.75	191.25	229.5	74.04503134354572	5482.666666666667											20	10.0	10.0	0	2.0	5.0	15.0	18.0	6.2048368229954285	38.5	255.0	127.5	127.5	0.0	25.5	63.75	191.25	229.5	74.04503134354572	5482.666666666667	255	127.5	127.5	0	25.5	63.75	191.25	229.5	74.04503134354572	5482.666666666667																																																			19115
23052023--s--Lm--st--19115--p--F04--pos005--tm--24--ch--Syto9--z--21	256.0	128.5	128.5	1.0	26.5	64.75	192.25	230.5	74.04503134354572	5482.666666666667	256	128.5	128.5	1	26.5	64.75	192.25	230.5	74.04503134354572	5482.666666666667																					0.179	0.0797142857142857	0.065	0.01	0.015	0.021	0.141	0.173	0.0637221647914937	0.0040605142857142																					0.032	0.0279999999999999	0.028	0.022	0.026	0.028	0.029	0.03	0.0020248456731316	4.100000000000001e-06	1164.0	515.952380952381	403.0	63.0	100.0	155.0	909.0	1151.0	412.078812387931	169808.94761904763	17944.0	4096.0	112.0	0.0	0.0	4.0	7286.25	15460.5	6185.824428386526	38264423.85882349	19968	4096.0	50.5	0	1.0	4.0	5873.25	16687.0	6695.655515654442	44831802.78431375																																																													275.117	272.3045714285714	272.109	269.5	271.499	271.703	272.87	273.548	1.1401500151922068	1.299942057142789																					slice_0021	slice_0001																																									32.565	14.52304761904762	11.862	1.737	2.779	3.873	25.618	31.506	11.588321118592589	134.289186347619	255.0	127.5	127.5	0.0	25.5	63.75	191.25	229.5	74.04503134354572	5482.666666666667	255	127.5	127.5	0	25.5	63.75	191.25	229.5	74.04503134354572	5482.666666666667											20	10.0	10.0	0	2.0	5.0	15.0	18.0	6.2048368229954285	38.5	255.0	127.5	127.5	0.0	25.5	63.75	191.25	229.5	74.04503134354572	5482.666666666667	255	127.5	127.5	0	25.5	63.75	191.25	229.5	74.04503134354572	5482.666666666667																																																			19115
23052023--s--Lm--st--19115--p--F05--pos001--tm--24--ch--Syto9--z--21	256.0	128.5	128.5	1.0	26.5	64.75	192.25	230.5	74.04503134354572	5482.666666666667	256	128.5	128.5	1	26.5	64.75	192.25	230.5	74.04503134354572	5482.666666666667																					0.173	0.0679523809523809	0.046	0.002	0.006	0.013	0.123	0.17	0.0621188185580474	0.0038587476190476																					0.03	0.0266190476190476	0.027	0.023	0.025	0.026	0.028	0.028	0.0015961262630566	2.547619047619048e-06	1235.0	472.0	314.0	16.0	38.0	96.0	892.0	1196.0	437.495371404087	191402.2	19968.0	4096.0	50.5	0.0	1.0	4.0	5873.25	16687.0	6695.655515654442	44831802.78431375	18706	4096.0	1578.5	0	8.0	63.25	8451.25	10830.5	4732.68092990788	22398268.784313723																																																													272.789	270.86785714285713	270.767	267.353	269.825	270.469	271.979	272.33	1.2626961742918974	1.5944016285713936																					Ch1	Ch1																																									31.575	12.386714285714286	8.337	0.399	1.007	2.379	22.474	30.967	11.331116993230886	128.39421231428577	255.0	127.5	127.5	0.0	25.5	63.75	191.25	229.5	74.04503134354572	5482.666666666667	255	127.5	127.5	0	25.5	63.75	191.25	229.5	74.04503134354572	5482.666666666667											20	10.0	10.0	0	2.0	5.0	15.0	18.0	6.2048368229954285	38.5	255.0	127.5	127.5	0.0	25.5	63.75	191.25	229.5	74.04503134354572	5482.666666666667	255	127.5	127.5	0	25.5	63.75	191.25	229.5	74.04503134354572	5482.666666666667																																																			19115
23052023--s--Lm--st--19115--p--F05--pos002--tm--24--ch--Syto9--z--21	256.0	128.5	128.5	1.0	26.5	64.75	192.25	230.5	74.04503134354572	5482.666666666667	256	128.5	128.5	1	26.5	64.75	192.25	230.5	74.04503134354572	5482.666666666667																					0.173	0.0662380952380952	0.052	0.006	0.009	0.016	0.118	0.153	0.0588803063527226	0.0034668904761904																					0.03	0.0274285714285714	0.027	0.025	0.026	0.027	0.028	0.029	0.0013627702877384	1.8571428571428605e-06	1145.0	434.6190476190476	347.0	45.0	61.0	107.0	773.0	1017.0	383.0688549321748	146741.7476190476	18706.0	4096.0	1578.5	0.0	8.0	63.25	8451.25	10830.5	4732.68092990788	22398268.784313723	27745	4096.0	445.5	0	2.0	11.75	7818.0	13278.0	5835.2141537057405	34049724.2196078																																																													275.533	271.92838095238096	272.167	269.443	269.928	271.042	272.553	273.15	1.4949273720215075	2.2348078476191318																					slice_0021	slice_0001																																									31.541	12.064285714285711	9.483	1.146	1.633	3.005	21.484	27.945	10.72863945774513	115.1037046142857	255.0	127.5	127.5	0.0	25.5	63.75	191.25	229.5	74.04503134354572	5482.666666666667	255	127.5	127.5	0	25.5	63.75	191.25	229.5	74.04503134354572	5482.666666666667											20	10.0	10.0	0	2.0	5.0	15.0	18.0	6.2048368229954285	38.5	255.0	127.5	127.5	0.0	25.5	63.75	191.25	229.5	74.04503134354572	5482.666666666667	255	127.5	127.5	0	25.5	63.75	191.25	229.5	74.04503134354572	5482.666666666667																																																			19115
23052023--s--Lm--st--19115--p--F05--pos003--tm--24--ch--Syto9--z--21	256.0	128.5	128.5	1.0	26.5	64.75	192.25	230.5	74.04503134354572	5482.666666666667	256	128.5	128.5	1	26.5	64.75	192.25	230.5	74.04503134354572	5482.666666666667																					0.19	0.0831428571428571	0.056	0.008	0.011	0.023	0.151	0.172	0.0674939150696458	0.0045554285714285																					0.03	0.0267619047619047	0.027	0.022	0.024	0.026	0.028	0.028	0.0018682816143387	3.490476190476188e-06	1265.0	562.8095238095239	370.0	60.0	78.0	153.0	1075.0	1154.0	456.136560587684	208060.5619047619	27745.0	4096.0	445.5	0.0	2.0	11.75	7818.0	13278.0	5835.2141537057405	34049724.2196078	16814	4096.0	207.0	0	1.0	8.0	8058.0	14734.5	5939.54700523962	35278218.627450936																																																													273.164	271.6660476190476	271.647	270.767	270.898	271.193	271.908	272.675	0.6872582102958357	0.472323847619035																					slice_0021	slice_0001																																									34.615	15.146666666666668	10.108	1.372	2.067	4.116	27.476	31.28	12.28006086847021	150.79989493333332	255.0	127.5	127.5	0.0	25.5	63.75	191.25	229.5	74.04503134354572	5482.666666666667	255	127.5	127.5	0	25.5	63.75	191.25	229.5	74.04503134354572	5482.666666666667											20	10.0	10.0	0	2.0	5.0	15.0	18.0	6.2048368229954285	38.5	255.0	127.5	127.5	0.0	25.5	63.75	191.25	229.5	74.04503134354572	5482.666666666667	255	127.5	127.5	0	25.5	63.75	191.25	229.5	74.04503134354572	5482.666666666667																																																			19115
23052023--s--Lm--st--19115--p--F05--pos004--tm--24--ch--Syto9--z--21	256.0	128.5	128.5	1.0	26.5	64.75	192.25	230.5	74.04503134354572	5482.666666666667	256	128.5	128.5	1	26.5	64.75	192.25	230.5	74.04503134354572	5482.666666666667																					0.178	0.0742857142857142	0.048	0.009	0.013	0.022	0.126	0.173	0.0604236235731877	0.0036510142857142																					0.033	0.0272380952380952	0.027	0.023	0.026	0.026	0.028	0.029	0.0018948551898433	3.590476190476192e-06	1179.0	491.8095238095238	331.0	62.0	100.0	157.0	817.0	1154.0	396.7202564840393	157386.96190476193	16814.0	4096.0	207.0	0.0	1.0	8.0	8058.0	14734.5	5939.54700523962	35278218.627450936	17004	4096.0	101.0	0	2.0	6.0	7670.5	15473.0	6150.351900660712	37826828.50196084																																																													273.97	272.2185238095238	272.122	270.8	270.993	271.78	272.85	273.282	0.863841456463362	0.7462220619047425																					slice_0021	slice_0001																																									32.339	13.537285714285716	8.667	1.685	2.293	4.047	22.909	31.419	10.985407280309898	120.6791731142857	255.0	127.5	127.5	0.0	25.5	63.75	191.25	229.5	74.04503134354572	5482.666666666667	255	127.5	127.5	0	25.5	63.75	191.25	229.5	74.04503134354572	5482.666666666667											20	10.0	10.0	0	2.0	5.0	15.0	18.0	6.2048368229954285	38.5	255.0	127.5	127.5	0.0	25.5	63.75	191.25	229.5	74.04503134354572	5482.666666666667	255	127.5	127.5	0	25.5	63.75	191.25	229.5	74.04503134354572	5482.666666666667																																																			19115
23052023--s--Lm--st--19115--p--F05--pos005--tm--24--ch--Syto9--z--21	256.0	128.5	128.5	1.0	26.5	64.75	192.25	230.5	74.04503134354572	5482.666666666667	256	128.5	128.5	1	26.5	64.75	192.25	230.5	74.04503134354572	5482.666666666667																					0.188	0.0883333333333333	0.074	0.012	0.019	0.031	0.155	0.18	0.0619236088526285	0.0038345333333333																					0.031	0.0264761904761904	0.027	0.02	0.024	0.026	0.027	0.028	0.0022275333357561	4.961904761904762e-06	1233.0	595.5238095238095	519.0	99.0	130.0	228.0	1045.0	1200.0	412.43031157367903	170098.76190476195	17004.0	4096.0	101.0	0.0	2.0	6.0	7670.5	15473.0	6150.351900660712	37826828.50196084	16754	4096.0	76.0	0	0.0	2.0	7911.25	15079.5	6085.72602142449	37036061.20784316																																																													273.501	271.3260476190476	271.197	269.624	270.485	270.789	271.891	271.982	0.9265903343004652	0.8585696476190477																					slice_0021	slice_0001																																									34.302	16.073714285714285	13.408	2.24	3.508	5.731	28.206	32.774	11.265731588063234	126.91670821428576	255.0	127.5	127.5	0.0	25.5	63.75	191.25	229.5	74.04503134354572	5482.666666666667	255	127.5	127.5	0	25.5	63.75	191.25	229.5	74.04503134354572	5482.666666666667											20	10.0	10.0	0	2.0	5.0	15.0	18.0	6.2048368229954285	38.5	255.0	127.5	127.5	0.0	25.5	63.75	191.25	229.5	74.04503134354572	5482.666666666667	255	127.5	127.5	0	25.5	63.75	191.25	229.5	74.04503134354572	5482.666666666667																																																			19115
23052023--s--Lm--st--19115--p--F06--pos001--tm--24--ch--Syto9--z--21	256.0	128.5	128.5	1.0	26.5	64.75	192.25	230.5	74.04503134354572	5482.666666666667	256	128.5	128.5	1	26.5	64.75	192.25	230.5	74.04503134354572	5482.666666666667																					0.179	0.0548095238095238	0.039	0.002	0.002	0.007	0.094	0.136	0.0551657675081377	0.0030432619047619																					0.032	0.0286666666666666	0.029	0.022	0.027	0.028	0.03	0.031	0.0023094010767585	5.333333333333332e-06	1085.0	338.3333333333333	224.0	14.0	19.0	43.0	550.0	812.0	336.5561369717292	113270.03333333335	16754.0	4096.0	76.0	0.0	0.0	2.0	7911.25	15079.5	6085.72602142449	37036061.20784316	39986	4096.0	50.5	0	1.0	4.0	4346.5	17076.5	7528.237698108084	56674362.8392157																																																													277.159	272.4346190476191	272.505	266.092	271.18	271.708	273.093	273.857	1.9997291685673535	3.99891674761908																					slice_0021	slice_0001																																									32.635	9.974285714285717	7.017	0.382	0.417	1.198	17.16	24.715	10.03902152673684	100.7819532142857	255.0	127.5	127.5	0.0	25.5	63.75	191.25	229.5	74.04503134354572	5482.666666666667	255	127.5	127.5	0	25.5	63.75	191.25	229.5	74.04503134354572	5482.666666666667											20	10.0	10.0	0	2.0	5.0	15.0	18.0	6.2048368229954285	38.5	255.0	127.5	127.5	0.0	25.5	63.75	191.25	229.5	74.04503134354572	5482.666666666667	255	127.5	127.5	0	25.5	63.75	191.25	229.5	74.04503134354572	5482.666666666667																																																			19115
23052023--s--Lm--st--19115--p--F06--pos002--tm--24--ch--Syto9--z--21	256.0	128.5	128.5	1.0	26.5	64.75	192.25	230.5	74.04503134354572	5482.666666666667	256	128.5	128.5	1	26.5	64.75	192.25	230.5	74.04503134354572	5482.666666666667																					0.179	0.0692857142857142	0.049	0.006	0.008	0.018	0.123	0.143	0.0570027568255631	0.0032493142857142																					0.032	0.0292380952380952	0.03	0.027	0.027	0.028	0.03	0.031	0.0014800257398019	2.1904761904761903e-06	1098.0	425.0952380952381	304.0	36.0	51.0	118.0	751.0	848.0	348.5129703127138	121461.29047619052	39986.0	4096.0	50.5	0.0	1.0	4.0	4346.5	17076.5	7528.237698108084	56674362.8392157	40372	4096.0	29.0	0	0.0	2.0	3761.75	17880.0	7731.627390269192	59778062.1019608																																																													276.193	273.0857142857143	272.855	270.128	271.511	272.325	273.586	274.986	1.458470128005953	2.1271351142857013																					slice_0021	slice_0001																																									32.687	12.611	9.014	1.025	1.389	3.335	22.388	26.07	10.396292820039266	108.0829044	255.0	127.5	127.5	0.0	25.5	63.75	191.25	229.5	74.04503134354572	5482.666666666667	255	127.5	127.5	0	25.5	63.75	191.25	229.5	74.04503134354572	5482.666666666667											20	10.0	10.0	0	2.0	5.0	15.0	18.0	6.2048368229954285	38.5	255.0	127.5	127.5	0.0	25.5	63.75	191.25	229.5	74.04503134354572	5482.666666666667	255	127.5	127.5	0	25.5	63.75	191.25	229.5	74.04503134354572	5482.666666666667																																																			19115
23052023--s--Lm--st--19115--p--F06--pos003--tm--24--ch--Syto9--z--21	256.0	128.5	128.5	1.0	26.5	64.75	192.25	230.5	74.04503134354572	5482.666666666667	256	128.5	128.5	1	26.5	64.75	192.25	230.5	74.04503134354572	5482.666666666667																					0.175	0.0677619047619047	0.039	0.004	0.009	0.017	0.127	0.153	0.0594776468615771	0.0035375904761904																					0.034	0.0294761904761904	0.029	0.023	0.028	0.029	0.031	0.031	0.0023155787099351	5.36190476190476e-06	1058.0	413.3333333333333	251.0	22.0	66.0	110.0	767.0	907.0	361.3028277405719	130539.73333333337	40372.0	4096.0	29.0	0.0	0.0	2.0	3761.75	17880.0	7731.627390269192	59778062.1019608	24048	4096.0	32.5	0	0.0	2.0	5226.0	18237.0	6940.736630963038	48173824.980392136																																																													275.195	273.1729047619048	272.951	271.649	272.072	272.35	273.928	274.605	1.0319999953857504	1.065023990476189																					slice_0021	slice_0001																																									31.871	12.352904761904762	7.138	0.677	1.719	3.057	23.065	27.858	10.814023270294744	116.94309929047624	255.0	127.5	127.5	0.0	25.5	63.75	191.25	229.5	74.04503134354572	5482.666666666667	255	127.5	127.5	0	25.5	63.75	191.25	229.5	74.04503134354572	5482.666666666667											20	10.0	10.0	0	2.0	5.0	15.0	18.0	6.2048368229954285	38.5	255.0	127.5	127.5	0.0	25.5	63.75	191.25	229.5	74.04503134354572	5482.666666666667	255	127.5	127.5	0	25.5	63.75	191.25	229.5	74.04503134354572	5482.666666666667																																																			19115
23052023--s--Lm--st--19115--p--F06--pos004--tm--24--ch--Syto9--z--21	256.0	128.5	128.5	1.0	26.5	64.75	192.25	230.5	74.04503134354572	5482.666666666667	256	128.5	128.5	1	26.5	64.75	192.25	230.5	74.04503134354572	5482.666666666667																					0.196	0.0791904761904761	0.063	0.009	0.011	0.017	0.137	0.181	0.0661563444029512	0.0043766619047619																					0.033	0.0284761904761904	0.028	0.024	0.027	0.028	0.029	0.03	0.0016917165134574	2.861904761904761e-06	1223.0	503.2380952380952	408.0	56.0	76.0	119.0	910.0	1141.0	414.4330952954776	171754.79047619042	24048.0	4096.0	32.5	0.0	0.0	2.0	5226.0	18237.0	6940.736630963038	48173824.980392136	20224	4096.0	53.0	0	0.5	3.0	6044.5	17252.0	6699.663679003948	44885493.41176472																																																													275.166	272.682619047619	272.534	270.942	271.425	271.658	273.643	274.046	1.208352327601125	1.4601153476190567																					slice_0021	slice_0001																																									35.726	14.428809523809525	11.532	1.598	2.084	3.109	24.906	32.965	12.055378515911674	145.33215116190473	255.0	127.5	127.5	0.0	25.5	63.75	191.25	229.5	74.04503134354572	5482.666666666667	255	127.5	127.5	0	25.5	63.75	191.25	229.5	74.04503134354572	5482.666666666667											20	10.0	10.0	0	2.0	5.0	15.0	18.0	6.2048368229954285	38.5	255.0	127.5	127.5	0.0	25.5	63.75	191.25	229.5	74.04503134354572	5482.666666666667	255	127.5	127.5	0	25.5	63.75	191.25	229.5	74.04503134354572	5482.666666666667																																																			19115
23052023--s--Lm--st--19115--p--F06--pos005--tm--24--ch--Syto9--z--21	256.0	128.5	128.5	1.0	26.5	64.75	192.25	230.5	74.04503134354572	5482.666666666667	256	128.5	128.5	1	26.5	64.75	192.25	230.5	74.04503134354572	5482.666666666667																					0.174	0.0604761904761904	0.04	0.003	0.004	0.012	0.117	0.151	0.0570759310459488	0.0032576619047619																					0.037	0.0298571428571428	0.03	0.026	0.028	0.029	0.031	0.031	0.0021745278633697	4.72857142857143e-06	1056.0	369.1904761904762	236.0	16.0	28.0	73.0	698.0	900.0	347.04057674105184	120437.16190476187	20224.0	4096.0	53.0	0.0	0.5	3.0	6044.5	17252.0	6699.663679003948	44885493.41176472	34605	4096.0	30.0	0	0.0	3.0	4746.25	17381.5	7252.696828509688	52601611.28627449																																																													275.288	272.329380952381	272.523	269.996	270.231	271.829	272.892	274.019	1.3581177222976928	1.8444837476190727																					slice_0021	slice_0001																																									31.679	10.998904761904765	7.208	0.486	0.729	2.136	21.311	27.424	10.416807303126816	108.50987439047616	255.0	127.5	127.5	0.0	25.5	63.75	191.25	229.5	74.04503134354572	5482.666666666667	255	127.5	127.5	0	25.5	63.75	191.25	229.5	74.04503134354572	5482.666666666667											20	10.0	10.0	0	2.0	5.0	15.0	18.0	6.2048368229954285	38.5	255.0	127.5	127.5	0.0	25.5	63.75	191.25	229.5	74.04503134354572	5482.666666666667	255	127.5	127.5	0	25.5	63.75	191.25	229.5	74.04503134354572	5482.666666666667																																																			19115
23052023--s--Lm--st--19115--p--F07--pos001--tm--24--ch--Syto9--z--21	256.0	128.5	128.5	1.0	26.5	64.75	192.25	230.5	74.04503134354572	5482.666666666667	256	128.5	128.5	1	26.5	64.75	192.25	230.5	74.04503134354572	5482.666666666667																					0.187	0.0669047619047619	0.041	0.002	0.006	0.008	0.114	0.163	0.0640584926156592	0.0041034904761904																					0.038	0.0299523809523809	0.03	0.026	0.028	0.029	0.031	0.032	0.0024995237641636	6.247619047619048e-06	1082.0	402.9047619047619	250.0	11.0	31.0	52.0	681.0	1024.0	379.57158807817865	144074.59047619053	34605.0	4096.0	30.0	0.0	0.0	3.0	4746.25	17381.5	7252.696828509688	52601611.28627449	46151	4096.0	16.0	0	0.0	1.0	2846.25	17887.0	8263.794978760081	68290307.45098034																																																													275.536	273.1434761904762	273.418	269.423	271.541	272.942	273.743	274.037	1.2805011370181427	1.639683161904756																					slice_0021	slice_0001																																									34.007	12.177666666666669	7.399	0.365	1.112	1.459	20.72	29.613	11.672004850638697	136.23569723333327	255.0	127.5	127.5	0.0	25.5	63.75	191.25	229.5	74.04503134354572	5482.666666666667	255	127.5	127.5	0	25.5	63.75	191.25	229.5	74.04503134354572	5482.666666666667											20	10.0	10.0	0	2.0	5.0	15.0	18.0	6.2048368229954285	38.5	255.0	127.5	127.5	0.0	25.5	63.75	191.25	229.5	74.04503134354572	5482.666666666667	255	127.5	127.5	0	25.5	63.75	191.25	229.5	74.04503134354572	5482.666666666667																																																			19115
23052023--s--Lm--st--19115--p--F07--pos002--tm--24--ch--Syto9--z--21	256.0	128.5	128.5	1.0	26.5	64.75	192.25	230.5	74.04503134354572	5482.666666666667	256	128.5	128.5	1	26.5	64.75	192.25	230.5	74.04503134354572	5482.666666666667																					0.22	0.0867619047619047	0.079	0.008	0.011	0.029	0.153	0.178	0.0698526339960811	0.0048793904761904																					0.033	0.0302380952380952	0.031	0.027	0.029	0.029	0.031	0.032	0.0016094956323259	2.5904761904761924e-06	1281.0	514.9047619047619	436.0	44.0	69.0	169.0	914.0	1079.0	406.79809546775226	165484.69047619047	46151.0	4096.0	16.0	0.0	0.0	1.0	2846.25	17887.0	8263.794978760081	68290307.45098034	34934	4096.0	26.5	0	0.0	2.0	3518.75	18601.5	7749.54071301939	60055381.26274508																																																													276.669	273.67057142857146	273.354	272.106	272.525	272.884	274.065	275.363	1.1956406889792883	1.4295566571428675																					slice_0021	slice_0001																																									40.086	15.803333333333333	14.398	1.459	1.997	5.21	27.928	32.339	12.722484786130943	161.8616191333333	255.0	127.5	127.5	0.0	25.5	63.75	191.25	229.5	74.04503134354572	5482.666666666667	255	127.5	127.5	0	25.5	63.75	191.25	229.5	74.04503134354572	5482.666666666667											20	10.0	10.0	0	2.0	5.0	15.0	18.0	6.2048368229954285	38.5	255.0	127.5	127.5	0.0	25.5	63.75	191.25	229.5	74.04503134354572	5482.666666666667	255	127.5	127.5	0	25.5	63.75	191.25	229.5	74.04503134354572	5482.666666666667																																																			19115
23052023--s--Lm--st--19115--p--F07--pos003--tm--24--ch--Syto9--z--21	256.0	128.5	128.5	1.0	26.5	64.75	192.25	230.5	74.04503134354572	5482.666666666667	256	128.5	128.5	1	26.5	64.75	192.25	230.5	74.04503134354572	5482.666666666667																					0.192	0.0808571428571428	0.058	0.007	0.011	0.02	0.119	0.185	0.0654662399365395	0.0042858285714285																					0.032	0.0298571428571428	0.03	0.025	0.029	0.029	0.031	0.031	0.0013887301496588	1.9285714285714264e-06	1163.0	491.9047619047619	368.0	43.0	64.0	131.0	756.0	1116.0	394.8250124753882	155886.79047619045	34934.0	4096.0	26.5	0.0	0.0	2.0	3518.75	18601.5	7749.54071301939	60055381.26274508	25597	4096.0	24.5	0	0.0	2.0	3487.5	20062.0	7494.46841082036	56167056.76078425																																																													276.241	273.3344285714286	273.358	270.509	271.02	272.348	274.164	275.207	1.5095257391455217	2.278667957142834																					slice_0021	slice_0001																																									34.997	14.734714285714286	10.612	1.337	1.98	3.699	21.745	33.642	11.930325813417072	142.33267401428574	255.0	127.5	127.5	0.0	25.5	63.75	191.25	229.5	74.04503134354572	5482.666666666667	255	127.5	127.5	0	25.5	63.75	191.25	229.5	74.04503134354572	5482.666666666667											20	10.0	10.0	0	2.0	5.0	15.0	18.0	6.2048368229954285	38.5	255.0	127.5	127.5	0.0	25.5	63.75	191.25	229.5	74.04503134354572	5482.666666666667	255	127.5	127.5	0	25.5	63.75	191.25	229.5	74.04503134354572	5482.666666666667																																																			19115
23052023--s--Lm--st--19115--p--F07--pos004--tm--24--ch--Syto9--z--21	256.0	128.5	128.5	1.0	26.5	64.75	192.25	230.5	74.04503134354572	5482.666666666667	256	128.5	128.5	1	26.5	64.75	192.25	230.5	74.04503134354572	5482.666666666667																					0.205	0.0893333333333333	0.073	0.015	0.022	0.036	0.142	0.172	0.0633832259618689	0.0040174333333333																					0.034	0.0286190476190476	0.029	0.025	0.027	0.028	0.029	0.03	0.0017457431218879	3.047619047619048e-06	1289.0	569.2380952380952	467.0	96.0	147.0	220.0	883.0	1132.0	406.4601954388529	165209.89047619046	25597.0	4096.0	24.5	0.0	0.0	2.0	3487.5	20062.0	7494.46841082036	56167056.76078425	21452	4096.0	42.0	0	1.0	5.0	5352.75	18163.0	6837.78536386987	46755308.68235301																																																													276.872	272.90957142857144	272.545	271.025	271.704	272.084	273.176	274.431	1.4131154436714548	1.9968952571427727																					slice_0021	slice_0001																																									37.341	16.278952380952383	13.252	2.762	3.925	6.478	25.913	31.402	11.546893874441691	133.33075814761906	255.0	127.5	127.5	0.0	25.5	63.75	191.25	229.5	74.04503134354572	5482.666666666667	255	127.5	127.5	0	25.5	63.75	191.25	229.5	74.04503134354572	5482.666666666667											20	10.0	10.0	0	2.0	5.0	15.0	18.0	6.2048368229954285	38.5	255.0	127.5	127.5	0.0	25.5	63.75	191.25	229.5	74.04503134354572	5482.666666666667	255	127.5	127.5	0	25.5	63.75	191.25	229.5	74.04503134354572	5482.666666666667																																																			19115
23052023--s--Lm--st--19115--p--F07--pos005--tm--24--ch--Syto9--z--21	256.0	128.5	128.5	1.0	26.5	64.75	192.25	230.5	74.04503134354572	5482.666666666667	256	128.5	128.5	1	26.5	64.75	192.25	230.5	74.04503134354572	5482.666666666667																					0.189	0.0785714285714285	0.059	0.007	0.011	0.018	0.138	0.165	0.0639629356960509	0.0040912571428571																					0.032	0.029095238095238	0.029	0.026	0.027	0.028	0.03	0.031	0.001578124263319	2.4904761904761917e-06	1173.0	489.6666666666667	383.0	44.0	73.0	113.0	870.0	1032.0	395.6838805578682	156565.7333333333	21452.0	4096.0	42.0	0.0	1.0	5.0	5352.75	18163.0	6837.78536386987	46755308.68235301	23107	4096.0	41.0	0	1.0	3.0	5052.25	18368.0	6971.128531588095	48596633.00392159																																																													278.287	273.1153809523809	272.934	269.869	271.204	272.543	273.774	274.383	1.7344649456299273	3.008368647619027																					slice_0021	slice_0001																																									34.441	14.298857142857145	10.82	1.198	2.067	3.3	25.045	29.977	11.647942987007252	135.67457582857145	255.0	127.5	127.5	0.0	25.5	63.75	191.25	229.5	74.04503134354572	5482.666666666667	255	127.5	127.5	0	25.5	63.75	191.25	229.5	74.04503134354572	5482.666666666667											20	10.0	10.0	0	2.0	5.0	15.0	18.0	6.2048368229954285	38.5	255.0	127.5	127.5	0.0	25.5	63.75	191.25	229.5	74.04503134354572	5482.666666666667	255	127.5	127.5	0	25.5	63.75	191.25	229.5	74.04503134354572	5482.666666666667																																																			19115
23052023--s--Lm--st--19115--p--F08--pos001--tm--24--ch--Syto9--z--21	256.0	128.5	128.5	1.0	26.5	64.75	192.25	230.5	74.04503134354572	5482.666666666667	256	128.5	128.5	1	26.5	64.75	192.25	230.5	74.04503134354572	5482.666666666667																					0.196	0.0666372142857142	0.042	0.0003815	0.002	0.008	0.111	0.17	0.0669142214552653	0.0044775130329642																					0.037	0.0298571428571428	0.03	0.023	0.027	0.029	0.031	0.031	0.0025939490026928	6.728571428571422e-06	1136.0	395.7142857142857	246.0	3.0	17.0	49.0	669.0	1016.0	394.677101293848	155770.0142857143	23107.0	4096.0	41.0	0.0	1.0	3.0	5052.25	18368.0	6971.128531588095	48596633.00392159	33186	4096.0	46.0	0	1.0	3.0	4215.0	18174.0	7413.4324346246685	54958980.46274504																																																													275.736	273.3101904761905	273.396	268.069	272.761	273.0	273.965	274.343	1.4144795021154308	2.000752261904717																					slice_0021	slice_0001																																									35.726	12.138714285714286	7.659	0.069	0.452	1.442	20.234	30.933	12.188747795170991	148.56557281428573	255.0	127.5	127.5	0.0	25.5	63.75	191.25	229.5	74.04503134354572	5482.666666666667	255	127.5	127.5	0	25.5	63.75	191.25	229.5	74.04503134354572	5482.666666666667											20	10.0	10.0	0	2.0	5.0	15.0	18.0	6.2048368229954285	38.5	255.0	127.5	127.5	0.0	25.5	63.75	191.25	229.5	74.04503134354572	5482.666666666667	255	127.5	127.5	0	25.5	63.75	191.25	229.5	74.04503134354572	5482.666666666667																																																			19115
23052023--s--Lm--st--19115--p--F08--pos002--tm--24--ch--Syto9--z--21	256.0	128.5	128.5	1.0	26.5	64.75	192.25	230.5	74.04503134354572	5482.666666666667	256	128.5	128.5	1	26.5	64.75	192.25	230.5	74.04503134354572	5482.666666666667																					0.19	0.0720952380952381	0.053	0.002	0.005	0.014	0.122	0.159	0.0613456638743968	0.0037632904761904																					0.036	0.0307142857142857	0.031	0.026	0.029	0.03	0.031	0.034	0.0021712405933672	4.714285714285714e-06	1131.0	430.57142857142856	326.0	15.0	29.0	83.0	737.0	948.0	366.611043400028	134403.65714285715	33186.0	4096.0	46.0	0.0	1.0	3.0	4215.0	18174.0	7413.4324346246685	54958980.46274504	30514	4096.0	35.5	0	1.0	3.0	3636.5	18639.5	7511.734078276809	56426148.862745136																																																													278.011	273.4929047619048	273.125	270.644	272.133	272.884	273.882	275.305	1.5173252092007836	2.3022757904762017																					slice_0021	slice_0001																																									34.615	13.135333333333332	9.622	0.434	0.886	2.623	22.266	28.953	11.161327825726351	124.57523883333336	255.0	127.5	127.5	0.0	25.5	63.75	191.25	229.5	74.04503134354572	5482.666666666667	255	127.5	127.5	0	25.5	63.75	191.25	229.5	74.04503134354572	5482.666666666667											20	10.0	10.0	0	2.0	5.0	15.0	18.0	6.2048368229954285	38.5	255.0	127.5	127.5	0.0	25.5	63.75	191.25	229.5	74.04503134354572	5482.666666666667	255	127.5	127.5	0	25.5	63.75	191.25	229.5	74.04503134354572	5482.666666666667																																																			19115
23052023--s--Lm--st--19115--p--F08--pos003--tm--24--ch--Syto9--z--21	256.0	128.5	128.5	1.0	26.5	64.75	192.25	230.5	74.04503134354572	5482.666666666667	256	128.5	128.5	1	26.5	64.75	192.25	230.5	74.04503134354572	5482.666666666667																					0.192	0.0832380952380952	0.07	0.007	0.013	0.02	0.146	0.188	0.0674232191176784	0.0045458904761904																					0.032	0.0293333333333333	0.03	0.023	0.027	0.029	0.031	0.031	0.0021055482263138	4.433333333333334e-06	1194.0	511.9047619047619	424.0	40.0	76.0	137.0	891.0	1175.0	414.91925777937865	172157.9904761905	30514.0	4096.0	35.5	0.0	1.0	3.0	3636.5	18639.5	7511.734078276809	56426148.862745136	22140	4096.0	43.0	0	1.0	3.0	4452.25	18059.5	7117.685536470295	50661447.39607843																																																													275.134	272.9433333333333	272.912	271.302	271.432	272.485	273.298	274.196	1.0051255808770023	1.010277433333332																					slice_0021	slice_0001																																									35.049	15.160714285714286	12.835	1.285	2.293	3.595	26.677	34.198	12.299114334548069	151.26821341428573	255.0	127.5	127.5	0.0	25.5	63.75	191.25	229.5	74.04503134354572	5482.666666666667	255	127.5	127.5	0	25.5	63.75	191.25	229.5	74.04503134354572	5482.666666666667											20	10.0	10.0	0	2.0	5.0	15.0	18.0	6.2048368229954285	38.5	255.0	127.5	127.5	0.0	25.5	63.75	191.25	229.5	74.04503134354572	5482.666666666667	255	127.5	127.5	0	25.5	63.75	191.25	229.5	74.04503134354572	5482.666666666667																																																			19115
23052023--s--Lm--st--19115--p--F08--pos004--tm--24--ch--Syto9--z--21	256.0	128.5	128.5	1.0	26.5	64.75	192.25	230.5	74.04503134354572	5482.666666666667	256	128.5	128.5	1	26.5	64.75	192.25	230.5	74.04503134354572	5482.666666666667																					0.166	0.0766666666666666	0.069	0.006	0.014	0.024	0.132	0.161	0.0576301425760281	0.0033212333333333																					0.031	0.0283809523809523	0.029	0.022	0.027	0.028	0.03	0.03	0.0021089378956287	4.447619047619043e-06	1075.0	486.9047619047619	445.0	44.0	94.0	141.0	827.0	1033.0	368.1097533021782	135504.79047619048	22140.0	4096.0	43.0	0.0	1.0	3.0	4452.25	18059.5	7117.685536470295	50661447.39607843	20639	4096.0	42.0	0	1.0	3.0	5689.0	16877.5	6770.275325591548	45836627.98431373																																																													275.011	272.4310952380952	272.348	270.493	271.277	271.704	272.989	273.789	1.0147608045624317	1.0297394904761936																					slice_0021	slice_0001																																									30.168	13.951619047619047	12.505	1.077	2.588	4.325	23.985	29.265	10.497159760983877	110.19036304761906	255.0	127.5	127.5	0.0	25.5	63.75	191.25	229.5	74.04503134354572	5482.666666666667	255	127.5	127.5	0	25.5	63.75	191.25	229.5	74.04503134354572	5482.666666666667											20	10.0	10.0	0	2.0	5.0	15.0	18.0	6.2048368229954285	38.5	255.0	127.5	127.5	0.0	25.5	63.75	191.25	229.5	74.04503134354572	5482.666666666667	255	127.5	127.5	0	25.5	63.75	191.25	229.5	74.04503134354572	5482.666666666667																																																			19115
23052023--s--Lm--st--19115--p--F08--pos005--tm--24--ch--Syto9--z--21	256.0	128.5	128.5	1.0	26.5	64.75	192.25	230.5	74.04503134354572	5482.666666666667	256	128.5	128.5	1	26.5	64.75	192.25	230.5	74.04503134354572	5482.666666666667																					0.186	0.077095238095238	0.058	0.005	0.008	0.016	0.129	0.167	0.0634262601466496	0.0040228904761904																					0.034	0.029047619047619	0.03	0.024	0.025	0.028	0.03	0.031	0.0023764719749281	5.647619047619047e-06	1133.0	473.5238095238095	347.0	27.0	53.0	123.0	794.0	1033.0	387.3652822656695	150051.8619047618	20639.0	4096.0	42.0	0.0	1.0	3.0	5689.0	16877.5	6770.275325591548	45836627.98431373	21327	4096.0	39.0	0	0.0	1.75	4961.25	17824.5	6982.929566126972	48761305.32549022																																																													274.326	272.72933333333333	272.604	270.147	271.489	272.289	273.605	273.762	1.027811477525581	1.056396433333319																					slice_0021	slice_0001																																									33.798	14.031857142857142	10.629	0.921	1.442	2.935	23.551	30.464	11.5441784215496	133.26805542857144	255.0	127.5	127.5	0.0	25.5	63.75	191.25	229.5	74.04503134354572	5482.666666666667	255	127.5	127.5	0	25.5	63.75	191.25	229.5	74.04503134354572	5482.666666666667											20	10.0	10.0	0	2.0	5.0	15.0	18.0	6.2048368229954285	38.5	255.0	127.5	127.5	0.0	25.5	63.75	191.25	229.5	74.04503134354572	5482.666666666667	255	127.5	127.5	0	25.5	63.75	191.25	229.5	74.04503134354572	5482.666666666667																																																			19115
23052023--s--Lm--st--19115--p--F09--pos001--tm--24--ch--Syto9--z--21	256.0	128.5	128.5	1.0	26.5	64.75	192.25	230.5	74.04503134354572	5482.666666666667	256	128.5	128.5	1	26.5	64.75	192.25	230.5	74.04503134354572	5482.666666666667																					0.136	0.0525714285714285	0.032	0.002	0.003	0.016	0.085	0.126	0.0474147355033975	0.0022481571428571																					0.034	0.0275238095238095	0.027	0.023	0.026	0.026	0.029	0.029	0.0022719825619719	5.1619047619047645e-06	913.0	346.0	206.0	13.0	26.0	97.0	571.0	848.0	316.9722385320204	100471.40000000004	21327.0	4096.0	39.0	0.0	0.0	1.75	4961.25	17824.5	6982.929566126972	48761305.32549022	36145	4096.0	756.0	0	4.0	20.0	7532.25	11460.5	6052.321524447799	36630595.83529413																																																													279.705	271.963	270.885	267.423	270.401	270.599	273.061	274.797	2.539204836164257	6.447561199999951																					Ch1	Ch1																																									24.75	9.570714285714285	5.784	0.382	0.591	2.848	15.527	22.961	8.633484575435673	74.5370559142857	255.0	127.5	127.5	0.0	25.5	63.75	191.25	229.5	74.04503134354572	5482.666666666667	255	127.5	127.5	0	25.5	63.75	191.25	229.5	74.04503134354572	5482.666666666667											20	10.0	10.0	0	2.0	5.0	15.0	18.0	6.2048368229954285	38.5	255.0	127.5	127.5	0.0	25.5	63.75	191.25	229.5	74.04503134354572	5482.666666666667	255	127.5	127.5	0	25.5	63.75	191.25	229.5	74.04503134354572	5482.666666666667																																																			19115
23052023--s--Lm--st--19115--p--F09--pos002--tm--24--ch--Syto9--z--21	256.0	128.5	128.5	1.0	26.5	64.75	192.25	230.5	74.04503134354572	5482.666666666667	256	128.5	128.5	1	26.5	64.75	192.25	230.5	74.04503134354572	5482.666666666667																					0.174	0.0530952380952381	0.03	0.002	0.003	0.008	0.08	0.147	0.0576289031319395	0.0033210904761904																					0.035	0.0277142857142857	0.028	0.022	0.023	0.027	0.029	0.031	0.0031167748898959	9.71428571428572e-06	1117.0	343.3809523809524	167.0	16.0	21.0	55.0	507.0	934.0	367.3558868713657	134950.34761904765	36145.0	4096.0	756.0	0.0	4.0	20.0	7532.25	11460.5	6052.321524447799	36630595.83529413	27310	4096.0	274.0	0	1.0	4.0	7650.0	13920.0	6049.679511200186	36598622.18823533																																																													276.944	272.6679523809524	272.418	269.5	270.898	271.366	273.585	275.055	1.9821041969631816	3.928737047619059																					slice_0021	slice_0001																																									31.732	9.654238095238096	5.384	0.399	0.591	1.494	14.554	26.816	10.494329620822676	110.13095419047622	255.0	127.5	127.5	0.0	25.5	63.75	191.25	229.5	74.04503134354572	5482.666666666667	255	127.5	127.5	0	25.5	63.75	191.25	229.5	74.04503134354572	5482.666666666667											20	10.0	10.0	0	2.0	5.0	15.0	18.0	6.2048368229954285	38.5	255.0	127.5	127.5	0.0	25.5	63.75	191.25	229.5	74.04503134354572	5482.666666666667	255	127.5	127.5	0	25.5	63.75	191.25	229.5	74.04503134354572	5482.666666666667																																																			19115
23052023--s--Lm--st--19115--p--F09--pos003--tm--24--ch--Syto9--z--21	256.0	128.5	128.5	1.0	26.5	64.75	192.25	230.5	74.04503134354572	5482.666666666667	256	128.5	128.5	1	26.5	64.75	192.25	230.5	74.04503134354572	5482.666666666667																					0.183	0.0801428571428571	0.074	0.01	0.014	0.02	0.136	0.162	0.0617934346951888	0.0038184285714285																					0.028	0.0263809523809523	0.026	0.023	0.025	0.025	0.028	0.028	0.0014992061391346	2.247619047619045e-06	1297.0	555.9047619047619	478.0	68.0	99.0	131.0	925.0	1161.0	439.49344759187306	193154.4904761905	27310.0	4096.0	274.0	0.0	1.0	4.0	7650.0	13920.0	6049.679511200186	36598622.18823533	16009	4096.0	300.0	0	4.0	10.0	8996.0	13983.0	5587.333714681418	31218298.03921565																																																													274.146	271.6060476190476	271.752	269.952	270.308	270.899	272.336	272.604	1.0341122509762026	1.0693881476190683																					slice_0021	slice_0001																																									33.399	14.58595238095238	13.391	1.858	2.536	3.613	24.75	29.543	11.262617109163353	126.84654414761906	255.0	127.5	127.5	0.0	25.5	63.75	191.25	229.5	74.04503134354572	5482.666666666667	255	127.5	127.5	0	25.5	63.75	191.25	229.5	74.04503134354572	5482.666666666667											20	10.0	10.0	0	2.0	5.0	15.0	18.0	6.2048368229954285	38.5	255.0	127.5	127.5	0.0	25.5	63.75	191.25	229.5	74.04503134354572	5482.666666666667	255	127.5	127.5	0	25.5	63.75	191.25	229.5	74.04503134354572	5482.666666666667																																																			19115
23052023--s--Lm--st--19115--p--F09--pos004--tm--24--ch--Syto9--z--21	256.0	128.5	128.5	1.0	26.5	64.75	192.25	230.5	74.04503134354572	5482.666666666667	256	128.5	128.5	1	26.5	64.75	192.25	230.5	74.04503134354572	5482.666666666667																					0.177	0.0761428571428571	0.059	0.009	0.012	0.027	0.118	0.164	0.0579717911697454	0.0033607285714285																					0.03	0.0273809523809523	0.028	0.021	0.026	0.027	0.028	0.029	0.0018567765206451	3.4476190476190472e-06	1152.0	500.9047619047619	356.0	74.0	80.0	186.0	756.0	1076.0	379.16657352170495	143767.29047619048	16009.0	4096.0	300.0	0.0	4.0	10.0	8996.0	13983.0	5587.333714681418	31218298.03921565	17417	4096.0	67.5	0	1.0	3.75	7666.75	15386.0	6168.34672418825	38048501.30980391																																																													274.233	272.2014285714285	272.034	269.139	271.377	271.598	273.166	273.322	1.1217027490128082	1.258217057142891																					slice_0021	slice_0001																																									32.218	13.89290476190476	10.786	1.685	2.24	4.967	21.519	29.891	10.550370756067116	111.3103230904762	255.0	127.5	127.5	0.0	25.5	63.75	191.25	229.5	74.04503134354572	5482.666666666667	255	127.5	127.5	0	25.5	63.75	191.25	229.5	74.04503134354572	5482.666666666667											20	10.0	10.0	0	2.0	5.0	15.0	18.0	6.2048368229954285	38.5	255.0	127.5	127.5	0.0	25.5	63.75	191.25	229.5	74.04503134354572	5482.666666666667	255	127.5	127.5	0	25.5	63.75	191.25	229.5	74.04503134354572	5482.666666666667																																																			19115
23052023--s--Lm--st--19115--p--F09--pos005--tm--24--ch--Syto9--z--21	256.0	128.5	128.5	1.0	26.5	64.75	192.25	230.5	74.04503134354572	5482.666666666667	256	128.5	128.5	1	26.5	64.75	192.25	230.5	74.04503134354572	5482.666666666667																					0.177	0.0636190476190476	0.036	0.004	0.006	0.014	0.113	0.15	0.0578994613018775	0.0033523476190476																					0.031	0.0277142857142857	0.028	0.021	0.026	0.027	0.029	0.03	0.0021941480611585	4.814285714285713e-06	1108.0	406.95238095238096	235.0	28.0	43.0	98.0	718.0	958.0	367.0759425773469	134744.74761904764	17417.0	4096.0	67.5	0.0	1.0	3.75	7666.75	15386.0	6168.34672418825	38048501.30980391	23345	4096.0	41.5	0	0.0	1.75	6380.75	16278.5	6546.687616874749	42859118.75294119																																																													274.053	272.1476666666666	271.967	270.418	270.912	271.669	272.765	273.389	0.9921399766834024	0.9843417333333422																					slice_0021	slice_0001																																									32.166	11.577238095238094	6.583	0.782	1.146	2.484	20.512	27.372	10.542941287443275	111.15361099047612	255.0	127.5	127.5	0.0	25.5	63.75	191.25	229.5	74.04503134354572	5482.666666666667	255	127.5	127.5	0	25.5	63.75	191.25	229.5	74.04503134354572	5482.666666666667											20	10.0	10.0	0	2.0	5.0	15.0	18.0	6.2048368229954285	38.5	255.0	127.5	127.5	0.0	25.5	63.75	191.25	229.5	74.04503134354572	5482.666666666667	255	127.5	127.5	0	25.5	63.75	191.25	229.5	74.04503134354572	5482.666666666667																																																			19115
23052023--s--Lm--st--19115--p--F10--pos001--tm--24--ch--Syto9--z--21	256.0	128.5	128.5	1.0	26.5	64.75	192.25	230.5	74.04503134354572	5482.666666666667	256	128.5	128.5	1	26.5	64.75	192.25	230.5	74.04503134354572	5482.666666666667																					0.17	0.0606190476190476	0.043	0.002	0.004	0.009	0.102	0.15	0.057135344744279	0.0032644476190476																					0.039	0.0304285714285714	0.031	0.027	0.027	0.029	0.031	0.031	0.0025014281634983	6.2571428571428594e-06	984.0	362.0	256.0	11.0	20.0	52.0	601.0	899.0	337.52214742146924	113921.2	23345.0	4096.0	41.5	0.0	0.0	1.75	6380.75	16278.5	6546.687616874749	42859118.75294119	34874	4096.0	10.0	0	0.0	1.0	2892.0	19746.0	7876.392499605584	62037558.807843104																																																													281.453	274.20419047619043	273.908	270.841	272.477	272.76	274.597	277.12	2.277783190276168	5.188296261904679																					slice_0021	slice_0001																																									30.915	11.038714285714285	7.92	0.347	0.782	1.598	18.601	27.233	10.381561920746112	107.77682791428568	255.0	127.5	127.5	0.0	25.5	63.75	191.25	229.5	74.04503134354572	5482.666666666667	255	127.5	127.5	0	25.5	63.75	191.25	229.5	74.04503134354572	5482.666666666667											20	10.0	10.0	0	2.0	5.0	15.0	18.0	6.2048368229954285	38.5	255.0	127.5	127.5	0.0	25.5	63.75	191.25	229.5	74.04503134354572	5482.666666666667	255	127.5	127.5	0	25.5	63.75	191.25	229.5	74.04503134354572	5482.666666666667																																																			19115
23052023--s--Lm--st--19115--p--F10--pos002--tm--24--ch--Syto9--z--21	256.0	128.5	128.5	1.0	26.5	64.75	192.25	230.5	74.04503134354572	5482.666666666667	256	128.5	128.5	1	26.5	64.75	192.25	230.5	74.04503134354572	5482.666666666667																					0.19	0.0692857142857142	0.055	0.005	0.006	0.015	0.108	0.165	0.061209593085678	0.0037466142857142																					0.033	0.0303333333333333	0.031	0.025	0.028	0.03	0.031	0.032	0.0017701224063135	3.1333333333333314e-06	1103.0	408.6190476190476	326.0	30.0	40.0	87.0	652.0	922.0	355.385210186141	126298.64761904762	34874.0	4096.0	10.0	0.0	0.0	1.0	2892.0	19746.0	7876.392499605584	62037558.807843104	45373	4096.0	9.0	0	0.0	1.0	2096.0	19381.0	8509.140793933331	72405477.05098037																																																													276.684	273.1305238095238	272.976	268.439	271.601	272.172	274.104	274.886	1.8055545579972747	3.260027261904734																					slice_0021	slice_0001																																									34.563	12.62252380952381	10.004	0.938	1.112	2.692	19.609	30.134	11.15696550419982	124.47787926190476	255.0	127.5	127.5	0.0	25.5	63.75	191.25	229.5	74.04503134354572	5482.666666666667	255	127.5	127.5	0	25.5	63.75	191.25	229.5	74.04503134354572	5482.666666666667											20	10.0	10.0	0	2.0	5.0	15.0	18.0	6.2048368229954285	38.5	255.0	127.5	127.5	0.0	25.5	63.75	191.25	229.5	74.04503134354572	5482.666666666667	255	127.5	127.5	0	25.5	63.75	191.25	229.5	74.04503134354572	5482.666666666667																																																			19115
23052023--s--Lm--st--19115--p--F10--pos003--tm--24--ch--Syto9--z--21	256.0	128.5	128.5	1.0	26.5	64.75	192.25	230.5	74.04503134354572	5482.666666666667	256	128.5	128.5	1	26.5	64.75	192.25	230.5	74.04503134354572	5482.666666666667																					0.189	0.0837619047619047	0.068	0.008	0.016	0.023	0.143	0.177	0.0667442167995885	0.0044547904761904																					0.032	0.0289523809523809	0.029	0.024	0.028	0.028	0.03	0.03	0.0015961262630566	2.547619047619047e-06	1188.0	528.8571428571429	418.0	55.0	99.0	155.0	870.0	1138.0	424.924026822947	180560.42857142855	45373.0	4096.0	9.0	0.0	0.0	1.0	2096.0	19381.0	8509.140793933331	72405477.05098037	19257	4096.0	104.5	0	0.0	3.0	7069.75	15644.0	6306.9360393079605	39777442.20392159																																																													277.733	272.84761904761905	272.775	270.002	271.651	272.164	273.417	273.663	1.5022354168435323	2.2567112476190614																					slice_0021	slice_0001																																									34.458	15.272380952380953	12.366	1.528	2.97	4.134	26.052	32.305	12.154012080281104	147.72000964761904	255.0	127.5	127.5	0.0	25.5	63.75	191.25	229.5	74.04503134354572	5482.666666666667	255	127.5	127.5	0	25.5	63.75	191.25	229.5	74.04503134354572	5482.666666666667											20	10.0	10.0	0	2.0	5.0	15.0	18.0	6.2048368229954285	38.5	255.0	127.5	127.5	0.0	25.5	63.75	191.25	229.5	74.04503134354572	5482.666666666667	255	127.5	127.5	0	25.5	63.75	191.25	229.5	74.04503134354572	5482.666666666667																																																			19115
23052023--s--Lm--st--19115--p--F10--pos004--tm--24--ch--Syto9--z--21	256.0	128.5	128.5	1.0	26.5	64.75	192.25	230.5	74.04503134354572	5482.666666666667	256	128.5	128.5	1	26.5	64.75	192.25	230.5	74.04503134354572	5482.666666666667																					0.188	0.0689523809523809	0.035	0.01	0.015	0.02	0.109	0.165	0.061302101261275	0.0037579476190476																					0.033	0.0286666666666666	0.029	0.021	0.026	0.028	0.03	0.032	0.0029040202019499	8.433333333333333e-06	1158.0	429.7142857142857	298.0	56.0	98.0	138.0	712.0	1000.0	372.7628123696276	138952.11428571423	19257.0	4096.0	104.5	0.0	0.0	3.0	7069.75	15644.0	6306.9360393079605	39777442.20392159	18648	4096.0	75.0	0	0.0	2.0	7757.25	15353.5	6190.302216956364	38319841.53725487																																																													274.594	272.5852380952381	272.704	269.723	271.523	272.117	273.212	274.063	1.238127655161694	1.5329600904761946																					slice_0021	slice_0001																																									34.25	12.532380952380953	6.461	1.824	2.692	3.56	19.817	29.96	11.159115092498109	124.52584964761904	255.0	127.5	127.5	0.0	25.5	63.75	191.25	229.5	74.04503134354572	5482.666666666667	255	127.5	127.5	0	25.5	63.75	191.25	229.5	74.04503134354572	5482.666666666667											20	10.0	10.0	0	2.0	5.0	15.0	18.0	6.2048368229954285	38.5	255.0	127.5	127.5	0.0	25.5	63.75	191.25	229.5	74.04503134354572	5482.666666666667	255	127.5	127.5	0	25.5	63.75	191.25	229.5	74.04503134354572	5482.666666666667																																																			19115
23052023--s--Lm--st--19115--p--F10--pos005--tm--24--ch--Syto9--z--21	256.0	128.5	128.5	1.0	26.5	64.75	192.25	230.5	74.04503134354572	5482.666666666667	256	128.5	128.5	1	26.5	64.75	192.25	230.5	74.04503134354572	5482.666666666667																					0.176	0.0629047619047619	0.034	0.004	0.005	0.014	0.112	0.166	0.0625035237101915	0.0039066904761904																					0.034	0.0293809523809523	0.03	0.021	0.027	0.029	0.031	0.031	0.0025588315785957	6.547619047619052e-06	1103.0	389.57142857142856	211.0	21.0	29.0	73.0	693.0	992.0	385.5631688100631	148658.9571428572	18648.0	4096.0	75.0	0.0	0.0	2.0	7757.25	15353.5	6190.302216956364	38319841.53725487	28448	4096.0	12.5	0	0.0	1.0	2608.5	20927.0	7758.275381430962	60190836.89411773																																																													277.319	273.538	273.247	270.231	272.214	272.553	274.152	275.488	1.513417027788436	2.290431099999984																					slice_0021	slice_0001																																									32.009	11.446428571428571	6.114	0.643	0.851	2.501	20.39	30.273	11.404592564276149	130.06473155714284	255.0	127.5	127.5	0.0	25.5	63.75	191.25	229.5	74.04503134354572	5482.666666666667	255	127.5	127.5	0	25.5	63.75	191.25	229.5	74.04503134354572	5482.666666666667											20	10.0	10.0	0	2.0	5.0	15.0	18.0	6.2048368229954285	38.5	255.0	127.5	127.5	0.0	25.5	63.75	191.25	229.5	74.04503134354572	5482.666666666667	255	127.5	127.5	0	25.5	63.75	191.25	229.5	74.04503134354572	5482.666666666667																																																			19115
23052023--s--Lm--st--19115--p--G03--pos001--tm--24--ch--Syto9--z--21	256.0	128.5	128.5	1.0	26.5	64.75	192.25	230.5	74.04503134354572	5482.666666666667	256	128.5	128.5	1	26.5	64.75	192.25	230.5	74.04503134354572	5482.666666666667																					0.186	0.0779523809523809	0.074	0.009	0.01	0.021	0.121	0.162	0.0613037325050246	0.0037581476190476																					0.032	0.0262857142857142	0.026	0.024	0.025	0.025	0.027	0.028	0.0019530196400153	3.814285714285713e-06	1333.0	558.4761904761905	541.0	49.0	61.0	151.0	895.0	1179.0	446.7775306623666	199610.16190476192	28448.0	4096.0	12.5	0.0	0.0	1.0	2608.5	20927.0	7758.275381430962	60190836.89411773	16504	4096.0	2094.5	6	20.0	155.5	8266.5	10297.5	4334.14973636755	18784853.937254906																																																													275.296	271.1160476190476	270.896	269.419	269.805	270.405	271.509	272.325	1.26972624908643	1.612204747619095																					Ch1	Ch1																																									33.937	14.216904761904765	13.512	1.563	1.806	3.89	22.11	29.508	11.177728722351253	124.94161939047618	255.0	127.5	127.5	0.0	25.5	63.75	191.25	229.5	74.04503134354572	5482.666666666667	255	127.5	127.5	0	25.5	63.75	191.25	229.5	74.04503134354572	5482.666666666667											20	10.0	10.0	0	2.0	5.0	15.0	18.0	6.2048368229954285	38.5	255.0	127.5	127.5	0.0	25.5	63.75	191.25	229.5	74.04503134354572	5482.666666666667	255	127.5	127.5	0	25.5	63.75	191.25	229.5	74.04503134354572	5482.666666666667																																																			19115
23052023--s--Lm--st--19115--p--G03--pos002--tm--24--ch--Syto9--z--21	256.0	128.5	128.5	1.0	26.5	64.75	192.25	230.5	74.04503134354572	5482.666666666667	256	128.5	128.5	1	26.5	64.75	192.25	230.5	74.04503134354572	5482.666666666667																					0.165	0.0643809523809523	0.041	0.003	0.005	0.013	0.107	0.159	0.0580271283026104	0.0033671476190476																					0.03	0.0269523809523809	0.027	0.022	0.025	0.026	0.028	0.029	0.0019868616075658	3.947619047619051e-06	1111.0	427.5238095238095	265.0	18.0	38.0	98.0	698.0	1060.0	385.4556549134568	148576.06190476188	16504.0	4096.0	2094.5	6.0	20.0	155.5	8266.5	10297.5	4334.14973636755	18784853.937254906	15798	4096.0	196.0	0	1.0	5.0	9020.25	14001.0	5719.134044556731	32708494.21960784																																																													276.482	271.9511904761905	271.862	267.688	270.81	271.482	272.408	273.576	1.612236695372229	2.599307161904765																					slice_0021	slice_0001																																									30.064	11.711	7.381	0.486	0.955	2.379	19.435	28.918	10.554739603609368	111.4025281	255.0	127.5	127.5	0.0	25.5	63.75	191.25	229.5	74.04503134354572	5482.666666666667	255	127.5	127.5	0	25.5	63.75	191.25	229.5	74.04503134354572	5482.666666666667											20	10.0	10.0	0	2.0	5.0	15.0	18.0	6.2048368229954285	38.5	255.0	127.5	127.5	0.0	25.5	63.75	191.25	229.5	74.04503134354572	5482.666666666667	255	127.5	127.5	0	25.5	63.75	191.25	229.5	74.04503134354572	5482.666666666667																																																			19115
23052023--s--Lm--st--19115--p--G03--pos003--tm--24--ch--Syto9--z--21	256.0	128.5	128.5	1.0	26.5	64.75	192.25	230.5	74.04503134354572	5482.666666666667	256	128.5	128.5	1	26.5	64.75	192.25	230.5	74.04503134354572	5482.666666666667																					0.208	0.0967142857142857	0.085	0.01	0.013	0.033	0.165	0.196	0.0714087829732049	0.0050992142857142																					0.029	0.0253333333333333	0.025	0.022	0.023	0.024	0.027	0.028	0.0020816659994661	4.3333333333333365e-06	1565.0	704.0	593.0	82.0	107.0	237.0	1231.0	1477.0	540.1920029026717	291807.4	15798.0	4096.0	196.0	0.0	1.0	5.0	9020.25	14001.0	5719.134044556731	32708494.21960784	11970	4096.0	1701.0	2	10.0	39.75	8430.75	11101.5	4463.118664315874	19919428.211764712																																																													273.297	271.24442857142856	270.989	269.201	270.391	270.592	271.916	272.607	0.9826696581979582	0.9656396571428918																					slice_0021	slice_0001																																									37.81	17.61790476190476	15.492	1.893	2.379	5.957	30.116	35.657	12.997556997008177	168.9364878904762	255.0	127.5	127.5	0.0	25.5	63.75	191.25	229.5	74.04503134354572	5482.666666666667	255	127.5	127.5	0	25.5	63.75	191.25	229.5	74.04503134354572	5482.666666666667											20	10.0	10.0	0	2.0	5.0	15.0	18.0	6.2048368229954285	38.5	255.0	127.5	127.5	0.0	25.5	63.75	191.25	229.5	74.04503134354572	5482.666666666667	255	127.5	127.5	0	25.5	63.75	191.25	229.5	74.04503134354572	5482.666666666667																																																			19115
23052023--s--Lm--st--19115--p--G03--pos004--tm--24--ch--Syto9--z--21	256.0	128.5	128.5	1.0	26.5	64.75	192.25	230.5	74.04503134354572	5482.666666666667	256	128.5	128.5	1	26.5	64.75	192.25	230.5	74.04503134354572	5482.666666666667																					0.188	0.0963809523809523	0.088	0.01	0.017	0.032	0.162	0.183	0.0684013714705167	0.0046787476190476																					0.028	0.0255238095238095	0.026	0.021	0.024	0.025	0.027	0.027	0.001600595127415	2.561904761904762e-06	1383.0	684.6190476190476	601.0	89.0	130.0	215.0	1159.0	1329.0	492.93665680191367	242986.54761904763	11970.0	4096.0	1701.0	2.0	10.0	39.75	8430.75	11101.5	4463.118664315874	19919428.211764712	13431	4096.0	1034.5	0	5.0	24.5	8823.5	12025.5	4846.810107648932	23491568.21960785																																																													273.377	271.1424761904762	271.114	269.521	270.233	270.459	271.5	272.512	0.933091293446021	0.8706593619047684																					slice_0021	slice_0001																																									34.285	17.55338095238095	16.031	1.858	3.161	5.818	29.439	33.364	12.43801692986543	154.70426514761908	255.0	127.5	127.5	0.0	25.5	63.75	191.25	229.5	74.04503134354572	5482.666666666667	255	127.5	127.5	0	25.5	63.75	191.25	229.5	74.04503134354572	5482.666666666667											20	10.0	10.0	0	2.0	5.0	15.0	18.0	6.2048368229954285	38.5	255.0	127.5	127.5	0.0	25.5	63.75	191.25	229.5	74.04503134354572	5482.666666666667	255	127.5	127.5	0	25.5	63.75	191.25	229.5	74.04503134354572	5482.666666666667																																																			19115
23052023--s--Lm--st--19115--p--G03--pos005--tm--24--ch--Syto9--z--21	256.0	128.5	128.5	1.0	26.5	64.75	192.25	230.5	74.04503134354572	5482.666666666667	256	128.5	128.5	1	26.5	64.75	192.25	230.5	74.04503134354572	5482.666666666667																					0.156	0.0685714285714285	0.051	0.006	0.013	0.016	0.112	0.153	0.0542646951788835	0.0029446571428571																					0.03	0.0271428571428571	0.027	0.021	0.026	0.026	0.028	0.03	0.0019048809486609	3.628571428571428e-06	1037.0	453.0952380952381	361.0	39.0	85.0	111.0	726.0	1016.0	356.3113673126224	126957.79047619052	13431.0	4096.0	1034.5	0.0	5.0	24.5	8823.5	12025.5	4846.810107648932	23491568.21960785	19002	4096.0	91.5	0	1.0	4.0	8123.0	15177.5	6086.606687203132	37046780.96470589																																																													275.614	272.29714285714283	272.229	271.043	271.254	271.547	272.782	273.05	1.0746581915062223	1.1548902285714246																					slice_0021	slice_0001																																									28.397	12.487666666666666	9.309	1.025	2.327	2.97	20.355	27.945	9.89241341803573	97.85984323333336	255.0	127.5	127.5	0.0	25.5	63.75	191.25	229.5	74.04503134354572	5482.666666666667	255	127.5	127.5	0	25.5	63.75	191.25	229.5	74.04503134354572	5482.666666666667											20	10.0	10.0	0	2.0	5.0	15.0	18.0	6.2048368229954285	38.5	255.0	127.5	127.5	0.0	25.5	63.75	191.25	229.5	74.04503134354572	5482.666666666667	255	127.5	127.5	0	25.5	63.75	191.25	229.5	74.04503134354572	5482.666666666667																																																			19115
23052023--s--Lm--st--19115--p--G04--pos001--tm--24--ch--Syto9--z--21	256.0	128.5	128.5	1.0	26.5	64.75	192.25	230.5	74.04503134354572	5482.666666666667	256	128.5	128.5	1	26.5	64.75	192.25	230.5	74.04503134354572	5482.666666666667																					0.198	0.0677619047619047	0.046	0.003	0.006	0.013	0.103	0.169	0.0654926749811799	0.0042892904761904																					0.04	0.0294285714285714	0.029	0.025	0.026	0.028	0.03	0.033	0.0032491757196468	1.055714285714286e-05	1183.0	415.7142857142857	295.0	22.0	32.0	92.0	626.0	1022.0	395.78405006482296	156645.0142857143	19002.0	4096.0	91.5	0.0	1.0	4.0	8123.0	15177.5	6086.606687203132	37046780.96470589	28221	4096.0	18.5	0	0.0	1.0	3901.75	19626.0	7425.325620641091	55135460.57254899																																																													278.887	272.90500000000003	272.797	269.654	271.183	272.097	273.172	274.978	1.9101381101899289	3.6486275999999527																					slice_0021	slice_0001																																									36.074	12.338	8.302	0.556	1.077	2.397	18.723	30.794	11.928596124439792	142.29140550000002	255.0	127.5	127.5	0.0	25.5	63.75	191.25	229.5	74.04503134354572	5482.666666666667	255	127.5	127.5	0	25.5	63.75	191.25	229.5	74.04503134354572	5482.666666666667											20	10.0	10.0	0	2.0	5.0	15.0	18.0	6.2048368229954285	38.5	255.0	127.5	127.5	0.0	25.5	63.75	191.25	229.5	74.04503134354572	5482.666666666667	255	127.5	127.5	0	25.5	63.75	191.25	229.5	74.04503134354572	5482.666666666667																																																			19115
23052023--s--Lm--st--19115--p--G04--pos002--tm--24--ch--Syto9--z--21	256.0	128.5	128.5	1.0	26.5	64.75	192.25	230.5	74.04503134354572	5482.666666666667	256	128.5	128.5	1	26.5	64.75	192.25	230.5	74.04503134354572	5482.666666666667																					0.237	0.0839523809523809	0.072	0.002	0.006	0.013	0.135	0.177	0.0713957114891897	0.0050973476190476																					0.038	0.0308571428571428	0.031	0.027	0.028	0.029	0.032	0.033	0.0025551069309466	6.528571428571423e-06	1338.0	501.4285714285714	445.0	12.0	30.0	80.0	777.0	1044.0	415.3219921252149	172492.3571428571	28221.0	4096.0	18.5	0.0	0.0	1.0	3901.75	19626.0	7425.325620641091	55135460.57254899	29072	4096.0	13.0	0	0.0	1.0	1914.5	22006.5	8085.615591295207	65377179.49019615																																																													284.829	274.44100000000003	273.749	272.175	272.682	272.987	274.356	276.343	2.8005371984674605	7.843008599999973																					slice_0021	slice_0001																																									43.212	15.297190476190476	13.078	0.434	1.129	2.414	24.593	32.201	12.986182975066416	168.64094826190478	255.0	127.5	127.5	0.0	25.5	63.75	191.25	229.5	74.04503134354572	5482.666666666667	255	127.5	127.5	0	25.5	63.75	191.25	229.5	74.04503134354572	5482.666666666667											20	10.0	10.0	0	2.0	5.0	15.0	18.0	6.2048368229954285	38.5	255.0	127.5	127.5	0.0	25.5	63.75	191.25	229.5	74.04503134354572	5482.666666666667	255	127.5	127.5	0	25.5	63.75	191.25	229.5	74.04503134354572	5482.666666666667																																																			19115
23052023--s--Lm--st--19115--p--G04--pos003--tm--24--ch--Syto9--z--21	256.0	128.5	128.5	1.0	26.5	64.75	192.25	230.5	74.04503134354572	5482.666666666667	256	128.5	128.5	1	26.5	64.75	192.25	230.5	74.04503134354572	5482.666666666667																					0.185	0.0836190476190476	0.057	0.009	0.012	0.015	0.162	0.173	0.0677299610146618	0.0045873476190476																					0.031	0.0274285714285714	0.028	0.022	0.024	0.027	0.029	0.03	0.0023573592974221	5.5571428571428585e-06	1217.0	544.7142857142857	371.0	65.0	93.0	113.0	1007.0	1150.0	440.75890721086313	194268.41428571427	29072.0	4096.0	13.0	0.0	0.0	1.0	1914.5	22006.5	8085.615591295207	65377179.49019615	22642	4096.0	26.0	0	0.0	1.0	5198.5	17672.5	7078.26483389987	50101833.05882356																																																													273.438	271.70961904761907	271.967	267.587	270.9	271.539	272.262	272.362	1.2003276001238128	1.440786347618992																					slice_0021	slice_0001																																									33.625	15.214619047619047	10.317	1.702	2.102	2.675	29.439	31.541	12.32848409365965	151.99152004761902	255.0	127.5	127.5	0.0	25.5	63.75	191.25	229.5	74.04503134354572	5482.666666666667	255	127.5	127.5	0	25.5	63.75	191.25	229.5	74.04503134354572	5482.666666666667											20	10.0	10.0	0	2.0	5.0	15.0	18.0	6.2048368229954285	38.5	255.0	127.5	127.5	0.0	25.5	63.75	191.25	229.5	74.04503134354572	5482.666666666667	255	127.5	127.5	0	25.5	63.75	191.25	229.5	74.04503134354572	5482.666666666667																																																			19115
23052023--s--Lm--st--19115--p--G04--pos004--tm--24--ch--Syto9--z--21	256.0	128.5	128.5	1.0	26.5	64.75	192.25	230.5	74.04503134354572	5482.666666666667	256	128.5	128.5	1	26.5	64.75	192.25	230.5	74.04503134354572	5482.666666666667																					0.174	0.0838095238095238	0.057	0.015	0.023	0.04	0.126	0.162	0.0551739241377836	0.0030441619047619																					0.03	0.0269523809523809	0.027	0.021	0.027	0.027	0.028	0.029	0.0022017309208027	4.847619047619046e-06	1190.0	562.0	385.0	127.0	155.0	247.0	844.0	1095.0	372.67063206000006	138883.39999999997	22642.0	4096.0	26.0	0.0	0.0	1.0	5198.5	17672.5	7078.26483389987	50101833.05882356	20126	4096.0	42.0	0	0.0	3.0	6617.5	16764.0	6645.168316374019	44158261.95294112																																																													273.342	271.8893333333333	271.691	270.224	270.965	271.267	272.469	273.233	0.8809373038606818	0.7760505333333272																					slice_0021	slice_0001																																									31.662	15.251761904761905	10.456	2.675	4.273	7.225	22.978	29.508	10.03755916498011	100.7525939904762	255.0	127.5	127.5	0.0	25.5	63.75	191.25	229.5	74.04503134354572	5482.666666666667	255	127.5	127.5	0	25.5	63.75	191.25	229.5	74.04503134354572	5482.666666666667											20	10.0	10.0	0	2.0	5.0	15.0	18.0	6.2048368229954285	38.5	255.0	127.5	127.5	0.0	25.5	63.75	191.25	229.5	74.04503134354572	5482.666666666667	255	127.5	127.5	0	25.5	63.75	191.25	229.5	74.04503134354572	5482.666666666667																																																			19115
23052023--s--Lm--st--19115--p--G04--pos005--tm--24--ch--Syto9--z--21	256.0	128.5	128.5	1.0	26.5	64.75	192.25	230.5	74.04503134354572	5482.666666666667	256	128.5	128.5	1	26.5	64.75	192.25	230.5	74.04503134354572	5482.666666666667																					0.19	0.0774761904761904	0.059	0.006	0.007	0.017	0.123	0.185	0.0657256563661551	0.0043198619047619																					0.035	0.03	0.03	0.024	0.029	0.029	0.03	0.031	0.0020736441353327	4.3000000000000046e-06	1188.0	476.95238095238096	351.0	29.0	38.0	130.0	757.0	1125.0	406.0511637947213	164877.54761904763	20126.0	4096.0	42.0	0.0	0.0	3.0	6617.5	16764.0	6645.168316374019	44158261.95294112	24064	4096.0	12.0	0	0.0	1.0	3285.75	18626.5	7495.1752711393	56177652.34509808																																																													279.333	273.35504761904764	273.161	269.716	272.153	272.566	273.557	274.53	1.771264589952341	3.137378247619034																					slice_0021	slice_0001																																									34.667	14.10285714285714	10.768	1.007	1.303	3.092	22.457	33.659	11.98221508856236	143.57347842857146	255.0	127.5	127.5	0.0	25.5	63.75	191.25	229.5	74.04503134354572	5482.666666666667	255	127.5	127.5	0	25.5	63.75	191.25	229.5	74.04503134354572	5482.666666666667											20	10.0	10.0	0	2.0	5.0	15.0	18.0	6.2048368229954285	38.5	255.0	127.5	127.5	0.0	25.5	63.75	191.25	229.5	74.04503134354572	5482.666666666667	255	127.5	127.5	0	25.5	63.75	191.25	229.5	74.04503134354572	5482.666666666667																																																			19115
23052023--s--Lm--st--L628--p--C03--pos001--tm--24--ch--Syto9--z--21	256.0	128.5	128.5	1.0	26.5	64.75	192.25	230.5	74.04503134354572	5482.666666666667	256	128.5	128.5	1	26.5	64.75	192.25	230.5	74.04503134354572	5482.666666666667																					0.67	0.3797142857142857	0.381	0.008	0.023	0.26	0.569	0.65	0.223202630552855	0.0498194142857142																					0.025	0.0235714285714285	0.024	0.019	0.021	0.023	0.024	0.025	0.0015352989471574	2.357142857142859e-06	4940.0	2862.714285714286	2920.0	71.0	195.0	1927.0	4329.0	4759.0	1649.353301838546	2720366.3142857137	24064.0	4096.0	12.0	0.0	0.0	1.0	3285.75	18626.5	7495.1752711393	56177652.34509808	11365	4096.0	2250.5	7	50.0	228.25	8370.5	10397.5	4126.0423728732	17024225.662745107																																																													272.004	271.2882380952381	271.518	269.583	270.678	271.017	271.642	271.691	0.57573335015109	0.3314688904761975																					Ch1	Ch1																																									122.046	69.14928571428571	69.473	1.372	4.151	47.276	103.618	118.381	40.680998383941926	1654.9436295142857	255.0	127.5	127.5	0.0	25.5	63.75	191.25	229.5	74.04503134354572	5482.666666666667	255	127.5	127.5	0	25.5	63.75	191.25	229.5	74.04503134354572	5482.666666666667											20	10.0	10.0	0	2.0	5.0	15.0	18.0	6.2048368229954285	38.5	255.0	127.5	127.5	0.0	25.5	63.75	191.25	229.5	74.04503134354572	5482.666666666667	255	127.5	127.5	0	25.5	63.75	191.25	229.5	74.04503134354572	5482.666666666667																																																			L628
23052023--s--Lm--st--L628--p--C03--pos002--tm--24--ch--Syto9--z--21	256.0	128.5	128.5	1.0	26.5	64.75	192.25	230.5	74.04503134354572	5482.666666666667	256	128.5	128.5	1	26.5	64.75	192.25	230.5	74.04503134354572	5482.666666666667																					0.552	0.2443333333333333	0.209	0.022	0.03	0.13	0.365	0.478	0.1726355506068589	0.0298030333333333																					0.024	0.0233333333333333	0.024	0.021	0.022	0.023	0.024	0.024	0.0010165300454651	1.0333333333333312e-06	4170.0	1871.6666666666667	1631.0	188.0	261.0	980.0	2729.0	3647.0	1305.7108153543545	1704880.7333333332	11365.0	4096.0	2250.5	7.0	50.0	228.25	8370.5	10397.5	4126.0423728732	17024225.662745107	15862	4096.0	475.0	0	3.0	20.0	8109.5	14240.5	5606.702236486923	31435109.968627464																																																													272.393	271.2692380952381	271.132	270.728	270.83	270.977	271.513	271.833	0.4262656337029619	0.1817023904761877																					slice_0021	slice_0001																																									100.457	44.51114285714286	38.14	3.977	5.488	23.69	66.485	87.066	31.438091143206695	988.3535747285714	255.0	127.5	127.5	0.0	25.5	63.75	191.25	229.5	74.04503134354572	5482.666666666667	255	127.5	127.5	0	25.5	63.75	191.25	229.5	74.04503134354572	5482.666666666667											20	10.0	10.0	0	2.0	5.0	15.0	18.0	6.2048368229954285	38.5	255.0	127.5	127.5	0.0	25.5	63.75	191.25	229.5	74.04503134354572	5482.666666666667	255	127.5	127.5	0	25.5	63.75	191.25	229.5	74.04503134354572	5482.666666666667																																																			L628
23052023--s--Lm--st--L628--p--C03--pos003--tm--24--ch--Syto9--z--21	256.0	128.5	128.5	1.0	26.5	64.75	192.25	230.5	74.04503134354572	5482.666666666667	256	128.5	128.5	1	26.5	64.75	192.25	230.5	74.04503134354572	5482.666666666667																					0.747	0.3653333333333333	0.378	0.006	0.012	0.039	0.571	0.726	0.2714924185559025	0.0737081333333333																					0.025	0.023095238095238	0.024	0.02	0.021	0.022	0.024	0.025	0.0016094956323259	2.590476190476187e-06	5543.0	2774.5238095238096	2933.0	52.0	96.0	333.0	4336.0	5440.0	2026.3882554695092	4106249.3619047618	15862.0	4096.0	475.0	0.0	3.0	20.0	8109.5	14240.5	5606.702236486923	31435109.968627464	14274	4096.0	1267.5	7	21.5	102.0	8447.25	12520.0	4906.8512590490645	24077189.27843139																																																													271.858	270.9397619047619	271.216	268.851	269.595	270.834	271.562	271.734	0.9054957153273516	0.8199224904761919																					slice_0021	slice_0001																																									135.958	66.51914285714285	68.76	1.094	2.102	7.069	104.0	132.241	49.456409310913095	2445.9364219285712	255.0	127.5	127.5	0.0	25.5	63.75	191.25	229.5	74.04503134354572	5482.666666666667	255	127.5	127.5	0	25.5	63.75	191.25	229.5	74.04503134354572	5482.666666666667											20	10.0	10.0	0	2.0	5.0	15.0	18.0	6.2048368229954285	38.5	255.0	127.5	127.5	0.0	25.5	63.75	191.25	229.5	74.04503134354572	5482.666666666667	255	127.5	127.5	0	25.5	63.75	191.25	229.5	74.04503134354572	5482.666666666667																																																			L628
23052023--s--Lm--st--L628--p--C03--pos004--tm--24--ch--Syto9--z--21	256.0	128.5	128.5	1.0	26.5	64.75	192.25	230.5	74.04503134354572	5482.666666666667	256	128.5	128.5	1	26.5	64.75	192.25	230.5	74.04503134354572	5482.666666666667																					0.629	0.3197619047619047	0.32	0.004	0.011	0.148	0.518	0.593	0.2164601359978101	0.0468549904761904																					0.025	0.0231904761904761	0.024	0.02	0.021	0.023	0.024	0.024	0.0013273676061682	1.7619047619047602e-06	4700.0	2436.333333333333	2451.0	38.0	96.0	1124.0	3985.0	4518.0	1625.4079282854914	2641950.933333333	14274.0	4096.0	1267.5	7.0	21.5	102.0	8447.25	12520.0	4906.8512590490645	24077189.27843139	10104	4096.0	3126.5	8	213.5	620.0	7642.75	9265.5	3519.6731321051334	12388098.95686276																																																													271.913	271.147	271.204	269.115	270.625	270.937	271.569	271.803	0.6399678898194807	0.409558899999999																					slice_0021	slice_0001																																									114.612	58.251	58.218	0.782	2.084	27.042	94.361	108.047	39.41606868651414	1553.6264707	255.0	127.5	127.5	0.0	25.5	63.75	191.25	229.5	74.04503134354572	5482.666666666667	255	127.5	127.5	0	25.5	63.75	191.25	229.5	74.04503134354572	5482.666666666667											20	10.0	10.0	0	2.0	5.0	15.0	18.0	6.2048368229954285	38.5	255.0	127.5	127.5	0.0	25.5	63.75	191.25	229.5	74.04503134354572	5482.666666666667	255	127.5	127.5	0	25.5	63.75	191.25	229.5	74.04503134354572	5482.666666666667																																																			L628
23052023--s--Lm--st--L628--p--C03--pos005--tm--24--ch--Syto9--z--21	256.0	128.5	128.5	1.0	26.5	64.75	192.25	230.5	74.04503134354572	5482.666666666667	256	128.5	128.5	1	26.5	64.75	192.25	230.5	74.04503134354572	5482.666666666667																					0.804	0.3804285714285714	0.471	0.005	0.01	0.036	0.633	0.74	0.2972972538434507	0.0883856571428571																					0.025	0.0234761904761904	0.024	0.021	0.021	0.023	0.025	0.025	0.0014703417160322	2.161904761904769e-06	5818.0	2838.1428571428573	3480.0	44.0	82.0	315.0	4591.0	5414.0	2182.3234931080747	4762535.828571429	10104.0	4096.0	3126.5	8.0	213.5	620.0	7642.75	9265.5	3519.6731321051334	12388098.95686276	12968	4096.0	1510.0	7	34.0	132.5	8320.5	11835.5	4628.995101213528	21427595.64705884																																																													274.0	271.505	271.573	268.144	270.853	271.114	272.04	272.297	1.0762550348314344	1.1583249000000122																					slice_0021	slice_0001																																									146.361	69.30057142857143	85.868	0.99	1.876	6.583	115.307	134.829	54.15005897833485	2932.228887357143	255.0	127.5	127.5	0.0	25.5	63.75	191.25	229.5	74.04503134354572	5482.666666666667	255	127.5	127.5	0	25.5	63.75	191.25	229.5	74.04503134354572	5482.666666666667											20	10.0	10.0	0	2.0	5.0	15.0	18.0	6.2048368229954285	38.5	255.0	127.5	127.5	0.0	25.5	63.75	191.25	229.5	74.04503134354572	5482.666666666667	255	127.5	127.5	0	25.5	63.75	191.25	229.5	74.04503134354572	5482.666666666667																																																			L628
23052023--s--Lm--st--L628--p--C04--pos001--tm--24--ch--Syto9--z--21	256.0	128.5	128.5	1.0	26.5	64.75	192.25	230.5	74.04503134354572	5482.666666666667	256	128.5	128.5	1	26.5	64.75	192.25	230.5	74.04503134354572	5482.666666666667																					0.354	0.1653809523809523	0.128	0.051	0.066	0.081	0.229	0.327	0.101969346467689	0.0103977476190476																					0.027	0.0258571428571428	0.026	0.024	0.025	0.025	0.026	0.027	0.000792824967172	6.285714285714255e-07	2521.0	1174.5238095238096	978.0	350.0	470.0	574.0	1666.0	2255.0	722.0535727387282	521361.3619047619	12968.0	4096.0	1510.0	7.0	34.0	132.5	8320.5	11835.5	4628.995101213528	21427595.64705884	20099	4096.0	138.0	0	1.0	3.0	6307.5	16694.0	6490.143222082029	42121959.0431373																																																													273.503	272.24333333333334	272.025	271.071	271.278	271.575	272.874	273.456	0.7910605118025694	0.6257767333333432																					slice_0021	slice_0001																																									64.436	30.102238095238096	23.291	9.292	12.036	14.676	41.77	59.486	18.57923382678834	345.18792959047613	255.0	127.5	127.5	0.0	25.5	63.75	191.25	229.5	74.04503134354572	5482.666666666667	255	127.5	127.5	0	25.5	63.75	191.25	229.5	74.04503134354572	5482.666666666667											20	10.0	10.0	0	2.0	5.0	15.0	18.0	6.2048368229954285	38.5	255.0	127.5	127.5	0.0	25.5	63.75	191.25	229.5	74.04503134354572	5482.666666666667	255	127.5	127.5	0	25.5	63.75	191.25	229.5	74.04503134354572	5482.666666666667																																																			L628
23052023--s--Lm--st--L628--p--C04--pos002--tm--24--ch--Syto9--z--21	256.0	128.5	128.5	1.0	26.5	64.75	192.25	230.5	74.04503134354572	5482.666666666667	256	128.5	128.5	1	26.5	64.75	192.25	230.5	74.04503134354572	5482.666666666667																					0.496	0.2236666666666666	0.179	0.079	0.094	0.114	0.294	0.419	0.1264959814908494	0.0160012333333333																					0.026	0.0252857142857142	0.025	0.023	0.024	0.025	0.026	0.026	0.0008451542547285	7.142857142857137e-07	3467.0	1605.2857142857142	1307.0	545.0	684.0	820.0	2092.0	3034.0	889.4217864914905	791071.1142857145	20099.0	4096.0	138.0	0.0	1.0	3.0	6307.5	16694.0	6490.143222082029	42121959.0431373	26787	4096.0	41.0	0	0.0	1.0	4492.0	17760.5	7263.739063616873	52761905.18431373																																																													273.234	272.0414285714286	271.906	271.268	271.451	271.73	272.166	272.77	0.5319579467804116	0.2829792571428312																					slice_0021	slice_0001																																									90.332	40.70590476190476	32.513	14.398	17.177	20.703	53.476	76.298	23.03131639074233	530.4415346904761	255.0	127.5	127.5	0.0	25.5	63.75	191.25	229.5	74.04503134354572	5482.666666666667	255	127.5	127.5	0	25.5	63.75	191.25	229.5	74.04503134354572	5482.666666666667											20	10.0	10.0	0	2.0	5.0	15.0	18.0	6.2048368229954285	38.5	255.0	127.5	127.5	0.0	25.5	63.75	191.25	229.5	74.04503134354572	5482.666666666667	255	127.5	127.5	0	25.5	63.75	191.25	229.5	74.04503134354572	5482.666666666667																																																			L628
23052023--s--Lm--st--L628--p--C04--pos003--tm--24--ch--Syto9--z--21	256.0	128.5	128.5	1.0	26.5	64.75	192.25	230.5	74.04503134354572	5482.666666666667	256	128.5	128.5	1	26.5	64.75	192.25	230.5	74.04503134354572	5482.666666666667																					0.572	0.2417142857142857	0.179	0.005	0.008	0.068	0.421	0.512	0.19689061502701	0.0387659142857142																					0.024	0.0227142857142857	0.023	0.02	0.02	0.023	0.024	0.024	0.0015212776585113	2.3142857142857157e-06	4328.0	1859.619047619048	1396.0	46.0	69.0	545.0	3240.0	3904.0	1484.845462537785	2204766.047619048	26787.0	4096.0	41.0	0.0	0.0	1.0	4492.0	17760.5	7263.739063616873	52761905.18431373	15262	4096.0	936.5	1	4.5	41.0	8052.5	13444.5	5223.000655096383	27279735.84313724																																																													272.308	270.98004761904764	271.112	266.659	270.648	270.834	271.52	271.844	1.141134149703274	1.3021871476190137																					slice_0021	slice_0001																																									104.226	44.02	32.652	0.973	1.407	12.453	76.75	93.284	35.86156270019476	1286.0516793	255.0	127.5	127.5	0.0	25.5	63.75	191.25	229.5	74.04503134354572	5482.666666666667	255	127.5	127.5	0	25.5	63.75	191.25	229.5	74.04503134354572	5482.666666666667											20	10.0	10.0	0	2.0	5.0	15.0	18.0	6.2048368229954285	38.5	255.0	127.5	127.5	0.0	25.5	63.75	191.25	229.5	74.04503134354572	5482.666666666667	255	127.5	127.5	0	25.5	63.75	191.25	229.5	74.04503134354572	5482.666666666667																																																			L628
23052023--s--Lm--st--L628--p--C04--pos004--tm--24--ch--Syto9--z--21	256.0	128.5	128.5	1.0	26.5	64.75	192.25	230.5	74.04503134354572	5482.666666666667	256	128.5	128.5	1	26.5	64.75	192.25	230.5	74.04503134354572	5482.666666666667																					0.464	0.2288571428571428	0.249	0.002	0.006	0.018	0.363	0.445	0.1717845411305353	0.0295099285714285																					0.025	0.0227142857142857	0.023	0.019	0.02	0.021	0.024	0.024	0.0016775832957816	2.8142857142857186e-06	3494.0	1761.2380952380952	2003.0	20.0	55.0	157.0	2834.0	3303.0	1302.4275759043917	1696317.5904761902	15262.0	4096.0	936.5	1.0	4.5	41.0	8052.5	13444.5	5223.000655096383	27279735.84313724	11413	4096.0	2372.5	7	97.0	366.5	8191.25	10452.0	4038.311676926385	16307961.199999992																																																													272.1	271.07942857142854	271.188	269.139	270.464	270.832	271.533	271.643	0.6303245649210019	0.3973090571428502																					slice_0021	slice_0001																																									84.531	41.68938095238095	45.279	0.399	1.094	3.317	66.034	80.953	31.27916908179658	978.3864184476192	255.0	127.5	127.5	0.0	25.5	63.75	191.25	229.5	74.04503134354572	5482.666666666667	255	127.5	127.5	0	25.5	63.75	191.25	229.5	74.04503134354572	5482.666666666667											20	10.0	10.0	0	2.0	5.0	15.0	18.0	6.2048368229954285	38.5	255.0	127.5	127.5	0.0	25.5	63.75	191.25	229.5	74.04503134354572	5482.666666666667	255	127.5	127.5	0	25.5	63.75	191.25	229.5	74.04503134354572	5482.666666666667																																																			L628
23052023--s--Lm--st--L628--p--C04--pos005--tm--24--ch--Syto9--z--21	256.0	128.5	128.5	1.0	26.5	64.75	192.25	230.5	74.04503134354572	5482.666666666667	256	128.5	128.5	1	26.5	64.75	192.25	230.5	74.04503134354572	5482.666666666667																					0.591	0.2828095238095238	0.235	0.041	0.045	0.167	0.391	0.537	0.1793448128738657	0.0321645619047619																					0.025	0.0237142857142857	0.024	0.021	0.022	0.023	0.024	0.025	0.0011892374507581	1.4142857142857174e-06	4336.0	2125.285714285714	1796.0	358.0	397.0	1260.0	2914.0	4023.0	1305.9607246336752	1705533.4142857145	11413.0	4096.0	2372.5	7.0	97.0	366.5	8191.25	10452.0	4038.311676926385	16307961.199999992	25856	4096.0	63.5	0	0.0	2.0	3805.25	18108.5	7399.341589681091	54750255.9607843																																																													272.151	271.1357142857143	271.212	268.956	270.625	271.059	271.357	271.733	0.6454851774329997	0.4166511142857111																					slice_0021	slice_0001																																									107.561	51.50904761904762	42.865	7.486	8.25	30.394	71.192	97.783	32.64303627494873	1065.567817247619	255.0	127.5	127.5	0.0	25.5	63.75	191.25	229.5	74.04503134354572	5482.666666666667	255	127.5	127.5	0	25.5	63.75	191.25	229.5	74.04503134354572	5482.666666666667											20	10.0	10.0	0	2.0	5.0	15.0	18.0	6.2048368229954285	38.5	255.0	127.5	127.5	0.0	25.5	63.75	191.25	229.5	74.04503134354572	5482.666666666667	255	127.5	127.5	0	25.5	63.75	191.25	229.5	74.04503134354572	5482.666666666667																																																			L628
23052023--s--Lm--st--L628--p--C05--pos001--tm--24--ch--Syto9--z--21	256.0	128.5	128.5	1.0	26.5	64.75	192.25	230.5	74.04503134354572	5482.666666666667	256	128.5	128.5	1	26.5	64.75	192.25	230.5	74.04503134354572	5482.666666666667																					0.626	0.2894285714285714	0.222	0.02	0.046	0.158	0.44	0.566	0.1909069331974539	0.0364454571428571																					0.024	0.0235238095238095	0.024	0.02	0.022	0.024	0.024	0.024	0.0011233453440081	1.261904761904762e-06	4751.0	2199.190476190476	1710.0	181.0	382.0	1227.0	3299.0	4289.0	1434.2354276424642	2057031.2619047624	25856.0	4096.0	63.5	0.0	0.0	2.0	3805.25	18108.5	7399.341589681091	54750255.9607843	17936	4096.0	254.0	0	1.0	7.0	7592.75	15583.5	6057.776848407178	36696660.345098																																																													272.854	272.2899523809524	272.242	271.382	272.023	272.184	272.593	272.677	0.3346534739383987	0.1119929476190385																					Ch1	Ch1																																									114.091	52.71395238095238	40.468	3.647	8.371	28.796	80.171	103.028	34.79223718658544	1210.4997684476189	255.0	127.5	127.5	0.0	25.5	63.75	191.25	229.5	74.04503134354572	5482.666666666667	255	127.5	127.5	0	25.5	63.75	191.25	229.5	74.04503134354572	5482.666666666667											20	10.0	10.0	0	2.0	5.0	15.0	18.0	6.2048368229954285	38.5	255.0	127.5	127.5	0.0	25.5	63.75	191.25	229.5	74.04503134354572	5482.666666666667	255	127.5	127.5	0	25.5	63.75	191.25	229.5	74.04503134354572	5482.666666666667																																																			L628
23052023--s--Lm--st--L628--p--C05--pos002--tm--24--ch--Syto9--z--21	256.0	128.5	128.5	1.0	26.5	64.75	192.25	230.5	74.04503134354572	5482.666666666667	256	128.5	128.5	1	26.5	64.75	192.25	230.5	74.04503134354572	5482.666666666667																					0.585	0.2338571428571428	0.159	0.019	0.033	0.101	0.358	0.498	0.1833489257438629	0.0336168285714285																					0.025	0.0236666666666666	0.024	0.021	0.021	0.024	0.024	0.025	0.0011972189997378	1.4333333333333284e-06	4397.0	1764.857142857143	1183.0	161.0	278.0	749.0	2647.0	3734.0	1376.0040074692474	1893387.0285714287	17936.0	4096.0	254.0	0.0	1.0	7.0	7592.75	15583.5	6057.776848407178	36696660.345098	18783	4096.0	198.0	0	0.0	6.0	6700.0	16180.5	6245.838652301884	39010500.470588215																																																													273.63	272.4590476190476	272.499	270.011	271.913	272.311	272.748	273.344	0.7513527451330614	0.564530947618987																					slice_0021	slice_0001																																									106.623	42.58423809523809	28.953	3.422	5.94	18.306	65.165	90.644	33.4062680479349	1115.9787448904765	255.0	127.5	127.5	0.0	25.5	63.75	191.25	229.5	74.04503134354572	5482.666666666667	255	127.5	127.5	0	25.5	63.75	191.25	229.5	74.04503134354572	5482.666666666667											20	10.0	10.0	0	2.0	5.0	15.0	18.0	6.2048368229954285	38.5	255.0	127.5	127.5	0.0	25.5	63.75	191.25	229.5	74.04503134354572	5482.666666666667	255	127.5	127.5	0	25.5	63.75	191.25	229.5	74.04503134354572	5482.666666666667																																																			L628
23052023--s--Lm--st--L628--p--C05--pos003--tm--24--ch--Syto9--z--21	256.0	128.5	128.5	1.0	26.5	64.75	192.25	230.5	74.04503134354572	5482.666666666667	256	128.5	128.5	1	26.5	64.75	192.25	230.5	74.04503134354572	5482.666666666667																					0.905	0.417047619047619	0.39	0.009	0.021	0.29	0.617	0.86	0.2905111832942884	0.0843967476190476																					0.025	0.0234285714285714	0.024	0.02	0.021	0.023	0.024	0.025	0.0014687215042828	2.157142857142857e-06	6674.0	3141.619047619048	3037.0	81.0	186.0	2228.0	4666.0	6279.0	2124.785835706518	4514714.847619046	18783.0	4096.0	198.0	0.0	0.0	6.0	6700.0	16180.5	6245.838652301884	39010500.470588215	14729	4096.0	843.0	2	9.0	47.5	8328.25	13235.5	5195.626758319413	26994537.411764693																																																													275.858	272.49438095238094	272.3	271.61	271.752	271.91	272.742	273.039	0.9244260639007628	0.8545635476190572																					slice_0021	slice_0001																																									164.858	75.94590476190476	71.036	1.719	3.838	52.747	112.285	156.608	52.89542518205593	2797.9260051904766	255.0	127.5	127.5	0.0	25.5	63.75	191.25	229.5	74.04503134354572	5482.666666666667	255	127.5	127.5	0	25.5	63.75	191.25	229.5	74.04503134354572	5482.666666666667											20	10.0	10.0	0	2.0	5.0	15.0	18.0	6.2048368229954285	38.5	255.0	127.5	127.5	0.0	25.5	63.75	191.25	229.5	74.04503134354572	5482.666666666667	255	127.5	127.5	0	25.5	63.75	191.25	229.5	74.04503134354572	5482.666666666667																																																			L628
23052023--s--Lm--st--L628--p--C05--pos004--tm--24--ch--Syto9--z--21	256.0	128.5	128.5	1.0	26.5	64.75	192.25	230.5	74.04503134354572	5482.666666666667	256	128.5	128.5	1	26.5	64.75	192.25	230.5	74.04503134354572	5482.666666666667																					0.813	0.3921428571428571	0.406	0.008	0.02	0.212	0.631	0.761	0.2749060358948646	0.0755733285714285																					0.025	0.0234285714285714	0.024	0.02	0.021	0.023	0.024	0.025	0.0013989792196965	1.957142857142856e-06	6016.0	2966.0	3065.0	67.0	161.0	1622.0	4684.0	5582.0	2043.199353954479	4174663.6	14729.0	4096.0	843.0	2.0	9.0	47.5	8328.25	13235.5	5195.626758319413	26994537.411764693	13676	4096.0	1335.5	5	17.5	86.0	8363.0	12310.5	4842.308376764771	23447950.415686272																																																													274.413	272.3599523809524	272.334	270.9	271.548	272.099	272.562	272.909	0.6852386063401927	0.4695519476190496																					slice_0021	slice_0001																																									148.098	71.40204761904762	73.901	1.407	3.613	38.54	114.855	138.546	50.08548522623715	2508.55583034762	255.0	127.5	127.5	0.0	25.5	63.75	191.25	229.5	74.04503134354572	5482.666666666667	255	127.5	127.5	0	25.5	63.75	191.25	229.5	74.04503134354572	5482.666666666667											20	10.0	10.0	0	2.0	5.0	15.0	18.0	6.2048368229954285	38.5	255.0	127.5	127.5	0.0	25.5	63.75	191.25	229.5	74.04503134354572	5482.666666666667	255	127.5	127.5	0	25.5	63.75	191.25	229.5	74.04503134354572	5482.666666666667																																																			L628
23052023--s--Lm--st--L628--p--C05--pos005--tm--24--ch--Syto9--z--21	256.0	128.5	128.5	1.0	26.5	64.75	192.25	230.5	74.04503134354572	5482.666666666667	256	128.5	128.5	1	26.5	64.75	192.25	230.5	74.04503134354572	5482.666666666667																					0.816	0.4021904761904761	0.423	0.008	0.021	0.237	0.586	0.773	0.2720234583721814	0.0739967619047619																					0.025	0.0234285714285714	0.024	0.021	0.021	0.023	0.024	0.024	0.0012478553029669	1.5571428571428591e-06	6088.0	3037.4761904761904	3215.0	73.0	178.0	1816.0	4335.0	5733.0	2026.448830319868	4106494.8619047618	13676.0	4096.0	1335.5	5.0	17.5	86.0	8363.0	12310.5	4842.308376764771	23447950.415686272	15083	4096.0	830.0	3	12.0	57.75	8089.75	13444.5	5249.728043002816	27559644.52549018																																																													274.071	272.20476190476194	272.165	270.867	271.651	271.856	272.489	272.877	0.6998874841545424	0.4898424904761748																					slice_0021	slice_0001																																									148.602	73.26538095238095	76.993	1.528	3.821	43.09	106.658	140.856	49.54059177732558	2454.2702336476186	255.0	127.5	127.5	0.0	25.5	63.75	191.25	229.5	74.04503134354572	5482.666666666667	255	127.5	127.5	0	25.5	63.75	191.25	229.5	74.04503134354572	5482.666666666667											20	10.0	10.0	0	2.0	5.0	15.0	18.0	6.2048368229954285	38.5	255.0	127.5	127.5	0.0	25.5	63.75	191.25	229.5	74.04503134354572	5482.666666666667	255	127.5	127.5	0	25.5	63.75	191.25	229.5	74.04503134354572	5482.666666666667																																																			L628
23052023--s--Lm--st--L628--p--C06--pos001--tm--24--ch--Syto9--z--21	256.0	128.5	128.5	1.0	26.5	64.75	192.25	230.5	74.04503134354572	5482.666666666667	256	128.5	128.5	1	26.5	64.75	192.25	230.5	74.04503134354572	5482.666666666667																					0.681	0.2902380952380952	0.237	0.025	0.077	0.128	0.44	0.596	0.2033285284365932	0.0413424904761904																					0.025	0.0236666666666666	0.024	0.021	0.022	0.024	0.024	0.024	0.0010645812948447	1.1333333333333362e-06	5089.0	2198.809523809524	1797.0	216.0	627.0	963.0	3288.0	4504.0	1518.2231923879845	2305001.661904763	15083.0	4096.0	830.0	3.0	12.0	57.75	8089.75	13444.5	5249.728043002816	27559644.52549018	16444	4096.0	443.5	1	7.0	27.25	7647.0	14827.0	5739.62576903995	32943303.96862743																																																													272.793	272.13038095238096	272.105	271.655	271.743	271.877	272.37	272.606	0.33748932963732	0.1138990476190476																					slice_0021	slice_0001																																									124.113	52.85871428571428	43.073	4.637	13.964	23.291	80.154	108.533	37.052742472242	1372.905724714286	255.0	127.5	127.5	0.0	25.5	63.75	191.25	229.5	74.04503134354572	5482.666666666667	255	127.5	127.5	0	25.5	63.75	191.25	229.5	74.04503134354572	5482.666666666667											20	10.0	10.0	0	2.0	5.0	15.0	18.0	6.2048368229954285	38.5	255.0	127.5	127.5	0.0	25.5	63.75	191.25	229.5	74.04503134354572	5482.666666666667	255	127.5	127.5	0	25.5	63.75	191.25	229.5	74.04503134354572	5482.666666666667																																																			L628
23052023--s--Lm--st--L628--p--C06--pos002--tm--24--ch--Syto9--z--21	256.0	128.5	128.5	1.0	26.5	64.75	192.25	230.5	74.04503134354572	5482.666666666667	256	128.5	128.5	1	26.5	64.75	192.25	230.5	74.04503134354572	5482.666666666667																					0.592	0.2417619047619047	0.188	0.031	0.036	0.115	0.364	0.564	0.1837778291203552	0.0337742904761904																					0.025	0.0234761904761904	0.024	0.021	0.021	0.023	0.024	0.025	0.0013273676061682	1.7619047619047585e-06	4414.0	1822.6666666666667	1409.0	273.0	307.0	828.0	2772.0	4237.0	1369.0476738716347	1874291.5333333337	16444.0	4096.0	443.5	1.0	7.0	27.25	7647.0	14827.0	5739.62576903995	32943303.96862743	21440	4096.0	119.0	0	0.0	3.0	5648.5	17018.0	6724.430925991538	45217971.27843141																																																													273.382	272.261	272.375	269.783	271.979	272.057	272.521	272.853	0.7196212892904248	0.5178548000000133																					slice_0021	slice_0001																																									107.839	44.020809523809525	34.25	5.61	6.478	20.859	66.277	102.75	33.48670448942244	1121.3593775619047	255.0	127.5	127.5	0.0	25.5	63.75	191.25	229.5	74.04503134354572	5482.666666666667	255	127.5	127.5	0	25.5	63.75	191.25	229.5	74.04503134354572	5482.666666666667											20	10.0	10.0	0	2.0	5.0	15.0	18.0	6.2048368229954285	38.5	255.0	127.5	127.5	0.0	25.5	63.75	191.25	229.5	74.04503134354572	5482.666666666667	255	127.5	127.5	0	25.5	63.75	191.25	229.5	74.04503134354572	5482.666666666667																																																			L628
23052023--s--Lm--st--L628--p--C06--pos003--tm--24--ch--Syto9--z--21	256.0	128.5	128.5	1.0	26.5	64.75	192.25	230.5	74.04503134354572	5482.666666666667	256	128.5	128.5	1	26.5	64.75	192.25	230.5	74.04503134354572	5482.666666666667																					1.037	0.4721428571428571	0.45	0.014	0.028	0.202	0.697	0.921	0.3418244119009474	0.1168439285714285																					0.025	0.0235714285714285	0.024	0.021	0.022	0.023	0.024	0.025	0.0012071217242444	1.4571428571428592e-06	7500.0	3552.7619047619046	3466.0	126.0	225.0	1596.0	5278.0	6871.0	2508.547047690394	6292808.29047619	21440.0	4096.0	119.0	0.0	0.0	3.0	5648.5	17018.0	6724.430925991538	45217971.27843141	15410	4096.0	703.0	2	12.0	45.25	8049.0	13793.5	5392.082273765751	29074551.24705883																																																													273.363	272.24161904761905	272.176	270.796	271.874	271.939	272.51	272.912	0.5350010725401002	0.2862261476190576																					slice_0021	slice_0001																																									188.774	85.99966666666667	81.926	2.64	5.176	36.716	126.996	167.811	62.239983206403046	3873.8155095333336	255.0	127.5	127.5	0.0	25.5	63.75	191.25	229.5	74.04503134354572	5482.666666666667	255	127.5	127.5	0	25.5	63.75	191.25	229.5	74.04503134354572	5482.666666666667											20	10.0	10.0	0	2.0	5.0	15.0	18.0	6.2048368229954285	38.5	255.0	127.5	127.5	0.0	25.5	63.75	191.25	229.5	74.04503134354572	5482.666666666667	255	127.5	127.5	0	25.5	63.75	191.25	229.5	74.04503134354572	5482.666666666667																																																			L628
23052023--s--Lm--st--L628--p--C06--pos004--tm--24--ch--Syto9--z--21	256.0	128.5	128.5	1.0	26.5	64.75	192.25	230.5	74.04503134354572	5482.666666666667	256	128.5	128.5	1	26.5	64.75	192.25	230.5	74.04503134354572	5482.666666666667																					0.991	0.4929047619047618	0.51	0.008	0.016	0.125	0.795	0.92	0.3422534009709626	0.1171373904761904																					0.025	0.0234761904761904	0.024	0.02	0.022	0.023	0.024	0.025	0.0013645163106041	1.8619047619047664e-06	7220.0	3686.5238095238096	3934.0	70.0	134.0	980.0	5962.0	6739.0	2505.257524069085	6276315.261904762	15410.0	4096.0	703.0	2.0	12.0	45.25	8049.0	13793.5	5392.082273765751	29074551.24705883	15099	4096.0	793.0	2	10.0	52.0	8204.25	13517.5	5284.8700386566015	27929851.32549023																																																													274.535	272.4757619047619	272.229	271.43	271.771	271.925	272.979	273.315	0.730250635382274	0.5332659904762149																					slice_0021	slice_0001																																									180.524	89.79076190476191	92.85	1.546	2.831	22.77	144.868	167.516	62.32967690105955	3884.988622590477	255.0	127.5	127.5	0.0	25.5	63.75	191.25	229.5	74.04503134354572	5482.666666666667	255	127.5	127.5	0	25.5	63.75	191.25	229.5	74.04503134354572	5482.666666666667											20	10.0	10.0	0	2.0	5.0	15.0	18.0	6.2048368229954285	38.5	255.0	127.5	127.5	0.0	25.5	63.75	191.25	229.5	74.04503134354572	5482.666666666667	255	127.5	127.5	0	25.5	63.75	191.25	229.5	74.04503134354572	5482.666666666667																																																			L628
23052023--s--Lm--st--L628--p--C06--pos005--tm--24--ch--Syto9--z--21	256.0	128.5	128.5	1.0	26.5	64.75	192.25	230.5	74.04503134354572	5482.666666666667	256	128.5	128.5	1	26.5	64.75	192.25	230.5	74.04503134354572	5482.666666666667																					0.723	0.2754285714285714	0.199	0.027	0.04	0.129	0.412	0.593	0.2170213287740565	0.0470982571428571																					0.025	0.0236666666666666	0.024	0.021	0.022	0.024	0.024	0.025	0.0011105554165971	1.2333333333333356e-06	5327.0	2091.190476190476	1504.0	231.0	337.0	948.0	3146.0	4486.0	1620.5254894338325	2626102.861904762	15099.0	4096.0	793.0	2.0	10.0	52.0	8204.25	13517.5	5284.8700386566015	27929851.32549023	18290	4096.0	299.5	0	4.5	21.0	6718.0	16003.0	6143.718952288259	37745282.564705946																																																													273.148	272.19766666666663	272.163	270.985	271.588	271.881	272.654	272.873	0.5663262605012539	0.3207254333333341																					slice_0021	slice_0001																																									131.581	50.15019047619048	36.178	4.95	7.347	23.464	75.048	108.03	39.52616157764253	1562.3174490619049	255.0	127.5	127.5	0.0	25.5	63.75	191.25	229.5	74.04503134354572	5482.666666666667	255	127.5	127.5	0	25.5	63.75	191.25	229.5	74.04503134354572	5482.666666666667											20	10.0	10.0	0	2.0	5.0	15.0	18.0	6.2048368229954285	38.5	255.0	127.5	127.5	0.0	25.5	63.75	191.25	229.5	74.04503134354572	5482.666666666667	255	127.5	127.5	0	25.5	63.75	191.25	229.5	74.04503134354572	5482.666666666667																																																			L628
23052023--s--Lm--st--L628--p--C08--pos001--tm--24--ch--Syto9--z--21	256.0	128.5	128.5	1.0	26.5	64.75	192.25	230.5	74.04503134354572	5482.666666666667	256	128.5	128.5	1	26.5	64.75	192.25	230.5	74.04503134354572	5482.666666666667																					0.692	0.3532380952380952	0.329	0.01	0.03	0.196	0.55	0.633	0.2252394070232615	0.0507327904761904																					0.025	0.0234285714285714	0.024	0.02	0.022	0.023	0.024	0.024	0.0012873006086935	1.6571428571428618e-06	5206.0	2691.1428571428573	2544.0	94.0	276.0	1535.0	4197.0	4814.0	1681.4838472526071	2827387.9285714286	18290.0	4096.0	299.5	0.0	4.5	21.0	6718.0	16003.0	6143.718952288259	37745282.564705946	11374	4096.0	2098.5	5	46.0	214.5	8510.0	10667.5	4216.0419045802255	17775009.341176454																																																													272.735	272.1537619047619	272.233	270.688	271.731	272.027	272.362	272.699	0.450040765349309	0.2025366904761918																					Ch1	Ch1																																									125.988	64.32161904761904	59.903	1.841	5.436	35.657	100.11	115.307	41.01130717921119	1681.9273165476193	255.0	127.5	127.5	0.0	25.5	63.75	191.25	229.5	74.04503134354572	5482.666666666667	255	127.5	127.5	0	25.5	63.75	191.25	229.5	74.04503134354572	5482.666666666667											20	10.0	10.0	0	2.0	5.0	15.0	18.0	6.2048368229954285	38.5	255.0	127.5	127.5	0.0	25.5	63.75	191.25	229.5	74.04503134354572	5482.666666666667	255	127.5	127.5	0	25.5	63.75	191.25	229.5	74.04503134354572	5482.666666666667																																																			L628
23052023--s--Lm--st--L628--p--C08--pos002--tm--24--ch--Syto9--z--21	256.0	128.5	128.5	1.0	26.5	64.75	192.25	230.5	74.04503134354572	5482.666666666667	256	128.5	128.5	1	26.5	64.75	192.25	230.5	74.04503134354572	5482.666666666667																					0.579	0.2734285714285714	0.254	0.02	0.038	0.126	0.45	0.541	0.1823141715359975	0.0332384571428571																					0.025	0.0236190476190476	0.024	0.021	0.021	0.024	0.024	0.025	0.0012031704150364	1.4476190476190507e-06	4309.0	2067.7619047619046	1915.0	174.0	326.0	956.0	3375.0	4047.0	1358.41171611415	1845282.39047619	11374.0	4096.0	2098.5	5.0	46.0	214.5	8510.0	10667.5	4216.0419045802255	17775009.341176454	18107	4096.0	254.0	0	1.0	6.0	7016.0	15478.5	6070.506522135869	36851049.43529412																																																													273.279	272.1594761904762	272.153	270.548	271.811	272.066	272.381	272.859	0.6122549811187692	0.3748561619047444																					slice_0021	slice_0001																																									105.494	49.78866666666666	46.217	3.613	6.895	23.03	81.978	98.495	33.20123311163808	1102.321880133333	255.0	127.5	127.5	0.0	25.5	63.75	191.25	229.5	74.04503134354572	5482.666666666667	255	127.5	127.5	0	25.5	63.75	191.25	229.5	74.04503134354572	5482.666666666667											20	10.0	10.0	0	2.0	5.0	15.0	18.0	6.2048368229954285	38.5	255.0	127.5	127.5	0.0	25.5	63.75	191.25	229.5	74.04503134354572	5482.666666666667	255	127.5	127.5	0	25.5	63.75	191.25	229.5	74.04503134354572	5482.666666666667																																																			L628
23052023--s--Lm--st--L628--p--C08--pos003--tm--24--ch--Syto9--z--21	256.0	128.5	128.5	1.0	26.5	64.75	192.25	230.5	74.04503134354572	5482.666666666667	256	128.5	128.5	1	26.5	64.75	192.25	230.5	74.04503134354572	5482.666666666667																					0.796	0.3767142857142856	0.366	0.009	0.019	0.218	0.596	0.715	0.2574605101480891	0.0662859142857142																					0.025	0.0231904761904761	0.024	0.02	0.021	0.023	0.024	0.024	0.0013645163106041	1.86190476190476e-06	5847.0	2864.0	2876.0	80.0	170.0	1679.0	4491.0	5371.0	1906.3281459392028	3634086.999999999	18107.0	4096.0	254.0	0.0	1.0	6.0	7016.0	15478.5	6070.506522135869	36851049.43529412	13140	4096.0	1420.5	4	30.0	121.25	8434.25	11958.0	4708.7491465876765	22172318.52549017																																																													273.49	272.31309523809523	272.394	271.707	271.772	271.869	272.584	272.963	0.4824896791395599	0.2327962904761954																					slice_0021	slice_0001																																									144.902	68.60904761904762	66.746	1.702	3.456	39.651	108.586	130.139	46.8914808984278	2198.8109808476192	255.0	127.5	127.5	0.0	25.5	63.75	191.25	229.5	74.04503134354572	5482.666666666667	255	127.5	127.5	0	25.5	63.75	191.25	229.5	74.04503134354572	5482.666666666667											20	10.0	10.0	0	2.0	5.0	15.0	18.0	6.2048368229954285	38.5	255.0	127.5	127.5	0.0	25.5	63.75	191.25	229.5	74.04503134354572	5482.666666666667	255	127.5	127.5	0	25.5	63.75	191.25	229.5	74.04503134354572	5482.666666666667																																																			L628
23052023--s--Lm--st--L628--p--C08--pos004--tm--24--ch--Syto9--z--21	256.0	128.5	128.5	1.0	26.5	64.75	192.25	230.5	74.04503134354572	5482.666666666667	256	128.5	128.5	1	26.5	64.75	192.25	230.5	74.04503134354572	5482.666666666667																					0.727	0.3920476190476191	0.482	0.003	0.009	0.082	0.64	0.701	0.2765166317223028	0.0764614476190476																					0.025	0.0234285714285714	0.024	0.019	0.02	0.023	0.025	0.025	0.0020142350550873	4.0571428571428525e-06	5276.0	2899.7619047619046	3673.0	32.0	82.0	651.0	4736.0	5080.0	2018.5495759272767	4074542.3904761914	13140.0	4096.0	1420.5	4.0	30.0	121.25	8434.25	11958.0	4708.7491465876765	22172318.52549017	8498	4096.0	3813.0	4	405.5	1064.0	7282.5	8062.0	2987.530840927037	8925340.525490208																																																													273.992	272.60480952380954	272.537	271.569	272.183	272.314	272.753	273.113	0.4855885726669879	0.2357962619047626																					slice_0021	slice_0001																																									132.415	71.38390476190476	87.848	0.608	1.598	15.006	116.627	127.586	50.355797505257286	2535.706342390476	255.0	127.5	127.5	0.0	25.5	63.75	191.25	229.5	74.04503134354572	5482.666666666667	255	127.5	127.5	0	25.5	63.75	191.25	229.5	74.04503134354572	5482.666666666667											20	10.0	10.0	0	2.0	5.0	15.0	18.0	6.2048368229954285	38.5	255.0	127.5	127.5	0.0	25.5	63.75	191.25	229.5	74.04503134354572	5482.666666666667	255	127.5	127.5	0	25.5	63.75	191.25	229.5	74.04503134354572	5482.666666666667																																																			L628
23052023--s--Lm--st--L628--p--C08--pos005--tm--24--ch--Syto9--z--21	256.0	128.5	128.5	1.0	26.5	64.75	192.25	230.5	74.04503134354572	5482.666666666667	256	128.5	128.5	1	26.5	64.75	192.25	230.5	74.04503134354572	5482.666666666667																					0.929	0.547	0.602	0.017	0.074	0.405	0.784	0.898	0.3023425209923341	0.091411																					0.025	0.0239047619047619	0.024	0.022	0.022	0.023	0.025	0.025	0.0010442586798663	1.0904761904761928e-06	6807.0	4071.571428571429	4446.0	142.0	606.0	3147.0	5852.0	6576.0	2195.7027706734025	4821110.657142857	8498.0	4096.0	3813.0	4.0	405.5	1064.0	7282.5	8062.0	2987.530840927037	8925340.525490208	12602	4096.0	1812.5	4	47.0	183.25	8161.5	11471.5	4462.830512174102	19916856.18039216																																																													273.578	272.3484761904762	272.383	271.224	271.498	272.203	272.587	272.894	0.5496993377335997	0.3021693619047581																					slice_0021	slice_0001																																									169.27	99.61695238095238	109.715	3.074	13.46	73.762	142.783	163.469	55.07865028436715	3033.657717147618	255.0	127.5	127.5	0.0	25.5	63.75	191.25	229.5	74.04503134354572	5482.666666666667	255	127.5	127.5	0	25.5	63.75	191.25	229.5	74.04503134354572	5482.666666666667											20	10.0	10.0	0	2.0	5.0	15.0	18.0	6.2048368229954285	38.5	255.0	127.5	127.5	0.0	25.5	63.75	191.25	229.5	74.04503134354572	5482.666666666667	255	127.5	127.5	0	25.5	63.75	191.25	229.5	74.04503134354572	5482.666666666667																																																			L628
23052023--s--Lm--st--L628--p--C09--pos001--tm--24--ch--Syto9--z--21	256.0	128.5	128.5	1.0	26.5	64.75	192.25	230.5	74.04503134354572	5482.666666666667	256	128.5	128.5	1	26.5	64.75	192.25	230.5	74.04503134354572	5482.666666666667																					0.474	0.181	0.135	0.033	0.064	0.074	0.264	0.357	0.1344778792218259	0.0180842999999999																					0.025	0.0242380952380952	0.024	0.022	0.024	0.024	0.025	0.025	0.0008890872794479	7.904761904761926e-07	3523.0	1360.0	1020.0	280.0	472.0	541.0	2002.0	2739.0	1009.5725333030808	1019236.7000000002	12602.0	4096.0	1812.5	4.0	47.0	183.25	8161.5	11471.5	4462.830512174102	19916856.18039216	19121	4096.0	150.5	0	1.0	7.0	6306.75	16732.0	6420.383776324753	41221327.83529409																																																													273.304	272.5698571428572	272.71	271.278	271.829	272.313	273.02	273.192	0.544014640034096	0.2959519285714271																					slice_0021	slice_0001																																									86.389	32.96223809523809	24.559	6.027	11.637	13.408	48.04	65.061	24.510812399642653	600.7799244904761	255.0	127.5	127.5	0.0	25.5	63.75	191.25	229.5	74.04503134354572	5482.666666666667	255	127.5	127.5	0	25.5	63.75	191.25	229.5	74.04503134354572	5482.666666666667											20	10.0	10.0	0	2.0	5.0	15.0	18.0	6.2048368229954285	38.5	255.0	127.5	127.5	0.0	25.5	63.75	191.25	229.5	74.04503134354572	5482.666666666667	255	127.5	127.5	0	25.5	63.75	191.25	229.5	74.04503134354572	5482.666666666667																																																			L628
23052023--s--Lm--st--L628--p--C09--pos002--tm--24--ch--Syto9--z--21	256.0	128.5	128.5	1.0	26.5	64.75	192.25	230.5	74.04503134354572	5482.666666666667	256	128.5	128.5	1	26.5	64.75	192.25	230.5	74.04503134354572	5482.666666666667																					0.464	0.2005714285714285	0.165	0.038	0.06	0.081	0.273	0.443	0.1442887977039698	0.0208192571428571																					0.027	0.0244761904761904	0.025	0.021	0.023	0.024	0.025	0.025	0.001209092536535	1.4619047619047607e-06	3437.0	1484.2857142857142	1216.0	324.0	446.0	589.0	2046.0	3253.0	1062.7553877942537	1129449.0142857144	19121.0	4096.0	150.5	0.0	1.0	7.0	6306.75	16732.0	6420.383776324753	41221327.83529409	22580	4096.0	64.0	0	0.0	2.0	4658.0	18162.5	7071.291356674567	50003161.450980425																																																													274.698	272.6482857142857	272.607	271.766	272.275	272.379	272.711	272.912	0.5573267571951854	0.3106131142857011																					slice_0021	slice_0001																																									84.583	36.50538095238095	29.995	6.843	10.925	14.728	49.656	80.588	26.2913493538772	691.235050847619	255.0	127.5	127.5	0.0	25.5	63.75	191.25	229.5	74.04503134354572	5482.666666666667	255	127.5	127.5	0	25.5	63.75	191.25	229.5	74.04503134354572	5482.666666666667											20	10.0	10.0	0	2.0	5.0	15.0	18.0	6.2048368229954285	38.5	255.0	127.5	127.5	0.0	25.5	63.75	191.25	229.5	74.04503134354572	5482.666666666667	255	127.5	127.5	0	25.5	63.75	191.25	229.5	74.04503134354572	5482.666666666667																																																			L628
23052023--s--Lm--st--L628--p--C09--pos003--tm--24--ch--Syto9--z--21	256.0	128.5	128.5	1.0	26.5	64.75	192.25	230.5	74.04503134354572	5482.666666666667	256	128.5	128.5	1	26.5	64.75	192.25	230.5	74.04503134354572	5482.666666666667																					0.89	0.3943333333333333	0.299	0.016	0.035	0.198	0.616	0.84	0.2784766297794724	0.0775492333333333																					0.025	0.0233809523809523	0.024	0.021	0.021	0.023	0.024	0.024	0.0011608699529314	1.347619047619045e-06	6633.0	2988.285714285714	2327.0	138.0	307.0	1571.0	4627.0	6215.0	2050.1367062432	4203060.514285715	22580.0	4096.0	64.0	0.0	0.0	2.0	4658.0	18162.5	7071.291356674567	50003161.450980425	17549	4096.0	428.0	0	6.0	26.0	7022.25	15423.0	5907.364556876706	34896956.00784312																																																													272.818	272.16742857142856	272.168	271.269	271.662	271.979	272.491	272.671	0.4105676036207267	0.1685657571428661																					slice_0021	slice_0001																																									162.097	71.8082380952381	54.536	2.918	6.357	36.091	112.129	152.996	50.70761598409529	2571.2623187904765	255.0	127.5	127.5	0.0	25.5	63.75	191.25	229.5	74.04503134354572	5482.666666666667	255	127.5	127.5	0	25.5	63.75	191.25	229.5	74.04503134354572	5482.666666666667											20	10.0	10.0	0	2.0	5.0	15.0	18.0	6.2048368229954285	38.5	255.0	127.5	127.5	0.0	25.5	63.75	191.25	229.5	74.04503134354572	5482.666666666667	255	127.5	127.5	0	25.5	63.75	191.25	229.5	74.04503134354572	5482.666666666667																																																			L628
23052023--s--Lm--st--L628--p--C09--pos004--tm--24--ch--Syto9--z--21	256.0	128.5	128.5	1.0	26.5	64.75	192.25	230.5	74.04503134354572	5482.666666666667	256	128.5	128.5	1	26.5	64.75	192.25	230.5	74.04503134354572	5482.666666666667																					0.955	0.5042857142857142	0.538	0.012	0.022	0.245	0.753	0.901	0.3290735697161264	0.1082894142857143																					0.025	0.0236666666666666	0.024	0.019	0.021	0.024	0.025	0.025	0.001622754859285	2.6333333333333324e-06	7020.0	3769.857142857143	3949.0	112.0	191.0	1841.0	5640.0	6602.0	2409.9471630248304	5807845.328571429	17549.0	4096.0	428.0	0.0	6.0	26.0	7022.25	15423.0	5907.364556876706	34896956.00784312	15305	4096.0	638.0	0	8.0	42.75	8059.0	13811.0	5420.69253516415	29383907.560784347																																																													273.111	272.2702857142857	272.387	271.36	271.652	272.003	272.499	272.843	0.4532432175837989	0.2054294142857148																					slice_0021	slice_0001																																									173.959	91.87090476190475	98.026	2.102	4.047	44.636	137.191	164.164	59.939359396730914	3592.726804890475	255.0	127.5	127.5	0.0	25.5	63.75	191.25	229.5	74.04503134354572	5482.666666666667	255	127.5	127.5	0	25.5	63.75	191.25	229.5	74.04503134354572	5482.666666666667											20	10.0	10.0	0	2.0	5.0	15.0	18.0	6.2048368229954285	38.5	255.0	127.5	127.5	0.0	25.5	63.75	191.25	229.5	74.04503134354572	5482.666666666667	255	127.5	127.5	0	25.5	63.75	191.25	229.5	74.04503134354572	5482.666666666667																																																			L628
23052023--s--Lm--st--L628--p--C09--pos005--tm--24--ch--Syto9--z--21	256.0	128.5	128.5	1.0	26.5	64.75	192.25	230.5	74.04503134354572	5482.666666666667	256	128.5	128.5	1	26.5	64.75	192.25	230.5	74.04503134354572	5482.666666666667																					0.891	0.4314761904761904	0.38	0.035	0.067	0.246	0.606	0.82	0.2739318563160588	0.0750386619047618																					0.025	0.0235238095238095	0.024	0.021	0.022	0.023	0.024	0.024	0.0010304876330673	1.0619047619047635e-06	6613.0	3264.5238095238096	2879.0	306.0	579.0	1934.0	4514.0	6139.0	2017.9422593089137	4072090.961904763	15305.0	4096.0	638.0	0.0	8.0	42.75	8059.0	13811.0	5420.69253516415	29383907.560784347	18357	4096.0	203.5	0	1.5	9.75	6475.5	16750.5	6332.618605284864	40102058.40000002																																																													272.518	272.1652380952381	272.148	271.756	271.859	271.958	272.391	272.478	0.2440282575362744	0.0595497904761903																					slice_0021	slice_0001																																									162.253	78.59909523809523	69.195	6.426	12.227	44.723	110.357	149.401	49.89574095742518	2489.584965690477	255.0	127.5	127.5	0.0	25.5	63.75	191.25	229.5	74.04503134354572	5482.666666666667	255	127.5	127.5	0	25.5	63.75	191.25	229.5	74.04503134354572	5482.666666666667											20	10.0	10.0	0	2.0	5.0	15.0	18.0	6.2048368229954285	38.5	255.0	127.5	127.5	0.0	25.5	63.75	191.25	229.5	74.04503134354572	5482.666666666667	255	127.5	127.5	0	25.5	63.75	191.25	229.5	74.04503134354572	5482.666666666667																																																			L628
23052023--s--Lm--st--L628--p--C10--pos001--tm--24--ch--Syto9--z--21	256.0	128.5	128.5	1.0	26.5	64.75	192.25	230.5	74.04503134354572	5482.666666666667	256	128.5	128.5	1	26.5	64.75	192.25	230.5	74.04503134354572	5482.666666666667																					0.54	0.2335238095238095	0.179	0.026	0.071	0.128	0.349	0.488	0.1581226166769381	0.0250027619047619																					0.024	0.0233809523809523	0.024	0.021	0.023	0.023	0.024	0.024	0.0008047478161629	6.476190476190467e-07	4078.0	1799.3809523809523	1364.0	218.0	545.0	986.0	2709.0	3763.0	1203.1123586843617	1447479.347619048	18357.0	4096.0	203.5	0.0	1.5	9.75	6475.5	16750.5	6332.618605284864	40102058.40000002	14682	4096.0	962.5	4	13.5	72.0	8185.0	13284.5	5165.496186708688	26682350.854902																																																													273.629	272.12119047619046	272.081	270.186	271.533	271.814	272.432	272.82	0.7167657650200344	0.5137531619047552																					slice_0021	slice_0001																																									98.338	42.5212380952381	32.6	4.707	12.87	23.36	63.498	88.838	28.786557338286848	828.6658833904763	255.0	127.5	127.5	0.0	25.5	63.75	191.25	229.5	74.04503134354572	5482.666666666667	255	127.5	127.5	0	25.5	63.75	191.25	229.5	74.04503134354572	5482.666666666667											20	10.0	10.0	0	2.0	5.0	15.0	18.0	6.2048368229954285	38.5	255.0	127.5	127.5	0.0	25.5	63.75	191.25	229.5	74.04503134354572	5482.666666666667	255	127.5	127.5	0	25.5	63.75	191.25	229.5	74.04503134354572	5482.666666666667																																																			L628
23052023--s--Lm--st--L628--p--C10--pos002--tm--24--ch--Syto9--z--21	256.0	128.5	128.5	1.0	26.5	64.75	192.25	230.5	74.04503134354572	5482.666666666667	256	128.5	128.5	1	26.5	64.75	192.25	230.5	74.04503134354572	5482.666666666667																					0.741	0.3219047619047619	0.232	0.026	0.058	0.158	0.494	0.7	0.2368611206513016	0.0561031904761904																					0.024	0.0233809523809523	0.024	0.021	0.022	0.023	0.024	0.024	0.0008646496675642	7.476190476190503e-07	5614.0	2459.0476190476197	1828.0	219.0	469.0	1214.0	3772.0	5296.0	1779.3602635832483	3166122.9476190475	14682.0	4096.0	962.5	4.0	13.5	72.0	8185.0	13284.5	5165.496186708688	26682350.854902	16235	4096.0	522.5	0	9.0	37.75	7815.0	14547.0	5647.359741247127	31892672.04705882																																																													273.258	272.14647619047616	272.248	269.845	271.684	271.843	272.643	272.844	0.7067441276054238	0.4994872619047515																					slice_0021	slice_0001																																									134.881	58.603476190476194	42.257	4.655	10.508	28.796	89.95	127.569	43.14921282320113	1861.854567261905	255.0	127.5	127.5	0.0	25.5	63.75	191.25	229.5	74.04503134354572	5482.666666666667	255	127.5	127.5	0	25.5	63.75	191.25	229.5	74.04503134354572	5482.666666666667											20	10.0	10.0	0	2.0	5.0	15.0	18.0	6.2048368229954285	38.5	255.0	127.5	127.5	0.0	25.5	63.75	191.25	229.5	74.04503134354572	5482.666666666667	255	127.5	127.5	0	25.5	63.75	191.25	229.5	74.04503134354572	5482.666666666667																																																			L628
23052023--s--Lm--st--L628--p--C10--pos003--tm--24--ch--Syto9--z--21	256.0	128.5	128.5	1.0	26.5	64.75	192.25	230.5	74.04503134354572	5482.666666666667	256	128.5	128.5	1	26.5	64.75	192.25	230.5	74.04503134354572	5482.666666666667																					0.817	0.4366666666666666	0.471	0.012	0.024	0.159	0.69	0.795	0.2858893725435301	0.0817327333333333																					0.025	0.0236666666666666	0.024	0.021	0.022	0.023	0.024	0.025	0.0011105554165971	1.2333333333333378e-06	6012.0	3278.714285714286	3660.0	102.0	194.0	1270.0	5057.0	5776.0	2096.4210012031726	4394981.014285713	16235.0	4096.0	522.5	0.0	9.0	37.75	7815.0	14547.0	5647.359741247127	31892672.04705882	12039	4096.0	1687.5	7	50.5	178.5	8574.25	11271.5	4493.735926864434	20193662.580392152																																																													275.991	272.3974285714286	272.409	271.606	271.707	271.859	272.535	272.688	0.9098599656776049	0.8278451571428521																					slice_0021	slice_0001																																									148.793	79.54685714285714	85.799	2.24	4.446	29.04	125.641	144.694	52.048444574536255	2709.0405826285723	255.0	127.5	127.5	0.0	25.5	63.75	191.25	229.5	74.04503134354572	5482.666666666667	255	127.5	127.5	0	25.5	63.75	191.25	229.5	74.04503134354572	5482.666666666667											20	10.0	10.0	0	2.0	5.0	15.0	18.0	6.2048368229954285	38.5	255.0	127.5	127.5	0.0	25.5	63.75	191.25	229.5	74.04503134354572	5482.666666666667	255	127.5	127.5	0	25.5	63.75	191.25	229.5	74.04503134354572	5482.666666666667																																																			L628
23052023--s--Lm--st--L628--p--C10--pos004--tm--24--ch--Syto9--z--21	256.0	128.5	128.5	1.0	26.5	64.75	192.25	230.5	74.04503134354572	5482.666666666667	256	128.5	128.5	1	26.5	64.75	192.25	230.5	74.04503134354572	5482.666666666667																					0.714	0.3619047619047619	0.333	0.016	0.04	0.24	0.531	0.641	0.2202979584022296	0.0485311904761904																					0.025	0.0234285714285714	0.023	0.02	0.022	0.023	0.024	0.025	0.0012071217242444	1.4571428571428611e-06	5324.0	2751.4761904761904	2617.0	145.0	330.0	1873.0	4019.0	4748.0	1629.9958472047597	2656886.4619047614	12039.0	4096.0	1687.5	7.0	50.5	178.5	8574.25	11271.5	4493.735926864434	20193662.580392152	12832	4096.0	1945.5	34	73.5	261.75	7976.75	11119.0	4340.179211082617	18837155.584313728																																																													272.775	272.00623809523813	272.07	269.805	271.46	271.878	272.246	272.547	0.6309178951941238	0.3980573904761834																					slice_0021	slice_0001																																									130.035	65.8972380952381	60.58	2.953	7.243	43.629	96.619	116.766	40.13567580582737	1610.8724723904763	255.0	127.5	127.5	0.0	25.5	63.75	191.25	229.5	74.04503134354572	5482.666666666667	255	127.5	127.5	0	25.5	63.75	191.25	229.5	74.04503134354572	5482.666666666667											20	10.0	10.0	0	2.0	5.0	15.0	18.0	6.2048368229954285	38.5	255.0	127.5	127.5	0.0	25.5	63.75	191.25	229.5	74.04503134354572	5482.666666666667	255	127.5	127.5	0	25.5	63.75	191.25	229.5	74.04503134354572	5482.666666666667																																																			L628
23052023--s--Lm--st--L628--p--C10--pos005--tm--24--ch--Syto9--z--21	256.0	128.5	128.5	1.0	26.5	64.75	192.25	230.5	74.04503134354572	5482.666666666667	256	128.5	128.5	1	26.5	64.75	192.25	230.5	74.04503134354572	5482.666666666667																					0.572	0.2809523809523809	0.245	0.023	0.056	0.178	0.413	0.493	0.1668911250457843	0.0278526476190476																					0.024	0.0231428571428571	0.023	0.021	0.021	0.023	0.024	0.024	0.0010141851056742	1.028571428571426e-06	4306.0	2174.0	1953.0	195.0	482.0	1438.0	3177.0	3789.0	1251.6706036334	1566679.2999999998	12832.0	4096.0	1945.5	34.0	73.5	261.75	7976.75	11119.0	4340.179211082617	18837155.584313728	14136	4096.0	1619.5	18	62.5	224.0	7724.75	12263.0	4690.634903302367	22002055.796078406																																																													272.638	271.9929523809524	272.069	270.584	271.558	271.824	272.268	272.517	0.4686492799728209	0.2196321476190435																					slice_0021	slice_0001																																									104.122	51.17657142857144	44.671	4.186	10.265	32.409	75.274	89.828	30.38639919202575	923.3332558571432	255.0	127.5	127.5	0.0	25.5	63.75	191.25	229.5	74.04503134354572	5482.666666666667	255	127.5	127.5	0	25.5	63.75	191.25	229.5	74.04503134354572	5482.666666666667											20	10.0	10.0	0	2.0	5.0	15.0	18.0	6.2048368229954285	38.5	255.0	127.5	127.5	0.0	25.5	63.75	191.25	229.5	74.04503134354572	5482.666666666667	255	127.5	127.5	0	25.5	63.75	191.25	229.5	74.04503134354572	5482.666666666667																																																			L628
23052023--s--Lm--st--L628--p--D03--pos001--tm--24--ch--Syto9--z--21	256.0	128.5	128.5	1.0	26.5	64.75	192.25	230.5	74.04503134354572	5482.666666666667	256	128.5	128.5	1	26.5	64.75	192.25	230.5	74.04503134354572	5482.666666666667																					0.943	0.4607142857142857	0.403	0.016	0.083	0.265	0.714	0.871	0.2880909826525542	0.0829964142857142																					0.025	0.0239523809523809	0.024	0.021	0.022	0.024	0.025	0.025	0.0011169686869465	1.2476190476190507e-06	6965.0	3442.9523809523807	3071.0	143.0	672.0	2014.0	5297.0	6391.0	2097.9739387368586	4401494.647619047	14136.0	4096.0	1619.5	18.0	62.5	224.0	7724.75	12263.0	4690.634903302367	22002055.796078406	13453	4096.0	1988.5	10	85.0	299.25	7744.5	11181.5	4390.959469048141	19280525.05882353																																																													273.896	272.3477142857143	272.235	271.392	271.828	272.095	272.422	273.148	0.5873522914620551	0.344982714285727																					Ch1	Ch1																																									171.736	83.92704761904763	73.485	3.005	15.076	48.249	130.122	158.641	52.46543295778296	2752.6216554476187	255.0	127.5	127.5	0.0	25.5	63.75	191.25	229.5	74.04503134354572	5482.666666666667	255	127.5	127.5	0	25.5	63.75	191.25	229.5	74.04503134354572	5482.666666666667											20	10.0	10.0	0	2.0	5.0	15.0	18.0	6.2048368229954285	38.5	255.0	127.5	127.5	0.0	25.5	63.75	191.25	229.5	74.04503134354572	5482.666666666667	255	127.5	127.5	0	25.5	63.75	191.25	229.5	74.04503134354572	5482.666666666667																																																			L628
23052023--s--Lm--st--L628--p--D03--pos002--tm--24--ch--Syto9--z--21	256.0	128.5	128.5	1.0	26.5	64.75	192.25	230.5	74.04503134354572	5482.666666666667	256	128.5	128.5	1	26.5	64.75	192.25	230.5	74.04503134354572	5482.666666666667																					0.823	0.3911904761904762	0.39	0.017	0.036	0.222	0.581	0.771	0.2698834228046656	0.0728370619047618																					0.025	0.0233809523809523	0.024	0.021	0.022	0.023	0.024	0.024	0.0009734572654303	9.4761904761905e-07	6193.0	2968.3809523809523	2974.0	141.0	292.0	1725.0	4389.0	5714.0	2010.7074495358709	4042944.447619047	13453.0	4096.0	1988.5	10.0	85.0	299.25	7744.5	11181.5	4390.959469048141	19280525.05882353	12656	4096.0	1469.5	9	24.0	113.0	8752.25	11825.5	4671.920449060847	21826840.68235291																																																													274.182	272.3179523809524	272.243	271.685	271.86	272.08	272.369	272.729	0.5091170274298932	0.2592001476190506																					slice_0021	slice_0001																																									149.8	71.22423809523809	71.001	3.109	6.496	40.346	105.772	140.404	49.1500017252337	2415.722669590476	255.0	127.5	127.5	0.0	25.5	63.75	191.25	229.5	74.04503134354572	5482.666666666667	255	127.5	127.5	0	25.5	63.75	191.25	229.5	74.04503134354572	5482.666666666667											20	10.0	10.0	0	2.0	5.0	15.0	18.0	6.2048368229954285	38.5	255.0	127.5	127.5	0.0	25.5	63.75	191.25	229.5	74.04503134354572	5482.666666666667	255	127.5	127.5	0	25.5	63.75	191.25	229.5	74.04503134354572	5482.666666666667																																																			L628
23052023--s--Lm--st--L628--p--D03--pos003--tm--24--ch--Syto9--z--21	256.0	128.5	128.5	1.0	26.5	64.75	192.25	230.5	74.04503134354572	5482.666666666667	256	128.5	128.5	1	26.5	64.75	192.25	230.5	74.04503134354572	5482.666666666667																					0.937	0.4236666666666667	0.394	0.025	0.037	0.253	0.593	0.814	0.290548332181297	0.0844183333333333																					0.025	0.0236190476190476	0.024	0.021	0.021	0.024	0.024	0.024	0.0011608699529314	1.347619047619045e-06	6920.0	3196.5238095238096	3018.0	212.0	315.0	1954.0	4517.0	6100.0	2148.4684689109968	4615916.761904763	12656.0	4096.0	1469.5	9.0	24.0	113.0	8752.25	11825.5	4671.920449060847	21826840.68235291	17379	4096.0	483.0	1	9.0	30.0	7062.25	15480.5	5886.307979656903	34648621.63137253																																																													273.111	271.9720952380952	272.0	269.582	271.225	271.884	272.315	272.898	0.7579234067346124	0.5744478904762007																					slice_0021	slice_0001																																									170.711	77.16819047619049	71.73	4.55	6.756	46.112	107.978	148.324	52.927408995358014	2801.3106229619048	255.0	127.5	127.5	0.0	25.5	63.75	191.25	229.5	74.04503134354572	5482.666666666667	255	127.5	127.5	0	25.5	63.75	191.25	229.5	74.04503134354572	5482.666666666667											20	10.0	10.0	0	2.0	5.0	15.0	18.0	6.2048368229954285	38.5	255.0	127.5	127.5	0.0	25.5	63.75	191.25	229.5	74.04503134354572	5482.666666666667	255	127.5	127.5	0	25.5	63.75	191.25	229.5	74.04503134354572	5482.666666666667																																																			L628
23052023--s--Lm--st--L628--p--D03--pos004--tm--24--ch--Syto9--z--21	256.0	128.5	128.5	1.0	26.5	64.75	192.25	230.5	74.04503134354572	5482.666666666667	256	128.5	128.5	1	26.5	64.75	192.25	230.5	74.04503134354572	5482.666666666667																					1.146	0.5951428571428571	0.638	0.01	0.029	0.17	0.902	1.052	0.4049827509554309	0.1640110285714285																					0.025	0.0239523809523809	0.024	0.021	0.023	0.023	0.025	0.025	0.0011169686869465	1.247619047619051e-06	8305.0	4398.285714285715	4689.0	79.0	227.0	1346.0	6650.0	7751.0	2937.7036294163017	8630102.614285713	17379.0	4096.0	483.0	1.0	9.0	30.0	7062.25	15480.5	5886.307979656903	34648621.63137253	12614	4096.0	1572.5	6	22.5	107.75	8695.75	11609.0	4587.916625736116	21048978.96470587																																																													273.583	272.2543809523809	272.2	271.084	271.684	271.845	272.569	272.907	0.6110384992936613	0.3733680476190496																					slice_0021	slice_0001																																									208.678	108.39866666666666	116.262	1.806	5.245	31.002	164.285	191.623	73.75173889701404	5439.318990333332	255.0	127.5	127.5	0.0	25.5	63.75	191.25	229.5	74.04503134354572	5482.666666666667	255	127.5	127.5	0	25.5	63.75	191.25	229.5	74.04503134354572	5482.666666666667											20	10.0	10.0	0	2.0	5.0	15.0	18.0	6.2048368229954285	38.5	255.0	127.5	127.5	0.0	25.5	63.75	191.25	229.5	74.04503134354572	5482.666666666667	255	127.5	127.5	0	25.5	63.75	191.25	229.5	74.04503134354572	5482.666666666667																																																			L628
23052023--s--Lm--st--L628--p--D03--pos005--tm--24--ch--Syto9--z--21	256.0	128.5	128.5	1.0	26.5	64.75	192.25	230.5	74.04503134354572	5482.666666666667	256	128.5	128.5	1	26.5	64.75	192.25	230.5	74.04503134354572	5482.666666666667																					1.095	0.5351904761904761	0.472	0.035	0.077	0.277	0.834	1.023	0.3465194971495282	0.1200757619047619																					0.025	0.0238095238095238	0.024	0.021	0.022	0.024	0.024	0.025	0.0010779168622415	1.1619047619047642e-06	8057.0	4032.714285714286	3612.0	293.0	652.0	2128.0	6279.0	7537.0	2534.396696313684	6423166.614285713	12614.0	4096.0	1572.5	6.0	22.5	107.75	8695.75	11609.0	4587.916625736116	21048978.96470587	17644	4096.0	346.5	0	4.0	17.75	6929.25	15696.0	6024.384408873852	36293207.50588235																																																													272.79	271.9936666666667	272.054	271.125	271.524	271.689	272.291	272.524	0.4369278353839763	0.1909059333333271																					slice_0021	slice_0001																																									199.49	97.48319047619049	85.938	6.461	13.964	50.42	151.902	186.343	63.11392601052405	3983.367656461905	255.0	127.5	127.5	0.0	25.5	63.75	191.25	229.5	74.04503134354572	5482.666666666667	255	127.5	127.5	0	25.5	63.75	191.25	229.5	74.04503134354572	5482.666666666667											20	10.0	10.0	0	2.0	5.0	15.0	18.0	6.2048368229954285	38.5	255.0	127.5	127.5	0.0	25.5	63.75	191.25	229.5	74.04503134354572	5482.666666666667	255	127.5	127.5	0	25.5	63.75	191.25	229.5	74.04503134354572	5482.666666666667																																																			L628
23052023--s--Lm--st--L628--p--D04--pos001--tm--24--ch--Syto9--z--21	256.0	128.5	128.5	1.0	26.5	64.75	192.25	230.5	74.04503134354572	5482.666666666667	256	128.5	128.5	1	26.5	64.75	192.25	230.5	74.04503134354572	5482.666666666667																					0.591	0.2672857142857142	0.225	0.016	0.036	0.131	0.413	0.528	0.1808145853788191	0.0326939142857142																					0.024	0.0232857142857142	0.024	0.02	0.021	0.023	0.024	0.024	0.0011892374507581	1.4142857142857148e-06	4480.0	2054.5714285714284	1757.0	146.0	304.0	991.0	3157.0	4113.0	1378.2756462851894	1899643.7571428567	17644.0	4096.0	346.5	0.0	4.0	17.75	6929.25	15696.0	6024.384408873852	36293207.50588235	15400	4096.0	632.5	3	8.5	36.75	7959.0	13910.5	5436.616574708226	29556799.780392207																																																													272.743	272.0644761904762	272.128	271.443	271.696	271.886	272.255	272.473	0.3256376236013956	0.1060398619047642																					slice_0021	slice_0001																																									107.7	48.67133333333333	41.058	2.987	6.513	23.933	75.169	96.115	32.92444750839918	1084.019243733333	255.0	127.5	127.5	0.0	25.5	63.75	191.25	229.5	74.04503134354572	5482.666666666667	255	127.5	127.5	0	25.5	63.75	191.25	229.5	74.04503134354572	5482.666666666667											20	10.0	10.0	0	2.0	5.0	15.0	18.0	6.2048368229954285	38.5	255.0	127.5	127.5	0.0	25.5	63.75	191.25	229.5	74.04503134354572	5482.666666666667	255	127.5	127.5	0	25.5	63.75	191.25	229.5	74.04503134354572	5482.666666666667																																																			L628
23052023--s--Lm--st--L628--p--D04--pos002--tm--24--ch--Syto9--z--21	256.0	128.5	128.5	1.0	26.5	64.75	192.25	230.5	74.04503134354572	5482.666666666667	256	128.5	128.5	1	26.5	64.75	192.25	230.5	74.04503134354572	5482.666666666667																					0.585	0.2706190476190476	0.235	0.029	0.073	0.144	0.368	0.563	0.1755313294516042	0.0308112476190476																					0.024	0.0236190476190476	0.024	0.021	0.022	0.024	0.024	0.024	0.0008646496675642	7.476190476190504e-07	4444.0	2066.1428571428573	1784.0	258.0	593.0	1107.0	2769.0	4272.0	1325.4369953232135	1756783.2285714285	15400.0	4096.0	632.5	3.0	8.5	36.75	7959.0	13910.5	5436.616574708226	29556799.780392207	14366	4096.0	833.0	4	14.0	49.75	8515.5	13316.5	5201.892285411113	27059683.349019658																																																													272.797	272.00290476190474	272.071	270.309	271.736	271.796	272.314	272.683	0.5607723160750597	0.3144655904761866																					slice_0021	slice_0001																																									106.519	49.28333333333334	42.847	5.367	13.304	26.295	66.972	102.524	31.9529870064339	1020.9933786333336	255.0	127.5	127.5	0.0	25.5	63.75	191.25	229.5	74.04503134354572	5482.666666666667	255	127.5	127.5	0	25.5	63.75	191.25	229.5	74.04503134354572	5482.666666666667											20	10.0	10.0	0	2.0	5.0	15.0	18.0	6.2048368229954285	38.5	255.0	127.5	127.5	0.0	25.5	63.75	191.25	229.5	74.04503134354572	5482.666666666667	255	127.5	127.5	0	25.5	63.75	191.25	229.5	74.04503134354572	5482.666666666667																																																			L628
23052023--s--Lm--st--L628--p--D04--pos003--tm--24--ch--Syto9--z--21	256.0	128.5	128.5	1.0	26.5	64.75	192.25	230.5	74.04503134354572	5482.666666666667	256	128.5	128.5	1	26.5	64.75	192.25	230.5	74.04503134354572	5482.666666666667																					1.008	0.4576666666666667	0.395	0.023	0.035	0.242	0.662	0.906	0.3207250120170445	0.1028645333333333																					0.025	0.0233333333333333	0.024	0.021	0.021	0.023	0.024	0.025	0.0013165611772087	1.7333333333333323e-06	7464.0	3473.428571428572	3092.0	194.0	297.0	1889.0	5000.0	6832.0	2367.0258885662524	5602811.557142857	14366.0	4096.0	833.0	4.0	14.0	49.75	8515.5	13316.5	5201.892285411113	27059683.349019658	14516	4096.0	944.0	1	19.0	80.25	8030.0	13521.0	5197.82051006977	27017338.05490196																																																													272.96	272.1018095238095	271.963	271.552	271.712	271.849	272.338	272.693	0.4015835677723504	0.1612693619047699																					slice_0021	slice_0001																																									183.581	83.36119047619047	71.991	4.168	6.374	44.063	120.535	165.032	58.42021059498078	3412.9210059619045	255.0	127.5	127.5	0.0	25.5	63.75	191.25	229.5	74.04503134354572	5482.666666666667	255	127.5	127.5	0	25.5	63.75	191.25	229.5	74.04503134354572	5482.666666666667											20	10.0	10.0	0	2.0	5.0	15.0	18.0	6.2048368229954285	38.5	255.0	127.5	127.5	0.0	25.5	63.75	191.25	229.5	74.04503134354572	5482.666666666667	255	127.5	127.5	0	25.5	63.75	191.25	229.5	74.04503134354572	5482.666666666667																																																			L628
23052023--s--Lm--st--L628--p--D04--pos004--tm--24--ch--Syto9--z--21	256.0	128.5	128.5	1.0	26.5	64.75	192.25	230.5	74.04503134354572	5482.666666666667	256	128.5	128.5	1	26.5	64.75	192.25	230.5	74.04503134354572	5482.666666666667																					0.968	0.4362380952380952	0.389	0.027	0.055	0.21	0.663	0.877	0.303355386430158	0.0920244904761904																					0.025	0.0234285714285714	0.024	0.021	0.022	0.023	0.024	0.024	0.0009783367810436	9.571428571428596e-07	7131.0	3309.8571428571427	3023.0	224.0	443.0	1658.0	5042.0	6607.0	2231.0791623273767	4977714.228571429	14516.0	4096.0	944.0	1.0	19.0	80.25	8030.0	13521.0	5197.82051006977	27017338.05490196	15274	4096.0	984.0	11	24.0	97.25	7940.25	13658.5	5250.753247177505	27570409.66274511																																																													272.957	272.0019047619048	271.971	271.436	271.532	271.73	272.23	272.39	0.3727490985585233	0.1389418904761917																					slice_0021	slice_0001																																									176.321	79.44190476190477	70.758	4.933	9.969	38.158	120.691	159.683	55.24703029476314	3052.2343563904765	255.0	127.5	127.5	0.0	25.5	63.75	191.25	229.5	74.04503134354572	5482.666666666667	255	127.5	127.5	0	25.5	63.75	191.25	229.5	74.04503134354572	5482.666666666667											20	10.0	10.0	0	2.0	5.0	15.0	18.0	6.2048368229954285	38.5	255.0	127.5	127.5	0.0	25.5	63.75	191.25	229.5	74.04503134354572	5482.666666666667	255	127.5	127.5	0	25.5	63.75	191.25	229.5	74.04503134354572	5482.666666666667																																																			L628
23052023--s--Lm--st--L628--p--D04--pos005--tm--24--ch--Syto9--z--21	256.0	128.5	128.5	1.0	26.5	64.75	192.25	230.5	74.04503134354572	5482.666666666667	256	128.5	128.5	1	26.5	64.75	192.25	230.5	74.04503134354572	5482.666666666667																					0.719	0.3301428571428571	0.272	0.033	0.058	0.184	0.5	0.668	0.2184653944482479	0.0477271285714285																					0.024	0.0231904761904761	0.023	0.021	0.022	0.023	0.024	0.024	0.0008728715609439	7.619047619047628e-07	5425.0	2538.4761904761904	2174.0	274.0	487.0	1446.0	3865.0	4994.0	1624.5901827552575	2639293.261904761	15274.0	4096.0	984.0	11.0	24.0	97.25	7940.25	13658.5	5250.753247177505	27570409.66274511	15761	4096.0	971.0	6	18.0	72.0	7603.0	13491.0	5233.040028248867	27384707.937254906																																																													272.322	271.9217619047619	271.944	270.654	271.74	271.833	272.099	272.277	0.3528058821451113	0.1244719904761901																					slice_0021	slice_0001																																									130.938	60.1127619047619	49.499	5.992	10.542	33.555	91.009	121.612	39.78226850231741	1582.6288871904756	255.0	127.5	127.5	0.0	25.5	63.75	191.25	229.5	74.04503134354572	5482.666666666667	255	127.5	127.5	0	25.5	63.75	191.25	229.5	74.04503134354572	5482.666666666667											20	10.0	10.0	0	2.0	5.0	15.0	18.0	6.2048368229954285	38.5	255.0	127.5	127.5	0.0	25.5	63.75	191.25	229.5	74.04503134354572	5482.666666666667	255	127.5	127.5	0	25.5	63.75	191.25	229.5	74.04503134354572	5482.666666666667																																																			L628
23052023--s--Lm--st--L628--p--D05--pos001--tm--24--ch--Syto9--z--21	256.0	128.5	128.5	1.0	26.5	64.75	192.25	230.5	74.04503134354572	5482.666666666667	256	128.5	128.5	1	26.5	64.75	192.25	230.5	74.04503134354572	5482.666666666667																					0.305	0.1365714285714285	0.115	0.024	0.047	0.077	0.177	0.268	0.0799697264147948	0.0063951571428571																					0.028	0.025	0.025	0.022	0.024	0.024	0.025	0.027	0.0013416407864998	1.8000000000000008e-06	2293.0	1001.7142857142856	830.0	199.0	347.0	520.0	1288.0	1995.0	604.9302557202064	365940.6142857144	15761.0	4096.0	971.0	6.0	18.0	72.0	7603.0	13491.0	5233.040028248867	27384707.937254906	15635	4096.0	465.0	0	1.0	8.0	8114.25	14253.0	5551.63401347818	30820640.21960785																																																													273.785	272.5489523809524	272.381	271.622	271.822	272.239	273.119	273.414	0.6366318776334351	0.405300147619073																					slice_0021	slice_0001																																									55.543	24.85214285714285	20.929	4.325	8.562	13.947	32.235	48.822	14.571400276863288	212.32570602857143	255.0	127.5	127.5	0.0	25.5	63.75	191.25	229.5	74.04503134354572	5482.666666666667	255	127.5	127.5	0	25.5	63.75	191.25	229.5	74.04503134354572	5482.666666666667											20	10.0	10.0	0	2.0	5.0	15.0	18.0	6.2048368229954285	38.5	255.0	127.5	127.5	0.0	25.5	63.75	191.25	229.5	74.04503134354572	5482.666666666667	255	127.5	127.5	0	25.5	63.75	191.25	229.5	74.04503134354572	5482.666666666667																																																			L628
23052023--s--Lm--st--L628--p--D05--pos002--tm--24--ch--Syto9--z--21	256.0	128.5	128.5	1.0	26.5	64.75	192.25	230.5	74.04503134354572	5482.666666666667	256	128.5	128.5	1	26.5	64.75	192.25	230.5	74.04503134354572	5482.666666666667																					0.284	0.1189523809523809	0.087	0.03	0.038	0.064	0.17	0.234	0.0798207217397063	0.0063713476190476																					0.028	0.0255238095238095	0.025	0.022	0.024	0.025	0.026	0.027	0.001400680106914	1.9619047619047617e-06	2053.0	857.952380952381	629.0	235.0	293.0	433.0	1232.0	1712.0	586.3738121872834	343834.2476190476	15635.0	4096.0	465.0	0.0	1.0	8.0	8114.25	14253.0	5551.63401347818	30820640.21960785	18196	4096.0	120.5	0	0.0	1.0	6946.5	16077.5	6245.273519497232	39003441.33333334																																																													274.901	272.9907142857143	272.753	270.986	272.116	272.428	273.465	274.415	0.9444225824734028	0.8919340142857315																					slice_0021	slice_0001																																									51.635	21.680333333333333	15.909	5.436	6.999	11.741	30.985	42.656	14.521348733273136	210.8695690333333	255.0	127.5	127.5	0.0	25.5	63.75	191.25	229.5	74.04503134354572	5482.666666666667	255	127.5	127.5	0	25.5	63.75	191.25	229.5	74.04503134354572	5482.666666666667											20	10.0	10.0	0	2.0	5.0	15.0	18.0	6.2048368229954285	38.5	255.0	127.5	127.5	0.0	25.5	63.75	191.25	229.5	74.04503134354572	5482.666666666667	255	127.5	127.5	0	25.5	63.75	191.25	229.5	74.04503134354572	5482.666666666667																																																			L628
23052023--s--Lm--st--L628--p--D05--pos003--tm--24--ch--Syto9--z--21	256.0	128.5	128.5	1.0	26.5	64.75	192.25	230.5	74.04503134354572	5482.666666666667	256	128.5	128.5	1	26.5	64.75	192.25	230.5	74.04503134354572	5482.666666666667																					0.715	0.2852857142857142	0.234	0.024	0.028	0.138	0.414	0.633	0.2190045987775469	0.0479630142857143																					0.025	0.023047619047619	0.023	0.02	0.021	0.023	0.024	0.024	0.0012835961388299	1.6476190476190465e-06	5413.0	2187.3809523809523	1818.0	209.0	241.0	1085.0	3141.0	4704.0	1639.9600140305397	2689468.847619048	18196.0	4096.0	120.5	0.0	0.0	1.0	6946.5	16077.5	6245.273519497232	39003441.33333334	18173	4096.0	362.0	0	3.0	15.75	6797.5	15895.0	6086.81212355458	37049281.82745101																																																													272.986	272.01300000000003	271.984	271.265	271.503	271.768	272.261	272.526	0.418824664985274	0.175414100000027																					slice_0021	slice_0001																																									130.226	51.95385714285714	42.656	4.29	5.106	25.114	75.378	115.272	39.89979309631281	1591.9934891285714	255.0	127.5	127.5	0.0	25.5	63.75	191.25	229.5	74.04503134354572	5482.666666666667	255	127.5	127.5	0	25.5	63.75	191.25	229.5	74.04503134354572	5482.666666666667											20	10.0	10.0	0	2.0	5.0	15.0	18.0	6.2048368229954285	38.5	255.0	127.5	127.5	0.0	25.5	63.75	191.25	229.5	74.04503134354572	5482.666666666667	255	127.5	127.5	0	25.5	63.75	191.25	229.5	74.04503134354572	5482.666666666667																																																			L628
23052023--s--Lm--st--L628--p--D05--pos004--tm--24--ch--Syto9--z--21	256.0	128.5	128.5	1.0	26.5	64.75	192.25	230.5	74.04503134354572	5482.666666666667	256	128.5	128.5	1	26.5	64.75	192.25	230.5	74.04503134354572	5482.666666666667																					0.689	0.3425238095238095	0.311	0.018	0.03	0.212	0.534	0.632	0.2190891642796646	0.0480000619047619																					0.025	0.0232857142857142	0.024	0.02	0.022	0.023	0.024	0.024	0.0013093073414159	1.7142857142857155e-06	5155.0	2608.095238095238	2410.0	160.0	251.0	1640.0	4062.0	4728.0	1627.2823020226672	2648047.6904761908	18173.0	4096.0	362.0	0.0	3.0	15.75	6797.5	15895.0	6086.81212355458	37049281.82745101	15069	4096.0	954.0	4	16.5	73.25	8229.25	13511.5	5213.9124649496025	27184883.19215684																																																													273.01	272.1081904761905	272.096	271.243	271.682	271.829	272.355	272.586	0.4074487230373575	0.1660144619047732																					slice_0021	slice_0001																																									125.45	62.37642857142857	56.707	3.23	5.54	38.592	97.192	115.185	39.88821337509544	1591.069566257143	255.0	127.5	127.5	0.0	25.5	63.75	191.25	229.5	74.04503134354572	5482.666666666667	255	127.5	127.5	0	25.5	63.75	191.25	229.5	74.04503134354572	5482.666666666667											20	10.0	10.0	0	2.0	5.0	15.0	18.0	6.2048368229954285	38.5	255.0	127.5	127.5	0.0	25.5	63.75	191.25	229.5	74.04503134354572	5482.666666666667	255	127.5	127.5	0	25.5	63.75	191.25	229.5	74.04503134354572	5482.666666666667																																																			L628
23052023--s--Lm--st--L628--p--D05--pos005--tm--24--ch--Syto9--z--21	256.0	128.5	128.5	1.0	26.5	64.75	192.25	230.5	74.04503134354572	5482.666666666667	256	128.5	128.5	1	26.5	64.75	192.25	230.5	74.04503134354572	5482.666666666667																					0.348	0.1533809523809524	0.135	0.012	0.058	0.073	0.219	0.307	0.1012672090019647	0.0102550476190476																					0.025	0.0238095238095238	0.024	0.02	0.023	0.024	0.024	0.025	0.0012497618820818	1.5619047619047596e-06	2607.0	1157.2857142857142	1016.0	108.0	417.0	563.0	1666.0	2316.0	755.9836732930906	571511.3142857144	15069.0	4096.0	954.0	4.0	16.5	73.25	8229.25	13511.5	5213.9124649496025	27184883.19215684	16584	4096.0	467.0	0	3.5	13.0	7731.25	14517.5	5691.433125286447	32392411.01960785																																																													274.342	272.3871904761905	272.345	270.201	271.753	272.204	272.562	273.216	0.7775279171224123	0.6045496619047168																					slice_0021	slice_0001																																									63.446	27.952809523809524	24.628	2.119	10.56	13.339	39.964	55.978	18.457204315982004	340.6683911619047	255.0	127.5	127.5	0.0	25.5	63.75	191.25	229.5	74.04503134354572	5482.666666666667	255	127.5	127.5	0	25.5	63.75	191.25	229.5	74.04503134354572	5482.666666666667											20	10.0	10.0	0	2.0	5.0	15.0	18.0	6.2048368229954285	38.5	255.0	127.5	127.5	0.0	25.5	63.75	191.25	229.5	74.04503134354572	5482.666666666667	255	127.5	127.5	0	25.5	63.75	191.25	229.5	74.04503134354572	5482.666666666667																																																			L628
25042023--s--Lm--st--19115--p--C03--pos001--tm--24--ch--Syto9--z--21	3911.0	1956.0	1956.0	1.0	392.0	978.5	2933.5	3520.0	1129.1527797424048	1274986.0	256	128.5	128.5	1	26.5	64.75	192.25	230.5	74.04503134354572	5482.666666666667											6800.0	3400.5	3400.5	1.0	680.9000000000001	1700.75	5100.25	6120.1	1963.135247505887	3853900.0											0.087	0.0359769879826131	0.017	0.017	0.017	0.017	0.052	0.069	0.0236940965643259	0.0005614102119996	0.087	0.0206920588235294	0.017	0.0	0.0	0.0	0.035	0.069	0.0252820395232608	0.0006391815224557																															64973	4096.0	36.0	0	0.0	0.0	5871.0	13659.5	8110.896806390864	65786647.00392152																					4095.0	636.244705882353	0.0	0.0	0.0	0.0	1197.25	2217.1000000000004	951.7769706164185	905879.4017957668	474.0	277.7010994630529	273.0	256.0	258.0	263.0	287.0	304.0	20.114579621977573	404.5963133688755	474.0	159.7189705882353	259.0	0.0	0.0	0.0	276.0	294.1000000000004	138.1283202345926	19079.43285083016	388.25	270.9248573254922	269.0	256.0	258.0	262.0	277.0	286.667	12.093129816518896	146.2437887591783	388.25	155.8216348529412	259.0	0.0	0.0	0.0	270.667	280.5	134.2472078710472	18022.312821172163	340.0	265.1761697775505	262.0	256.0	257.0	258.0	269.0	278.0	9.714723961223998	94.37586164277968	340.0	152.51529411764704	257.0	0.0	0.0	0.0	264.0	272.0	131.29854492569524	17239.30789960481																																																					3910.0	1955.0	1955.0	0.0	391.0	977.5	2932.5	3519.0	1129.1527797424048	1274986.0	255	127.5	127.5	0	25.5	63.75	191.25	229.5	74.04503134354572	5482.666666666667											6799	3399.5	3399.5	0	679.9000000000001	1699.75	5099.25	6119.1	1963.135247505887	3853900.0											255	127.5	127.5	0	25.5	63.75	191.25	229.5	74.04503134354572	5482.666666666667																					566519.0	3238.2494117647057	0.0	0.0	0.0	0.0	96.25	3376.3000000000047	28414.955058891504	807409670.9988239											4919.69	28.12119088235294	0.0	0.0	0.0	0.0	0.836	29.32030000000004	246.7574264743663	60889.22752025229	19115
25042023--s--Lm--st--19115--p--C03--pos002--tm--24--ch--Syto9--z--21	4550.0	2275.5	2275.5	1.0	455.9	1138.25	3412.75	4095.1	1313.6161920439315	1725587.5	256	128.5	128.5	1	26.5	64.75	192.25	230.5	74.04503134354572	5482.666666666667											8328.0	4164.5	4164.5	1.0	833.7	2082.75	6246.25	7495.3	2404.230854140259	5780326.0											0.087	0.03244	0.017	0.017	0.017	0.017	0.035	0.069	0.0221886093656012	0.0004923343855792	0.087	0.0177235830931796	0.017	0.0	0.0	0.0	0.017	0.052	0.0230177945279518	0.000529818864931																															55263	4096.0	715.5	0	1.0	10.75	7497.75	10786.0	6585.67131837943	43371066.71372546																					4095.0	865.7496397694524	0.0	0.0	0.0	0.0	1705.25	2954.3	1207.9838624787149	1459225.0120089948	484.0	274.35604395604395	269.0	256.0	258.0	261.0	282.0	298.0	18.430176402854052	339.6714022403184	484.0	149.89433237271854	257.0	0.0	0.0	0.0	271.0	288.0	137.2731089849753	18843.906450400904	381.0	269.16576813186816	266.667	256.0	258.0	261.0	274.65025	284.0	11.59948937671306	134.54815380047916	381.0	147.0586269212296	257.0	0.0	0.0	0.0	268.0	277.75	134.285397568517	18032.568000134677	339.0	264.8054945054945	262.0	256.0	256.0	258.0	268.0	277.0	9.405578512385109	88.46490715264044	339.0	144.67639289145052	256.0	0.0	0.0	0.0	263.0	271.0	132.0237108372228	17430.26022323062																																																					4549.0	2274.5	2274.5	0.0	454.9	1137.25	3411.75	4094.1	1313.6161920439315	1725587.5	255	127.5	127.5	0	25.5	63.75	191.25	229.5	74.04503134354572	5482.666666666667											8327	4163.5	4163.5	0	832.7	2081.75	6245.25	7494.3	2404.230854140259	5780326.0											255	127.5	127.5	0	25.5	63.75	191.25	229.5	74.04503134354572	5482.666666666667																					359304.0	2644.1037463976945	0.0	0.0	0.0	0.0	221.25	3162.3	20012.8167363656	400512833.7233549											3120.221	22.961580211335257	0.0	0.0	0.0	0.0	1.92125	27.4617	173.7926748787208	30203.893841500747	19115
25042023--s--Lm--st--19115--p--C03--pos003--tm--24--ch--Syto9--z--21	256.0	128.5	128.5	1.0	26.5	64.75	192.25	230.5	74.04503134354572	5482.666666666667	256	128.5	128.5	1	26.5	64.75	192.25	230.5	74.04503134354572	5482.666666666667																					0.099	0.038	0.026	0.001	0.002	0.002	0.069	0.091	0.0362932500611339	0.0013171999999999																					0.035	0.0276190476190476	0.027	0.023	0.025	0.027	0.028	0.029	0.0025392162270312	6.447619047619051e-06	681.0	255.1904761904762	161.0	9.0	10.0	16.0	465.0	606.0	246.89909255556591	60959.1619047619	55263.0	4096.0	715.5	0.0	1.0	10.75	7497.75	10786.0	6585.67131837943	43371066.71372546	12912	4096.0	3748.5	17	58.5	435.75	7430.75	8467.5	3469.899016443235	12040199.18431373																																																													287.1	268.64409523809525	266.944	264.55	266.207	266.691	268.897	271.98	4.696515281618526	22.05725579047634																					slice_0021	slice_0001																																									18.063	6.929095238095238	4.655	0.226	0.313	0.382	12.557	16.604	6.624963101065258	43.89013609047619	255.0	127.5	127.5	0.0	25.5	63.75	191.25	229.5	74.04503134354572	5482.666666666667	255	127.5	127.5	0	25.5	63.75	191.25	229.5	74.04503134354572	5482.666666666667											20	10.0	10.0	0	2.0	5.0	15.0	18.0	6.2048368229954285	38.5	255.0	127.5	127.5	0.0	25.5	63.75	191.25	229.5	74.04503134354572	5482.666666666667	255	127.5	127.5	0	25.5	63.75	191.25	229.5	74.04503134354572	5482.666666666667																																																			19115
25042023--s--Lm--st--19115--p--C03--pos004--tm--24--ch--Syto9--z--21	256.0	128.5	128.5	1.0	26.5	64.75	192.25	230.5	74.04503134354572	5482.666666666667	256	128.5	128.5	1	26.5	64.75	192.25	230.5	74.04503134354572	5482.666666666667																					0.099	0.0408571428571428	0.027	0.001	0.002	0.006	0.073	0.087	0.0355095560578919	0.0012609285714285																					0.041	0.0267619047619047	0.025	0.019	0.025	0.025	0.027	0.033	0.004668027012612	2.17904761904762e-05	722.0	288.1428571428572	198.0	12.0	14.0	51.0	540.0	625.0	254.9714269706089	65010.42857142856	12912.0	4096.0	3748.5	17.0	58.5	435.75	7430.75	8467.5	3469.899016443235	12040199.18431373	20985	4096.0	3917.5	181	329.5	1108.0	6656.25	7071.0	3273.658803355094	10716841.960784305																																																													279.271	267.59585714285714	266.762	261.833	265.611	265.888	267.474	271.671	3.680614640052859	13.54692412857144																					slice_0021	slice_0001																																									17.993	7.436809523809524	4.933	0.226	0.399	1.094	13.252	15.788	6.445411651857836	41.54333136190476	255.0	127.5	127.5	0.0	25.5	63.75	191.25	229.5	74.04503134354572	5482.666666666667	255	127.5	127.5	0	25.5	63.75	191.25	229.5	74.04503134354572	5482.666666666667											20	10.0	10.0	0	2.0	5.0	15.0	18.0	6.2048368229954285	38.5	255.0	127.5	127.5	0.0	25.5	63.75	191.25	229.5	74.04503134354572	5482.666666666667	255	127.5	127.5	0	25.5	63.75	191.25	229.5	74.04503134354572	5482.666666666667																																																			19115
25042023--s--Lm--st--19115--p--C03--pos005--tm--24--ch--Syto9--z--21	256.0	128.5	128.5	1.0	26.5	64.75	192.25	230.5	74.04503134354572	5482.666666666667	256	128.5	128.5	1	26.5	64.75	192.25	230.5	74.04503134354572	5482.666666666667																					0.09	0.0366190476190476	0.019	0.002	0.003	0.007	0.072	0.082	0.0328244972398301	0.0010774476190476																					0.039	0.0293809523809523	0.029	0.026	0.026	0.028	0.03	0.032	0.0030079260375911	9.047619047619055e-06	599.0	237.04761904761904	128.0	12.0	17.0	41.0	432.0	574.0	219.86961504275124	48342.64761904762	20985.0	4096.0	3917.5	181.0	329.5	1108.0	6656.25	7071.0	3273.658803355094	10716841.960784305	16879	4096.0	3232.5	10	41.0	330.0	7779.75	8599.0	3723.762830214389	13866409.615686271																																																													278.858	269.0339523809524	268.931	266.578	266.82	267.008	269.907	271.287	2.804551487781793	7.865509047619071																					slice_0021	slice_0001																																									16.43	6.651142857142857	3.387	0.382	0.486	1.251	13.026	14.954	5.997678319864398	35.97214522857143	255.0	127.5	127.5	0.0	25.5	63.75	191.25	229.5	74.04503134354572	5482.666666666667	255	127.5	127.5	0	25.5	63.75	191.25	229.5	74.04503134354572	5482.666666666667											20	10.0	10.0	0	2.0	5.0	15.0	18.0	6.2048368229954285	38.5	255.0	127.5	127.5	0.0	25.5	63.75	191.25	229.5	74.04503134354572	5482.666666666667	255	127.5	127.5	0	25.5	63.75	191.25	229.5	74.04503134354572	5482.666666666667																																																			19115
25042023--s--Lm--st--19115--p--C04--pos001--tm--24--ch--Syto9--z--21	256.0	128.5	128.5	1.0	26.5	64.75	192.25	230.5	74.04503134354572	5482.666666666667	256	128.5	128.5	1	26.5	64.75	192.25	230.5	74.04503134354572	5482.666666666667																					0.368	0.1045533904761904	0.037	0.0	0.0001907	0.001	0.181	0.297	0.1256517636749914	0.0157883657146359																					0.04	0.0364	0.037	0.017	0.035	0.036	0.039	0.039	0.004805698371944	2.3094736842105265e-05	1880.0	519.0952380952381	172.0	0.0	2.0	6.0	880.0	1453.0	635.1531236451493	403419.4904761904	16879.0	4096.0	3232.5	10.0	41.0	330.0	7779.75	8599.0	3723.762830214389	13866409.615686271	54332	4096.0	13.5	0	0.0	1.0	2483.0	17131.5	8733.194426675598	76268684.89411774																																																													284.2	271.902	271.696	261.5	269.5503	270.975	272.2245	275.1704	4.540438606218795	20.615582736842075																					slice_0021	slice_0001																																									66.972	19.029761904761905	6.687	0.0	0.035	0.226	32.878	54.05	22.877944756696923	523.4003562904762	255.0	127.5	127.5	0.0	25.5	63.75	191.25	229.5	74.04503134354572	5482.666666666667	255	127.5	127.5	0	25.5	63.75	191.25	229.5	74.04503134354572	5482.666666666667											20	10.0	10.0	0	2.0	5.0	15.0	18.0	6.2048368229954285	38.5	255.0	127.5	127.5	0.0	25.5	63.75	191.25	229.5	74.04503134354572	5482.666666666667	255	127.5	127.5	0	25.5	63.75	191.25	229.5	74.04503134354572	5482.666666666667																																																			19115
25042023--s--Lm--st--19115--p--C04--pos002--tm--24--ch--Syto9--z--21	256.0	128.5	128.5	1.0	26.5	64.75	192.25	230.5	74.04503134354572	5482.666666666667	256	128.5	128.5	1	26.5	64.75	192.25	230.5	74.04503134354572	5482.666666666667																					0.361	0.1093175047619047	0.049	0.0006676	0.004	0.007	0.183	0.296	0.1226264229061195	0.0150372395947504																					0.052	0.0376190476190476	0.037	0.03	0.035	0.036	0.038	0.041	0.0041288762451324	1.704761904761904e-05	1802.0	537.1428571428571	245.0	3.0	13.0	36.0	897.0	1471.0	604.9543194088529	365969.7285714285	54332.0	4096.0	13.5	0.0	0.0	1.0	2483.0	17131.5	8733.194426675598	76268684.89411774	39681	4096.0	25.5	0	0.0	1.0	4760.0	15923.5	7635.038500358773	58293812.90196075																																																													277.919	272.46523809523813	271.862	268.912	270.716	271.6	272.774	275.556	2.025756621728312	4.103689890476103																					slice_0021	slice_0001																																									65.704	19.899714285714285	8.84	0.122	0.677	1.303	33.399	53.98	22.348416702627627	499.4517291142855	255.0	127.5	127.5	0.0	25.5	63.75	191.25	229.5	74.04503134354572	5482.666666666667	255	127.5	127.5	0	25.5	63.75	191.25	229.5	74.04503134354572	5482.666666666667											20	10.0	10.0	0	2.0	5.0	15.0	18.0	6.2048368229954285	38.5	255.0	127.5	127.5	0.0	25.5	63.75	191.25	229.5	74.04503134354572	5482.666666666667	255	127.5	127.5	0	25.5	63.75	191.25	229.5	74.04503134354572	5482.666666666667																																																			19115
25042023--s--Lm--st--19115--p--C04--pos003--tm--24--ch--Syto9--z--21	256.0	128.5	128.5	1.0	26.5	64.75	192.25	230.5	74.04503134354572	5482.666666666667	256	128.5	128.5	1	26.5	64.75	192.25	230.5	74.04503134354572	5482.666666666667																					0.087	0.0397619047619047	0.034	0.002	0.002	0.006	0.067	0.082	0.0318965590023512	0.0010173904761904																					0.036	0.0281904761904761	0.027	0.02	0.026	0.027	0.03	0.032	0.0032957403966187	1.086190476190476e-05	592.0	264.85714285714283	228.0	13.0	15.0	35.0	441.0	548.0	217.8952238380377	47478.328571428574	39681.0	4096.0	25.5	0.0	0.0	1.0	4760.0	15923.5	7635.038500358773	58293812.90196075	17199	4096.0	3228.5	9	38.0	292.25	7862.25	8605.5	3741.063456857592	13995555.78823528																																																													273.369	267.6664761904762	266.999	264.233	266.086	266.469	268.383	269.869	2.1065357252856494	4.437492761904737																					slice_0021	slice_0001																																									15.857	7.245857142857143	6.2	0.295	0.434	1.025	12.262	14.937	5.821773289004944	33.89304422857144	255.0	127.5	127.5	0.0	25.5	63.75	191.25	229.5	74.04503134354572	5482.666666666667	255	127.5	127.5	0	25.5	63.75	191.25	229.5	74.04503134354572	5482.666666666667											20	10.0	10.0	0	2.0	5.0	15.0	18.0	6.2048368229954285	38.5	255.0	127.5	127.5	0.0	25.5	63.75	191.25	229.5	74.04503134354572	5482.666666666667	255	127.5	127.5	0	25.5	63.75	191.25	229.5	74.04503134354572	5482.666666666667																																																			19115
25042023--s--Lm--st--19115--p--C04--pos004--tm--24--ch--Syto9--z--21	256.0	128.5	128.5	1.0	26.5	64.75	192.25	230.5	74.04503134354572	5482.666666666667	256	128.5	128.5	1	26.5	64.75	192.25	230.5	74.04503134354572	5482.666666666667																					0.092	0.0405238095238095	0.036	0.001	0.003	0.007	0.069	0.078	0.0329736547073857	0.0010872619047619																					0.032	0.0268095238095238	0.026	0.023	0.025	0.026	0.028	0.029	0.0019395630337539	3.761904761904762e-06	639.0	279.6666666666667	254.0	9.0	18.0	53.0	470.0	556.0	231.53408676333888	53608.03333333334	17199.0	4096.0	3228.5	9.0	38.0	292.25	7862.25	8605.5	3741.063456857592	13995555.78823528	24590	4096.0	3848.5	42	125.0	674.25	6885.0	7426.5	3585.118336986392	12853073.49019607																																																													275.956	267.28438095238096	266.563	265.09	265.401	265.96	267.467	269.99	2.499844404681824	6.249222047619023																					slice_0021	slice_0001																																									16.83	7.382285714285714	6.496	0.208	0.538	1.355	12.522	14.259	6.002180063467415	36.02616551428571	255.0	127.5	127.5	0.0	25.5	63.75	191.25	229.5	74.04503134354572	5482.666666666667	255	127.5	127.5	0	25.5	63.75	191.25	229.5	74.04503134354572	5482.666666666667											20	10.0	10.0	0	2.0	5.0	15.0	18.0	6.2048368229954285	38.5	255.0	127.5	127.5	0.0	25.5	63.75	191.25	229.5	74.04503134354572	5482.666666666667	255	127.5	127.5	0	25.5	63.75	191.25	229.5	74.04503134354572	5482.666666666667																																																			19115
25042023--s--Lm--st--19115--p--C04--pos005--tm--24--ch--Syto9--z--21	256.0	128.5	128.5	1.0	26.5	64.75	192.25	230.5	74.04503134354572	5482.666666666667	256	128.5	128.5	1	26.5	64.75	192.25	230.5	74.04503134354572	5482.666666666667																					0.091	0.0424761904761904	0.038	0.002	0.005	0.014	0.069	0.084	0.0316822017031945	0.0010037619047619																					0.041	0.0287619047619047	0.028	0.024	0.026	0.027	0.029	0.032	0.0033749779540726	1.1390476190476192e-05	602.0	275.0952380952381	244.0	14.0	27.0	65.0	456.0	557.0	210.04759097925992	44119.99047619048	24590.0	4096.0	3848.5	42.0	125.0	674.25	6885.0	7426.5	3585.118336986392	12853073.49019607	15998	4096.0	2980.5	1	15.5	193.25	7894.0	9005.0	3849.0193158930256	14814949.694117617																																																													272.878	267.5725714285714	267.211	264.851	266.145	266.69	268.109	268.893	1.678946472387616	2.81886125714282																					slice_0021	slice_0001																																									16.587	7.748761904761904	6.982	0.33	0.868	2.484	12.627	15.284	5.778034967917397	33.385688090476194	255.0	127.5	127.5	0.0	25.5	63.75	191.25	229.5	74.04503134354572	5482.666666666667	255	127.5	127.5	0	25.5	63.75	191.25	229.5	74.04503134354572	5482.666666666667											20	10.0	10.0	0	2.0	5.0	15.0	18.0	6.2048368229954285	38.5	255.0	127.5	127.5	0.0	25.5	63.75	191.25	229.5	74.04503134354572	5482.666666666667	255	127.5	127.5	0	25.5	63.75	191.25	229.5	74.04503134354572	5482.666666666667																																																			19115
25042023--s--Lm--st--19115--p--C05--pos001--tm--24--ch--Syto9--z--21	256.0	128.5	128.5	1.0	26.5	64.75	192.25	230.5	74.04503134354572	5482.666666666667	256	128.5	128.5	1	26.5	64.75	192.25	230.5	74.04503134354572	5482.666666666667																					0.087	0.0351270285714285	0.03	0.0	0.002	0.006	0.057	0.075	0.0302699313084311	0.0009162687414171																					0.048	0.03425	0.034	0.027	0.0298	0.03275	0.03525	0.0381	0.004411408654363	1.9460526315789477e-05	458.0	187.66666666666663	157.0	0.0	11.0	29.0	322.0	400.0	162.1158022320259	26281.533333333336	15998.0	4096.0	2980.5	1.0	15.5	193.25	7894.0	9005.0	3849.0193158930256	14814949.694117617	99714	4096.0	208.5	0	0.0	2.0	5122.75	12137.0	9610.885250283536	92369115.29411764																																																													273.593	270.7375	270.702	268.241	268.9132	269.8735	271.7645	272.8524	1.4854817931885849	2.206656157894774																					Ch1	Ch1																																									15.857	6.398904761904762	5.401	0.0	0.295	1.129	10.438	13.651	5.516124435731684	30.427628790476195	255.0	127.5	127.5	0.0	25.5	63.75	191.25	229.5	74.04503134354572	5482.666666666667	255	127.5	127.5	0	25.5	63.75	191.25	229.5	74.04503134354572	5482.666666666667											20	10.0	10.0	0	2.0	5.0	15.0	18.0	6.2048368229954285	38.5	255.0	127.5	127.5	0.0	25.5	63.75	191.25	229.5	74.04503134354572	5482.666666666667	255	127.5	127.5	0	25.5	63.75	191.25	229.5	74.04503134354572	5482.666666666667																																																			19115
25042023--s--Lm--st--19115--p--C05--pos002--tm--24--ch--Syto9--z--21	256.0	128.5	128.5	1.0	26.5	64.75	192.25	230.5	74.04503134354572	5482.666666666667	256	128.5	128.5	1	26.5	64.75	192.25	230.5	74.04503134354572	5482.666666666667																					0.09	0.0360227047619047	0.028	0.0004768	0.002	0.004	0.07	0.074	0.0323820065102593	0.0010485943456304																					0.056	0.0346190476190476	0.035	0.017	0.029	0.034	0.035	0.038	0.0067340640810448	4.5347619047619045e-05	466.0	187.9047619047619	147.0	5.0	8.0	21.0	359.0	400.0	168.86619103950463	28515.790476190472	99714.0	4096.0	208.5	0.0	0.0	2.0	5122.75	12137.0	9610.885250283536	92369115.29411764	66645	4096.0	368.5	0	0.0	3.75	6389.25	11823.5	7733.620705951992	59808889.22352939																																																													284.067	270.7420476190476	270.543	262.8	267.821	269.505	271.258	272.479	3.842383316070773	14.763909547619033																					slice_0021	slice_0001																																									16.361	6.554428571428572	5.037	0.087	0.278	0.799	12.661	13.565	5.892799399024445	34.72508475714285	255.0	127.5	127.5	0.0	25.5	63.75	191.25	229.5	74.04503134354572	5482.666666666667	255	127.5	127.5	0	25.5	63.75	191.25	229.5	74.04503134354572	5482.666666666667											20	10.0	10.0	0	2.0	5.0	15.0	18.0	6.2048368229954285	38.5	255.0	127.5	127.5	0.0	25.5	63.75	191.25	229.5	74.04503134354572	5482.666666666667	255	127.5	127.5	0	25.5	63.75	191.25	229.5	74.04503134354572	5482.666666666667																																																			19115
25042023--s--Lm--st--19115--p--C05--pos003--tm--24--ch--Syto9--z--21	256.0	128.5	128.5	1.0	26.5	64.75	192.25	230.5	74.04503134354572	5482.666666666667	256	128.5	128.5	1	26.5	64.75	192.25	230.5	74.04503134354572	5482.666666666667																					0.095	0.042095238095238	0.033	0.002	0.003	0.006	0.079	0.089	0.0359818075725841	0.0012946904761904																					0.043	0.031095238095238	0.03	0.024	0.028	0.029	0.033	0.036	0.0041821616647944	1.749047619047616e-05	625.0	263.3809523809524	175.0	11.0	19.0	33.0	495.0	559.0	232.4087941947284	54013.84761904762	66645.0	4096.0	368.5	0.0	0.0	3.75	6389.25	11823.5	7733.620705951992	59808889.22352939	18509	4096.0	2605.0	11	42.0	262.0	8559.25	9150.0	4005.622517040218	16045011.749019612																																																													294.41	270.5027619047619	267.774	266.283	266.661	267.474	269.499	275.382	7.002087816535571	49.029233790475885																					slice_0021	slice_0001																																									17.281	7.675761904761905	6.027	0.417	0.625	1.042	14.381	16.239	6.553747293760738	42.9516035904762	255.0	127.5	127.5	0.0	25.5	63.75	191.25	229.5	74.04503134354572	5482.666666666667	255	127.5	127.5	0	25.5	63.75	191.25	229.5	74.04503134354572	5482.666666666667											20	10.0	10.0	0	2.0	5.0	15.0	18.0	6.2048368229954285	38.5	255.0	127.5	127.5	0.0	25.5	63.75	191.25	229.5	74.04503134354572	5482.666666666667	255	127.5	127.5	0	25.5	63.75	191.25	229.5	74.04503134354572	5482.666666666667																																																			19115
25042023--s--Lm--st--19115--p--C05--pos004--tm--24--ch--Syto9--z--21	256.0	128.5	128.5	1.0	26.5	64.75	192.25	230.5	74.04503134354572	5482.666666666667	256	128.5	128.5	1	26.5	64.75	192.25	230.5	74.04503134354572	5482.666666666667																					0.09	0.0366190476190476	0.026	0.001	0.001	0.004	0.072	0.08	0.0336251040005472	0.0011306476190476																					0.039	0.0293333333333333	0.028	0.024	0.027	0.027	0.031	0.033	0.0032761766334148	1.0733333333333338e-05	593.0	229.8571428571429	146.0	7.0	9.0	21.0	450.0	516.0	214.7748322579453	46128.22857142855	18509.0	4096.0	2605.0	11.0	42.0	262.0	8559.25	9150.0	4005.622517040218	16045011.749019612	49027	4096.0	2247.0	21	63.5	291.75	6811.5	9127.0	5551.388516645643	30817914.462745115																																																													279.475	268.33409523809524	267.743	264.241	266.595	266.955	268.251	271.323	3.291976593245519	10.837109890476372																					slice_0021	slice_0001																																									16.361	6.672666666666667	4.759	0.191	0.243	0.695	13.078	14.624	6.104646683742912	37.26671113333333	255.0	127.5	127.5	0.0	25.5	63.75	191.25	229.5	74.04503134354572	5482.666666666667	255	127.5	127.5	0	25.5	63.75	191.25	229.5	74.04503134354572	5482.666666666667											20	10.0	10.0	0	2.0	5.0	15.0	18.0	6.2048368229954285	38.5	255.0	127.5	127.5	0.0	25.5	63.75	191.25	229.5	74.04503134354572	5482.666666666667	255	127.5	127.5	0	25.5	63.75	191.25	229.5	74.04503134354572	5482.666666666667																																																			19115
25042023--s--Lm--st--19115--p--C05--pos005--tm--24--ch--Syto9--z--21	256.0	128.5	128.5	1.0	26.5	64.75	192.25	230.5	74.04503134354572	5482.666666666667	256	128.5	128.5	1	26.5	64.75	192.25	230.5	74.04503134354572	5482.666666666667																					0.085	0.038047619047619	0.034	0.003	0.004	0.007	0.069	0.083	0.0318911840333283	0.0010170476190476																					0.039	0.0311904761904761	0.031	0.027	0.028	0.029	0.032	0.035	0.0028569047519833	8.161904761904764e-06	511.0	226.3809523809524	195.0	14.0	22.0	48.0	427.0	490.0	192.2008002560021	36941.14761904762	49027.0	4096.0	2247.0	21.0	63.5	291.75	6811.5	9127.0	5551.388516645643	30817914.462745115	31859	4096.0	1835.5	3	15.0	126.0	7989.75	9774.5	4931.81301269187	24322779.59215686																																																													281.194	269.7062380952381	268.934	266.775	267.62	268.107	269.735	272.293	3.1408165006055717	9.864728290476226																					slice_0021	slice_0001																																									15.492	6.927476190476191	6.2	0.486	0.712	1.32	12.575	15.11	5.807388273734136	33.725758561904755	255.0	127.5	127.5	0.0	25.5	63.75	191.25	229.5	74.04503134354572	5482.666666666667	255	127.5	127.5	0	25.5	63.75	191.25	229.5	74.04503134354572	5482.666666666667											20	10.0	10.0	0	2.0	5.0	15.0	18.0	6.2048368229954285	38.5	255.0	127.5	127.5	0.0	25.5	63.75	191.25	229.5	74.04503134354572	5482.666666666667	255	127.5	127.5	0	25.5	63.75	191.25	229.5	74.04503134354572	5482.666666666667																																																			19115
25042023--s--Lm--st--19115--p--C06--pos001--tm--24--ch--Syto9--z--21	256.0	128.5	128.5	1.0	26.5	64.75	192.25	230.5	74.04503134354572	5482.666666666667	256	128.5	128.5	1	26.5	64.75	192.25	230.5	74.04503134354572	5482.666666666667																					0.108	0.037319838095238	0.021	0.0007629	0.002	0.004	0.066	0.096	0.0386324442247377	0.0014924657467774																					0.049	0.0367619047619047	0.037	0.028	0.033	0.034	0.038	0.042	0.0044710710339331	1.9990476190476197e-05	522.0	187.6190476190476	121.0	4.0	9.0	17.0	327.0	468.0	190.1079893614354	36141.04761904763	31859.0	4096.0	1835.5	3.0	15.0	126.0	7989.75	9774.5	4931.81301269187	24322779.59215686	97493	4096.0	114.0	0	0.0	2.0	4548.5	13089.5	9513.716522092984	90510802.062745																																																													293.998	272.8898095238095	271.766	268.175	269.802	270.571	273.099	275.105	5.2486319990931545	27.548137861904603																					slice_0021	slice_0001																																									19.591	6.802380952380952	3.786	0.139	0.382	0.677	12.088	17.49	7.018348961658936	49.25722214761907	255.0	127.5	127.5	0.0	25.5	63.75	191.25	229.5	74.04503134354572	5482.666666666667	255	127.5	127.5	0	25.5	63.75	191.25	229.5	74.04503134354572	5482.666666666667											20	10.0	10.0	0	2.0	5.0	15.0	18.0	6.2048368229954285	38.5	255.0	127.5	127.5	0.0	25.5	63.75	191.25	229.5	74.04503134354572	5482.666666666667	255	127.5	127.5	0	25.5	63.75	191.25	229.5	74.04503134354572	5482.666666666667																																																			19115
25042023--s--Lm--st--19115--p--C06--pos002--tm--24--ch--Syto9--z--21	256.0	128.5	128.5	1.0	26.5	64.75	192.25	230.5	74.04503134354572	5482.666666666667	256	128.5	128.5	1	26.5	64.75	192.25	230.5	74.04503134354572	5482.666666666667																					0.102	0.043095238095238	0.034	0.003	0.006	0.013	0.072	0.091	0.0337918699717916	0.0011418904761904																					0.039	0.0364761904761904	0.036	0.034	0.035	0.035	0.038	0.038	0.0015039630187955	2.261904761904756e-06	501.0	215.66666666666663	177.0	15.0	31.0	62.0	346.0	474.0	170.27575673986397	28993.833333333325	97493.0	4096.0	114.0	0.0	0.0	2.0	4548.5	13089.5	9513.716522092984	90510802.062745	59748	4096.0	250.5	0	0.0	3.0	6354.75	12733.0	7496.7887896660595	56201842.15686271																																																													274.938	272.0311428571428	271.883	270.378	270.556	271.121	272.652	273.828	1.278078451649747	1.6334845285714148																					slice_0021	slice_0001																																									18.514	7.846190476190476	6.2	0.521	1.146	2.327	13.096	16.604	6.153781370986847	37.86902516190476	255.0	127.5	127.5	0.0	25.5	63.75	191.25	229.5	74.04503134354572	5482.666666666667	255	127.5	127.5	0	25.5	63.75	191.25	229.5	74.04503134354572	5482.666666666667											20	10.0	10.0	0	2.0	5.0	15.0	18.0	6.2048368229954285	38.5	255.0	127.5	127.5	0.0	25.5	63.75	191.25	229.5	74.04503134354572	5482.666666666667	255	127.5	127.5	0	25.5	63.75	191.25	229.5	74.04503134354572	5482.666666666667																																																			19115
25042023--s--Lm--st--19115--p--C06--pos003--tm--24--ch--Syto9--z--21	256.0	128.5	128.5	1.0	26.5	64.75	192.25	230.5	74.04503134354572	5482.666666666667	256	128.5	128.5	1	26.5	64.75	192.25	230.5	74.04503134354572	5482.666666666667																					0.096	0.0411904761904761	0.029	0.002	0.003	0.006	0.08	0.089	0.0355845739719039	0.0012662619047619																					0.036	0.0315238095238095	0.032	0.026	0.029	0.03	0.033	0.035	0.0024823184247603	6.161904761904769e-06	534.0	241.3809523809524	164.0	11.0	21.0	37.0	494.0	527.0	209.09626400069328	43721.24761904762	59748.0	4096.0	250.5	0.0	0.0	3.0	6354.75	12733.0	7496.7887896660595	56201842.15686271	36484	4096.0	1725.5	4	16.0	118.5	7631.5	10211.0	5224.532623809989	27295741.13725489																																																													280.616	269.57738095238096	268.716	267.049	267.836	268.005	270.048	272.156	2.983615415501625	8.901960947618935																					slice_0021	slice_0001																																									17.524	7.513666666666667	5.349	0.399	0.538	1.094	14.502	16.257	6.4723251025681146	41.89099223333335	255.0	127.5	127.5	0.0	25.5	63.75	191.25	229.5	74.04503134354572	5482.666666666667	255	127.5	127.5	0	25.5	63.75	191.25	229.5	74.04503134354572	5482.666666666667											20	10.0	10.0	0	2.0	5.0	15.0	18.0	6.2048368229954285	38.5	255.0	127.5	127.5	0.0	25.5	63.75	191.25	229.5	74.04503134354572	5482.666666666667	255	127.5	127.5	0	25.5	63.75	191.25	229.5	74.04503134354572	5482.666666666667																																																			19115
25042023--s--Lm--st--19115--p--C06--pos004--tm--24--ch--Syto9--z--21	256.0	128.5	128.5	1.0	26.5	64.75	192.25	230.5	74.04503134354572	5482.666666666667	256	128.5	128.5	1	26.5	64.75	192.25	230.5	74.04503134354572	5482.666666666667																					0.081	0.041	0.041	0.003	0.004	0.008	0.075	0.078	0.0307831122533118	0.0009476																					0.036	0.0299047619047619	0.03	0.024	0.027	0.028	0.031	0.033	0.0027000881819815	7.290476190476193e-06	513.0	248.6190476190476	221.0	15.0	25.0	54.0	427.0	479.0	186.15946824979815	34655.347619047614	36484.0	4096.0	1725.5	4.0	16.0	118.5	7631.5	10211.0	5224.532623809989	27295741.13725489	26191	4096.0	2218.5	1	13.0	123.75	8708.25	9385.0	4400.579359361586	19365098.69803923																																																													284.469	269.1714761904762	267.844	264.988	266.952	267.268	269.134	270.775	4.29505476820782	18.44749546190473																					slice_0021	slice_0001																																									14.746	7.474952380952381	7.416	0.538	0.66	1.511	13.634	14.138	5.601633828412836	31.37830154761904	255.0	127.5	127.5	0.0	25.5	63.75	191.25	229.5	74.04503134354572	5482.666666666667	255	127.5	127.5	0	25.5	63.75	191.25	229.5	74.04503134354572	5482.666666666667											20	10.0	10.0	0	2.0	5.0	15.0	18.0	6.2048368229954285	38.5	255.0	127.5	127.5	0.0	25.5	63.75	191.25	229.5	74.04503134354572	5482.666666666667	255	127.5	127.5	0	25.5	63.75	191.25	229.5	74.04503134354572	5482.666666666667																																																			19115
25042023--s--Lm--st--19115--p--C06--pos005--tm--24--ch--Syto9--z--21	256.0	128.5	128.5	1.0	26.5	64.75	192.25	230.5	74.04503134354572	5482.666666666667	256	128.5	128.5	1	26.5	64.75	192.25	230.5	74.04503134354572	5482.666666666667																					0.097	0.0388934714285714	0.031	0.0007629	0.003	0.005	0.076	0.084	0.0354032749200853	0.0012533918750671																					0.051	0.0326190476190476	0.032	0.023	0.029	0.03	0.034	0.037	0.0052485825750976	2.754761904761905e-05	517.0	215.1904761904762	186.0	6.0	11.0	27.0	420.0	473.0	194.1462384512301	37692.76190476189	26191.0	4096.0	2218.5	1.0	13.0	123.75	8708.25	9385.0	4400.579359361586	19365098.69803923	39542	4096.0	983.0	0	3.0	30.5	7317.75	11844.5	5878.7935923929845	34560214.10196081																																																													274.308	269.36771428571427	268.963	266.92	267.609	268.295	270.388	271.256	1.756713782687913	3.086043314285676																					slice_0021	slice_0001																																									17.733	7.073809523809524	5.593	0.139	0.469	0.834	13.79	15.336	6.455199149670347	41.66959606190476	255.0	127.5	127.5	0.0	25.5	63.75	191.25	229.5	74.04503134354572	5482.666666666667	255	127.5	127.5	0	25.5	63.75	191.25	229.5	74.04503134354572	5482.666666666667											20	10.0	10.0	0	2.0	5.0	15.0	18.0	6.2048368229954285	38.5	255.0	127.5	127.5	0.0	25.5	63.75	191.25	229.5	74.04503134354572	5482.666666666667	255	127.5	127.5	0	25.5	63.75	191.25	229.5	74.04503134354572	5482.666666666667																																																			19115
25042023--s--Lm--st--19115--p--C07--pos001--tm--24--ch--Syto9--z--21	256.0	128.5	128.5	1.0	26.5	64.75	192.25	230.5	74.04503134354572	5482.666666666667	256	128.5	128.5	1	26.5	64.75	192.25	230.5	74.04503134354572	5482.666666666667																					0.1	0.0409047619047619	0.039	0.002	0.003	0.009	0.065	0.085	0.0335334232697837	0.0011244904761904																					0.037	0.0312380952380952	0.031	0.026	0.028	0.029	0.033	0.035	0.0030315798175994	9.1904761904762e-06	557.0	238.3809523809524	217.0	8.0	16.0	64.0	395.0	506.0	193.19458485953385	37324.14761904762	39542.0	4096.0	983.0	0.0	3.0	30.5	7317.75	11844.5	5878.7935923929845	34560214.10196081	42194	4096.0	461.5	0	0.0	3.75	7687.5	12040.5	6209.834246785418	38562041.37254902																																																													273.943	270.3472857142857	270.356	267.734	268.468	269.198	271.404	271.774	1.6042062256099512	2.5734776142857254																					Ch1	Ch1																																									18.237	7.447619047619048	7.138	0.295	0.469	1.65	11.915	15.51	6.118940247103174	37.441429747619054	255.0	127.5	127.5	0.0	25.5	63.75	191.25	229.5	74.04503134354572	5482.666666666667	255	127.5	127.5	0	25.5	63.75	191.25	229.5	74.04503134354572	5482.666666666667											20	10.0	10.0	0	2.0	5.0	15.0	18.0	6.2048368229954285	38.5	255.0	127.5	127.5	0.0	25.5	63.75	191.25	229.5	74.04503134354572	5482.666666666667	255	127.5	127.5	0	25.5	63.75	191.25	229.5	74.04503134354572	5482.666666666667																																																			19115
25042023--s--Lm--st--19115--p--C07--pos002--tm--24--ch--Syto9--z--21	256.0	128.5	128.5	1.0	26.5	64.75	192.25	230.5	74.04503134354572	5482.666666666667	256	128.5	128.5	1	26.5	64.75	192.25	230.5	74.04503134354572	5482.666666666667																					0.105	0.047047619047619	0.049	0.001	0.002	0.007	0.087	0.101	0.0403812780759551	0.0016306476190476																					0.037	0.0321904761904761	0.033	0.026	0.029	0.031	0.033	0.036	0.0026574244602443	7.061904761904759e-06	583.0	261.9047619047619	266.0	8.0	9.0	36.0	494.0	569.0	223.3539578252207	49886.99047619047	42194.0	4096.0	461.5	0.0	0.0	3.75	7687.5	12040.5	6209.834246785418	38562041.37254902	48591	4096.0	425.5	0	0.0	4.0	7643.0	11999.5	6439.456163859994	41466595.68627447																																																													278.906	270.9336666666667	270.573	261.896	268.7	270.06	272.353	273.67	3.490508735604787	12.183651233333327																					slice_0021	slice_0001																																									19.088	8.56752380952381	8.858	0.208	0.278	1.285	15.805	18.358	7.334396489276044	53.79337186190476	255.0	127.5	127.5	0.0	25.5	63.75	191.25	229.5	74.04503134354572	5482.666666666667	255	127.5	127.5	0	25.5	63.75	191.25	229.5	74.04503134354572	5482.666666666667											20	10.0	10.0	0	2.0	5.0	15.0	18.0	6.2048368229954285	38.5	255.0	127.5	127.5	0.0	25.5	63.75	191.25	229.5	74.04503134354572	5482.666666666667	255	127.5	127.5	0	25.5	63.75	191.25	229.5	74.04503134354572	5482.666666666667																																																			19115
25042023--s--Lm--st--19115--p--C07--pos003--tm--24--ch--Syto9--z--21	256.0	128.5	128.5	1.0	26.5	64.75	192.25	230.5	74.04503134354572	5482.666666666667	256	128.5	128.5	1	26.5	64.75	192.25	230.5	74.04503134354572	5482.666666666667																					0.103	0.0436190476190476	0.031	0.003	0.005	0.009	0.08	0.096	0.0371651398362446	0.0013812476190476																					0.038	0.0296666666666666	0.029	0.021	0.028	0.028	0.03	0.035	0.0040290610982378	1.623333333333334e-05	639.0	269.04761904761904	202.0	22.0	31.0	54.0	512.0	619.0	232.2702038984932	53949.44761904761	48591.0	4096.0	425.5	0.0	0.0	4.0	7643.0	11999.5	6439.456163859994	41466595.68627447	19110	4096.0	1618.0	0	8.5	78.25	9147.5	10334.0	4565.702009463135	20845634.83921571																																																													289.215	270.4762857142857	268.93	267.484	267.678	268.499	271.246	272.824	4.656307014607787	21.68119501428568																					slice_0021	slice_0001																																									18.671	7.945523809523809	5.593	0.469	0.938	1.667	14.572	17.559	6.767350143291298	45.79702796190476	255.0	127.5	127.5	0.0	25.5	63.75	191.25	229.5	74.04503134354572	5482.666666666667	255	127.5	127.5	0	25.5	63.75	191.25	229.5	74.04503134354572	5482.666666666667											20	10.0	10.0	0	2.0	5.0	15.0	18.0	6.2048368229954285	38.5	255.0	127.5	127.5	0.0	25.5	63.75	191.25	229.5	74.04503134354572	5482.666666666667	255	127.5	127.5	0	25.5	63.75	191.25	229.5	74.04503134354572	5482.666666666667																																																			19115
25042023--s--Lm--st--19115--p--C07--pos004--tm--24--ch--Syto9--z--21	256.0	128.5	128.5	1.0	26.5	64.75	192.25	230.5	74.04503134354572	5482.666666666667	256	128.5	128.5	1	26.5	64.75	192.25	230.5	74.04503134354572	5482.666666666667																					0.094	0.0394285714285714	0.025	0.002	0.003	0.007	0.064	0.093	0.0359020492849244	0.0012889571428571																					0.039	0.0289047619047619	0.029	0.019	0.024	0.027	0.032	0.033	0.0043116674489663	1.8590476190476187e-05	603.0	239.28571428571428	158.0	17.0	20.0	46.0	393.0	571.0	217.02491627855613	47099.814285714296	19110.0	4096.0	1618.0	0.0	8.5	78.25	9147.5	10334.0	4565.702009463135	20845634.83921571	44695	4096.0	1521.5	0	5.0	53.75	7944.0	9396.0	5614.016956881841	31517186.392156847																																																													276.474	270.20419047619043	269.496	267.041	267.99	268.693	271.362	273.962	2.3872283640038927	5.698859261904701																					slice_0021	slice_0001																																									17.142	7.176380952380953	4.637	0.434	0.486	1.251	11.585	16.847	6.534279849196777	42.69681314761905	255.0	127.5	127.5	0.0	25.5	63.75	191.25	229.5	74.04503134354572	5482.666666666667	255	127.5	127.5	0	25.5	63.75	191.25	229.5	74.04503134354572	5482.666666666667											20	10.0	10.0	0	2.0	5.0	15.0	18.0	6.2048368229954285	38.5	255.0	127.5	127.5	0.0	25.5	63.75	191.25	229.5	74.04503134354572	5482.666666666667	255	127.5	127.5	0	25.5	63.75	191.25	229.5	74.04503134354572	5482.666666666667																																																			19115
25042023--s--Lm--st--19115--p--C07--pos005--tm--24--ch--Syto9--z--21	256.0	128.5	128.5	1.0	26.5	64.75	192.25	230.5	74.04503134354572	5482.666666666667	256	128.5	128.5	1	26.5	64.75	192.25	230.5	74.04503134354572	5482.666666666667																					0.12	0.042	0.023	0.001	0.003	0.005	0.073	0.114	0.0441893652364457	0.0019526999999999																					0.045	0.0324285714285714	0.032	0.026	0.029	0.031	0.033	0.039	0.0042728377990678	1.825714285714285e-05	683.0	241.8571428571429	112.0	5.0	15.0	29.0	402.0	674.0	256.42236363357347	65752.42857142858	44695.0	4096.0	1521.5	0.0	5.0	53.75	7944.0	9396.0	5614.016956881841	31517186.392156847	33137	4096.0	319.5	0	0.0	2.0	8302.5	12827.5	5978.163429696181	35738437.9921568																																																													279.178	271.2071904761905	269.813	267.912	268.823	269.187	272.181	275.663	3.1198391884686427	9.73339656190468																					slice_0021	slice_0001																																									21.814	7.641095238095238	4.116	0.226	0.469	0.938	13.339	20.842	8.049852215443224	64.80012069047618	255.0	127.5	127.5	0.0	25.5	63.75	191.25	229.5	74.04503134354572	5482.666666666667	255	127.5	127.5	0	25.5	63.75	191.25	229.5	74.04503134354572	5482.666666666667											20	10.0	10.0	0	2.0	5.0	15.0	18.0	6.2048368229954285	38.5	255.0	127.5	127.5	0.0	25.5	63.75	191.25	229.5	74.04503134354572	5482.666666666667	255	127.5	127.5	0	25.5	63.75	191.25	229.5	74.04503134354572	5482.666666666667																																																			19115
25042023--s--Lm--st--19115--p--C08--pos001--tm--24--ch--Syto9--z--21	256.0	128.5	128.5	1.0	26.5	64.75	192.25	230.5	74.04503134354572	5482.666666666667	256	128.5	128.5	1	26.5	64.75	192.25	230.5	74.04503134354572	5482.666666666667																					0.095	0.0359434285714285	0.029	0.0008583	0.003	0.004	0.058	0.085	0.0319969647120807	0.0010238057507861																					0.049	0.0325714285714285	0.032	0.025	0.029	0.031	0.034	0.035	0.0044561354172806	1.9857142857142863e-05	559.0	208.0	184.0	5.0	11.0	22.0	312.0	467.0	186.2476845493656	34688.2	33137.0	4096.0	319.5	0.0	0.0	2.0	8302.5	12827.5	5978.163429696181	35738437.9921568	62165	4096.0	292.0	0	0.0	3.75	6864.75	11832.5	7410.870221717369	54920997.44313724																																																													277.066	270.60390476190474	270.231	264.8	268.895	269.371	271.038	272.883	2.5910596462598465	6.713590090476201																					slice_0021	slice_0001																																									17.386	6.56847619047619	5.315	0.156	0.538	0.764	10.508	15.423	5.839275294238557	34.09713596190478	255.0	127.5	127.5	0.0	25.5	63.75	191.25	229.5	74.04503134354572	5482.666666666667	255	127.5	127.5	0	25.5	63.75	191.25	229.5	74.04503134354572	5482.666666666667											20	10.0	10.0	0	2.0	5.0	15.0	18.0	6.2048368229954285	38.5	255.0	127.5	127.5	0.0	25.5	63.75	191.25	229.5	74.04503134354572	5482.666666666667	255	127.5	127.5	0	25.5	63.75	191.25	229.5	74.04503134354572	5482.666666666667																																																			19115
25042023--s--Lm--st--19115--p--C08--pos002--tm--24--ch--Syto9--z--21	256.0	128.5	128.5	1.0	26.5	64.75	192.25	230.5	74.04503134354572	5482.666666666667	256	128.5	128.5	1	26.5	64.75	192.25	230.5	74.04503134354572	5482.666666666667																					0.098	0.0436666666666666	0.042	0.002	0.005	0.012	0.07	0.092	0.0338265181970201	0.0011442333333333																					0.05	0.0333809523809523	0.033	0.028	0.03	0.031	0.034	0.035	0.0043757992467227	1.914761904761905e-05	539.0	242.04761904761904	227.0	9.0	17.0	75.0	385.0	504.0	187.8447433894481	35285.64761904761	62165.0	4096.0	292.0	0.0	0.0	3.75	6864.75	11832.5	7410.870221717369	54920997.44313724	37314	4096.0	208.5	0	0.0	2.0	7093.75	14043.0	6410.910882024095	41099778.33725495																																																													277.078	270.8538571428571	270.504	268.147	268.748	269.551	271.344	271.758	2.167276084990436	4.697085628571473																					slice_0021	slice_0001																																									17.889	7.951333333333333	7.677	0.313	0.851	2.24	12.766	16.812	6.159799569250068	37.94313073333333	255.0	127.5	127.5	0.0	25.5	63.75	191.25	229.5	74.04503134354572	5482.666666666667	255	127.5	127.5	0	25.5	63.75	191.25	229.5	74.04503134354572	5482.666666666667											20	10.0	10.0	0	2.0	5.0	15.0	18.0	6.2048368229954285	38.5	255.0	127.5	127.5	0.0	25.5	63.75	191.25	229.5	74.04503134354572	5482.666666666667	255	127.5	127.5	0	25.5	63.75	191.25	229.5	74.04503134354572	5482.666666666667																																																			19115
25042023--s--Lm--st--19115--p--C08--pos003--tm--24--ch--Syto9--z--21	256.0	128.5	128.5	1.0	26.5	64.75	192.25	230.5	74.04503134354572	5482.666666666667	256	128.5	128.5	1	26.5	64.75	192.25	230.5	74.04503134354572	5482.666666666667																					0.116	0.0542380952380952	0.047	0.002	0.003	0.007	0.096	0.108	0.0431774301712188	0.0018642904761904																					0.033	0.0287619047619047	0.029	0.022	0.027	0.028	0.03	0.031	0.0025476412994132	6.4904761904761886e-06	711.0	339.95238095238096	262.0	15.0	24.0	42.0	607.0	673.0	271.7597240561	73853.34761904762	37314.0	4096.0	208.5	0.0	0.0	2.0	7093.75	14043.0	6410.910882024095	41099778.33725495	20238	4096.0	2235.5	1	33.0	209.75	8663.25	9359.0	4239.929670152929	17977003.607843127																																																													272.159	268.6932857142857	268.618	263.972	267.64	268.054	269.41	270.337	1.648508117749418	2.7175790142857283																					slice_0021	slice_0001																																									21.102	9.899047619047618	8.562	0.452	0.573	1.216	17.542	19.678	7.86729985748726	61.89440704761906	255.0	127.5	127.5	0.0	25.5	63.75	191.25	229.5	74.04503134354572	5482.666666666667	255	127.5	127.5	0	25.5	63.75	191.25	229.5	74.04503134354572	5482.666666666667											20	10.0	10.0	0	2.0	5.0	15.0	18.0	6.2048368229954285	38.5	255.0	127.5	127.5	0.0	25.5	63.75	191.25	229.5	74.04503134354572	5482.666666666667	255	127.5	127.5	0	25.5	63.75	191.25	229.5	74.04503134354572	5482.666666666667																																																			19115
25042023--s--Lm--st--19115--p--C08--pos004--tm--24--ch--Syto9--z--21	256.0	128.5	128.5	1.0	26.5	64.75	192.25	230.5	74.04503134354572	5482.666666666667	256	128.5	128.5	1	26.5	64.75	192.25	230.5	74.04503134354572	5482.666666666667																					0.095	0.0429047619047619	0.033	0.002	0.003	0.008	0.074	0.092	0.0353509614606233	0.0012496904761904																					0.036	0.0296666666666666	0.029	0.023	0.027	0.028	0.031	0.035	0.0034976182372199	1.2233333333333332e-05	632.0	268.4761904761905	200.0	10.0	19.0	53.0	478.0	553.0	225.27286100363247	50747.86190476192	20238.0	4096.0	2235.5	1.0	33.0	209.75	8663.25	9359.0	4239.929670152929	17977003.607843127	35801	4096.0	2444.5	9	39.5	247.0	7650.75	8586.0	4732.941642175118	22400736.588235304																																																													275.745	269.7317619047619	269.355	266.037	268.029	268.315	270.344	272.327	2.155272764750737	4.645200690476289																					slice_0021	slice_0001																																									17.281	7.816523809523809	5.94	0.347	0.556	1.459	13.443	16.795	6.457464453011318	41.698847161904766	255.0	127.5	127.5	0.0	25.5	63.75	191.25	229.5	74.04503134354572	5482.666666666667	255	127.5	127.5	0	25.5	63.75	191.25	229.5	74.04503134354572	5482.666666666667											20	10.0	10.0	0	2.0	5.0	15.0	18.0	6.2048368229954285	38.5	255.0	127.5	127.5	0.0	25.5	63.75	191.25	229.5	74.04503134354572	5482.666666666667	255	127.5	127.5	0	25.5	63.75	191.25	229.5	74.04503134354572	5482.666666666667																																																			19115
25042023--s--Lm--st--19115--p--C08--pos005--tm--24--ch--Syto9--z--21	256.0	128.5	128.5	1.0	26.5	64.75	192.25	230.5	74.04503134354572	5482.666666666667	256	128.5	128.5	1	26.5	64.75	192.25	230.5	74.04503134354572	5482.666666666667																					0.112	0.0527619047619047	0.039	0.005	0.008	0.017	0.096	0.1	0.0391725730095749	0.0015344904761904																					0.037	0.028047619047619	0.028	0.023	0.024	0.027	0.029	0.03	0.0032322776872693	1.0447619047619052e-05	706.0	337.7142857142857	250.0	37.0	46.0	112.0	602.0	636.0	248.2497014816217	61627.91428571429	35801.0	4096.0	2444.5	9.0	39.5	247.0	7650.75	8586.0	4732.941642175118	22400736.588235304	24707	4096.0	1707.5	0	6.0	63.75	8722.25	9908.5	4693.01535241887	22024393.098039214																																																													276.561	268.7499047619048	268.14	267.007	267.464	267.808	268.75	270.351	2.0605595576144267	4.245905690476162																					slice_0021	slice_0001																																									20.425	9.60790476190476	7.069	0.921	1.424	3.057	17.403	18.167	7.134327402809335	50.89862749047619	255.0	127.5	127.5	0.0	25.5	63.75	191.25	229.5	74.04503134354572	5482.666666666667	255	127.5	127.5	0	25.5	63.75	191.25	229.5	74.04503134354572	5482.666666666667											20	10.0	10.0	0	2.0	5.0	15.0	18.0	6.2048368229954285	38.5	255.0	127.5	127.5	0.0	25.5	63.75	191.25	229.5	74.04503134354572	5482.666666666667	255	127.5	127.5	0	25.5	63.75	191.25	229.5	74.04503134354572	5482.666666666667																																																			19115
25042023--s--Lm--st--19115--p--D04--pos001--tm--24--ch--Syto9--z--21	256.0	128.5	128.5	1.0	26.5	64.75	192.25	230.5	74.04503134354572	5482.666666666667	256	128.5	128.5	1	26.5	64.75	192.25	230.5	74.04503134354572	5482.666666666667																					0.104	0.0381769809523809	0.024	0.0007629	0.001	0.004	0.078	0.092	0.0375528775147074	0.0014102186096346																					0.043	0.0318571428571428	0.032	0.029	0.029	0.029	0.033	0.035	0.0032601489887076	1.062857142857144e-05	595.0	221.8095238095238	136.0	4.0	8.0	25.0	435.0	570.0	219.03826584586065	47977.76190476191	24707.0	4096.0	1707.5	0.0	6.0	63.75	8722.25	9908.5	4693.01535241887	22024393.098039214	54594	4096.0	907.0	0	2.0	17.0	7111.0	10873.0	6604.174502747869	43615120.86274506																																																													275.978	270.5495714285714	270.699	264.75	269.026	269.636	271.455	272.358	2.0814386027800325	4.3323866571428935																					slice_0021	slice_0001																																									18.931	6.952238095238096	4.307	0.139	0.243	0.799	14.207	16.726	6.826190737920836	46.59687999047621	255.0	127.5	127.5	0.0	25.5	63.75	191.25	229.5	74.04503134354572	5482.666666666667	255	127.5	127.5	0	25.5	63.75	191.25	229.5	74.04503134354572	5482.666666666667											20	10.0	10.0	0	2.0	5.0	15.0	18.0	6.2048368229954285	38.5	255.0	127.5	127.5	0.0	25.5	63.75	191.25	229.5	74.04503134354572	5482.666666666667	255	127.5	127.5	0	25.5	63.75	191.25	229.5	74.04503134354572	5482.666666666667																																																			19115
25042023--s--Lm--st--19115--p--D04--pos002--tm--24--ch--Syto9--z--21	256.0	128.5	128.5	1.0	26.5	64.75	192.25	230.5	74.04503134354572	5482.666666666667	256	128.5	128.5	1	26.5	64.75	192.25	230.5	74.04503134354572	5482.666666666667																					0.098	0.0402835095238095	0.031	0.0009537	0.002	0.006	0.073	0.091	0.0348079916204871	0.0012115962806519																					0.046	0.0316666666666666	0.03	0.026	0.029	0.029	0.032	0.035	0.004672615256292	2.1833333333333303e-05	594.0	242.28571428571428	191.0	4.0	8.0	42.0	423.0	556.0	212.61635469952512	45205.71428571428	54594.0	4096.0	907.0	0.0	2.0	17.0	7111.0	10873.0	6604.174502747869	43615120.86274506	35811	4096.0	1041.0	0	2.0	20.75	8274.5	10695.5	5533.713815881553	30621988.59607838																																																													281.833	270.7819523809524	269.721	266.755	267.902	269.146	271.816	274.692	3.400083858909813	11.560570247619044																					slice_0021	slice_0001																																									17.785	7.315238095238095	5.61	0.174	0.278	1.077	13.339	16.534	6.342064048121574	40.22177639047621	255.0	127.5	127.5	0.0	25.5	63.75	191.25	229.5	74.04503134354572	5482.666666666667	255	127.5	127.5	0	25.5	63.75	191.25	229.5	74.04503134354572	5482.666666666667											20	10.0	10.0	0	2.0	5.0	15.0	18.0	6.2048368229954285	38.5	255.0	127.5	127.5	0.0	25.5	63.75	191.25	229.5	74.04503134354572	5482.666666666667	255	127.5	127.5	0	25.5	63.75	191.25	229.5	74.04503134354572	5482.666666666667																																																			19115
25042023--s--Lm--st--19115--p--D04--pos003--tm--24--ch--Syto9--z--21	256.0	128.5	128.5	1.0	26.5	64.75	192.25	230.5	74.04503134354572	5482.666666666667	256	128.5	128.5	1	26.5	64.75	192.25	230.5	74.04503134354572	5482.666666666667																					0.098	0.0447619047619047	0.037	0.005	0.006	0.007	0.085	0.092	0.0375391858754352	0.0014091904761904																					0.038	0.0304285714285714	0.03	0.02	0.024	0.029	0.034	0.035	0.0044449007702245	1.9757142857142864e-05	587.0	271.9047619047619	205.0	31.0	36.0	47.0	529.0	576.0	232.1731906921867	53904.39047619047	35811.0	4096.0	1041.0	0.0	2.0	20.75	8274.5	10695.5	5533.713815881553	30621988.59607838	14402	4096.0	714.0	0	1.0	11.75	9922.25	12416.5	5083.648573960381	25843482.82352942																																																													277.475	270.18466666666666	269.892	266.43	268.626	269.496	270.627	271.618	2.204387586912369	4.859324633333337																					slice_0021	slice_0001																																									17.872	8.145714285714286	6.687	0.938	1.042	1.233	15.475	16.743	6.841942963390276	46.81218351428571	255.0	127.5	127.5	0.0	25.5	63.75	191.25	229.5	74.04503134354572	5482.666666666667	255	127.5	127.5	0	25.5	63.75	191.25	229.5	74.04503134354572	5482.666666666667											20	10.0	10.0	0	2.0	5.0	15.0	18.0	6.2048368229954285	38.5	255.0	127.5	127.5	0.0	25.5	63.75	191.25	229.5	74.04503134354572	5482.666666666667	255	127.5	127.5	0	25.5	63.75	191.25	229.5	74.04503134354572	5482.666666666667																																																			19115
25042023--s--Lm--st--19115--p--D04--pos004--tm--24--ch--Syto9--z--21	256.0	128.5	128.5	1.0	26.5	64.75	192.25	230.5	74.04503134354572	5482.666666666667	256	128.5	128.5	1	26.5	64.75	192.25	230.5	74.04503134354572	5482.666666666667																					0.116	0.05	0.035	0.003	0.005	0.015	0.085	0.098	0.0380525951808808	0.0014479999999999																					0.037	0.0299523809523809	0.03	0.02	0.028	0.029	0.031	0.032	0.0031539846302128	9.947619047619043e-06	651.0	294.8095238095238	234.0	21.0	42.0	88.0	496.0	574.0	218.91359460929309	47923.16190476192	14402.0	4096.0	714.0	0.0	1.0	11.75	9922.25	12416.5	5083.648573960381	25843482.82352942	29500	4096.0	937.0	0	1.0	13.75	8819.25	11304.5	5251.540556789772	27578678.219607823																																																													272.324	269.8607619047619	269.567	267.801	269.006	269.163	270.605	271.357	1.1216132981006446	1.2580163904762056																					slice_0021	slice_0001																																									21.068	9.09352380952381	6.391	0.591	0.886	2.709	15.44	17.785	6.920328175881891	47.89094206190477	255.0	127.5	127.5	0.0	25.5	63.75	191.25	229.5	74.04503134354572	5482.666666666667	255	127.5	127.5	0	25.5	63.75	191.25	229.5	74.04503134354572	5482.666666666667											20	10.0	10.0	0	2.0	5.0	15.0	18.0	6.2048368229954285	38.5	255.0	127.5	127.5	0.0	25.5	63.75	191.25	229.5	74.04503134354572	5482.666666666667	255	127.5	127.5	0	25.5	63.75	191.25	229.5	74.04503134354572	5482.666666666667																																																			19115
25042023--s--Lm--st--19115--p--D04--pos005--tm--24--ch--Syto9--z--21	256.0	128.5	128.5	1.0	26.5	64.75	192.25	230.5	74.04503134354572	5482.666666666667	256	128.5	128.5	1	26.5	64.75	192.25	230.5	74.04503134354572	5482.666666666667																					0.114	0.0459047619047619	0.035	0.002	0.004	0.008	0.09	0.105	0.0414570919890731	0.0017186904761904																					0.038	0.0312857142857142	0.031	0.028	0.028	0.03	0.032	0.034	0.0026484496812825	7.014285714285715e-06	655.0	269.6666666666667	197.0	9.0	21.0	50.0	552.0	596.0	243.977116413268	59524.833333333314	29500.0	4096.0	937.0	0.0	1.0	13.75	8819.25	11304.5	5251.540556789772	27578678.219607823	25295	4096.0	791.5	0	1.0	9.0	9272.75	11671.0	5226.660112290809	27317975.929411765																																																													274.13	270.7196666666667	270.119	268.736	269.27	269.449	271.864	273.207	1.6859539535032402	2.842440733333206																					slice_0021	slice_0001																																									20.772	8.355809523809524	6.391	0.33	0.66	1.511	16.326	19.053	7.54054251111316	56.859781361904766	255.0	127.5	127.5	0.0	25.5	63.75	191.25	229.5	74.04503134354572	5482.666666666667	255	127.5	127.5	0	25.5	63.75	191.25	229.5	74.04503134354572	5482.666666666667											20	10.0	10.0	0	2.0	5.0	15.0	18.0	6.2048368229954285	38.5	255.0	127.5	127.5	0.0	25.5	63.75	191.25	229.5	74.04503134354572	5482.666666666667	255	127.5	127.5	0	25.5	63.75	191.25	229.5	74.04503134354572	5482.666666666667																																																			19115
25042023--s--Lm--st--19115--p--D05--pos001--tm--24--ch--Syto9--z--21	256.0	128.5	128.5	1.0	26.5	64.75	192.25	230.5	74.04503134354572	5482.666666666667	256	128.5	128.5	1	26.5	64.75	192.25	230.5	74.04503134354572	5482.666666666667																					0.107	0.0398458523809523	0.021	0.0007629	0.002	0.006	0.082	0.097	0.0398691930098618	0.0015895525512576																					0.035	0.0289999999999999	0.03	0.017	0.027	0.028	0.03	0.032	0.0035496478698597	1.2600000000000005e-05	646.0	242.7142857142857	131.0	8.0	12.0	42.0	499.0	599.0	239.4527391484889	57337.61428571427	25295.0	4096.0	791.5	0.0	1.0	9.0	9272.75	11671.0	5226.660112290809	27317975.929411765	45344	4096.0	917.0	0	2.0	18.75	7552.5	11286.5	6063.939002616284	36771356.227450974																																																													278.331	269.9062380952381	269.223	265.65	266.693	268.865	270.262	272.412	2.687031408539203	7.220137790476173																					Ch1	Ch1																																									19.435	7.263190476190475	3.752	0.139	0.417	1.164	14.884	17.75	7.243314411366166	52.46560366190478	255.0	127.5	127.5	0.0	25.5	63.75	191.25	229.5	74.04503134354572	5482.666666666667	255	127.5	127.5	0	25.5	63.75	191.25	229.5	74.04503134354572	5482.666666666667											20	10.0	10.0	0	2.0	5.0	15.0	18.0	6.2048368229954285	38.5	255.0	127.5	127.5	0.0	25.5	63.75	191.25	229.5	74.04503134354572	5482.666666666667	255	127.5	127.5	0	25.5	63.75	191.25	229.5	74.04503134354572	5482.666666666667																																																			19115
25042023--s--Lm--st--19115--p--D05--pos002--tm--24--ch--Syto9--z--21	256.0	128.5	128.5	1.0	26.5	64.75	192.25	230.5	74.04503134354572	5482.666666666667	256	128.5	128.5	1	26.5	64.75	192.25	230.5	74.04503134354572	5482.666666666667																					0.094	0.0392857142857142	0.025	0.001	0.004	0.005	0.078	0.093	0.036585711496625	0.0013385142857142																					0.038	0.0301904761904761	0.03	0.023	0.025	0.028	0.032	0.034	0.0037231579018226	1.3861904761904768e-05	575.0	231.66666666666663	133.0	7.0	25.0	38.0	468.0	546.0	217.6376192971549	47366.13333333333	45344.0	4096.0	917.0	0.0	2.0	18.75	7552.5	11286.5	6063.939002616284	36771356.227450974	34803	4096.0	273.5	0	0.0	2.0	8584.0	12520.0	5952.525839885939	35432563.8745098																																																													273.524	269.9788571428572	269.782	266.7	267.117	268.733	271.036	272.494	2.003261397963694	4.013056228571456																					slice_0021	slice_0001																																									17.194	7.166333333333333	4.55	0.191	0.782	0.955	14.225	16.847	6.657059345787247	44.31643913333333	255.0	127.5	127.5	0.0	25.5	63.75	191.25	229.5	74.04503134354572	5482.666666666667	255	127.5	127.5	0	25.5	63.75	191.25	229.5	74.04503134354572	5482.666666666667											20	10.0	10.0	0	2.0	5.0	15.0	18.0	6.2048368229954285	38.5	255.0	127.5	127.5	0.0	25.5	63.75	191.25	229.5	74.04503134354572	5482.666666666667	255	127.5	127.5	0	25.5	63.75	191.25	229.5	74.04503134354572	5482.666666666667																																																			19115
25042023--s--Lm--st--19115--p--D05--pos003--tm--24--ch--Syto9--z--21	256.0	128.5	128.5	1.0	26.5	64.75	192.25	230.5	74.04503134354572	5482.666666666667	256	128.5	128.5	1	26.5	64.75	192.25	230.5	74.04503134354572	5482.666666666667																					0.107	0.0519047619047619	0.044	0.006	0.009	0.01	0.095	0.098	0.0395814410575269	0.0015666904761904																					0.035	0.0286190476190476	0.029	0.022	0.025	0.027	0.031	0.031	0.0029912571015576	8.947619047619053e-06	620.0	317.04761904761904	242.0	48.0	58.0	69.0	574.0	591.0	235.24274190513853	55339.14761904762	34803.0	4096.0	273.5	0.0	0.0	2.0	8584.0	12520.0	5952.525839885939	35432563.8745098	27337	4096.0	509.5	0	0.5	4.0	8608.75	12901.5	5613.252668602098	31508605.521568578																																																													272.224	269.47409523809523	269.42	266.112	268.158	268.796	270.173	270.567	1.301883554883524	1.6949007904761615																					slice_0021	slice_0001																																									19.539	9.440857142857144	7.955	1.164	1.65	1.789	17.247	17.889	7.205882737636758	51.92474602857142	255.0	127.5	127.5	0.0	25.5	63.75	191.25	229.5	74.04503134354572	5482.666666666667	255	127.5	127.5	0	25.5	63.75	191.25	229.5	74.04503134354572	5482.666666666667											20	10.0	10.0	0	2.0	5.0	15.0	18.0	6.2048368229954285	38.5	255.0	127.5	127.5	0.0	25.5	63.75	191.25	229.5	74.04503134354572	5482.666666666667	255	127.5	127.5	0	25.5	63.75	191.25	229.5	74.04503134354572	5482.666666666667																																																			19115
25042023--s--Lm--st--19115--p--D05--pos004--tm--24--ch--Syto9--z--21	256.0	128.5	128.5	1.0	26.5	64.75	192.25	230.5	74.04503134354572	5482.666666666667	256	128.5	128.5	1	26.5	64.75	192.25	230.5	74.04503134354572	5482.666666666667																					0.102	0.0416190476190476	0.032	0.003	0.004	0.009	0.078	0.093	0.0358768395911292	0.0012871476190476																					0.038	0.0297619047619047	0.03	0.023	0.024	0.029	0.032	0.033	0.0035341867792288	1.2490476190476196e-05	579.0	243.42857142857144	150.0	21.0	33.0	54.0	465.0	524.0	207.0795913238606	42881.95714285712	27337.0	4096.0	509.5	0.0	0.5	4.0	8608.75	12901.5	5613.252668602098	31508605.521568578	48992	4096.0	1053.0	0	3.0	20.75	7571.25	10385.5	6171.674797959196	38089569.81176467																																																													276.505	270.02804761904764	269.593	267.999	268.409	269.156	270.597	271.318	1.8441400021742027	3.400852347619068																					slice_0021	slice_0001																																									18.619	7.56352380952381	5.766	0.486	0.799	1.633	14.277	16.864	6.536164422802165	42.72144536190476	255.0	127.5	127.5	0.0	25.5	63.75	191.25	229.5	74.04503134354572	5482.666666666667	255	127.5	127.5	0	25.5	63.75	191.25	229.5	74.04503134354572	5482.666666666667											20	10.0	10.0	0	2.0	5.0	15.0	18.0	6.2048368229954285	38.5	255.0	127.5	127.5	0.0	25.5	63.75	191.25	229.5	74.04503134354572	5482.666666666667	255	127.5	127.5	0	25.5	63.75	191.25	229.5	74.04503134354572	5482.666666666667																																																			19115
25042023--s--Lm--st--19115--p--D05--pos005--tm--24--ch--Syto9--z--21	256.0	128.5	128.5	1.0	26.5	64.75	192.25	230.5	74.04503134354572	5482.666666666667	256	128.5	128.5	1	26.5	64.75	192.25	230.5	74.04503134354572	5482.666666666667																					0.115	0.0416666666666666	0.029	0.002	0.005	0.008	0.07	0.102	0.0389657969677682	0.0015183333333333																					0.036	0.0287619047619047	0.029	0.02	0.025	0.027	0.03	0.032	0.0034044788427123	1.159047619047619e-05	665.0	248.47619047619048	188.0	18.0	35.0	58.0	390.0	586.0	227.54331874340295	51775.96190476189	48992.0	4096.0	1053.0	0.0	3.0	20.75	7571.25	10385.5	6171.674797959196	38089569.81176467	22364	4096.0	553.0	0	0.0	4.75	9356.5	12336.0	5328.729074094314	28395353.54509804																																																													274.908	269.5573333333333	269.515	266.611	267.73	268.527	270.141	270.821	1.7360534361975777	3.013881533333417																					slice_0021	slice_0001																																									20.929	7.570904761904762	5.245	0.365	0.903	1.372	12.713	18.567	7.101103667070084	50.42567329047619	255.0	127.5	127.5	0.0	25.5	63.75	191.25	229.5	74.04503134354572	5482.666666666667	255	127.5	127.5	0	25.5	63.75	191.25	229.5	74.04503134354572	5482.666666666667											20	10.0	10.0	0	2.0	5.0	15.0	18.0	6.2048368229954285	38.5	255.0	127.5	127.5	0.0	25.5	63.75	191.25	229.5	74.04503134354572	5482.666666666667	255	127.5	127.5	0	25.5	63.75	191.25	229.5	74.04503134354572	5482.666666666667																																																			19115
25042023--s--Lm--st--19115--p--D06--pos001--tm--24--ch--Syto9--z--21	256.0	128.5	128.5	1.0	26.5	64.75	192.25	230.5	74.04503134354572	5482.666666666667	256	128.5	128.5	1	26.5	64.75	192.25	230.5	74.04503134354572	5482.666666666667																					0.088	0.0368662238095238	0.024	0.0001907	0.005	0.008	0.063	0.087	0.032192039970339	0.0010363274374519																					0.041	0.0295714285714285	0.03	0.017	0.024	0.029	0.031	0.036	0.0050948152917591	2.5957142857142852e-05	558.0	220.3809523809524	150.0	2.0	37.0	60.0	390.0	526.0	193.10424029276933	37289.2476190476	22364.0	4096.0	553.0	0.0	0.0	4.75	9356.5	12336.0	5328.729074094314	28395353.54509804	34355	4096.0	1400.5	0	1.0	26.0	8721.75	9990.0	5158.796336279973	26613179.639215667																																																													276.299	270.1711904761905	269.456	265.051	268.144	269.166	270.646	273.294	2.533454945702549	6.418393961904707																					slice_0021	slice_0001																																									16.066	6.699142857142856	4.342	0.035	0.903	1.424	11.48	15.84	5.87598666851546	34.52721932857142	255.0	127.5	127.5	0.0	25.5	63.75	191.25	229.5	74.04503134354572	5482.666666666667	255	127.5	127.5	0	25.5	63.75	191.25	229.5	74.04503134354572	5482.666666666667											20	10.0	10.0	0	2.0	5.0	15.0	18.0	6.2048368229954285	38.5	255.0	127.5	127.5	0.0	25.5	63.75	191.25	229.5	74.04503134354572	5482.666666666667	255	127.5	127.5	0	25.5	63.75	191.25	229.5	74.04503134354572	5482.666666666667																																																			19115
25042023--s--Lm--st--19115--p--D06--pos002--tm--24--ch--Syto9--z--21	256.0	128.5	128.5	1.0	26.5	64.75	192.25	230.5	74.04503134354572	5482.666666666667	256	128.5	128.5	1	26.5	64.75	192.25	230.5	74.04503134354572	5482.666666666667																					0.093	0.043095238095238	0.038	0.007	0.009	0.013	0.069	0.079	0.0302917559113115	0.0009175904761904																					0.035	0.0294285714285714	0.03	0.021	0.025	0.028	0.031	0.034	0.0035996031527298	1.2957142857142865e-05	544.0	259.1428571428572	244.0	44.0	64.0	102.0	382.0	479.0	173.11593968040197	29969.12857142857	34355.0	4096.0	1400.5	0.0	1.0	26.0	8721.75	9990.0	5158.796336279973	26613179.639215667	16941	4096.0	831.0	0	0.0	4.75	9958.25	11572.0	4920.796350344996	24214236.721568625																																																													273.27	270.0285238095238	269.875	266.713	268.77	269.16	271.161	271.615	1.3886236213980885	1.9282755619047407																					slice_0021	slice_0001																																									16.969	7.851999999999999	6.86	1.337	1.719	2.397	12.557	14.433	5.5090513430172345	30.349646699999997	255.0	127.5	127.5	0.0	25.5	63.75	191.25	229.5	74.04503134354572	5482.666666666667	255	127.5	127.5	0	25.5	63.75	191.25	229.5	74.04503134354572	5482.666666666667											20	10.0	10.0	0	2.0	5.0	15.0	18.0	6.2048368229954285	38.5	255.0	127.5	127.5	0.0	25.5	63.75	191.25	229.5	74.04503134354572	5482.666666666667	255	127.5	127.5	0	25.5	63.75	191.25	229.5	74.04503134354572	5482.666666666667																																																			19115
25042023--s--Lm--st--19115--p--D06--pos003--tm--24--ch--Syto9--z--21	256.0	128.5	128.5	1.0	26.5	64.75	192.25	230.5	74.04503134354572	5482.666666666667	256	128.5	128.5	1	26.5	64.75	192.25	230.5	74.04503134354572	5482.666666666667																					0.107	0.0423809523809523	0.031	0.004	0.005	0.008	0.079	0.095	0.0361627932970839	0.0013077476190476																					0.038	0.0298571428571428	0.03	0.024	0.025	0.029	0.031	0.033	0.0031982137871898	1.0228571428571424e-05	630.0	254.0952380952381	198.0	22.0	34.0	60.0	472.0	545.0	214.85900138507225	46164.39047619047	16941.0	4096.0	831.0	0.0	0.0	4.75	9958.25	11572.0	4920.796350344996	24214236.721568625	17692	4096.0	659.0	0	0.0	6.75	9900.0	11880.5	5091.262005420968	25920948.80784314																																																													277.726	270.3032380952381	270.094	267.29	268.438	269.02	270.766	272.089	2.2170239039027537	4.9151949904762064																					slice_0021	slice_0001																																									19.47	7.701619047619048	5.575	0.677	0.99	1.442	14.329	17.247	6.591254459328593	43.44463534761906	255.0	127.5	127.5	0.0	25.5	63.75	191.25	229.5	74.04503134354572	5482.666666666667	255	127.5	127.5	0	25.5	63.75	191.25	229.5	74.04503134354572	5482.666666666667											20	10.0	10.0	0	2.0	5.0	15.0	18.0	6.2048368229954285	38.5	255.0	127.5	127.5	0.0	25.5	63.75	191.25	229.5	74.04503134354572	5482.666666666667	255	127.5	127.5	0	25.5	63.75	191.25	229.5	74.04503134354572	5482.666666666667																																																			19115
25042023--s--Lm--st--19115--p--D06--pos004--tm--24--ch--Syto9--z--21	256.0	128.5	128.5	1.0	26.5	64.75	192.25	230.5	74.04503134354572	5482.666666666667	256	128.5	128.5	1	26.5	64.75	192.25	230.5	74.04503134354572	5482.666666666667																					0.102	0.0454285714285714	0.036	0.003	0.005	0.008	0.088	0.093	0.0376902791559991	0.0014205571428571																					0.043	0.0309523809523809	0.031	0.022	0.028	0.029	0.032	0.034	0.0042950691551614	1.844761904761905e-05	571.0	264.42857142857144	221.0	18.0	30.0	53.0	511.0	548.0	216.9916061576049	47085.35714285714	17692.0	4096.0	659.0	0.0	0.0	6.75	9900.0	11880.5	5091.262005420968	25920948.80784314	24637	4096.0	987.5	0	0.0	5.75	9587.75	10634.0	4932.828842779449	24332800.39215684																																																													286.791	271.3614761904762	269.814	266.37	267.873	268.915	270.446	279.059	5.179347995829652	26.825645661904638																					slice_0021	slice_0001																																									18.497	8.278857142857143	6.496	0.608	0.938	1.476	15.944	16.864	6.851175762492992	46.93860932857143	255.0	127.5	127.5	0.0	25.5	63.75	191.25	229.5	74.04503134354572	5482.666666666667	255	127.5	127.5	0	25.5	63.75	191.25	229.5	74.04503134354572	5482.666666666667											20	10.0	10.0	0	2.0	5.0	15.0	18.0	6.2048368229954285	38.5	255.0	127.5	127.5	0.0	25.5	63.75	191.25	229.5	74.04503134354572	5482.666666666667	255	127.5	127.5	0	25.5	63.75	191.25	229.5	74.04503134354572	5482.666666666667																																																			19115
25042023--s--Lm--st--19115--p--D06--pos005--tm--24--ch--Syto9--z--21	256.0	128.5	128.5	1.0	26.5	64.75	192.25	230.5	74.04503134354572	5482.666666666667	256	128.5	128.5	1	26.5	64.75	192.25	230.5	74.04503134354572	5482.666666666667																					0.105	0.0466190476190476	0.046	0.005	0.006	0.008	0.073	0.095	0.0381424647741545	0.0014548476190476																					0.036	0.0294761904761904	0.03	0.021	0.025	0.026	0.032	0.035	0.0040449851374145	1.6361904761904768e-05	649.0	278.0952380952381	264.0	34.0	42.0	56.0	457.0	570.0	228.2452419573965	52095.89047619048	24637.0	4096.0	987.5	0.0	0.0	5.75	9587.75	10634.0	4932.828842779449	24332800.39215684	13211	4096.0	1163.0	0	1.0	15.75	8888.75	11508.0	4715.748236224128	22238281.427450974																																																													274.965	269.95295238095235	269.705	267.201	268.393	269.114	270.649	271.914	1.7052097957785226	2.9077404476190307																					slice_0021	slice_0001																																									19.209	8.479761904761904	8.371	0.851	1.059	1.389	13.304	17.316	6.9670972786718135	48.54044449047618	255.0	127.5	127.5	0.0	25.5	63.75	191.25	229.5	74.04503134354572	5482.666666666667	255	127.5	127.5	0	25.5	63.75	191.25	229.5	74.04503134354572	5482.666666666667											20	10.0	10.0	0	2.0	5.0	15.0	18.0	6.2048368229954285	38.5	255.0	127.5	127.5	0.0	25.5	63.75	191.25	229.5	74.04503134354572	5482.666666666667	255	127.5	127.5	0	25.5	63.75	191.25	229.5	74.04503134354572	5482.666666666667																																																			19115
25042023--s--Lm--st--19115--p--D07--pos001--tm--24--ch--Syto9--z--21	256.0	128.5	128.5	1.0	26.5	64.75	192.25	230.5	74.04503134354572	5482.666666666667	256	128.5	128.5	1	26.5	64.75	192.25	230.5	74.04503134354572	5482.666666666667																					0.096	0.0369523809523809	0.023	0.001	0.002	0.007	0.064	0.091	0.0346041560950071	0.0011974476190476																					0.038	0.0289999999999999	0.029	0.023	0.026	0.027	0.03	0.033	0.0033911649915626	1.1500000000000003e-05	584.0	227.1904761904762	138.0	9.0	14.0	47.0	385.0	514.0	203.7850875426411	41528.3619047619	13211.0	4096.0	1163.0	0.0	1.0	15.75	8888.75	11508.0	4715.748236224128	22238281.427450974	19989	4096.0	879.0	0	0.0	3.75	9570.5	11170.0	5000.995199781268	25009952.98823528																																																													276.743	270.2190476190476	269.232	267.645	268.035	268.454	271.388	272.278	2.3637785953043555	5.587449247619031																					Ch1	Ch1																																									17.42	6.750333333333334	4.203	0.261	0.434	1.233	11.689	16.569	6.290509743521056	39.57051283333335	255.0	127.5	127.5	0.0	25.5	63.75	191.25	229.5	74.04503134354572	5482.666666666667	255	127.5	127.5	0	25.5	63.75	191.25	229.5	74.04503134354572	5482.666666666667											20	10.0	10.0	0	2.0	5.0	15.0	18.0	6.2048368229954285	38.5	255.0	127.5	127.5	0.0	25.5	63.75	191.25	229.5	74.04503134354572	5482.666666666667	255	127.5	127.5	0	25.5	63.75	191.25	229.5	74.04503134354572	5482.666666666667																																																			19115
25042023--s--Lm--st--19115--p--D07--pos002--tm--24--ch--Syto9--z--21	256.0	128.5	128.5	1.0	26.5	64.75	192.25	230.5	74.04503134354572	5482.666666666667	256	128.5	128.5	1	26.5	64.75	192.25	230.5	74.04503134354572	5482.666666666667																					0.09	0.0462857142857142	0.038	0.005	0.006	0.012	0.082	0.09	0.0339074370266212	0.0011497142857142																					0.032	0.0281904761904761	0.029	0.02	0.023	0.028	0.03	0.032	0.0033108767361387	1.0961904761904767e-05	561.0	287.9047619047619	234.0	35.0	45.0	93.0	491.0	556.0	206.45093963503888	42621.99047619047	19989.0	4096.0	879.0	0.0	0.0	3.75	9570.5	11170.0	5000.995199781268	25009952.98823528	10605	4096.0	2346.5	0	1.0	25.5	8467.25	9950.5	4132.448470433031	17077130.360784296																																																													271.746	269.2250952380952	269.109	266.3	267.984	268.353	270.084	271.369	1.5271400363018923	2.332156690476145																					slice_0021	slice_0001																																									16.43	8.431000000000001	6.843	0.903	1.042	2.206	14.884	16.361	6.172150176397201	38.0954378	255.0	127.5	127.5	0.0	25.5	63.75	191.25	229.5	74.04503134354572	5482.666666666667	255	127.5	127.5	0	25.5	63.75	191.25	229.5	74.04503134354572	5482.666666666667											20	10.0	10.0	0	2.0	5.0	15.0	18.0	6.2048368229954285	38.5	255.0	127.5	127.5	0.0	25.5	63.75	191.25	229.5	74.04503134354572	5482.666666666667	255	127.5	127.5	0	25.5	63.75	191.25	229.5	74.04503134354572	5482.666666666667																																																			19115
25042023--s--Lm--st--19115--p--D07--pos003--tm--24--ch--Syto9--z--21	256.0	128.5	128.5	1.0	26.5	64.75	192.25	230.5	74.04503134354572	5482.666666666667	256	128.5	128.5	1	26.5	64.75	192.25	230.5	74.04503134354572	5482.666666666667																					0.097	0.044047619047619	0.041	0.003	0.007	0.009	0.083	0.095	0.0356811941931267	0.0012731476190476																					0.033	0.0298095238095238	0.03	0.025	0.026	0.029	0.032	0.032	0.0022719825619719	5.161904761904766e-06	583.0	263.42857142857144	230.0	16.0	46.0	62.0	479.0	551.0	211.91497621182216	44907.95714285715	10605.0	4096.0	2346.5	0.0	1.0	25.5	8467.25	9950.5	4132.448470433031	17077130.360784296	12946	4096.0	2102.0	0	2.0	30.25	8830.0	9788.0	4210.5128000299055	17728418.039215673																																																													275.77	270.2358571428572	269.997	268.873	268.948	269.172	270.571	271.317	1.5567639925728778	2.4235141285714468																					slice_0021	slice_0001																																									17.646	7.994190476190475	7.451	0.486	1.251	1.563	15.058	17.212	6.490977435017376	42.13278806190476	255.0	127.5	127.5	0.0	25.5	63.75	191.25	229.5	74.04503134354572	5482.666666666667	255	127.5	127.5	0	25.5	63.75	191.25	229.5	74.04503134354572	5482.666666666667											20	10.0	10.0	0	2.0	5.0	15.0	18.0	6.2048368229954285	38.5	255.0	127.5	127.5	0.0	25.5	63.75	191.25	229.5	74.04503134354572	5482.666666666667	255	127.5	127.5	0	25.5	63.75	191.25	229.5	74.04503134354572	5482.666666666667																																																			19115
25042023--s--Lm--st--19115--p--D07--pos004--tm--24--ch--Syto9--z--21	256.0	128.5	128.5	1.0	26.5	64.75	192.25	230.5	74.04503134354572	5482.666666666667	256	128.5	128.5	1	26.5	64.75	192.25	230.5	74.04503134354572	5482.666666666667																					0.103	0.0436190476190476	0.032	0.002	0.007	0.01	0.084	0.098	0.0368272673307105	0.0013562476190476																					0.04	0.0299523809523809	0.031	0.021	0.024	0.029	0.032	0.033	0.0040678764789038	1.6547619047619046e-05	625.0	264.04761904761904	147.0	15.0	40.0	57.0	516.0	595.0	224.9456548125516	50600.54761904762	12946.0	4096.0	2102.0	0.0	2.0	30.25	8830.0	9788.0	4210.5128000299055	17728418.039215673	19519	4096.0	624.0	0	0.0	2.75	9966.0	12092.5	5153.235469481434	26555835.80392153																																																													277.332	270.2134285714285	269.858	265.978	268.253	268.882	270.17	273.767	2.48477811024304	6.174122257142973																					slice_0021	slice_0001																																									18.758	7.953857142857143	5.905	0.365	1.251	1.806	15.319	17.907	6.7229436282458455	45.197971028571416	255.0	127.5	127.5	0.0	25.5	63.75	191.25	229.5	74.04503134354572	5482.666666666667	255	127.5	127.5	0	25.5	63.75	191.25	229.5	74.04503134354572	5482.666666666667											20	10.0	10.0	0	2.0	5.0	15.0	18.0	6.2048368229954285	38.5	255.0	127.5	127.5	0.0	25.5	63.75	191.25	229.5	74.04503134354572	5482.666666666667	255	127.5	127.5	0	25.5	63.75	191.25	229.5	74.04503134354572	5482.666666666667																																																			19115
25042023--s--Lm--st--19115--p--D07--pos005--tm--24--ch--Syto9--z--21	256.0	128.5	128.5	1.0	26.5	64.75	192.25	230.5	74.04503134354572	5482.666666666667	256	128.5	128.5	1	26.5	64.75	192.25	230.5	74.04503134354572	5482.666666666667																					0.105	0.0457619047619047	0.028	0.006	0.008	0.009	0.076	0.101	0.0378244692783715	0.0014306904761904																					0.034	0.0295714285714285	0.029	0.027	0.028	0.029	0.03	0.033	0.0018322507626258	3.3571428571428605e-06	667.0	281.7142857142857	177.0	38.0	48.0	56.0	476.0	626.0	235.3068513361102	55369.314285714274	19519.0	4096.0	624.0	0.0	0.0	2.75	9966.0	12092.5	5153.235469481434	26555835.80392153	18894	4096.0	819.0	0	0.0	5.0	9728.25	11807.0	5011.97309508764	25119874.305882383																																																													278.948	270.8525714285714	269.827	267.307	268.061	269.16	271.33	276.027	3.2099314879203864	10.303660157142788																					slice_0021	slice_0001																																									19.192	8.321000000000002	5.089	1.112	1.372	1.65	13.773	18.306	6.886102772976889	47.4184114	255.0	127.5	127.5	0.0	25.5	63.75	191.25	229.5	74.04503134354572	5482.666666666667	255	127.5	127.5	0	25.5	63.75	191.25	229.5	74.04503134354572	5482.666666666667											20	10.0	10.0	0	2.0	5.0	15.0	18.0	6.2048368229954285	38.5	255.0	127.5	127.5	0.0	25.5	63.75	191.25	229.5	74.04503134354572	5482.666666666667	255	127.5	127.5	0	25.5	63.75	191.25	229.5	74.04503134354572	5482.666666666667																																																			19115
28032023--s--Lm--st--L455--p--C04--pos001--tm--24--ch--Syto9--z--21	256.0	128.5	128.5	1.0	26.5	64.75	192.25	230.5	74.04503134354572	5482.666666666667	256	128.5	128.5	1	26.5	64.75	192.25	230.5	74.04503134354572	5482.666666666667																					0.457	0.1816190476190476	0.124	0.034	0.043	0.056	0.282	0.407	0.1454398419245827	0.0211527476190476																					0.026	0.0234761904761904	0.024	0.02	0.021	0.024	0.024	0.025	0.0016618979396776	2.7619047619047718e-06	3461.0	1380.2857142857142	938.0	308.0	378.0	448.0	2117.0	3097.0	1092.0155284086918	1192497.9142857145	18894.0	4096.0	819.0	0.0	0.0	5.0	9728.25	11807.0	5011.97309508764	25119874.305882383	19071	4096.0	86.0	0	0.0	2.0	7548.75	15485.5	6212.077972567224	38589912.73725491																																																													271.822	270.6182857142857	270.665	269.174	270.235	270.436	270.88	271.08	0.5757917282192407	0.3315361142857																					Ch1	Ch1																																									83.141	33.0532380952381	22.509	6.218	7.798	10.247	51.358	74.197	26.478949663656916	701.1347752904765	255.0	127.5	127.5	0.0	25.5	63.75	191.25	229.5	74.04503134354572	5482.666666666667	255	127.5	127.5	0	25.5	63.75	191.25	229.5	74.04503134354572	5482.666666666667											20	10.0	10.0	0	2.0	5.0	15.0	18.0	6.2048368229954285	38.5	255.0	127.5	127.5	0.0	25.5	63.75	191.25	229.5	74.04503134354572	5482.666666666667	255	127.5	127.5	0	25.5	63.75	191.25	229.5	74.04503134354572	5482.666666666667																																																			L455
28032023--s--Lm--st--L455--p--C04--pos002--tm--24--ch--Syto9--z--21	256.0	128.5	128.5	1.0	26.5	64.75	192.25	230.5	74.04503134354572	5482.666666666667	256	128.5	128.5	1	26.5	64.75	192.25	230.5	74.04503134354572	5482.666666666667																					0.559	0.2392380952380952	0.186	0.024	0.039	0.116	0.367	0.511	0.177246693837122	0.0314163904761904																					0.025	0.0234285714285714	0.024	0.021	0.022	0.023	0.024	0.024	0.0010757057484009	1.157142857142858e-06	4271.0	1831.619047619048	1393.0	212.0	327.0	878.0	2876.0	3901.0	1348.1017942347853	1817378.447619048	19071.0	4096.0	86.0	0.0	0.0	2.0	7548.75	15485.5	6212.077972567224	38589912.73725491	18309	4096.0	206.5	0	0.0	2.0	7630.75	15328.0	6029.479558069373	36354623.74117644																																																													271.119	270.54519047619044	270.631	269.808	270.009	270.204	270.898	270.984	0.4168447695542814	0.173759561904762																					slice_0021	slice_0001																																									101.812	43.55352380952381	33.833	4.446	7.069	21.085	66.885	93.128	32.29124937443432	1042.724786161905	255.0	127.5	127.5	0.0	25.5	63.75	191.25	229.5	74.04503134354572	5482.666666666667	255	127.5	127.5	0	25.5	63.75	191.25	229.5	74.04503134354572	5482.666666666667											20	10.0	10.0	0	2.0	5.0	15.0	18.0	6.2048368229954285	38.5	255.0	127.5	127.5	0.0	25.5	63.75	191.25	229.5	74.04503134354572	5482.666666666667	255	127.5	127.5	0	25.5	63.75	191.25	229.5	74.04503134354572	5482.666666666667																																																			L455
28032023--s--Lm--st--L455--p--C04--pos003--tm--24--ch--Syto9--z--21	256.0	128.5	128.5	1.0	26.5	64.75	192.25	230.5	74.04503134354572	5482.666666666667	256	128.5	128.5	1	26.5	64.75	192.25	230.5	74.04503134354572	5482.666666666667																					0.64	0.3184761904761904	0.372	0.015	0.02	0.042	0.533	0.608	0.2449846156491503	0.0600174619047619																					0.024	0.0228571428571428	0.024	0.02	0.021	0.022	0.024	0.024	0.0014589624493356	2.128571428571429e-06	4965.0	2448.904761904762	2836.0	137.0	168.0	337.0	4071.0	4697.0	1860.4466911137736	3461261.8904761896	18309.0	4096.0	206.5	0.0	0.0	2.0	7630.75	15328.0	6029.479558069373	36354623.74117644	17803	4096.0	575.0	0	1.0	7.75	6958.0	14931.5	5746.578346302788	33023162.690196093																																																													271.485	270.46719047619047	270.449	268.966	269.63	270.322	270.798	270.887	0.574468677914436	0.33001426190476																					slice_0021	slice_0001																																									116.488	57.99966666666666	67.718	2.692	3.578	7.642	97.071	110.722	44.62858304084204	1991.7104242333332	255.0	127.5	127.5	0.0	25.5	63.75	191.25	229.5	74.04503134354572	5482.666666666667	255	127.5	127.5	0	25.5	63.75	191.25	229.5	74.04503134354572	5482.666666666667											20	10.0	10.0	0	2.0	5.0	15.0	18.0	6.2048368229954285	38.5	255.0	127.5	127.5	0.0	25.5	63.75	191.25	229.5	74.04503134354572	5482.666666666667	255	127.5	127.5	0	25.5	63.75	191.25	229.5	74.04503134354572	5482.666666666667																																																			L455
28032023--s--Lm--st--L455--p--C04--pos004--tm--24--ch--Syto9--z--21	256.0	128.5	128.5	1.0	26.5	64.75	192.25	230.5	74.04503134354572	5482.666666666667	256	128.5	128.5	1	26.5	64.75	192.25	230.5	74.04503134354572	5482.666666666667																					0.658	0.2917619047619048	0.195	0.073	0.092	0.106	0.426	0.601	0.2074511761263128	0.0430359904761904																					0.025	0.0235238095238095	0.024	0.021	0.022	0.024	0.024	0.024	0.0010779168622415	1.161904761904764e-06	4900.0	2217.3809523809523	1541.0	623.0	742.0	827.0	3206.0	4481.0	1537.502633369793	2363914.3476190483	17803.0	4096.0	575.0	0.0	1.0	7.75	6958.0	14931.5	5746.578346302788	33023162.690196093	17249	4096.0	437.0	1	9.0	28.75	7439.0	14662.5	5780.401511259623	33413041.63137253																																																													271.692	270.4659523809524	270.463	269.582	269.823	270.259	270.714	270.96	0.4813733972905596	0.2317203476190549																					slice_0021	slice_0001																																									119.91	53.13914285714286	35.5	13.235	16.83	19.261	77.497	109.541	37.78363379730133	1427.6029829285717	255.0	127.5	127.5	0.0	25.5	63.75	191.25	229.5	74.04503134354572	5482.666666666667	255	127.5	127.5	0	25.5	63.75	191.25	229.5	74.04503134354572	5482.666666666667											20	10.0	10.0	0	2.0	5.0	15.0	18.0	6.2048368229954285	38.5	255.0	127.5	127.5	0.0	25.5	63.75	191.25	229.5	74.04503134354572	5482.666666666667	255	127.5	127.5	0	25.5	63.75	191.25	229.5	74.04503134354572	5482.666666666667																																																			L455
28032023--s--Lm--st--L455--p--C04--pos005--tm--24--ch--Syto9--z--21	256.0	128.5	128.5	1.0	26.5	64.75	192.25	230.5	74.04503134354572	5482.666666666667	256	128.5	128.5	1	26.5	64.75	192.25	230.5	74.04503134354572	5482.666666666667																					1.1	0.5210476190476191	0.476	0.041	0.058	0.169	0.813	0.991	0.3655493778124203	0.1336263476190476																					0.025	0.0232857142857142	0.024	0.02	0.021	0.023	0.024	0.024	0.0014540583599999	2.11428571428571e-06	8199.0	3923.4761904761904	3601.0	365.0	503.0	1353.0	6060.0	7423.0	2687.8940942501367	7224774.661904762	17249.0	4096.0	437.0	1.0	9.0	28.75	7439.0	14662.5	5780.401511259623	33413041.63137253	17752	4096.0	315.0	0	3.0	14.75	6956.0	15590.0	6086.838616002144	37049604.33725489																																																													271.107	270.4987619047619	270.514	269.87	270.129	270.258	270.746	270.919	0.338672394027304	0.1146989904761854																					slice_0021	slice_0001																																									200.359	94.88719047619048	86.702	7.416	10.647	30.828	147.977	180.49	66.56739829797995	4431.2185161619045	255.0	127.5	127.5	0.0	25.5	63.75	191.25	229.5	74.04503134354572	5482.666666666667	255	127.5	127.5	0	25.5	63.75	191.25	229.5	74.04503134354572	5482.666666666667											20	10.0	10.0	0	2.0	5.0	15.0	18.0	6.2048368229954285	38.5	255.0	127.5	127.5	0.0	25.5	63.75	191.25	229.5	74.04503134354572	5482.666666666667	255	127.5	127.5	0	25.5	63.75	191.25	229.5	74.04503134354572	5482.666666666667																																																			L455
28032023--s--Lm--st--L455--p--C05--pos001--tm--24--ch--Syto9--z--21	256.0	128.5	128.5	1.0	26.5	64.75	192.25	230.5	74.04503134354572	5482.666666666667	256	128.5	128.5	1	26.5	64.75	192.25	230.5	74.04503134354572	5482.666666666667																					0.855	0.4917619047619047	0.621	0.005	0.012	0.095	0.795	0.817	0.3341201737042982	0.1116362904761904																					0.025	0.0237142857142857	0.024	0.02	0.021	0.024	0.025	0.025	0.0015537971921347	2.4142857142857173e-06	6353.0	3654.6666666666665	4603.0	46.0	99.0	732.0	5819.0	6103.0	2467.8286272213745	6090178.133333335	17752.0	4096.0	315.0	0.0	3.0	14.75	6956.0	15590.0	6086.838616002144	37049604.33725489	8108	4096.0	4182.0	1	520.5	1462.5	6666.25	7632.0	2655.831678755705	7053441.905882349																																																													271.808	270.5585238095238	270.675	268.56	269.526	270.356	270.958	271.138	0.74048008879695	0.548310761904739																					slice_0021	slice_0001																																									155.775	89.56409523809523	113.119	0.955	2.154	17.229	144.798	148.723	60.86209772748945	3704.194939790477	255.0	127.5	127.5	0.0	25.5	63.75	191.25	229.5	74.04503134354572	5482.666666666667	255	127.5	127.5	0	25.5	63.75	191.25	229.5	74.04503134354572	5482.666666666667											20	10.0	10.0	0	2.0	5.0	15.0	18.0	6.2048368229954285	38.5	255.0	127.5	127.5	0.0	25.5	63.75	191.25	229.5	74.04503134354572	5482.666666666667	255	127.5	127.5	0	25.5	63.75	191.25	229.5	74.04503134354572	5482.666666666667																																																			L455
28032023--s--Lm--st--L455--p--C05--pos002--tm--24--ch--Syto9--z--21	256.0	128.5	128.5	1.0	26.5	64.75	192.25	230.5	74.04503134354572	5482.666666666667	256	128.5	128.5	1	26.5	64.75	192.25	230.5	74.04503134354572	5482.666666666667																					0.624	0.3689047619047619	0.498	0.004	0.008	0.069	0.577	0.605	0.2461300275793071	0.0605799904761904																					0.024	0.0228571428571428	0.024	0.019	0.02	0.022	0.024	0.024	0.0017402791237532	3.0285714285714302e-06	4721.0	2819.333333333333	3771.0	37.0	74.0	572.0	4466.0	4560.0	1866.2114385388736	3482745.133333333	8108.0	4096.0	4182.0	1.0	520.5	1462.5	6666.25	7632.0	2655.831678755705	7053441.905882349	9862	4096.0	3599.0	4	142.0	674.0	7374.25	9120.5	3387.314284613268	11473898.062745096																																																													273.136	270.66366666666664	270.633	268.792	270.157	270.362	270.926	271.031	0.7721334945029646	0.5961901333333598																					slice_0021	slice_0001																																									113.709	67.18404761904762	90.714	0.712	1.459	12.557	105.008	110.27	44.8286360248404	2009.6066078476183	255.0	127.5	127.5	0.0	25.5	63.75	191.25	229.5	74.04503134354572	5482.666666666667	255	127.5	127.5	0	25.5	63.75	191.25	229.5	74.04503134354572	5482.666666666667											20	10.0	10.0	0	2.0	5.0	15.0	18.0	6.2048368229954285	38.5	255.0	127.5	127.5	0.0	25.5	63.75	191.25	229.5	74.04503134354572	5482.666666666667	255	127.5	127.5	0	25.5	63.75	191.25	229.5	74.04503134354572	5482.666666666667																																																			L455
28032023--s--Lm--st--L455--p--C05--pos003--tm--24--ch--Syto9--z--21	256.0	128.5	128.5	1.0	26.5	64.75	192.25	230.5	74.04503134354572	5482.666666666667	256	128.5	128.5	1	26.5	64.75	192.25	230.5	74.04503134354572	5482.666666666667																					1.025	0.4144761904761905	0.226	0.003	0.006	0.017	0.905	0.998	0.4286171507356675	0.1837126619047619																					0.026	0.0235714285714285	0.025	0.017	0.021	0.022	0.025	0.025	0.0022928460168844	5.257142857142862e-06	7453.0	3012.5238095238096	1657.0	33.0	51.0	134.0	6794.0	7240.0	3105.476736654899	9643985.76190476	9862.0	4096.0	3599.0	4.0	142.0	674.0	7374.25	9120.5	3387.314284613268	11473898.062745096	13312	4096.0	1833.5	3	16.0	117.0	7825.5	11939.0	4587.514898196677	21045292.941176467																																																													272.228	271.1407142857143	271.126	269.207	270.325	270.829	271.598	272.027	0.7556599858969234	0.5710220142857385																					slice_0021	slice_0001																																									186.638	75.48528571428571	41.128	0.573	1.164	3.178	164.772	181.758	78.0443089803112	6090.914164214284	255.0	127.5	127.5	0.0	25.5	63.75	191.25	229.5	74.04503134354572	5482.666666666667	255	127.5	127.5	0	25.5	63.75	191.25	229.5	74.04503134354572	5482.666666666667											20	10.0	10.0	0	2.0	5.0	15.0	18.0	6.2048368229954285	38.5	255.0	127.5	127.5	0.0	25.5	63.75	191.25	229.5	74.04503134354572	5482.666666666667	255	127.5	127.5	0	25.5	63.75	191.25	229.5	74.04503134354572	5482.666666666667																																																			L455
28032023--s--Lm--st--L455--p--C05--pos004--tm--24--ch--Syto9--z--21	256.0	128.5	128.5	1.0	26.5	64.75	192.25	230.5	74.04503134354572	5482.666666666667	256	128.5	128.5	1	26.5	64.75	192.25	230.5	74.04503134354572	5482.666666666667																					0.933	0.4402380952380952	0.444	0.025	0.061	0.122	0.666	0.849	0.3123667563557148	0.0975729904761905																					0.025	0.0233809523809523	0.024	0.021	0.022	0.023	0.024	0.024	0.0011608699529314	1.347619047619056e-06	6923.0	3320.190476190476	3401.0	212.0	498.0	960.0	5021.0	6339.0	2309.171098447398	5332271.161904763	13312.0	4096.0	1833.5	3.0	16.0	117.0	7825.5	11939.0	4587.514898196677	21045292.941176467	12473	4096.0	1987.5	4	20.0	122.5	8092.75	11286.5	4398.776747964303	19349236.87843141																																																													271.437	270.58542857142857	270.559	269.164	269.704	270.346	271.043	271.39	0.6067869948695774	0.3681904571428526																					slice_0021	slice_0001																																									169.93	80.1912380952381	80.918	4.55	11.116	22.144	121.282	154.698	56.876884397710086	3234.9799787904767	255.0	127.5	127.5	0.0	25.5	63.75	191.25	229.5	74.04503134354572	5482.666666666667	255	127.5	127.5	0	25.5	63.75	191.25	229.5	74.04503134354572	5482.666666666667											20	10.0	10.0	0	2.0	5.0	15.0	18.0	6.2048368229954285	38.5	255.0	127.5	127.5	0.0	25.5	63.75	191.25	229.5	74.04503134354572	5482.666666666667	255	127.5	127.5	0	25.5	63.75	191.25	229.5	74.04503134354572	5482.666666666667																																																			L455
28032023--s--Lm--st--L455--p--C05--pos005--tm--24--ch--Syto9--z--21	256.0	128.5	128.5	1.0	26.5	64.75	192.25	230.5	74.04503134354572	5482.666666666667	256	128.5	128.5	1	26.5	64.75	192.25	230.5	74.04503134354572	5482.666666666667																					1.183	0.5389047619047619	0.352	0.004	0.006	0.017	1.089	1.164	0.5249612275932295	0.2755842904761905																					0.026	0.0241904761904761	0.025	0.02	0.021	0.023	0.026	0.026	0.0019395630337539	3.761904761904758e-06	8530.0	3861.7619047619046	2473.0	37.0	48.0	146.0	7792.0	8300.0	3754.75612929471	14098193.59047619	12473.0	4096.0	1987.5	4.0	20.0	122.5	8092.75	11286.5	4398.776747964303	19349236.87843141	13367	4096.0	1742.0	3	24.0	154.75	7812.0	12006.0	4559.741985304543	20791246.972549018																																																													273.47	271.49728571428574	271.454	267.755	270.775	270.871	272.026	273.026	1.2372736618410969	1.5308461142856769																					slice_0021	slice_0001																																									215.469	98.1547619047619	64.071	0.764	1.094	3.074	198.344	211.995	95.60314132700074	9139.960631590477	255.0	127.5	127.5	0.0	25.5	63.75	191.25	229.5	74.04503134354572	5482.666666666667	255	127.5	127.5	0	25.5	63.75	191.25	229.5	74.04503134354572	5482.666666666667											20	10.0	10.0	0	2.0	5.0	15.0	18.0	6.2048368229954285	38.5	255.0	127.5	127.5	0.0	25.5	63.75	191.25	229.5	74.04503134354572	5482.666666666667	255	127.5	127.5	0	25.5	63.75	191.25	229.5	74.04503134354572	5482.666666666667																																																			L455
28032023--s--Lm--st--L455--p--C06--pos001--tm--24--ch--Syto9--z--21	256.0	128.5	128.5	1.0	26.5	64.75	192.25	230.5	74.04503134354572	5482.666666666667	256	128.5	128.5	1	26.5	64.75	192.25	230.5	74.04503134354572	5482.666666666667																					0.457	0.1816190476190476	0.124	0.034	0.043	0.056	0.282	0.407	0.1454398419245827	0.0211527476190476																					0.026	0.0234761904761904	0.024	0.02	0.021	0.024	0.024	0.025	0.0016618979396776	2.7619047619047718e-06	3461.0	1380.2857142857142	938.0	308.0	378.0	448.0	2117.0	3097.0	1092.0155284086918	1192497.9142857145	13367.0	4096.0	1742.0	3.0	24.0	154.75	7812.0	12006.0	4559.741985304543	20791246.972549018	19071	4096.0	86.0	0	0.0	2.0	7548.75	15485.5	6212.077972567224	38589912.73725491																																																													271.822	270.6182857142857	270.665	269.174	270.235	270.436	270.88	271.08	0.5757917282192407	0.3315361142857																					Ch1	Ch1																																									83.141	33.0532380952381	22.509	6.218	7.798	10.247	51.358	74.197	26.478949663656916	701.1347752904765	255.0	127.5	127.5	0.0	25.5	63.75	191.25	229.5	74.04503134354572	5482.666666666667	255	127.5	127.5	0	25.5	63.75	191.25	229.5	74.04503134354572	5482.666666666667											20	10.0	10.0	0	2.0	5.0	15.0	18.0	6.2048368229954285	38.5	255.0	127.5	127.5	0.0	25.5	63.75	191.25	229.5	74.04503134354572	5482.666666666667	255	127.5	127.5	0	25.5	63.75	191.25	229.5	74.04503134354572	5482.666666666667																																																			L455
28032023--s--Lm--st--L455--p--C06--pos002--tm--24--ch--Syto9--z--21	256.0	128.5	128.5	1.0	26.5	64.75	192.25	230.5	74.04503134354572	5482.666666666667	256	128.5	128.5	1	26.5	64.75	192.25	230.5	74.04503134354572	5482.666666666667																					0.559	0.2392380952380952	0.186	0.024	0.039	0.116	0.367	0.511	0.177246693837122	0.0314163904761904																					0.025	0.0234285714285714	0.024	0.021	0.022	0.023	0.024	0.024	0.0010757057484009	1.157142857142858e-06	4271.0	1831.619047619048	1393.0	212.0	327.0	878.0	2876.0	3901.0	1348.1017942347853	1817378.447619048	19071.0	4096.0	86.0	0.0	0.0	2.0	7548.75	15485.5	6212.077972567224	38589912.73725491	18309	4096.0	206.5	0	0.0	2.0	7630.75	15328.0	6029.479558069373	36354623.74117644																																																													271.119	270.54519047619044	270.631	269.808	270.009	270.204	270.898	270.984	0.4168447695542814	0.173759561904762																					slice_0021	slice_0001																																									101.812	43.55352380952381	33.833	4.446	7.069	21.085	66.885	93.128	32.29124937443432	1042.724786161905	255.0	127.5	127.5	0.0	25.5	63.75	191.25	229.5	74.04503134354572	5482.666666666667	255	127.5	127.5	0	25.5	63.75	191.25	229.5	74.04503134354572	5482.666666666667											20	10.0	10.0	0	2.0	5.0	15.0	18.0	6.2048368229954285	38.5	255.0	127.5	127.5	0.0	25.5	63.75	191.25	229.5	74.04503134354572	5482.666666666667	255	127.5	127.5	0	25.5	63.75	191.25	229.5	74.04503134354572	5482.666666666667																																																			L455
28032023--s--Lm--st--L455--p--C06--pos003--tm--24--ch--Syto9--z--21	256.0	128.5	128.5	1.0	26.5	64.75	192.25	230.5	74.04503134354572	5482.666666666667	256	128.5	128.5	1	26.5	64.75	192.25	230.5	74.04503134354572	5482.666666666667																					0.64	0.3184761904761904	0.372	0.015	0.02	0.042	0.533	0.608	0.2449846156491503	0.0600174619047619																					0.024	0.0228571428571428	0.024	0.02	0.021	0.022	0.024	0.024	0.0014589624493356	2.128571428571429e-06	4965.0	2448.904761904762	2836.0	137.0	168.0	337.0	4071.0	4697.0	1860.4466911137736	3461261.8904761896	18309.0	4096.0	206.5	0.0	0.0	2.0	7630.75	15328.0	6029.479558069373	36354623.74117644	17803	4096.0	575.0	0	1.0	7.75	6958.0	14931.5	5746.578346302788	33023162.690196093																																																													271.485	270.46719047619047	270.449	268.966	269.63	270.322	270.798	270.887	0.574468677914436	0.33001426190476																					slice_0021	slice_0001																																									116.488	57.99966666666666	67.718	2.692	3.578	7.642	97.071	110.722	44.62858304084204	1991.7104242333332	255.0	127.5	127.5	0.0	25.5	63.75	191.25	229.5	74.04503134354572	5482.666666666667	255	127.5	127.5	0	25.5	63.75	191.25	229.5	74.04503134354572	5482.666666666667											20	10.0	10.0	0	2.0	5.0	15.0	18.0	6.2048368229954285	38.5	255.0	127.5	127.5	0.0	25.5	63.75	191.25	229.5	74.04503134354572	5482.666666666667	255	127.5	127.5	0	25.5	63.75	191.25	229.5	74.04503134354572	5482.666666666667																																																			L455
28032023--s--Lm--st--L455--p--C06--pos004--tm--24--ch--Syto9--z--21	256.0	128.5	128.5	1.0	26.5	64.75	192.25	230.5	74.04503134354572	5482.666666666667	256	128.5	128.5	1	26.5	64.75	192.25	230.5	74.04503134354572	5482.666666666667																					0.658	0.2917619047619048	0.195	0.073	0.092	0.106	0.426	0.601	0.2074511761263128	0.0430359904761904																					0.025	0.0235238095238095	0.024	0.021	0.022	0.024	0.024	0.024	0.0010779168622415	1.161904761904764e-06	4900.0	2217.3809523809523	1541.0	623.0	742.0	827.0	3206.0	4481.0	1537.502633369793	2363914.3476190483	17803.0	4096.0	575.0	0.0	1.0	7.75	6958.0	14931.5	5746.578346302788	33023162.690196093	17249	4096.0	437.0	1	9.0	28.75	7439.0	14662.5	5780.401511259623	33413041.63137253																																																													271.692	270.4659523809524	270.463	269.582	269.823	270.259	270.714	270.96	0.4813733972905596	0.2317203476190549																					slice_0021	slice_0001																																									119.91	53.13914285714286	35.5	13.235	16.83	19.261	77.497	109.541	37.78363379730133	1427.6029829285717	255.0	127.5	127.5	0.0	25.5	63.75	191.25	229.5	74.04503134354572	5482.666666666667	255	127.5	127.5	0	25.5	63.75	191.25	229.5	74.04503134354572	5482.666666666667											20	10.0	10.0	0	2.0	5.0	15.0	18.0	6.2048368229954285	38.5	255.0	127.5	127.5	0.0	25.5	63.75	191.25	229.5	74.04503134354572	5482.666666666667	255	127.5	127.5	0	25.5	63.75	191.25	229.5	74.04503134354572	5482.666666666667																																																			L455
28032023--s--Lm--st--L455--p--C06--pos005--tm--24--ch--Syto9--z--21	256.0	128.5	128.5	1.0	26.5	64.75	192.25	230.5	74.04503134354572	5482.666666666667	256	128.5	128.5	1	26.5	64.75	192.25	230.5	74.04503134354572	5482.666666666667																					1.1	0.5210476190476191	0.476	0.041	0.058	0.169	0.813	0.991	0.3655493778124203	0.1336263476190476																					0.025	0.0232857142857142	0.024	0.02	0.021	0.023	0.024	0.024	0.0014540583599999	2.11428571428571e-06	8199.0	3923.4761904761904	3601.0	365.0	503.0	1353.0	6060.0	7423.0	2687.8940942501367	7224774.661904762	17249.0	4096.0	437.0	1.0	9.0	28.75	7439.0	14662.5	5780.401511259623	33413041.63137253	17752	4096.0	315.0	0	3.0	14.75	6956.0	15590.0	6086.838616002144	37049604.33725489																																																													271.107	270.4987619047619	270.514	269.87	270.129	270.258	270.746	270.919	0.338672394027304	0.1146989904761854																					slice_0021	slice_0001																																									200.359	94.88719047619048	86.702	7.416	10.647	30.828	147.977	180.49	66.56739829797995	4431.2185161619045	255.0	127.5	127.5	0.0	25.5	63.75	191.25	229.5	74.04503134354572	5482.666666666667	255	127.5	127.5	0	25.5	63.75	191.25	229.5	74.04503134354572	5482.666666666667											20	10.0	10.0	0	2.0	5.0	15.0	18.0	6.2048368229954285	38.5	255.0	127.5	127.5	0.0	25.5	63.75	191.25	229.5	74.04503134354572	5482.666666666667	255	127.5	127.5	0	25.5	63.75	191.25	229.5	74.04503134354572	5482.666666666667																																																			L455
28032023--s--Lm--st--L455--p--C07--pos001--tm--24--ch--Syto9--z--21	256.0	128.5	128.5	1.0	26.5	64.75	192.25	230.5	74.04503134354572	5482.666666666667	256	128.5	128.5	1	26.5	64.75	192.25	230.5	74.04503134354572	5482.666666666667																					0.855	0.4917619047619047	0.621	0.005	0.012	0.095	0.795	0.817	0.3341201737042982	0.1116362904761904																					0.025	0.0237142857142857	0.024	0.02	0.021	0.024	0.025	0.025	0.0015537971921347	2.4142857142857173e-06	6353.0	3654.6666666666665	4603.0	46.0	99.0	732.0	5819.0	6103.0	2467.8286272213745	6090178.133333335	17752.0	4096.0	315.0	0.0	3.0	14.75	6956.0	15590.0	6086.838616002144	37049604.33725489	8108	4096.0	4182.0	1	520.5	1462.5	6666.25	7632.0	2655.831678755705	7053441.905882349																																																													271.808	270.5585238095238	270.675	268.56	269.526	270.356	270.958	271.138	0.74048008879695	0.548310761904739																					slice_0021	slice_0001																																									155.775	89.56409523809523	113.119	0.955	2.154	17.229	144.798	148.723	60.86209772748945	3704.194939790477	255.0	127.5	127.5	0.0	25.5	63.75	191.25	229.5	74.04503134354572	5482.666666666667	255	127.5	127.5	0	25.5	63.75	191.25	229.5	74.04503134354572	5482.666666666667											20	10.0	10.0	0	2.0	5.0	15.0	18.0	6.2048368229954285	38.5	255.0	127.5	127.5	0.0	25.5	63.75	191.25	229.5	74.04503134354572	5482.666666666667	255	127.5	127.5	0	25.5	63.75	191.25	229.5	74.04503134354572	5482.666666666667																																																			L455
28032023--s--Lm--st--L455--p--C07--pos002--tm--24--ch--Syto9--z--21	256.0	128.5	128.5	1.0	26.5	64.75	192.25	230.5	74.04503134354572	5482.666666666667	256	128.5	128.5	1	26.5	64.75	192.25	230.5	74.04503134354572	5482.666666666667																					0.624	0.3689047619047619	0.498	0.004	0.008	0.069	0.577	0.605	0.2461300275793071	0.0605799904761904																					0.024	0.0228571428571428	0.024	0.019	0.02	0.022	0.024	0.024	0.0017402791237532	3.0285714285714302e-06	4721.0	2819.333333333333	3771.0	37.0	74.0	572.0	4466.0	4560.0	1866.2114385388736	3482745.133333333	8108.0	4096.0	4182.0	1.0	520.5	1462.5	6666.25	7632.0	2655.831678755705	7053441.905882349	9862	4096.0	3599.0	4	142.0	674.0	7374.25	9120.5	3387.314284613268	11473898.062745096																																																													273.136	270.66366666666664	270.633	268.792	270.157	270.362	270.926	271.031	0.7721334945029646	0.5961901333333598																					slice_0021	slice_0001																																									113.709	67.18404761904762	90.714	0.712	1.459	12.557	105.008	110.27	44.8286360248404	2009.6066078476183	255.0	127.5	127.5	0.0	25.5	63.75	191.25	229.5	74.04503134354572	5482.666666666667	255	127.5	127.5	0	25.5	63.75	191.25	229.5	74.04503134354572	5482.666666666667											20	10.0	10.0	0	2.0	5.0	15.0	18.0	6.2048368229954285	38.5	255.0	127.5	127.5	0.0	25.5	63.75	191.25	229.5	74.04503134354572	5482.666666666667	255	127.5	127.5	0	25.5	63.75	191.25	229.5	74.04503134354572	5482.666666666667																																																			L455
28032023--s--Lm--st--L455--p--C07--pos003--tm--24--ch--Syto9--z--21	256.0	128.5	128.5	1.0	26.5	64.75	192.25	230.5	74.04503134354572	5482.666666666667	256	128.5	128.5	1	26.5	64.75	192.25	230.5	74.04503134354572	5482.666666666667																					1.025	0.4144761904761905	0.226	0.003	0.006	0.017	0.905	0.998	0.4286171507356675	0.1837126619047619																					0.026	0.0235714285714285	0.025	0.017	0.021	0.022	0.025	0.025	0.0022928460168844	5.257142857142862e-06	7453.0	3012.5238095238096	1657.0	33.0	51.0	134.0	6794.0	7240.0	3105.476736654899	9643985.76190476	9862.0	4096.0	3599.0	4.0	142.0	674.0	7374.25	9120.5	3387.314284613268	11473898.062745096	13312	4096.0	1833.5	3	16.0	117.0	7825.5	11939.0	4587.514898196677	21045292.941176467																																																													272.228	271.1407142857143	271.126	269.207	270.325	270.829	271.598	272.027	0.7556599858969234	0.5710220142857385																					slice_0021	slice_0001																																									186.638	75.48528571428571	41.128	0.573	1.164	3.178	164.772	181.758	78.0443089803112	6090.914164214284	255.0	127.5	127.5	0.0	25.5	63.75	191.25	229.5	74.04503134354572	5482.666666666667	255	127.5	127.5	0	25.5	63.75	191.25	229.5	74.04503134354572	5482.666666666667											20	10.0	10.0	0	2.0	5.0	15.0	18.0	6.2048368229954285	38.5	255.0	127.5	127.5	0.0	25.5	63.75	191.25	229.5	74.04503134354572	5482.666666666667	255	127.5	127.5	0	25.5	63.75	191.25	229.5	74.04503134354572	5482.666666666667																																																			L455
28032023--s--Lm--st--L455--p--C07--pos004--tm--24--ch--Syto9--z--21	256.0	128.5	128.5	1.0	26.5	64.75	192.25	230.5	74.04503134354572	5482.666666666667	256	128.5	128.5	1	26.5	64.75	192.25	230.5	74.04503134354572	5482.666666666667																					0.933	0.4402380952380952	0.444	0.025	0.061	0.122	0.666	0.849	0.3123667563557148	0.0975729904761905																					0.025	0.0233809523809523	0.024	0.021	0.022	0.023	0.024	0.024	0.0011608699529314	1.347619047619056e-06	6923.0	3320.190476190476	3401.0	212.0	498.0	960.0	5021.0	6339.0	2309.171098447398	5332271.161904763	13312.0	4096.0	1833.5	3.0	16.0	117.0	7825.5	11939.0	4587.514898196677	21045292.941176467	12473	4096.0	1987.5	4	20.0	122.5	8092.75	11286.5	4398.776747964303	19349236.87843141																																																													271.437	270.58542857142857	270.559	269.164	269.704	270.346	271.043	271.39	0.6067869948695774	0.3681904571428526																					slice_0021	slice_0001																																									169.93	80.1912380952381	80.918	4.55	11.116	22.144	121.282	154.698	56.876884397710086	3234.9799787904767	255.0	127.5	127.5	0.0	25.5	63.75	191.25	229.5	74.04503134354572	5482.666666666667	255	127.5	127.5	0	25.5	63.75	191.25	229.5	74.04503134354572	5482.666666666667											20	10.0	10.0	0	2.0	5.0	15.0	18.0	6.2048368229954285	38.5	255.0	127.5	127.5	0.0	25.5	63.75	191.25	229.5	74.04503134354572	5482.666666666667	255	127.5	127.5	0	25.5	63.75	191.25	229.5	74.04503134354572	5482.666666666667																																																			L455
28032023--s--Lm--st--L455--p--C07--pos005--tm--24--ch--Syto9--z--21	256.0	128.5	128.5	1.0	26.5	64.75	192.25	230.5	74.04503134354572	5482.666666666667	256	128.5	128.5	1	26.5	64.75	192.25	230.5	74.04503134354572	5482.666666666667																					1.183	0.5389047619047619	0.352	0.004	0.006	0.017	1.089	1.164	0.5249612275932295	0.2755842904761905																					0.026	0.0241904761904761	0.025	0.02	0.021	0.023	0.026	0.026	0.0019395630337539	3.761904761904758e-06	8530.0	3861.7619047619046	2473.0	37.0	48.0	146.0	7792.0	8300.0	3754.75612929471	14098193.59047619	12473.0	4096.0	1987.5	4.0	20.0	122.5	8092.75	11286.5	4398.776747964303	19349236.87843141	13367	4096.0	1742.0	3	24.0	154.75	7812.0	12006.0	4559.741985304543	20791246.972549018																																																													273.47	271.49728571428574	271.454	267.755	270.775	270.871	272.026	273.026	1.2372736618410969	1.5308461142856769																					slice_0021	slice_0001																																									215.469	98.1547619047619	64.071	0.764	1.094	3.074	198.344	211.995	95.60314132700074	9139.960631590477	255.0	127.5	127.5	0.0	25.5	63.75	191.25	229.5	74.04503134354572	5482.666666666667	255	127.5	127.5	0	25.5	63.75	191.25	229.5	74.04503134354572	5482.666666666667											20	10.0	10.0	0	2.0	5.0	15.0	18.0	6.2048368229954285	38.5	255.0	127.5	127.5	0.0	25.5	63.75	191.25	229.5	74.04503134354572	5482.666666666667	255	127.5	127.5	0	25.5	63.75	191.25	229.5	74.04503134354572	5482.666666666667																																																			L455
28032023--s--Lm--st--L455--p--C08--pos001--tm--24--ch--Syto9--z--21	256.0	128.5	128.5	1.0	26.5	64.75	192.25	230.5	74.04503134354572	5482.666666666667	256	128.5	128.5	1	26.5	64.75	192.25	230.5	74.04503134354572	5482.666666666667																					0.763	0.3995238095238095	0.343	0.066	0.143	0.22	0.602	0.728	0.2418527690657311	0.0584927619047618																					0.025	0.0238095238095238	0.024	0.022	0.023	0.024	0.024	0.024	0.0007496030695673	5.619047619047626e-07	5739.0	3010.285714285714	2589.0	531.0	1156.0	1643.0	4558.0	5426.0	1794.304298129421	3219527.9142857143	13367.0	4096.0	1742.0	3.0	24.0	154.75	7812.0	12006.0	4559.741985304543	20791246.972549018	14218	4096.0	1347.0	1	17.0	88.75	8344.5	12167.5	4835.673068304905	23383734.023529377																																																													271.31	270.652	270.622	270.186	270.416	270.438	270.779	270.92	0.2605609333725995	0.0678920000000002																					Ch1	Ch1																																									138.893	72.7567619047619	62.421	12.001	25.983	40.155	109.697	132.623	44.04246033875125	1939.7383126904765	255.0	127.5	127.5	0.0	25.5	63.75	191.25	229.5	74.04503134354572	5482.666666666667	255	127.5	127.5	0	25.5	63.75	191.25	229.5	74.04503134354572	5482.666666666667											20	10.0	10.0	0	2.0	5.0	15.0	18.0	6.2048368229954285	38.5	255.0	127.5	127.5	0.0	25.5	63.75	191.25	229.5	74.04503134354572	5482.666666666667	255	127.5	127.5	0	25.5	63.75	191.25	229.5	74.04503134354572	5482.666666666667																																																			L455
28032023--s--Lm--st--L455--p--C08--pos002--tm--24--ch--Syto9--z--21	256.0	128.5	128.5	1.0	26.5	64.75	192.25	230.5	74.04503134354572	5482.666666666667	256	128.5	128.5	1	26.5	64.75	192.25	230.5	74.04503134354572	5482.666666666667																					0.69	0.3509523809523809	0.316	0.034	0.1	0.183	0.572	0.633	0.2129266249651452	0.0453377476190476																					0.024	0.0235238095238095	0.024	0.021	0.023	0.023	0.024	0.024	0.0009283882603225	8.61904761904765e-07	5195.0	2673.5238095238096	2388.0	300.0	792.0	1414.0	4270.0	4825.0	1598.2751521264297	2554483.4619047623	14218.0	4096.0	1347.0	1.0	17.0	88.75	8344.5	12167.5	4835.673068304905	23383734.023529377	10492	4096.0	2799.0	15	120.0	442.25	8145.75	9692.0	3774.0684200496	14243592.43921568																																																													271.178	270.5811428571428	270.55	269.725	270.245	270.381	270.801	271.019	0.3546549429677019	0.1257801285714239																					slice_0021	slice_0001																																									125.606	63.91552380952381	57.523	6.27	18.271	33.329	104.261	115.203	38.76706035878791	1502.884968861905	255.0	127.5	127.5	0.0	25.5	63.75	191.25	229.5	74.04503134354572	5482.666666666667	255	127.5	127.5	0	25.5	63.75	191.25	229.5	74.04503134354572	5482.666666666667											20	10.0	10.0	0	2.0	5.0	15.0	18.0	6.2048368229954285	38.5	255.0	127.5	127.5	0.0	25.5	63.75	191.25	229.5	74.04503134354572	5482.666666666667	255	127.5	127.5	0	25.5	63.75	191.25	229.5	74.04503134354572	5482.666666666667																																																			L455
28032023--s--Lm--st--L455--p--C08--pos003--tm--24--ch--Syto9--z--21	256.0	128.5	128.5	1.0	26.5	64.75	192.25	230.5	74.04503134354572	5482.666666666667	256	128.5	128.5	1	26.5	64.75	192.25	230.5	74.04503134354572	5482.666666666667																					1.606	0.6624761904761904	0.441	0.006	0.014	0.025	1.428	1.562	0.66799263611567	0.4462141619047618																					0.026	0.0244761904761904	0.025	0.021	0.022	0.023	0.026	0.026	0.0017498299237082	3.061904761904767e-06	11323.0	4681.571428571428	3100.0	53.0	110.0	202.0	10097.0	11104.0	4704.366456510681	22131063.75714286	10492.0	4096.0	2799.0	15.0	120.0	442.25	8145.75	9692.0	3774.0684200496	14243592.43921568	14784	4096.0	3755.5	2	606.0	1227.75	7086.75	7877.0	2887.0515674198086	8335066.752941173																																																													272.955	271.46	271.466	270.02	270.858	271.018	271.751	272.108	0.6448505253157494	0.4158321999999979																					slice_0021	slice_0001																																									292.393	120.6464761904762	80.397	1.094	2.553	4.603	260.123	284.542	121.64185714490674	14796.7414096619	255.0	127.5	127.5	0.0	25.5	63.75	191.25	229.5	74.04503134354572	5482.666666666667	255	127.5	127.5	0	25.5	63.75	191.25	229.5	74.04503134354572	5482.666666666667											20	10.0	10.0	0	2.0	5.0	15.0	18.0	6.2048368229954285	38.5	255.0	127.5	127.5	0.0	25.5	63.75	191.25	229.5	74.04503134354572	5482.666666666667	255	127.5	127.5	0	25.5	63.75	191.25	229.5	74.04503134354572	5482.666666666667																																																			L455
28032023--s--Lm--st--L455--p--C08--pos004--tm--24--ch--Syto9--z--21	256.0	128.5	128.5	1.0	26.5	64.75	192.25	230.5	74.04503134354572	5482.666666666667	256	128.5	128.5	1	26.5	64.75	192.25	230.5	74.04503134354572	5482.666666666667																					1.211	0.6187619047619047	0.75	0.025	0.031	0.07	1.097	1.18	0.4793673857034815	0.2297930904761904																					0.026	0.0241904761904761	0.025	0.021	0.022	0.023	0.025	0.025	0.0014359334113756	2.0619047619047687e-06	8863.0	4508.761904761905	5462.0	210.0	231.0	542.0	7970.0	8417.0	3463.3376951253526	11994707.99047619	14784.0	4096.0	3755.5	2.0	606.0	1227.75	7086.75	7877.0	2887.0515674198086	8335066.752941173	8433	4096.0	3732.0	7	403.0	1015.75	7342.75	8167.0	3010.3494123296914	9062203.58431372																																																													271.652	270.978380952381	270.98	270.376	270.615	270.714	271.178	271.399	0.3409003485170891	0.1162130476190728																					slice_0021	slice_0001																																									220.593	112.69195238095236	136.566	4.481	5.61	12.679	199.803	214.965	87.3192244373919	7624.646956347618	255.0	127.5	127.5	0.0	25.5	63.75	191.25	229.5	74.04503134354572	5482.666666666667	255	127.5	127.5	0	25.5	63.75	191.25	229.5	74.04503134354572	5482.666666666667											20	10.0	10.0	0	2.0	5.0	15.0	18.0	6.2048368229954285	38.5	255.0	127.5	127.5	0.0	25.5	63.75	191.25	229.5	74.04503134354572	5482.666666666667	255	127.5	127.5	0	25.5	63.75	191.25	229.5	74.04503134354572	5482.666666666667																																																			L455
28032023--s--Lm--st--L455--p--C08--pos005--tm--24--ch--Syto9--z--21	256.0	128.5	128.5	1.0	26.5	64.75	192.25	230.5	74.04503134354572	5482.666666666667	256	128.5	128.5	1	26.5	64.75	192.25	230.5	74.04503134354572	5482.666666666667																					1.397	0.7206190476190476	0.931	0.003	0.01	0.048	1.259	1.338	0.5725185129050829	0.3277774476190476																					0.026	0.0248095238095238	0.025	0.019	0.023	0.025	0.026	0.026	0.0016917165134574	2.8619047619047628e-06	9891.0	5134.571428571428	6477.0	27.0	69.0	381.0	9168.0	9570.0	4088.184322794517	16713251.057142856	8433.0	4096.0	3732.0	7.0	403.0	1015.75	7342.75	8167.0	3010.3494123296914	9062203.58431372	8228	4096.0	4015.5	2	372.0	992.5	7298.75	7791.0	2944.960711479333	8672793.592156863																																																													273.048	271.2394761904762	271.261	267.389	270.465	270.77	271.88	272.449	1.2736473852306098	1.6221776619047694																					slice_0021	slice_0001																																									254.443	131.2477142857143	169.496	0.521	1.754	8.823	229.225	243.762	104.27874163948414	10874.055957914285	255.0	127.5	127.5	0.0	25.5	63.75	191.25	229.5	74.04503134354572	5482.666666666667	255	127.5	127.5	0	25.5	63.75	191.25	229.5	74.04503134354572	5482.666666666667											20	10.0	10.0	0	2.0	5.0	15.0	18.0	6.2048368229954285	38.5	255.0	127.5	127.5	0.0	25.5	63.75	191.25	229.5	74.04503134354572	5482.666666666667	255	127.5	127.5	0	25.5	63.75	191.25	229.5	74.04503134354572	5482.666666666667																																																			L455
28032023--s--Lm--st--L455--p--D03--pos001--tm--24--ch--Syto9--z--21	256.0	128.5	128.5	1.0	26.5	64.75	192.25	230.5	74.04503134354572	5482.666666666667	256	128.5	128.5	1	26.5	64.75	192.25	230.5	74.04503134354572	5482.666666666667																					1.223	0.7415714285714285	0.869	0.024	0.047	0.234	1.103	1.202	0.4586398992050923	0.2103505571428572																					0.026	0.0245714285714285	0.025	0.021	0.022	0.025	0.025	0.026	0.0014687215042828	2.157142857142861e-06	8707.0	5342.666666666667	6415.0	197.0	391.0	1722.0	7940.0	8579.0	3263.9731208043568	10653520.533333331	8228.0	4096.0	4015.5	2.0	372.0	992.5	7298.75	7791.0	2944.960711479333	8672793.592156863	10820	4096.0	3261.0	3	422.5	925.5	6933.5	9051.0	3320.3586647748016	11024781.662745103																																																													271.587	270.8875238095238	270.817	270.186	270.339	270.618	271.281	271.462	0.4509876516100848	0.2033898619047792																					slice_0021	slice_0001																																									222.694	135.05461904761904	158.258	4.325	8.58	42.674	200.915	218.96	83.52024457966834	6975.631254647618	255.0	127.5	127.5	0.0	25.5	63.75	191.25	229.5	74.04503134354572	5482.666666666667	255	127.5	127.5	0	25.5	63.75	191.25	229.5	74.04503134354572	5482.666666666667											20	10.0	10.0	0	2.0	5.0	15.0	18.0	6.2048368229954285	38.5	255.0	127.5	127.5	0.0	25.5	63.75	191.25	229.5	74.04503134354572	5482.666666666667	255	127.5	127.5	0	25.5	63.75	191.25	229.5	74.04503134354572	5482.666666666667																																																			L455
28032023--s--Lm--st--L455--p--D03--pos002--tm--24--ch--Syto9--z--21	256.0	128.5	128.5	1.0	26.5	64.75	192.25	230.5	74.04503134354572	5482.666666666667	256	128.5	128.5	1	26.5	64.75	192.25	230.5	74.04503134354572	5482.666666666667																					1.086	0.5564761904761905	0.516	0.06	0.151	0.344	0.803	0.968	0.3126006428412486	0.0977191619047618																					0.025	0.0242380952380952	0.024	0.023	0.023	0.024	0.025	0.025	0.000700340053457	4.904761904761895e-07	7863.0	4130.809523809524	3782.0	470.0	1164.0	2633.0	5985.0	7042.0	2248.930781928328	5057689.661904762	10820.0	4096.0	3261.0	3.0	422.5	925.5	6933.5	9051.0	3320.3586647748016	11024781.662745103	14231	4096.0	2805.5	11	428.5	931.5	6355.0	9903.5	3745.5324603805934	14029013.411764702																																																													271.568	270.63123809523813	270.503	269.795	270.244	270.292	270.875	271.214	0.4359598496148115	0.1900609904761691																					slice_0021	slice_0001																																									197.736	101.33723809523808	93.892	10.925	27.511	62.63	146.17	176.321	56.92966508061045	3240.9867661904764	255.0	127.5	127.5	0.0	25.5	63.75	191.25	229.5	74.04503134354572	5482.666666666667	255	127.5	127.5	0	25.5	63.75	191.25	229.5	74.04503134354572	5482.666666666667											20	10.0	10.0	0	2.0	5.0	15.0	18.0	6.2048368229954285	38.5	255.0	127.5	127.5	0.0	25.5	63.75	191.25	229.5	74.04503134354572	5482.666666666667	255	127.5	127.5	0	25.5	63.75	191.25	229.5	74.04503134354572	5482.666666666667																																																			L455
28032023--s--Lm--st--L455--p--D03--pos003--tm--24--ch--Syto9--z--21	256.0	128.5	128.5	1.0	26.5	64.75	192.25	230.5	74.04503134354572	5482.666666666667	256	128.5	128.5	1	26.5	64.75	192.25	230.5	74.04503134354572	5482.666666666667																					1.176	0.5718571428571428	0.56	0.05	0.058	0.202	0.9	1.128	0.3991295886944847	0.1593044285714285																					0.025	0.0239523809523809	0.024	0.022	0.022	0.023	0.025	0.025	0.0010712698295103	1.1476190476190517e-06	8456.0	4249.285714285715	4208.0	402.0	481.0	1597.0	6659.0	8288.0	2892.711170214841	8367777.914285715	14231.0	4096.0	2805.5	11.0	428.5	931.5	6355.0	9903.5	3745.5324603805934	14029013.411764702	11200	4096.0	3410.0	8	324.0	878.5	6978.75	8753.5	3337.128808175217	11136428.682352943																																																													271.188	270.5834285714286	270.659	269.667	270.066	270.255	270.918	271.029	0.4099643364280201	0.1680707571428668																					slice_0021	slice_0001																																									214.184	104.14028571428572	102.02	9.101	10.49	36.873	163.886	205.448	72.70394815286365	5285.864077014286	255.0	127.5	127.5	0.0	25.5	63.75	191.25	229.5	74.04503134354572	5482.666666666667	255	127.5	127.5	0	25.5	63.75	191.25	229.5	74.04503134354572	5482.666666666667											20	10.0	10.0	0	2.0	5.0	15.0	18.0	6.2048368229954285	38.5	255.0	127.5	127.5	0.0	25.5	63.75	191.25	229.5	74.04503134354572	5482.666666666667	255	127.5	127.5	0	25.5	63.75	191.25	229.5	74.04503134354572	5482.666666666667																																																			L455
28032023--s--Lm--st--L455--p--D03--pos004--tm--24--ch--Syto9--z--21	256.0	128.5	128.5	1.0	26.5	64.75	192.25	230.5	74.04503134354572	5482.666666666667	256	128.5	128.5	1	26.5	64.75	192.25	230.5	74.04503134354572	5482.666666666667																					1.66	0.7851904761904762	1.004	0.016	0.024	0.047	1.442	1.534	0.6621334169974824	0.4384206619047619																					0.026	0.0245714285714285	0.025	0.022	0.022	0.023	0.026	0.026	0.0015023790657297	2.2571428571428537e-06	11688.0	5614.666666666667	6950.0	133.0	185.0	362.0	10331.0	10961.0	4708.332818879028	22168397.933333337	11200.0	4096.0	3410.0	8.0	324.0	878.5	6978.75	8753.5	3337.128808175217	11136428.682352943	12930	4096.0	1784.5	12	92.0	279.5	7932.25	11693.5	4480.64958525908	20076220.70588236																																																													273.743	271.42390476190474	271.315	270.279	270.587	271.034	271.758	272.284	0.796182133984535	0.633905990476168																					slice_0021	slice_0001																																									302.275	142.9877619047619	182.886	2.97	4.325	8.51	262.676	279.28	120.58285422973896	14540.224734190477	255.0	127.5	127.5	0.0	25.5	63.75	191.25	229.5	74.04503134354572	5482.666666666667	255	127.5	127.5	0	25.5	63.75	191.25	229.5	74.04503134354572	5482.666666666667											20	10.0	10.0	0	2.0	5.0	15.0	18.0	6.2048368229954285	38.5	255.0	127.5	127.5	0.0	25.5	63.75	191.25	229.5	74.04503134354572	5482.666666666667	255	127.5	127.5	0	25.5	63.75	191.25	229.5	74.04503134354572	5482.666666666667																																																			L455
28032023--s--Lm--st--L455--p--D03--pos005--tm--24--ch--Syto9--z--21	256.0	128.5	128.5	1.0	26.5	64.75	192.25	230.5	74.04503134354572	5482.666666666667	256	128.5	128.5	1	26.5	64.75	192.25	230.5	74.04503134354572	5482.666666666667																					1.095	0.6066190476190476	0.741	0.041	0.078	0.152	0.96	1.05	0.397846386962415	0.1582817476190476																					0.025	0.0239047619047619	0.024	0.021	0.022	0.023	0.025	0.025	0.0013001831372834	1.6904761904761915e-06	7879.0	4462.9047619047615	5399.0	355.0	649.0	1211.0	7027.0	7603.0	2851.4210300262903	8130601.89047619	12930.0	4096.0	1784.5	12.0	92.0	279.5	7932.25	11693.5	4480.64958525908	20076220.70588236	12603	4096.0	1548.0	2	54.0	191.25	8536.75	11806.0	4613.854717788886	21287655.35686276																																																													271.056	270.5599523809524	270.617	269.568	270.11	270.318	270.843	270.992	0.3912336228125749	0.1530637476190521																					slice_0021	slice_0001																																									199.456	110.45804761904762	134.864	7.555	14.259	27.633	174.828	191.154	72.43810424595345	5247.27894674762	255.0	127.5	127.5	0.0	25.5	63.75	191.25	229.5	74.04503134354572	5482.666666666667	255	127.5	127.5	0	25.5	63.75	191.25	229.5	74.04503134354572	5482.666666666667											20	10.0	10.0	0	2.0	5.0	15.0	18.0	6.2048368229954285	38.5	255.0	127.5	127.5	0.0	25.5	63.75	191.25	229.5	74.04503134354572	5482.666666666667	255	127.5	127.5	0	25.5	63.75	191.25	229.5	74.04503134354572	5482.666666666667																																																			L455
28032023--s--Lm--st--L455--p--D04--pos001--tm--24--ch--Syto9--z--21	256.0	128.5	128.5	1.0	26.5	64.75	192.25	230.5	74.04503134354572	5482.666666666667	256	128.5	128.5	1	26.5	64.75	192.25	230.5	74.04503134354572	5482.666666666667																					0.449	0.2366666666666666	0.235	0.018	0.025	0.111	0.357	0.435	0.1506759215446626	0.0227032333333333																					0.025	0.0233333333333333	0.024	0.02	0.021	0.023	0.024	0.025	0.0013904435743076	1.933333333333342e-06	3425.0	1811.142857142857	1730.0	171.0	212.0	819.0	2743.0	3384.0	1149.1005737407968	1320432.1285714286	12603.0	4096.0	1548.0	2.0	54.0	191.25	8536.75	11806.0	4613.854717788886	21287655.35686276	15249	4096.0	595.0	0	0.5	4.0	8565.75	13462.0	5314.116862050495	28239838.023529403																																																													272.093	270.78157142857145	270.684	269.967	270.29	270.505	271.025	271.255	0.4680393756329301	0.219060857142863																					Ch1	Ch1																																									81.717	43.11180952380952	42.812	3.352	4.55	20.199	65.096	79.216	27.432816843370365	752.5594399619048	255.0	127.5	127.5	0.0	25.5	63.75	191.25	229.5	74.04503134354572	5482.666666666667	255	127.5	127.5	0	25.5	63.75	191.25	229.5	74.04503134354572	5482.666666666667											20	10.0	10.0	0	2.0	5.0	15.0	18.0	6.2048368229954285	38.5	255.0	127.5	127.5	0.0	25.5	63.75	191.25	229.5	74.04503134354572	5482.666666666667	255	127.5	127.5	0	25.5	63.75	191.25	229.5	74.04503134354572	5482.666666666667																																																			L455
28032023--s--Lm--st--L455--p--D04--pos002--tm--24--ch--Syto9--z--21	256.0	128.5	128.5	1.0	26.5	64.75	192.25	230.5	74.04503134354572	5482.666666666667	256	128.5	128.5	1	26.5	64.75	192.25	230.5	74.04503134354572	5482.666666666667																					0.476	0.2301904761904761	0.196	0.014	0.027	0.114	0.336	0.456	0.1531511080755275	0.0234552619047619																					0.025	0.0235714285714285	0.024	0.021	0.021	0.023	0.024	0.025	0.0012071217242444	1.457142857142857e-06	3606.0	1755.6666666666667	1465.0	121.0	229.0	835.0	2554.0	3491.0	1165.7863154683766	1359057.7333333332	15249.0	4096.0	595.0	0.0	0.5	4.0	8565.75	13462.0	5314.116862050495	28239838.023529403	12905	4096.0	1447.0	0	5.0	44.75	8513.25	11794.0	4681.832357896956	21919554.22745097																																																													271.318	270.255	270.369	268.339	269.721	270.096	270.529	270.706	0.5979613699897075	0.3575577999999679																					slice_0021	slice_0001																																									86.65	41.91509523809524	35.605	2.518	4.828	20.842	61.24	83.002	27.89082337060841	777.8980282904762	255.0	127.5	127.5	0.0	25.5	63.75	191.25	229.5	74.04503134354572	5482.666666666667	255	127.5	127.5	0	25.5	63.75	191.25	229.5	74.04503134354572	5482.666666666667											20	10.0	10.0	0	2.0	5.0	15.0	18.0	6.2048368229954285	38.5	255.0	127.5	127.5	0.0	25.5	63.75	191.25	229.5	74.04503134354572	5482.666666666667	255	127.5	127.5	0	25.5	63.75	191.25	229.5	74.04503134354572	5482.666666666667																																																			L455
28032023--s--Lm--st--L455--p--D04--pos003--tm--24--ch--Syto9--z--21	256.0	128.5	128.5	1.0	26.5	64.75	192.25	230.5	74.04503134354572	5482.666666666667	256	128.5	128.5	1	26.5	64.75	192.25	230.5	74.04503134354572	5482.666666666667																					0.725	0.4241428571428571	0.45	0.029	0.047	0.232	0.635	0.684	0.2425752018888752	0.0588427285714285																					0.024	0.0233333333333333	0.024	0.021	0.022	0.023	0.024	0.024	0.0010165300454651	1.0333333333333344e-06	5515.0	3233.4761904761904	3403.0	243.0	403.0	1801.0	4827.0	5194.0	1815.4607574675808	3295897.761904762	12905.0	4096.0	1447.0	0.0	5.0	44.75	8513.25	11794.0	4681.832357896956	21919554.22745097	17839	4096.0	282.0	0	1.0	6.0	7191.5	15230.0	5972.275283570333	35668072.0627451																																																													270.969	270.2488571428571	270.437	268.462	269.695	270.202	270.597	270.734	0.6276474556400524	0.3939413285714315																					slice_0021	slice_0001																																									131.963	77.24109523809523	81.978	5.297	8.632	42.291	115.689	124.582	44.15954327764811	1950.0652624904765	255.0	127.5	127.5	0.0	25.5	63.75	191.25	229.5	74.04503134354572	5482.666666666667	255	127.5	127.5	0	25.5	63.75	191.25	229.5	74.04503134354572	5482.666666666667											20	10.0	10.0	0	2.0	5.0	15.0	18.0	6.2048368229954285	38.5	255.0	127.5	127.5	0.0	25.5	63.75	191.25	229.5	74.04503134354572	5482.666666666667	255	127.5	127.5	0	25.5	63.75	191.25	229.5	74.04503134354572	5482.666666666667																																																			L455
28032023--s--Lm--st--L455--p--D04--pos004--tm--24--ch--Syto9--z--21	256.0	128.5	128.5	1.0	26.5	64.75	192.25	230.5	74.04503134354572	5482.666666666667	256	128.5	128.5	1	26.5	64.75	192.25	230.5	74.04503134354572	5482.666666666667																					0.743	0.3871904761904762	0.374	0.035	0.073	0.194	0.584	0.699	0.2320199601430055	0.0538332619047619																					0.024	0.0235238095238095	0.024	0.021	0.022	0.023	0.024	0.024	0.0008728715609439	7.619047619047627e-07	5622.0	2948.904761904762	2878.0	299.0	600.0	1553.0	4407.0	5234.0	1724.0220098583982	2972251.8904761905	17839.0	4096.0	282.0	0.0	1.0	6.0	7191.5	15230.0	5972.275283570333	35668072.0627451	23323	4096.0	183.0	0	1.0	5.75	4772.5	17215.5	6928.906008208532	48009738.47058828																																																													271.021	270.332	270.451	269.625	269.798	270.15	270.569	270.609	0.3479022851318952	0.1210359999999945																					slice_0021	slice_0001																																									135.402	70.5337142857143	68.17	6.444	13.339	35.309	106.432	127.343	42.24622446224379	1784.7434813142856	255.0	127.5	127.5	0.0	25.5	63.75	191.25	229.5	74.04503134354572	5482.666666666667	255	127.5	127.5	0	25.5	63.75	191.25	229.5	74.04503134354572	5482.666666666667											20	10.0	10.0	0	2.0	5.0	15.0	18.0	6.2048368229954285	38.5	255.0	127.5	127.5	0.0	25.5	63.75	191.25	229.5	74.04503134354572	5482.666666666667	255	127.5	127.5	0	25.5	63.75	191.25	229.5	74.04503134354572	5482.666666666667																																																			L455
28032023--s--Lm--st--L455--p--D04--pos005--tm--24--ch--Syto9--z--21	256.0	128.5	128.5	1.0	26.5	64.75	192.25	230.5	74.04503134354572	5482.666666666667	256	128.5	128.5	1	26.5	64.75	192.25	230.5	74.04503134354572	5482.666666666667																					0.785	0.395	0.392	0.02	0.033	0.235	0.549	0.748	0.2498193347201132	0.0624097																					0.024	0.0233809523809523	0.024	0.02	0.021	0.024	0.024	0.024	0.0012440333788202	1.5476190476190476e-06	5854.0	3000.3809523809523	3016.0	184.0	286.0	1819.0	4148.0	5606.0	1856.1064214152827	3445131.047619048	23323.0	4096.0	183.0	0.0	1.0	5.75	4772.5	17215.5	6928.906008208532	48009738.47058828	15080	4096.0	688.5	1	5.0	21.75	8619.75	13354.0	5298.896776040958	28078307.04313725																																																													271.432	270.50614285714283	270.483	269.854	270.179	270.25	270.625	270.985	0.3625989914098387	0.1314780285714323																					slice_0021	slice_0001																																									142.94	71.919	71.418	3.682	5.957	42.76	99.902	136.201	45.50229156097526	2070.4585373	255.0	127.5	127.5	0.0	25.5	63.75	191.25	229.5	74.04503134354572	5482.666666666667	255	127.5	127.5	0	25.5	63.75	191.25	229.5	74.04503134354572	5482.666666666667											20	10.0	10.0	0	2.0	5.0	15.0	18.0	6.2048368229954285	38.5	255.0	127.5	127.5	0.0	25.5	63.75	191.25	229.5	74.04503134354572	5482.666666666667	255	127.5	127.5	0	25.5	63.75	191.25	229.5	74.04503134354572	5482.666666666667																																																			L455
28032023--s--Lm--st--L455--p--D06--pos001--tm--24--ch--Syto9--z--21	256.0	128.5	128.5	1.0	26.5	64.75	192.25	230.5	74.04503134354572	5482.666666666667	256	128.5	128.5	1	26.5	64.75	192.25	230.5	74.04503134354572	5482.666666666667																					0.826	0.4479523809523809	0.533	0.007	0.013	0.139	0.708	0.793	0.2971848711140047	0.0883188476190476																					0.025	0.0234285714285714	0.024	0.02	0.021	0.024	0.024	0.024	0.0013989792196965	1.9571428571428536e-06	6170.0	3364.2380952380954	3988.0	64.0	122.0	1078.0	5278.0	5898.0	2211.003118603904	4888534.79047619	15080.0	4096.0	688.5	1.0	5.0	21.75	8619.75	13354.0	5298.896776040958	28078307.04313725	11395	4096.0	4486.0	6	707.5	1684.25	6313.75	6881.5	2384.462150888456	5685659.749019601																																																													271.862	270.5874285714286	270.528	268.893	269.965	270.302	270.996	271.675	0.719613477599524	0.5178435571428806																					slice_0021	slice_0001																																									150.495	81.59309523809523	97.14	1.285	2.449	25.34	129.028	144.486	54.13340950642659	2930.4260247904767	255.0	127.5	127.5	0.0	25.5	63.75	191.25	229.5	74.04503134354572	5482.666666666667	255	127.5	127.5	0	25.5	63.75	191.25	229.5	74.04503134354572	5482.666666666667											20	10.0	10.0	0	2.0	5.0	15.0	18.0	6.2048368229954285	38.5	255.0	127.5	127.5	0.0	25.5	63.75	191.25	229.5	74.04503134354572	5482.666666666667	255	127.5	127.5	0	25.5	63.75	191.25	229.5	74.04503134354572	5482.666666666667																																																			L455
28032023--s--Lm--st--L455--p--D06--pos002--tm--24--ch--Syto9--z--21	256.0	128.5	128.5	1.0	26.5	64.75	192.25	230.5	74.04503134354572	5482.666666666667	256	128.5	128.5	1	26.5	64.75	192.25	230.5	74.04503134354572	5482.666666666667																					0.961	0.4917142857142857	0.46	0.056	0.099	0.253	0.791	0.92	0.3033412505507852	0.0920159142857142																					0.025	0.0237619047619047	0.024	0.022	0.022	0.023	0.024	0.025	0.0009436504599035	8.904761904761927e-07	7148.0	3696.904761904762	3496.0	461.0	802.0	1925.0	5810.0	6807.0	2220.924760201523	4932506.790476192	11395.0	4096.0	4486.0	6.0	707.5	1684.25	6313.75	6881.5	2384.462150888456	5685659.749019601	11666	4096.0	3476.5	33	517.0	1133.5	6534.75	8605.5	3139.6265233117047	9857254.70588234																																																													271.172	270.55257142857147	270.644	269.65	270.026	270.275	270.868	271.073	0.4339090424764779	0.1882770571428538																					slice_0021	slice_0001																																									175.036	89.54190476190476	83.819	10.108	17.993	46.13	144.138	167.464	55.24322997789391	3051.814458390477	255.0	127.5	127.5	0.0	25.5	63.75	191.25	229.5	74.04503134354572	5482.666666666667	255	127.5	127.5	0	25.5	63.75	191.25	229.5	74.04503134354572	5482.666666666667											20	10.0	10.0	0	2.0	5.0	15.0	18.0	6.2048368229954285	38.5	255.0	127.5	127.5	0.0	25.5	63.75	191.25	229.5	74.04503134354572	5482.666666666667	255	127.5	127.5	0	25.5	63.75	191.25	229.5	74.04503134354572	5482.666666666667																																																			L455
28032023--s--Lm--st--L455--p--D06--pos003--tm--24--ch--Syto9--z--21	256.0	128.5	128.5	1.0	26.5	64.75	192.25	230.5	74.04503134354572	5482.666666666667	256	128.5	128.5	1	26.5	64.75	192.25	230.5	74.04503134354572	5482.666666666667																					1.119	0.5338095238095237	0.478	0.028	0.05	0.125	0.872	1.011	0.3858821865605639	0.1489050619047618																					0.025	0.0237142857142857	0.024	0.022	0.022	0.023	0.025	0.025	0.0010555973258234	1.1142857142857183e-06	8146.0	3981.571428571429	3628.0	225.0	400.0	1013.0	6484.0	7477.0	2802.45033089667	7853727.857142856	11666.0	4096.0	3476.5	33.0	517.0	1133.5	6534.75	8605.5	3139.6265233117047	9857254.70588234	11216	4096.0	2361.0	17	138.0	434.5	8358.5	10188.0	3939.5578800413728	15520116.290196074																																																													271.94	270.6129047619048	270.593	269.912	269.958	270.389	270.815	271.318	0.5062647434655204	0.2563039904762092																					slice_0021	slice_0001																																									203.728	97.21361904761903	87.032	5.089	9.118	22.735	158.797	184.033	70.26975124082637	4937.837939447619	255.0	127.5	127.5	0.0	25.5	63.75	191.25	229.5	74.04503134354572	5482.666666666667	255	127.5	127.5	0	25.5	63.75	191.25	229.5	74.04503134354572	5482.666666666667											20	10.0	10.0	0	2.0	5.0	15.0	18.0	6.2048368229954285	38.5	255.0	127.5	127.5	0.0	25.5	63.75	191.25	229.5	74.04503134354572	5482.666666666667	255	127.5	127.5	0	25.5	63.75	191.25	229.5	74.04503134354572	5482.666666666667																																																			L455
28032023--s--Lm--st--L455--p--D06--pos004--tm--24--ch--Syto9--z--21	256.0	128.5	128.5	1.0	26.5	64.75	192.25	230.5	74.04503134354572	5482.666666666667	256	128.5	128.5	1	26.5	64.75	192.25	230.5	74.04503134354572	5482.666666666667																					0.619	0.2768571428571428	0.201	0.08	0.097	0.116	0.391	0.573	0.1871281073794863	0.0350169285714285																					0.024	0.0231904761904761	0.023	0.022	0.022	0.023	0.024	0.024	0.0008135752957807	6.61904761904763e-07	4726.0	2138.904761904762	1558.0	656.0	802.0	927.0	3026.0	4350.0	1400.595869791208	1961668.7904761904	11216.0	4096.0	2361.0	17.0	138.0	434.5	8358.5	10188.0	3939.5578800413728	15520116.290196074	14412	4096.0	2650.0	27	228.0	571.25	7094.75	9786.5	3956.521789970305	15654064.674509823																																																													271.672	270.29176190476187	270.247	269.573	269.756	270.105	270.453	270.562	0.4255540981781365	0.181096290476207																					slice_0021	slice_0001																																									112.754	50.42480952380953	36.595	14.659	17.663	21.172	71.123	104.348	34.07762186482362	1161.284311961905	255.0	127.5	127.5	0.0	25.5	63.75	191.25	229.5	74.04503134354572	5482.666666666667	255	127.5	127.5	0	25.5	63.75	191.25	229.5	74.04503134354572	5482.666666666667											20	10.0	10.0	0	2.0	5.0	15.0	18.0	6.2048368229954285	38.5	255.0	127.5	127.5	0.0	25.5	63.75	191.25	229.5	74.04503134354572	5482.666666666667	255	127.5	127.5	0	25.5	63.75	191.25	229.5	74.04503134354572	5482.666666666667																																																			L455
28032023--s--Lm--st--L455--p--D06--pos005--tm--24--ch--Syto9--z--21	256.0	128.5	128.5	1.0	26.5	64.75	192.25	230.5	74.04503134354572	5482.666666666667	256	128.5	128.5	1	26.5	64.75	192.25	230.5	74.04503134354572	5482.666666666667																					1.307	0.7367619047619047	0.869	0.017	0.028	0.205	1.204	1.283	0.4903503752177523	0.2404434904761905																					0.026	0.0243333333333333	0.025	0.02	0.022	0.024	0.025	0.026	0.0017416467303484	3.0333333333333404e-06	9292.0	5314.857142857143	6431.0	154.0	247.0	1502.0	8482.0	9137.0	3484.1594292700543	12139366.92857143	14412.0	4096.0	2650.0	27.0	228.0	571.25	7094.75	9786.5	3956.521789970305	15654064.674509823	9841	4096.0	3417.5	4	289.0	718.75	7464.75	8784.5	3321.041616663037	11029317.419607842																																																													271.677	270.8589523809524	271.039	268.822	270.349	270.498	271.301	271.376	0.6486360671586681	0.4207287476190641																					slice_0021	slice_0001																																									237.996	134.1714761904762	158.293	3.144	5.176	37.307	219.36	233.567	89.29432260430619	7973.476049361906	255.0	127.5	127.5	0.0	25.5	63.75	191.25	229.5	74.04503134354572	5482.666666666667	255	127.5	127.5	0	25.5	63.75	191.25	229.5	74.04503134354572	5482.666666666667											20	10.0	10.0	0	2.0	5.0	15.0	18.0	6.2048368229954285	38.5	255.0	127.5	127.5	0.0	25.5	63.75	191.25	229.5	74.04503134354572	5482.666666666667	255	127.5	127.5	0	25.5	63.75	191.25	229.5	74.04503134354572	5482.666666666667																																																			L455
28032023--s--Lm--st--L455--p--D07--pos001--tm--24--ch--Syto9--z--21	256.0	128.5	128.5	1.0	26.5	64.75	192.25	230.5	74.04503134354572	5482.666666666667	256	128.5	128.5	1	26.5	64.75	192.25	230.5	74.04503134354572	5482.666666666667																					0.944	0.465	0.423	0.035	0.103	0.219	0.722	0.869	0.300488435717583	0.0902932999999999																					0.025	0.0239047619047619	0.024	0.021	0.023	0.024	0.024	0.025	0.0009952267030562	9.904761904761957e-07	6955.0	3482.6666666666665	3217.0	302.0	826.0	1648.0	5392.0	6394.0	2198.874969918329	4835051.133333335	9841.0	4096.0	3417.5	4.0	289.0	718.75	7464.75	8784.5	3321.041616663037	11029317.419607842	10670	4096.0	3372.0	5	379.0	974.5	6974.5	8824.0	3230.6284194121945	10436959.984313734																																																													270.965	270.5516666666667	270.577	269.816	270.12	270.452	270.809	270.949	0.3281285317270311	0.1076683333333372																					Ch1	Ch1																																									171.962	84.6812380952381	77.028	6.322	18.827	39.877	131.442	158.189	54.72380007812392	2994.694294990476	255.0	127.5	127.5	0.0	25.5	63.75	191.25	229.5	74.04503134354572	5482.666666666667	255	127.5	127.5	0	25.5	63.75	191.25	229.5	74.04503134354572	5482.666666666667											20	10.0	10.0	0	2.0	5.0	15.0	18.0	6.2048368229954285	38.5	255.0	127.5	127.5	0.0	25.5	63.75	191.25	229.5	74.04503134354572	5482.666666666667	255	127.5	127.5	0	25.5	63.75	191.25	229.5	74.04503134354572	5482.666666666667																																																			L455
28032023--s--Lm--st--L455--p--D07--pos002--tm--24--ch--Syto9--z--21	256.0	128.5	128.5	1.0	26.5	64.75	192.25	230.5	74.04503134354572	5482.666666666667	256	128.5	128.5	1	26.5	64.75	192.25	230.5	74.04503134354572	5482.666666666667																					0.836	0.4311904761904762	0.42	0.055	0.081	0.245	0.632	0.81	0.2589827444150708	0.0670720619047618																					0.025	0.0236190476190476	0.024	0.021	0.023	0.023	0.024	0.024	0.0009206622874969	8.476190476190493e-07	6185.0	3261.285714285714	3165.0	463.0	682.0	1881.0	4724.0	6037.0	1909.0716105703616	3644554.414285714	10670.0	4096.0	3372.0	5.0	379.0	974.5	6974.5	8824.0	3230.6284194121945	10436959.984313734	12508	4096.0	2942.5	13	207.5	632.75	7189.75	9553.0	3684.6499948181936	13576645.584313717																																																													271.045	270.46385714285714	270.455	269.406	270.163	270.328	270.715	270.857	0.3448849497606822	0.1189456285714282																					slice_0021	slice_0001																																									152.284	78.51466666666667	76.489	9.952	14.746	44.532	115.133	147.577	47.18114835327064	2226.060759933333	255.0	127.5	127.5	0.0	25.5	63.75	191.25	229.5	74.04503134354572	5482.666666666667	255	127.5	127.5	0	25.5	63.75	191.25	229.5	74.04503134354572	5482.666666666667											20	10.0	10.0	0	2.0	5.0	15.0	18.0	6.2048368229954285	38.5	255.0	127.5	127.5	0.0	25.5	63.75	191.25	229.5	74.04503134354572	5482.666666666667	255	127.5	127.5	0	25.5	63.75	191.25	229.5	74.04503134354572	5482.666666666667																																																			L455
28032023--s--Lm--st--L455--p--D07--pos003--tm--24--ch--Syto9--z--21	256.0	128.5	128.5	1.0	26.5	64.75	192.25	230.5	74.04503134354572	5482.666666666667	256	128.5	128.5	1	26.5	64.75	192.25	230.5	74.04503134354572	5482.666666666667																					1.295	0.6495714285714286	0.773	0.016	0.021	0.046	1.125	1.245	0.5053366770212282	0.2553651571428571																					0.026	0.0241904761904761	0.025	0.022	0.022	0.023	0.025	0.026	0.0014703417160322	2.161904761904762e-06	9373.0	4716.095238095239	5705.0	133.0	177.0	386.0	8334.0	8984.0	3646.2043264847616	13294805.990476193	12508.0	4096.0	2942.5	13.0	207.5	632.75	7189.75	9553.0	3684.6499948181936	13576645.584313717	9902	4096.0	2782.0	3	128.5	436.5	8121.5	9363.5	3701.6912414542144	13702518.047058843																																																													271.818	270.9856666666667	270.939	270.171	270.552	270.619	271.308	271.661	0.4818775086402433	0.2322059333333277																					slice_0021	slice_0001																																									235.825	118.30261904761905	140.734	2.935	3.873	8.371	204.857	226.758	92.02763492586138	8469.08559004762	255.0	127.5	127.5	0.0	25.5	63.75	191.25	229.5	74.04503134354572	5482.666666666667	255	127.5	127.5	0	25.5	63.75	191.25	229.5	74.04503134354572	5482.666666666667											20	10.0	10.0	0	2.0	5.0	15.0	18.0	6.2048368229954285	38.5	255.0	127.5	127.5	0.0	25.5	63.75	191.25	229.5	74.04503134354572	5482.666666666667	255	127.5	127.5	0	25.5	63.75	191.25	229.5	74.04503134354572	5482.666666666667																																																			L455
28032023--s--Lm--st--L455--p--D07--pos004--tm--24--ch--Syto9--z--21	256.0	128.5	128.5	1.0	26.5	64.75	192.25	230.5	74.04503134354572	5482.666666666667	256	128.5	128.5	1	26.5	64.75	192.25	230.5	74.04503134354572	5482.666666666667																					0.775	0.4150952380952381	0.397	0.079	0.106	0.201	0.668	0.734	0.2472543032511072	0.0611346904761904																					0.025	0.0238095238095238	0.024	0.022	0.023	0.023	0.024	0.025	0.0008728715609439	7.619047619047658e-07	5737.0	3129.1428571428573	3050.0	655.0	850.0	1564.0	4999.0	5498.0	1822.8682422411744	3322848.6285714284	9902.0	4096.0	2782.0	3.0	128.5	436.5	8121.5	9363.5	3701.6912414542144	13702518.047058843	14625	4096.0	2948.5	35	352.0	809.5	6720.25	9371.0	3693.9091318696255	13644964.674509816																																																													271.077	270.4890952380952	270.556	269.63	270.123	270.357	270.652	270.729	0.3181884511986575	0.1012438904762004																					slice_0021	slice_0001																																									141.151	75.61509523809524	72.304	14.381	19.244	36.647	121.594	133.648	45.035996781357866	2028.2410060904765	255.0	127.5	127.5	0.0	25.5	63.75	191.25	229.5	74.04503134354572	5482.666666666667	255	127.5	127.5	0	25.5	63.75	191.25	229.5	74.04503134354572	5482.666666666667											20	10.0	10.0	0	2.0	5.0	15.0	18.0	6.2048368229954285	38.5	255.0	127.5	127.5	0.0	25.5	63.75	191.25	229.5	74.04503134354572	5482.666666666667	255	127.5	127.5	0	25.5	63.75	191.25	229.5	74.04503134354572	5482.666666666667																																																			L455
28032023--s--Lm--st--L455--p--D07--pos005--tm--24--ch--Syto9--z--21	256.0	128.5	128.5	1.0	26.5	64.75	192.25	230.5	74.04503134354572	5482.666666666667	256	128.5	128.5	1	26.5	64.75	192.25	230.5	74.04503134354572	5482.666666666667																					1.655	0.8664285714285714	1.036	0.015	0.025	0.082	1.548	1.584	0.6787875640749889	0.4607525571428571																					0.027	0.0252857142857142	0.026	0.023	0.023	0.025	0.026	0.026	0.0013093073414159	1.7142857142857128e-06	11439.0	6053.761904761905	7108.0	115.0	205.0	600.0	10840.0	11168.0	4724.795899345938	22323696.29047619	14625.0	4096.0	2948.5	35.0	352.0	809.5	6720.25	9371.0	3693.9091318696255	13644964.674509816	10997	4096.0	2058.0	2	74.0	251.75	8769.75	10442.0	4162.540519498948	17326743.576470573																																																													273.019	271.3913809523809	271.383	270.35	270.625	270.972	271.716	271.951	0.6412532632423995	0.4112057476190262																					slice_0021	slice_0001																																									301.407	157.78614285714286	188.635	2.709	4.62	14.85	281.954	288.415	123.63163956135406	15284.782300628567	255.0	127.5	127.5	0.0	25.5	63.75	191.25	229.5	74.04503134354572	5482.666666666667	255	127.5	127.5	0	25.5	63.75	191.25	229.5	74.04503134354572	5482.666666666667											20	10.0	10.0	0	2.0	5.0	15.0	18.0	6.2048368229954285	38.5	255.0	127.5	127.5	0.0	25.5	63.75	191.25	229.5	74.04503134354572	5482.666666666667	255	127.5	127.5	0	25.5	63.75	191.25	229.5	74.04503134354572	5482.666666666667																																																			L455
28032023--s--Lm--st--L455--p--D08--pos001--tm--24--ch--Syto9--z--21	256.0	128.5	128.5	1.0	26.5	64.75	192.25	230.5	74.04503134354572	5482.666666666667	256	128.5	128.5	1	26.5	64.75	192.25	230.5	74.04503134354572	5482.666666666667																					0.963	0.4817619047619047	0.584	0.033	0.055	0.087	0.85	0.911	0.3682436563964008	0.1356033904761905																					0.025	0.0238571428571428	0.024	0.022	0.022	0.023	0.025	0.025	0.0012761549390929	1.6285714285714358e-06	7098.0	3576.428571428572	4311.0	274.0	438.0	729.0	6218.0	6677.0	2678.5840209227817	7174812.357142858	10997.0	4096.0	2058.0	2.0	74.0	251.75	8769.75	10442.0	4162.540519498948	17326743.576470573	9696	4096.0	2934.5	15	133.5	460.0	8443.0	9223.5	3647.178494747552	13301910.97254902																																																													271.295	270.6928095238095	270.717	269.996	270.084	270.49	270.947	271.069	0.3680639372510719	0.135471061904761																					slice_0021	slice_0001																																									175.314	87.7357142857143	106.415	5.923	10.074	15.84	154.82	165.831	67.0603158776805	4497.085965614287	255.0	127.5	127.5	0.0	25.5	63.75	191.25	229.5	74.04503134354572	5482.666666666667	255	127.5	127.5	0	25.5	63.75	191.25	229.5	74.04503134354572	5482.666666666667											20	10.0	10.0	0	2.0	5.0	15.0	18.0	6.2048368229954285	38.5	255.0	127.5	127.5	0.0	25.5	63.75	191.25	229.5	74.04503134354572	5482.666666666667	255	127.5	127.5	0	25.5	63.75	191.25	229.5	74.04503134354572	5482.666666666667																																																			L455
28032023--s--Lm--st--L455--p--D08--pos002--tm--24--ch--Syto9--z--21	256.0	128.5	128.5	1.0	26.5	64.75	192.25	230.5	74.04503134354572	5482.666666666667	256	128.5	128.5	1	26.5	64.75	192.25	230.5	74.04503134354572	5482.666666666667																					0.869	0.4627619047619047	0.463	0.03	0.051	0.239	0.719	0.789	0.2852381294220505	0.0813607904761904																					0.025	0.0239047619047619	0.024	0.021	0.022	0.024	0.024	0.025	0.0010442586798663	1.0904761904761964e-06	6427.0	3469.7619047619046	3546.0	262.0	421.0	1826.0	5355.0	5828.0	2095.9895015186	4393171.990476189	9696.0	4096.0	2934.5	15.0	133.5	460.0	8443.0	9223.5	3647.178494747552	13301910.97254902	9632	4096.0	3344.5	17	218.0	690.25	7675.5	8626.0	3345.9922400669484	11195664.070588237																																																													271.68	270.67633333333333	270.68	269.71	270.184	270.384	270.955	271.203	0.5095397269431702	0.2596307333333204																					slice_0021	slice_0001																																									158.258	84.27609523809524	84.253	5.419	9.327	43.594	130.921	143.756	51.94036215497997	2697.801220790476	255.0	127.5	127.5	0.0	25.5	63.75	191.25	229.5	74.04503134354572	5482.666666666667	255	127.5	127.5	0	25.5	63.75	191.25	229.5	74.04503134354572	5482.666666666667											20	10.0	10.0	0	2.0	5.0	15.0	18.0	6.2048368229954285	38.5	255.0	127.5	127.5	0.0	25.5	63.75	191.25	229.5	74.04503134354572	5482.666666666667	255	127.5	127.5	0	25.5	63.75	191.25	229.5	74.04503134354572	5482.666666666667																																																			L455
28032023--s--Lm--st--L455--p--D08--pos003--tm--24--ch--Syto9--z--21	256.0	128.5	128.5	1.0	26.5	64.75	192.25	230.5	74.04503134354572	5482.666666666667	256	128.5	128.5	1	26.5	64.75	192.25	230.5	74.04503134354572	5482.666666666667																					1.192	0.5526666666666666	0.679	0.008	0.021	0.051	0.996	1.098	0.4562585159022605	0.2081718333333333																					0.026	0.0238095238095238	0.024	0.021	0.022	0.022	0.025	0.025	0.0014703417160322	2.161904761904762e-06	8613.0	4052.142857142857	4842.0	73.0	174.0	422.0	7117.0	7939.0	3303.3864334303107	10912361.92857143	9632.0	4096.0	3344.5	17.0	218.0	690.25	7675.5	8626.0	3345.9922400669484	11195664.070588237	12028	4096.0	1972.0	12	56.5	233.5	8218.25	10928.0	4289.943199953062	18403612.65882352																																																													271.455	270.71109523809525	270.747	268.436	270.282	270.522	271.228	271.414	0.69675884671541	0.4854728904761882																					slice_0021	slice_0001																																									217.102	100.6722857142857	123.713	1.528	3.821	9.292	181.41	200.046	83.09650708492076	6905.029489714286	255.0	127.5	127.5	0.0	25.5	63.75	191.25	229.5	74.04503134354572	5482.666666666667	255	127.5	127.5	0	25.5	63.75	191.25	229.5	74.04503134354572	5482.666666666667											20	10.0	10.0	0	2.0	5.0	15.0	18.0	6.2048368229954285	38.5	255.0	127.5	127.5	0.0	25.5	63.75	191.25	229.5	74.04503134354572	5482.666666666667	255	127.5	127.5	0	25.5	63.75	191.25	229.5	74.04503134354572	5482.666666666667																																																			L455
28032023--s--Lm--st--L455--p--D08--pos004--tm--24--ch--Syto9--z--21	256.0	128.5	128.5	1.0	26.5	64.75	192.25	230.5	74.04503134354572	5482.666666666667	256	128.5	128.5	1	26.5	64.75	192.25	230.5	74.04503134354572	5482.666666666667																					0.583	0.2722857142857143	0.239	0.036	0.057	0.103	0.428	0.555	0.1910298779921986	0.0364924142857142																					0.024	0.0232380952380952	0.024	0.021	0.022	0.023	0.024	0.024	0.0010442586798663	1.0904761904761962e-06	4497.0	2113.095238095238	1817.0	316.0	493.0	826.0	3299.0	4285.0	1457.2116834819126	2123465.89047619	12028.0	4096.0	1972.0	12.0	56.5	233.5	8218.25	10928.0	4289.943199953062	18403612.65882352	9849	4096.0	3312.5	26	321.0	832.5	7451.0	8549.5	3271.967233404177	10705769.576470586																																																													270.749	270.2109047619048	270.305	268.556	269.826	270.046	270.528	270.702	0.5108131659190094	0.2609300904762014																					slice_0021	slice_0001																																									106.137	49.5852380952381	43.49	6.565	10.334	18.671	77.966	101.03	34.77985511888277	1209.638322090476	255.0	127.5	127.5	0.0	25.5	63.75	191.25	229.5	74.04503134354572	5482.666666666667	255	127.5	127.5	0	25.5	63.75	191.25	229.5	74.04503134354572	5482.666666666667											20	10.0	10.0	0	2.0	5.0	15.0	18.0	6.2048368229954285	38.5	255.0	127.5	127.5	0.0	25.5	63.75	191.25	229.5	74.04503134354572	5482.666666666667	255	127.5	127.5	0	25.5	63.75	191.25	229.5	74.04503134354572	5482.666666666667																																																			L455
28032023--s--Lm--st--L455--p--D08--pos005--tm--24--ch--Syto9--z--21	256.0	128.5	128.5	1.0	26.5	64.75	192.25	230.5	74.04503134354572	5482.666666666667	256	128.5	128.5	1	26.5	64.75	192.25	230.5	74.04503134354572	5482.666666666667																					1.153	0.5483809523809524	0.694	0.009	0.014	0.04	0.97	1.088	0.4412229001525732	0.1946776476190476																					0.026	0.0241904761904761	0.025	0.021	0.022	0.024	0.025	0.025	0.0015039630187955	2.2619047619047643e-06	8287.0	3996.5238095238096	4950.0	79.0	106.0	338.0	7137.0	7959.0	3197.876179889516	10226412.061904766	9849.0	4096.0	3312.5	26.0	321.0	832.5	7451.0	8549.5	3271.967233404177	10705769.576470586	8792	4096.0	3547.5	1	397.5	929.5	7441.5	8372.0	3134.469368108076	9824898.21960784																																																													272.205	271.0749523809524	270.975	270.255	270.476	270.737	271.491	271.672	0.5131226438377617	0.2632948476190545																					slice_0021	slice_0001																																									209.998	99.87909523809525	126.405	1.667	2.466	7.312	176.651	198.205	80.35782007179188	6457.379246690477	255.0	127.5	127.5	0.0	25.5	63.75	191.25	229.5	74.04503134354572	5482.666666666667	255	127.5	127.5	0	25.5	63.75	191.25	229.5	74.04503134354572	5482.666666666667											20	10.0	10.0	0	2.0	5.0	15.0	18.0	6.2048368229954285	38.5	255.0	127.5	127.5	0.0	25.5	63.75	191.25	229.5	74.04503134354572	5482.666666666667	255	127.5	127.5	0	25.5	63.75	191.25	229.5	74.04503134354572	5482.666666666667																																																			L455
