sampleName	 -SUMMARYArea2DLayers.tsv_max.txt	 -SUMMARYArea2DLayers.tsv_mean.txt	 -SUMMARYArea2DLayers.tsv_median.txt	 -SUMMARYArea2DLayers.tsv_min.txt	 -SUMMARYArea2DLayers.tsv_q10.txt	 -SUMMARYArea2DLayers.tsv_q25.txt	 -SUMMARYArea2DLayers.tsv_q75.txt	 -SUMMARYArea2DLayers.tsv_q90.txt	 -SUMMARYArea2DLayers.tsv_std.txt	 -SUMMARYArea2DLayers.tsv_var.txt	 -SUMMARYhistAll.tsv_max.txt	 -SUMMARYhistAll.tsv_mean.txt	 -SUMMARYhistAll.tsv_median.txt	 -SUMMARYhistAll.tsv_min.txt	 -SUMMARYhistAll.tsv_q10.txt	 -SUMMARYhistAll.tsv_q25.txt	 -SUMMARYhistAll.tsv_q75.txt	 -SUMMARYhistAll.tsv_q90.txt	 -SUMMARYhistAll.tsv_std.txt	 -SUMMARYhistAll.tsv_var.txt	 -SUMMARYsurf3D.tsv_max.txt	 -SUMMARYsurf3D.tsv_mean.txt	 -SUMMARYsurf3D.tsv_median.txt	 -SUMMARYsurf3D.tsv_min.txt	 -SUMMARYsurf3D.tsv_q10.txt	 -SUMMARYsurf3D.tsv_q25.txt	 -SUMMARYsurf3D.tsv_q75.txt	 -SUMMARYsurf3D.tsv_q90.txt	 -SUMMARYsurf3D.tsv_std.txt	 -SUMMARYsurf3D.tsv_var.txt	 -SUMMARYvol3D.tsv_max.txt	 -SUMMARYvol3D.tsv_mean.txt	 -SUMMARYvol3D.tsv_median.txt	 -SUMMARYvol3D.tsv_min.txt	 -SUMMARYvol3D.tsv_q10.txt	 -SUMMARYvol3D.tsv_q25.txt	 -SUMMARYvol3D.tsv_q75.txt	 -SUMMARYvol3D.tsv_q90.txt	 -SUMMARYvol3D.tsv_std.txt	 -SUMMARYvol3D.tsv_var.txt	%Area-SUMMARYvol3D.tsv_max.txt	%Area-SUMMARYvol3D.tsv_mean.txt	%Area-SUMMARYvol3D.tsv_median.txt	%Area-SUMMARYvol3D.tsv_min.txt	%Area-SUMMARYvol3D.tsv_q10.txt	%Area-SUMMARYvol3D.tsv_q25.txt	%Area-SUMMARYvol3D.tsv_q75.txt	%Area-SUMMARYvol3D.tsv_q90.txt	%Area-SUMMARYvol3D.tsv_std.txt	%Area-SUMMARYvol3D.tsv_var.txt	Area-SUMMARYArea2DLayers.tsv_max.txt	Area-SUMMARYArea2DLayers.tsv_mean.txt	Area-SUMMARYArea2DLayers.tsv_median.txt	Area-SUMMARYArea2DLayers.tsv_min.txt	Area-SUMMARYArea2DLayers.tsv_q10.txt	Area-SUMMARYArea2DLayers.tsv_q25.txt	Area-SUMMARYArea2DLayers.tsv_q75.txt	Area-SUMMARYArea2DLayers.tsv_q90.txt	Area-SUMMARYArea2DLayers.tsv_std.txt	Area-SUMMARYArea2DLayers.tsv_var.txt	Area-SUMMARYvol3D.tsv_max.txt	Area-SUMMARYvol3D.tsv_mean.txt	Area-SUMMARYvol3D.tsv_median.txt	Area-SUMMARYvol3D.tsv_min.txt	Area-SUMMARYvol3D.tsv_q10.txt	Area-SUMMARYvol3D.tsv_q25.txt	Area-SUMMARYvol3D.tsv_q75.txt	Area-SUMMARYvol3D.tsv_q90.txt	Area-SUMMARYvol3D.tsv_std.txt	Area-SUMMARYvol3D.tsv_var.txt	Average Size-SUMMARYvol3D.tsv_max.txt	Average Size-SUMMARYvol3D.tsv_mean.txt	Average Size-SUMMARYvol3D.tsv_median.txt	Average Size-SUMMARYvol3D.tsv_min.txt	Average Size-SUMMARYvol3D.tsv_q10.txt	Average Size-SUMMARYvol3D.tsv_q25.txt	Average Size-SUMMARYvol3D.tsv_q75.txt	Average Size-SUMMARYvol3D.tsv_q90.txt	Average Size-SUMMARYvol3D.tsv_std.txt	Average Size-SUMMARYvol3D.tsv_var.txt	Count-SUMMARYvol3D.tsv_max.txt	Count-SUMMARYvol3D.tsv_mean.txt	Count-SUMMARYvol3D.tsv_median.txt	Count-SUMMARYvol3D.tsv_min.txt	Count-SUMMARYvol3D.tsv_q10.txt	Count-SUMMARYvol3D.tsv_q25.txt	Count-SUMMARYvol3D.tsv_q75.txt	Count-SUMMARYvol3D.tsv_q90.txt	Count-SUMMARYvol3D.tsv_std.txt	Count-SUMMARYvol3D.tsv_var.txt	GlobalCount-SUMMARYArea2DLayers.tsv_max.txt	GlobalCount-SUMMARYArea2DLayers.tsv_mean.txt	GlobalCount-SUMMARYArea2DLayers.tsv_median.txt	GlobalCount-SUMMARYArea2DLayers.tsv_min.txt	GlobalCount-SUMMARYArea2DLayers.tsv_q10.txt	GlobalCount-SUMMARYArea2DLayers.tsv_q25.txt	GlobalCount-SUMMARYArea2DLayers.tsv_q75.txt	GlobalCount-SUMMARYArea2DLayers.tsv_q90.txt	GlobalCount-SUMMARYArea2DLayers.tsv_std.txt	GlobalCount-SUMMARYArea2DLayers.tsv_var.txt	GlobalCount-SUMMARYhistAll.tsv_max.txt	GlobalCount-SUMMARYhistAll.tsv_mean.txt	GlobalCount-SUMMARYhistAll.tsv_median.txt	GlobalCount-SUMMARYhistAll.tsv_min.txt	GlobalCount-SUMMARYhistAll.tsv_q10.txt	GlobalCount-SUMMARYhistAll.tsv_q25.txt	GlobalCount-SUMMARYhistAll.tsv_q75.txt	GlobalCount-SUMMARYhistAll.tsv_q90.txt	GlobalCount-SUMMARYhistAll.tsv_std.txt	GlobalCount-SUMMARYhistAll.tsv_var.txt	Label-SUMMARYsurf3D.tsv_max.txt	Label-SUMMARYsurf3D.tsv_min.txt	LabelObj-SUMMARYsurf3D.tsv_max.txt	LabelObj-SUMMARYsurf3D.tsv_mean.txt	LabelObj-SUMMARYsurf3D.tsv_median.txt	LabelObj-SUMMARYsurf3D.tsv_min.txt	LabelObj-SUMMARYsurf3D.tsv_q10.txt	LabelObj-SUMMARYsurf3D.tsv_q25.txt	LabelObj-SUMMARYsurf3D.tsv_q75.txt	LabelObj-SUMMARYsurf3D.tsv_q90.txt	LabelObj-SUMMARYsurf3D.tsv_std.txt	LabelObj-SUMMARYsurf3D.tsv_var.txt	LabelObj-SUMMARYvol3D.tsv_max.txt	LabelObj-SUMMARYvol3D.tsv_mean.txt	LabelObj-SUMMARYvol3D.tsv_median.txt	LabelObj-SUMMARYvol3D.tsv_min.txt	LabelObj-SUMMARYvol3D.tsv_q10.txt	LabelObj-SUMMARYvol3D.tsv_q25.txt	LabelObj-SUMMARYvol3D.tsv_q75.txt	LabelObj-SUMMARYvol3D.tsv_q90.txt	LabelObj-SUMMARYvol3D.tsv_std.txt	LabelObj-SUMMARYvol3D.tsv_var.txt	Max-SUMMARYArea2DLayers.tsv_max.txt	Max-SUMMARYArea2DLayers.tsv_mean.txt	Max-SUMMARYArea2DLayers.tsv_median.txt	Max-SUMMARYArea2DLayers.tsv_min.txt	Max-SUMMARYArea2DLayers.tsv_q10.txt	Max-SUMMARYArea2DLayers.tsv_q25.txt	Max-SUMMARYArea2DLayers.tsv_q75.txt	Max-SUMMARYArea2DLayers.tsv_q90.txt	Max-SUMMARYArea2DLayers.tsv_std.txt	Max-SUMMARYArea2DLayers.tsv_var.txt	Max-SUMMARYvol3D.tsv_max.txt	Max-SUMMARYvol3D.tsv_mean.txt	Max-SUMMARYvol3D.tsv_median.txt	Max-SUMMARYvol3D.tsv_min.txt	Max-SUMMARYvol3D.tsv_q10.txt	Max-SUMMARYvol3D.tsv_q25.txt	Max-SUMMARYvol3D.tsv_q75.txt	Max-SUMMARYvol3D.tsv_q90.txt	Max-SUMMARYvol3D.tsv_std.txt	Max-SUMMARYvol3D.tsv_var.txt	Mean-SUMMARYArea2DLayers.tsv_max.txt	Mean-SUMMARYArea2DLayers.tsv_mean.txt	Mean-SUMMARYArea2DLayers.tsv_median.txt	Mean-SUMMARYArea2DLayers.tsv_min.txt	Mean-SUMMARYArea2DLayers.tsv_q10.txt	Mean-SUMMARYArea2DLayers.tsv_q25.txt	Mean-SUMMARYArea2DLayers.tsv_q75.txt	Mean-SUMMARYArea2DLayers.tsv_q90.txt	Mean-SUMMARYArea2DLayers.tsv_std.txt	Mean-SUMMARYArea2DLayers.tsv_var.txt	Mean-SUMMARYvol3D.tsv_max.txt	Mean-SUMMARYvol3D.tsv_mean.txt	Mean-SUMMARYvol3D.tsv_median.txt	Mean-SUMMARYvol3D.tsv_min.txt	Mean-SUMMARYvol3D.tsv_q10.txt	Mean-SUMMARYvol3D.tsv_q25.txt	Mean-SUMMARYvol3D.tsv_q75.txt	Mean-SUMMARYvol3D.tsv_q90.txt	Mean-SUMMARYvol3D.tsv_std.txt	Mean-SUMMARYvol3D.tsv_var.txt	Min-SUMMARYArea2DLayers.tsv_max.txt	Min-SUMMARYArea2DLayers.tsv_mean.txt	Min-SUMMARYArea2DLayers.tsv_median.txt	Min-SUMMARYArea2DLayers.tsv_min.txt	Min-SUMMARYArea2DLayers.tsv_q10.txt	Min-SUMMARYArea2DLayers.tsv_q25.txt	Min-SUMMARYArea2DLayers.tsv_q75.txt	Min-SUMMARYArea2DLayers.tsv_q90.txt	Min-SUMMARYArea2DLayers.tsv_std.txt	Min-SUMMARYArea2DLayers.tsv_var.txt	Min-SUMMARYvol3D.tsv_max.txt	Min-SUMMARYvol3D.tsv_mean.txt	Min-SUMMARYvol3D.tsv_median.txt	Min-SUMMARYvol3D.tsv_min.txt	Min-SUMMARYvol3D.tsv_q10.txt	Min-SUMMARYvol3D.tsv_q25.txt	Min-SUMMARYvol3D.tsv_q75.txt	Min-SUMMARYvol3D.tsv_q90.txt	Min-SUMMARYvol3D.tsv_std.txt	Min-SUMMARYvol3D.tsv_var.txt	Slice-SUMMARYvol3D.tsv_max.txt	Slice-SUMMARYvol3D.tsv_min.txt	Surface(Pix)-SUMMARYsurf3D.tsv_max.txt	Surface(Pix)-SUMMARYsurf3D.tsv_mean.txt	Surface(Pix)-SUMMARYsurf3D.tsv_median.txt	Surface(Pix)-SUMMARYsurf3D.tsv_min.txt	Surface(Pix)-SUMMARYsurf3D.tsv_q10.txt	Surface(Pix)-SUMMARYsurf3D.tsv_q25.txt	Surface(Pix)-SUMMARYsurf3D.tsv_q75.txt	Surface(Pix)-SUMMARYsurf3D.tsv_q90.txt	Surface(Pix)-SUMMARYsurf3D.tsv_std.txt	Surface(Pix)-SUMMARYsurf3D.tsv_var.txt	Surface(Unit)-SUMMARYsurf3D.tsv_max.txt	Surface(Unit)-SUMMARYsurf3D.tsv_mean.txt	Surface(Unit)-SUMMARYsurf3D.tsv_median.txt	Surface(Unit)-SUMMARYsurf3D.tsv_min.txt	Surface(Unit)-SUMMARYsurf3D.tsv_q10.txt	Surface(Unit)-SUMMARYsurf3D.tsv_q25.txt	Surface(Unit)-SUMMARYsurf3D.tsv_q75.txt	Surface(Unit)-SUMMARYsurf3D.tsv_q90.txt	Surface(Unit)-SUMMARYsurf3D.tsv_std.txt	Surface(Unit)-SUMMARYsurf3D.tsv_var.txt	SurfaceCorr(Pix)-SUMMARYsurf3D.tsv_max.txt	SurfaceCorr(Pix)-SUMMARYsurf3D.tsv_mean.txt	SurfaceCorr(Pix)-SUMMARYsurf3D.tsv_median.txt	SurfaceCorr(Pix)-SUMMARYsurf3D.tsv_min.txt	SurfaceCorr(Pix)-SUMMARYsurf3D.tsv_q10.txt	SurfaceCorr(Pix)-SUMMARYsurf3D.tsv_q25.txt	SurfaceCorr(Pix)-SUMMARYsurf3D.tsv_q75.txt	SurfaceCorr(Pix)-SUMMARYsurf3D.tsv_q90.txt	SurfaceCorr(Pix)-SUMMARYsurf3D.tsv_std.txt	SurfaceCorr(Pix)-SUMMARYsurf3D.tsv_var.txt	SurfaceNbPix-SUMMARYsurf3D.tsv_max.txt	SurfaceNbPix-SUMMARYsurf3D.tsv_mean.txt	SurfaceNbPix-SUMMARYsurf3D.tsv_median.txt	SurfaceNbPix-SUMMARYsurf3D.tsv_min.txt	SurfaceNbPix-SUMMARYsurf3D.tsv_q10.txt	SurfaceNbPix-SUMMARYsurf3D.tsv_q25.txt	SurfaceNbPix-SUMMARYsurf3D.tsv_q75.txt	SurfaceNbPix-SUMMARYsurf3D.tsv_q90.txt	SurfaceNbPix-SUMMARYsurf3D.tsv_std.txt	SurfaceNbPix-SUMMARYsurf3D.tsv_var.txt	Total Area-SUMMARYvol3D.tsv_max.txt	Total Area-SUMMARYvol3D.tsv_mean.txt	Total Area-SUMMARYvol3D.tsv_median.txt	Total Area-SUMMARYvol3D.tsv_min.txt	Total Area-SUMMARYvol3D.tsv_q10.txt	Total Area-SUMMARYvol3D.tsv_q25.txt	Total Area-SUMMARYvol3D.tsv_q75.txt	Total Area-SUMMARYvol3D.tsv_q90.txt	Total Area-SUMMARYvol3D.tsv_std.txt	Total Area-SUMMARYvol3D.tsv_var.txt	Unnamed: 0-SUMMARYArea2DLayers.tsv_max.txt	Unnamed: 0-SUMMARYArea2DLayers.tsv_mean.txt	Unnamed: 0-SUMMARYArea2DLayers.tsv_median.txt	Unnamed: 0-SUMMARYArea2DLayers.tsv_min.txt	Unnamed: 0-SUMMARYArea2DLayers.tsv_q10.txt	Unnamed: 0-SUMMARYArea2DLayers.tsv_q25.txt	Unnamed: 0-SUMMARYArea2DLayers.tsv_q75.txt	Unnamed: 0-SUMMARYArea2DLayers.tsv_q90.txt	Unnamed: 0-SUMMARYArea2DLayers.tsv_std.txt	Unnamed: 0-SUMMARYArea2DLayers.tsv_var.txt	Unnamed: 0-SUMMARYhistAll.tsv_max.txt	Unnamed: 0-SUMMARYhistAll.tsv_mean.txt	Unnamed: 0-SUMMARYhistAll.tsv_median.txt	Unnamed: 0-SUMMARYhistAll.tsv_min.txt	Unnamed: 0-SUMMARYhistAll.tsv_q10.txt	Unnamed: 0-SUMMARYhistAll.tsv_q25.txt	Unnamed: 0-SUMMARYhistAll.tsv_q75.txt	Unnamed: 0-SUMMARYhistAll.tsv_q90.txt	Unnamed: 0-SUMMARYhistAll.tsv_std.txt	Unnamed: 0-SUMMARYhistAll.tsv_var.txt	Unnamed: 0-SUMMARYsurf3D.tsv_max.txt	Unnamed: 0-SUMMARYsurf3D.tsv_mean.txt	Unnamed: 0-SUMMARYsurf3D.tsv_median.txt	Unnamed: 0-SUMMARYsurf3D.tsv_min.txt	Unnamed: 0-SUMMARYsurf3D.tsv_q10.txt	Unnamed: 0-SUMMARYsurf3D.tsv_q25.txt	Unnamed: 0-SUMMARYsurf3D.tsv_q75.txt	Unnamed: 0-SUMMARYsurf3D.tsv_q90.txt	Unnamed: 0-SUMMARYsurf3D.tsv_std.txt	Unnamed: 0-SUMMARYsurf3D.tsv_var.txt	Unnamed: 0-SUMMARYvol3D.tsv_max.txt	Unnamed: 0-SUMMARYvol3D.tsv_mean.txt	Unnamed: 0-SUMMARYvol3D.tsv_median.txt	Unnamed: 0-SUMMARYvol3D.tsv_min.txt	Unnamed: 0-SUMMARYvol3D.tsv_q10.txt	Unnamed: 0-SUMMARYvol3D.tsv_q25.txt	Unnamed: 0-SUMMARYvol3D.tsv_q75.txt	Unnamed: 0-SUMMARYvol3D.tsv_q90.txt	Unnamed: 0-SUMMARYvol3D.tsv_std.txt	Unnamed: 0-SUMMARYvol3D.tsv_var.txt	Value-SUMMARYArea2DLayers.tsv_max.txt	Value-SUMMARYArea2DLayers.tsv_mean.txt	Value-SUMMARYArea2DLayers.tsv_median.txt	Value-SUMMARYArea2DLayers.tsv_min.txt	Value-SUMMARYArea2DLayers.tsv_q10.txt	Value-SUMMARYArea2DLayers.tsv_q25.txt	Value-SUMMARYArea2DLayers.tsv_q75.txt	Value-SUMMARYArea2DLayers.tsv_q90.txt	Value-SUMMARYArea2DLayers.tsv_std.txt	Value-SUMMARYArea2DLayers.tsv_var.txt	Value-SUMMARYhistAll.tsv_max.txt	Value-SUMMARYhistAll.tsv_mean.txt	Value-SUMMARYhistAll.tsv_median.txt	Value-SUMMARYhistAll.tsv_min.txt	Value-SUMMARYhistAll.tsv_q10.txt	Value-SUMMARYhistAll.tsv_q25.txt	Value-SUMMARYhistAll.tsv_q75.txt	Value-SUMMARYhistAll.tsv_q90.txt	Value-SUMMARYhistAll.tsv_std.txt	Value-SUMMARYhistAll.tsv_var.txt	Volume(Pix)-SUMMARYvol3D.tsv_max.txt	Volume(Pix)-SUMMARYvol3D.tsv_mean.txt	Volume(Pix)-SUMMARYvol3D.tsv_median.txt	Volume(Pix)-SUMMARYvol3D.tsv_min.txt	Volume(Pix)-SUMMARYvol3D.tsv_q10.txt	Volume(Pix)-SUMMARYvol3D.tsv_q25.txt	Volume(Pix)-SUMMARYvol3D.tsv_q75.txt	Volume(Pix)-SUMMARYvol3D.tsv_q90.txt	Volume(Pix)-SUMMARYvol3D.tsv_std.txt	Volume(Pix)-SUMMARYvol3D.tsv_var.txt	Volume(Unit)-SUMMARYvol3D.tsv_max.txt	Volume(Unit)-SUMMARYvol3D.tsv_mean.txt	Volume(Unit)-SUMMARYvol3D.tsv_median.txt	Volume(Unit)-SUMMARYvol3D.tsv_min.txt	Volume(Unit)-SUMMARYvol3D.tsv_q10.txt	Volume(Unit)-SUMMARYvol3D.tsv_q25.txt	Volume(Unit)-SUMMARYvol3D.tsv_q75.txt	Volume(Unit)-SUMMARYvol3D.tsv_q90.txt	Volume(Unit)-SUMMARYvol3D.tsv_std.txt	Volume(Unit)-SUMMARYvol3D.tsv_var.txt	label
16052023--s--Lm--st--L394--p--C03--pos001--tm--24--ch--Syto9--z--21	8626.0	4313.5	4313.5	1.0	863.5	2157.25	6469.75	7763.5	2490.256044399184	6201375.166666667	256	128.5	128.5	1	26.5	64.75	192.25	230.5	74.04503134354572	5482.666666666667	3747	1874.0	1874.0	1	375.6	937.5	2810.5	3372.4	1081.8100572651374	1170313.0	12373.0	6187.0	6187.0	1.0	1238.2	3094.0	9280.0	11135.8	3571.9217749926534	12758625.166666666											0.087	0.0251999768142824	0.017	0.017	0.017	0.017	0.035	0.052	0.0166247590458567	0.0002763826133327	0.087	0.0175684959185322	0.017	0.0	0.0	0.0	0.017	0.035	0.0180765454020375	0.0003267614936719																															19368	4096.0	318.0	0	1.0	4.75	7196.5	15211.5	6060.698796828824	36732069.90588235	16052023_s_Lm_st_L394_p_C03_pos001_tm_24_ch_Syto9_z_21.tif	16052023_s_Lm_st_L394_p_C03_pos001_tm_24_ch_Syto9_z_21.tif	4095	1897.1961569255404	1888.0	14	389.6	951.5	2824.5	3393.4	1097.5503129646038	1204616.6894887	4095.0	574.5408550876909	0.0	0.0	0.0	0.0	668.0	2523.800000000001	1060.5259735124273	1124715.3404944818	582.0	269.1289125898447	265.0	256.0	257.0	260.0	274.0	286.0	13.533934373174782	183.16737961740188	582.0	187.626767962499	260.0	0.0	0.0	0.0	270.0	281.0	124.18096900459648	15420.913062920556	415.75	266.6445595872942	264.25	256.0	257.0	259.5	271.0	279.0	9.491482958122642	90.08824874433256	415.75	185.89476852824697	260.0	0.0	0.0	0.0	268.0	276.0	122.78021430006496	15074.981023569875	326.0	264.53895200556457	262.0	256.0	256.0	258.0	268.0	276.0	8.673099588866263	75.22265647839214	326.0	184.42681645518468	259.0	0.0	0.0	0.0	265.0	273.0	121.77216824382366	14828.460958802096			660726	34865.71710701895	2710.0	6	18.0	126.0	32299.0	95296.0	84927.30770539954	7212647594.087616	32802.553	1732.239627969042	134.706	0.298	0.895	6.265	1605.7865000000002	4736.280400000001	4217.270105326969	17785367.141284548	52945.009	1240.1580635174807	13.333	0.0	0.0	0.0	240.0	1564.2670000000005	5630.456362763864	31702038.85298807	112893	5876.726714705097	452.0	1	3.0	21.0	5394.0	15958.4	14437.342031494982	208436844.93437165											8625.0	4312.5	4312.5	0.0	862.5	2156.25	6468.75	7762.5	2490.256044399184	6201375.166666667	255	127.5	127.5	0	25.5	63.75	191.25	229.5	74.04503134354572	5482.666666666667	3746	1873.0	1873.0	0	374.6	936.5	2809.5	3371.4	1081.8100572651374	1170313.0	12372	6186.0	6186.0	0	1237.2	3093.0	9279.0	11134.8	3571.9217749926534	12758625.166666666											255	127.5	127.5	0	25.5	63.75	191.25	229.5	74.04503134354572	5482.666666666667	112893.0	1779.6893235270347	0.0	0.0	0.0	0.0	7.0	2644.800000000017	8390.628634656661	70402648.88472031	980.371	15.454948597753171	0.0	0.0	0.0	0.0	0.061	22.967200000000155	72.86479908948755	5309.278946351386	L394
16052023--s--Lm--st--L394--p--C03--pos002--tm--24--ch--Syto9--z--21	13309.0	6655.0	6655.0	1.0	1331.8000000000002	3328.0	9982.0	11978.2	3842.121701178487	14761899.166666666	256	128.5	128.5	1	26.5	64.75	192.25	230.5	74.04503134354572	5482.666666666667	4010	2005.5	2005.5	1	401.9	1003.25	3007.75	3609.1	1157.7316182950174	1340342.5	17319.0	8660.0	8660.0	1.0	1732.8000000000002	4330.5	12989.5	15587.2	4999.708991531407	24997090.0											0.087	0.0238797805995942	0.017	0.017	0.017	0.017	0.017	0.035	0.0149792955218588	0.0002243792943311	0.087	0.0183507130896703	0.017	0.0	0.0	0.017	0.017	0.035	0.0165496899511999	0.0002738922374808																															16788	4096.0	535.0	0	0.0	7.0	7746.25	14459.0	5600.832186765972	31369321.184313707	16052023_s_Lm_st_L394_p_C03_pos002_tm_24_ch_Syto9_z_21.tif	16052023_s_Lm_st_L394_p_C03_pos002_tm_24_ch_Syto9_z_21.tif	4095	2024.6142144638404	2022.5	18	418.9	1020.25	3024.75	3626.1	1161.2670949009191	1348541.2656996206	4095.0	468.77435186789074	0.0	0.0	0.0	0.0	0.0	2295.2000000000007	1020.5675528509976	1041558.1299322734	400.0	268.07558794800514	265.0	256.0	257.0	259.0	273.0	284.0	11.676077053638828	136.3307753625112	400.0	206.00600496564468	261.0	0.0	0.0	256.0	270.0	281.0	113.54386120601325	12892.208417570397	332.0	266.1361344954542	264.0	256.0	257.0	259.0	271.0	278.0	9.03386992620807	81.6108058436466	332.0	204.51560794503143	261.0	0.0	0.0	256.0	268.0	276.0	112.54244041896428	12665.800895456126	332.0	264.47035840408745	262.0	256.0	256.0	258.0	268.0	276.0	8.695555233729745	75.61268082284478	332.0	203.2355216813904	259.0	0.0	0.0	256.0	266.0	274.0	111.820915298637	12503.91709822495			395674	32662.80149625935	3293.0	6	24.0	180.0	34279.5	103064.99999999994	64779.44020517664	4196375873.2960553	19643.77	1622.9582748129676	163.756	0.298	1.193	8.949	1704.0445	5124.111599999997	3217.292262401136	10350969.501706218	26017.446	908.1543408977556	13.333	0.0	0.0	0.0	240.0	1723.3329999999985	3239.253201666017	10492761.30450354	67272	5491.29451371571	549.5	1	4.0	30.0	5724.5	17266.799999999992	10951.567440400551	119936829.40164152											13308.0	6654.0	6654.0	0.0	1330.8000000000002	3327.0	9981.0	11977.2	3842.121701178487	14761899.166666666	255	127.5	127.5	0	25.5	63.75	191.25	229.5	74.04503134354572	5482.666666666667	4009	2004.5	2004.5	0	400.9	1002.25	3006.75	3608.1	1157.7316182950174	1340342.5	17318	8659.0	8659.0	0	1731.8000000000002	4329.5	12988.5	15586.2	4999.708991531407	24997090.0											255	127.5	127.5	0	25.5	63.75	191.25	229.5	74.04503134354572	5482.666666666667	67272.0	1271.441538195046	0.0	0.0	0.0	0.0	0.0	1076.0	5755.881378391647	33130170.44211572	584.195	11.041284947167853	0.0	0.0	0.0	0.0	0.0	9.344	49.984470937118566	2498.44733486365	L394
16052023--s--Lm--st--L394--p--C03--pos003--tm--24--ch--Syto9--z--21	256.0	128.5	128.5	1.0	26.5	64.75	192.25	230.5	74.04503134354572	5482.666666666667	256	128.5	128.5	1	26.5	64.75	192.25	230.5	74.04503134354572	5482.666666666667	4069	2035.0	2035.0	1	407.8	1018.0	3052.0	3662.2	1174.7634513665578	1380069.1666666667											0.1	0.0403333333333333	0.028	0.006	0.007	0.009	0.063	0.092	0.0323949584554963	0.0010494333333333																					0.025	0.0224761904761904	0.023	0.019	0.02	0.021	0.024	0.025	0.0018606194564995	3.461904761904771e-06	721.0	314.0952380952381	241.0	53.0	62.0	66.0	504.0	673.0	238.0791685053325	56681.69047619049	16788.0	4096.0	535.0	0.0	0.0	7.0	7746.25	14459.0	5600.832186765972	31369321.184313707	15499	4096.0	906.0	0	1.0	22.5	8081.0	13362.0	5257.95345708411	27646074.556862734	16052023_s_Lm_st_L394_p_C03_pos003_tm_24_ch_Syto9_z_21.tif	16052023_s_Lm_st_L394_p_C03_pos003_tm_24_ch_Syto9_z_21.tif	4095	2061.0	2061.0	27	433.8	1044.0	3078.0	3688.2	1174.7634513665578	1380069.1666666667																																									266.774	265.71957142857144	265.999	263.599	264.841	265.445	266.158	266.325	0.7289501746641253	0.5313683571428587																					slice_0021	slice_0001	257138	32255.10936347997	13386.0	24	708.0	2354.0	52908.0	78606.00000000001	42865.206392124375	1837425919.03942	12770.647	1603.0629673138362	665.536	1.193	35.201	117.105	2629.939	3906.525600000001	2129.506466002432	4534797.788746167	30141.092	652.4071649053822	53.333	0.0	0.0	6.667	380.0	1189.5998000000004	2135.8627052692364	4561909.495760021	43756	5411.309412632097	2235.0	4	118.0	393.0	8844.0	13168.4	7238.741388714382	52399376.89268662	18.15	7.358380952380953	5.158	1.025	1.303	1.563	11.515	16.708	5.885858004371074	34.643324447619044	255.0	127.5	127.5	0.0	25.5	63.75	191.25	229.5	74.04503134354572	5482.666666666667	255	127.5	127.5	0	25.5	63.75	191.25	229.5	74.04503134354572	5482.666666666667	4068	2034.0	2034.0	0	406.8	1017.0	3051.0	3661.2	1174.7634513665578	1380069.1666666667	20	10.0	10.0	0	2.0	5.0	15.0	18.0	6.2048368229954285	38.5	255.0	127.5	127.5	0.0	25.5	63.75	191.25	229.5	74.04503134354572	5482.666666666667	255	127.5	127.5	0	25.5	63.75	191.25	229.5	74.04503134354572	5482.666666666667																					L394
16052023--s--Lm--st--L394--p--C03--pos004--tm--24--ch--Syto9--z--21	256.0	128.5	128.5	1.0	26.5	64.75	192.25	230.5	74.04503134354572	5482.666666666667	256	128.5	128.5	1	26.5	64.75	192.25	230.5	74.04503134354572	5482.666666666667	4070	2035.5	2035.5	1	407.9	1018.25	3052.75	3663.1	1175.052126503331	1380747.5											0.084	0.0437619047619047	0.045	0.009	0.012	0.016	0.071	0.076	0.0266193628058688	0.0007085904761904																					0.026	0.023095238095238	0.023	0.021	0.021	0.022	0.024	0.025	0.00144584791402	2.090476190476189e-06	606.0	336.1428571428572	359.0	78.0	99.0	134.0	518.0	563.0	191.0592279148761	36503.62857142857	15499.0	4096.0	906.0	0.0	1.0	22.5	8081.0	13362.0	5257.95345708411	27646074.556862734	16230	4096.0	761.5	0	1.0	17.5	7475.75	14017.0	5426.090317469236	29442456.133333392	16052023_s_Lm_st_L394_p_C03_pos004_tm_24_ch_Syto9_z_21.tif	16052023_s_Lm_st_L394_p_C03_pos004_tm_24_ch_Syto9_z_21.tif	4095	2060.4995085995088	2060.5	24	432.9	1043.25	3077.75	3688.1	1175.0529779472922	1380749.5009827996																																									267.139	265.7818571428571	265.787	264.488	264.978	265.527	266.076	266.373	0.6154333664755548	0.3787582285714345																					slice_0021	slice_0001	284936	32238.35823095823	10663.0	6	402.0	1535.0	49892.0	87213.8	46851.05802485259	2195021638.048104	14150.595	1602.194506879607	530.265	0.298	19.987	76.3505	2480.044	4335.7147	2327.498533359033	5417249.422788449	19328.703	698.5753137592137	40.0	0.0	0.0	6.667	353.333	1353.9996999999994	2322.3796384481234	5393447.1850784365	48470	5410.196068796069	1778.5	1	67.0	256.25	8345.0	14604.1	7913.081849117472	62616864.35083239	15.388	7.964714285714287	8.111	1.685	2.206	2.831	12.905	13.808	4.839881921523057	23.42445701428572	255.0	127.5	127.5	0.0	25.5	63.75	191.25	229.5	74.04503134354572	5482.666666666667	255	127.5	127.5	0	25.5	63.75	191.25	229.5	74.04503134354572	5482.666666666667	4069	2034.5	2034.5	0	406.9	1017.25	3051.75	3662.1	1175.052126503331	1380747.5	20	10.0	10.0	0	2.0	5.0	15.0	18.0	6.2048368229954285	38.5	255.0	127.5	127.5	0.0	25.5	63.75	191.25	229.5	74.04503134354572	5482.666666666667	255	127.5	127.5	0	25.5	63.75	191.25	229.5	74.04503134354572	5482.666666666667																					L394
16052023--s--Lm--st--L394--p--C03--pos005--tm--24--ch--Syto9--z--21	256.0	128.5	128.5	1.0	26.5	64.75	192.25	230.5	74.04503134354572	5482.666666666667	256	128.5	128.5	1	26.5	64.75	192.25	230.5	74.04503134354572	5482.666666666667	4070	2035.5	2035.5	1	407.9	1018.25	3052.75	3663.1	1175.052126503331	1380747.5											0.092	0.0446190476190476	0.045	0.007	0.009	0.013	0.074	0.086	0.0307546357326439	0.0009458476190476																					0.025	0.0225238095238095	0.023	0.02	0.02	0.022	0.023	0.024	0.0014703417160322	2.161904761904768e-06	693.0	348.0	357.0	64.0	80.0	108.0	575.0	628.0	228.23890991678	52093.0	16230.0	4096.0	761.5	0.0	1.0	17.5	7475.75	14017.0	5426.090317469236	29442456.133333392	17311	4096.0	389.5	0	0.0	3.0	7656.5	14894.5	5761.986367734724	33200486.9019608	16052023_s_Lm_st_L394_p_C03_pos005_tm_24_ch_Syto9_z_21.tif	16052023_s_Lm_st_L394_p_C03_pos005_tm_24_ch_Syto9_z_21.tif	4095	2060.5	2060.5	26	432.9	1043.25	3077.75	3688.1	1175.052126503331	1380747.5																																									266.483	265.64885714285714	265.683	264.324	264.895	265.389	266.173	266.247	0.5936835256021832	0.352460128571438																					slice_0021	slice_0001	274344	32246.159705159705	9226.0	6	282.0	1099.5	52270.0	89617.6	46681.287561612655	2179142608.4099727	13625.785	1602.5944	458.6245	0.298	14.021	54.66575	2598.23525	4455.2679	2319.139677226058	5378408.8424841855	18045.842	679.7951393120394	33.333	0.0	0.0	0.0	393.333	1400.1333	2154.5054105539903	4641893.564106419	46596	5410.223832923833	1542.0	1	47.0	183.25	8743.5	15007.5	7876.046454255556	62032107.74959153	16.76	8.119142857142858	8.285	1.251	1.615	2.345	13.478	15.614	5.610051000532119	31.47267222857143	255.0	127.5	127.5	0.0	25.5	63.75	191.25	229.5	74.04503134354572	5482.666666666667	255	127.5	127.5	0	25.5	63.75	191.25	229.5	74.04503134354572	5482.666666666667	4069	2034.5	2034.5	0	406.9	1017.25	3051.75	3662.1	1175.052126503331	1380747.5	20	10.0	10.0	0	2.0	5.0	15.0	18.0	6.2048368229954285	38.5	255.0	127.5	127.5	0.0	25.5	63.75	191.25	229.5	74.04503134354572	5482.666666666667	255	127.5	127.5	0	25.5	63.75	191.25	229.5	74.04503134354572	5482.666666666667																					L394
16052023--s--Lm--st--L394--p--C04--pos001--tm--24--ch--Syto9--z--21	256.0	128.5	128.5	1.0	26.5	64.75	192.25	230.5	74.04503134354572	5482.666666666667	256	128.5	128.5	1	26.5	64.75	192.25	230.5	74.04503134354572	5482.666666666667	2783	1392.0	1392.0	1	279.2	696.5	2087.5	2504.8	803.5272241809856	645656.0											0.104	0.0683809523809523	0.07	0.031	0.039	0.058	0.081	0.087	0.0189327129341681	0.0003584476190476																					0.036	0.0292857142857142	0.029	0.022	0.024	0.027	0.033	0.034	0.0040637772717369	1.6514285714285752e-05	858.0	443.3809523809524	472.0	159.0	215.0	325.0	529.0	582.0	165.54349162394644	27404.64761904762	17311.0	4096.0	389.5	0.0	0.0	3.0	7656.5	14894.5	5761.986367734724	33200486.9019608	20579	4096.0	138.5	0	0.0	1.0	6285.25	16499.5	6524.858287395079	42573775.67058825	16052023_s_Lm_st_L394_p_C04_pos001_tm_24_ch_Syto9_z_21.tif	16052023_s_Lm_st_L394_p_C04_pos001_tm_24_ch_Syto9_z_21.tif	4095	1437.616241466044	1401.0	10	288.2	705.5	2096.5	2571.8	872.6135594910966	761454.4242077216																																									269.933	268.2340476190476	268.285	265.568	266.695	267.562	269.329	269.645	1.2206584893487318	1.490007147619128																					slice_0021	slice_0001	1217174	46659.39777218829	2070.0	6	6.0	60.0	35555.0	127643.20000000006	131219.61682791708	17218587840.46538	60421.922	2317.939661516349	102.918	0.298	0.298	2.983	1767.2015	6344.291800000003	6515.080489855267	42446273.789292745	152465.494	2473.035316205533	13.333	0.0	0.0	0.0	336.0	2649.0664	13433.209220576404	180451109.9637789	211386	7912.359324469996	346.0	1	1.0	10.0	5946.5	21416.000000000007	22577.891934019903	509761204.18428105	18.914	12.457190476190476	12.766	5.645	7.017	10.595	14.798	15.874	3.459621751276397	11.968982661904764	255.0	127.5	127.5	0.0	25.5	63.75	191.25	229.5	74.04503134354572	5482.666666666667	255	127.5	127.5	0	25.5	63.75	191.25	229.5	74.04503134354572	5482.666666666667	2782	1391.0	1391.0	0	278.2	695.5	2086.5	2503.8	803.5272241809856	645656.0	20	10.0	10.0	0	2.0	5.0	15.0	18.0	6.2048368229954285	38.5	255.0	127.5	127.5	0.0	25.5	63.75	191.25	229.5	74.04503134354572	5482.666666666667	255	127.5	127.5	0	25.5	63.75	191.25	229.5	74.04503134354572	5482.666666666667																					L394
16052023--s--Lm--st--L394--p--C04--pos002--tm--24--ch--Syto9--z--21	256.0	128.5	128.5	1.0	26.5	64.75	192.25	230.5	74.04503134354572	5482.666666666667	256	128.5	128.5	1	26.5	64.75	192.25	230.5	74.04503134354572	5482.666666666667	2027	1014.0	1014.0	1	203.6	507.5	1520.5	1824.4	585.2888175935022	342563.0											0.178	0.1091428571428571	0.113	0.054	0.06	0.084	0.131	0.141	0.0339754112768126	0.0011543285714285																					0.036	0.0297619047619047	0.03	0.023	0.025	0.028	0.032	0.034	0.0034627266987846	1.1990476190476188e-05	1419.0	699.6190476190476	673.0	277.0	324.0	480.0	871.0	984.0	287.90840143880416	82891.24761904762	20579.0	4096.0	138.5	0.0	0.0	1.0	6285.25	16499.5	6524.858287395079	42573775.67058825	26962	4096.0	31.0	0	0.0	0.0	3964.5	18164.5	7470.303601463546	55805435.89803924	16052023_s_Lm_st_L394_p_C04_pos002_tm_24_ch_Syto9_z_21.tif	16052023_s_Lm_st_L394_p_C04_pos002_tm_24_ch_Syto9_z_21.tif	2866	1035.9620128268375	1023.0	10	212.6	516.5	1529.5	1840.4	609.6152064526409	371630.6999382961																																									270.945	268.37128571428576	268.3	265.97	266.295	267.632	269.633	269.993	1.4114110366174994	1.9920811142856845																					slice_0021	slice_0001	1111528	64008.828811050815	2924.0	6	12.0	90.0	52197.0	201606.80000000008	151294.02269782702	22889881304.090595	55165.772	3179.928658115441	145.313	0.298	0.597	4.475	2595.026	10021.233000000004	7511.882385657657	56428376.97595377	142536.604	3562.976356191416	20.0	0.0	0.0	0.0	666.6665	5770.400200000008	15092.930816633594	227796560.635688	192958	10863.392205229404	488.0	1	2.0	15.0	8733.5	33892.80000000002	25996.837009929197	675835534.5208242	32.426	19.881476190476192	20.668	9.882	10.959	15.319	23.777	25.618	6.188204970902691	38.29388076190478	255.0	127.5	127.5	0.0	25.5	63.75	191.25	229.5	74.04503134354572	5482.666666666667	255	127.5	127.5	0	25.5	63.75	191.25	229.5	74.04503134354572	5482.666666666667	2026	1013.0	1013.0	0	202.6	506.5	1519.5	1823.4	585.2888175935022	342563.0	20	10.0	10.0	0	2.0	5.0	15.0	18.0	6.2048368229954285	38.5	255.0	127.5	127.5	0.0	25.5	63.75	191.25	229.5	74.04503134354572	5482.666666666667	255	127.5	127.5	0	25.5	63.75	191.25	229.5	74.04503134354572	5482.666666666667																					L394
16052023--s--Lm--st--L394--p--C04--pos003--tm--24--ch--Syto9--z--21	256.0	128.5	128.5	1.0	26.5	64.75	192.25	230.5	74.04503134354572	5482.666666666667	256	128.5	128.5	1	26.5	64.75	192.25	230.5	74.04503134354572	5482.666666666667	3425	1713.0	1713.0	1	343.40000000000003	857.0	2569.0	3082.6	988.8566630204804	977837.5											0.079	0.0621904761904761	0.069	0.034	0.039	0.042	0.073	0.075	0.0157563290382596	0.0002482619047619																					0.031	0.0247619047619047	0.024	0.022	0.022	0.022	0.026	0.029	0.0027550818845319	7.590476190476197e-06	567.0	453.0952380952381	475.0	281.0	316.0	347.0	531.0	557.0	95.3854835716131	9098.39047619047	26962.0	4096.0	31.0	0.0	0.0	0.0	3964.5	18164.5	7470.303601463546	55805435.89803924	14767	4096.0	1377.5	0	3.0	42.0	7557.25	12844.5	4985.599907655617	24856206.439215697	16052023_s_Lm_st_L394_p_C04_pos003_tm_24_ch_Syto9_z_21.tif	16052023_s_Lm_st_L394_p_C04_pos003_tm_24_ch_Syto9_z_21.tif	4095	1738.85897810219	1728.0	16	358.40000000000003	872.0	2584.0	3105.6	1008.0078198415374	1016079.7648616892																																									268.792	266.57314285714284	266.583	265.123	265.739	265.99	267.034	267.364	0.8370077231253528	0.7005819285714872																					slice_0021	slice_0001	360042	38236.1997080292	3456.0	6	12.0	138.0	46620.0	145721.19999999998	66206.86383419158	4383348818.759185	17873.872	1900.1274309489047	171.828	0.298	0.597	6.861	2318.278	7243.069199999998	3288.9940388534637	10817481.787613615	27661.212	1077.327663649635	13.333	0.0	0.0	0.0	385.333	2896.7999999999997	3424.259014406423	11725549.797743646	61444	6429.225109489051	576.0	1	2.0	23.0	7787.0	24453.4	11189.620331616456	125207603.16572437	14.416	11.322333333333331	12.54	6.2	7.086	7.711	13.269	13.617	2.8641233271864066	8.203202433333331	255.0	127.5	127.5	0.0	25.5	63.75	191.25	229.5	74.04503134354572	5482.666666666667	255	127.5	127.5	0	25.5	63.75	191.25	229.5	74.04503134354572	5482.666666666667	3424	1712.0	1712.0	0	342.40000000000003	856.0	2568.0	3081.6	988.8566630204804	977837.5	20	10.0	10.0	0	2.0	5.0	15.0	18.0	6.2048368229954285	38.5	255.0	127.5	127.5	0.0	25.5	63.75	191.25	229.5	74.04503134354572	5482.666666666667	255	127.5	127.5	0	25.5	63.75	191.25	229.5	74.04503134354572	5482.666666666667																					L394
16052023--s--Lm--st--L394--p--C04--pos004--tm--24--ch--Syto9--z--21	256.0	128.5	128.5	1.0	26.5	64.75	192.25	230.5	74.04503134354572	5482.666666666667	256	128.5	128.5	1	26.5	64.75	192.25	230.5	74.04503134354572	5482.666666666667	3785	1893.0	1893.0	1	379.4	947.0	2839.0	3406.6	1092.7797124763983	1194167.5											0.068	0.0516190476190476	0.054	0.034	0.04	0.047	0.057	0.062	0.0086630028885842	7.504761904761909e-05																					0.033	0.0260952380952381	0.025	0.021	0.023	0.024	0.028	0.03	0.0032234261571309	1.03904761904762e-05	418.0	362.3809523809524	382.0	246.0	295.0	343.0	402.0	410.0	49.298555952964975	2430.3476190476185	14767.0	4096.0	1377.5	0.0	3.0	42.0	7557.25	12844.5	4985.599907655617	24856206.439215697	24441	4096.0	42.5	0	0.0	1.0	4393.0	18186.5	7247.191204927896	52521780.360784255	16052023_s_Lm_st_L394_p_C04_pos004_tm_24_ch_Syto9_z_21.tif	16052023_s_Lm_st_L394_p_C04_pos004_tm_24_ch_Syto9_z_21.tif	4095	1915.1426684280048	1905.0	12	391.4	959.0	2851.0	3429.6	1109.8430341751723	1231751.5605071527																																									270.019	267.16023809523807	267.114	265.1	265.738	266.189	267.859	268.491	1.2044060737459377	1.450593990476105																					slice_0021	slice_0001	593984	34523.71466314399	2592.0	6	16.800000000000068	114.0	34724.0	112112.0	75142.06816124094	5646330407.548578	29491.727	1715.5105228533685	128.871	0.298	0.8158000000000045	5.668	1724.491	5572.5176	3732.193649787917	13929269.439517252	59388.025	1194.4133088507265	13.333	0.0	0.0	0.0	242.667	1830.6665999999996	5474.881831733484	29974331.071445383	102089	5817.7239101717305	433.0	1	3.0	19.0	5801.0	18779.6	12789.584248628693	163573465.2527711	12.418	9.416857142857143	9.778	6.27	7.295	8.58	10.369	11.237	1.5736318275160268	2.4763171285714303	255.0	127.5	127.5	0.0	25.5	63.75	191.25	229.5	74.04503134354572	5482.666666666667	255	127.5	127.5	0	25.5	63.75	191.25	229.5	74.04503134354572	5482.666666666667	3784	1892.0	1892.0	0	378.4	946.0	2838.0	3405.6	1092.7797124763983	1194167.5	20	10.0	10.0	0	2.0	5.0	15.0	18.0	6.2048368229954285	38.5	255.0	127.5	127.5	0.0	25.5	63.75	191.25	229.5	74.04503134354572	5482.666666666667	255	127.5	127.5	0	25.5	63.75	191.25	229.5	74.04503134354572	5482.666666666667																					L394
16052023--s--Lm--st--L394--p--C04--pos005--tm--24--ch--Syto9--z--21	256.0	128.5	128.5	1.0	26.5	64.75	192.25	230.5	74.04503134354572	5482.666666666667	256	128.5	128.5	1	26.5	64.75	192.25	230.5	74.04503134354572	5482.666666666667	2476	1238.5	1238.5	1	248.5	619.75	1857.25	2228.5	714.9039562533325	511087.6666666667											0.115	0.0928095238095238	0.093	0.068	0.077	0.083	0.1	0.107	0.0126278226453298	0.0001594619047619																					0.034	0.0272380952380952	0.026	0.022	0.023	0.025	0.03	0.031	0.0034482569786018	1.1890476190476182e-05	957.0	633.047619047619	638.0	363.0	480.0	544.0	723.0	771.0	136.8460727205849	18726.84761904761	24441.0	4096.0	42.5	0.0	0.0	1.0	4393.0	18186.5	7247.191204927896	52521780.360784255	15169	4096.0	1740.5	0	3.0	49.75	8027.0	11858.5	4662.17922368129	21735915.11372548	16052023_s_Lm_st_L394_p_C04_pos005_tm_24_ch_Syto9_z_21.tif	16052023_s_Lm_st_L394_p_C04_pos005_tm_24_ch_Syto9_z_21.tif	3642	1262.2245557350566	1249.5	12	259.5	630.75	1868.25	2242.5	738.5331585799142	545431.2263220247																																									269.389	267.231619047619	267.012	265.08	265.912	266.235	268.524	268.79	1.281591958315513	1.642477947618992																					slice_0021	slice_0001	635138	52699.13974151858	4056.0	6	12.0	138.0	58126.0	187354.0	100548.76286226878	10110053713.13276	31533.002	2618.491716074313	201.562	0.298	0.597	6.861	2889.67925	9313.526	4993.95754712178	24939611.982454587	64238.093	2063.8837435379646	26.667	0.0	0.0	0.0	628.3335	4582.666499999999	7344.734146830664	53945119.68762036	109265	8893.415185783522	677.5	1	2.0	23.0	9715.5	31472.0	17111.388728901937	292799624.2315923	20.963	16.894285714285715	16.917	12.453	14.086	15.18	18.237	19.539	2.295198992306705	5.267938414285714	255.0	127.5	127.5	0.0	25.5	63.75	191.25	229.5	74.04503134354572	5482.666666666667	255	127.5	127.5	0	25.5	63.75	191.25	229.5	74.04503134354572	5482.666666666667	2475	1237.5	1237.5	0	247.5	618.75	1856.25	2227.5	714.9039562533325	511087.6666666667	20	10.0	10.0	0	2.0	5.0	15.0	18.0	6.2048368229954285	38.5	255.0	127.5	127.5	0.0	25.5	63.75	191.25	229.5	74.04503134354572	5482.666666666667	255	127.5	127.5	0	25.5	63.75	191.25	229.5	74.04503134354572	5482.666666666667																					L394
16052023--s--Lm--st--L394--p--C05--pos001--tm--24--ch--Syto9--z--21	256.0	128.5	128.5	1.0	26.5	64.75	192.25	230.5	74.04503134354572	5482.666666666667	256	128.5	128.5	1	26.5	64.75	192.25	230.5	74.04503134354572	5482.666666666667	3920	1960.5	1960.5	1	392.9	980.75	2940.25	3528.1	1131.7508559749358	1280860.0											0.11	0.0755714285714285	0.077	0.04	0.043	0.053	0.1	0.107	0.0250011428310216	0.0006250571428571																					0.029	0.0244285714285714	0.025	0.021	0.023	0.023	0.025	0.026	0.0018593393604027	3.4571428571428566e-06	799.0	560.2380952380952	561.0	308.0	338.0	395.0	726.0	774.0	177.8448494508359	31628.790476190487	15169.0	4096.0	1740.5	0.0	3.0	49.75	8027.0	11858.5	4662.17922368129	21735915.11372548	18286	4096.0	480.0	0	1.0	5.75	6964.5	14833.5	5848.214173541171	34201609.01960784	16052023_s_Lm_st_L394_p_C05_pos001_tm_24_ch_Syto9_z_21.tif	16052023_s_Lm_st_L394_p_C05_pos001_tm_24_ch_Syto9_z_21.tif	4095	1976.8966836734692	1971.5	12	403.9	991.75	2951.25	3545.2	1140.7676960048652	1301350.9362482484																																									269.023	267.3564761904762	267.225	266.012	266.533	267.104	267.87	268.097	0.6866289113522094	0.4714592619047202																					Ch1	Ch1	577314	33358.7168367347	3282.0	6	18.0	154.5	32326.0	87613.2	78308.11432270061	6132160768.777149	28667.832	1657.4610280612246	163.1285	0.298	0.895	7.6815	1606.88625	4354.7216	3889.010666550111	15124403.96454054	41667.474	1090.556974744898	13.333	0.0	0.0	0.0	233.333	1359.2002999999995	4729.702628090902	22370086.950169984	98429	5617.368367346939	548.0	1	3.0	25.75	5403.0	14673.6	13287.042789839476	176545506.0990252	20.078	13.758904761904764	14.033	7.26	7.833	9.691	18.132	19.557	4.540510531919973	20.6162358904762	255.0	127.5	127.5	0.0	25.5	63.75	191.25	229.5	74.04503134354572	5482.666666666667	255	127.5	127.5	0	25.5	63.75	191.25	229.5	74.04503134354572	5482.666666666667	3919	1959.5	1959.5	0	391.9	979.75	2939.25	3527.1	1131.7508559749358	1280860.0	20	10.0	10.0	0	2.0	5.0	15.0	18.0	6.2048368229954285	38.5	255.0	127.5	127.5	0.0	25.5	63.75	191.25	229.5	74.04503134354572	5482.666666666667	255	127.5	127.5	0	25.5	63.75	191.25	229.5	74.04503134354572	5482.666666666667																					L394
16052023--s--Lm--st--L394--p--C05--pos002--tm--24--ch--Syto9--z--21	256.0	128.5	128.5	1.0	26.5	64.75	192.25	230.5	74.04503134354572	5482.666666666667	256	128.5	128.5	1	26.5	64.75	192.25	230.5	74.04503134354572	5482.666666666667	3512	1756.5	1756.5	1	352.1	878.75	2634.25	3160.9	1013.9713999911436	1028138.0											0.101	0.0729047619047619	0.08	0.036	0.045	0.059	0.088	0.095	0.020403197695226	0.0004162904761904																					0.029	0.0256666666666666	0.025	0.022	0.024	0.025	0.027	0.028	0.0018797162906495	3.53333333333335e-06	737.0	527.1428571428571	550.0	229.0	285.0	444.0	644.0	717.0	162.16790240805537	26298.42857142857	18286.0	4096.0	480.0	0.0	1.0	5.75	6964.5	14833.5	5848.214173541171	34201609.01960784	22855	4096.0	171.5	0	0.0	2.0	5194.5	17063.0	6804.184912934968	46296932.32941183	16052023_s_Lm_st_L394_p_C05_pos002_tm_24_ch_Syto9_z_21.tif	16052023_s_Lm_st_L394_p_C05_pos002_tm_24_ch_Syto9_z_21.tif	4095	1781.4288154897497	1770.5	15	366.1	892.75	2648.25	3183.9	1033.0376206979274	1067166.7257772349																																									268.673	267.43333333333334	267.235	266.577	266.814	266.915	267.735	268.348	0.6274996679946039	0.3937558333333381																					slice_0021	slice_0001	790056	37175.765375854215	2620.0	6	18.0	120.0	30482.0	95199.4	98267.1208559319	9656427041.314327	39237.537	1847.0688667425968	130.2305	0.298	0.895	5.966	1515.876	4731.9633	4880.355969567122	23817874.38968944	63039.975	1395.6841415148065	13.333	0.0	0.0	0.0	233.333	1580.5330000000008	6555.720274124579	42977468.312568046	135036	6269.958997722096	437.5	1	3.0	20.0	5090.75	15948.4	16711.40125162097	279270931.7926789	18.375	13.27847619047619	14.624	6.496	8.146	10.786	16.031	17.299	3.727558150036664	13.894689761904754	255.0	127.5	127.5	0.0	25.5	63.75	191.25	229.5	74.04503134354572	5482.666666666667	255	127.5	127.5	0	25.5	63.75	191.25	229.5	74.04503134354572	5482.666666666667	3511	1755.5	1755.5	0	351.1	877.75	2633.25	3159.9	1013.9713999911436	1028138.0	20	10.0	10.0	0	2.0	5.0	15.0	18.0	6.2048368229954285	38.5	255.0	127.5	127.5	0.0	25.5	63.75	191.25	229.5	74.04503134354572	5482.666666666667	255	127.5	127.5	0	25.5	63.75	191.25	229.5	74.04503134354572	5482.666666666667																					L394
16052023--s--Lm--st--L394--p--C05--pos003--tm--24--ch--Syto9--z--21	256.0	128.5	128.5	1.0	26.5	64.75	192.25	230.5	74.04503134354572	5482.666666666667	256	128.5	128.5	1	26.5	64.75	192.25	230.5	74.04503134354572	5482.666666666667	4057	2029.0	2029.0	1	406.6	1015.0	3043.0	3651.4	1171.299349725196	1371942.1666666667											0.206	0.0944285714285714	0.08	0.004	0.004	0.014	0.17	0.193	0.0797179850652106	0.0063549571428571																					0.025	0.0223809523809523	0.022	0.02	0.021	0.022	0.023	0.023	0.0010712698295103	1.1476190476190496e-06	1623.0	760.2857142857143	652.0	30.0	40.0	115.0	1385.0	1560.0	638.1177119354345	407194.2142857142	22855.0	4096.0	171.5	0.0	0.0	2.0	5194.5	17063.0	6804.184912934968	46296932.32941183	13377	4096.0	2271.0	4	158.0	505.0	7179.75	11535.0	4248.883768524548	18053013.278431367	16052023_s_Lm_st_L394_p_C05_pos003_tm_24_ch_Syto9_z_21.tif	16052023_s_Lm_st_L394_p_C05_pos003_tm_24_ch_Syto9_z_21.tif	4095	2066.999753512448	2067.0	38	444.6	1053.0	3081.0	3689.4	1171.2997767066902	1371943.1669131422																																									269.605	266.80114285714285	266.524	265.825	265.989	266.23	266.793	268.428	0.98214618492944	0.9646111285714536																					slice_0021	slice_0001	173028	32374.549667241805	14090.0	6	1043.2	2934.0	54700.0	89554.8	38239.266379407294	1462241493.2352693	8596.434	1609.1506241064826	700.376	0.298	51.8924	145.875	2719.488	4451.808	1900.2012474651608	3610764.7808681536	60421.527	533.2653894503328	53.333	0.0	0.0	6.667	406.667	1393.8666	1536.3791708903236	2360460.9567456385	33458	5426.560512694109	2352.0	1	174.0	489.0	9137.0	14994.8	6438.419190104294	41453241.66750324	37.48	17.187857142857144	14.52	0.66	0.816	2.484	30.933	35.084	14.501410935787298	210.29091912857143	255.0	127.5	127.5	0.0	25.5	63.75	191.25	229.5	74.04503134354572	5482.666666666667	255	127.5	127.5	0	25.5	63.75	191.25	229.5	74.04503134354572	5482.666666666667	4056	2028.0	2028.0	0	405.6	1014.0	3042.0	3650.4	1171.299349725196	1371942.1666666667	20	10.0	10.0	0	2.0	5.0	15.0	18.0	6.2048368229954285	38.5	255.0	127.5	127.5	0.0	25.5	63.75	191.25	229.5	74.04503134354572	5482.666666666667	255	127.5	127.5	0	25.5	63.75	191.25	229.5	74.04503134354572	5482.666666666667																					L394
16052023--s--Lm--st--L394--p--C05--pos004--tm--24--ch--Syto9--z--21	256.0	128.5	128.5	1.0	26.5	64.75	192.25	230.5	74.04503134354572	5482.666666666667	256	128.5	128.5	1	26.5	64.75	192.25	230.5	74.04503134354572	5482.666666666667	4076	2038.5	2038.5	1	408.5	1019.75	3057.25	3668.5	1176.7841773239477	1384821.0											0.1	0.0667619047619047	0.072	0.02	0.024	0.048	0.091	0.096	0.0283688293059561	0.0008047904761904																					0.027	0.0231904761904761	0.023	0.021	0.021	0.022	0.024	0.025	0.0016618979396776	2.761904761904767e-06	795.0	518.5714285714286	567.0	167.0	192.0	393.0	671.0	728.0	210.10677557579416	44144.85714285714	13377.0	4096.0	2271.0	4.0	158.0	505.0	7179.75	11535.0	4248.883768524548	18053013.278431367	13322	4096.0	2195.0	2	74.0	339.0	7287.5	11621.5	4376.799797864673	19156376.47058824	16052023_s_Lm_st_L394_p_C05_pos004_tm_24_ch_Syto9_z_21.tif	16052023_s_Lm_st_L394_p_C05_pos004_tm_24_ch_Syto9_z_21.tif	4095	2057.4997546614327	2057.5	19	427.5	1038.75	3076.25	3687.5	1176.7846023148531	1384822.0002453271																																									268.038	266.92723809523807	266.999	266.057	266.267	266.587	267.224	267.42	0.5036604912797887	0.2536738904761981																					slice_0021	slice_0001	426304	32156.160942100098	8680.0	6	389.0	1391.5	39626.5	81134.0	59950.444827761625	3594055835.0464907	21171.703	1597.9593385672229	431.5755	0.298	19.3245	69.20025000000001	1969.8825	4033.081	2977.878051276279	8867757.688273009	28264.291	807.7911982335623	33.333	0.0	0.0	0.0	266.667	1184.0	3175.10440018139	10081287.952051222	72510	5402.249018645731	1447.5	1	65.0	232.0	6639.5	13581.5	10145.914327412866	102939577.53920166	18.254	12.18252380952381	13.2	3.717	4.359	8.788	16.587	17.542	5.156338668270808	26.58782846190477	255.0	127.5	127.5	0.0	25.5	63.75	191.25	229.5	74.04503134354572	5482.666666666667	255	127.5	127.5	0	25.5	63.75	191.25	229.5	74.04503134354572	5482.666666666667	4075	2037.5	2037.5	0	407.5	1018.75	3056.25	3667.5	1176.7841773239477	1384821.0	20	10.0	10.0	0	2.0	5.0	15.0	18.0	6.2048368229954285	38.5	255.0	127.5	127.5	0.0	25.5	63.75	191.25	229.5	74.04503134354572	5482.666666666667	255	127.5	127.5	0	25.5	63.75	191.25	229.5	74.04503134354572	5482.666666666667																					L394
16052023--s--Lm--st--L394--p--C05--pos005--tm--24--ch--Syto9--z--21	256.0	128.5	128.5	1.0	26.5	64.75	192.25	230.5	74.04503134354572	5482.666666666667	256	128.5	128.5	1	26.5	64.75	192.25	230.5	74.04503134354572	5482.666666666667	4070	2035.5	2035.5	1	407.9	1018.25	3052.75	3663.1	1175.052126503331	1380747.5											0.153	0.0867142857142857	0.101	0.016	0.018	0.03	0.132	0.14	0.049752530445338	0.0024753142857142																					0.025	0.0231428571428571	0.023	0.021	0.022	0.023	0.024	0.024	0.0008535639569308	7.285714285714283e-07	1175.0	677.1904761904761	748.0	128.0	151.0	255.0	993.0	1084.0	380.2047631273994	144555.6619047619	13322.0	4096.0	2195.0	2.0	74.0	339.0	7287.5	11621.5	4376.799797864673	19156376.47058824	14054	4096.0	2084.5	5	30.5	221.5	7403.25	11793.0	4490.31150585434	20162897.419607867	16052023_s_Lm_st_L394_p_C05_pos005_tm_24_ch_Syto9_z_21.tif	16052023_s_Lm_st_L394_p_C05_pos005_tm_24_ch_Syto9_z_21.tif	4095	2060.499017199017	2060.5	24	432.9	1043.25	3077.75	3688.1	1175.0538285538362	1380751.4999990282																																									267.68	266.7593333333333	266.741	266.102	266.323	266.465	266.976	267.292	0.389793193031051	0.1519387333333421																					slice_0021	slice_0001	332854	32234.99606879607	9781.0	6	381.60000000000014	1435.0	43810.5	84258.59999999999	53066.31949910509	2816034265.1811013	16531.596	1601.9668818181815	486.267	0.298	18.943400000000008	71.3385	2177.7925	4188.342699999999	2636.102254192401	6949035.09455826	18909.85	713.3533100737101	33.333	0.0	0.0	6.667	300.0	1272.0	2424.792212629968	5879617.274430935	56409	5410.208845208846	1633.0	1	63.900000000000034	239.25	7324.75	14109.9	8959.219077923757	80267606.48623301	27.806	15.785904761904764	18.375	2.953	3.213	5.488	23.985	25.531	9.042841615912344	81.77298449047618	255.0	127.5	127.5	0.0	25.5	63.75	191.25	229.5	74.04503134354572	5482.666666666667	255	127.5	127.5	0	25.5	63.75	191.25	229.5	74.04503134354572	5482.666666666667	4069	2034.5	2034.5	0	406.9	1017.25	3051.75	3662.1	1175.052126503331	1380747.5	20	10.0	10.0	0	2.0	5.0	15.0	18.0	6.2048368229954285	38.5	255.0	127.5	127.5	0.0	25.5	63.75	191.25	229.5	74.04503134354572	5482.666666666667	255	127.5	127.5	0	25.5	63.75	191.25	229.5	74.04503134354572	5482.666666666667																					L394
16052023--s--Lm--st--L394--p--C06--pos001--tm--24--ch--Syto9--z--21	256.0	128.5	128.5	1.0	26.5	64.75	192.25	230.5	74.04503134354572	5482.666666666667	256	128.5	128.5	1	26.5	64.75	192.25	230.5	74.04503134354572	5482.666666666667	2644	1322.5	1322.5	1	265.3	661.75	1983.25	2379.7000000000003	763.4013797909109	582781.6666666666											0.156	0.1036666666666666	0.103	0.037	0.047	0.07	0.134	0.149	0.0390734351360784	0.0015267333333333																					0.033	0.0276666666666666	0.028	0.024	0.025	0.025	0.029	0.031	0.0025166114784235	6.333333333333333e-06	1130.0	709.6190476190476	696.0	218.0	280.0	431.0	988.0	1060.0	307.72917901792744	94697.24761904764	14054.0	4096.0	2084.5	5.0	30.5	221.5	7403.25	11793.0	4490.31150585434	20162897.419607867	24747	4096.0	252.5	0	0.0	2.75	5080.0	16856.0	6846.913707477774	46880227.31764703	16052023_s_Lm_st_L394_p_C06_pos001_tm_24_ch_Syto9_z_21.tif	16052023_s_Lm_st_L394_p_C06_pos001_tm_24_ch_Syto9_z_21.tif	4095	1366.125945537065	1331.5	10	274.3	670.75	1992.25	2416.7000000000003	832.7517370535452	693475.4555656969																																									270.015	268.444	268.078	266.763	267.414	267.703	269.468	269.959	1.0015321262944832	1.0030665999999484																					slice_0021	slice_0001	982432	49193.08245083207	2162.0	6	6.0	66.0	32530.5	133356.20000000024	131153.90266884572	17201346185.269054	48767.753	2443.5824882753404	107.5245	0.298	0.298	3.281	1616.91575	6628.370900000012	6511.658330384417	42401694.21166477	102167.619	2400.2888729198185	13.333	0.0	0.0	0.0	313.333	3040.4000000000037	10805.79673210505	116765243.01557216	169146	8328.326399394857	360.5	1	1.0	11.0	5436.25	22379.70000000004	22415.753779233703	502466017.4912301	28.466	18.89819047619048	18.758	6.704	8.597	12.783	24.35	27.216	7.119251088555929	50.68373606190478	255.0	127.5	127.5	0.0	25.5	63.75	191.25	229.5	74.04503134354572	5482.666666666667	255	127.5	127.5	0	25.5	63.75	191.25	229.5	74.04503134354572	5482.666666666667	2643	1321.5	1321.5	0	264.3	660.75	1982.25	2378.7000000000003	763.4013797909109	582781.6666666666	20	10.0	10.0	0	2.0	5.0	15.0	18.0	6.2048368229954285	38.5	255.0	127.5	127.5	0.0	25.5	63.75	191.25	229.5	74.04503134354572	5482.666666666667	255	127.5	127.5	0	25.5	63.75	191.25	229.5	74.04503134354572	5482.666666666667																					L394
16052023--s--Lm--st--L394--p--C06--pos002--tm--24--ch--Syto9--z--21	256.0	128.5	128.5	1.0	26.5	64.75	192.25	230.5	74.04503134354572	5482.666666666667	256	128.5	128.5	1	26.5	64.75	192.25	230.5	74.04503134354572	5482.666666666667	2719	1360.0	1360.0	1	272.8	680.5	2039.5	2447.2000000000003	785.0520152618338	616306.6666666666											0.11	0.0842857142857142	0.096	0.039	0.045	0.067	0.101	0.107	0.0234374547618611	0.0005493142857142																					0.035	0.0289047619047619	0.029	0.023	0.025	0.026	0.032	0.033	0.0034191338362919	1.16904761904762e-05	867.0	552.5238095238095	627.0	217.0	263.0	388.0	697.0	749.0	196.82596857315832	38740.46190476191	24747.0	4096.0	252.5	0.0	0.0	2.75	5080.0	16856.0	6846.913707477774	46880227.31764703	21307	4096.0	222.5	0	0.0	3.0	6067.0	16232.0	6465.023818405392	41796532.97254904	16052023_s_Lm_st_L394_p_C06_pos002_tm_24_ch_Syto9_z_21.tif	16052023_s_Lm_st_L394_p_C06_pos002_tm_24_ch_Syto9_z_21.tif	4095	1393.2342773078335	1369.0	10	281.8	689.5	2048.5	2481.2000000000003	831.7121479477815	691745.0970439125																																									272.089	269.2210476190476	269.021	267.326	267.977	268.225	270.019	270.801	1.2682033936317552	1.6083398476191006																					slice_0021	slice_0001	1278836	47771.86318499449	1866.0	6	12.0	60.0	33010.0	129848.40000000036	138913.05619501063	19296837181.438183	63517.768	2373.5951956601693	92.872	0.298	0.597	2.983	1640.748	6454.9156000000185	6899.479627244329	47602819.12675955	152061.08	2499.502602059581	13.333	0.0	0.0	0.0	315.3335	2684.5334000000007	13570.330462277989	184153868.8554299	221536	8098.600956233909	312.0	1	2.0	10.0	5519.0	21775.400000000063	23866.13806313409	569592546.048578	19.956	15.341142857142856	17.455	7.086	8.25	12.227	18.48	19.452	4.271176199663441	18.24294612857144	255.0	127.5	127.5	0.0	25.5	63.75	191.25	229.5	74.04503134354572	5482.666666666667	255	127.5	127.5	0	25.5	63.75	191.25	229.5	74.04503134354572	5482.666666666667	2718	1359.0	1359.0	0	271.8	679.5	2038.5	2446.2000000000003	785.0520152618338	616306.6666666666	20	10.0	10.0	0	2.0	5.0	15.0	18.0	6.2048368229954285	38.5	255.0	127.5	127.5	0.0	25.5	63.75	191.25	229.5	74.04503134354572	5482.666666666667	255	127.5	127.5	0	25.5	63.75	191.25	229.5	74.04503134354572	5482.666666666667																					L394
16052023--s--Lm--st--L394--p--C06--pos003--tm--24--ch--Syto9--z--21	256.0	128.5	128.5	1.0	26.5	64.75	192.25	230.5	74.04503134354572	5482.666666666667	256	128.5	128.5	1	26.5	64.75	192.25	230.5	74.04503134354572	5482.666666666667	2520	1260.5	1260.5	1	252.9	630.75	1890.25	2268.1	727.6056624298632	529410.0											0.196	0.1337619047619047	0.124	0.081	0.108	0.12	0.154	0.173	0.0284163769011898	0.0008074904761904																					0.031	0.0259047619047619	0.025	0.022	0.023	0.024	0.028	0.03	0.002808999143908	7.890476190476181e-06	1479.0	960.095238095238	922.0	496.0	652.0	774.0	1178.0	1309.0	266.6246246620713	71088.69047619042	21307.0	4096.0	222.5	0.0	0.0	3.0	6067.0	16232.0	6465.023818405392	41796532.97254904	26056	4096.0	224.0	0	0.0	2.0	5037.75	16141.5	7016.148010825022	49226332.90980391	16052023_s_Lm_st_L394_p_C06_pos003_tm_24_ch_Syto9_z_21.tif	16052023_s_Lm_st_L394_p_C06_pos003_tm_24_ch_Syto9_z_21.tif	3229	1284.1777777777777	1272.5	13	264.9	642.75	1902.25	2290.1	748.4837223575422	560227.8826342023																																									269.965	267.9912857142857	267.478	266.306	266.861	267.054	269.173	269.369	1.1308874896671712	1.278906514285716																					slice_0021	slice_0001	548674	51855.69365079365	3290.0	6	12.0	108.0	52980.0	196376.6	98117.6650121238	9627076187.431343	27246.862	2576.7906714285714	163.51	0.298	0.597	5.37	2633.422	9762.6197	4874.229783538347	23758115.98273228	43983.07	1811.90120515873	20.0	0.0	0.0	0.0	553.33325	4763.2003	5724.892947052253	32774399.255208623	93705	8738.133333333333	549.0	1	2.0	18.0	8857.5	33009.6	16626.826334714297	276451353.9647488	35.639	24.35919047619048	22.561	14.746	19.661	21.866	28.136	31.419	5.165409941321673	26.681459861904774	255.0	127.5	127.5	0.0	25.5	63.75	191.25	229.5	74.04503134354572	5482.666666666667	255	127.5	127.5	0	25.5	63.75	191.25	229.5	74.04503134354572	5482.666666666667	2519	1259.5	1259.5	0	251.9	629.75	1889.25	2267.1	727.6056624298632	529410.0	20	10.0	10.0	0	2.0	5.0	15.0	18.0	6.2048368229954285	38.5	255.0	127.5	127.5	0.0	25.5	63.75	191.25	229.5	74.04503134354572	5482.666666666667	255	127.5	127.5	0	25.5	63.75	191.25	229.5	74.04503134354572	5482.666666666667																					L394
16052023--s--Lm--st--L394--p--C06--pos004--tm--24--ch--Syto9--z--21	256.0	128.5	128.5	1.0	26.5	64.75	192.25	230.5	74.04503134354572	5482.666666666667	256	128.5	128.5	1	26.5	64.75	192.25	230.5	74.04503134354572	5482.666666666667	2649	1325.0	1325.0	1	265.8	663.0	1987.0	2384.2000000000003	764.8447554896353	584987.5											0.101	0.0715714285714285	0.078	0.029	0.047	0.059	0.086	0.098	0.0214699125023168	0.0004609571428571																					0.035	0.0287142857142857	0.029	0.022	0.024	0.026	0.032	0.033	0.0036488745818794	1.3314285714285718e-05	722.0	470.8095238095238	492.0	153.0	274.0	354.0	597.0	679.0	171.61748717645844	29452.561904761875	26056.0	4096.0	224.0	0.0	0.0	2.0	5037.75	16141.5	7016.148010825022	49226332.90980391	20195	4096.0	337.0	0	0.0	3.0	6597.0	15868.0	6203.705948076205	38485967.49019608	16052023_s_Lm_st_L394_p_C06_pos004_tm_24_ch_Syto9_z_21.tif	16052023_s_Lm_st_L394_p_C06_pos004_tm_24_ch_Syto9_z_21.tif	3686	1347.9550773876936	1334.0	10	274.8	672.0	1996.0	2402.4000000000005	790.5831220245847	625021.6728301393																																									271.899	269.1842380952381	269.132	267.162	267.349	268.106	270.204	270.869	1.418192790306104	2.011270790476213																					slice_0021	slice_0001	1125086	49113.88448471121	3582.0	6	12.0	126.0	44702.0	126432.8000000001	129537.27321518087	16779905152.02442	55867.001	2440.0876277840694	178.093	0.298	0.597	6.265	2222.659	6284.526800000004	6432.668801538907	41379227.910292	123639.641	2340.219621744054	20.0	0.0	0.0	0.0	432.0	2607.4666000000047	11802.716916859295	139304126.61951658	194333	8312.607021517553	597.0	1	2.0	21.0	7475.0	21210.20000000001	22205.033114250276	493063495.6049512	18.428	13.046	14.242	5.349	8.649	10.699	15.649	17.82	3.8988856100173033	15.201308999999998	255.0	127.5	127.5	0.0	25.5	63.75	191.25	229.5	74.04503134354572	5482.666666666667	255	127.5	127.5	0	25.5	63.75	191.25	229.5	74.04503134354572	5482.666666666667	2648	1324.0	1324.0	0	264.8	662.0	1986.0	2383.2000000000003	764.8447554896353	584987.5	20	10.0	10.0	0	2.0	5.0	15.0	18.0	6.2048368229954285	38.5	255.0	127.5	127.5	0.0	25.5	63.75	191.25	229.5	74.04503134354572	5482.666666666667	255	127.5	127.5	0	25.5	63.75	191.25	229.5	74.04503134354572	5482.666666666667																					L394
16052023--s--Lm--st--L394--p--C06--pos005--tm--24--ch--Syto9--z--21	256.0	128.5	128.5	1.0	26.5	64.75	192.25	230.5	74.04503134354572	5482.666666666667	256	128.5	128.5	1	26.5	64.75	192.25	230.5	74.04503134354572	5482.666666666667	2551	1276.0	1276.0	1	256.0	638.5	1913.5	2296.0	736.5545917762421	542512.6666666666											0.14	0.1141904761904762	0.119	0.086	0.091	0.103	0.127	0.133	0.0168541361321755	0.0002840619047619																					0.032	0.0265714285714285	0.025	0.023	0.023	0.024	0.029	0.03	0.0030260771399855	9.157142857142867e-06	1076.0	796.952380952381	827.0	488.0	565.0	727.0	885.0	981.0	161.36897972983408	26039.9476190476	20195.0	4096.0	337.0	0.0	0.0	3.0	6597.0	15868.0	6203.705948076205	38485967.49019608	21756	4096.0	343.5	0	0.0	2.75	6056.5	15777.0	6387.5984992980975	40801414.58823531	16052023_s_Lm_st_L394_p_C06_pos005_tm_24_ch_Syto9_z_21.tif	16052023_s_Lm_st_L394_p_C06_pos005_tm_24_ch_Syto9_z_21.tif	3395	1300.7526460211682	1287.0	12	267.0	649.5	1924.5	2318.0	761.7760843670428	580302.8027135839																																									270.437	268.16961904761905	268.105	266.244	266.924	267.204	269.039	269.506	1.1619871546704277	1.3502141476190763																					slice_0021	slice_0001	609756	51195.46922775382	3430.0	6	12.0	102.0	53726.0	189876.0	98226.13531609705	9648373659.136206	30280.227	2544.1116181889456	170.503	0.298	0.597	5.071	2671.661	9439.24	4879.597174306904	23810468.58350392	56087.573	1871.9718914151315	20.0	0.0	0.0	0.0	573.333	4465.333	6458.229636830962	41708730.04204178	104539	8631.9466875735	573.0	1	2.0	17.0	8984.0	31881.0	16680.101216398954	278225776.58931386	25.496	20.78214285714286	21.658	15.736	16.534	18.688	23.1	24.263	3.061428903073112	9.372346928571435	255.0	127.5	127.5	0.0	25.5	63.75	191.25	229.5	74.04503134354572	5482.666666666667	255	127.5	127.5	0	25.5	63.75	191.25	229.5	74.04503134354572	5482.666666666667	2550	1275.0	1275.0	0	255.0	637.5	1912.5	2295.0	736.5545917762421	542512.6666666666	20	10.0	10.0	0	2.0	5.0	15.0	18.0	6.2048368229954285	38.5	255.0	127.5	127.5	0.0	25.5	63.75	191.25	229.5	74.04503134354572	5482.666666666667	255	127.5	127.5	0	25.5	63.75	191.25	229.5	74.04503134354572	5482.666666666667																					L394
16052023--s--Lm--st--L394--p--D03--pos001--tm--24--ch--Syto9--z--21	256.0	128.5	128.5	1.0	26.5	64.75	192.25	230.5	74.04503134354572	5482.666666666667	256	128.5	128.5	1	26.5	64.75	192.25	230.5	74.04503134354572	5482.666666666667	3132	1566.5	1566.5	1	314.1	783.75	2349.25	2818.9	904.2748475988924	817713.0											0.138	0.1004761904761904	0.104	0.043	0.059	0.094	0.113	0.132	0.027178335209536	0.0007386619047619																					0.028	0.0256190476190476	0.026	0.022	0.024	0.025	0.027	0.028	0.0016575943555704	2.7476190476190603e-06	1021.0	724.3333333333334	749.0	284.0	401.0	647.0	927.0	962.0	217.01321004338263	47094.73333333332	21756.0	4096.0	343.5	0.0	0.0	2.75	6056.5	15777.0	6387.5984992980975	40801414.58823531	23681	4096.0	82.5	0	0.0	1.0	5119.0	17339.5	6942.071246548602	48192353.19215686	16052023_s_Lm_st_L394_p_D03_pos001_tm_24_ch_Syto9_z_21.tif	16052023_s_Lm_st_L394_p_D03_pos001_tm_24_ch_Syto9_z_21.tif	4020	1591.8786717752234	1577.5	12	325.1	794.75	2360.25	2836.9	930.3099056588612	865476.520566999																																									268.741	267.9350476190476	267.969	267.058	267.344	267.557	268.355	268.645	0.5031229945242474	0.2531327476190458																					slice_0021	slice_0001	707754	41676.56832694764	2696.0	6	18.0	126.0	33284.0	115290.40000000004	101371.42278306556	10276165357.063025	35146.26	2070.597854086845	134.0255	0.298	0.895	6.265	1654.43575	5731.096400000002	5034.193436919842	25343103.56032681	57500.911	1594.7041637931034	13.333	0.0	0.0	0.0	280.0	2186.133600000001	6610.022271123788	43692394.42475248	120896	7030.681992337165	450.0	1	3.0	21.0	5562.25	19320.000000000007	17227.365560607934	296782124.1588203	25.149	18.296142857142858	18.949	7.816	10.768	17.073	20.616	24.09	4.961407655955255	24.61556592857142	255.0	127.5	127.5	0.0	25.5	63.75	191.25	229.5	74.04503134354572	5482.666666666667	255	127.5	127.5	0	25.5	63.75	191.25	229.5	74.04503134354572	5482.666666666667	3131	1565.5	1565.5	0	313.1	782.75	2348.25	2817.9	904.2748475988924	817713.0	20	10.0	10.0	0	2.0	5.0	15.0	18.0	6.2048368229954285	38.5	255.0	127.5	127.5	0.0	25.5	63.75	191.25	229.5	74.04503134354572	5482.666666666667	255	127.5	127.5	0	25.5	63.75	191.25	229.5	74.04503134354572	5482.666666666667																					L394
16052023--s--Lm--st--L394--p--D03--pos002--tm--24--ch--Syto9--z--21	256.0	128.5	128.5	1.0	26.5	64.75	192.25	230.5	74.04503134354572	5482.666666666667	256	128.5	128.5	1	26.5	64.75	192.25	230.5	74.04503134354572	5482.666666666667	3586	1793.5	1793.5	1	359.5	897.25	2689.75	3227.5	1035.3333601631248	1071915.1666666667											0.12	0.0834285714285714	0.091	0.035	0.043	0.066	0.107	0.111	0.0270140175252986	0.0007297571428571																					0.028	0.0242857142857142	0.024	0.022	0.023	0.023	0.026	0.026	0.0017361698402764	3.014285714285714e-06	844.0	619.7142857142857	659.0	290.0	333.0	500.0	780.0	833.0	189.22186524213916	35804.91428571426	23681.0	4096.0	82.5	0.0	0.0	1.0	5119.0	17339.5	6942.071246548602	48192353.19215686	22643	4096.0	245.0	0	0.0	1.0	6082.75	15491.5	6426.091714986001	41294654.72941172	16052023_s_Lm_st_L394_p_D03_pos002_tm_24_ch_Syto9_z_21.tif	16052023_s_Lm_st_L394_p_D03_pos002_tm_24_ch_Syto9_z_21.tif	4095	1819.2587841606248	1807.5	15	373.5	911.25	2703.75	3248.5	1055.608659135008	1114309.641240809																																									268.477	267.71914285714286	267.759	266.909	267.078	267.401	268.05	268.261	0.4330089243554209	0.1874967285714386																					slice_0021	slice_0001	407358	36523.83324037925	3273.0	6	15.0	132.0	41692.0	123893.0	68687.69846152992	4717999919.942059	20228.016	1815.057990518684	162.7295	0.298	0.746	6.563	2072.6735	6157.707	3412.2134128317603	11643200.374708967	27969.018	1018.623642777468	13.333	0.0	0.0	0.0	336.0	2226.4605	3491.078209344853	12187627.063762464	69323	6140.57334076966	546.5	1	2.5	22.0	6970.25	20759.5	11612.343171338416	134846513.92892992	21.936	15.18552380952381	16.517	6.374	7.868	12.036	19.4	20.234	4.9257519387302455	24.26303216190477	255.0	127.5	127.5	0.0	25.5	63.75	191.25	229.5	74.04503134354572	5482.666666666667	255	127.5	127.5	0	25.5	63.75	191.25	229.5	74.04503134354572	5482.666666666667	3585	1792.5	1792.5	0	358.5	896.25	2688.75	3226.5	1035.3333601631248	1071915.1666666667	20	10.0	10.0	0	2.0	5.0	15.0	18.0	6.2048368229954285	38.5	255.0	127.5	127.5	0.0	25.5	63.75	191.25	229.5	74.04503134354572	5482.666666666667	255	127.5	127.5	0	25.5	63.75	191.25	229.5	74.04503134354572	5482.666666666667																					L394
16052023--s--Lm--st--L394--p--D03--pos003--tm--24--ch--Syto9--z--21	256.0	128.5	128.5	1.0	26.5	64.75	192.25	230.5	74.04503134354572	5482.666666666667	256	128.5	128.5	1	26.5	64.75	192.25	230.5	74.04503134354572	5482.666666666667	3836	1918.5	1918.5	1	384.5	959.75	2877.25	3452.5	1107.50214446745	1226561.0											0.104	0.0764761904761904	0.087	0.039	0.043	0.053	0.096	0.1	0.0237478821110831	0.0005639619047619																					0.027	0.0237142857142857	0.023	0.021	0.022	0.022	0.025	0.026	0.0017071279138616	2.9142857142857256e-06	736.0	579.8095238095239	632.0	330.0	346.0	444.0	709.0	726.0	152.99333941306693	23406.9619047619	22643.0	4096.0	245.0	0.0	0.0	1.0	6082.75	15491.5	6426.091714986001	41294654.72941172	17772	4096.0	728.5	0	2.0	20.75	6964.75	14329.0	5628.125690863424	31675798.79215689	16052023_s_Lm_st_L394_p_D03_pos003_tm_24_ch_Syto9_z_21.tif	16052023_s_Lm_st_L394_p_D03_pos003_tm_24_ch_Syto9_z_21.tif	4095	1943.9014598540143	1935.5	17	401.5	976.75	2894.25	3482.5	1121.571370524005	1257922.3391790949																																									268.8	267.6152380952381	267.598	266.755	267.05	267.232	267.891	268.298	0.5634545150020241	0.3174809904761663																					slice_0021	slice_0001	331032	34179.07924921794	3013.0	6	12.0	120.0	40473.5	130424.0	60184.604628452624	3622186634.2831607	16441.526	1698.674939781022	149.85	0.298	0.597	5.966	2011.88925	6483.6335	2990.298941959178	8941887.762282182	21985.94	842.383968717414	13.333	0.0	0.0	0.0	307.12625	2268.0	2662.0463953737626	7086491.011122444	56275	5740.37669447341	502.5	1	2.0	20.0	6760.25	21844.5	10151.671006125236	103056424.21660376	18.966	13.943285714285716	15.77	7.19	7.868	9.709	17.403	18.271	4.319710443338271	18.659898314285723	255.0	127.5	127.5	0.0	25.5	63.75	191.25	229.5	74.04503134354572	5482.666666666667	255	127.5	127.5	0	25.5	63.75	191.25	229.5	74.04503134354572	5482.666666666667	3835	1917.5	1917.5	0	383.5	958.75	2876.25	3451.5	1107.50214446745	1226561.0	20	10.0	10.0	0	2.0	5.0	15.0	18.0	6.2048368229954285	38.5	255.0	127.5	127.5	0.0	25.5	63.75	191.25	229.5	74.04503134354572	5482.666666666667	255	127.5	127.5	0	25.5	63.75	191.25	229.5	74.04503134354572	5482.666666666667																					L394
16052023--s--Lm--st--L394--p--D03--pos004--tm--24--ch--Syto9--z--21	256.0	128.5	128.5	1.0	26.5	64.75	192.25	230.5	74.04503134354572	5482.666666666667	256	128.5	128.5	1	26.5	64.75	192.25	230.5	74.04503134354572	5482.666666666667	3806	1903.5	1903.5	1	381.5	952.25	2854.75	3425.5	1098.8418903554775	1207453.5											0.094	0.0754761904761904	0.078	0.051	0.056	0.062	0.088	0.092	0.0141372523766786	0.0001998619047619																					0.029	0.0248571428571428	0.025	0.022	0.022	0.023	0.026	0.028	0.002264634943776	5.12857142857143e-06	682.0	554.0952380952381	579.0	372.0	431.0	482.0	644.0	653.0	92.7404468190146	8600.790476190476	17772.0	4096.0	728.5	0.0	2.0	20.75	6964.75	14329.0	5628.125690863424	31675798.79215689	22651	4096.0	84.0	0	0.0	1.0	5217.25	17332.0	6870.7253160512455	47206866.36862749	16052023_s_Lm_st_L394_p_D03_pos004_tm_24_ch_Syto9_z_21.tif	16052023_s_Lm_st_L394_p_D03_pos004_tm_24_ch_Syto9_z_21.tif	4095	1929.2246452969	1915.5	13	393.5	964.25	2866.75	3467.0	1121.605197665044	1257998.2194292422																																									268.981	267.88361904761905	268.088	266.585	266.975	267.134	268.332	268.841	0.727506802455496	0.5292661476190201																					slice_0021	slice_0001	537796	34380.91329479769	2005.0	6	12.0	72.0	32692.5	115782.0	73920.28282349689	5464208212.7057705	26707.574	1708.5151986337362	99.7025	0.298	0.597	3.58	1624.8945	5755.407999999999	3672.060641075196	13484029.351733582	41210.335	1052.6689810825012	6.667	0.0	0.0	0.0	242.667	1924.0	4328.088180931759	18732347.301921185	91828	5785.612979506043	334.5	1	2.0	12.0	5461.75	19389.0	12528.328925034406	156959025.65385377	17.038	13.74490476190476	14.294	9.24	10.126	11.376	15.979	16.726	2.587674204855817	6.696057790476187	255.0	127.5	127.5	0.0	25.5	63.75	191.25	229.5	74.04503134354572	5482.666666666667	255	127.5	127.5	0	25.5	63.75	191.25	229.5	74.04503134354572	5482.666666666667	3805	1902.5	1902.5	0	380.5	951.25	2853.75	3424.5	1098.8418903554775	1207453.5	20	10.0	10.0	0	2.0	5.0	15.0	18.0	6.2048368229954285	38.5	255.0	127.5	127.5	0.0	25.5	63.75	191.25	229.5	74.04503134354572	5482.666666666667	255	127.5	127.5	0	25.5	63.75	191.25	229.5	74.04503134354572	5482.666666666667																					L394
16052023--s--Lm--st--L394--p--D03--pos005--tm--24--ch--Syto9--z--21	256.0	128.5	128.5	1.0	26.5	64.75	192.25	230.5	74.04503134354572	5482.666666666667	256	128.5	128.5	1	26.5	64.75	192.25	230.5	74.04503134354572	5482.666666666667	3180	1590.5	1590.5	1	318.90000000000003	795.75	2385.25	2862.1	918.1312542332932	842965.0											0.103	0.083	0.085	0.049	0.066	0.074	0.094	0.098	0.0141703916671346	0.0002008																					0.03	0.0260952380952381	0.026	0.023	0.023	0.024	0.029	0.029	0.0025476412994132	6.4904761904762e-06	773.0	586.5238095238095	603.0	307.0	402.0	564.0	654.0	698.0	120.01067412843696	14402.561904761891	22651.0	4096.0	84.0	0.0	0.0	1.0	5217.25	17332.0	6870.7253160512455	47206866.36862749	26406	4096.0	34.0	0	0.0	1.0	4344.5	17597.5	7377.175130753225	54422712.90980387	16052023_s_Lm_st_L394_p_D03_pos005_tm_24_ch_Syto9_z_21.tif	16052023_s_Lm_st_L394_p_D03_pos005_tm_24_ch_Syto9_z_21.tif	4095	1628.3764150943396	1600.5	11	328.90000000000003	805.75	2395.25	2916.1	968.2646119418764	937536.3587389528																																									270.443	268.3898571428571	268.211	267.18	267.393	267.674	268.887	269.569	0.8902074076143408	0.7924692285714452																					slice_0021	slice_0001	799690	41038.19182389937	2100.0	6	6.0	66.0	36736.0	129563.79999999996	97559.729223887	9517900766.238152	39723.289	2039.160023899371	104.458	0.298	0.298	3.281	1826.482	6439.286499999999	4845.934194582826	23483078.218227103	76801.172	1587.3416440251574	6.667	0.0	0.0	0.0	320.66675	2408.5333	7373.502140561647	54368533.81686719	137453	6924.558490566038	350.5	1	1.0	11.0	6138.25	21713.099999999995	16628.46278931069	276505774.7354903	18.688	15.127714285714289	15.527	8.962	12.106	13.512	17.142	17.82	2.565391278983717	6.581232414285713	255.0	127.5	127.5	0.0	25.5	63.75	191.25	229.5	74.04503134354572	5482.666666666667	255	127.5	127.5	0	25.5	63.75	191.25	229.5	74.04503134354572	5482.666666666667	3179	1589.5	1589.5	0	317.90000000000003	794.75	2384.25	2861.1	918.1312542332932	842965.0	20	10.0	10.0	0	2.0	5.0	15.0	18.0	6.2048368229954285	38.5	255.0	127.5	127.5	0.0	25.5	63.75	191.25	229.5	74.04503134354572	5482.666666666667	255	127.5	127.5	0	25.5	63.75	191.25	229.5	74.04503134354572	5482.666666666667																					L394
16052023--s--Lm--st--L394--p--D04--pos001--tm--24--ch--Syto9--z--21	256.0	128.5	128.5	1.0	26.5	64.75	192.25	230.5	74.04503134354572	5482.666666666667	256	128.5	128.5	1	26.5	64.75	192.25	230.5	74.04503134354572	5482.666666666667	3501	1751.0	1751.0	1	351.0	876.0	2626.0	3151.0	1010.7959734783276	1021708.5											0.172	0.1154285714285714	0.109	0.047	0.068	0.088	0.148	0.167	0.0388568802512134	0.0015098571428571																					0.028	0.0248571428571428	0.025	0.022	0.023	0.024	0.026	0.027	0.0016518388022356	2.7285714285714285e-06	1279.0	856.3333333333334	798.0	317.0	443.0	677.0	1085.0	1255.0	303.127585899623	91886.33333333331	26406.0	4096.0	34.0	0.0	0.0	1.0	4344.5	17597.5	7377.175130753225	54422712.90980387	23391	4096.0	232.0	0	0.0	2.75	5628.5	16402.0	6644.842599236451	44153933.16862743	16052023_s_Lm_st_L394_p_D04_pos001_tm_24_ch_Syto9_z_21.tif	16052023_s_Lm_st_L394_p_D04_pos001_tm_24_ch_Syto9_z_21.tif	4095	1782.28391888032	1762.0	12	362.0	887.0	2637.0	3191.0	1046.1541464928491	1094438.4982241818																																									269.135	267.8066666666667	267.686	267.121	267.258	267.316	268.092	268.577	0.5519741237896514	0.3046754333333534																					Ch1	Ch1	584930	37321.82176520994	2060.0	6	12.0	84.0	30108.0	110034.0	87305.43974023423	7622239808.235671	29043.514	1854.189538417595	102.453	0.298	0.597	4.176	1496.739	5468.622	4335.542577882444	18796929.444631543	43278.546	1313.739551842331	6.667	0.0	0.0	0.0	240.0	1957.333	5211.954913549865	27164474.02087658	99756	6289.6589545844045	344.0	1	2.0	14.0	5031.0	18436.0	14809.11993888314	219310033.36422625	31.297	21.02442857142857	19.921	8.562	12.436	16.066	26.955	30.377	7.077789475333582	50.09510385714283	255.0	127.5	127.5	0.0	25.5	63.75	191.25	229.5	74.04503134354572	5482.666666666667	255	127.5	127.5	0	25.5	63.75	191.25	229.5	74.04503134354572	5482.666666666667	3500	1750.0	1750.0	0	350.0	875.0	2625.0	3150.0	1010.7959734783276	1021708.5	20	10.0	10.0	0	2.0	5.0	15.0	18.0	6.2048368229954285	38.5	255.0	127.5	127.5	0.0	25.5	63.75	191.25	229.5	74.04503134354572	5482.666666666667	255	127.5	127.5	0	25.5	63.75	191.25	229.5	74.04503134354572	5482.666666666667																					L394
16052023--s--Lm--st--L394--p--D04--pos002--tm--24--ch--Syto9--z--21	256.0	128.5	128.5	1.0	26.5	64.75	192.25	230.5	74.04503134354572	5482.666666666667	256	128.5	128.5	1	26.5	64.75	192.25	230.5	74.04503134354572	5482.666666666667	3079	1540.0	1540.0	1	308.8	770.5	2309.5	2771.2000000000003	888.9750652671123	790276.6666666666											0.166	0.1181428571428571	0.124	0.051	0.067	0.103	0.139	0.149	0.031450414487389	0.0009891285714285																					0.028	0.025095238095238	0.025	0.023	0.023	0.024	0.026	0.027	0.0016704718466577	2.790476190476189e-06	1242.0	866.3809523809524	893.0	338.0	439.0	792.0	1043.0	1104.0	251.56022662385968	63282.54761904763	23391.0	4096.0	232.0	0.0	0.0	2.75	5628.5	16402.0	6644.842599236451	44153933.16862743	19805	4096.0	313.5	0	0.0	4.0	6548.5	15766.0	6149.489938357553	37816226.501960784	16052023_s_Lm_st_L394_p_D04_pos002_tm_24_ch_Syto9_z_21.tif	16052023_s_Lm_st_L394_p_D04_pos002_tm_24_ch_Syto9_z_21.tif	4095	1571.373822669698	1551.0	12	319.8	781.5	2320.5	2795.4000000000005	926.9281168625996	859195.7338304451																																									269.206	267.87933333333336	267.847	266.751	267.131	267.469	268.214	268.601	0.635799916116196	0.4042415333333619																					slice_0021	slice_0001	569746	42444.65540759987	2556.0	6	12.0	102.0	37535.0	131637.20000000007	92053.71003823206	8473885531.802906	28288.519	2108.8167421240664	127.081	0.298	0.597	5.071	1865.8875	6544.059600000003	4571.7290305464885	20900706.32874154	42901.002	1471.2104170185123	13.333	0.0	0.0	0.0	344.667	2606.9330000000023	5360.898488824746	28739232.607483447	97139	7151.703150373498	426.0	1	2.0	17.0	6272.0	22058.80000000001	15605.833853281638	243542050.2562312	30.203	21.506666666666668	22.613	9.257	12.123	18.74	25.236	27.181	5.730126799062419	32.83435313333332	255.0	127.5	127.5	0.0	25.5	63.75	191.25	229.5	74.04503134354572	5482.666666666667	255	127.5	127.5	0	25.5	63.75	191.25	229.5	74.04503134354572	5482.666666666667	3078	1539.0	1539.0	0	307.8	769.5	2308.5	2770.2000000000003	888.9750652671123	790276.6666666666	20	10.0	10.0	0	2.0	5.0	15.0	18.0	6.2048368229954285	38.5	255.0	127.5	127.5	0.0	25.5	63.75	191.25	229.5	74.04503134354572	5482.666666666667	255	127.5	127.5	0	25.5	63.75	191.25	229.5	74.04503134354572	5482.666666666667																					L394
16052023--s--Lm--st--L455--p--F03--pos001--tm--24--ch--Syto9--z--21	256.0	128.5	128.5	1.0	26.5	64.75	192.25	230.5	74.04503134354572	5482.666666666667	256	128.5	128.5	1	26.5	64.75	192.25	230.5	74.04503134354572	5482.666666666667	4084	2042.5	2042.5	1	409.3	1021.75	3063.25	3675.7	1179.0935784180435	1390261.6666666667											0.267	0.1600952380952381	0.155	0.033	0.057	0.08	0.239	0.266	0.0838676962613763	0.0070337904761904																					0.025	0.0233809523809523	0.024	0.021	0.022	0.023	0.024	0.024	0.0009206622874969	8.47619047619047e-07	2088.0	1237.190476190476	1188.0	287.0	423.0	596.0	1801.0	2070.0	645.6851879242406	416909.3619047618	19805.0	4096.0	313.5	0.0	0.0	4.0	6548.5	15766.0	6149.489938357553	37816226.501960784	12968	4096.0	1256.0	9	22.5	83.75	8760.0	12103.0	4812.3960914679965	23159156.14117645	16052023_s_Lm_st_L455_p_F03_pos001_tm_24_ch_Syto9_z_21.tif	16052023_s_Lm_st_L455_p_F03_pos001_tm_24_ch_Syto9_z_21.tif	4095	2053.5	2053.5	12	420.3	1032.75	3074.25	3686.7	1179.0935784180435	1390261.6666666667																																									270.47	269.1514761904762	269.09	268.081	268.506	268.822	269.434	269.743	0.5600542490730098	0.3136607619047329																					slice_0021	slice_0001	645102	32029.82125367287	4024.0	12	90.0	366.0	24805.5	63562.00000000001	86956.1990855889	7561380559.412572	32045.642	1591.3589865328108	200.036	0.597	4.475	18.197	1233.10525	3158.8443	4319.118358666055	18654783.39616616	40922.553	1015.487375122429	13.333	0.0	0.0	0.0	160.0	819.6001000000003	4621.318640755788	21356585.97939692	109635	5391.768854064642	671.5	2	15.0	61.0	4141.25	10630.7	14725.990787780707	216854804.68180227	48.596	29.143666666666668	28.223	6.027	10.404	14.485	43.49	48.422	15.271558084666191	233.22048633333333	255.0	127.5	127.5	0.0	25.5	63.75	191.25	229.5	74.04503134354572	5482.666666666667	255	127.5	127.5	0	25.5	63.75	191.25	229.5	74.04503134354572	5482.666666666667	4083	2041.5	2041.5	0	408.3	1020.75	3062.25	3674.7	1179.0935784180435	1390261.6666666667	20	10.0	10.0	0	2.0	5.0	15.0	18.0	6.2048368229954285	38.5	255.0	127.5	127.5	0.0	25.5	63.75	191.25	229.5	74.04503134354572	5482.666666666667	255	127.5	127.5	0	25.5	63.75	191.25	229.5	74.04503134354572	5482.666666666667																					L455
16052023--s--Lm--st--L455--p--F03--pos002--tm--24--ch--Syto9--z--21	256.0	128.5	128.5	1.0	26.5	64.75	192.25	230.5	74.04503134354572	5482.666666666667	256	128.5	128.5	1	26.5	64.75	192.25	230.5	74.04503134354572	5482.666666666667	4085	2043.0	2043.0	1	409.4	1022.0	3064.0	3676.6	1179.3822535548006	1390942.5											0.282	0.1334761904761904	0.107	0.017	0.02	0.055	0.218	0.271	0.0953580720482639	0.0090931619047619																					0.025	0.0235238095238095	0.024	0.02	0.021	0.024	0.024	0.025	0.0014359334113755	2.061904761904762e-06	2135.0	1018.2857142857144	823.0	161.0	177.0	403.0	1675.0	2069.0	718.4232835075115	516132.0142857143	12968.0	4096.0	1256.0	9.0	22.5	83.75	8760.0	12103.0	4812.3960914679965	23159156.14117645	13897	4096.0	987.5	2	9.5	47.75	8869.5	12642.5	5016.230580746432	25162569.239215683	16052023_s_Lm_st_L455_p_F03_pos002_tm_24_ch_Syto9_z_21.tif	16052023_s_Lm_st_L455_p_F03_pos002_tm_24_ch_Syto9_z_21.tif	4095	2053.0	2053.0	11	419.4	1032.0	3074.0	3686.6	1179.3822535548006	1390942.5																																									270.395	269.1930952380952	269.299	267.405	268.692	268.86	269.482	269.979	0.6710967072458203	0.4503707904761822																					slice_0021	slice_0001	579608	32048.401468788248	4982.0	6	138.0	516.0	30340.0	70705.2	77172.07834728924	5955529676.440147	28781.628	1592.4571209302326	247.634	0.298	6.861	25.655	1508.63	3514.4192	3833.053971185022	14692302.746017268	38188.711	927.3388567931456	20.0	0.0	0.0	0.0	202.667	898.3999999999996	4088.7879703971953	16718187.066864816	98586	5390.382864137087	831.0	1	23.0	86.0	5068.0	11829.0	13065.79371988766	170714965.53065583	51.271	24.32119047619048	19.418	3.178	3.665	9.952	39.79	49.36	17.34366230534672	300.8026221619047	255.0	127.5	127.5	0.0	25.5	63.75	191.25	229.5	74.04503134354572	5482.666666666667	255	127.5	127.5	0	25.5	63.75	191.25	229.5	74.04503134354572	5482.666666666667	4084	2042.0	2042.0	0	408.4	1021.0	3063.0	3675.6	1179.3822535548006	1390942.5	20	10.0	10.0	0	2.0	5.0	15.0	18.0	6.2048368229954285	38.5	255.0	127.5	127.5	0.0	25.5	63.75	191.25	229.5	74.04503134354572	5482.666666666667	255	127.5	127.5	0	25.5	63.75	191.25	229.5	74.04503134354572	5482.666666666667																					L455
16052023--s--Lm--st--L455--p--F03--pos003--tm--24--ch--Syto9--z--21	256.0	128.5	128.5	1.0	26.5	64.75	192.25	230.5	74.04503134354572	5482.666666666667	256	128.5	128.5	1	26.5	64.75	192.25	230.5	74.04503134354572	5482.666666666667	4079	2040.0	2040.0	1	408.8	1020.5	3059.5	3671.2	1177.6502027342417	1386860.0											0.539	0.2915238095238095	0.313	0.019	0.033	0.192	0.44	0.496	0.1724875702906209	0.0297519619047619																					0.025	0.0234761904761904	0.024	0.021	0.022	0.023	0.024	0.024	0.0009283882603225	8.619047619047638e-07	4040.0	2233.5238095238096	2411.0	170.0	256.0	1432.0	3263.0	3777.0	1304.002094286954	1700421.4619047616	13897.0	4096.0	987.5	2.0	9.5	47.75	8869.5	12642.5	5016.230580746432	25162569.239215683	13054	4096.0	1418.0	13	34.5	140.75	8630.25	11865.0	4706.974687193713	22155610.70588235	16052023_s_Lm_st_L455_p_F03_pos003_tm_24_ch_Syto9_z_21.tif	16052023_s_Lm_st_L455_p_F03_pos003_tm_24_ch_Syto9_z_21.tif	4095	2055.999019367492	2056.0	15	424.8	1036.5	3075.5	3687.2	1177.6519010297704	1386863.999999032																																									269.49	269.04614285714285	269.045	268.51	268.661	268.935	269.191	269.431	0.2862146547111626	0.08191882857143																					slice_0021	slice_0001	408616	32144.10002451581	5290.0	6	198.0	686.0	28875.0	81546.00000000009	69351.97507290493	4809696446.512827	20296.547	1597.347087766609	262.98	0.298	9.844	34.091	1435.5155	4052.524200000004	3445.528013984833	11871663.295154266	19479.176	777.96130497671	20.0	0.0	0.0	0.0	182.667	1121.5998000000004	2736.749927871452	7489800.1677044	69064	5398.2679578328025	882.0	1	33.0	114.5	4829.5	13641.800000000014	11693.175180480424	136730345.80140337	98.078	53.10104761904762	57.054	3.526	5.94	34.945	80.206	90.401	31.409207972306767	986.538345447619	255.0	127.5	127.5	0.0	25.5	63.75	191.25	229.5	74.04503134354572	5482.666666666667	255	127.5	127.5	0	25.5	63.75	191.25	229.5	74.04503134354572	5482.666666666667	4078	2039.0	2039.0	0	407.8	1019.5	3058.5	3670.2	1177.6502027342417	1386860.0	20	10.0	10.0	0	2.0	5.0	15.0	18.0	6.2048368229954285	38.5	255.0	127.5	127.5	0.0	25.5	63.75	191.25	229.5	74.04503134354572	5482.666666666667	255	127.5	127.5	0	25.5	63.75	191.25	229.5	74.04503134354572	5482.666666666667																					L455
16052023--s--Lm--st--L455--p--F03--pos004--tm--24--ch--Syto9--z--21	256.0	128.5	128.5	1.0	26.5	64.75	192.25	230.5	74.04503134354572	5482.666666666667	256	128.5	128.5	1	26.5	64.75	192.25	230.5	74.04503134354572	5482.666666666667	4075	2038.0	2038.0	1	408.4	1019.5	3056.5	3667.6	1176.4955021871808	1384141.6666666667											0.493	0.2888571428571428	0.318	0.011	0.019	0.158	0.418	0.475	0.167822312495772	0.0281643285714285																					0.024	0.0232857142857142	0.024	0.02	0.022	0.023	0.024	0.024	0.0010555973258234	1.1142857142857156e-06	3734.0	2216.095238095238	2489.0	90.0	162.0	1238.0	3201.0	3602.0	1271.567100264941	1616882.8904761905	13054.0	4096.0	1418.0	13.0	34.5	140.75	8630.25	11865.0	4706.974687193713	22155610.70588235	13152	4096.0	1667.0	6	51.5	191.75	8416.5	11729.0	4579.075297523744	20967930.580392163	16052023_s_Lm_st_L455_p_F03_pos004_tm_24_ch_Syto9_z_21.tif	16052023_s_Lm_st_L455_p_F03_pos004_tm_24_ch_Syto9_z_21.tif	4095	2057.999754601227	2058.0	20	428.4	1039.5	3076.5	3687.6	1176.4959272823914	1384142.666912054																																									269.296	268.8619047619048	268.992	266.919	268.546	268.678	269.202	269.262	0.5358425986016689	0.2871272904761893																					slice_0021	slice_0001	318060	32201.813496932515	7406.0	6	366.0	1110.0	37330.0	88163.99999999999	57928.02518603944	3355656101.954419	15798.612	1600.3373788957056	368.25	0.298	18.197	55.188	1855.533	4380.5534	2878.1983390446976	8284025.678879655	27355.336	678.5599114110429	26.667	0.0	0.0	0.0	246.667	1282.1334	2141.412736970137	4585648.510057933	53721	5403.342331288343	1236.0	1	61.0	185.0	6234.5	14782.2	9757.189166727689	95202740.43530816	89.811	52.60895238095238	57.871	1.997	3.508	28.762	76.09	86.459	30.55256350697301	933.4591368476192	255.0	127.5	127.5	0.0	25.5	63.75	191.25	229.5	74.04503134354572	5482.666666666667	255	127.5	127.5	0	25.5	63.75	191.25	229.5	74.04503134354572	5482.666666666667	4074	2037.0	2037.0	0	407.4	1018.5	3055.5	3666.6	1176.4955021871808	1384141.6666666667	20	10.0	10.0	0	2.0	5.0	15.0	18.0	6.2048368229954285	38.5	255.0	127.5	127.5	0.0	25.5	63.75	191.25	229.5	74.04503134354572	5482.666666666667	255	127.5	127.5	0	25.5	63.75	191.25	229.5	74.04503134354572	5482.666666666667																					L455
16052023--s--Lm--st--L455--p--F03--pos005--tm--24--ch--Syto9--z--21	256.0	128.5	128.5	1.0	26.5	64.75	192.25	230.5	74.04503134354572	5482.666666666667	256	128.5	128.5	1	26.5	64.75	192.25	230.5	74.04503134354572	5482.666666666667	4076	2038.5	2038.5	1	408.5	1019.75	3057.25	3668.5	1176.7841773239477	1384821.0											0.743	0.3738095238095238	0.38	0.018	0.041	0.224	0.551	0.677	0.2284426884467128	0.0521860619047619																					0.024	0.0232857142857142	0.024	0.02	0.021	0.023	0.024	0.024	0.0013093073414159	1.7142857142857122e-06	5636.0	2851.0476190476197	2920.0	167.0	355.0	1762.0	4141.0	5074.0	1705.2732472008845	2907956.847619048	13152.0	4096.0	1667.0	6.0	51.5	191.75	8416.5	11729.0	4579.075297523744	20967930.580392163	17242	4096.0	395.0	0	5.0	22.75	7182.75	15178.0	5904.571390863519	34863963.30980395	16052023_s_Lm_st_L455_p_F03_pos005_tm_24_ch_Syto9_z_21.tif	16052023_s_Lm_st_L455_p_F03_pos005_tm_24_ch_Syto9_z_21.tif	4095	2057.4997546614327	2057.5	19	427.5	1038.75	3076.25	3687.5	1176.7846023148531	1384822.0002453271																																									269.527	268.86461904761904	268.942	266.49	268.56	268.743	269.171	269.319	0.6149784123195283	0.3781984476190477																					slice_0021	slice_0001	473644	32150.01619234544	2543.0	6	88.0	282.0	21462.0	81188.0	79988.35125489066	6398136336.475767	23531.31	1597.515525024534	126.4185	0.298	4.343	14.021	1067.1617500000002	4034.709	3973.944429139173	15792234.325886266	21557.333	843.9757382237489	6.667	0.0	0.0	0.0	126.667	1132.6665	3110.575798229666	9675681.796532122	80028	5402.330225711482	424.0	1	15.0	47.0	3584.0	13583.0	13486.213107293715	181877943.97534084	135.298	68.08642857142857	69.177	3.283	7.503	40.85	100.266	123.279	41.59687369090546	1730.2999008571428	255.0	127.5	127.5	0.0	25.5	63.75	191.25	229.5	74.04503134354572	5482.666666666667	255	127.5	127.5	0	25.5	63.75	191.25	229.5	74.04503134354572	5482.666666666667	4075	2037.5	2037.5	0	407.5	1018.75	3056.25	3667.5	1176.7841773239477	1384821.0	20	10.0	10.0	0	2.0	5.0	15.0	18.0	6.2048368229954285	38.5	255.0	127.5	127.5	0.0	25.5	63.75	191.25	229.5	74.04503134354572	5482.666666666667	255	127.5	127.5	0	25.5	63.75	191.25	229.5	74.04503134354572	5482.666666666667																					L455
16052023--s--Lm--st--L455--p--F04--pos001--tm--24--ch--Syto9--z--21	256.0	128.5	128.5	1.0	26.5	64.75	192.25	230.5	74.04503134354572	5482.666666666667	256	128.5	128.5	1	26.5	64.75	192.25	230.5	74.04503134354572	5482.666666666667	4082	2041.5	2041.5	1	409.1	1021.25	3061.75	3673.9	1178.5162281445257	1388900.5											0.361	0.1856190476190476	0.159	0.026	0.039	0.072	0.294	0.355	0.1180734839794592	0.0139413476190476																					0.025	0.0236190476190476	0.024	0.021	0.023	0.023	0.024	0.025	0.0009734572654303	9.476190476190552e-07	2775.0	1424.571428571429	1205.0	224.0	314.0	557.0	2290.0	2712.0	906.5167715728468	821772.6571428571	17242.0	4096.0	395.0	0.0	5.0	22.75	7182.75	15178.0	5904.571390863519	34863963.30980395	14192	4096.0	826.0	1	7.0	31.0	8775.25	12913.5	5140.862905365666	26428471.41176472	16052023_s_Lm_st_L455_p_F04_pos001_tm_24_ch_Syto9_z_21.tif	16052023_s_Lm_st_L455_p_F04_pos001_tm_24_ch_Syto9_z_21.tif	4095	2051.607055365017	2051.5	11	419.1	1031.25	3071.75	3683.9	1178.6937883661142	1389319.0467328618																																									270.138	269.3059523809524	269.253	268.529	268.832	269.101	269.552	269.699	0.3992197986310781	0.1593764476190386																					Ch1	Ch1	586634	32056.943655071045	3143.0	6	42.0	198.0	25854.0	69309.8	82887.3257010699	6870308761.875242	29137.649	1592.7195570798629	156.25	0.298	2.088	9.844	1285.18725	3444.8577000000005	4116.86228122076	16948555.042538196	37558.958	983.9286501714846	13.333	0.0	0.0	0.0	166.667	914.5336	4261.477550759176	18160190.91562442	99673	5394.428221460069	524.0	1	7.0	33.0	4319.5	11598.600000000002	14027.712306926853	196776712.56590703	65.756	33.787619047619046	28.883	4.794	7.069	13.148	53.511	64.662	21.48990720193131	461.81611154761913	255.0	127.5	127.5	0.0	25.5	63.75	191.25	229.5	74.04503134354572	5482.666666666667	255	127.5	127.5	0	25.5	63.75	191.25	229.5	74.04503134354572	5482.666666666667	4081	2040.5	2040.5	0	408.1	1020.25	3060.75	3672.9	1178.5162281445257	1388900.5	20	10.0	10.0	0	2.0	5.0	15.0	18.0	6.2048368229954285	38.5	255.0	127.5	127.5	0.0	25.5	63.75	191.25	229.5	74.04503134354572	5482.666666666667	255	127.5	127.5	0	25.5	63.75	191.25	229.5	74.04503134354572	5482.666666666667																					L455
16052023--s--Lm--st--L455--p--F04--pos002--tm--24--ch--Syto9--z--21	256.0	128.5	128.5	1.0	26.5	64.75	192.25	230.5	74.04503134354572	5482.666666666667	256	128.5	128.5	1	26.5	64.75	192.25	230.5	74.04503134354572	5482.666666666667	4076	2038.5	2038.5	1	408.5	1019.75	3057.25	3668.5	1176.7841773239477	1384821.0											0.309	0.1523333333333333	0.142	0.025	0.037	0.057	0.248	0.3	0.1010372868466554	0.0102085333333333																					0.026	0.0242380952380952	0.024	0.022	0.023	0.024	0.025	0.025	0.0010442586798663	1.0904761904761907e-06	2375.0	1142.7619047619048	1051.0	204.0	279.0	442.0	1835.0	2253.0	762.5267801698446	581447.0904761906	14192.0	4096.0	826.0	1.0	7.0	31.0	8775.25	12913.5	5140.862905365666	26428471.41176472	15110	4096.0	581.0	1	5.5	25.75	8198.5	13812.5	5481.174683744853	30043275.913725484	16052023_s_Lm_st_L455_p_F04_pos002_tm_24_ch_Syto9_z_21.tif	16052023_s_Lm_st_L455_p_F04_pos002_tm_24_ch_Syto9_z_21.tif	4095	2048.7443572129537	2048.5	11	418.5	1029.75	3067.25	3678.5	1177.181689133821	1385756.7292319562																																									270.958	269.5732857142857	269.446	268.57	268.957	269.052	269.989	270.238	0.6415473593474904	0.411583014285738																					slice_0021	slice_0001	738676	32064.14965652601	2063.0	6	36.0	150.0	21000.5	63491.0	95229.0243842655	9068567085.179035	36689.553	1593.0463856722276	102.5535	0.298	1.79	7.458	1044.0545	3154.9435000000003	4729.935276189094	22372287.716938	50993.317	1107.0941869479884	6.667	0.0	0.0	0.0	133.333	790.0	5348.783615244784	28609486.16271107	125702	5402.363837095191	344.0	1	6.0	25.0	3505.5	10621.5	16142.66377862712	260585593.8698	56.186	27.723714285714284	25.948	4.585	6.774	10.386	45.14	54.588	18.379940911610287	337.8222279142856	255.0	127.5	127.5	0.0	25.5	63.75	191.25	229.5	74.04503134354572	5482.666666666667	255	127.5	127.5	0	25.5	63.75	191.25	229.5	74.04503134354572	5482.666666666667	4075	2037.5	2037.5	0	407.5	1018.75	3056.25	3667.5	1176.7841773239477	1384821.0	20	10.0	10.0	0	2.0	5.0	15.0	18.0	6.2048368229954285	38.5	255.0	127.5	127.5	0.0	25.5	63.75	191.25	229.5	74.04503134354572	5482.666666666667	255	127.5	127.5	0	25.5	63.75	191.25	229.5	74.04503134354572	5482.666666666667																					L455
16052023--s--Lm--st--L455--p--F04--pos003--tm--24--ch--Syto9--z--21	256.0	128.5	128.5	1.0	26.5	64.75	192.25	230.5	74.04503134354572	5482.666666666667	256	128.5	128.5	1	26.5	64.75	192.25	230.5	74.04503134354572	5482.666666666667	4080	2040.5	2040.5	1	408.9	1020.75	3060.25	3672.1	1177.938877871004	1387540.0											0.395	0.2156666666666666	0.246	0.014	0.019	0.151	0.319	0.373	0.1271461101777531	0.0161661333333333																					0.025	0.0232857142857142	0.024	0.02	0.022	0.023	0.024	0.024	0.0011892374507581	1.4142857142857186e-06	3032.0	1658.6190476190477	1847.0	126.0	166.0	1113.0	2461.0	2899.0	973.8682906938944	948419.4476190474	15110.0	4096.0	581.0	1.0	5.5	25.75	8198.5	13812.5	5481.174683744853	30043275.913725484	15640	4096.0	816.5	4	13.0	50.25	7843.0	13834.0	5352.342899124074	28647574.5098039	16052023_s_Lm_st_L455_p_F04_pos003_tm_24_ch_Syto9_z_21.tif	16052023_s_Lm_st_L455_p_F04_pos003_tm_24_ch_Syto9_z_21.tif	4095	2055.499754901961	2055.5	15	423.9	1035.75	3075.25	3687.1	1177.939302445201	1387541.0002450866																																									269.722	269.11157142857144	269.098	267.933	268.788	268.973	269.393	269.499	0.3818150823931092	0.1457827571428568																					slice_0021	slice_0001	384312	32140.567647058822	3982.0	6	90.0	342.0	34665.0	87864.8	64976.94087083468	4222002844.931946	19095.881	1597.255353431373	197.9965	0.298	4.475	17.004	1723.502	4367.8453	3228.141723040281	10420898.984033473	19598.352	773.272756617647	13.333	0.0	0.0	0.0	249.333	1233.4664	2654.593110421176	7046864.581895572	65024	5397.050980392157	664.0	1	15.0	57.0	5790.25	14704.1	10958.430510259986	120087199.24819694	71.869	39.25180952380953	44.827	2.501	3.456	27.459	58.131	67.996	23.15682797496032	536.2386818619049	255.0	127.5	127.5	0.0	25.5	63.75	191.25	229.5	74.04503134354572	5482.666666666667	255	127.5	127.5	0	25.5	63.75	191.25	229.5	74.04503134354572	5482.666666666667	4079	2039.5	2039.5	0	407.9	1019.75	3059.25	3671.1	1177.938877871004	1387540.0	20	10.0	10.0	0	2.0	5.0	15.0	18.0	6.2048368229954285	38.5	255.0	127.5	127.5	0.0	25.5	63.75	191.25	229.5	74.04503134354572	5482.666666666667	255	127.5	127.5	0	25.5	63.75	191.25	229.5	74.04503134354572	5482.666666666667																					L455
16052023--s--Lm--st--L455--p--F04--pos004--tm--24--ch--Syto9--z--21	256.0	128.5	128.5	1.0	26.5	64.75	192.25	230.5	74.04503134354572	5482.666666666667	256	128.5	128.5	1	26.5	64.75	192.25	230.5	74.04503134354572	5482.666666666667	4085	2043.0	2043.0	1	409.4	1022.0	3064.0	3676.6	1179.3822535548006	1390942.5											0.202	0.094095238095238	0.082	0.026	0.028	0.041	0.132	0.177	0.0598121264978137	0.0035774904761904																					0.029	0.0246666666666666	0.025	0.021	0.022	0.024	0.026	0.027	0.0020083160441856	4.0333333333333326e-06	1479.0	691.3333333333334	579.0	208.0	228.0	273.0	949.0	1354.0	445.1949385756012	198198.53333333333	15640.0	4096.0	816.5	4.0	13.0	50.25	7843.0	13834.0	5352.342899124074	28647574.5098039	15078	4096.0	461.5	0	5.0	25.75	8489.0	13843.5	5556.804854251699	30878080.18823524	16052023_s_Lm_st_L455_p_F04_pos004_tm_24_ch_Syto9_z_21.tif	16052023_s_Lm_st_L455_p_F04_pos004_tm_24_ch_Syto9_z_21.tif	4095	2052.057282741738	2052.0	10	418.4	1031.0	3073.0	3685.6	1179.475817415405	1391163.203867737																																									272.299	269.6517619047619	269.46	268.364	268.494	269.255	270.133	270.604	0.9470088650462516	0.8968257904761897																					slice_0021	slice_0001	839742	31965.32093023256	2528.0	6	66.0	228.0	24610.0	61783.99999999999	97429.74040550872	9492554315.484816	41712.717	1588.235399755202	125.624	0.298	3.281	11.336	1223.547	3070.9072	4839.164063655145	23417508.83497137	66455.135	1182.214192411261	6.667	0.0	0.0	0.0	160.0	770.1333999999999	6324.397644148453	39998005.5613105	143377	5390.45605875153	422.0	1	11.0	38.0	4108.0	10335.8	16561.548693174682	274284895.116396	36.768	17.12747619047619	14.884	4.794	5.054	7.416	24.055	32.183	10.89083420413261	118.61026966190477	255.0	127.5	127.5	0.0	25.5	63.75	191.25	229.5	74.04503134354572	5482.666666666667	255	127.5	127.5	0	25.5	63.75	191.25	229.5	74.04503134354572	5482.666666666667	4084	2042.0	2042.0	0	408.4	1021.0	3063.0	3675.6	1179.3822535548006	1390942.5	20	10.0	10.0	0	2.0	5.0	15.0	18.0	6.2048368229954285	38.5	255.0	127.5	127.5	0.0	25.5	63.75	191.25	229.5	74.04503134354572	5482.666666666667	255	127.5	127.5	0	25.5	63.75	191.25	229.5	74.04503134354572	5482.666666666667																					L455
16052023--s--Lm--st--L455--p--F04--pos005--tm--24--ch--Syto9--z--21	256.0	128.5	128.5	1.0	26.5	64.75	192.25	230.5	74.04503134354572	5482.666666666667	256	128.5	128.5	1	26.5	64.75	192.25	230.5	74.04503134354572	5482.666666666667	4084	2042.5	2042.5	1	409.3	1021.75	3063.25	3675.7	1179.0935784180435	1390261.6666666667											0.418	0.2405714285714285	0.264	0.011	0.023	0.17	0.319	0.393	0.1290486619181196	0.0166535571428571																					0.025	0.0233809523809523	0.024	0.02	0.021	0.023	0.024	0.024	0.0012440333788202	1.5476190476190464e-06	3191.0	1849.0	1966.0	98.0	191.0	1303.0	2423.0	3020.0	987.9280844272016	976001.9	15078.0	4096.0	461.5	0.0	5.0	25.75	8489.0	13843.5	5556.804854251699	30878080.18823524	15318	4096.0	729.5	1	12.0	41.75	8147.25	13668.5	5332.776488332303	28438505.074509807	16052023_s_Lm_st_L455_p_F04_pos005_tm_24_ch_Syto9_z_21.tif	16052023_s_Lm_st_L455_p_F04_pos005_tm_24_ch_Syto9_z_21.tif	4095	2053.5	2053.5	12	420.3	1032.75	3074.25	3686.7	1179.0935784180435	1390261.6666666667																																									269.944	268.9349047619048	268.967	267.701	268.558	268.635	269.068	269.641	0.4782545247838217	0.2287273904761991																					slice_0021	slice_0001	399226	32102.42262487757	4160.0	6	108.0	378.0	34323.5	81348.60000000008	66877.68523295106	4472624782.11768	19829.688	1595.3193675318316	206.911	0.298	5.37	18.794	1706.45825	4039.6435000000015	3322.600720264936	11039675.546305072	20331.588	790.058151322233	16.0	0.0	0.0	0.0	246.667	1149.467000000001	2768.594174596352	7665113.703608856	67571	5391.737757100882	694.0	1	18.0	63.0	5733.0	13613.600000000011	11281.836641540338	127279838.00640218	76.159	43.82728571428572	48.162	2.015	4.099	30.95	58.166	71.505	23.51418462788548	552.9168787142859	255.0	127.5	127.5	0.0	25.5	63.75	191.25	229.5	74.04503134354572	5482.666666666667	255	127.5	127.5	0	25.5	63.75	191.25	229.5	74.04503134354572	5482.666666666667	4083	2041.5	2041.5	0	408.3	1020.75	3062.25	3674.7	1179.0935784180435	1390261.6666666667	20	10.0	10.0	0	2.0	5.0	15.0	18.0	6.2048368229954285	38.5	255.0	127.5	127.5	0.0	25.5	63.75	191.25	229.5	74.04503134354572	5482.666666666667	255	127.5	127.5	0	25.5	63.75	191.25	229.5	74.04503134354572	5482.666666666667																					L455
16052023--s--Lm--st--L455--p--F05--pos001--tm--24--ch--Syto9--z--21	256.0	128.5	128.5	1.0	26.5	64.75	192.25	230.5	74.04503134354572	5482.666666666667	256	128.5	128.5	1	26.5	64.75	192.25	230.5	74.04503134354572	5482.666666666667	4086	2043.5	2043.5	1	409.5	1022.25	3064.75	3677.5	1179.6709286915568	1391623.5											0.361	0.1666190476190476	0.121	0.035	0.076	0.092	0.239	0.322	0.098311991227152	0.0096652476190476																					0.025	0.0234761904761904	0.024	0.021	0.023	0.023	0.024	0.024	0.0008135752957807	6.61904761904764e-07	2763.0	1292.4761904761904	930.0	302.0	571.0	723.0	1869.0	2494.0	752.9457230801978	566927.2619047619	15318.0	4096.0	729.5	1.0	12.0	41.75	8147.25	13668.5	5332.776488332303	28438505.074509807	13945	4096.0	1806.5	6	56.0	191.25	7783.0	11866.0	4617.438582879765	21320739.06666669	16052023_s_Lm_st_L455_p_F05_pos001_tm_24_ch_Syto9_z_21.tif	16052023_s_Lm_st_L455_p_F05_pos001_tm_24_ch_Syto9_z_21.tif	4095	2052.5	2052.5	10	418.5	1031.25	3073.75	3686.5	1179.6709286915568	1391623.5																																									270.027	269.1078095238095	269.085	268.649	268.783	268.926	269.199	269.445	0.3191812367680163	0.1018766619047605																					slice_0021	slice_0001	571024	32037.1434165443	4181.0	6	180.0	580.0	23939.5	80169.0	78997.95260294425	6240676515.4570265	28361.086	1591.7251177190408	207.858	0.298	8.949	28.82925	1190.02	3984.2075	3923.7106095787167	15395504.947720584	35578.134	936.4455690161528	13.333	0.0	0.0	0.0	146.33350000000002	1119.3335	3989.983270875872	15919966.501869325	97071	5389.046500244738	698.0	1	30.0	97.0	3998.25	13410.5	13364.208346670232	178602064.73321033	65.704	30.330571428571428	22.092	6.444	13.842	16.708	43.525	58.617	17.881192238135096	319.7370358571428	255.0	127.5	127.5	0.0	25.5	63.75	191.25	229.5	74.04503134354572	5482.666666666667	255	127.5	127.5	0	25.5	63.75	191.25	229.5	74.04503134354572	5482.666666666667	4085	2042.5	2042.5	0	408.5	1021.25	3063.75	3676.5	1179.6709286915568	1391623.5	20	10.0	10.0	0	2.0	5.0	15.0	18.0	6.2048368229954285	38.5	255.0	127.5	127.5	0.0	25.5	63.75	191.25	229.5	74.04503134354572	5482.666666666667	255	127.5	127.5	0	25.5	63.75	191.25	229.5	74.04503134354572	5482.666666666667																					L455
16052023--s--Lm--st--L455--p--F05--pos002--tm--24--ch--Syto9--z--21	256.0	128.5	128.5	1.0	26.5	64.75	192.25	230.5	74.04503134354572	5482.666666666667	256	128.5	128.5	1	26.5	64.75	192.25	230.5	74.04503134354572	5482.666666666667	4084	2042.5	2042.5	1	409.3	1021.75	3063.25	3675.7	1179.0935784180435	1390261.6666666667											0.293	0.162047619047619	0.15	0.014	0.025	0.088	0.243	0.273	0.0931415461491144	0.0086753476190476																					0.025	0.0235238095238095	0.023	0.021	0.022	0.023	0.024	0.025	0.0011233453440081	1.261904761904764e-06	2256.0	1246.857142857143	1118.0	124.0	205.0	648.0	1882.0	2176.0	722.2057383955272	521581.1285714287	13945.0	4096.0	1806.5	6.0	56.0	191.25	7783.0	11866.0	4617.438582879765	21320739.06666669	11207	4096.0	2149.5	31	56.5	224.25	8390.0	10414.0	4148.9761070961695	17214002.737254884	16052023_s_Lm_st_L455_p_F05_pos002_tm_24_ch_Syto9_z_21.tif	16052023_s_Lm_st_L455_p_F05_pos002_tm_24_ch_Syto9_z_21.tif	4095	2053.5	2053.5	12	420.3	1032.75	3074.25	3686.7	1179.0935784180435	1390261.6666666667																																									269.542	268.98814285714286	269.07	267.721	268.596	268.782	269.293	269.425	0.4884657905845755	0.2385988285714143																					slice_0021	slice_0001	541928	32061.88589618021	7078.0	6	336.0	1127.5	29102.0	64344.60000000001	76266.00324213433	5816503250.529244	26921.132	1593.118595494613	351.87699999999995	0.298	16.706	56.07425	1446.89475	3198.8738000000008	3788.2131873299368	14350559.15266044	31899.273	894.7090781096964	26.667	0.0	0.0	0.0	180.0	802.4001000000014	3804.055963640829	14470841.77451136	91905	5391.499265426053	1181.0	1	56.0	188.0	4858.0	10795.60000000001	12901.454185674933	166447520.10506925	53.285	29.524095238095235	27.407	2.605	4.498	16.048	44.185	49.777	16.952774651675053	287.3965683904762	255.0	127.5	127.5	0.0	25.5	63.75	191.25	229.5	74.04503134354572	5482.666666666667	255	127.5	127.5	0	25.5	63.75	191.25	229.5	74.04503134354572	5482.666666666667	4083	2041.5	2041.5	0	408.3	1020.75	3062.25	3674.7	1179.0935784180435	1390261.6666666667	20	10.0	10.0	0	2.0	5.0	15.0	18.0	6.2048368229954285	38.5	255.0	127.5	127.5	0.0	25.5	63.75	191.25	229.5	74.04503134354572	5482.666666666667	255	127.5	127.5	0	25.5	63.75	191.25	229.5	74.04503134354572	5482.666666666667																					L455
16052023--s--Lm--st--L455--p--F05--pos003--tm--24--ch--Syto9--z--21	256.0	128.5	128.5	1.0	26.5	64.75	192.25	230.5	74.04503134354572	5482.666666666667	256	128.5	128.5	1	26.5	64.75	192.25	230.5	74.04503134354572	5482.666666666667	4076	2038.5	2038.5	1	408.5	1019.75	3057.25	3668.5	1176.7841773239477	1384821.0											0.428	0.2564285714285714	0.3	0.009	0.018	0.168	0.35	0.398	0.1382940965582303	0.0191252571428571																					0.024	0.0231904761904761	0.024	0.02	0.02	0.023	0.024	0.024	0.0014359334113755	2.061904761904759e-06	3266.0	1972.6666666666667	2281.0	80.0	161.0	1300.0	2760.0	3060.0	1054.2208181084895	1111381.533333333	11207.0	4096.0	2149.5	31.0	56.5	224.25	8390.0	10414.0	4148.9761070961695	17214002.737254884	11125	4096.0	2636.5	3	147.0	469.0	7712.25	10310.0	3881.504519298327	15066077.333333332	16052023_s_Lm_st_L455_p_F05_pos003_tm_24_ch_Syto9_z_21.tif	16052023_s_Lm_st_L455_p_F05_pos003_tm_24_ch_Syto9_z_21.tif	4095	2057.4997546614327	2057.5	19	427.5	1038.75	3076.25	3687.5	1176.7846023148531	1384822.0002453271																																									269.504	268.9069523809524	268.954	268.21	268.358	268.667	269.105	269.311	0.3674538714166073	0.1350223476190525																					slice_0021	slice_0001	325616	32186.826300294408	9028.0	6	480.0	1485.0	38813.5	80301.0	56897.025571459104	3237271518.879271	16178.493	1599.596388370952	448.7315	0.298	23.865	73.80825	1929.922	3991.207	2826.899464889526	7991360.584592688	33300.637	690.9059779195289	33.333	0.0	0.0	6.667	267.3335	1176.0	2243.779899158196	5034548.235866361	55018	5401.90897939156	1506.5	1	80.0	247.75	6483.25	13465.5	9590.799679284068	91983438.48815538	77.879	46.68466666666667	54.64	1.615	3.265	30.637	63.706	72.46	25.172492306748914	633.6543689333333	255.0	127.5	127.5	0.0	25.5	63.75	191.25	229.5	74.04503134354572	5482.666666666667	255	127.5	127.5	0	25.5	63.75	191.25	229.5	74.04503134354572	5482.666666666667	4075	2037.5	2037.5	0	407.5	1018.75	3056.25	3667.5	1176.7841773239477	1384821.0	20	10.0	10.0	0	2.0	5.0	15.0	18.0	6.2048368229954285	38.5	255.0	127.5	127.5	0.0	25.5	63.75	191.25	229.5	74.04503134354572	5482.666666666667	255	127.5	127.5	0	25.5	63.75	191.25	229.5	74.04503134354572	5482.666666666667																					L455
16052023--s--Lm--st--L455--p--F05--pos004--tm--24--ch--Syto9--z--21	256.0	128.5	128.5	1.0	26.5	64.75	192.25	230.5	74.04503134354572	5482.666666666667	256	128.5	128.5	1	26.5	64.75	192.25	230.5	74.04503134354572	5482.666666666667	4083	2042.0	2042.0	1	409.2000000000001	1021.5	3062.5	3674.8	1178.804903281285	1389581.0											0.278	0.1669523809523809	0.181	0.013	0.04	0.094	0.246	0.26	0.0863831442993806	0.0074620476190476																					0.025	0.0234285714285714	0.024	0.02	0.023	0.023	0.024	0.024	0.0011649647450214	1.357142857142855e-06	2169.0	1283.0	1406.0	123.0	305.0	741.0	1881.0	1984.0	666.46132670996	444170.7	11125.0	4096.0	2636.5	3.0	147.0	469.0	7712.25	10310.0	3881.504519298327	15066077.333333332	11129	4096.0	2389.0	60	117.5	376.75	8146.25	10332.5	4001.7843559308103	16014278.031372575	16052023_s_Lm_st_L455_p_F05_pos004_tm_24_ch_Syto9_z_21.tif	16052023_s_Lm_st_L455_p_F05_pos004_tm_24_ch_Syto9_z_21.tif	4095	2054.0	2054.0	13	421.2000000000001	1033.5	3074.5	3686.8	1178.804903281285	1389581.0																																									269.61	269.00947619047616	269.027	268.176	268.325	268.935	269.386	269.493	0.4205620785386597	0.1768724619047577																					slice_0021	slice_0001	535990	32068.57751653196	6054.0	18	312.0	955.0	28739.0	68382.00000000003	76233.39240339046	5811530117.32931	26623.799	1593.5057038941954	300.9	0.895	15.512	47.449	1428.755	3398.783600000001	3786.932536797382	14340858.038254656	31876.606	898.1202400195934	26.667	0.0	0.0	0.0	181.3335	890.4002000000003	3758.845507956622	14128919.552685674	90935	5392.828312515308	1010.0	3	52.0	159.5	4798.5	11457.200000000004	12893.386063593687	166239404.18487197	50.559	30.39019047619048	32.965	2.449	7.225	17.09	44.845	47.276	15.703743584314688	246.60756256190467	255.0	127.5	127.5	0.0	25.5	63.75	191.25	229.5	74.04503134354572	5482.666666666667	255	127.5	127.5	0	25.5	63.75	191.25	229.5	74.04503134354572	5482.666666666667	4082	2041.0	2041.0	0	408.2000000000001	1020.5	3061.5	3673.8	1178.804903281285	1389581.0	20	10.0	10.0	0	2.0	5.0	15.0	18.0	6.2048368229954285	38.5	255.0	127.5	127.5	0.0	25.5	63.75	191.25	229.5	74.04503134354572	5482.666666666667	255	127.5	127.5	0	25.5	63.75	191.25	229.5	74.04503134354572	5482.666666666667																					L455
16052023--s--Lm--st--L455--p--F05--pos005--tm--24--ch--Syto9--z--21	256.0	128.5	128.5	1.0	26.5	64.75	192.25	230.5	74.04503134354572	5482.666666666667	256	128.5	128.5	1	26.5	64.75	192.25	230.5	74.04503134354572	5482.666666666667	4076	2038.5	2038.5	1	408.5	1019.75	3057.25	3668.5	1176.7841773239477	1384821.0											0.485	0.2883333333333333	0.317	0.013	0.029	0.25	0.395	0.459	0.1516902545760054	0.0230099333333333																					0.024	0.0233809523809523	0.024	0.02	0.023	0.023	0.024	0.024	0.0010712698295103	1.1476190476190491e-06	3693.0	2208.8571428571427	2436.0	107.0	254.0	1942.0	2959.0	3478.0	1148.7967307454476	1319733.9285714284	11129.0	4096.0	2389.0	60.0	117.5	376.75	8146.25	10332.5	4001.7843559308103	16014278.031372575	11571	4096.0	2259.5	11	112.5	354.0	7923.0	10647.5	4084.505966238181	16683188.988235297	16052023_s_Lm_st_L455_p_F05_pos005_tm_24_ch_Syto9_z_21.tif	16052023_s_Lm_st_L455_p_F05_pos005_tm_24_ch_Syto9_z_21.tif	4095	2057.5	2057.5	20	427.5	1038.75	3076.25	3687.5	1176.7841773239477	1384821.0																																									270.361	269.0741904761905	268.986	268.461	268.56	268.829	269.206	269.674	0.4455513010919705	0.1985159619047477																					slice_0021	slice_0001	347834	32180.7365063788	7487.0	12	336.0	1097.5	34643.5	83036.0	61213.45360427495	3747086902.1627216	17286.736	1599.2192850834151	372.2285	0.597	16.706	54.558	1722.352	4127.123	3041.2263256311853	9249057.56371216	23171.885	724.3441118743867	26.667	0.0	0.0	0.0	233.333	1214.0	2379.9992593035	5664396.474285208	58767	5402.079244357213	1250.0	2	56.0	183.0	5784.25	13892.0	10317.907744673032	106459220.22758378	88.3	52.520428571428575	57.732	2.414	5.349	45.47	71.956	83.68	27.63005877585393	763.4201479571427	255.0	127.5	127.5	0.0	25.5	63.75	191.25	229.5	74.04503134354572	5482.666666666667	255	127.5	127.5	0	25.5	63.75	191.25	229.5	74.04503134354572	5482.666666666667	4075	2037.5	2037.5	0	407.5	1018.75	3056.25	3667.5	1176.7841773239477	1384821.0	20	10.0	10.0	0	2.0	5.0	15.0	18.0	6.2048368229954285	38.5	255.0	127.5	127.5	0.0	25.5	63.75	191.25	229.5	74.04503134354572	5482.666666666667	255	127.5	127.5	0	25.5	63.75	191.25	229.5	74.04503134354572	5482.666666666667																					L455
16052023--s--Lm--st--L455--p--F06--pos001--tm--24--ch--Syto9--z--21	256.0	128.5	128.5	1.0	26.5	64.75	192.25	230.5	74.04503134354572	5482.666666666667	256	128.5	128.5	1	26.5	64.75	192.25	230.5	74.04503134354572	5482.666666666667	4085	2043.0	2043.0	1	409.4	1022.0	3064.0	3676.6	1179.3822535548006	1390942.5											0.26	0.1393333333333333	0.132	0.037	0.048	0.065	0.206	0.24	0.0761684536624798	0.0058016333333333																					0.025	0.0239047619047619	0.024	0.021	0.023	0.024	0.024	0.025	0.0009952267030562	9.90476190476189e-07	1961.0	1055.6666666666667	991.0	313.0	369.0	486.0	1581.0	1864.0	582.2006813233161	338957.6333333334	11571.0	4096.0	2259.5	11.0	112.5	354.0	7923.0	10647.5	4084.505966238181	16683188.988235297	12594	4096.0	1141.0	3	12.0	60.25	8993.75	12080.5	4849.689303975877	23519486.345098022	16052023_s_Lm_st_L455_p_F06_pos001_tm_24_ch_Syto9_z_21.tif	16052023_s_Lm_st_L455_p_F06_pos001_tm_24_ch_Syto9_z_21.tif	4095	2053.0	2053.0	11	419.4	1032.0	3074.0	3686.6	1179.3822535548006	1390942.5																																									270.167	269.3978571428572	269.323	268.874	269.023	269.146	269.562	269.943	0.3526389493113521	0.1243542285714143																					Ch1	Ch1	734984	32011.576009791923	3890.0	12	102.0	390.0	24002.0	59849.19999999997	92766.47490992064	8605618867.212938	36510.52	1590.4867855569155	193.535	0.597	5.071	19.39	1193.286	2974.9759999999983	4607.859146225064	21232365.91144998	46957.721	1046.7975980416156	13.333	0.0	0.0	0.0	146.667	739.4667999999999	5056.365464547379	25566831.711067434	124960	5390.437454100367	649.0	2	17.0	65.0	4008.0	10006.799999999996	15718.492207585918	247070997.27993923	47.311	25.371476190476194	24.003	6.791	8.719	11.897	37.48	43.698	13.864369378442888	192.2207382619048	255.0	127.5	127.5	0.0	25.5	63.75	191.25	229.5	74.04503134354572	5482.666666666667	255	127.5	127.5	0	25.5	63.75	191.25	229.5	74.04503134354572	5482.666666666667	4084	2042.0	2042.0	0	408.4	1021.0	3063.0	3675.6	1179.3822535548006	1390942.5	20	10.0	10.0	0	2.0	5.0	15.0	18.0	6.2048368229954285	38.5	255.0	127.5	127.5	0.0	25.5	63.75	191.25	229.5	74.04503134354572	5482.666666666667	255	127.5	127.5	0	25.5	63.75	191.25	229.5	74.04503134354572	5482.666666666667																					L455
16052023--s--Lm--st--L455--p--F06--pos002--tm--24--ch--Syto9--z--21	256.0	128.5	128.5	1.0	26.5	64.75	192.25	230.5	74.04503134354572	5482.666666666667	256	128.5	128.5	1	26.5	64.75	192.25	230.5	74.04503134354572	5482.666666666667	4082	2041.5	2041.5	1	409.1	1021.25	3061.75	3673.9	1178.5162281445257	1388900.5											0.372	0.212047619047619	0.248	0.02	0.025	0.109	0.337	0.366	0.1268288122590747	0.0160855476190476																					0.025	0.0234761904761904	0.024	0.021	0.022	0.023	0.024	0.024	0.0009807674351775	9.61904761904758e-07	2901.0	1631.3809523809523	1894.0	158.0	210.0	806.0	2558.0	2839.0	977.7736177761434	956041.2476190478	12594.0	4096.0	1141.0	3.0	12.0	60.25	8993.75	12080.5	4849.689303975877	23519486.345098022	12056	4096.0	2067.0	6	46.5	194.25	8211.5	10938.0	4305.632168291602	18538468.368627444	16052023_s_Lm_st_L455_p_F06_pos002_tm_24_ch_Syto9_z_21.tif	16052023_s_Lm_st_L455_p_F06_pos002_tm_24_ch_Syto9_z_21.tif	4095	2054.5	2054.5	14	422.1	1034.25	3074.75	3686.9	1178.5162281445257	1388900.5																																									270.764	269.19433333333336	269.067	268.705	268.802	269.02	269.335	269.561	0.4360969311211993	0.190180533333328																					slice_0021	slice_0001	424816	32115.600685938265	6662.0	6	198.0	792.0	33739.0	76322.6	66474.64801512223	4418878828.734394	21104.321	1595.8846393924548	331.3075	0.298	9.844	39.377	1677.52725	3793.1908	3302.15324958936	10904216.08377357	22835.685	793.3415646741793	26.667	0.0	0.0	0.0	232.99975	1074.667	2909.315611550041	8464117.327608792	71955	5394.314061734444	1111.5	1	33.0	132.0	5634.0	12776.4	11222.187126178664	125937483.89497016	67.736	38.61347619047619	45.175	3.578	4.498	19.904	61.292	66.711	23.10892087402405	534.0222239619047	255.0	127.5	127.5	0.0	25.5	63.75	191.25	229.5	74.04503134354572	5482.666666666667	255	127.5	127.5	0	25.5	63.75	191.25	229.5	74.04503134354572	5482.666666666667	4081	2040.5	2040.5	0	408.1	1020.25	3060.75	3672.9	1178.5162281445257	1388900.5	20	10.0	10.0	0	2.0	5.0	15.0	18.0	6.2048368229954285	38.5	255.0	127.5	127.5	0.0	25.5	63.75	191.25	229.5	74.04503134354572	5482.666666666667	255	127.5	127.5	0	25.5	63.75	191.25	229.5	74.04503134354572	5482.666666666667																					L455
16052023--s--Lm--st--L455--p--F06--pos003--tm--24--ch--Syto9--z--21	256.0	128.5	128.5	1.0	26.5	64.75	192.25	230.5	74.04503134354572	5482.666666666667	256	128.5	128.5	1	26.5	64.75	192.25	230.5	74.04503134354572	5482.666666666667	4079	2040.0	2040.0	1	408.8	1020.5	3059.5	3671.2	1177.6502027342417	1386860.0											0.539	0.3215238095238095	0.364	0.009	0.021	0.197	0.457	0.507	0.183810668636948	0.0337863619047619																					0.024	0.0236190476190476	0.024	0.022	0.023	0.023	0.024	0.024	0.0006690433824641	4.4761904761904987e-07	4096.0	2449.5714285714284	2751.0	75.0	179.0	1509.0	3514.0	3927.0	1396.211143467512	1949405.557142857	12056.0	4096.0	2067.0	6.0	46.5	194.25	8211.5	10938.0	4305.632168291602	18538468.368627444	12713	4096.0	1682.0	10	41.0	158.25	8235.5	11498.5	4503.584302378208	20282271.568627413	16052023_s_Lm_st_L455_p_F06_pos003_tm_24_ch_Syto9_z_21.tif	16052023_s_Lm_st_L455_p_F06_pos003_tm_24_ch_Syto9_z_21.tif	4095	2056.0	2056.0	17	424.8	1036.5	3075.5	3687.2	1177.6502027342417	1386860.0																																									270.932	269.2103333333333	269.203	268.147	268.659	268.837	269.416	269.788	0.6147413548260153	0.3779069333333249																					slice_0021	slice_0001	318306	32171.373866143666	7048.0	6	232.80000000000007	840.0	36673.0	85076.40000000013	58754.2962668257	3452067329.809929	15813.172	1598.8221939200785	350.386	0.298	11.574400000000004	41.764	1822.965	4228.032200000007	2919.192143913848	8521682.773088329	13806.667	691.5903275312577	26.667	0.0	0.0	0.0	262.667	1313.5370000000023	2114.9711265984024	4473102.866344915	53729	5398.227016425594	1176.0	1	38.80000000000001	140.0	6137.0	14288.2	9894.657370277137	97904244.4751796	98.147	58.55280952380952	66.381	1.719	3.89	35.796	83.176	92.398	33.47280988297673	1120.4290014619048	255.0	127.5	127.5	0.0	25.5	63.75	191.25	229.5	74.04503134354572	5482.666666666667	255	127.5	127.5	0	25.5	63.75	191.25	229.5	74.04503134354572	5482.666666666667	4078	2039.0	2039.0	0	407.8	1019.5	3058.5	3670.2	1177.6502027342417	1386860.0	20	10.0	10.0	0	2.0	5.0	15.0	18.0	6.2048368229954285	38.5	255.0	127.5	127.5	0.0	25.5	63.75	191.25	229.5	74.04503134354572	5482.666666666667	255	127.5	127.5	0	25.5	63.75	191.25	229.5	74.04503134354572	5482.666666666667																					L455
16052023--s--Lm--st--L455--p--F06--pos004--tm--24--ch--Syto9--z--21	256.0	128.5	128.5	1.0	26.5	64.75	192.25	230.5	74.04503134354572	5482.666666666667	256	128.5	128.5	1	26.5	64.75	192.25	230.5	74.04503134354572	5482.666666666667	4081	2041.0	2041.0	1	409.0	1021.0	3061.0	3673.0	1178.2275530077654	1388220.1666666667											0.359	0.2079047619047619	0.242	0.012	0.021	0.144	0.316	0.337	0.1195198329826078	0.0142849904761904																					0.025	0.0232380952380952	0.023	0.021	0.023	0.023	0.024	0.024	0.0009436504599035	8.9047619047619e-07	2801.0	1608.4761904761904	1874.0	103.0	170.0	1089.0	2493.0	2614.0	928.1394086583988	861442.7619047619	12713.0	4096.0	1682.0	10.0	41.0	158.25	8235.5	11498.5	4503.584302378208	20282271.568627413	11664	4096.0	2232.5	3	92.5	312.0	8294.5	10710.0	4142.986371982333	17164336.078431334	16052023_s_Lm_st_L455_p_F06_pos004_tm_24_ch_Syto9_z_21.tif	16052023_s_Lm_st_L455_p_F06_pos004_tm_24_ch_Syto9_z_21.tif	4095	2055.0	2055.0	15	423.0	1035.0	3075.0	3687.0	1178.2275530077654	1388220.1666666667																																									269.966	269.00214285714287	269.06	266.921	268.733	268.87	269.362	269.502	0.6670901202771901	0.4450092285714359																					slice_0021	slice_0001	384164	32129.654006370987	6918.0	6	258.0	876.0	35910.0	78920.0	62967.51194424691	3964907560.448877	19081.859	1596.6747385444744	343.858	0.298	12.827	43.554	1785.014	3922.189	3128.167877742883	9785434.271342412	20398.764	767.3510595442294	26.667	0.0	0.0	0.0	246.667	1116.0	2690.2440498819697	7237413.047925343	65009	5395.536633178142	1154.0	1	43.0	146.0	5995.0	13198.0	10625.659667350828	112904643.36636607	65.426	37.865857142857145	43.993	2.119	3.856	26.156	57.627	61.431	21.782080078095653	474.45901252857146	255.0	127.5	127.5	0.0	25.5	63.75	191.25	229.5	74.04503134354572	5482.666666666667	255	127.5	127.5	0	25.5	63.75	191.25	229.5	74.04503134354572	5482.666666666667	4080	2040.0	2040.0	0	408.0	1020.0	3060.0	3672.0	1178.2275530077654	1388220.1666666667	20	10.0	10.0	0	2.0	5.0	15.0	18.0	6.2048368229954285	38.5	255.0	127.5	127.5	0.0	25.5	63.75	191.25	229.5	74.04503134354572	5482.666666666667	255	127.5	127.5	0	25.5	63.75	191.25	229.5	74.04503134354572	5482.666666666667																					L455
16052023--s--Lm--st--L455--p--F06--pos005--tm--24--ch--Syto9--z--21	256.0	128.5	128.5	1.0	26.5	64.75	192.25	230.5	74.04503134354572	5482.666666666667	256	128.5	128.5	1	26.5	64.75	192.25	230.5	74.04503134354572	5482.666666666667	4076	2038.5	2038.5	1	408.5	1019.75	3057.25	3668.5	1176.7841773239477	1384821.0											0.475	0.317	0.367	0.006	0.029	0.243	0.445	0.469	0.1691194843889964	0.0286014																					0.024	0.0235238095238095	0.024	0.02	0.022	0.024	0.024	0.024	0.0011233453440081	1.2619047619047584e-06	3668.0	2411.809523809524	2826.0	49.0	238.0	1813.0	3383.0	3573.0	1281.6182980531928	1642545.4619047623	11664.0	4096.0	2232.5	3.0	92.5	312.0	8294.5	10710.0	4142.986371982333	17164336.078431334	11275	4096.0	2547.5	12	135.5	440.5	7887.0	10288.0	3924.060460048707	15398250.494117668	16052023_s_Lm_st_L455_p_F06_pos005_tm_24_ch_Syto9_z_21.tif	16052023_s_Lm_st_L455_p_F06_pos005_tm_24_ch_Syto9_z_21.tif	4095	2057.5	2057.5	20	427.5	1038.75	3076.25	3687.5	1176.7841773239477	1384821.0																																									269.748	268.99557142857145	269.035	267.393	268.559	268.905	269.235	269.445	0.4766197196328027	0.2271663571428514																					slice_0021	slice_0001	317124	32189.20068694799	8411.0	6	444.0	1407.0	38168.0	80538.0	57343.2973296703	3288253748.6389728	15754.793	1599.719374877331	418.1685	0.298	22.075	69.93025	1895.97625	4002.473	2849.112128732773	8117439.922092193	30303.402	686.4912836113838	33.333	0.0	0.0	0.0	269.333	1191.3335	2157.303500338649	4653958.392573387	53564	5401.91609421001	1402.5	1	74.0	234.75	6384.75	13532.0	9661.200003902832	93338785.51541208	86.528	57.74233333333333	66.919	1.025	5.21	44.167	81.022	85.364	30.81985972280428	949.8637533333334	255.0	127.5	127.5	0.0	25.5	63.75	191.25	229.5	74.04503134354572	5482.666666666667	255	127.5	127.5	0	25.5	63.75	191.25	229.5	74.04503134354572	5482.666666666667	4075	2037.5	2037.5	0	407.5	1018.75	3056.25	3667.5	1176.7841773239477	1384821.0	20	10.0	10.0	0	2.0	5.0	15.0	18.0	6.2048368229954285	38.5	255.0	127.5	127.5	0.0	25.5	63.75	191.25	229.5	74.04503134354572	5482.666666666667	255	127.5	127.5	0	25.5	63.75	191.25	229.5	74.04503134354572	5482.666666666667																					L455
16052023--s--Lm--st--L455--p--F07--pos001--tm--24--ch--Syto9--z--21	256.0	128.5	128.5	1.0	26.5	64.75	192.25	230.5	74.04503134354572	5482.666666666667	256	128.5	128.5	1	26.5	64.75	192.25	230.5	74.04503134354572	5482.666666666667	4085	2043.0	2043.0	1	409.4	1022.0	3064.0	3676.6	1179.3822535548006	1390942.5											0.368	0.1878571428571428	0.178	0.03	0.055	0.095	0.287	0.354	0.1118875711213205	0.0125188285714285																					0.025	0.0234761904761904	0.024	0.021	0.022	0.023	0.024	0.024	0.0009807674351775	9.6190476190476e-07	2841.0	1447.6666666666667	1394.0	258.0	454.0	711.0	2221.0	2695.0	862.174305655958	743344.5333333333	11275.0	4096.0	2547.5	12.0	135.5	440.5	7887.0	10288.0	3924.060460048707	15398250.494117668	11729	4096.0	2037.0	22	44.5	187.5	8404.0	10780.5	4297.785337571334	18470958.80784314	16052023_s_Lm_st_L455_p_F07_pos001_tm_24_ch_Syto9_z_21.tif	16052023_s_Lm_st_L455_p_F07_pos001_tm_24_ch_Syto9_z_21.tif	4095	2053.0	2053.0	11	419.4	1032.0	3074.0	3686.6	1179.3822535548006	1390942.5																																									270.377	269.19733333333335	269.141	268.544	268.797	268.979	269.356	269.716	0.4032183444900936	0.1625850333333318																					Ch1	Ch1	598788	32032.263892288865	5078.0	12	168.0	630.0	25130.0	63916.0	83584.37553296637	6986347833.235948	29745.49	1591.5170452876378	252.504	0.597	8.353	31.323	1249.174	3176.8422	4151.641104029775	17236123.85666957	36033.527	979.6655725826192	20.0	0.0	0.0	0.0	160.0	848.0	4275.736219638525	18281920.21992874	101600	5390.399265605875	847.0	2	28.0	105.0	4200.0	10696.2	14146.322374430123	200118436.7213024	67.058	34.22595238095238	32.409	5.506	9.969	17.247	52.243	64.401	20.39408762969354	415.91881024761904	255.0	127.5	127.5	0.0	25.5	63.75	191.25	229.5	74.04503134354572	5482.666666666667	255	127.5	127.5	0	25.5	63.75	191.25	229.5	74.04503134354572	5482.666666666667	4084	2042.0	2042.0	0	408.4	1021.0	3063.0	3675.6	1179.3822535548006	1390942.5	20	10.0	10.0	0	2.0	5.0	15.0	18.0	6.2048368229954285	38.5	255.0	127.5	127.5	0.0	25.5	63.75	191.25	229.5	74.04503134354572	5482.666666666667	255	127.5	127.5	0	25.5	63.75	191.25	229.5	74.04503134354572	5482.666666666667																					L455
16052023--s--Lm--st--L455--p--F07--pos002--tm--24--ch--Syto9--z--21	256.0	128.5	128.5	1.0	26.5	64.75	192.25	230.5	74.04503134354572	5482.666666666667	256	128.5	128.5	1	26.5	64.75	192.25	230.5	74.04503134354572	5482.666666666667	4082	2041.5	2041.5	1	409.1	1021.25	3061.75	3673.9	1178.5162281445257	1388900.5											0.359	0.1933333333333333	0.198	0.024	0.046	0.086	0.31	0.356	0.1232498816767518	0.0151905333333333																					0.025	0.0235714285714285	0.024	0.021	0.023	0.023	0.024	0.025	0.0009783367810436	9.571428571428564e-07	2798.0	1486.142857142857	1489.0	211.0	367.0	650.0	2408.0	2684.0	952.06592658882	906429.5285714284	11729.0	4096.0	2037.0	22.0	44.5	187.5	8404.0	10780.5	4297.785337571334	18470958.80784314	10200	4096.0	2832.0	20	112.0	457.0	8190.0	9570.5	3746.640187960304	14037312.69803922	16052023_s_Lm_st_L455_p_F07_pos002_tm_24_ch_Syto9_z_21.tif	16052023_s_Lm_st_L455_p_F07_pos002_tm_24_ch_Syto9_z_21.tif	4095	2054.5	2054.5	14	422.1	1034.25	3074.75	3686.9	1178.5162281445257	1388900.5																																									270.149	269.1305238095238	269.254	267.592	268.644	268.906	269.533	269.667	0.618648415422494	0.3827258619047627																					slice_0021	slice_0001	603066	32057.99902008819	6813.0	36	342.0	1172.5	25590.5	62039.00000000004	81266.88378009596	6604306399.327624	29955.372	1592.7711004409605	338.734	1.79	17.004	58.336	1272.264	3082.973700000002	4036.302979471493	16291741.74209045	37967.782	960.9810538951494	26.667	0.0	0.0	0.0	162.667	841.600300000001	4232.851661268618	17917033.1863045	102431	5394.223909848114	1137.5	6	57.0	196.0	4272.0	10381.600000000006	13757.651501434728	189272974.8349292	65.356	35.20028571428571	36.108	4.429	8.441	15.753	56.412	64.905	22.442298737301524	503.6567726142856	255.0	127.5	127.5	0.0	25.5	63.75	191.25	229.5	74.04503134354572	5482.666666666667	255	127.5	127.5	0	25.5	63.75	191.25	229.5	74.04503134354572	5482.666666666667	4081	2040.5	2040.5	0	408.1	1020.25	3060.75	3672.9	1178.5162281445257	1388900.5	20	10.0	10.0	0	2.0	5.0	15.0	18.0	6.2048368229954285	38.5	255.0	127.5	127.5	0.0	25.5	63.75	191.25	229.5	74.04503134354572	5482.666666666667	255	127.5	127.5	0	25.5	63.75	191.25	229.5	74.04503134354572	5482.666666666667																					L455
16052023--s--Lm--st--L455--p--F07--pos003--tm--24--ch--Syto9--z--21	256.0	128.5	128.5	1.0	26.5	64.75	192.25	230.5	74.04503134354572	5482.666666666667	256	128.5	128.5	1	26.5	64.75	192.25	230.5	74.04503134354572	5482.666666666667	4079	2040.0	2040.0	1	408.8	1020.5	3059.5	3671.2	1177.6502027342417	1386860.0											0.563	0.3100952380952381	0.353	0.009	0.017	0.146	0.462	0.517	0.1893118867799655	0.0358389904761904																					0.025	0.0233809523809523	0.024	0.02	0.021	0.024	0.024	0.024	0.0013955712262794	1.947619047619046e-06	4304.0	2360.095238095238	2689.0	80.0	147.0	1093.0	3540.0	3940.0	1435.4346346929874	2060472.5904761904	10200.0	4096.0	2832.0	20.0	112.0	457.0	8190.0	9570.5	3746.640187960304	14037312.69803922	12242	4096.0	2058.0	6	58.0	231.5	8122.0	11084.5	4328.027838698478	18731824.97254902	16052023_s_Lm_st_L455_p_F07_pos003_tm_24_ch_Syto9_z_21.tif	16052023_s_Lm_st_L455_p_F07_pos003_tm_24_ch_Syto9_z_21.tif	4095	2056.0	2056.0	17	424.8	1036.5	3075.5	3687.2	1177.6502027342417	1386860.0																																									270.094	269.1815238095238	269.232	267.93	268.704	269.0	269.44	269.669	0.4972952462117042	0.2473025619047595																					slice_0021	slice_0001	335624	32163.40524638392	6860.0	6	276.0	960.0	34494.0	86130.00000000006	60808.88637166383	3697720661.761923	16677.34	1598.381996322628	340.971	0.298	13.722	47.73	1714.7089999999998	4280.2998000000025	3021.136603281219	9127266.37568558	17745.276	709.4653670017161	26.667	0.0	0.0	0.0	233.333	1305.8666000000026	2245.722997916685	5043271.783371901	56642	5398.151752880608	1145.0	1	46.0	160.0	5765.0	14418.600000000008	10243.794249809687	104935320.63243406	102.524	56.468809523809526	64.245	1.598	3.057	26.625	84.218	94.101	34.49028280054985	1189.579607661905	255.0	127.5	127.5	0.0	25.5	63.75	191.25	229.5	74.04503134354572	5482.666666666667	255	127.5	127.5	0	25.5	63.75	191.25	229.5	74.04503134354572	5482.666666666667	4078	2039.0	2039.0	0	407.8	1019.5	3058.5	3670.2	1177.6502027342417	1386860.0	20	10.0	10.0	0	2.0	5.0	15.0	18.0	6.2048368229954285	38.5	255.0	127.5	127.5	0.0	25.5	63.75	191.25	229.5	74.04503134354572	5482.666666666667	255	127.5	127.5	0	25.5	63.75	191.25	229.5	74.04503134354572	5482.666666666667																					L455
16052023--s--Lm--st--L455--p--F07--pos004--tm--24--ch--Syto9--z--21	256.0	128.5	128.5	1.0	26.5	64.75	192.25	230.5	74.04503134354572	5482.666666666667	256	128.5	128.5	1	26.5	64.75	192.25	230.5	74.04503134354572	5482.666666666667	4077	2039.0	2039.0	1	408.6	1020.0	3058.0	3669.4	1177.0728524607132	1385500.5											0.489	0.2845238095238095	0.303	0.012	0.029	0.201	0.434	0.465	0.1610082665727505	0.0259236619047619																					0.024	0.0233809523809523	0.024	0.02	0.022	0.023	0.024	0.024	0.0011169686869465	1.247619047619047e-06	3793.0	2179.333333333333	2336.0	106.0	241.0	1499.0	3292.0	3518.0	1230.146224370637	1513259.733333333	12242.0	4096.0	2058.0	6.0	58.0	231.5	8122.0	11084.5	4328.027838698478	18731824.97254902	11331	4096.0	2525.0	4	123.0	412.25	7863.25	10310.5	3975.314822407767	15803127.937254898	16052023_s_Lm_st_L455_p_F07_pos004_tm_24_ch_Syto9_z_21.tif	16052023_s_Lm_st_L455_p_F07_pos004_tm_24_ch_Syto9_z_21.tif	4095	2056.999509443218	2057.0	18	426.6	1038.0	3076.0	3687.4	1177.0737020253905	1385502.4999997572																																									270.056	268.99814285714285	269.005	268.401	268.461	268.72	269.198	269.415	0.4288920943214349	0.1839484285714266																					slice_0021	slice_0001	347540	32171.30929605102	7638.0	6	354.0	1158.0	36152.0	79294.80000000006	60651.94135945712	3678657990.671025	17263.966	1598.7399916605343	379.752	0.298	17.6	57.574	1797.272	3941.4130000000023	3013.2521945281587	9079688.787828766	22572.332	728.8632457689476	26.667	0.0	0.0	0.0	253.333	1159.7334000000003	2387.684188248401	5701035.782811425	58688	5400.763061074319	1274.0	1	59.0	193.0	6038.0	13270.60000000001	10224.783269273254	104546192.90361024	88.994	51.80680952380952	55.179	2.206	5.245	36.612	79.025	84.67	29.30847063498716	858.9864509619047	255.0	127.5	127.5	0.0	25.5	63.75	191.25	229.5	74.04503134354572	5482.666666666667	255	127.5	127.5	0	25.5	63.75	191.25	229.5	74.04503134354572	5482.666666666667	4076	2038.0	2038.0	0	407.6	1019.0	3057.0	3668.4	1177.0728524607132	1385500.5	20	10.0	10.0	0	2.0	5.0	15.0	18.0	6.2048368229954285	38.5	255.0	127.5	127.5	0.0	25.5	63.75	191.25	229.5	74.04503134354572	5482.666666666667	255	127.5	127.5	0	25.5	63.75	191.25	229.5	74.04503134354572	5482.666666666667																					L455
16052023--s--Lm--st--L455--p--F07--pos005--tm--24--ch--Syto9--z--21	256.0	128.5	128.5	1.0	26.5	64.75	192.25	230.5	74.04503134354572	5482.666666666667	256	128.5	128.5	1	26.5	64.75	192.25	230.5	74.04503134354572	5482.666666666667	4078	2039.5	2039.5	1	408.7000000000001	1020.25	3058.75	3670.3	1177.361527597478	1386180.1666666667											0.635	0.3403809523809523	0.354	0.015	0.043	0.194	0.478	0.569	0.1871746447012725	0.0350343476190476																					0.025	0.0238095238095238	0.024	0.021	0.022	0.024	0.024	0.025	0.0009807674351775	9.619047619047642e-07	4675.0	2570.0476190476197	2672.0	137.0	349.0	1473.0	3618.0	4209.0	1394.5956215401825	1944896.9476190477	11331.0	4096.0	2525.0	4.0	123.0	412.25	7863.25	10310.5	3975.314822407767	15803127.937254898	11369	4096.0	2291.0	5	117.0	402.25	8138.0	10469.5	4050.227462022058	16404342.494117636	16052023_s_Lm_st_L455_p_F07_pos005_tm_24_ch_Syto9_z_21.tif	16052023_s_Lm_st_L455_p_F07_pos005_tm_24_ch_Syto9_z_21.tif	4095	2056.5	2056.5	18	425.7000000000001	1037.25	3075.75	3687.3	1177.361527597478	1386180.1666666667																																									270.802	269.3479523809524	269.331	268.443	268.905	269.056	269.501	269.824	0.4825589576611935	0.2328631476190575																					slice_0021	slice_0001	449004	32132.90583619421	5672.0	6	270.0	874.0	26547.0	74901.40000000004	73221.52218722143	5361391311.413761	22306.272	1596.664557135851	281.98900000000003	0.298	13.424	43.422	1319.6419999999998	3722.790900000002	3637.537656370024	13231680.201509926	22074.255	830.3999333006375	20.0	0.0	0.0	0.0	173.333	1102.000100000001	3026.205705199545	9157920.970182275	75920	5399.504904364885	945.5	1	45.0	146.0	4432.0	12541.500000000007	12354.104516557818	152623898.40603426	115.672	61.99352380952381	64.505	2.814	7.85	35.24	86.962	103.584	34.078220369642324	1161.3251035619048	255.0	127.5	127.5	0.0	25.5	63.75	191.25	229.5	74.04503134354572	5482.666666666667	255	127.5	127.5	0	25.5	63.75	191.25	229.5	74.04503134354572	5482.666666666667	4077	2038.5	2038.5	0	407.7000000000001	1019.25	3057.75	3669.3	1177.361527597478	1386180.1666666667	20	10.0	10.0	0	2.0	5.0	15.0	18.0	6.2048368229954285	38.5	255.0	127.5	127.5	0.0	25.5	63.75	191.25	229.5	74.04503134354572	5482.666666666667	255	127.5	127.5	0	25.5	63.75	191.25	229.5	74.04503134354572	5482.666666666667																					L455
16052023--s--Lm--st--L455--p--G03--pos001--tm--24--ch--Syto9--z--21	256.0	128.5	128.5	1.0	26.5	64.75	192.25	230.5	74.04503134354572	5482.666666666667	256	128.5	128.5	1	26.5	64.75	192.25	230.5	74.04503134354572	5482.666666666667	2802	1401.5	1401.5	1	281.1	701.25	2101.75	2521.9	809.0120518261764	654500.5											0.185	0.1056190476190476	0.093	0.046	0.059	0.064	0.137	0.172	0.043700659251865	0.0019097476190476																					0.029	0.0267619047619047	0.027	0.025	0.026	0.026	0.027	0.028	0.0009952267030562	9.904761904761917e-07	1237.0	722.3809523809524	618.0	315.0	398.0	465.0	957.0	1216.0	308.4041952033851	95113.14761904764	11369.0	4096.0	2291.0	5.0	117.0	402.25	8138.0	10469.5	4050.227462022058	16404342.494117636	21388	4096.0	60.5	0	0.0	2.0	5050.25	17958.0	6874.68702859821	47261321.74117649	16052023_s_Lm_st_L455_p_G03_pos001_tm_24_ch_Syto9_z_21.tif	16052023_s_Lm_st_L455_p_G03_pos001_tm_24_ch_Syto9_z_21.tif	3760	1429.56852248394	1410.5	10	290.1	710.25	2110.75	2565.9	842.6451893608879	710050.9151530466																																									269.474	268.8095238095238	268.897	267.875	268.161	268.517	269.208	269.326	0.4573914755488674	0.2092069619047702																					Ch1	Ch1	998776	46432.3119200571	1320.0	6	12.0	42.0	32826.0	117633.4000000001	127957.656556417	16373161871.409967	49596.467	2306.6641170592434	65.67699999999999	0.298	0.597	2.088	1631.826	5847.053300000005	6353.884353071587	40371846.37220793	103010.302	2224.650933618844	6.667	0.0	0.0	0.0	346.667	2377.0670000000014	10469.9395379821	109619633.9290008	171844	7858.706638115632	220.5	1	2.0	7.0	5488.5	19729.80000000001	21866.066051437298	478124844.56581867	33.607	19.21814285714286	16.969	8.371	10.803	11.723	24.871	31.367	7.938066731173998	63.01290342857144	255.0	127.5	127.5	0.0	25.5	63.75	191.25	229.5	74.04503134354572	5482.666666666667	255	127.5	127.5	0	25.5	63.75	191.25	229.5	74.04503134354572	5482.666666666667	2801	1400.5	1400.5	0	280.1	700.25	2100.75	2520.9	809.0120518261764	654500.5	20	10.0	10.0	0	2.0	5.0	15.0	18.0	6.2048368229954285	38.5	255.0	127.5	127.5	0.0	25.5	63.75	191.25	229.5	74.04503134354572	5482.666666666667	255	127.5	127.5	0	25.5	63.75	191.25	229.5	74.04503134354572	5482.666666666667																					L455
23052023--s--Lm--st--19115--p--F03--pos001--tm--24--ch--Syto9--z--21	256.0	128.5	128.5	1.0	26.5	64.75	192.25	230.5	74.04503134354572	5482.666666666667	256	128.5	128.5	1	26.5	64.75	192.25	230.5	74.04503134354572	5482.666666666667	3632	1816.5	1816.5	1	364.1	908.75	2724.25	3268.9	1048.6124164818957	1099588.0											0.181	0.0642380952380952	0.041	0.004	0.006	0.009	0.11	0.155	0.0615986239796837	0.0037943904761904																					0.035	0.0304285714285714	0.03	0.028	0.029	0.029	0.031	0.032	0.0015991068935949	2.557142857142857e-06	1108.0	390.04761904761904	249.0	23.0	33.0	56.0	685.0	918.0	372.61957492736167	138845.34761904768	21388.0	4096.0	60.5	0.0	0.0	2.0	5050.25	17958.0	6874.68702859821	47261321.74117649	32347	4096.0	36.5	0	1.0	4.0	3659.5	18106.5	7616.436786679855	58010109.32549016	23052023_s_Lm_st_19115_p_F03_pos001_tm_24_ch_Syto9_z_21.tif	23052023_s_Lm_st_19115_p_F03_pos001_tm_24_ch_Syto9_z_21.tif	4095	1861.607654185022	1824.5	9	372.1	916.75	2741.25	3427.9	1107.3027321613297	1226119.3406519454																																									277.578	273.9229523809524	273.398	271.421	272.232	273.0	274.794	276.58	1.823399667549347	3.324786347619068																					slice_0021	slice_0001	2799764	35493.490088105726	186.0	6	6.0	18.0	8179.0	37662.4	211822.9349232928	44868955759.517525	139076.1	1763.230147301762	9.248	0.298	0.298	0.895	406.6665	1871.7394	10522.409928221476	110721110.6975339	377509.366	2636.2859768722465	0.0	0.0	0.0	0.0	53.99975	420.0	23931.515466963287	572717432.545503	487285	6062.777533039648	31.0	1	1.0	3.0	1366.0	6294.300000000001	36621.31502802398	1341120714.381775	33.052	11.71604761904762	7.538	0.799	1.042	1.633	20.008	28.31	11.237554033134568	126.282620647619	255.0	127.5	127.5	0.0	25.5	63.75	191.25	229.5	74.04503134354572	5482.666666666667	255	127.5	127.5	0	25.5	63.75	191.25	229.5	74.04503134354572	5482.666666666667	3631	1815.5	1815.5	0	363.1	907.75	2723.25	3267.9	1048.6124164818957	1099588.0	20	10.0	10.0	0	2.0	5.0	15.0	18.0	6.2048368229954285	38.5	255.0	127.5	127.5	0.0	25.5	63.75	191.25	229.5	74.04503134354572	5482.666666666667	255	127.5	127.5	0	25.5	63.75	191.25	229.5	74.04503134354572	5482.666666666667																					19115
23052023--s--Lm--st--19115--p--F03--pos002--tm--24--ch--Syto9--z--21	256.0	128.5	128.5	1.0	26.5	64.75	192.25	230.5	74.04503134354572	5482.666666666667	256	128.5	128.5	1	26.5	64.75	192.25	230.5	74.04503134354572	5482.666666666667	2677	1339.0	1339.0	1	268.6	670.0	2008.0	2409.4	772.9276594007143	597417.1666666666											0.218	0.0765238095238095	0.057	0.002	0.004	0.011	0.136	0.18	0.0718001525399626	0.0051552619047619																					0.036	0.0309523809523809	0.031	0.027	0.029	0.03	0.032	0.033	0.0020365704131257	4.147619047619049e-06	1262.0	456.8571428571428	366.0	11.0	22.0	58.0	818.0	1067.0	428.2212378799405	183373.42857142855	32347.0	4096.0	36.5	0.0	1.0	4.0	3659.5	18106.5	7616.436786679855	58010109.32549016	41909	4096.0	8.5	0	0.0	0.0	1504.5	20666.0	8542.987310550992	72982632.18823527	23052023_s_Lm_st_19115_p_F03_pos002_tm_24_ch_Syto9_z_21.tif	23052023_s_Lm_st_19115_p_F03_pos002_tm_24_ch_Syto9_z_21.tif	4038	1386.3197609264105	1347.0	9	276.6	678.0	2019.0	2516.4	843.9652752078107	712277.3857565956																																									282.723	274.2401428571428	273.759	271.278	272.465	272.737	275.077	276.489	2.416678346113	5.840334228571464																					slice_0021	slice_0001	2973424	48084.96301830407	408.0	6	6.0	24.0	16118.0	60674.800000000025	248687.75441561604	61845599196.28175	147694.09	2388.940190885319	20.285	0.298	0.298	1.193	801.4	3015.5584000000013	12354.463974485923	152632780.0968705	433873.454	3755.959054538663	0.0	0.0	0.0	0.0	153.333	900.0	30353.20976349124	921317342.9464998	520368	8225.6611878969	68.0	1	1.0	4.0	2695.0	10155.400000000003	43135.07374630642	1860634587.0992928	39.756	13.945666666666666	10.351	0.33	0.677	1.997	24.784	32.843	13.08119414401198	171.11764023333336	255.0	127.5	127.5	0.0	25.5	63.75	191.25	229.5	74.04503134354572	5482.666666666667	255	127.5	127.5	0	25.5	63.75	191.25	229.5	74.04503134354572	5482.666666666667	2676	1338.0	1338.0	0	267.6	669.0	2007.0	2408.4	772.9276594007143	597417.1666666666	20	10.0	10.0	0	2.0	5.0	15.0	18.0	6.2048368229954285	38.5	255.0	127.5	127.5	0.0	25.5	63.75	191.25	229.5	74.04503134354572	5482.666666666667	255	127.5	127.5	0	25.5	63.75	191.25	229.5	74.04503134354572	5482.666666666667																					19115
23052023--s--Lm--st--19115--p--F03--pos003--tm--24--ch--Syto9--z--21	256.0	128.5	128.5	1.0	26.5	64.75	192.25	230.5	74.04503134354572	5482.666666666667	256	128.5	128.5	1	26.5	64.75	192.25	230.5	74.04503134354572	5482.666666666667	3329	1665.0	1665.0	1	333.8	833.0	2497.0	2996.2000000000003	961.1438497956484	923797.5											0.196	0.0846190476190476	0.054	0.017	0.019	0.025	0.154	0.176	0.066024598590583	0.0043592476190476																					0.032	0.0288095238095238	0.029	0.021	0.027	0.028	0.03	0.031	0.0024620935729384	6.061904761904759e-06	1256.0	542.2857142857143	325.0	98.0	118.0	159.0	1006.0	1141.0	431.0436338535976	185798.61428571428	41909.0	4096.0	8.5	0.0	0.0	0.0	1504.5	20666.0	8542.987310550992	72982632.18823527	24360	4096.0	18.5	0	0.0	1.0	3960.5	18467.0	7365.577928418643	54251738.21960787	23052023_s_Lm_st_19115_p_F03_pos003_tm_24_ch_Syto9_z_21.tif	23052023_s_Lm_st_19115_p_F03_pos003_tm_24_ch_Syto9_z_21.tif	4095	1717.2469209972965	1673.0	9	341.8	841.0	2508.0	3146.2000000000003	1035.823868931973	1072931.0874492011																																									275.011	272.90280952380954	272.63	271.12	271.816	272.167	273.976	274.596	1.138713292231524	1.2966679619047563																					slice_0021	slice_0001	1697566	39021.78852508261	478.0	6	6.0	18.0	21742.0	74333.60000000002	154020.3052153227	23722254418.62116	84306.56	1938.5180312406128	23.733	0.298	0.298	0.895	1080.857	3694.294400000001	7649.411363271609	58513494.20454882	188992.451	2039.5185163712829	0.0	0.0	0.0	0.0	182.667	1002.667	14197.238570640411	201561583.03167975	293320	6614.623310303395	80.0	1	1.0	3.0	3632.0	12442.4	26423.964419953267	698225895.6669562	35.639	15.406238095238097	9.813	3.126	3.491	4.62	27.997	32.096	12.011740664469752	144.28191379047624	255.0	127.5	127.5	0.0	25.5	63.75	191.25	229.5	74.04503134354572	5482.666666666667	255	127.5	127.5	0	25.5	63.75	191.25	229.5	74.04503134354572	5482.666666666667	3328	1664.0	1664.0	0	332.8	832.0	2496.0	2995.2000000000003	961.1438497956484	923797.5	20	10.0	10.0	0	2.0	5.0	15.0	18.0	6.2048368229954285	38.5	255.0	127.5	127.5	0.0	25.5	63.75	191.25	229.5	74.04503134354572	5482.666666666667	255	127.5	127.5	0	25.5	63.75	191.25	229.5	74.04503134354572	5482.666666666667																					19115
23052023--s--Lm--st--19115--p--F03--pos004--tm--24--ch--Syto9--z--21	256.0	128.5	128.5	1.0	26.5	64.75	192.25	230.5	74.04503134354572	5482.666666666667	256	128.5	128.5	1	26.5	64.75	192.25	230.5	74.04503134354572	5482.666666666667	3808	1904.5	1904.5	1	381.7000000000001	952.75	2856.25	3427.3	1099.4192406296456	1208722.6666666667											0.177	0.0784285714285714	0.067	0.011	0.012	0.022	0.131	0.167	0.0590140419125579	0.0034826571428571																					0.033	0.0289523809523809	0.029	0.022	0.028	0.028	0.03	0.03	0.0022017309208027	4.847619047619054e-06	1134.0	495.0952380952381	413.0	61.0	74.0	159.0	789.0	1050.0	373.73331464587216	139676.5904761905	24360.0	4096.0	18.5	0.0	0.0	1.0	3960.5	18467.0	7365.577928418643	54251738.21960787	22935	4096.0	22.0	0	0.5	3.0	3777.75	18611.0	7353.844170654863	54079024.08627451	23052023_s_Lm_st_19115_p_F03_pos004_tm_24_ch_Syto9_z_21.tif	23052023_s_Lm_st_19115_p_F03_pos004_tm_24_ch_Syto9_z_21.tif	4095	1931.9944852941176	1912.5	9	389.7000000000001	960.75	2867.25	3498.3	1130.1202256505858	1277171.7244245308																																									274.472	272.73785714285714	272.56	270.228	271.466	272.354	273.648	274.017	1.1154211440399715	1.2441643285714394																					slice_0021	slice_0001	1780126	34080.82930672269	210.0	6	6.0	24.0	12852.0	58848.40000000004	153122.12163016296	23446384132.52242	88416.584	1693.2076425945377	10.441	0.298	0.298	1.193	639.059	2925.4795000000017	7605.980007277235	57850931.87110101	200845.192	1877.4333508403363	0.0	0.0	0.0	0.0	100.0	703.8670000000008	14182.275352649014	201136934.1783557	307690	5782.577731092437	35.0	1	1.0	4.0	2147.25	9844.600000000006	26276.312878520133	690444618.489883	32.201	14.273380952380952	12.279	1.997	2.188	3.925	23.794	30.36	10.734234884127469	115.22379854761904	255.0	127.5	127.5	0.0	25.5	63.75	191.25	229.5	74.04503134354572	5482.666666666667	255	127.5	127.5	0	25.5	63.75	191.25	229.5	74.04503134354572	5482.666666666667	3807	1903.5	1903.5	0	380.7000000000001	951.75	2855.25	3426.3	1099.4192406296456	1208722.6666666667	20	10.0	10.0	0	2.0	5.0	15.0	18.0	6.2048368229954285	38.5	255.0	127.5	127.5	0.0	25.5	63.75	191.25	229.5	74.04503134354572	5482.666666666667	255	127.5	127.5	0	25.5	63.75	191.25	229.5	74.04503134354572	5482.666666666667																					19115
23052023--s--Lm--st--19115--p--F03--pos005--tm--24--ch--Syto9--z--21	256.0	128.5	128.5	1.0	26.5	64.75	192.25	230.5	74.04503134354572	5482.666666666667	256	128.5	128.5	1	26.5	64.75	192.25	230.5	74.04503134354572	5482.666666666667	3545	1773.0	1773.0	1	355.40000000000003	887.0	2659.0	3190.6	1023.4976795283906	1047547.5											0.187	0.0908095238095238	0.087	0.016	0.018	0.034	0.142	0.174	0.0591114363280229	0.0034941619047619																					0.033	0.0291428571428571	0.029	0.025	0.027	0.028	0.03	0.032	0.0020563490531938	4.228571428571431e-06	1223.0	583.4285714285714	548.0	89.0	104.0	240.0	931.0	1173.0	393.1061652312988	154532.45714285714	22935.0	4096.0	22.0	0.0	0.5	3.0	3777.75	18611.0	7353.844170654863	54079024.08627451	22700	4096.0	19.0	0	0.0	1.0	3821.75	18688.0	7354.15068928998	54083532.36078428	23052023_s_Lm_st_19115_p_F03_pos005_tm_24_ch_Syto9_z_21.tif	23052023_s_Lm_st_19115_p_F03_pos005_tm_24_ch_Syto9_z_21.tif	4095	1815.537658674189	1781.0	9	363.4	895.0	2672.0	3307.6	1079.4827853497306	1165283.0838664123																																									276.365	272.7632857142857	272.431	271.185	271.663	272.063	273.265	273.893	1.2839322467660392	1.6484820142856893																					slice_0021	slice_0001	1705576	36622.40112834979	240.0	6	6.0	24.0	15350.0	64490.39999999998	154982.62257926445	24019613301.546726	84691.511	1819.1833196050773	11.933	0.298	0.298	1.193	763.022	3205.006599999999	7696.5811448012355	59237361.3185099	191563.521	1980.4864442877288	0.0	0.0	0.0	0.0	126.667	842.1333999999999	14090.940109368536	198554593.165811	294770	6211.592665726375	40.0	1	1.0	4.0	2565.0	10789.399999999996	26578.75696233817	706430321.66304	34.111	16.535333333333334	15.822	2.918	3.248	6.253	25.809	31.679	10.768367556567402	115.95773983333338	255.0	127.5	127.5	0.0	25.5	63.75	191.25	229.5	74.04503134354572	5482.666666666667	255	127.5	127.5	0	25.5	63.75	191.25	229.5	74.04503134354572	5482.666666666667	3544	1772.0	1772.0	0	354.40000000000003	886.0	2658.0	3189.6	1023.4976795283906	1047547.5	20	10.0	10.0	0	2.0	5.0	15.0	18.0	6.2048368229954285	38.5	255.0	127.5	127.5	0.0	25.5	63.75	191.25	229.5	74.04503134354572	5482.666666666667	255	127.5	127.5	0	25.5	63.75	191.25	229.5	74.04503134354572	5482.666666666667																					19115
23052023--s--Lm--st--19115--p--F04--pos001--tm--24--ch--Syto9--z--21	256.0	128.5	128.5	1.0	26.5	64.75	192.25	230.5	74.04503134354572	5482.666666666667	256	128.5	128.5	1	26.5	64.75	192.25	230.5	74.04503134354572	5482.666666666667	3540	1770.5	1770.5	1	354.90000000000003	885.75	2655.25	3186.1	1022.0543038410436	1044595.0											0.191	0.0731904761904761	0.047	0.003	0.009	0.025	0.12	0.177	0.0630568148954726	0.0039761619047619																					0.033	0.0291904761904761	0.03	0.021	0.028	0.028	0.03	0.031	0.0024823184247603	6.161904761904759e-06	1152.0	446.8095238095238	272.0	24.0	58.0	168.0	733.0	1065.0	376.4110278734696	141685.26190476192	22700.0	4096.0	19.0	0.0	0.0	1.0	3821.75	18688.0	7354.15068928998	54083532.36078428	32799	4096.0	14.0	0	0.0	1.0	2765.0	20058.5	7854.458570474098	61692519.435294025	23052023_s_Lm_st_19115_p_F04_pos001_tm_24_ch_Syto9_z_21.tif	23052023_s_Lm_st_19115_p_F04_pos001_tm_24_ch_Syto9_z_21.tif	4095	1819.1251412429376	1778.5	9	362.9	893.75	2673.25	3340.4	1087.4741939512276	1182600.122509872																																									274.558	272.8338095238095	273.192	268.333	271.551	272.206	273.622	273.951	1.3559089799484223	1.8384891619047716																					slice_0021	slice_0001	2127256	36581.06836158192	327.0	6	6.0	18.0	13859.5	56276.79999999999	174967.33747608343	30613569183.469666	105678.282	1817.5765785310737	16.258000000000003	0.298	0.298	0.895	689.11775	2797.011699999999	8692.017312833425	75551164.96659599	262853.749	2241.640034745763	0.0	0.0	0.0	0.0	106.667	693.5996999999998	17874.553768444548	319499672.42101514	368863	6220.358757062147	54.5	1	1.0	3.0	2314.5	9416.199999999995	30127.568729895243	907670397.5745616	34.702	13.333904761904762	8.476	0.608	1.685	4.464	21.849	32.218	11.481812696193758	131.83202279047617	255.0	127.5	127.5	0.0	25.5	63.75	191.25	229.5	74.04503134354572	5482.666666666667	255	127.5	127.5	0	25.5	63.75	191.25	229.5	74.04503134354572	5482.666666666667	3539	1769.5	1769.5	0	353.90000000000003	884.75	2654.25	3185.1	1022.0543038410436	1044595.0	20	10.0	10.0	0	2.0	5.0	15.0	18.0	6.2048368229954285	38.5	255.0	127.5	127.5	0.0	25.5	63.75	191.25	229.5	74.04503134354572	5482.666666666667	255	127.5	127.5	0	25.5	63.75	191.25	229.5	74.04503134354572	5482.666666666667																					19115
23052023--s--Lm--st--19115--p--F04--pos002--tm--24--ch--Syto9--z--21	256.0	128.5	128.5	1.0	26.5	64.75	192.25	230.5	74.04503134354572	5482.666666666667	256	128.5	128.5	1	26.5	64.75	192.25	230.5	74.04503134354572	5482.666666666667	3137	1569.0	1569.0	1	314.6	785.0	2353.0	2823.4	905.718223290224	820325.5											0.242	0.0816190476190476	0.064	0.005	0.006	0.018	0.124	0.18	0.0741022780962071	0.0054911476190476																					0.032	0.0299523809523809	0.031	0.024	0.026	0.029	0.032	0.032	0.0023974192473614	5.747619047619048e-06	1360.0	478.95238095238096	384.0	29.0	39.0	108.0	741.0	1021.0	419.88277842636944	176301.54761904763	32799.0	4096.0	14.0	0.0	0.0	1.0	2765.0	20058.5	7854.458570474098	61692519.435294025	37401	4096.0	8.0	0	0.0	1.0	1532.25	21125.5	8498.87024279825	72230795.40392159	23052023_s_Lm_st_19115_p_F04_pos002_tm_24_ch_Syto9_z_21.tif	23052023_s_Lm_st_19115_p_F04_pos002_tm_24_ch_Syto9_z_21.tif	4095	1642.4504303474655	1577.0	9	322.6	793.0	2369.0	3047.4	1015.8665288225568	1031984.8043819905																																									274.415	273.44057142857145	273.463	271.086	272.374	273.236	274.176	274.288	0.8621181804966441	0.7432477571428443																					slice_0021	slice_0001	2362506	41204.474976091806	306.0	6	6.0	18.0	14072.0	61904.80000000003	198436.28146983136	39376957803.574135	117354.763	2047.3686477526296	15.214	0.298	0.298	0.895	699.772	3077.042400000001	9858.408922367007	97188226.48060542	311471.184	2743.6009445329937	0.0	0.0	0.0	0.0	126.667	862.1332000000004	21549.036391254213	464360969.3915984	411240	7019.473063436404	51.0	1	1.0	3.0	2351.0	10359.600000000006	34245.88563699074	1172780683.0618484	44.046	14.850619047619048	11.567	0.938	1.059	3.248	22.648	32.722	13.491012332201729	182.0074137476191	255.0	127.5	127.5	0.0	25.5	63.75	191.25	229.5	74.04503134354572	5482.666666666667	255	127.5	127.5	0	25.5	63.75	191.25	229.5	74.04503134354572	5482.666666666667	3136	1568.0	1568.0	0	313.6	784.0	2352.0	2822.4	905.718223290224	820325.5	20	10.0	10.0	0	2.0	5.0	15.0	18.0	6.2048368229954285	38.5	255.0	127.5	127.5	0.0	25.5	63.75	191.25	229.5	74.04503134354572	5482.666666666667	255	127.5	127.5	0	25.5	63.75	191.25	229.5	74.04503134354572	5482.666666666667																					19115
23052023--s--Lm--st--19115--p--F04--pos003--tm--24--ch--Syto9--z--21	256.0	128.5	128.5	1.0	26.5	64.75	192.25	230.5	74.04503134354572	5482.666666666667	256	128.5	128.5	1	26.5	64.75	192.25	230.5	74.04503134354572	5482.666666666667	3900	1950.5	1950.5	1	390.9	975.75	2925.25	3510.1	1125.9773532358456	1267825.0											0.184	0.0812380952380952	0.073	0.011	0.013	0.024	0.13	0.172	0.0636332497692085	0.0040491904761904																					0.032	0.0279523809523809	0.028	0.019	0.022	0.028	0.03	0.031	0.0034274799850063	1.1747619047619048e-05	1197.0	522.0	429.0	80.0	94.0	147.0	787.0	1119.0	410.90814058619	168845.50000000006	37401.0	4096.0	8.0	0.0	0.0	1.0	1532.25	21125.5	8498.87024279825	72230795.40392159	21159	4096.0	79.5	0	1.0	4.0	5583.25	16728.0	6742.5710875442965	45462264.87058828	23052023_s_Lm_st_19115_p_F04_pos003_tm_24_ch_Syto9_z_21.tif	23052023_s_Lm_st_19115_p_F04_pos003_tm_24_ch_Syto9_z_21.tif	4095	1973.0779487179489	1958.5	9	398.9	983.75	2933.25	3573.1	1148.5817134071576	1319239.952373322																																									276.153	272.24809523809523	272.068	269.547	271.128	271.536	272.82	273.53	1.3337021370891846	1.778761390476258																					slice_0021	slice_0001	1412210	33372.42256410256	509.0	6	12.0	30.0	17826.5	62614.79999999999	130967.20567561351	17152408962.478456	70149.35	1658.1930943589743	25.291	0.298	0.597	1.492	886.31975	3113.1025999999997	6506.0845466964765	42329136.1287627	138011.618	1559.9563628205128	0.0	0.0	0.0	0.0	126.667	740.2666999999998	10643.58211037244	113285840.14024024	242661	5646.160256410257	85.0	1	2.0	5.0	2977.5	10477.6	22386.395815410146	501150717.60421264	33.451	14.808285714285711	13.287	1.997	2.449	4.342	23.725	31.349	11.58496428195986	134.21139741428573	255.0	127.5	127.5	0.0	25.5	63.75	191.25	229.5	74.04503134354572	5482.666666666667	255	127.5	127.5	0	25.5	63.75	191.25	229.5	74.04503134354572	5482.666666666667	3899	1949.5	1949.5	0	389.9	974.75	2924.25	3509.1	1125.9773532358456	1267825.0	20	10.0	10.0	0	2.0	5.0	15.0	18.0	6.2048368229954285	38.5	255.0	127.5	127.5	0.0	25.5	63.75	191.25	229.5	74.04503134354572	5482.666666666667	255	127.5	127.5	0	25.5	63.75	191.25	229.5	74.04503134354572	5482.666666666667																					19115
23052023--s--Lm--st--19115--p--F04--pos004--tm--24--ch--Syto9--z--21	256.0	128.5	128.5	1.0	26.5	64.75	192.25	230.5	74.04503134354572	5482.666666666667	256	128.5	128.5	1	26.5	64.75	192.25	230.5	74.04503134354572	5482.666666666667	3663	1832.0	1832.0	1	367.2000000000001	916.5	2747.5	3296.8	1057.561345738393	1118436.0											0.178	0.0698571428571428	0.052	0.008	0.012	0.019	0.116	0.162	0.0600668675013819	0.0036080285714285																					0.031	0.0271904761904761	0.028	0.021	0.022	0.027	0.028	0.03	0.0026761735298565	7.161904761904768e-06	1105.0	449.8571428571428	352.0	55.0	92.0	127.0	768.0	1037.0	372.134288357615	138483.92857142855	21159.0	4096.0	79.5	0.0	1.0	4.0	5583.25	16728.0	6742.5710875442965	45462264.87058828	17944	4096.0	112.0	0	0.0	4.0	7286.25	15460.5	6185.824428386526	38264423.85882349	23052023_s_Lm_st_19115_p_F04_pos004_tm_24_ch_Syto9_z_21.tif	23052023_s_Lm_st_19115_p_F04_pos004_tm_24_ch_Syto9_z_21.tif	4095	1860.2014742014744	1840.0	9	375.2000000000001	924.5	2755.5	3343.6000000000004	1091.552870635042	1191487.6693916004																																									275.159	271.79133333333334	271.864	269.196	270.588	271.306	272.224	272.514	1.1562306142518832	1.3368692333332872																					slice_0021	slice_0001	1697896	35465.15752115752	894.0	6	12.0	36.0	19318.0	55919.60000000005	151459.03633837576	22939839688.549427	84362.758	1762.2019361179362	44.449	0.298	0.597	1.79	960.532	2778.9864000000025	7524.711384589511	56621281.42137099	182801.912	1852.73692001092	0.0	0.0	0.0	0.0	140.0	648.7998000000005	13455.687499262702	181055526.07781452	292859	6011.488124488124	149.0	1	2.0	6.0	3226.0	9352.200000000006	25958.939530299616	673866541.537752	32.339	12.725904761904763	9.431	1.407	2.258	3.526	21.189	29.474	10.943943639770636	119.76990239047618	255.0	127.5	127.5	0.0	25.5	63.75	191.25	229.5	74.04503134354572	5482.666666666667	255	127.5	127.5	0	25.5	63.75	191.25	229.5	74.04503134354572	5482.666666666667	3662	1831.0	1831.0	0	366.2000000000001	915.5	2746.5	3295.8	1057.561345738393	1118436.0	20	10.0	10.0	0	2.0	5.0	15.0	18.0	6.2048368229954285	38.5	255.0	127.5	127.5	0.0	25.5	63.75	191.25	229.5	74.04503134354572	5482.666666666667	255	127.5	127.5	0	25.5	63.75	191.25	229.5	74.04503134354572	5482.666666666667																					19115
23052023--s--Lm--st--19115--p--F04--pos005--tm--24--ch--Syto9--z--21	256.0	128.5	128.5	1.0	26.5	64.75	192.25	230.5	74.04503134354572	5482.666666666667	256	128.5	128.5	1	26.5	64.75	192.25	230.5	74.04503134354572	5482.666666666667	3554	1777.5	1777.5	1	356.3	889.25	2665.75	3198.7000000000003	1026.095755765513	1052872.5											0.179	0.0797142857142857	0.065	0.01	0.015	0.021	0.141	0.173	0.0637221647914937	0.0040605142857142																					0.032	0.0279999999999999	0.028	0.022	0.026	0.028	0.029	0.03	0.0020248456731316	4.100000000000001e-06	1164.0	515.952380952381	403.0	63.0	100.0	155.0	909.0	1151.0	412.078812387931	169808.94761904763	17944.0	4096.0	112.0	0.0	0.0	4.0	7286.25	15460.5	6185.824428386526	38264423.85882349	19968	4096.0	50.5	0	1.0	4.0	5873.25	16687.0	6695.655515654442	44831802.78431375	23052023_s_Lm_st_19115_p_F04_pos005_tm_24_ch_Syto9_z_21.tif	23052023_s_Lm_st_19115_p_F04_pos005_tm_24_ch_Syto9_z_21.tif	4095	1819.1024198086664	1785.5	9	364.3	897.25	2676.75	3324.7000000000003	1080.7864763513137	1168099.4074638886																																									275.117	272.3045714285714	272.109	269.5	271.499	271.703	272.87	273.548	1.1401500151922068	1.299942057142789																					slice_0021	slice_0001	1722270	36530.270118176704	548.0	6	6.0	24.0	17973.5	59164.40000000009	155640.5590212026	24223983612.43244	85551.15	1814.8307830613396	27.2295	0.298	0.298	1.193	893.99225	2940.159000000004	7730.723286515555	59764082.532673866	186689.096	1974.0656463140124	0.0	0.0	0.0	0.0	140.0	719.7331000000014	14096.859687043554	198721453.0361937	297105	6195.860438942037	92.0	1	1.0	4.0	3001.25	9894.800000000014	26690.488707510747	712382187.4457587	32.565	14.52304761904762	11.862	1.737	2.779	3.873	25.618	31.506	11.588321118592589	134.289186347619	255.0	127.5	127.5	0.0	25.5	63.75	191.25	229.5	74.04503134354572	5482.666666666667	255	127.5	127.5	0	25.5	63.75	191.25	229.5	74.04503134354572	5482.666666666667	3553	1776.5	1776.5	0	355.3	888.25	2664.75	3197.7000000000003	1026.095755765513	1052872.5	20	10.0	10.0	0	2.0	5.0	15.0	18.0	6.2048368229954285	38.5	255.0	127.5	127.5	0.0	25.5	63.75	191.25	229.5	74.04503134354572	5482.666666666667	255	127.5	127.5	0	25.5	63.75	191.25	229.5	74.04503134354572	5482.666666666667																					19115
23052023--s--Lm--st--19115--p--F05--pos001--tm--24--ch--Syto9--z--21	256.0	128.5	128.5	1.0	26.5	64.75	192.25	230.5	74.04503134354572	5482.666666666667	256	128.5	128.5	1	26.5	64.75	192.25	230.5	74.04503134354572	5482.666666666667	4041	2021.0	2021.0	1	405.0	1011.0	3031.0	3637.0	1166.680547536471	1361143.5											0.173	0.0679523809523809	0.046	0.002	0.006	0.013	0.123	0.17	0.0621188185580474	0.0038587476190476																					0.03	0.0266190476190476	0.027	0.023	0.025	0.026	0.028	0.028	0.0015961262630566	2.547619047619048e-06	1235.0	472.0	314.0	16.0	38.0	96.0	892.0	1196.0	437.495371404087	191402.2	19968.0	4096.0	50.5	0.0	1.0	4.0	5873.25	16687.0	6695.655515654442	44831802.78431375	18706	4096.0	1578.5	0	8.0	63.25	8451.25	10830.5	4732.68092990788	22398268.784313723	23052023_s_Lm_st_19115_p_F05_pos001_tm_24_ch_Syto9_z_21.tif	23052023_s_Lm_st_19115_p_F05_pos001_tm_24_ch_Syto9_z_21.tif	4095	2031.093541202673	2029.0	9	413.0	1019.0	3039.0	3651.0	1170.0498928011216	1369016.751643916																																									272.789	270.86785714285713	270.767	267.353	269.825	270.469	271.979	272.33	1.2626961742918974	1.5944016285713936																					Ch1	Ch1	1819050	32122.94580549369	2278.0	6	24.0	132.0	13618.0	35588.0	155836.89230384456	24285137002.92005	90381.665	1596.068151695125	113.227	0.298	1.193	6.563	676.844	1768.745	7742.620540407664	59948172.83274268	184205.608	1754.58041301658	6.667	0.0	0.0	0.0	73.333	360.0	13474.16327694174	181553076.01368532	313115	5449.125463994061	382.0	1	4.0	22.0	2275.0	5950.0	26692.53128266569	712491226.2760866	31.575	12.386714285714286	8.337	0.399	1.007	2.379	22.474	30.967	11.331116993230886	128.39421231428577	255.0	127.5	127.5	0.0	25.5	63.75	191.25	229.5	74.04503134354572	5482.666666666667	255	127.5	127.5	0	25.5	63.75	191.25	229.5	74.04503134354572	5482.666666666667	4040	2020.0	2020.0	0	404.0	1010.0	3030.0	3636.0	1166.680547536471	1361143.5	20	10.0	10.0	0	2.0	5.0	15.0	18.0	6.2048368229954285	38.5	255.0	127.5	127.5	0.0	25.5	63.75	191.25	229.5	74.04503134354572	5482.666666666667	255	127.5	127.5	0	25.5	63.75	191.25	229.5	74.04503134354572	5482.666666666667																					19115
23052023--s--Lm--st--19115--p--F05--pos002--tm--24--ch--Syto9--z--21	256.0	128.5	128.5	1.0	26.5	64.75	192.25	230.5	74.04503134354572	5482.666666666667	256	128.5	128.5	1	26.5	64.75	192.25	230.5	74.04503134354572	5482.666666666667	3838	1919.5	1919.5	1	384.7000000000001	960.25	2878.75	3454.3	1108.07949474154	1227840.1666666667											0.173	0.0662380952380952	0.052	0.006	0.009	0.016	0.118	0.153	0.0588803063527226	0.0034668904761904																					0.03	0.0274285714285714	0.027	0.025	0.026	0.027	0.028	0.029	0.0013627702877384	1.8571428571428605e-06	1145.0	434.6190476190476	347.0	45.0	61.0	107.0	773.0	1017.0	383.0688549321748	146741.7476190476	18706.0	4096.0	1578.5	0.0	8.0	63.25	8451.25	10830.5	4732.68092990788	22398268.784313723	27745	4096.0	445.5	0	2.0	11.75	7818.0	13278.0	5835.2141537057405	34049724.2196078	23052023_s_Lm_st_19115_p_F05_pos002_tm_24_ch_Syto9_z_21.tif	23052023_s_Lm_st_19115_p_F05_pos002_tm_24_ch_Syto9_z_21.tif	4095	1941.5961438249087	1927.5	9	392.7000000000001	968.25	2886.75	3502.3	1130.9909087888725	1279140.435763079																																									275.533	271.92838095238096	272.167	269.443	269.928	271.042	272.553	273.15	1.4949273720215075	2.2348078476191318																					slice_0021	slice_0001	1890492	33806.026055237104	1223.0	6	12.0	48.0	14289.0	40228.400000000016	163962.96721143145	26883854616.776943	93906.015	1679.7200888483585	60.79	0.298	0.597	2.387	710.5842500000001	1999.4994000000008	8146.351181326652	66363037.56950215	197553.508	1895.7096227201664	6.667	0.0	0.0	0.0	86.667	416.0	14477.506583369535	209598196.87150824	325948	5737.3837936425225	204.5	1	2.0	8.0	2385.75	6723.900000000004	28101.081248092185	789670767.3118783	31.541	12.064285714285711	9.483	1.146	1.633	3.005	21.484	27.945	10.72863945774513	115.1037046142857	255.0	127.5	127.5	0.0	25.5	63.75	191.25	229.5	74.04503134354572	5482.666666666667	255	127.5	127.5	0	25.5	63.75	191.25	229.5	74.04503134354572	5482.666666666667	3837	1918.5	1918.5	0	383.7000000000001	959.25	2877.75	3453.3	1108.07949474154	1227840.1666666667	20	10.0	10.0	0	2.0	5.0	15.0	18.0	6.2048368229954285	38.5	255.0	127.5	127.5	0.0	25.5	63.75	191.25	229.5	74.04503134354572	5482.666666666667	255	127.5	127.5	0	25.5	63.75	191.25	229.5	74.04503134354572	5482.666666666667																					19115
23052023--s--Lm--st--19115--p--F05--pos003--tm--24--ch--Syto9--z--21	256.0	128.5	128.5	1.0	26.5	64.75	192.25	230.5	74.04503134354572	5482.666666666667	256	128.5	128.5	1	26.5	64.75	192.25	230.5	74.04503134354572	5482.666666666667	3945	1973.0	1973.0	1	395.4	987.0	2959.0	3550.6	1138.967734398126	1297247.5											0.19	0.0831428571428571	0.056	0.008	0.011	0.023	0.151	0.172	0.0674939150696458	0.0045554285714285																					0.03	0.0267619047619047	0.027	0.022	0.024	0.026	0.028	0.028	0.0018682816143387	3.490476190476188e-06	1265.0	562.8095238095239	370.0	60.0	78.0	153.0	1075.0	1154.0	456.136560587684	208060.5619047619	27745.0	4096.0	445.5	0.0	2.0	11.75	7818.0	13278.0	5835.2141537057405	34049724.2196078	16814	4096.0	207.0	0	1.0	8.0	8058.0	14734.5	5939.54700523962	35278218.627450936	23052023_s_Lm_st_19115_p_F05_pos003_tm_24_ch_Syto9_z_21.tif	23052023_s_Lm_st_19115_p_F05_pos003_tm_24_ch_Syto9_z_21.tif	4095	1989.196197718631	1981.0	9	403.4	995.0	2967.0	3579.6	1152.0983046537076	1327330.5035859472																																									273.164	271.6660476190476	271.647	270.767	270.898	271.193	271.908	272.675	0.6872582102958357	0.472323847619035																					slice_0021	slice_0001	1482872	32969.53865652725	978.0	6	12.0	42.0	18546.0	54883.19999999998	133917.46532266188	17933887518.446346	73666.752	1638.1480499366287	48.625	0.298	0.597	2.088	921.502	2728.279599999999	6652.74680442938	44259040.043845326	150849.915	1604.3384522179974	0.0	0.0	0.0	0.0	116.0	619.4667999999999	11317.584023687694	128087708.13323094	255327	5581.749302915083	163.0	1	2.0	7.0	3100.0	9178.999999999996	22917.009850492945	525189340.48759073	34.615	15.146666666666668	10.108	1.372	2.067	4.116	27.476	31.28	12.28006086847021	150.79989493333332	255.0	127.5	127.5	0.0	25.5	63.75	191.25	229.5	74.04503134354572	5482.666666666667	255	127.5	127.5	0	25.5	63.75	191.25	229.5	74.04503134354572	5482.666666666667	3944	1972.0	1972.0	0	394.4	986.0	2958.0	3549.6	1138.967734398126	1297247.5	20	10.0	10.0	0	2.0	5.0	15.0	18.0	6.2048368229954285	38.5	255.0	127.5	127.5	0.0	25.5	63.75	191.25	229.5	74.04503134354572	5482.666666666667	255	127.5	127.5	0	25.5	63.75	191.25	229.5	74.04503134354572	5482.666666666667																					19115
23052023--s--Lm--st--19115--p--F05--pos004--tm--24--ch--Syto9--z--21	256.0	128.5	128.5	1.0	26.5	64.75	192.25	230.5	74.04503134354572	5482.666666666667	256	128.5	128.5	1	26.5	64.75	192.25	230.5	74.04503134354572	5482.666666666667	3894	1947.5	1947.5	1	390.3	974.25	2920.75	3504.7000000000003	1124.245302414024	1263927.5											0.178	0.0742857142857142	0.048	0.009	0.013	0.022	0.126	0.173	0.0604236235731877	0.0036510142857142																					0.033	0.0272380952380952	0.027	0.023	0.026	0.026	0.028	0.029	0.0018948551898433	3.590476190476192e-06	1179.0	491.8095238095238	331.0	62.0	100.0	157.0	817.0	1154.0	396.7202564840393	157386.96190476193	16814.0	4096.0	207.0	0.0	1.0	8.0	8058.0	14734.5	5939.54700523962	35278218.627450936	17004	4096.0	101.0	0	2.0	6.0	7670.5	15473.0	6150.351900660712	37826828.50196084	23052023_s_Lm_st_19115_p_F05_pos004_tm_24_ch_Syto9_z_21.tif	23052023_s_Lm_st_19115_p_F05_pos004_tm_24_ch_Syto9_z_21.tif	4095	1969.0803800719052	1955.5	9	398.3	982.25	2928.75	3560.7000000000003	1145.6161576385189	1312436.3806424437																																									273.97	272.2185238095238	272.122	270.8	270.993	271.78	272.85	273.282	0.863841456463362	0.7462220619047425																					slice_0021	slice_0001	1587802	33380.126861838726	719.0	6	12.0	30.0	18504.0	53256.00000000003	141790.10855192997	20104434883.168083	78876.304	1658.4825177195685	35.7805	0.298	0.597	1.492	919.95175	2647.154300000001	7043.624462911632	49612645.57452717	162315.54	1687.7006093990756	0.0	0.0	0.0	0.0	126.667	592.5332000000008	12178.724379964096	148321327.52313188	273553	5654.848741653826	120.0	1	2.0	5.0	3090.0	8908.100000000006	24277.445298166625	589394350.2054727	32.339	13.537285714285716	8.667	1.685	2.293	4.047	22.909	31.419	10.985407280309898	120.6791731142857	255.0	127.5	127.5	0.0	25.5	63.75	191.25	229.5	74.04503134354572	5482.666666666667	255	127.5	127.5	0	25.5	63.75	191.25	229.5	74.04503134354572	5482.666666666667	3893	1946.5	1946.5	0	389.3	973.25	2919.75	3503.7000000000003	1124.245302414024	1263927.5	20	10.0	10.0	0	2.0	5.0	15.0	18.0	6.2048368229954285	38.5	255.0	127.5	127.5	0.0	25.5	63.75	191.25	229.5	74.04503134354572	5482.666666666667	255	127.5	127.5	0	25.5	63.75	191.25	229.5	74.04503134354572	5482.666666666667																					19115
23052023--s--Lm--st--19115--p--F05--pos005--tm--24--ch--Syto9--z--21	256.0	128.5	128.5	1.0	26.5	64.75	192.25	230.5	74.04503134354572	5482.666666666667	256	128.5	128.5	1	26.5	64.75	192.25	230.5	74.04503134354572	5482.666666666667	3818	1909.5	1909.5	1	382.7000000000001	955.25	2863.75	3436.3	1102.3059920004064	1215078.5											0.188	0.0883333333333333	0.074	0.012	0.019	0.031	0.155	0.18	0.0619236088526285	0.0038345333333333																					0.031	0.0264761904761904	0.027	0.02	0.024	0.026	0.027	0.028	0.0022275333357561	4.961904761904762e-06	1233.0	595.5238095238095	519.0	99.0	130.0	228.0	1045.0	1200.0	412.43031157367903	170098.76190476195	17004.0	4096.0	101.0	0.0	2.0	6.0	7670.5	15473.0	6150.351900660712	37826828.50196084	16754	4096.0	76.0	0	0.0	2.0	7911.25	15079.5	6085.72602142449	37036061.20784316	23052023_s_Lm_st_19115_p_F05_pos005_tm_24_ch_Syto9_z_21.tif	23052023_s_Lm_st_19115_p_F05_pos005_tm_24_ch_Syto9_z_21.tif	4095	1934.6372446306968	1917.5	9	390.7000000000001	963.25	2871.75	3498.3	1129.760605886717	1276359.026613522																																									273.501	271.3260476190476	271.197	269.624	270.485	270.789	271.891	271.982	0.9265903343004652	0.8585696476190477																					slice_0021	slice_0001	1419192	34076.877946568886	1011.0	6	12.0	36.0	18930.0	52355.20000000002	136658.56143124087	18675562412.45624	70501.501	1693.227497642745	50.2655	0.298	0.597	1.79	941.24925	2602.509500000001	6789.428098578742	46096333.90577056	135534.28	1632.3106100052382	6.667	0.0	0.0	0.0	126.667	577.1055000000007	10881.534420547085	118407791.34555098	243809	5767.432949188056	169.0	1	2.0	6.0	3161.5	8755.200000000004	23348.68400485425	545161044.7585367	34.302	16.073714285714285	13.408	2.24	3.508	5.731	28.206	32.774	11.265731588063234	126.91670821428576	255.0	127.5	127.5	0.0	25.5	63.75	191.25	229.5	74.04503134354572	5482.666666666667	255	127.5	127.5	0	25.5	63.75	191.25	229.5	74.04503134354572	5482.666666666667	3817	1908.5	1908.5	0	381.7000000000001	954.25	2862.75	3435.3	1102.3059920004064	1215078.5	20	10.0	10.0	0	2.0	5.0	15.0	18.0	6.2048368229954285	38.5	255.0	127.5	127.5	0.0	25.5	63.75	191.25	229.5	74.04503134354572	5482.666666666667	255	127.5	127.5	0	25.5	63.75	191.25	229.5	74.04503134354572	5482.666666666667																					19115
23052023--s--Lm--st--19115--p--F06--pos001--tm--24--ch--Syto9--z--21	256.0	128.5	128.5	1.0	26.5	64.75	192.25	230.5	74.04503134354572	5482.666666666667	256	128.5	128.5	1	26.5	64.75	192.25	230.5	74.04503134354572	5482.666666666667	3518	1759.5	1759.5	1	352.70000000000005	880.25	2638.75	3166.3	1015.7034508162312	1031653.5											0.179	0.0548095238095238	0.039	0.002	0.002	0.007	0.094	0.136	0.0551657675081377	0.0030432619047619																					0.032	0.0286666666666666	0.029	0.022	0.027	0.028	0.03	0.031	0.0023094010767585	5.333333333333332e-06	1085.0	338.3333333333333	224.0	14.0	19.0	43.0	550.0	812.0	336.5561369717292	113270.03333333335	16754.0	4096.0	76.0	0.0	0.0	2.0	7911.25	15079.5	6085.72602142449	37036061.20784316	39986	4096.0	50.5	0	1.0	4.0	4346.5	17076.5	7528.237698108084	56674362.8392157	23052023_s_Lm_st_19115_p_F06_pos001_tm_24_ch_Syto9_z_21.tif	23052023_s_Lm_st_19115_p_F06_pos001_tm_24_ch_Syto9_z_21.tif	4095	1811.414724275156	1767.5	9	360.7000000000001	888.25	2653.75	3332.3	1085.2392845735512	1177744.3047817133																																									277.159	272.4346190476191	272.505	266.092	271.18	271.708	273.093	273.857	1.9997291685673535	3.99891674761908																					slice_0021	slice_0001	2831934	36652.59920409323	366.0	6	6.0	18.0	9453.5	36877.40000000001	217513.38746267767	47312073725.48894	140677.074	1820.9853118249005	18.197	0.298	0.298	0.895	469.8545	1832.6486000000004	10806.27925546188	116775671.3470258	373020.963	2702.8567541216603	0.0	0.0	0.0	0.0	66.667	416.3999000000002	24093.885717638917	580515328.9746444	493198	6259.239624786811	61.0	1	1.0	3.0	1579.25	6162.100000000003	37576.3533526347	1411982331.282061	32.635	9.974285714285717	7.017	0.382	0.417	1.198	17.16	24.715	10.03902152673684	100.7819532142857	255.0	127.5	127.5	0.0	25.5	63.75	191.25	229.5	74.04503134354572	5482.666666666667	255	127.5	127.5	0	25.5	63.75	191.25	229.5	74.04503134354572	5482.666666666667	3517	1758.5	1758.5	0	351.70000000000005	879.25	2637.75	3165.3	1015.7034508162312	1031653.5	20	10.0	10.0	0	2.0	5.0	15.0	18.0	6.2048368229954285	38.5	255.0	127.5	127.5	0.0	25.5	63.75	191.25	229.5	74.04503134354572	5482.666666666667	255	127.5	127.5	0	25.5	63.75	191.25	229.5	74.04503134354572	5482.666666666667																					19115
23052023--s--Lm--st--19115--p--F06--pos002--tm--24--ch--Syto9--z--21	256.0	128.5	128.5	1.0	26.5	64.75	192.25	230.5	74.04503134354572	5482.666666666667	256	128.5	128.5	1	26.5	64.75	192.25	230.5	74.04503134354572	5482.666666666667	3589	1795.0	1795.0	1	359.8	898.0	2692.0	3230.2000000000003	1036.199385575318	1073709.1666666667											0.179	0.0692857142857142	0.049	0.006	0.008	0.018	0.123	0.143	0.0570027568255631	0.0032493142857142																					0.032	0.0292380952380952	0.03	0.027	0.027	0.028	0.03	0.031	0.0014800257398019	2.1904761904761903e-06	1098.0	425.0952380952381	304.0	36.0	51.0	118.0	751.0	848.0	348.5129703127138	121461.29047619052	39986.0	4096.0	50.5	0.0	1.0	4.0	4346.5	17076.5	7528.237698108084	56674362.8392157	40372	4096.0	29.0	0	0.0	2.0	3761.75	17880.0	7731.627390269192	59778062.1019608	23052023_s_Lm_st_19115_p_F06_pos002_tm_24_ch_Syto9_z_21.tif	23052023_s_Lm_st_19115_p_F06_pos002_tm_24_ch_Syto9_z_21.tif	4095	1843.6138200055725	1803.0	9	367.8	906.0	2710.0	3395.2000000000003	1100.298101741685	1210655.9126963555																																									276.193	273.0857142857143	272.855	270.128	271.511	272.325	273.586	274.986	1.458470128005953	2.1271351142857013																					slice_0021	slice_0001	2220632	36049.22875452772	312.0	6	6.0	18.0	11872.0	48348.40000000001	182794.36772823223	33413780873.164192	110320.694	1791.216583728058	15.512	0.298	0.298	0.895	590.229	2403.0538000000006	9081.68728396594	82477043.92374863	271637.648	2307.414271384787	0.0	0.0	0.0	0.0	86.667	578.9336000000004	18623.452868504563	346832996.74541086	384992	6135.4212872666485	52.0	1	1.0	3.0	1982.0	8088.6	31474.06291530541	990616636.3966032	32.687	12.611	9.014	1.025	1.389	3.335	22.388	26.07	10.396292820039266	108.0829044	255.0	127.5	127.5	0.0	25.5	63.75	191.25	229.5	74.04503134354572	5482.666666666667	255	127.5	127.5	0	25.5	63.75	191.25	229.5	74.04503134354572	5482.666666666667	3588	1794.0	1794.0	0	358.8	897.0	2691.0	3229.2000000000003	1036.199385575318	1073709.1666666667	20	10.0	10.0	0	2.0	5.0	15.0	18.0	6.2048368229954285	38.5	255.0	127.5	127.5	0.0	25.5	63.75	191.25	229.5	74.04503134354572	5482.666666666667	255	127.5	127.5	0	25.5	63.75	191.25	229.5	74.04503134354572	5482.666666666667																					19115
23052023--s--Lm--st--19115--p--F06--pos003--tm--24--ch--Syto9--z--21	256.0	128.5	128.5	1.0	26.5	64.75	192.25	230.5	74.04503134354572	5482.666666666667	256	128.5	128.5	1	26.5	64.75	192.25	230.5	74.04503134354572	5482.666666666667	3259	1630.0	1630.0	1	326.8	815.5	2444.5	2933.2000000000003	940.9365901412629	885361.6666666666											0.175	0.0677619047619047	0.039	0.004	0.009	0.017	0.127	0.153	0.0594776468615771	0.0035375904761904																					0.034	0.0294761904761904	0.029	0.023	0.028	0.029	0.031	0.031	0.0023155787099351	5.36190476190476e-06	1058.0	413.3333333333333	251.0	22.0	66.0	110.0	767.0	907.0	361.3028277405719	130539.73333333337	40372.0	4096.0	29.0	0.0	0.0	2.0	3761.75	17880.0	7731.627390269192	59778062.1019608	24048	4096.0	32.5	0	0.0	2.0	5226.0	18237.0	6940.736630963038	48173824.980392136	23052023_s_Lm_st_19115_p_F06_pos003_tm_24_ch_Syto9_z_21.tif	23052023_s_Lm_st_19115_p_F06_pos003_tm_24_ch_Syto9_z_21.tif	4095	1672.628413623811	1638.0	9	334.8	823.5	2453.5	3027.800000000001	1000.3962000592412	1000792.5570929692																																									275.195	273.1729047619048	272.951	271.649	272.072	272.35	273.928	274.605	1.0319999953857504	1.065023990476189																					slice_0021	slice_0001	2020090	39755.96686100031	836.0	6	6.0	30.0	19792.0	56946.40000000007	178968.3538125273	32029671666.365955	100361.764	1975.387569193004	41.5	0.298	0.298	1.492	984.002	2830.283800000004	8891.562346457933	79059880.96094851	238267.178	2380.319861307149	6.667	0.0	0.0	0.0	160.0	732.5334000000007	17636.47225590726	311045153.6333865	349678	6756.702669530531	140.0	1	1.0	5.0	3305.5	9528.20000000001	30779.00995910833	947347454.0628898	31.871	12.352904761904762	7.138	0.677	1.719	3.057	23.065	27.858	10.814023270294744	116.94309929047624	255.0	127.5	127.5	0.0	25.5	63.75	191.25	229.5	74.04503134354572	5482.666666666667	255	127.5	127.5	0	25.5	63.75	191.25	229.5	74.04503134354572	5482.666666666667	3258	1629.0	1629.0	0	325.8	814.5	2443.5	2932.2000000000003	940.9365901412629	885361.6666666666	20	10.0	10.0	0	2.0	5.0	15.0	18.0	6.2048368229954285	38.5	255.0	127.5	127.5	0.0	25.5	63.75	191.25	229.5	74.04503134354572	5482.666666666667	255	127.5	127.5	0	25.5	63.75	191.25	229.5	74.04503134354572	5482.666666666667																					19115
23052023--s--Lm--st--19115--p--F06--pos004--tm--24--ch--Syto9--z--21	256.0	128.5	128.5	1.0	26.5	64.75	192.25	230.5	74.04503134354572	5482.666666666667	256	128.5	128.5	1	26.5	64.75	192.25	230.5	74.04503134354572	5482.666666666667	3638	1819.5	1819.5	1	364.7000000000001	910.25	2728.75	3274.3	1050.3444673058452	1103223.5											0.196	0.0791904761904761	0.063	0.009	0.011	0.017	0.137	0.181	0.0661563444029512	0.0043766619047619																					0.033	0.0284761904761904	0.028	0.024	0.027	0.028	0.029	0.03	0.0016917165134574	2.861904761904761e-06	1223.0	503.2380952380952	408.0	56.0	76.0	119.0	910.0	1141.0	414.4330952954776	171754.79047619042	24048.0	4096.0	32.5	0.0	0.0	2.0	5226.0	18237.0	6940.736630963038	48173824.980392136	20224	4096.0	53.0	0	0.5	3.0	6044.5	17252.0	6699.663679003948	44885493.41176472	23052023_s_Lm_st_19115_p_F06_pos004_tm_24_ch_Syto9_z_21.tif	23052023_s_Lm_st_19115_p_F06_pos004_tm_24_ch_Syto9_z_21.tif	4095	1855.0035733919733	1827.5	9	372.7000000000001	918.25	2739.75	3366.3	1095.045346781453	1199124.3115077126																																									275.166	272.682619047619	272.534	270.942	271.425	271.658	273.643	274.046	1.208352327601125	1.4601153476190567																					slice_0021	slice_0001	1870224	35646.36943375481	398.0	6	12.0	24.0	14469.5	50632.60000000002	164419.33234096863	27033716847.44989	92913.067	1771.0410766904893	19.772	0.298	0.597	1.193	719.0985	2516.679700000001	8167.981432311609	66715920.678587206	208847.123	2045.777227597581	0.0	0.0	0.0	0.0	106.667	576.8001000000005	15245.737651312396	232432516.53264445	323009	6052.791094007696	66.5	1	2.0	4.0	2418.0	8468.500000000004	28218.95699035757	796309533.6236504	35.726	14.428809523809525	11.532	1.598	2.084	3.109	24.906	32.965	12.055378515911674	145.33215116190473	255.0	127.5	127.5	0.0	25.5	63.75	191.25	229.5	74.04503134354572	5482.666666666667	255	127.5	127.5	0	25.5	63.75	191.25	229.5	74.04503134354572	5482.666666666667	3637	1818.5	1818.5	0	363.7000000000001	909.25	2727.75	3273.3	1050.3444673058452	1103223.5	20	10.0	10.0	0	2.0	5.0	15.0	18.0	6.2048368229954285	38.5	255.0	127.5	127.5	0.0	25.5	63.75	191.25	229.5	74.04503134354572	5482.666666666667	255	127.5	127.5	0	25.5	63.75	191.25	229.5	74.04503134354572	5482.666666666667																					19115
23052023--s--Lm--st--19115--p--F06--pos005--tm--24--ch--Syto9--z--21	256.0	128.5	128.5	1.0	26.5	64.75	192.25	230.5	74.04503134354572	5482.666666666667	256	128.5	128.5	1	26.5	64.75	192.25	230.5	74.04503134354572	5482.666666666667	3481	1741.0	1741.0	1	349.0	871.0	2611.0	3133.0	1005.0224707272304	1010070.1666666666											0.174	0.0604761904761904	0.04	0.003	0.004	0.012	0.117	0.151	0.0570759310459488	0.0032576619047619																					0.037	0.0298571428571428	0.03	0.026	0.028	0.029	0.031	0.031	0.0021745278633697	4.72857142857143e-06	1056.0	369.1904761904762	236.0	16.0	28.0	73.0	698.0	900.0	347.04057674105184	120437.16190476187	20224.0	4096.0	53.0	0.0	0.5	3.0	6044.5	17252.0	6699.663679003948	44885493.41176472	34605	4096.0	30.0	0	0.0	3.0	4746.25	17381.5	7252.696828509688	52601611.28627449	23052023_s_Lm_st_19115_p_F06_pos005_tm_24_ch_Syto9_z_21.tif	23052023_s_Lm_st_19115_p_F06_pos005_tm_24_ch_Syto9_z_21.tif	4095	1788.4323470267166	1749.0	9	357.0	879.0	2620.0	3280.0	1069.7688525062097	1144405.3977924525																																									275.288	272.329380952381	272.523	269.996	270.231	271.829	272.892	274.019	1.3581177222976928	1.8444837476190727																					slice_0021	slice_0001	2441258	37123.39787417409	520.0	6	6.0	24.0	12248.0	42034.0	199662.89722612305	39865272528.72937	121288.399	1844.4253685722488	25.821	0.298	0.298	1.193	609.182	2088.877	9919.525770451964	98396991.5106606	303744.291	2506.5957779373744	0.0	0.0	0.0	0.0	86.667	480.0	20749.00799111143	430521332.615206	423213	6325.785119218615	87.0	1	1.0	4.0	2045.0	7029.0	34407.03537157348	1183844083.0607088	31.679	10.998904761904765	7.208	0.486	0.729	2.136	21.311	27.424	10.416807303126816	108.50987439047616	255.0	127.5	127.5	0.0	25.5	63.75	191.25	229.5	74.04503134354572	5482.666666666667	255	127.5	127.5	0	25.5	63.75	191.25	229.5	74.04503134354572	5482.666666666667	3480	1740.0	1740.0	0	348.0	870.0	2610.0	3132.0	1005.0224707272304	1010070.1666666666	20	10.0	10.0	0	2.0	5.0	15.0	18.0	6.2048368229954285	38.5	255.0	127.5	127.5	0.0	25.5	63.75	191.25	229.5	74.04503134354572	5482.666666666667	255	127.5	127.5	0	25.5	63.75	191.25	229.5	74.04503134354572	5482.666666666667																					19115
23052023--s--Lm--st--19115--p--F07--pos001--tm--24--ch--Syto9--z--21	256.0	128.5	128.5	1.0	26.5	64.75	192.25	230.5	74.04503134354572	5482.666666666667	256	128.5	128.5	1	26.5	64.75	192.25	230.5	74.04503134354572	5482.666666666667	3214	1607.5	1607.5	1	322.3	804.25	2410.75	2892.7000000000003	927.946208929519	861084.1666666666											0.187	0.0669047619047619	0.041	0.002	0.006	0.008	0.114	0.163	0.0640584926156592	0.0041034904761904																					0.038	0.0299523809523809	0.03	0.026	0.028	0.029	0.031	0.032	0.0024995237641636	6.247619047619048e-06	1082.0	402.9047619047619	250.0	11.0	31.0	52.0	681.0	1024.0	379.57158807817865	144074.59047619053	34605.0	4096.0	30.0	0.0	0.0	3.0	4746.25	17381.5	7252.696828509688	52601611.28627449	46151	4096.0	16.0	0	0.0	1.0	2846.25	17887.0	8263.794978760081	68290307.45098034	23052023_s_Lm_st_19115_p_F07_pos001_tm_24_ch_Syto9_z_21.tif	23052023_s_Lm_st_19115_p_F07_pos001_tm_24_ch_Syto9_z_21.tif	4095	1664.5612943372744	1615.5	9	330.3	812.25	2426.75	3044.100000000001	1011.9061943193054	1023954.14610178																																									275.536	273.1434761904762	273.418	269.423	271.541	272.942	273.743	274.037	1.2805011370181427	1.639683161904756																					slice_0021	slice_0001	2784322	40109.28438083385	354.0	6	6.0	18.0	11015.5	42350.00000000001	223205.7972245284	49820827914.63728	138314.489	1992.736541381456	17.6	0.298	0.298	0.895	547.4994999999999	2104.749600000001	11088.853209653063	122962665.50523303	375089.178	2982.879777224642	0.0	0.0	0.0	0.0	80.0	511.60010000000034	25237.13516730158	636912991.4526502	485531	6851.303360298693	59.0	1	1.0	3.0	1839.0	7084.9000000000015	38589.12983175286	1489120941.1718786	34.007	12.177666666666669	7.399	0.365	1.112	1.459	20.72	29.613	11.672004850638697	136.23569723333327	255.0	127.5	127.5	0.0	25.5	63.75	191.25	229.5	74.04503134354572	5482.666666666667	255	127.5	127.5	0	25.5	63.75	191.25	229.5	74.04503134354572	5482.666666666667	3213	1606.5	1606.5	0	321.3	803.25	2409.75	2891.7000000000003	927.946208929519	861084.1666666666	20	10.0	10.0	0	2.0	5.0	15.0	18.0	6.2048368229954285	38.5	255.0	127.5	127.5	0.0	25.5	63.75	191.25	229.5	74.04503134354572	5482.666666666667	255	127.5	127.5	0	25.5	63.75	191.25	229.5	74.04503134354572	5482.666666666667																					19115
23052023--s--Lm--st--19115--p--F07--pos002--tm--24--ch--Syto9--z--21	256.0	128.5	128.5	1.0	26.5	64.75	192.25	230.5	74.04503134354572	5482.666666666667	256	128.5	128.5	1	26.5	64.75	192.25	230.5	74.04503134354572	5482.666666666667	3205	1603.0	1603.0	1	321.40000000000003	802.0	2404.0	2884.6	925.348132686648	856269.1666666666											0.22	0.0867619047619047	0.079	0.008	0.011	0.029	0.153	0.178	0.0698526339960811	0.0048793904761904																					0.033	0.0302380952380952	0.031	0.027	0.029	0.029	0.031	0.032	0.0016094956323259	2.5904761904761924e-06	1281.0	514.9047619047619	436.0	44.0	69.0	169.0	914.0	1079.0	406.79809546775226	165484.69047619047	46151.0	4096.0	16.0	0.0	0.0	1.0	2846.25	17887.0	8263.794978760081	68290307.45098034	34934	4096.0	26.5	0	0.0	2.0	3518.75	18601.5	7749.54071301939	60055381.26274508	23052023_s_Lm_st_19115_p_F07_pos002_tm_24_ch_Syto9_z_21.tif	23052023_s_Lm_st_19115_p_F07_pos002_tm_24_ch_Syto9_z_21.tif	4095	1639.3357254290172	1611.0	9	329.40000000000003	810.0	2413.0	2942.6	974.3657373515704	949388.5901246693																																									276.669	273.67057142857146	273.354	272.106	272.525	272.884	274.065	275.363	1.1956406889792883	1.4295566571428675																					slice_0021	slice_0001	2141296	40380.55600624025	336.0	6	6.0	24.0	14178.0	60813.199999999975	187661.7648317232	35216937979.75698	106376.333	2006.3848240249608	16.706	0.298	0.298	1.193	704.816	3022.6011999999987	9322.718464210291	86913079.56292751	261916.711	2548.819364430577	0.0	0.0	0.0	0.0	120.0	809.6001999999997	19166.83976524881	367367746.5867231	371331	6870.544773790952	56.0	1	1.0	4.0	2369.0	10174.399999999996	32312.229773102077	1044080192.909744	40.086	15.803333333333333	14.398	1.459	1.997	5.21	27.928	32.339	12.722484786130943	161.8616191333333	255.0	127.5	127.5	0.0	25.5	63.75	191.25	229.5	74.04503134354572	5482.666666666667	255	127.5	127.5	0	25.5	63.75	191.25	229.5	74.04503134354572	5482.666666666667	3204	1602.0	1602.0	0	320.40000000000003	801.0	2403.0	2883.6	925.348132686648	856269.1666666666	20	10.0	10.0	0	2.0	5.0	15.0	18.0	6.2048368229954285	38.5	255.0	127.5	127.5	0.0	25.5	63.75	191.25	229.5	74.04503134354572	5482.666666666667	255	127.5	127.5	0	25.5	63.75	191.25	229.5	74.04503134354572	5482.666666666667																					19115
23052023--s--Lm--st--19115--p--F07--pos003--tm--24--ch--Syto9--z--21	256.0	128.5	128.5	1.0	26.5	64.75	192.25	230.5	74.04503134354572	5482.666666666667	256	128.5	128.5	1	26.5	64.75	192.25	230.5	74.04503134354572	5482.666666666667	3624	1812.5	1812.5	1	363.3	906.75	2718.25	3261.7000000000003	1046.303015383211	1094750.0											0.192	0.0808571428571428	0.058	0.007	0.011	0.02	0.119	0.185	0.0654662399365395	0.0042858285714285																					0.032	0.0298571428571428	0.03	0.025	0.029	0.029	0.031	0.031	0.0013887301496588	1.9285714285714264e-06	1163.0	491.9047619047619	368.0	43.0	64.0	131.0	756.0	1116.0	394.8250124753882	155886.79047619045	34934.0	4096.0	26.5	0.0	0.0	2.0	3518.75	18601.5	7749.54071301939	60055381.26274508	25597	4096.0	24.5	0	0.0	2.0	3487.5	20062.0	7494.46841082036	56167056.76078425	23052023_s_Lm_st_19115_p_F07_pos003_tm_24_ch_Syto9_z_21.tif	23052023_s_Lm_st_19115_p_F07_pos003_tm_24_ch_Syto9_z_21.tif	4095	1860.4293598234	1820.5	9	371.3	914.75	2732.25	3430.7000000000003	1109.249391981783	1230434.213611955																																									276.241	273.3344285714286	273.358	270.509	271.02	272.348	274.164	275.207	1.5095257391455217	2.278667957142834																					slice_0021	slice_0001	1948866	35762.19039735099	216.0	6	6.0	18.0	12702.5	55610.2	167511.45737130917	28060088350.65993	96822.663	1776.8455645695365	10.739	0.298	0.298	0.895	631.1485	2763.9080000000004	8321.484533751169	69247104.84545991	227280.28	2111.8542861479027	0.0	0.0	0.0	0.0	93.99975	666.133200000003	16172.037475549809	261534796.11058745	336970	6076.171081677704	36.0	1	1.0	3.0	2122.5	9300.700000000004	28787.11717466148	828698115.2276901	34.997	14.734714285714286	10.612	1.337	1.98	3.699	21.745	33.642	11.930325813417072	142.33267401428574	255.0	127.5	127.5	0.0	25.5	63.75	191.25	229.5	74.04503134354572	5482.666666666667	255	127.5	127.5	0	25.5	63.75	191.25	229.5	74.04503134354572	5482.666666666667	3623	1811.5	1811.5	0	362.3	905.75	2717.25	3260.7000000000003	1046.303015383211	1094750.0	20	10.0	10.0	0	2.0	5.0	15.0	18.0	6.2048368229954285	38.5	255.0	127.5	127.5	0.0	25.5	63.75	191.25	229.5	74.04503134354572	5482.666666666667	255	127.5	127.5	0	25.5	63.75	191.25	229.5	74.04503134354572	5482.666666666667																					19115
23052023--s--Lm--st--19115--p--F07--pos004--tm--24--ch--Syto9--z--21	256.0	128.5	128.5	1.0	26.5	64.75	192.25	230.5	74.04503134354572	5482.666666666667	256	128.5	128.5	1	26.5	64.75	192.25	230.5	74.04503134354572	5482.666666666667	3817	1909.0	1909.0	1	382.6	955.0	2863.0	3435.4	1102.0173168633362	1214442.1666666667											0.205	0.0893333333333333	0.073	0.015	0.022	0.036	0.142	0.172	0.0633832259618689	0.0040174333333333																					0.034	0.0286190476190476	0.029	0.025	0.027	0.028	0.029	0.03	0.0017457431218879	3.047619047619048e-06	1289.0	569.2380952380952	467.0	96.0	147.0	220.0	883.0	1132.0	406.4601954388529	165209.89047619046	25597.0	4096.0	24.5	0.0	0.0	2.0	3487.5	20062.0	7494.46841082036	56167056.76078425	21452	4096.0	42.0	0	1.0	5.0	5352.75	18163.0	6837.78536386987	46755308.68235301	23052023_s_Lm_st_19115_p_F07_pos004_tm_24_ch_Syto9_z_21.tif	23052023_s_Lm_st_19115_p_F07_pos004_tm_24_ch_Syto9_z_21.tif	4095	1937.165313073094	1917.0	9	390.6	963.0	2874.0	3510.6000000000004	1133.6774718777135	1285224.6102430446																																									276.872	272.90957142857144	272.545	271.025	271.704	272.084	273.176	274.431	1.4131154436714548	1.9968952571427727																					slice_0021	slice_0001	1675652	34035.76054493057	282.0	6	12.0	24.0	13130.0	52449.6	150712.89306246527	22714376135.25809	83216.213	1690.7324555933978	14.021	0.298	0.597	1.193	652.937	2607.5366	7484.889648903922	56023573.05626909	173620.281	1778.1512457427298	0.0	0.0	0.0	0.0	86.667	593.6000000000004	12855.393311857448	165261137.2025492	288681	5768.948388787006	47.0	1	2.0	4.0	2192.0	8771.8	25798.56652441329	665566034.7145782	37.341	16.278952380952383	13.252	2.762	3.925	6.478	25.913	31.402	11.546893874441691	133.33075814761906	255.0	127.5	127.5	0.0	25.5	63.75	191.25	229.5	74.04503134354572	5482.666666666667	255	127.5	127.5	0	25.5	63.75	191.25	229.5	74.04503134354572	5482.666666666667	3816	1908.0	1908.0	0	381.6	954.0	2862.0	3434.4	1102.0173168633362	1214442.1666666667	20	10.0	10.0	0	2.0	5.0	15.0	18.0	6.2048368229954285	38.5	255.0	127.5	127.5	0.0	25.5	63.75	191.25	229.5	74.04503134354572	5482.666666666667	255	127.5	127.5	0	25.5	63.75	191.25	229.5	74.04503134354572	5482.666666666667																					19115
23052023--s--Lm--st--19115--p--F07--pos005--tm--24--ch--Syto9--z--21	256.0	128.5	128.5	1.0	26.5	64.75	192.25	230.5	74.04503134354572	5482.666666666667	256	128.5	128.5	1	26.5	64.75	192.25	230.5	74.04503134354572	5482.666666666667	3668	1834.5	1834.5	1	367.7000000000001	917.75	2751.25	3301.3	1059.0047214247911	1121491.0											0.189	0.0785714285714285	0.059	0.007	0.011	0.018	0.138	0.165	0.0639629356960509	0.0040912571428571																					0.032	0.029095238095238	0.029	0.026	0.027	0.028	0.03	0.031	0.001578124263319	2.4904761904761917e-06	1173.0	489.6666666666667	383.0	44.0	73.0	113.0	870.0	1032.0	395.6838805578682	156565.7333333333	21452.0	4096.0	42.0	0.0	1.0	5.0	5352.75	18163.0	6837.78536386987	46755308.68235301	23107	4096.0	41.0	0	1.0	3.0	5052.25	18368.0	6971.128531588095	48596633.00392159	23052023_s_Lm_st_19115_p_F07_pos005_tm_24_ch_Syto9_z_21.tif	23052023_s_Lm_st_19115_p_F07_pos005_tm_24_ch_Syto9_z_21.tif	4095	1868.7350054525627	1842.5	9	375.7000000000001	925.75	2760.25	3392.3	1101.466780261165	1213229.0680188977																																									278.287	273.1153809523809	272.934	269.869	271.204	272.543	273.774	274.383	1.7344649456299273	3.008368647619027																					slice_0021	slice_0001	1974386	35336.99182115594	371.0	6	6.0	24.0	13047.5	50444.200000000026	168726.2255543367	28468539189.812904	98065.8	1755.590168211559	18.4295	0.298	0.298	1.193	648.56875	2507.4002000000014	8381.461262995972	70248892.90310204	227210.334	2079.1750689749183	0.0	0.0	0.0	0.0	87.3335	590.5330000000007	16073.52630556975	258358247.89584276	341446	6003.285441657579	62.0	1	1.0	4.0	2179.25	8436.400000000005	28983.437221208773	840039633.1557502	34.441	14.298857142857145	10.82	1.198	2.067	3.3	25.045	29.977	11.647942987007252	135.67457582857145	255.0	127.5	127.5	0.0	25.5	63.75	191.25	229.5	74.04503134354572	5482.666666666667	255	127.5	127.5	0	25.5	63.75	191.25	229.5	74.04503134354572	5482.666666666667	3667	1833.5	1833.5	0	366.7000000000001	916.75	2750.25	3300.3	1059.0047214247911	1121491.0	20	10.0	10.0	0	2.0	5.0	15.0	18.0	6.2048368229954285	38.5	255.0	127.5	127.5	0.0	25.5	63.75	191.25	229.5	74.04503134354572	5482.666666666667	255	127.5	127.5	0	25.5	63.75	191.25	229.5	74.04503134354572	5482.666666666667																					19115
23052023--s--Lm--st--19115--p--F08--pos001--tm--24--ch--Syto9--z--21	256.0	128.5	128.5	1.0	26.5	64.75	192.25	230.5	74.04503134354572	5482.666666666667	256	128.5	128.5	1	26.5	64.75	192.25	230.5	74.04503134354572	5482.666666666667	3245	1623.0	1623.0	1	325.40000000000003	812.0	2434.0	2920.6	936.8951382091808	877772.5											0.196	0.0666372142857142	0.042	0.0003815	0.002	0.008	0.111	0.17	0.0669142214552653	0.0044775130329642																					0.037	0.0298571428571428	0.03	0.023	0.027	0.029	0.031	0.031	0.0025939490026928	6.728571428571422e-06	1136.0	395.7142857142857	246.0	3.0	17.0	49.0	669.0	1016.0	394.677101293848	155770.0142857143	23107.0	4096.0	41.0	0.0	1.0	3.0	5052.25	18368.0	6971.128531588095	48596633.00392159	33186	4096.0	46.0	0	1.0	3.0	4215.0	18174.0	7413.4324346246685	54958980.46274504	23052023_s_Lm_st_19115_p_F08_pos001_tm_24_ch_Syto9_z_21.tif	23052023_s_Lm_st_19115_p_F08_pos001_tm_24_ch_Syto9_z_21.tif	4095	1677.9614791987674	1631.0	9	333.40000000000003	820.0	2444.0	3054.4	1017.8126513027536	1035942.5931519404																																									275.736	273.3101904761905	273.396	268.069	272.761	273.0	273.965	274.343	1.4144795021154308	2.000752261904717																					slice_0021	slice_0001	2634730	39776.19722650232	480.0	6	6.0	24.0	12208.0	44231.99999999997	214936.40180954532	46197656822.83433	130895.202	1976.3356098613249	23.865	0.298	0.298	1.193	606.838	2198.2103999999986	10679.225805194392	114045863.7983298	343650.362	2818.0007898305084	0.0	0.0	0.0	0.0	86.667	511.7329999999996	23363.01366700225	545830407.604534	458348	6785.842218798151	81.0	1	1.0	4.0	2039.0	7398.399999999994	37101.63692675355	1376531462.6446426	35.726	12.138714285714286	7.659	0.069	0.452	1.442	20.234	30.933	12.188747795170991	148.56557281428573	255.0	127.5	127.5	0.0	25.5	63.75	191.25	229.5	74.04503134354572	5482.666666666667	255	127.5	127.5	0	25.5	63.75	191.25	229.5	74.04503134354572	5482.666666666667	3244	1622.0	1622.0	0	324.40000000000003	811.0	2433.0	2919.6	936.8951382091808	877772.5	20	10.0	10.0	0	2.0	5.0	15.0	18.0	6.2048368229954285	38.5	255.0	127.5	127.5	0.0	25.5	63.75	191.25	229.5	74.04503134354572	5482.666666666667	255	127.5	127.5	0	25.5	63.75	191.25	229.5	74.04503134354572	5482.666666666667																					19115
23052023--s--Lm--st--19115--p--F08--pos002--tm--24--ch--Syto9--z--21	256.0	128.5	128.5	1.0	26.5	64.75	192.25	230.5	74.04503134354572	5482.666666666667	256	128.5	128.5	1	26.5	64.75	192.25	230.5	74.04503134354572	5482.666666666667	3635	1818.0	1818.0	1	364.4	909.5	2726.5	3271.6	1049.478441893877	1101405.0											0.19	0.0720952380952381	0.053	0.002	0.005	0.014	0.122	0.159	0.0613456638743968	0.0037632904761904																					0.036	0.0307142857142857	0.031	0.026	0.029	0.03	0.031	0.034	0.0021712405933672	4.714285714285714e-06	1131.0	430.57142857142856	326.0	15.0	29.0	83.0	737.0	948.0	366.611043400028	134403.65714285715	33186.0	4096.0	46.0	0.0	1.0	3.0	4215.0	18174.0	7413.4324346246685	54958980.46274504	30514	4096.0	35.5	0	1.0	3.0	3636.5	18639.5	7511.734078276809	56426148.862745136	23052023_s_Lm_st_19115_p_F08_pos002_tm_24_ch_Syto9_z_21.tif	23052023_s_Lm_st_19115_p_F08_pos002_tm_24_ch_Syto9_z_21.tif	4095	1861.1777166437412	1826.0	9	372.4	917.5	2738.5	3416.6	1104.9162073728005	1220839.8253150934																																									278.011	273.4929047619048	273.125	270.644	272.133	272.884	273.882	275.305	1.5173252092007836	2.3022757904762017																					slice_0021	slice_0001	2403314	35546.35268225585	204.0	6	6.0	18.0	10856.0	46725.6	189580.57489934404	35940794379.165794	119383.041	1766.1628341127923	10.143	0.298	0.298	0.895	539.731	2322.4981999999995	9418.662257799188	88711198.72649089	309455.47	2403.9436415405776	0.0	0.0	0.0	0.0	80.0	534.9331999999997	20420.50012902036	416996825.5193206	417791	6057.784594222833	34.0	1	1.0	3.0	1814.5	7814.799999999999	32711.782339330373	1070060703.8157264	34.615	13.135333333333332	9.622	0.434	0.886	2.623	22.266	28.953	11.161327825726351	124.57523883333336	255.0	127.5	127.5	0.0	25.5	63.75	191.25	229.5	74.04503134354572	5482.666666666667	255	127.5	127.5	0	25.5	63.75	191.25	229.5	74.04503134354572	5482.666666666667	3634	1817.0	1817.0	0	363.4	908.5	2725.5	3270.6	1049.478441893877	1101405.0	20	10.0	10.0	0	2.0	5.0	15.0	18.0	6.2048368229954285	38.5	255.0	127.5	127.5	0.0	25.5	63.75	191.25	229.5	74.04503134354572	5482.666666666667	255	127.5	127.5	0	25.5	63.75	191.25	229.5	74.04503134354572	5482.666666666667																					19115
23052023--s--Lm--st--19115--p--F08--pos003--tm--24--ch--Syto9--z--21	256.0	128.5	128.5	1.0	26.5	64.75	192.25	230.5	74.04503134354572	5482.666666666667	256	128.5	128.5	1	26.5	64.75	192.25	230.5	74.04503134354572	5482.666666666667	3618	1809.5	1809.5	1	362.7000000000001	905.25	2713.75	3256.3	1044.5709645591342	1091128.5											0.192	0.0832380952380952	0.07	0.007	0.013	0.02	0.146	0.188	0.0674232191176784	0.0045458904761904																					0.032	0.0293333333333333	0.03	0.023	0.027	0.029	0.031	0.031	0.0021055482263138	4.433333333333334e-06	1194.0	511.9047619047619	424.0	40.0	76.0	137.0	891.0	1175.0	414.91925777937865	172157.9904761905	30514.0	4096.0	35.5	0.0	1.0	3.0	3636.5	18639.5	7511.734078276809	56426148.862745136	22140	4096.0	43.0	0	1.0	3.0	4452.25	18059.5	7117.685536470295	50661447.39607843	23052023_s_Lm_st_19115_p_F08_pos003_tm_24_ch_Syto9_z_21.tif	23052023_s_Lm_st_19115_p_F08_pos003_tm_24_ch_Syto9_z_21.tif	4095	1850.7996130458816	1817.5	9	370.7000000000001	913.25	2722.75	3390.9000000000005	1098.1511604370903	1205935.9711693288																																									275.134	272.9433333333333	272.912	271.302	271.432	272.485	273.298	274.196	1.0051255808770023	1.010277433333332																					slice_0021	slice_0001	1781716	35866.042564953015	324.0	6	6.0	24.0	15229.0	62198.60000000001	156255.11873385007	24415662130.529587	88500.78	1782.0336340519625	16.109	0.298	0.298	1.193	757.1105	3091.2584000000006	7762.3870198097775	60254652.24531132	203629.385	1987.534660862355	0.0	0.0	0.0	0.0	113.333	785.7332000000002	14682.959033703097	215589285.9854034	308236	6086.254007739082	54.0	1	1.0	4.0	2542.5	10406.800000000005	26826.704766091127	719672088.6070163	35.049	15.160714285714286	12.835	1.285	2.293	3.595	26.677	34.198	12.299114334548069	151.26821341428573	255.0	127.5	127.5	0.0	25.5	63.75	191.25	229.5	74.04503134354572	5482.666666666667	255	127.5	127.5	0	25.5	63.75	191.25	229.5	74.04503134354572	5482.666666666667	3617	1808.5	1808.5	0	361.7000000000001	904.25	2712.75	3255.3	1044.5709645591342	1091128.5	20	10.0	10.0	0	2.0	5.0	15.0	18.0	6.2048368229954285	38.5	255.0	127.5	127.5	0.0	25.5	63.75	191.25	229.5	74.04503134354572	5482.666666666667	255	127.5	127.5	0	25.5	63.75	191.25	229.5	74.04503134354572	5482.666666666667																					19115
23052023--s--Lm--st--19115--p--F08--pos004--tm--24--ch--Syto9--z--21	256.0	128.5	128.5	1.0	26.5	64.75	192.25	230.5	74.04503134354572	5482.666666666667	256	128.5	128.5	1	26.5	64.75	192.25	230.5	74.04503134354572	5482.666666666667	3630	1815.5	1815.5	1	363.9	908.25	2722.75	3267.1	1048.0350662072333	1098377.5											0.166	0.0766666666666666	0.069	0.006	0.014	0.024	0.132	0.161	0.0576301425760281	0.0033212333333333																					0.031	0.0283809523809523	0.029	0.022	0.027	0.028	0.03	0.03	0.0021089378956287	4.447619047619043e-06	1075.0	486.9047619047619	445.0	44.0	94.0	141.0	827.0	1033.0	368.1097533021782	135504.79047619048	22140.0	4096.0	43.0	0.0	1.0	3.0	4452.25	18059.5	7117.685536470295	50661447.39607843	20639	4096.0	42.0	0	1.0	3.0	5689.0	16877.5	6770.275325591548	45836627.98431373	23052023_s_Lm_st_19115_p_F08_pos004_tm_24_ch_Syto9_z_21.tif	23052023_s_Lm_st_19115_p_F08_pos004_tm_24_ch_Syto9_z_21.tif	4095	1853.8071625344355	1823.5	9	371.9	916.25	2731.75	3379.2	1097.2315442643758	1203917.061728787																																									275.011	272.4310952380952	272.348	270.493	271.277	271.704	272.989	273.789	1.0147608045624317	1.0297394904761936																					slice_0021	slice_0001	1779624	35761.639669421485	513.0	6	6.0	24.0	17541.5	57310.8	156740.23686366712	24567501852.078472	88393.889	1776.713979063361	25.506	0.298	0.298	1.193	872.0047500000001	2848.6954	7786.132389269286	60623857.583228245	193377.759	1942.820463636364	0.0	0.0	0.0	0.0	126.667	669.4663999999999	14300.415408813762	204501880.8646381	307217	6066.13608815427	85.5	1	1.0	4.0	2931.0	9582.7	26886.51646618856	722884767.6866286	30.168	13.951619047619047	12.505	1.077	2.588	4.325	23.985	29.265	10.497159760983877	110.19036304761906	255.0	127.5	127.5	0.0	25.5	63.75	191.25	229.5	74.04503134354572	5482.666666666667	255	127.5	127.5	0	25.5	63.75	191.25	229.5	74.04503134354572	5482.666666666667	3629	1814.5	1814.5	0	362.9	907.25	2721.75	3266.1	1048.0350662072333	1098377.5	20	10.0	10.0	0	2.0	5.0	15.0	18.0	6.2048368229954285	38.5	255.0	127.5	127.5	0.0	25.5	63.75	191.25	229.5	74.04503134354572	5482.666666666667	255	127.5	127.5	0	25.5	63.75	191.25	229.5	74.04503134354572	5482.666666666667																					19115
23052023--s--Lm--st--19115--p--F08--pos005--tm--24--ch--Syto9--z--21	256.0	128.5	128.5	1.0	26.5	64.75	192.25	230.5	74.04503134354572	5482.666666666667	256	128.5	128.5	1	26.5	64.75	192.25	230.5	74.04503134354572	5482.666666666667	3510	1755.5	1755.5	1	351.90000000000003	878.25	2632.75	3159.1	1013.3940497161012	1026967.5											0.186	0.077095238095238	0.058	0.005	0.008	0.016	0.129	0.167	0.0634262601466496	0.0040228904761904																					0.034	0.029047619047619	0.03	0.024	0.025	0.028	0.03	0.031	0.0023764719749281	5.647619047619047e-06	1133.0	473.5238095238095	347.0	27.0	53.0	123.0	794.0	1033.0	387.3652822656695	150051.8619047618	20639.0	4096.0	42.0	0.0	1.0	3.0	5689.0	16877.5	6770.275325591548	45836627.98431373	21327	4096.0	39.0	0	0.0	1.75	4961.25	17824.5	6982.929566126972	48761305.32549022	23052023_s_Lm_st_19115_p_F08_pos005_tm_24_ch_Syto9_z_21.tif	23052023_s_Lm_st_19115_p_F08_pos005_tm_24_ch_Syto9_z_21.tif	4095	1794.708262108262	1763.5	9	359.90000000000003	886.25	2642.75	3257.1	1064.858614149213	1133923.8681277828																																									274.326	272.72933333333333	272.604	270.147	271.489	272.289	273.605	273.762	1.027811477525581	1.056396433333319																					slice_0021	slice_0001	1899240	36930.79658119658	471.0	6	6.0	24.0	16866.0	56943.39999999999	166347.27558336733	27671416094.00876	94351.825	1834.973348148148	23.4175	0.298	0.298	1.193	838.4355	2830.0475999999994	8264.35073029331	68299492.99329956	222258.619	2158.6356669515667	0.0	0.0	0.0	0.0	126.667	678.667	16162.566380556062	261228552.00588104	328718	6273.530199430199	79.0	1	1.0	4.0	2817.75	9519.299999999996	28593.48720827241	817587510.729638	33.798	14.031857142857142	10.629	0.921	1.442	2.935	23.551	30.464	11.5441784215496	133.26805542857144	255.0	127.5	127.5	0.0	25.5	63.75	191.25	229.5	74.04503134354572	5482.666666666667	255	127.5	127.5	0	25.5	63.75	191.25	229.5	74.04503134354572	5482.666666666667	3509	1754.5	1754.5	0	350.90000000000003	877.25	2631.75	3158.1	1013.3940497161012	1026967.5	20	10.0	10.0	0	2.0	5.0	15.0	18.0	6.2048368229954285	38.5	255.0	127.5	127.5	0.0	25.5	63.75	191.25	229.5	74.04503134354572	5482.666666666667	255	127.5	127.5	0	25.5	63.75	191.25	229.5	74.04503134354572	5482.666666666667																					19115
23052023--s--Lm--st--19115--p--F09--pos001--tm--24--ch--Syto9--z--21	256.0	128.5	128.5	1.0	26.5	64.75	192.25	230.5	74.04503134354572	5482.666666666667	256	128.5	128.5	1	26.5	64.75	192.25	230.5	74.04503134354572	5482.666666666667	3928	1964.5	1964.5	1	393.7000000000001	982.75	2946.25	3535.3	1134.0602570704375	1286092.6666666667											0.136	0.0525714285714285	0.032	0.002	0.003	0.016	0.085	0.126	0.0474147355033975	0.0022481571428571																					0.034	0.0275238095238095	0.027	0.023	0.026	0.026	0.029	0.029	0.0022719825619719	5.1619047619047645e-06	913.0	346.0	206.0	13.0	26.0	97.0	571.0	848.0	316.9722385320204	100471.40000000004	21327.0	4096.0	39.0	0.0	0.0	1.75	4961.25	17824.5	6982.929566126972	48761305.32549022	36145	4096.0	756.0	0	4.0	20.0	7532.25	11460.5	6052.321524447799	36630595.83529413	23052023_s_Lm_st_19115_p_F09_pos001_tm_24_ch_Syto9_z_21.tif	23052023_s_Lm_st_19115_p_F09_pos001_tm_24_ch_Syto9_z_21.tif	4095	1979.7118126272912	1972.5	9	401.7000000000001	990.75	2954.25	3552.3	1145.9073783818085	1313103.7198298688																																									279.705	271.963	270.885	267.423	270.401	270.599	273.061	274.797	2.539204836164257	6.447561199999951																					Ch1	Ch1	2121184	32951.26120162933	1565.0	6	12.0	84.0	11338.5	30478.40000000001	177615.1730322631	31547149691.280758	105393.664	1637.2485185845214	77.794	0.298	0.597	4.176	563.47	1514.3336000000006	8824.980169495864	77880274.99199526	236019.99	2077.8698268839103	6.667	0.0	0.0	0.0	60.0	286.667	16841.014867925038	283619781.7816722	366302	5605.928716904277	261.0	1	2.0	14.0	1893.75	5095.200000000003	30512.45051512584	931009636.4380032	24.75	9.570714285714285	5.784	0.382	0.591	2.848	15.527	22.961	8.633484575435673	74.5370559142857	255.0	127.5	127.5	0.0	25.5	63.75	191.25	229.5	74.04503134354572	5482.666666666667	255	127.5	127.5	0	25.5	63.75	191.25	229.5	74.04503134354572	5482.666666666667	3927	1963.5	1963.5	0	392.7000000000001	981.75	2945.25	3534.3	1134.0602570704375	1286092.6666666667	20	10.0	10.0	0	2.0	5.0	15.0	18.0	6.2048368229954285	38.5	255.0	127.5	127.5	0.0	25.5	63.75	191.25	229.5	74.04503134354572	5482.666666666667	255	127.5	127.5	0	25.5	63.75	191.25	229.5	74.04503134354572	5482.666666666667																					19115
23052023--s--Lm--st--19115--p--F09--pos002--tm--24--ch--Syto9--z--21	256.0	128.5	128.5	1.0	26.5	64.75	192.25	230.5	74.04503134354572	5482.666666666667	256	128.5	128.5	1	26.5	64.75	192.25	230.5	74.04503134354572	5482.666666666667	3943	1972.0	1972.0	1	395.2000000000001	986.5	2957.5	3548.8	1138.390384124298	1295932.6666666667											0.174	0.0530952380952381	0.03	0.002	0.003	0.008	0.08	0.147	0.0576289031319395	0.0033210904761904																					0.035	0.0277142857142857	0.028	0.022	0.023	0.027	0.029	0.031	0.0031167748898959	9.71428571428572e-06	1117.0	343.3809523809524	167.0	16.0	21.0	55.0	507.0	934.0	367.3558868713657	134950.34761904765	36145.0	4096.0	756.0	0.0	4.0	20.0	7532.25	11460.5	6052.321524447799	36630595.83529413	27310	4096.0	274.0	0	1.0	4.0	7650.0	13920.0	6049.679511200186	36598622.18823533	23052023_s_Lm_st_19115_p_F09_pos002_tm_24_ch_Syto9_z_21.tif	23052023_s_Lm_st_19115_p_F09_pos002_tm_24_ch_Syto9_z_21.tif	4095	1987.627948262744	1980.0	9	403.2000000000001	994.5	2965.5	3572.8	1150.7788837873693	1324292.0393709035																																									276.944	272.6679523809524	272.418	269.5	270.898	271.366	273.585	275.055	1.9821041969631816	3.928737047619059																					slice_0021	slice_0001	2033498	32854.307887395385	1446.0	6	12.0	66.0	14832.0	37477.600000000064	166758.01188704345	27808234528.519325	101033.505	1632.442023078874	71.796	0.298	0.597	3.281	737.2835	1862.8618000000035	8285.186698281266	68644318.62537682	229959.729	1981.604090793812	6.667	0.0	0.0	0.0	86.0	353.333	16170.56145875158	261487057.891262	351580	5584.598529038803	242.0	1	2.0	11.0	2475.5	6261.800000000011	28666.99171451	821796413.9597847	31.732	9.654238095238096	5.384	0.399	0.591	1.494	14.554	26.816	10.494329620822676	110.13095419047622	255.0	127.5	127.5	0.0	25.5	63.75	191.25	229.5	74.04503134354572	5482.666666666667	255	127.5	127.5	0	25.5	63.75	191.25	229.5	74.04503134354572	5482.666666666667	3942	1971.0	1971.0	0	394.2000000000001	985.5	2956.5	3547.8	1138.390384124298	1295932.6666666667	20	10.0	10.0	0	2.0	5.0	15.0	18.0	6.2048368229954285	38.5	255.0	127.5	127.5	0.0	25.5	63.75	191.25	229.5	74.04503134354572	5482.666666666667	255	127.5	127.5	0	25.5	63.75	191.25	229.5	74.04503134354572	5482.666666666667																					19115
23052023--s--Lm--st--19115--p--F09--pos003--tm--24--ch--Syto9--z--21	256.0	128.5	128.5	1.0	26.5	64.75	192.25	230.5	74.04503134354572	5482.666666666667	256	128.5	128.5	1	26.5	64.75	192.25	230.5	74.04503134354572	5482.666666666667	4006	2003.5	2003.5	1	401.5	1002.25	3004.75	3605.5	1156.5769177476554	1337670.1666666667											0.183	0.0801428571428571	0.074	0.01	0.014	0.02	0.136	0.162	0.0617934346951888	0.0038184285714285																					0.028	0.0263809523809523	0.026	0.023	0.025	0.025	0.028	0.028	0.0014992061391346	2.247619047619045e-06	1297.0	555.9047619047619	478.0	68.0	99.0	131.0	925.0	1161.0	439.49344759187306	193154.4904761905	27310.0	4096.0	274.0	0.0	1.0	4.0	7650.0	13920.0	6049.679511200186	36598622.18823533	16009	4096.0	300.0	0	4.0	10.0	8996.0	13983.0	5587.333714681418	31218298.03921565	23052023_s_Lm_st_19115_p_F09_pos003_tm_24_ch_Syto9_z_21.tif	23052023_s_Lm_st_19115_p_F09_pos003_tm_24_ch_Syto9_z_21.tif	4095	2016.04518222666	2011.5	9	409.5	1010.25	3012.75	3626.5	1163.8704370387363	1354594.394212739																																									274.146	271.6060476190476	271.752	269.952	270.308	270.899	272.336	272.604	1.0341122509762026	1.0693881476190683																					slice_0021	slice_0001	1357776	32499.306540189715	1704.0	6	18.0	60.0	21992.0	49324.0	127361.77571479548	16221021913.225868	67442.148	1614.684103594608	84.6725	0.298	0.895	2.983	1093.545	2451.618	6326.719340195335	40027377.60960168	130325.38	1488.0406927109336	6.667	0.0	0.0	0.0	140.0	534.6665	10138.541425453535	102790022.23563744	233303	5496.757114328508	284.5	1	3.0	10.0	3673.75	8242.0	21760.15078205101	473504162.0575951	33.399	14.58595238095238	13.391	1.858	2.536	3.613	24.75	29.543	11.262617109163353	126.84654414761906	255.0	127.5	127.5	0.0	25.5	63.75	191.25	229.5	74.04503134354572	5482.666666666667	255	127.5	127.5	0	25.5	63.75	191.25	229.5	74.04503134354572	5482.666666666667	4005	2002.5	2002.5	0	400.5	1001.25	3003.75	3604.5	1156.5769177476554	1337670.1666666667	20	10.0	10.0	0	2.0	5.0	15.0	18.0	6.2048368229954285	38.5	255.0	127.5	127.5	0.0	25.5	63.75	191.25	229.5	74.04503134354572	5482.666666666667	255	127.5	127.5	0	25.5	63.75	191.25	229.5	74.04503134354572	5482.666666666667																					19115
23052023--s--Lm--st--19115--p--F09--pos004--tm--24--ch--Syto9--z--21	256.0	128.5	128.5	1.0	26.5	64.75	192.25	230.5	74.04503134354572	5482.666666666667	256	128.5	128.5	1	26.5	64.75	192.25	230.5	74.04503134354572	5482.666666666667	3680	1840.5	1840.5	1	368.9	920.75	2760.25	3312.1	1062.4688230719996	1128840.0											0.177	0.0761428571428571	0.059	0.009	0.012	0.027	0.118	0.164	0.0579717911697454	0.0033607285714285																					0.03	0.0273809523809523	0.028	0.021	0.026	0.027	0.028	0.029	0.0018567765206451	3.4476190476190472e-06	1152.0	500.9047619047619	356.0	74.0	80.0	186.0	756.0	1076.0	379.16657352170495	143767.29047619048	16009.0	4096.0	300.0	0.0	4.0	10.0	8996.0	13983.0	5587.333714681418	31218298.03921565	17417	4096.0	67.5	0	1.0	3.75	7666.75	15386.0	6168.34672418825	38048501.30980391	23052023_s_Lm_st_19115_p_F09_pos004_tm_24_ch_Syto9_z_21.tif	23052023_s_Lm_st_19115_p_F09_pos004_tm_24_ch_Syto9_z_21.tif	4095	1871.246739130435	1848.5	9	376.9	928.75	2768.25	3399.1	1099.7289490313312	1209403.7613375564																																									274.233	272.2014285714285	272.034	269.139	271.377	271.598	273.166	273.322	1.1217027490128082	1.258217057142891																					slice_0021	slice_0001	1601336	35319.57445652174	1171.0	6	6.0	36.0	21494.0	56228.19999999998	144784.00718048704	20962408735.239326	79545.575	1754.9413644021738	58.188500000000005	0.298	0.298	1.79	1068.46925	2794.6439	7192.880825578183	51737534.57097029	169043.263	1789.4074573369564	6.667	0.0	0.0	0.0	149.333	652.2666999999998	12707.807806285771	161488379.2414976	276146	5983.701358695652	196.0	1	1.0	6.0	3591.5	9402.999999999996	24805.306506040248	615303230.8586026	32.218	13.89290476190476	10.786	1.685	2.24	4.967	21.519	29.891	10.550370756067116	111.3103230904762	255.0	127.5	127.5	0.0	25.5	63.75	191.25	229.5	74.04503134354572	5482.666666666667	255	127.5	127.5	0	25.5	63.75	191.25	229.5	74.04503134354572	5482.666666666667	3679	1839.5	1839.5	0	367.9	919.75	2759.25	3311.1	1062.4688230719996	1128840.0	20	10.0	10.0	0	2.0	5.0	15.0	18.0	6.2048368229954285	38.5	255.0	127.5	127.5	0.0	25.5	63.75	191.25	229.5	74.04503134354572	5482.666666666667	255	127.5	127.5	0	25.5	63.75	191.25	229.5	74.04503134354572	5482.666666666667																					19115
23052023--s--Lm--st--19115--p--F09--pos005--tm--24--ch--Syto9--z--21	256.0	128.5	128.5	1.0	26.5	64.75	192.25	230.5	74.04503134354572	5482.666666666667	256	128.5	128.5	1	26.5	64.75	192.25	230.5	74.04503134354572	5482.666666666667	3721	1861.0	1861.0	1	373.0	931.0	2791.0	3349.0	1074.3045036984006	1154130.1666666667											0.177	0.0636190476190476	0.036	0.004	0.006	0.014	0.113	0.15	0.0578994613018775	0.0033523476190476																					0.031	0.0277142857142857	0.028	0.021	0.026	0.027	0.029	0.03	0.0021941480611585	4.814285714285713e-06	1108.0	406.95238095238096	235.0	28.0	43.0	98.0	718.0	958.0	367.0759425773469	134744.74761904764	17417.0	4096.0	67.5	0.0	1.0	3.75	7666.75	15386.0	6168.34672418825	38048501.30980391	23345	4096.0	41.5	0	0.0	1.75	6380.75	16278.5	6546.687616874749	42859118.75294119	23052023_s_Lm_st_19115_p_F09_pos005_tm_24_ch_Syto9_z_21.tif	23052023_s_Lm_st_19115_p_F09_pos005_tm_24_ch_Syto9_z_21.tif	4095	1889.097285675893	1869.0	9	381.0	939.0	2799.0	3415.0	1107.2148334027809	1225924.6873071478																																									274.053	272.1476666666666	271.967	270.418	270.912	271.669	272.765	273.389	0.9921399766834024	0.9843417333333422																					slice_0021	slice_0001	2055938	34813.38242407955	818.0	6	12.0	30.0	15494.0	43886.0	171502.09001732254	29412966880.309807	102128.62	1729.6969355012095	40.605	0.298	0.597	1.492	770.084	2181.409	8520.305828740078	72595611.41526216	240179.811	2104.001097016931	0.0	0.0	0.0	0.0	100.0	453.333	16784.948581322184	281734498.87762964	355692	5917.78903520559	138.0	1	2.0	5.0	2588.0	7336.0	29489.52724460076	869632217.1100504	32.166	11.577238095238094	6.583	0.782	1.146	2.484	20.512	27.372	10.542941287443275	111.15361099047612	255.0	127.5	127.5	0.0	25.5	63.75	191.25	229.5	74.04503134354572	5482.666666666667	255	127.5	127.5	0	25.5	63.75	191.25	229.5	74.04503134354572	5482.666666666667	3720	1860.0	1860.0	0	372.0	930.0	2790.0	3348.0	1074.3045036984006	1154130.1666666667	20	10.0	10.0	0	2.0	5.0	15.0	18.0	6.2048368229954285	38.5	255.0	127.5	127.5	0.0	25.5	63.75	191.25	229.5	74.04503134354572	5482.666666666667	255	127.5	127.5	0	25.5	63.75	191.25	229.5	74.04503134354572	5482.666666666667																					19115
23052023--s--Lm--st--19115--p--F10--pos001--tm--24--ch--Syto9--z--21	256.0	128.5	128.5	1.0	26.5	64.75	192.25	230.5	74.04503134354572	5482.666666666667	256	128.5	128.5	1	26.5	64.75	192.25	230.5	74.04503134354572	5482.666666666667	3147	1574.0	1574.0	1	315.6	787.5	2360.5	2832.4	908.6049746727122	825563.0											0.17	0.0606190476190476	0.043	0.002	0.004	0.009	0.102	0.15	0.057135344744279	0.0032644476190476																					0.039	0.0304285714285714	0.031	0.027	0.027	0.029	0.031	0.031	0.0025014281634983	6.2571428571428594e-06	984.0	362.0	256.0	11.0	20.0	52.0	601.0	899.0	337.52214742146924	113921.2	23345.0	4096.0	41.5	0.0	0.0	1.75	6380.75	16278.5	6546.687616874749	42859118.75294119	34874	4096.0	10.0	0	0.0	1.0	2892.0	19746.0	7876.392499605584	62037558.807843104	23052023_s_Lm_st_19115_p_F10_pos001_tm_24_ch_Syto9_z_21.tif	23052023_s_Lm_st_19115_p_F10_pos001_tm_24_ch_Syto9_z_21.tif	4095	1639.178900540197	1582.0	9	323.6	795.5	2375.5	3026.8	1004.8891141237226	1009802.13168436																																									281.453	274.20419047619043	273.908	270.841	272.477	272.76	274.597	277.12	2.277783190276168	5.188296261904679																					slice_0021	slice_0001	2794484	40976.28725770575	306.0	6	6.0	18.0	14234.0	49877.2	223177.08830864285	49808012745.923775	138828.628	2035.862695265332	15.214	0.298	0.298	0.895	707.4870000000001	2478.851	11087.732635243394	122937814.99064144	381558.573	3001.8680336828725	0.0	0.0	0.0	0.0	113.333	638.667	25637.255909559124	657268890.5722243	487655	6997.155386081983	51.0	1	1.0	3.0	2379.5	8345.400000000001	38610.72325931549	1490787950.6074462	30.915	11.038714285714285	7.92	0.347	0.782	1.598	18.601	27.233	10.381561920746112	107.77682791428568	255.0	127.5	127.5	0.0	25.5	63.75	191.25	229.5	74.04503134354572	5482.666666666667	255	127.5	127.5	0	25.5	63.75	191.25	229.5	74.04503134354572	5482.666666666667	3146	1573.0	1573.0	0	314.6	786.5	2359.5	2831.4	908.6049746727122	825563.0	20	10.0	10.0	0	2.0	5.0	15.0	18.0	6.2048368229954285	38.5	255.0	127.5	127.5	0.0	25.5	63.75	191.25	229.5	74.04503134354572	5482.666666666667	255	127.5	127.5	0	25.5	63.75	191.25	229.5	74.04503134354572	5482.666666666667																					19115
23052023--s--Lm--st--19115--p--F10--pos002--tm--24--ch--Syto9--z--21	256.0	128.5	128.5	1.0	26.5	64.75	192.25	230.5	74.04503134354572	5482.666666666667	256	128.5	128.5	1	26.5	64.75	192.25	230.5	74.04503134354572	5482.666666666667	2963	1482.0	1482.0	1	297.2	741.5	2222.5	2666.8	855.4887491954526	731861.0											0.19	0.0692857142857142	0.055	0.005	0.006	0.015	0.108	0.165	0.061209593085678	0.0037466142857142																					0.033	0.0303333333333333	0.031	0.025	0.028	0.03	0.031	0.032	0.0017701224063135	3.1333333333333314e-06	1103.0	408.6190476190476	326.0	30.0	40.0	87.0	652.0	922.0	355.385210186141	126298.64761904762	34874.0	4096.0	10.0	0.0	0.0	1.0	2892.0	19746.0	7876.392499605584	62037558.807843104	45373	4096.0	9.0	0	0.0	1.0	2096.0	19381.0	8509.140793933331	72405477.05098037	23052023_s_Lm_st_19115_p_F10_pos002_tm_24_ch_Syto9_z_21.tif	23052023_s_Lm_st_19115_p_F10_pos002_tm_24_ch_Syto9_z_21.tif	4095	1542.4424569692878	1490.0	9	305.2	749.5	2234.5	2827.6000000000004	946.517935491769	895896.2022076006																																									276.684	273.1305238095238	272.976	268.439	271.601	272.172	274.104	274.886	1.8055545579972747	3.260027261904734																					slice_0021	slice_0001	2685980	43524.60749240634	456.0	6	6.0	18.0	14664.0	52708.4	225373.8810322325	50793386251.5309	133441.219	2162.469235572056	22.672	0.298	0.298	0.895	729.028	2619.3436	11196.569909340822	125363177.73475637	363704.514	3180.7779264259198	0.0	0.0	0.0	0.0	120.0	700.0	25654.277222063865	658141939.7865049	468362	7431.681741478232	76.0	1	1.0	3.0	2449.0	8819.8	38973.127337411606	1518904654.4581	34.563	12.62252380952381	10.004	0.938	1.112	2.692	19.609	30.134	11.15696550419982	124.47787926190476	255.0	127.5	127.5	0.0	25.5	63.75	191.25	229.5	74.04503134354572	5482.666666666667	255	127.5	127.5	0	25.5	63.75	191.25	229.5	74.04503134354572	5482.666666666667	2962	1481.0	1481.0	0	296.2	740.5	2221.5	2665.8	855.4887491954526	731861.0	20	10.0	10.0	0	2.0	5.0	15.0	18.0	6.2048368229954285	38.5	255.0	127.5	127.5	0.0	25.5	63.75	191.25	229.5	74.04503134354572	5482.666666666667	255	127.5	127.5	0	25.5	63.75	191.25	229.5	74.04503134354572	5482.666666666667																					19115
23052023--s--Lm--st--19115--p--F10--pos003--tm--24--ch--Syto9--z--21	256.0	128.5	128.5	1.0	26.5	64.75	192.25	230.5	74.04503134354572	5482.666666666667	256	128.5	128.5	1	26.5	64.75	192.25	230.5	74.04503134354572	5482.666666666667	3002	1501.5	1501.5	1	301.1	751.25	2251.75	2701.9	866.7470796028101	751250.5											0.189	0.0837619047619047	0.068	0.008	0.016	0.023	0.143	0.177	0.0667442167995885	0.0044547904761904																					0.032	0.0289523809523809	0.029	0.024	0.028	0.028	0.03	0.03	0.0015961262630566	2.547619047619047e-06	1188.0	528.8571428571429	418.0	55.0	99.0	155.0	870.0	1138.0	424.924026822947	180560.42857142855	45373.0	4096.0	9.0	0.0	0.0	1.0	2096.0	19381.0	8509.140793933331	72405477.05098037	19257	4096.0	104.5	0	0.0	3.0	7069.75	15644.0	6306.9360393079605	39777442.20392159	23052023_s_Lm_st_19115_p_F10_pos003_tm_24_ch_Syto9_z_21.tif	23052023_s_Lm_st_19115_p_F10_pos003_tm_24_ch_Syto9_z_21.tif	4095	1545.8820786142571	1509.5	9	309.1	759.25	2259.75	2777.9	932.6641956878	869862.5019179711																																									277.733	272.84761904761905	272.775	270.002	271.651	272.164	273.417	273.663	1.5022354168435323	2.2567112476190614																					slice_0021	slice_0001	1794080	43234.28647568288	984.0	6	6.0	36.0	25529.5	73852.6	170343.324761775	29016848290.895542	89127.408	2147.945281812125	48.923	0.298	0.298	1.79	1269.14175	3670.587500000001	8461.296344212386	71593535.82458188	201273.363	2373.220905063291	6.667	0.0	0.0	0.0	228.6665	1045.333	15960.902488022872	254750408.23217472	310142	7335.141905396403	164.0	1	1.0	6.0	4268.0	12352.7	29242.625956451124	855131172.828909	34.458	15.272380952380953	12.366	1.528	2.97	4.134	26.052	32.305	12.154012080281104	147.72000964761904	255.0	127.5	127.5	0.0	25.5	63.75	191.25	229.5	74.04503134354572	5482.666666666667	255	127.5	127.5	0	25.5	63.75	191.25	229.5	74.04503134354572	5482.666666666667	3001	1500.5	1500.5	0	300.1	750.25	2250.75	2700.9	866.7470796028101	751250.5	20	10.0	10.0	0	2.0	5.0	15.0	18.0	6.2048368229954285	38.5	255.0	127.5	127.5	0.0	25.5	63.75	191.25	229.5	74.04503134354572	5482.666666666667	255	127.5	127.5	0	25.5	63.75	191.25	229.5	74.04503134354572	5482.666666666667																					19115
23052023--s--Lm--st--L628--p--C03--pos001--tm--24--ch--Syto9--z--21	256.0	128.5	128.5	1.0	26.5	64.75	192.25	230.5	74.04503134354572	5482.666666666667	256	128.5	128.5	1	26.5	64.75	192.25	230.5	74.04503134354572	5482.666666666667	4079	2040.0	2040.0	1	408.8	1020.5	3059.5	3671.2	1177.6502027342417	1386860.0											0.67	0.3797142857142857	0.381	0.008	0.023	0.26	0.569	0.65	0.223202630552855	0.0498194142857142																					0.025	0.0235714285714285	0.024	0.019	0.021	0.023	0.024	0.025	0.0015352989471574	2.357142857142859e-06	4940.0	2862.714285714286	2920.0	71.0	195.0	1927.0	4329.0	4759.0	1649.353301838546	2720366.3142857137	19257.0	4096.0	104.5	0.0	0.0	3.0	7069.75	15644.0	6306.9360393079605	39777442.20392159	11365	4096.0	2250.5	7	50.0	228.25	8370.5	10397.5	4126.0423728732	17024225.662745107	23052023_s_Lm_st_L628_p_C03_pos001_tm_24_ch_Syto9_z_21.tif	23052023_s_Lm_st_L628_p_C03_pos001_tm_24_ch_Syto9_z_21.tif	4095	2055.999754841873	2056.0	16	424.8	1036.5	3075.5	3687.2	1177.650627412539	1386861.000245147																																									272.004	271.2882380952381	271.518	269.583	270.678	271.017	271.642	271.691	0.57573335015109	0.3314688904761975																					Ch1	Ch1	287670	32176.449620004903	8954.0	6	864.0	2127.0	32343.0	95184.00000000004	55837.07373934693	3117778803.773267	14287.949	1598.7716915910764	445.117	0.298	42.957	105.703	1607.5700000000002	4730.142600000001	2773.76615366018	7693778.67519079	65684.819	601.3489911743075	33.333	0.0	0.0	6.667	202.667	1361.333	1986.3739732313236	3945681.5615307945	48501	5397.226771267468	1494.0	1	144.0	355.0	5401.5	15934.400000000003	9398.474250649768	88331318.2401267	122.046	69.14928571428571	69.473	1.372	4.151	47.276	103.618	118.381	40.680998383941926	1654.9436295142857	255.0	127.5	127.5	0.0	25.5	63.75	191.25	229.5	74.04503134354572	5482.666666666667	255	127.5	127.5	0	25.5	63.75	191.25	229.5	74.04503134354572	5482.666666666667	4078	2039.0	2039.0	0	407.8	1019.5	3058.5	3670.2	1177.6502027342417	1386860.0	20	10.0	10.0	0	2.0	5.0	15.0	18.0	6.2048368229954285	38.5	255.0	127.5	127.5	0.0	25.5	63.75	191.25	229.5	74.04503134354572	5482.666666666667	255	127.5	127.5	0	25.5	63.75	191.25	229.5	74.04503134354572	5482.666666666667																					L628
23052023--s--Lm--st--L628--p--C03--pos002--tm--24--ch--Syto9--z--21	256.0	128.5	128.5	1.0	26.5	64.75	192.25	230.5	74.04503134354572	5482.666666666667	256	128.5	128.5	1	26.5	64.75	192.25	230.5	74.04503134354572	5482.666666666667	4084	2042.5	2042.5	1	409.3	1021.75	3063.25	3675.7	1179.0935784180435	1390261.6666666667											0.552	0.2443333333333333	0.209	0.022	0.03	0.13	0.365	0.478	0.1726355506068589	0.0298030333333333																					0.024	0.0233333333333333	0.024	0.021	0.022	0.023	0.024	0.024	0.0010165300454651	1.0333333333333312e-06	4170.0	1871.6666666666667	1631.0	188.0	261.0	980.0	2729.0	3647.0	1305.7108153543545	1704880.7333333332	11365.0	4096.0	2250.5	7.0	50.0	228.25	8370.5	10397.5	4126.0423728732	17024225.662745107	15862	4096.0	475.0	0	3.0	20.0	8109.5	14240.5	5606.702236486923	31435109.968627464	23052023_s_Lm_st_L628_p_C03_pos002_tm_24_ch_Syto9_z_21.tif	23052023_s_Lm_st_L628_p_C03_pos002_tm_24_ch_Syto9_z_21.tif	4095	2053.5	2053.5	12	420.3	1032.75	3074.25	3686.7	1179.0935784180435	1390261.6666666667																																									272.393	271.2692380952381	271.132	270.728	270.83	270.977	271.513	271.833	0.4262656337029619	0.1817023904761877																					slice_0021	slice_0001	459436	32111.51567091087	4242.0	18	114.0	426.0	30414.5	84229.20000000008	70757.1242441494	5006570631.301993	22817.239	1595.616711802155	210.90750000000003	0.895	5.668	21.18	1512.01075	4186.036700000003	3514.757345306012	12353519.196382562	23980.606	763.1150756611165	13.333	0.0	0.0	0.0	193.333	1096.9331000000004	2913.149560532692	8486440.362031816	77802	5391.7416748286	707.5	3	19.0	71.0	5080.0	14092.900000000012	11934.654599100078	142435980.39982066	100.457	44.51114285714286	38.14	3.977	5.488	23.69	66.485	87.066	31.438091143206695	988.3535747285714	255.0	127.5	127.5	0.0	25.5	63.75	191.25	229.5	74.04503134354572	5482.666666666667	255	127.5	127.5	0	25.5	63.75	191.25	229.5	74.04503134354572	5482.666666666667	4083	2041.5	2041.5	0	408.3	1020.75	3062.25	3674.7	1179.0935784180435	1390261.6666666667	20	10.0	10.0	0	2.0	5.0	15.0	18.0	6.2048368229954285	38.5	255.0	127.5	127.5	0.0	25.5	63.75	191.25	229.5	74.04503134354572	5482.666666666667	255	127.5	127.5	0	25.5	63.75	191.25	229.5	74.04503134354572	5482.666666666667																					L628
23052023--s--Lm--st--L628--p--C03--pos003--tm--24--ch--Syto9--z--21	256.0	128.5	128.5	1.0	26.5	64.75	192.25	230.5	74.04503134354572	5482.666666666667	256	128.5	128.5	1	26.5	64.75	192.25	230.5	74.04503134354572	5482.666666666667	4077	2039.0	2039.0	1	408.6	1020.0	3058.0	3669.4	1177.0728524607132	1385500.5											0.747	0.3653333333333333	0.378	0.006	0.012	0.039	0.571	0.726	0.2714924185559025	0.0737081333333333																					0.025	0.023095238095238	0.024	0.02	0.021	0.022	0.024	0.025	0.0016094956323259	2.590476190476187e-06	5543.0	2774.5238095238096	2933.0	52.0	96.0	333.0	4336.0	5440.0	2026.3882554695092	4106249.3619047618	15862.0	4096.0	475.0	0.0	3.0	20.0	8109.5	14240.5	5606.702236486923	31435109.968627464	14274	4096.0	1267.5	7	21.5	102.0	8447.25	12520.0	4906.8512590490645	24077189.27843139	23052023_s_Lm_st_L628_p_C03_pos003_tm_24_ch_Syto9_z_21.tif	23052023_s_Lm_st_L628_p_C03_pos003_tm_24_ch_Syto9_z_21.tif	4095	2057.0	2057.0	19	426.6	1038.0	3076.0	3687.4	1177.0728524607132	1385500.5																																									271.858	270.9397619047619	271.216	268.851	269.595	270.834	271.562	271.734	0.9054957153273516	0.8199224904761919																					slice_0021	slice_0001	249264	32219.636006867797	7308.0	6	514.0	1372.0	35602.0	103909.2	54123.39963012329	2929342387.52203	12379.905	1600.9708834927644	363.248	0.298	25.523	68.182	1769.571	5163.6	2688.7971656539635	7229630.198028787	38517.162	563.0536134412558	26.667	0.0	0.0	0.0	226.667	1480.266800000001	1618.5279837552764	2619632.83419892	41948	5400.632572970321	1219.0	1	86.0	229.0	5945.0	17407.600000000002	9094.576296003368	82711318.00382635	135.958	66.51914285714285	68.76	1.094	2.102	7.069	104.0	132.241	49.456409310913095	2445.9364219285712	255.0	127.5	127.5	0.0	25.5	63.75	191.25	229.5	74.04503134354572	5482.666666666667	255	127.5	127.5	0	25.5	63.75	191.25	229.5	74.04503134354572	5482.666666666667	4076	2038.0	2038.0	0	407.6	1019.0	3057.0	3668.4	1177.0728524607132	1385500.5	20	10.0	10.0	0	2.0	5.0	15.0	18.0	6.2048368229954285	38.5	255.0	127.5	127.5	0.0	25.5	63.75	191.25	229.5	74.04503134354572	5482.666666666667	255	127.5	127.5	0	25.5	63.75	191.25	229.5	74.04503134354572	5482.666666666667																					L628
23052023--s--Lm--st--L628--p--C03--pos004--tm--24--ch--Syto9--z--21	256.0	128.5	128.5	1.0	26.5	64.75	192.25	230.5	74.04503134354572	5482.666666666667	256	128.5	128.5	1	26.5	64.75	192.25	230.5	74.04503134354572	5482.666666666667	4078	2039.5	2039.5	1	408.7000000000001	1020.25	3058.75	3670.3	1177.361527597478	1386180.1666666667											0.629	0.3197619047619047	0.32	0.004	0.011	0.148	0.518	0.593	0.2164601359978101	0.0468549904761904																					0.025	0.0231904761904761	0.024	0.02	0.021	0.023	0.024	0.024	0.0013273676061682	1.7619047619047602e-06	4700.0	2436.333333333333	2451.0	38.0	96.0	1124.0	3985.0	4518.0	1625.4079282854914	2641950.933333333	14274.0	4096.0	1267.5	7.0	21.5	102.0	8447.25	12520.0	4906.8512590490645	24077189.27843139	10104	4096.0	3126.5	8	213.5	620.0	7642.75	9265.5	3519.6731321051334	12388098.95686276	23052023_s_Lm_st_L628_p_C03_pos004_tm_24_ch_Syto9_z_21.tif	23052023_s_Lm_st_L628_p_C03_pos004_tm_24_ch_Syto9_z_21.tif	4095	2056.499019127023	2056.5	14	425.7000000000001	1037.25	3075.75	3687.3	1177.3632279760368	1386184.170590153																																									271.913	271.147	271.204	269.115	270.625	270.937	271.569	271.803	0.6399678898194807	0.409558899999999																					slice_0021	slice_0001	251594	32180.06032368808	10335.0	6	1219.4	2730.0	36134.5	94175.80000000005	50801.76102623295	2580818923.366481	12496.656	1598.7720796959295	513.8435	0.298	60.5815	135.732	1796.36175	4679.7314000000015	2522.8960083632314	6365004.269015126	115452.139	556.981308239333	33.333	0.0	0.0	6.667	222.667	1293.599900000001	2325.692922241311	5408847.568563329	62004	5398.071113290829	1724.5	1	203.70000000000005	455.0	6032.25	15748.600000000006	8573.329660699308	73501981.47102651	114.612	58.251	58.218	0.782	2.084	27.042	94.361	108.047	39.41606868651414	1553.6264707	255.0	127.5	127.5	0.0	25.5	63.75	191.25	229.5	74.04503134354572	5482.666666666667	255	127.5	127.5	0	25.5	63.75	191.25	229.5	74.04503134354572	5482.666666666667	4077	2038.5	2038.5	0	407.7000000000001	1019.25	3057.75	3669.3	1177.361527597478	1386180.1666666667	20	10.0	10.0	0	2.0	5.0	15.0	18.0	6.2048368229954285	38.5	255.0	127.5	127.5	0.0	25.5	63.75	191.25	229.5	74.04503134354572	5482.666666666667	255	127.5	127.5	0	25.5	63.75	191.25	229.5	74.04503134354572	5482.666666666667																					L628
23052023--s--Lm--st--L628--p--C03--pos005--tm--24--ch--Syto9--z--21	256.0	128.5	128.5	1.0	26.5	64.75	192.25	230.5	74.04503134354572	5482.666666666667	256	128.5	128.5	1	26.5	64.75	192.25	230.5	74.04503134354572	5482.666666666667	4072	2036.5	2036.5	1	408.1	1018.75	3054.25	3664.9	1175.629476776874	1382104.6666666667											0.804	0.3804285714285714	0.471	0.005	0.01	0.036	0.633	0.74	0.2972972538434507	0.0883856571428571																					0.025	0.0234761904761904	0.024	0.021	0.021	0.023	0.025	0.025	0.0014703417160322	2.161904761904769e-06	5818.0	2838.1428571428573	3480.0	44.0	82.0	315.0	4591.0	5414.0	2182.3234931080747	4762535.828571429	10104.0	4096.0	3126.5	8.0	213.5	620.0	7642.75	9265.5	3519.6731321051334	12388098.95686276	12968	4096.0	1510.0	7	34.0	132.5	8320.5	11835.5	4628.995101213528	21427595.64705884	23052023_s_Lm_st_L628_p_C03_pos005_tm_24_ch_Syto9_z_21.tif	23052023_s_Lm_st_L628_p_C03_pos005_tm_24_ch_Syto9_z_21.tif	4095	2059.4972986247544	2059.5	20	431.1	1041.75	3077.25	3687.9	1175.634156049461	1382115.6688701282																																									274.0	271.505	271.573	268.144	270.853	271.114	272.04	272.297	1.0762550348314344	1.1583249000000122																					slice_0021	slice_0001	209616	32274.59332023576	7386.0	6	360.0	1133.5	36306.5	113979.0	51982.366958397964	2702166474.5975447	10413.993	1603.9336262278978	367.223	0.298	17.899	56.36375	1804.75975	5660.7834	2582.9122272574537	6671435.57371606	22377.282	529.4097060412573	26.667	0.0	0.0	0.0	233.333	1728.7997000000005	1306.8263169552536	1707795.022686833	35240	5407.320726915521	1231.5	1	60.0	189.0	6063.0	19083.9	8724.188304950398	76111461.58023329	146.361	69.30057142857143	85.868	0.99	1.876	6.583	115.307	134.829	54.15005897833485	2932.228887357143	255.0	127.5	127.5	0.0	25.5	63.75	191.25	229.5	74.04503134354572	5482.666666666667	255	127.5	127.5	0	25.5	63.75	191.25	229.5	74.04503134354572	5482.666666666667	4071	2035.5	2035.5	0	407.1	1017.75	3053.25	3663.9	1175.629476776874	1382104.6666666667	20	10.0	10.0	0	2.0	5.0	15.0	18.0	6.2048368229954285	38.5	255.0	127.5	127.5	0.0	25.5	63.75	191.25	229.5	74.04503134354572	5482.666666666667	255	127.5	127.5	0	25.5	63.75	191.25	229.5	74.04503134354572	5482.666666666667																					L628
23052023--s--Lm--st--L628--p--C04--pos001--tm--24--ch--Syto9--z--21	256.0	128.5	128.5	1.0	26.5	64.75	192.25	230.5	74.04503134354572	5482.666666666667	256	128.5	128.5	1	26.5	64.75	192.25	230.5	74.04503134354572	5482.666666666667	2670	1335.5	1335.5	1	267.90000000000003	668.25	2002.75	2403.1	770.9069334232246	594297.5											0.354	0.1653809523809523	0.128	0.051	0.066	0.081	0.229	0.327	0.101969346467689	0.0103977476190476																					0.027	0.0258571428571428	0.026	0.024	0.025	0.025	0.026	0.027	0.000792824967172	6.285714285714255e-07	2521.0	1174.5238095238096	978.0	350.0	470.0	574.0	1666.0	2255.0	722.0535727387282	521361.3619047619	12968.0	4096.0	1510.0	7.0	34.0	132.5	8320.5	11835.5	4628.995101213528	21427595.64705884	20099	4096.0	138.0	0	1.0	3.0	6307.5	16694.0	6490.143222082029	42121959.0431373	23052023_s_Lm_st_L628_p_C04_pos001_tm_24_ch_Syto9_z_21.tif	23052023_s_Lm_st_L628_p_C04_pos001_tm_24_ch_Syto9_z_21.tif	4095	1387.9756554307116	1344.5	10	276.90000000000003	677.25	2012.75	2518.1	850.5637518273795	723458.695922668																																									273.503	272.24333333333334	272.025	271.071	271.278	271.575	272.874	273.456	0.7910605118025694	0.6257767333333432																					slice_0021	slice_0001	1343496	48747.292883895134	821.0	6	6.0	24.0	23382.0	100381.39999999997	159921.00193071642	25574726858.5242	66703.631	2421.3284936329587	40.803	0.298	0.298	1.193	1161.8455	4987.477299999999	7941.418251614648	63066123.84707826	127513.123	2287.8038191011237	6.667	0.0	0.0	0.0	218.00025	1663.7329999999945	12070.393375349016	145694396.23566943	230630	8247.226966292135	137.0	1	1.0	4.0	3907.0	16820.699999999997	27276.298055464074	743996435.6105133	64.436	30.102238095238096	23.291	9.292	12.036	14.676	41.77	59.486	18.57923382678834	345.18792959047613	255.0	127.5	127.5	0.0	25.5	63.75	191.25	229.5	74.04503134354572	5482.666666666667	255	127.5	127.5	0	25.5	63.75	191.25	229.5	74.04503134354572	5482.666666666667	2669	1334.5	1334.5	0	266.90000000000003	667.25	2001.75	2402.1	770.9069334232246	594297.5	20	10.0	10.0	0	2.0	5.0	15.0	18.0	6.2048368229954285	38.5	255.0	127.5	127.5	0.0	25.5	63.75	191.25	229.5	74.04503134354572	5482.666666666667	255	127.5	127.5	0	25.5	63.75	191.25	229.5	74.04503134354572	5482.666666666667																					L628
23052023--s--Lm--st--L628--p--C04--pos002--tm--24--ch--Syto9--z--21	256.0	128.5	128.5	1.0	26.5	64.75	192.25	230.5	74.04503134354572	5482.666666666667	256	128.5	128.5	1	26.5	64.75	192.25	230.5	74.04503134354572	5482.666666666667	2248	1124.5	1124.5	1	225.7	562.75	1686.25	2023.3	649.0860240882303	421312.6666666667											0.496	0.2236666666666666	0.179	0.079	0.094	0.114	0.294	0.419	0.1264959814908494	0.0160012333333333																					0.026	0.0252857142857142	0.025	0.023	0.024	0.025	0.026	0.026	0.0008451542547285	7.142857142857137e-07	3467.0	1605.2857142857142	1307.0	545.0	684.0	820.0	2092.0	3034.0	889.4217864914905	791071.1142857145	20099.0	4096.0	138.0	0.0	1.0	3.0	6307.5	16694.0	6490.143222082029	42121959.0431373	26787	4096.0	41.0	0	0.0	1.0	4492.0	17760.5	7263.739063616873	52761905.18431373	23052023_s_Lm_st_L628_p_C04_pos002_tm_24_ch_Syto9_z_21.tif	23052023_s_Lm_st_L628_p_C04_pos002_tm_24_ch_Syto9_z_21.tif	3606	1163.7669039145908	1132.5	9	233.7	570.75	1694.25	2091.6	706.8361217477573	499617.3030074103																																									273.234	272.0414285714286	271.906	271.268	271.451	271.73	272.166	272.77	0.5319579467804116	0.2829792571428312																					slice_0021	slice_0001	1181592	57947.42170818505	975.0	6	6.0	36.0	32725.5	161172.8	157457.53855659865	24792876448.302757	58678.611	2878.389382117438	48.476	0.298	0.298	1.79	1626.587	8008.496399999999	7819.082551034271	61138051.93988861	113146.48	2573.500698843416	6.667	0.0	0.0	0.0	363.3335	3304.933199999999	11528.41861699638	132904435.80870876	202780	9795.41637010676	162.5	1	1.0	6.0	5470.75	27035.7	26827.83465463557	719732712.2564656	90.332	40.70590476190476	32.513	14.398	17.177	20.703	53.476	76.298	23.03131639074233	530.4415346904761	255.0	127.5	127.5	0.0	25.5	63.75	191.25	229.5	74.04503134354572	5482.666666666667	255	127.5	127.5	0	25.5	63.75	191.25	229.5	74.04503134354572	5482.666666666667	2247	1123.5	1123.5	0	224.7	561.75	1685.25	2022.3	649.0860240882303	421312.6666666667	20	10.0	10.0	0	2.0	5.0	15.0	18.0	6.2048368229954285	38.5	255.0	127.5	127.5	0.0	25.5	63.75	191.25	229.5	74.04503134354572	5482.666666666667	255	127.5	127.5	0	25.5	63.75	191.25	229.5	74.04503134354572	5482.666666666667																					L628
23052023--s--Lm--st--L628--p--C04--pos003--tm--24--ch--Syto9--z--21	256.0	128.5	128.5	1.0	26.5	64.75	192.25	230.5	74.04503134354572	5482.666666666667	256	128.5	128.5	1	26.5	64.75	192.25	230.5	74.04503134354572	5482.666666666667	4079	2040.0	2040.0	1	408.8	1020.5	3059.5	3671.2	1177.6502027342417	1386860.0											0.572	0.2417142857142857	0.179	0.005	0.008	0.068	0.421	0.512	0.19689061502701	0.0387659142857142																					0.024	0.0227142857142857	0.023	0.02	0.02	0.023	0.024	0.024	0.0015212776585113	2.3142857142857157e-06	4328.0	1859.619047619048	1396.0	46.0	69.0	545.0	3240.0	3904.0	1484.845462537785	2204766.047619048	26787.0	4096.0	41.0	0.0	0.0	1.0	4492.0	17760.5	7263.739063616873	52761905.18431373	15262	4096.0	936.5	1	4.5	41.0	8052.5	13444.5	5223.000655096383	27279735.84313724	23052023_s_Lm_st_L628_p_C04_pos003_tm_24_ch_Syto9_z_21.tif	23052023_s_Lm_st_L628_p_C04_pos003_tm_24_ch_Syto9_z_21.tif	4095	2055.999754841873	2056.0	16	424.8	1036.5	3075.5	3687.2	1177.650627412539	1386861.000245147																																									272.308	270.98004761904764	271.112	266.659	270.648	270.834	271.52	271.844	1.141134149703274	1.3021871476190137																					slice_0021	slice_0001	266556	32204.50894827164	8476.0	12	474.0	1410.0	41568.0	94997.2	51185.499322430864	2619955340.8865705	13241.098	1600.2713792596226	421.578	0.597	23.567	70.103	2066.08	4721.91	2542.754494043448	6465600.416978149	29504.008	573.4726317724933	33.333	0.0	0.0	0.0	260.0	1280.0	1706.3878473007337	2911759.4854156314	45024	5398.168913949497	1414.0	2	79.0	235.0	6941.0	15897.4	8608.564340929464	74107380.01192233	104.226	44.02	32.652	0.973	1.407	12.453	76.75	93.284	35.86156270019476	1286.0516793	255.0	127.5	127.5	0.0	25.5	63.75	191.25	229.5	74.04503134354572	5482.666666666667	255	127.5	127.5	0	25.5	63.75	191.25	229.5	74.04503134354572	5482.666666666667	4078	2039.0	2039.0	0	407.8	1019.5	3058.5	3670.2	1177.6502027342417	1386860.0	20	10.0	10.0	0	2.0	5.0	15.0	18.0	6.2048368229954285	38.5	255.0	127.5	127.5	0.0	25.5	63.75	191.25	229.5	74.04503134354572	5482.666666666667	255	127.5	127.5	0	25.5	63.75	191.25	229.5	74.04503134354572	5482.666666666667																					L628
23052023--s--Lm--st--L628--p--C04--pos004--tm--24--ch--Syto9--z--21	256.0	128.5	128.5	1.0	26.5	64.75	192.25	230.5	74.04503134354572	5482.666666666667	256	128.5	128.5	1	26.5	64.75	192.25	230.5	74.04503134354572	5482.666666666667	4075	2038.0	2038.0	1	408.4	1019.5	3056.5	3667.6	1176.4955021871808	1384141.6666666667											0.464	0.2288571428571428	0.249	0.002	0.006	0.018	0.363	0.445	0.1717845411305353	0.0295099285714285																					0.025	0.0227142857142857	0.023	0.019	0.02	0.021	0.024	0.024	0.0016775832957816	2.8142857142857186e-06	3494.0	1761.2380952380952	2003.0	20.0	55.0	157.0	2834.0	3303.0	1302.4275759043917	1696317.5904761902	15262.0	4096.0	936.5	1.0	4.5	41.0	8052.5	13444.5	5223.000655096383	27279735.84313724	11413	4096.0	2372.5	7	97.0	366.5	8191.25	10452.0	4038.311676926385	16307961.199999992	23052023_s_Lm_st_L628_p_C04_pos004_tm_24_ch_Syto9_z_21.tif	23052023_s_Lm_st_L628_p_C04_pos004_tm_24_ch_Syto9_z_21.tif	4095	2057.999509202454	2058.0	20	428.4	1039.5	3076.5	3687.6	1176.4963521687705	1384143.6666664237																																									272.1	271.07942857142854	271.188	269.139	270.464	270.832	271.533	271.643	0.6303245649210019	0.3973090571428502																					slice_0021	slice_0001	182190	32242.961963190184	12902.0	12	1086.0	2818.0	46095.0	96445.2	41828.58645561775	1749630644.8750885	9050.543	1602.2006905521473	641.31	0.597	53.995	140.075	2291.4615	4792.965	2077.8007931354105	4317256.135954141	80899.102	483.65969595092025	46.667	0.0	0.0	6.667	296.0	1325.6001999999996	1672.0009167593678	2795587.0656441664	42732	5402.641717791411	2152.0	2	181.0	470.0	7699.5	16133.0	7040.620472196119	49570336.633507095	84.531	41.68938095238095	45.279	0.399	1.094	3.317	66.034	80.953	31.27916908179658	978.3864184476192	255.0	127.5	127.5	0.0	25.5	63.75	191.25	229.5	74.04503134354572	5482.666666666667	255	127.5	127.5	0	25.5	63.75	191.25	229.5	74.04503134354572	5482.666666666667	4074	2037.0	2037.0	0	407.4	1018.5	3055.5	3666.6	1176.4955021871808	1384141.6666666667	20	10.0	10.0	0	2.0	5.0	15.0	18.0	6.2048368229954285	38.5	255.0	127.5	127.5	0.0	25.5	63.75	191.25	229.5	74.04503134354572	5482.666666666667	255	127.5	127.5	0	25.5	63.75	191.25	229.5	74.04503134354572	5482.666666666667																					L628
23052023--s--Lm--st--L628--p--C04--pos005--tm--24--ch--Syto9--z--21	256.0	128.5	128.5	1.0	26.5	64.75	192.25	230.5	74.04503134354572	5482.666666666667	256	128.5	128.5	1	26.5	64.75	192.25	230.5	74.04503134354572	5482.666666666667	3585	1793.0	1793.0	1	359.40000000000003	897.0	2689.0	3226.6	1035.044685025724	1071317.5											0.591	0.2828095238095238	0.235	0.041	0.045	0.167	0.391	0.537	0.1793448128738657	0.0321645619047619																					0.025	0.0237142857142857	0.024	0.021	0.022	0.023	0.024	0.025	0.0011892374507581	1.4142857142857174e-06	4336.0	2125.285714285714	1796.0	358.0	397.0	1260.0	2914.0	4023.0	1305.9607246336752	1705533.4142857145	11413.0	4096.0	2372.5	7.0	97.0	366.5	8191.25	10452.0	4038.311676926385	16307961.199999992	25856	4096.0	63.5	0	0.0	2.0	3805.25	18108.5	7399.341589681091	54750255.9607843	23052023_s_Lm_st_L628_p_C04_pos005_tm_24_ch_Syto9_z_21.tif	23052023_s_Lm_st_L628_p_C04_pos005_tm_24_ch_Syto9_z_21.tif	4095	1824.52580195258	1802.0	10	368.4	906.0	2698.0	3286.6	1073.0500231034898	1151436.3520824																																									272.151	271.1357142857143	271.212	268.956	270.625	271.059	271.357	271.733	0.6454851774329997	0.4166511142857111																					slice_0021	slice_0001	522104	36521.689260808926	1080.0	6	12.0	42.0	24262.0	112030.4	86901.58962478906	7551886279.315247	25932.692	1814.6760343096232	53.696	0.298	0.597	2.088	1205.857	5568.1266	4316.999540758856	18636485.034912173	31547.176	1061.7160571827058	6.667	0.0	0.0	0.0	180.0	1748.7998	3930.7564081129194	15450845.939920772	88565	6142.284239888424	180.0	1	2.0	7.0	4050.0	18756.2	14675.004478519835	215355756.44457728	107.561	51.50904761904762	42.865	7.486	8.25	30.394	71.192	97.783	32.64303627494873	1065.567817247619	255.0	127.5	127.5	0.0	25.5	63.75	191.25	229.5	74.04503134354572	5482.666666666667	255	127.5	127.5	0	25.5	63.75	191.25	229.5	74.04503134354572	5482.666666666667	3584	1792.0	1792.0	0	358.40000000000003	896.0	2688.0	3225.6	1035.044685025724	1071317.5	20	10.0	10.0	0	2.0	5.0	15.0	18.0	6.2048368229954285	38.5	255.0	127.5	127.5	0.0	25.5	63.75	191.25	229.5	74.04503134354572	5482.666666666667	255	127.5	127.5	0	25.5	63.75	191.25	229.5	74.04503134354572	5482.666666666667																					L628
23052023--s--Lm--st--L628--p--C05--pos001--tm--24--ch--Syto9--z--21	256.0	128.5	128.5	1.0	26.5	64.75	192.25	230.5	74.04503134354572	5482.666666666667	256	128.5	128.5	1	26.5	64.75	192.25	230.5	74.04503134354572	5482.666666666667	4062	2031.5	2031.5	1	407.1	1016.25	3046.75	3655.9	1172.7427254091156	1375325.5											0.626	0.2894285714285714	0.222	0.02	0.046	0.158	0.44	0.566	0.1909069331974539	0.0364454571428571																					0.024	0.0235238095238095	0.024	0.02	0.022	0.024	0.024	0.024	0.0011233453440081	1.261904761904762e-06	4751.0	2199.190476190476	1710.0	181.0	382.0	1227.0	3299.0	4289.0	1434.2354276424642	2057031.2619047624	25856.0	4096.0	63.5	0.0	0.0	2.0	3805.25	18108.5	7399.341589681091	54750255.9607843	17936	4096.0	254.0	0	1.0	7.0	7592.75	15583.5	6057.776848407178	36696660.345098	23052023_s_Lm_st_L628_p_C05_pos001_tm_24_ch_Syto9_z_21.tif	23052023_s_Lm_st_L628_p_C05_pos001_tm_24_ch_Syto9_z_21.tif	4095	2041.841211225997	2040.5	10	416.1	1025.25	3055.75	3667.9	1174.8806798203511	1380344.6118151306																																									272.854	272.2899523809524	272.242	271.382	272.023	272.184	272.593	272.677	0.3346534739383987	0.1119929476190385																					Ch1	Ch1	496924	32279.35745937961	2091.0	6	24.0	138.0	27355.5	89887.8	75370.49012570786	5680710781.789426	24681.388	1603.8548197932053	103.962	0.298	1.193	6.861	1359.71825	4466.8999	3743.907984045824	14016846.993002066	26769.527	791.4225384047267	6.667	0.0	0.0	0.0	175.33325	1171.5997000000016	3090.17138418796	9549159.18365413	84146	5420.990645002462	349.0	1	4.0	23.0	4567.0	15036.0	12711.792587510869	161589670.78789628	114.091	52.71395238095238	40.468	3.647	8.371	28.796	80.171	103.028	34.79223718658544	1210.4997684476189	255.0	127.5	127.5	0.0	25.5	63.75	191.25	229.5	74.04503134354572	5482.666666666667	255	127.5	127.5	0	25.5	63.75	191.25	229.5	74.04503134354572	5482.666666666667	4061	2030.5	2030.5	0	406.1	1015.25	3045.75	3654.9	1172.7427254091156	1375325.5	20	10.0	10.0	0	2.0	5.0	15.0	18.0	6.2048368229954285	38.5	255.0	127.5	127.5	0.0	25.5	63.75	191.25	229.5	74.04503134354572	5482.666666666667	255	127.5	127.5	0	25.5	63.75	191.25	229.5	74.04503134354572	5482.666666666667																					L628
23052023--s--Lm--st--L628--p--C05--pos002--tm--24--ch--Syto9--z--21	256.0	128.5	128.5	1.0	26.5	64.75	192.25	230.5	74.04503134354572	5482.666666666667	256	128.5	128.5	1	26.5	64.75	192.25	230.5	74.04503134354572	5482.666666666667	3906	1953.5	1953.5	1	391.5	977.25	2929.75	3515.5	1127.7094040576233	1271728.5											0.585	0.2338571428571428	0.159	0.019	0.033	0.101	0.358	0.498	0.1833489257438629	0.0336168285714285																					0.025	0.0236666666666666	0.024	0.021	0.021	0.024	0.024	0.025	0.0011972189997378	1.4333333333333284e-06	4397.0	1764.857142857143	1183.0	161.0	278.0	749.0	2647.0	3734.0	1376.0040074692474	1893387.0285714287	17936.0	4096.0	254.0	0.0	1.0	7.0	7592.75	15583.5	6057.776848407178	36696660.345098	18783	4096.0	198.0	0	0.0	6.0	6700.0	16180.5	6245.838652301884	39010500.470588215	23052023_s_Lm_st_L628_p_C05_pos002_tm_24_ch_Syto9_z_21.tif	23052023_s_Lm_st_L628_p_C05_pos002_tm_24_ch_Syto9_z_21.tif	4095	1968.604710701485	1962.5	10	400.5	986.25	2938.75	3531.5	1137.8496012888595	1294701.7151532169																																									273.63	272.4590476190476	272.499	270.011	271.913	272.311	272.748	273.344	0.7513527451330614	0.564530947618987																					slice_0021	slice_0001	713836	33512.7808499744	1830.0	6	18.0	96.0	25218.5	81051.0	90499.28814637657	8190121155.000894	35462.011	1665.1018958013312	90.985	0.298	0.895	4.773	1253.8415	4028.2045	4495.330436377747	20207995.732224148	47165.729	994.1142903225808	6.667	0.0	0.0	0.0	166.667	1031.333	4663.872115380111	21751703.108620144	121310	5637.504352278545	305.0	1	3.0	16.0	4212.75	13560.0	15314.543402874342	234535239.6385221	106.623	42.58423809523809	28.953	3.422	5.94	18.306	65.165	90.644	33.4062680479349	1115.9787448904765	255.0	127.5	127.5	0.0	25.5	63.75	191.25	229.5	74.04503134354572	5482.666666666667	255	127.5	127.5	0	25.5	63.75	191.25	229.5	74.04503134354572	5482.666666666667	3905	1952.5	1952.5	0	390.5	976.25	2928.75	3514.5	1127.7094040576233	1271728.5	20	10.0	10.0	0	2.0	5.0	15.0	18.0	6.2048368229954285	38.5	255.0	127.5	127.5	0.0	25.5	63.75	191.25	229.5	74.04503134354572	5482.666666666667	255	127.5	127.5	0	25.5	63.75	191.25	229.5	74.04503134354572	5482.666666666667																					L628
23052023--s--Lm--st--L628--p--C05--pos003--tm--24--ch--Syto9--z--21	256.0	128.5	128.5	1.0	26.5	64.75	192.25	230.5	74.04503134354572	5482.666666666667	256	128.5	128.5	1	26.5	64.75	192.25	230.5	74.04503134354572	5482.666666666667	4084	2042.5	2042.5	1	409.3	1021.75	3063.25	3675.7	1179.0935784180435	1390261.6666666667											0.905	0.417047619047619	0.39	0.009	0.021	0.29	0.617	0.86	0.2905111832942884	0.0843967476190476																					0.025	0.0234285714285714	0.024	0.02	0.021	0.023	0.024	0.025	0.0014687215042828	2.157142857142857e-06	6674.0	3141.619047619048	3037.0	81.0	186.0	2228.0	4666.0	6279.0	2124.785835706518	4514714.847619046	18783.0	4096.0	198.0	0.0	0.0	6.0	6700.0	16180.5	6245.838652301884	39010500.470588215	14729	4096.0	843.0	2	9.0	47.5	8328.25	13235.5	5195.626758319413	26994537.411764693	23052023_s_Lm_st_L628_p_C05_pos003_tm_24_ch_Syto9_z_21.tif	23052023_s_Lm_st_L628_p_C05_pos003_tm_24_ch_Syto9_z_21.tif	4095	2053.5	2053.5	12	420.3	1032.75	3074.25	3686.7	1179.0935784180435	1390261.6666666667																																									275.858	272.49438095238094	272.3	271.61	271.752	271.91	272.742	273.039	0.9244260639007628	0.8545635476190572																					slice_0021	slice_0001	296996	32155.91625857003	4900.0	12	162.0	600.0	30678.0	104377.60000000003	60726.7445474537	3687737503.331698	14750.689	1597.8997037218412	243.5415	0.597	8.054	29.831	1524.80875	5186.7494000000015	3017.115871831736	9102988.184058975	11703.588	624.0824813907933	20.0	0.0	0.0	0.0	189.99975	1484.5332000000008	1827.3355303843732	3339155.140605139	50094	5391.733839373163	817.5	2	27.0	100.0	5122.0	17521.70000000002	10208.306601861608	104209523.67761128	164.858	75.94590476190476	71.036	1.719	3.838	52.747	112.285	156.608	52.89542518205593	2797.9260051904766	255.0	127.5	127.5	0.0	25.5	63.75	191.25	229.5	74.04503134354572	5482.666666666667	255	127.5	127.5	0	25.5	63.75	191.25	229.5	74.04503134354572	5482.666666666667	4083	2041.5	2041.5	0	408.3	1020.75	3062.25	3674.7	1179.0935784180435	1390261.6666666667	20	10.0	10.0	0	2.0	5.0	15.0	18.0	6.2048368229954285	38.5	255.0	127.5	127.5	0.0	25.5	63.75	191.25	229.5	74.04503134354572	5482.666666666667	255	127.5	127.5	0	25.5	63.75	191.25	229.5	74.04503134354572	5482.666666666667																					L628
23052023--s--Lm--st--L628--p--C05--pos004--tm--24--ch--Syto9--z--21	256.0	128.5	128.5	1.0	26.5	64.75	192.25	230.5	74.04503134354572	5482.666666666667	256	128.5	128.5	1	26.5	64.75	192.25	230.5	74.04503134354572	5482.666666666667	4082	2041.5	2041.5	1	409.1	1021.25	3061.75	3673.9	1178.5162281445257	1388900.5											0.813	0.3921428571428571	0.406	0.008	0.02	0.212	0.631	0.761	0.2749060358948646	0.0755733285714285																					0.025	0.0234285714285714	0.024	0.02	0.021	0.023	0.024	0.025	0.0013989792196965	1.957142857142856e-06	6016.0	2966.0	3065.0	67.0	161.0	1622.0	4684.0	5582.0	2043.199353954479	4174663.6	14729.0	4096.0	843.0	2.0	9.0	47.5	8328.25	13235.5	5195.626758319413	26994537.411764693	13676	4096.0	1335.5	5	17.5	86.0	8363.0	12310.5	4842.308376764771	23447950.415686272	23052023_s_Lm_st_L628_p_C05_pos004_tm_24_ch_Syto9_z_21.tif	23052023_s_Lm_st_L628_p_C05_pos004_tm_24_ch_Syto9_z_21.tif	4095	2054.5	2054.5	14	422.1	1034.25	3074.75	3686.9	1178.5162281445257	1388900.5																																									274.413	272.3599523809524	272.334	270.9	271.548	272.099	272.562	272.909	0.6852386063401927	0.4695519476190496																					slice_0021	slice_0001	273872	32180.83586477217	6179.0	18	276.0	924.0	32515.5	106016.40000000004	57469.05892312333	3302692733.5094204	13604.927	1599.1702824595786	307.262	0.895	13.722	45.94	1616.534	5268.968600000002	2855.3333590307047	8152928.591193567	14265.021	589.3837236648701	20.0	0.0	0.0	0.0	206.667	1490.2670000000005	1676.6885859070492	2811284.61411098	46163	5394.331210191082	1031.0	3	46.0	154.0	5449.75	17744.000000000007	9657.365761310604	93264713.44773434	148.098	71.40204761904762	73.901	1.407	3.613	38.54	114.855	138.546	50.08548522623715	2508.55583034762	255.0	127.5	127.5	0.0	25.5	63.75	191.25	229.5	74.04503134354572	5482.666666666667	255	127.5	127.5	0	25.5	63.75	191.25	229.5	74.04503134354572	5482.666666666667	4081	2040.5	2040.5	0	408.1	1020.25	3060.75	3672.9	1178.5162281445257	1388900.5	20	10.0	10.0	0	2.0	5.0	15.0	18.0	6.2048368229954285	38.5	255.0	127.5	127.5	0.0	25.5	63.75	191.25	229.5	74.04503134354572	5482.666666666667	255	127.5	127.5	0	25.5	63.75	191.25	229.5	74.04503134354572	5482.666666666667																					L628
23052023--s--Lm--st--L628--p--C05--pos005--tm--24--ch--Syto9--z--21	256.0	128.5	128.5	1.0	26.5	64.75	192.25	230.5	74.04503134354572	5482.666666666667	256	128.5	128.5	1	26.5	64.75	192.25	230.5	74.04503134354572	5482.666666666667	4085	2043.0	2043.0	1	409.4	1022.0	3064.0	3676.6	1179.3822535548006	1390942.5											0.816	0.4021904761904761	0.423	0.008	0.021	0.237	0.586	0.773	0.2720234583721814	0.0739967619047619																					0.025	0.0234285714285714	0.024	0.021	0.021	0.023	0.024	0.024	0.0012478553029669	1.5571428571428591e-06	6088.0	3037.4761904761904	3215.0	73.0	178.0	1816.0	4335.0	5733.0	2026.448830319868	4106494.8619047618	13676.0	4096.0	1335.5	5.0	17.5	86.0	8363.0	12310.5	4842.308376764771	23447950.415686272	15083	4096.0	830.0	3	12.0	57.75	8089.75	13444.5	5249.728043002816	27559644.52549018	23052023_s_Lm_st_L628_p_C05_pos005_tm_24_ch_Syto9_z_21.tif	23052023_s_Lm_st_L628_p_C05_pos005_tm_24_ch_Syto9_z_21.tif	4095	2053.0	2053.0	11	419.4	1032.0	3074.0	3686.6	1179.3822535548006	1390942.5																																									274.071	272.20476190476194	272.165	270.867	271.651	271.856	272.489	272.877	0.6998874841545424	0.4898424904761748																					slice_0021	slice_0001	339330	32134.683965728276	4966.0	6	192.0	642.0	29650.0	96286.39999999998	63986.76606045096	4094306230.874879	16860.789	1596.8872966952265	246.774	0.298	9.546	31.919	1473.839	4781.9768	3179.0940046352084	10106638.690307526	14394.667	662.5383214198287	20.0	0.0	0.0	0.0	185.333	1314.1334	2106.586055854156	4437704.810719166	57215	5390.361566707466	828.0	1	32.0	107.0	4955.0	16119.399999999994	10765.696410519313	115900219.2034684	148.602	73.26538095238095	76.993	1.528	3.821	43.09	106.658	140.856	49.54059177732558	2454.2702336476186	255.0	127.5	127.5	0.0	25.5	63.75	191.25	229.5	74.04503134354572	5482.666666666667	255	127.5	127.5	0	25.5	63.75	191.25	229.5	74.04503134354572	5482.666666666667	4084	2042.0	2042.0	0	408.4	1021.0	3063.0	3675.6	1179.3822535548006	1390942.5	20	10.0	10.0	0	2.0	5.0	15.0	18.0	6.2048368229954285	38.5	255.0	127.5	127.5	0.0	25.5	63.75	191.25	229.5	74.04503134354572	5482.666666666667	255	127.5	127.5	0	25.5	63.75	191.25	229.5	74.04503134354572	5482.666666666667																					L628
23052023--s--Lm--st--L628--p--C06--pos001--tm--24--ch--Syto9--z--21	256.0	128.5	128.5	1.0	26.5	64.75	192.25	230.5	74.04503134354572	5482.666666666667	256	128.5	128.5	1	26.5	64.75	192.25	230.5	74.04503134354572	5482.666666666667	4083	2042.0	2042.0	1	409.2000000000001	1021.5	3062.5	3674.8	1178.804903281285	1389581.0											0.681	0.2902380952380952	0.237	0.025	0.077	0.128	0.44	0.596	0.2033285284365932	0.0413424904761904																					0.025	0.0236666666666666	0.024	0.021	0.022	0.024	0.024	0.024	0.0010645812948447	1.1333333333333362e-06	5089.0	2198.809523809524	1797.0	216.0	627.0	963.0	3288.0	4504.0	1518.2231923879845	2305001.661904763	15083.0	4096.0	830.0	3.0	12.0	57.75	8089.75	13444.5	5249.728043002816	27559644.52549018	16444	4096.0	443.5	1	7.0	27.25	7647.0	14827.0	5739.62576903995	32943303.96862743	23052023_s_Lm_st_L628_p_C06_pos001_tm_24_ch_Syto9_z_21.tif	23052023_s_Lm_st_L628_p_C06_pos001_tm_24_ch_Syto9_z_21.tif	4095	2051.16850355131	2051.0	10	418.2000000000001	1030.5	3071.5	3683.8	1179.0771233593616	1390222.8628293872																																									272.793	272.13038095238096	272.105	271.655	271.743	271.877	272.37	272.606	0.33748932963732	0.1138990476190476																					slice_0021	slice_0001	562974	32091.689933872152	2296.0	6	36.0	156.0	22430.0	81472.0000000001	81802.60233659808	6691665749.039602	27966.802	1594.4645635562088	114.122	0.298	1.79	7.756	1114.6425	4049.531000000005	4063.304691894092	16510445.019168545	31486.764	854.447216997306	6.667	0.0	0.0	0.0	140.0	1022.933400000001	3569.3236259684254	12740071.146896388	95398	5393.1060494734265	383.0	1	6.0	26.0	3746.0	13631.200000000015	13809.007499448117	190688688.1198143	124.113	52.85871428571428	43.073	4.637	13.964	23.291	80.154	108.533	37.052742472242	1372.905724714286	255.0	127.5	127.5	0.0	25.5	63.75	191.25	229.5	74.04503134354572	5482.666666666667	255	127.5	127.5	0	25.5	63.75	191.25	229.5	74.04503134354572	5482.666666666667	4082	2041.0	2041.0	0	408.2000000000001	1020.5	3061.5	3673.8	1178.804903281285	1389581.0	20	10.0	10.0	0	2.0	5.0	15.0	18.0	6.2048368229954285	38.5	255.0	127.5	127.5	0.0	25.5	63.75	191.25	229.5	74.04503134354572	5482.666666666667	255	127.5	127.5	0	25.5	63.75	191.25	229.5	74.04503134354572	5482.666666666667																					L628
23052023--s--Lm--st--L628--p--C06--pos002--tm--24--ch--Syto9--z--21	256.0	128.5	128.5	1.0	26.5	64.75	192.25	230.5	74.04503134354572	5482.666666666667	256	128.5	128.5	1	26.5	64.75	192.25	230.5	74.04503134354572	5482.666666666667	3977	1989.0	1989.0	1	398.6	995.0	2983.0	3579.4	1148.2053387787396	1318375.5											0.592	0.2417619047619047	0.188	0.031	0.036	0.115	0.364	0.564	0.1837778291203552	0.0337742904761904																					0.025	0.0234761904761904	0.024	0.021	0.021	0.023	0.024	0.025	0.0013273676061682	1.7619047619047585e-06	4414.0	1822.6666666666667	1409.0	273.0	307.0	828.0	2772.0	4237.0	1369.0476738716347	1874291.5333333337	16444.0	4096.0	443.5	1.0	7.0	27.25	7647.0	14827.0	5739.62576903995	32943303.96862743	21440	4096.0	119.0	0	0.0	3.0	5648.5	17018.0	6724.430925991538	45217971.27843141	23052023_s_Lm_st_L628_p_C06_pos002_tm_24_ch_Syto9_z_21.tif	23052023_s_Lm_st_L628_p_C06_pos002_tm_24_ch_Syto9_z_21.tif	4095	2003.9155142066884	1998.0	10	407.6	1004.0	2992.0	3602.4	1157.7520914838394	1340389.9053352044																																									273.382	272.261	272.375	269.783	271.979	272.057	272.521	272.853	0.7196212892904248	0.5178548000000133																					slice_0021	slice_0001	554596	32946.71058586874	1222.0	6	18.0	60.0	25354.0	93050.0	80575.67971356376	6492440161.30281	27550.517	1637.082832788534	60.724	0.298	0.895	2.983	1260.538	4624.8714	4002.466923960111	16019741.47739471	32572.291	878.5807578576816	6.667	0.0	0.0	0.0	186.667	1237.8670000000006	3609.642956951697	13029522.276670992	94043	5536.85692733216	204.0	1	3.0	10.0	4232.0	15573.800000000005	13604.890731749165	185093051.82283425	107.839	44.020809523809525	34.25	5.61	6.478	20.859	66.277	102.75	33.48670448942244	1121.3593775619047	255.0	127.5	127.5	0.0	25.5	63.75	191.25	229.5	74.04503134354572	5482.666666666667	255	127.5	127.5	0	25.5	63.75	191.25	229.5	74.04503134354572	5482.666666666667	3976	1988.0	1988.0	0	397.6	994.0	2982.0	3578.4	1148.2053387787396	1318375.5	20	10.0	10.0	0	2.0	5.0	15.0	18.0	6.2048368229954285	38.5	255.0	127.5	127.5	0.0	25.5	63.75	191.25	229.5	74.04503134354572	5482.666666666667	255	127.5	127.5	0	25.5	63.75	191.25	229.5	74.04503134354572	5482.666666666667																					L628
23052023--s--Lm--st--L628--p--C06--pos003--tm--24--ch--Syto9--z--21	256.0	128.5	128.5	1.0	26.5	64.75	192.25	230.5	74.04503134354572	5482.666666666667	256	128.5	128.5	1	26.5	64.75	192.25	230.5	74.04503134354572	5482.666666666667	4083	2042.0	2042.0	1	409.2000000000001	1021.5	3062.5	3674.8	1178.804903281285	1389581.0											1.037	0.4721428571428571	0.45	0.014	0.028	0.202	0.697	0.921	0.3418244119009474	0.1168439285714285																					0.025	0.0235714285714285	0.024	0.021	0.022	0.023	0.024	0.025	0.0012071217242444	1.4571428571428592e-06	7500.0	3552.7619047619046	3466.0	126.0	225.0	1596.0	5278.0	6871.0	2508.547047690394	6292808.29047619	21440.0	4096.0	119.0	0.0	0.0	3.0	5648.5	17018.0	6724.430925991538	45217971.27843141	15410	4096.0	703.0	2	12.0	45.25	8049.0	13793.5	5392.082273765751	29074551.24705883	23052023_s_Lm_st_L628_p_C06_pos003_tm_24_ch_Syto9_z_21.tif	23052023_s_Lm_st_L628_p_C06_pos003_tm_24_ch_Syto9_z_21.tif	4095	2054.0	2054.0	13	421.2000000000001	1033.5	3074.5	3686.8	1178.804903281285	1389581.0																																									273.363	272.24161904761905	272.176	270.796	271.874	271.939	272.51	272.912	0.5350010725401002	0.2862261476190576																					slice_0021	slice_0001	289640	32161.881949546903	4324.0	42	156.0	518.0	29997.0	105542.00000000004	61966.49704370499	3839846755.8674994	14388.548	1598.243747244673	214.952	2.088	7.756	25.7865	1491.366	5245.220600000002	3078.822594132855	9479148.566142963	10998.667	627.2241111927505	13.333	0.0	0.0	0.0	189.333	1484.266600000003	1819.767320704492	3311553.101504005	48775	5393.006367866765	721.0	7	26.0	86.5	5020.0	17672.600000000002	10414.741624651058	108466843.10823938	188.774	85.99966666666667	81.926	2.64	5.176	36.716	126.996	167.811	62.239983206403046	3873.8155095333336	255.0	127.5	127.5	0.0	25.5	63.75	191.25	229.5	74.04503134354572	5482.666666666667	255	127.5	127.5	0	25.5	63.75	191.25	229.5	74.04503134354572	5482.666666666667	4082	2041.0	2041.0	0	408.2000000000001	1020.5	3061.5	3673.8	1178.804903281285	1389581.0	20	10.0	10.0	0	2.0	5.0	15.0	18.0	6.2048368229954285	38.5	255.0	127.5	127.5	0.0	25.5	63.75	191.25	229.5	74.04503134354572	5482.666666666667	255	127.5	127.5	0	25.5	63.75	191.25	229.5	74.04503134354572	5482.666666666667																					L628
23052023--s--Lm--st--L628--p--C06--pos004--tm--24--ch--Syto9--z--21	256.0	128.5	128.5	1.0	26.5	64.75	192.25	230.5	74.04503134354572	5482.666666666667	256	128.5	128.5	1	26.5	64.75	192.25	230.5	74.04503134354572	5482.666666666667	4076	2038.5	2038.5	1	408.5	1019.75	3057.25	3668.5	1176.7841773239477	1384821.0											0.991	0.4929047619047618	0.51	0.008	0.016	0.125	0.795	0.92	0.3422534009709626	0.1171373904761904																					0.025	0.0234761904761904	0.024	0.02	0.022	0.023	0.024	0.025	0.0013645163106041	1.8619047619047664e-06	7220.0	3686.5238095238096	3934.0	70.0	134.0	980.0	5962.0	6739.0	2505.257524069085	6276315.261904762	15410.0	4096.0	703.0	2.0	12.0	45.25	8049.0	13793.5	5392.082273765751	29074551.24705883	15099	4096.0	793.0	2	10.0	52.0	8204.25	13517.5	5284.8700386566015	27929851.32549023	23052023_s_Lm_st_L628_p_C06_pos004_tm_24_ch_Syto9_z_21.tif	23052023_s_Lm_st_L628_p_C06_pos004_tm_24_ch_Syto9_z_21.tif	4095	2057.498773307164	2057.5	17	427.5	1038.75	3076.25	3687.5	1176.786302276462	1384826.0012255087																																									274.535	272.4757619047619	272.229	271.43	271.771	271.925	272.979	273.315	0.730250635382274	0.5332659904762149																					slice_0021	slice_0001	253666	32239.623159960745	5567.0	6	270.0	828.0	33595.5	108502.0	57011.61219648999	3250323925.242966	12603.199	1602.1979045632972	276.67150000000004	0.298	13.424	41.167	1670.20625	5391.4015	2832.938314786993	8025539.495388169	17643.577	550.8001229146222	20.0	0.0	0.0	0.0	206.667	1521.3335	1461.934855102857	2137253.5205646115	42650	5402.222276741903	929.5	1	45.0	138.0	5613.5	18153.0	9571.14118988512	91606743.67671555	180.524	89.79076190476191	92.85	1.546	2.831	22.77	144.868	167.516	62.32967690105955	3884.988622590477	255.0	127.5	127.5	0.0	25.5	63.75	191.25	229.5	74.04503134354572	5482.666666666667	255	127.5	127.5	0	25.5	63.75	191.25	229.5	74.04503134354572	5482.666666666667	4075	2037.5	2037.5	0	407.5	1018.75	3056.25	3667.5	1176.7841773239477	1384821.0	20	10.0	10.0	0	2.0	5.0	15.0	18.0	6.2048368229954285	38.5	255.0	127.5	127.5	0.0	25.5	63.75	191.25	229.5	74.04503134354572	5482.666666666667	255	127.5	127.5	0	25.5	63.75	191.25	229.5	74.04503134354572	5482.666666666667																					L628
23052023--s--Lm--st--L628--p--C06--pos005--tm--24--ch--Syto9--z--21	256.0	128.5	128.5	1.0	26.5	64.75	192.25	230.5	74.04503134354572	5482.666666666667	256	128.5	128.5	1	26.5	64.75	192.25	230.5	74.04503134354572	5482.666666666667	4079	2040.0	2040.0	1	408.8	1020.5	3059.5	3671.2	1177.6502027342417	1386860.0											0.723	0.2754285714285714	0.199	0.027	0.04	0.129	0.412	0.593	0.2170213287740565	0.0470982571428571																					0.025	0.0236666666666666	0.024	0.021	0.022	0.024	0.024	0.025	0.0011105554165971	1.2333333333333356e-06	5327.0	2091.190476190476	1504.0	231.0	337.0	948.0	3146.0	4486.0	1620.5254894338325	2626102.861904762	15099.0	4096.0	793.0	2.0	10.0	52.0	8204.25	13517.5	5284.8700386566015	27929851.32549023	18290	4096.0	299.5	0	4.5	21.0	6718.0	16003.0	6143.718952288259	37745282.564705946	23052023_s_Lm_st_L628_p_C06_pos005_tm_24_ch_Syto9_z_21.tif	23052023_s_Lm_st_L628_p_C06_pos005_tm_24_ch_Syto9_z_21.tif	4095	2049.27139004658	2049.0	10	417.8	1029.5	3068.5	3680.2	1178.093444071813	1387904.1629649869																																									273.148	272.19766666666663	272.163	270.985	271.588	271.881	272.654	272.873	0.5663262605012539	0.3207254333333341																					slice_0021	slice_0001	512406	32130.01618043638	1702.0	6	36.0	126.0	22562.0	92230.40000000004	77895.15842686857	6067655706.346953	25448.352	1596.4220607992156	84.589	0.298	1.79	6.265	1121.545	4584.102400000002	3869.246859139149	14971071.25695817	29142.352	832.9913353763178	6.667	0.0	0.0	0.0	140.0	1166.4000000000033	3333.1099099430007	11109621.67176024	86820	5398.383182152488	284.0	1	6.0	21.0	3767.5	15432.600000000006	13143.955252893447	172763559.69006526	131.581	50.15019047619048	36.178	4.95	7.347	23.464	75.048	108.03	39.52616157764253	1562.3174490619049	255.0	127.5	127.5	0.0	25.5	63.75	191.25	229.5	74.04503134354572	5482.666666666667	255	127.5	127.5	0	25.5	63.75	191.25	229.5	74.04503134354572	5482.666666666667	4078	2039.0	2039.0	0	407.8	1019.5	3058.5	3670.2	1177.6502027342417	1386860.0	20	10.0	10.0	0	2.0	5.0	15.0	18.0	6.2048368229954285	38.5	255.0	127.5	127.5	0.0	25.5	63.75	191.25	229.5	74.04503134354572	5482.666666666667	255	127.5	127.5	0	25.5	63.75	191.25	229.5	74.04503134354572	5482.666666666667																					L628
23052023--s--Lm--st--L628--p--C08--pos001--tm--24--ch--Syto9--z--21	256.0	128.5	128.5	1.0	26.5	64.75	192.25	230.5	74.04503134354572	5482.666666666667	256	128.5	128.5	1	26.5	64.75	192.25	230.5	74.04503134354572	5482.666666666667	4084	2042.5	2042.5	1	409.3	1021.75	3063.25	3675.7	1179.0935784180435	1390261.6666666667											0.692	0.3532380952380952	0.329	0.01	0.03	0.196	0.55	0.633	0.2252394070232615	0.0507327904761904																					0.025	0.0234285714285714	0.024	0.02	0.022	0.023	0.024	0.024	0.0012873006086935	1.6571428571428618e-06	5206.0	2691.1428571428573	2544.0	94.0	276.0	1535.0	4197.0	4814.0	1681.4838472526071	2827387.9285714286	18290.0	4096.0	299.5	0.0	4.5	21.0	6718.0	16003.0	6143.718952288259	37745282.564705946	11374	4096.0	2098.5	5	46.0	214.5	8510.0	10667.5	4216.0419045802255	17775009.341176454	23052023_s_Lm_st_L628_p_C08_pos001_tm_24_ch_Syto9_z_21.tif	23052023_s_Lm_st_L628_p_C08_pos001_tm_24_ch_Syto9_z_21.tif	4095	2053.5	2053.5	12	420.3	1032.75	3074.25	3686.7	1179.0935784180435	1390261.6666666667																																									272.735	272.1537619047619	272.233	270.688	271.731	272.027	272.362	272.699	0.450040765349309	0.2025366904761918																					Ch1	Ch1	334318	32142.38393731636	6210.0	6	300.0	1007.5	28539.0	97565.40000000004	62424.32485654318	3896796333.795234	16607.878	1597.1434899608228	308.8025	0.298	14.916	50.084	1417.1715	4848.562400000002	3101.1363385688355	9617046.590392124	15437.333	659.6379123408424	20.0	0.0	0.0	0.0	166.667	1333.6094000000037	2118.259521704679	4487023.401292536	56430	5391.67556317336	1036.0	1	50.0	168.0	4772.0	16331.000000000007	10505.022095727443	110355489.23172183	125.988	64.32161904761904	59.903	1.841	5.436	35.657	100.11	115.307	41.01130717921119	1681.9273165476193	255.0	127.5	127.5	0.0	25.5	63.75	191.25	229.5	74.04503134354572	5482.666666666667	255	127.5	127.5	0	25.5	63.75	191.25	229.5	74.04503134354572	5482.666666666667	4083	2041.5	2041.5	0	408.3	1020.75	3062.25	3674.7	1179.0935784180435	1390261.6666666667	20	10.0	10.0	0	2.0	5.0	15.0	18.0	6.2048368229954285	38.5	255.0	127.5	127.5	0.0	25.5	63.75	191.25	229.5	74.04503134354572	5482.666666666667	255	127.5	127.5	0	25.5	63.75	191.25	229.5	74.04503134354572	5482.666666666667																					L628
23052023--s--Lm--st--L628--p--C08--pos002--tm--24--ch--Syto9--z--21	256.0	128.5	128.5	1.0	26.5	64.75	192.25	230.5	74.04503134354572	5482.666666666667	256	128.5	128.5	1	26.5	64.75	192.25	230.5	74.04503134354572	5482.666666666667	3803	1902.0	1902.0	1	381.2000000000001	951.5	2852.5	3422.8	1097.9758649442165	1205551.0											0.579	0.2734285714285714	0.254	0.02	0.038	0.126	0.45	0.541	0.1823141715359975	0.0332384571428571																					0.025	0.0236190476190476	0.024	0.021	0.021	0.024	0.024	0.025	0.0012031704150364	1.4476190476190507e-06	4309.0	2067.7619047619046	1915.0	174.0	326.0	956.0	3375.0	4047.0	1358.41171611415	1845282.39047619	11374.0	4096.0	2098.5	5.0	46.0	214.5	8510.0	10667.5	4216.0419045802255	17775009.341176454	18107	4096.0	254.0	0	1.0	6.0	7016.0	15478.5	6070.506522135869	36851049.43529412	23052023_s_Lm_st_L628_p_C08_pos002_tm_24_ch_Syto9_z_21.tif	23052023_s_Lm_st_L628_p_C08_pos002_tm_24_ch_Syto9_z_21.tif	4095	1921.6602682093085	1911.0	10	390.2000000000001	960.5	2861.5	3444.8	1115.869857058743	1245165.5378922997																																									273.279	272.1594761904762	272.153	270.548	271.811	272.066	272.381	272.859	0.6122549811187692	0.3748561619047444																					slice_0021	slice_0001	527186	34449.835393110705	2062.0	6	12.0	90.0	27753.0	100704.80000000006	80235.81857847335	6437786582.957688	26185.46	1711.727023139627	102.488	0.298	0.597	4.475	1379.4575	5004.662400000003	3985.564801925325	15884726.790346054	32766.861	932.1197467788588	6.667	0.0	0.0	0.0	196.0	1447.7334000000003	3666.218851510999	13441160.667174626	89435	5790.189324217723	344.0	1	2.0	15.0	4637.0	16859.00000000001	13550.306297899042	183610800.7668824	105.494	49.78866666666666	46.217	3.613	6.895	23.03	81.978	98.495	33.20123311163808	1102.321880133333	255.0	127.5	127.5	0.0	25.5	63.75	191.25	229.5	74.04503134354572	5482.666666666667	255	127.5	127.5	0	25.5	63.75	191.25	229.5	74.04503134354572	5482.666666666667	3802	1901.0	1901.0	0	380.2000000000001	950.5	2851.5	3421.8	1097.9758649442165	1205551.0	20	10.0	10.0	0	2.0	5.0	15.0	18.0	6.2048368229954285	38.5	255.0	127.5	127.5	0.0	25.5	63.75	191.25	229.5	74.04503134354572	5482.666666666667	255	127.5	127.5	0	25.5	63.75	191.25	229.5	74.04503134354572	5482.666666666667																					L628
23052023--s--Lm--st--L628--p--C08--pos003--tm--24--ch--Syto9--z--21	256.0	128.5	128.5	1.0	26.5	64.75	192.25	230.5	74.04503134354572	5482.666666666667	256	128.5	128.5	1	26.5	64.75	192.25	230.5	74.04503134354572	5482.666666666667	4083	2042.0	2042.0	1	409.2000000000001	1021.5	3062.5	3674.8	1178.804903281285	1389581.0											0.796	0.3767142857142856	0.366	0.009	0.019	0.218	0.596	0.715	0.2574605101480891	0.0662859142857142																					0.025	0.0231904761904761	0.024	0.02	0.021	0.023	0.024	0.024	0.0013645163106041	1.86190476190476e-06	5847.0	2864.0	2876.0	80.0	170.0	1679.0	4491.0	5371.0	1906.3281459392028	3634086.999999999	18107.0	4096.0	254.0	0.0	1.0	6.0	7016.0	15478.5	6070.506522135869	36851049.43529412	13140	4096.0	1420.5	4	30.0	121.25	8434.25	11958.0	4708.7491465876765	22172318.52549017	23052023_s_Lm_st_L628_p_C08_pos003_tm_24_ch_Syto9_z_21.tif	23052023_s_Lm_st_L628_p_C08_pos003_tm_24_ch_Syto9_z_21.tif	4095	2053.9992652461424	2054.0	12	421.2000000000001	1033.5	3074.5	3686.8	1178.806175443853	1389583.999264564																																									273.49	272.31309523809523	272.394	271.707	271.772	271.869	272.584	272.963	0.4824896791395599	0.2327962904761954																					slice_0021	slice_0001	274110	32172.37668381092	5968.0	6	264.0	858.0	32613.0	105948.0	57608.25629170089	3318711192.970295	13617.353	1598.6901026206222	296.689	0.298	13.126	42.659	1621.285	5265.3544	2862.105302351032	8191646.76174589	15237.244	590.0911942199363	20.0	0.0	0.0	0.0	200.0	1499.7334000000003	1681.2186733744566	2826496.227702968	46178	5392.987754102376	995.0	1	44.0	143.0	5463.5	17732.0	9680.576045089922	93713552.56476884	144.902	68.60904761904762	66.746	1.702	3.456	39.651	108.586	130.139	46.8914808984278	2198.8109808476192	255.0	127.5	127.5	0.0	25.5	63.75	191.25	229.5	74.04503134354572	5482.666666666667	255	127.5	127.5	0	25.5	63.75	191.25	229.5	74.04503134354572	5482.666666666667	4082	2041.0	2041.0	0	408.2000000000001	1020.5	3061.5	3673.8	1178.804903281285	1389581.0	20	10.0	10.0	0	2.0	5.0	15.0	18.0	6.2048368229954285	38.5	255.0	127.5	127.5	0.0	25.5	63.75	191.25	229.5	74.04503134354572	5482.666666666667	255	127.5	127.5	0	25.5	63.75	191.25	229.5	74.04503134354572	5482.666666666667																					L628
23052023--s--Lm--st--L628--p--C08--pos004--tm--24--ch--Syto9--z--21	256.0	128.5	128.5	1.0	26.5	64.75	192.25	230.5	74.04503134354572	5482.666666666667	256	128.5	128.5	1	26.5	64.75	192.25	230.5	74.04503134354572	5482.666666666667	4081	2041.0	2041.0	1	409.0	1021.0	3061.0	3673.0	1178.2275530077654	1388220.1666666667											0.727	0.3920476190476191	0.482	0.003	0.009	0.082	0.64	0.701	0.2765166317223028	0.0764614476190476																					0.025	0.0234285714285714	0.024	0.019	0.02	0.023	0.025	0.025	0.0020142350550873	4.0571428571428525e-06	5276.0	2899.7619047619046	3673.0	32.0	82.0	651.0	4736.0	5080.0	2018.5495759272767	4074542.3904761914	13140.0	4096.0	1420.5	4.0	30.0	121.25	8434.25	11958.0	4708.7491465876765	22172318.52549017	8498	4096.0	3813.0	4	405.5	1064.0	7282.5	8062.0	2987.530840927037	8925340.525490208	23052023_s_Lm_st_L628_p_C08_pos004_tm_24_ch_Syto9_z_21.tif	23052023_s_Lm_st_L628_p_C08_pos004_tm_24_ch_Syto9_z_21.tif	4095	2054.99975496202	2055.0	14	423.0	1035.0	3075.0	3687.0	1178.227977477913	1388221.1669116935																																									273.992	272.60480952380954	272.537	271.569	272.183	272.314	272.753	273.113	0.4855885726669879	0.2357962619047626																					slice_0021	slice_0001	199040	32154.868414604265	10516.0	6	1450.0	3084.0	34364.0	105828.0	48501.35892570207	2352381817.63978	9887.714	1597.915127174712	522.907	0.298	72.06	153.333	1708.375	5258.728	2409.6465349337022	5806396.423317998	113275.211	534.9959328595932	33.333	0.0	0.0	6.667	220.0	1597.333	2152.8016738390143	4634555.046884062	63692	5393.141386914972	1753.0	1	242.0	514.0	5753.0	17708.0	8183.231584678848	66965279.168485485	132.415	71.38390476190476	87.848	0.608	1.598	15.006	116.627	127.586	50.355797505257286	2535.706342390476	255.0	127.5	127.5	0.0	25.5	63.75	191.25	229.5	74.04503134354572	5482.666666666667	255	127.5	127.5	0	25.5	63.75	191.25	229.5	74.04503134354572	5482.666666666667	4080	2040.0	2040.0	0	408.0	1020.0	3060.0	3672.0	1178.2275530077654	1388220.1666666667	20	10.0	10.0	0	2.0	5.0	15.0	18.0	6.2048368229954285	38.5	255.0	127.5	127.5	0.0	25.5	63.75	191.25	229.5	74.04503134354572	5482.666666666667	255	127.5	127.5	0	25.5	63.75	191.25	229.5	74.04503134354572	5482.666666666667																					L628
23052023--s--Lm--st--L628--p--C08--pos005--tm--24--ch--Syto9--z--21	256.0	128.5	128.5	1.0	26.5	64.75	192.25	230.5	74.04503134354572	5482.666666666667	256	128.5	128.5	1	26.5	64.75	192.25	230.5	74.04503134354572	5482.666666666667	4074	2037.5	2037.5	1	408.3	1019.25	3055.75	3666.7	1176.206827050413	1383462.5											0.929	0.547	0.602	0.017	0.074	0.405	0.784	0.898	0.3023425209923341	0.091411																					0.025	0.0239047619047619	0.024	0.022	0.022	0.023	0.025	0.025	0.0010442586798663	1.0904761904761928e-06	6807.0	4071.571428571429	4446.0	142.0	606.0	3147.0	5852.0	6576.0	2195.7027706734025	4821110.657142857	8498.0	4096.0	3813.0	4.0	405.5	1064.0	7282.5	8062.0	2987.530840927037	8925340.525490208	12602	4096.0	1812.5	4	47.0	183.25	8161.5	11471.5	4462.830512174102	19916856.18039216	23052023_s_Lm_st_L628_p_C08_pos005_tm_24_ch_Syto9_z_21.tif	23052023_s_Lm_st_L628_p_C08_pos005_tm_24_ch_Syto9_z_21.tif	4095	2058.4990181639664	2058.5	20	429.3	1040.25	3076.75	3687.7	1176.2085278474678	1383466.5009811074																																									273.578	272.3484761904762	272.383	271.224	271.498	272.203	272.587	272.894	0.5496993377335997	0.3021693619047581																					slice_0021	slice_0001	274472	32248.61708394698	4743.0	6	204.0	690.0	27244.5	112482.20000000011	61492.54453051917	3781333032.8378825	13638.587	1602.63782670594	235.816	0.298	10.143	34.306	1353.8355	5589.648500000006	3055.6989432557066	9337296.031814042	11726.481	579.9602393225332	13.333	0.0	0.0	0.0	164.66649999999998	1620.1330000000012	1576.8846514140705	2486565.203865275	46158	5404.946980854197	791.0	1	34.0	115.0	4557.5	18823.00000000002	10324.762532330593	106600721.3490176	169.27	99.61695238095238	109.715	3.074	13.46	73.762	142.783	163.469	55.07865028436715	3033.657717147618	255.0	127.5	127.5	0.0	25.5	63.75	191.25	229.5	74.04503134354572	5482.666666666667	255	127.5	127.5	0	25.5	63.75	191.25	229.5	74.04503134354572	5482.666666666667	4073	2036.5	2036.5	0	407.3	1018.25	3054.75	3665.7	1176.206827050413	1383462.5	20	10.0	10.0	0	2.0	5.0	15.0	18.0	6.2048368229954285	38.5	255.0	127.5	127.5	0.0	25.5	63.75	191.25	229.5	74.04503134354572	5482.666666666667	255	127.5	127.5	0	25.5	63.75	191.25	229.5	74.04503134354572	5482.666666666667																					L628
23052023--s--Lm--st--L628--p--C09--pos001--tm--24--ch--Syto9--z--21	256.0	128.5	128.5	1.0	26.5	64.75	192.25	230.5	74.04503134354572	5482.666666666667	256	128.5	128.5	1	26.5	64.75	192.25	230.5	74.04503134354572	5482.666666666667	3877	1939.0	1939.0	1	388.6	970.0	2908.0	3489.4	1119.3378250852898	1252917.1666666667											0.474	0.181	0.135	0.033	0.064	0.074	0.264	0.357	0.1344778792218259	0.0180842999999999																					0.025	0.0242380952380952	0.024	0.022	0.024	0.024	0.025	0.025	0.0008890872794479	7.904761904761926e-07	3523.0	1360.0	1020.0	280.0	472.0	541.0	2002.0	2739.0	1009.5725333030808	1019236.7000000002	12602.0	4096.0	1812.5	4.0	47.0	183.25	8161.5	11471.5	4462.830512174102	19916856.18039216	19121	4096.0	150.5	0	1.0	7.0	6306.75	16732.0	6420.383776324753	41221327.83529409	23052023_s_Lm_st_L628_p_C09_pos001_tm_24_ch_Syto9_z_21.tif	23052023_s_Lm_st_L628_p_C09_pos001_tm_24_ch_Syto9_z_21.tif	4095	1961.139025019345	1948.0	10	397.6	979.0	2917.0	3536.4	1140.471782194463	1300675.8859818145																																									273.304	272.5698571428572	272.71	271.278	271.829	272.313	273.02	273.192	0.544014640034096	0.2959519285714271																					slice_0021	slice_0001	922026	33719.69254578282	1228.0	6	12.0	48.0	19050.0	70266.0	107801.7732867946	11621222323.777464	45794.364	1675.2422878514317	60.856	0.298	0.597	2.387	947.143	3492.7056	5354.453732915422	28670174.77793189	64760.081	1135.935200928553	6.667	0.0	0.0	0.0	120.0	848.0	6009.937958652967	36119354.26685779	156975	5679.669331957699	205.0	1	2.0	8.0	3182.0	11749.8	18270.409903144377	333807878.0289161	86.389	32.96223809523809	24.559	6.027	11.637	13.408	48.04	65.061	24.510812399642653	600.7799244904761	255.0	127.5	127.5	0.0	25.5	63.75	191.25	229.5	74.04503134354572	5482.666666666667	255	127.5	127.5	0	25.5	63.75	191.25	229.5	74.04503134354572	5482.666666666667	3876	1938.0	1938.0	0	387.6	969.0	2907.0	3488.4	1119.3378250852898	1252917.1666666667	20	10.0	10.0	0	2.0	5.0	15.0	18.0	6.2048368229954285	38.5	255.0	127.5	127.5	0.0	25.5	63.75	191.25	229.5	74.04503134354572	5482.666666666667	255	127.5	127.5	0	25.5	63.75	191.25	229.5	74.04503134354572	5482.666666666667																					L628
23052023--s--Lm--st--L628--p--C09--pos002--tm--24--ch--Syto9--z--21	256.0	128.5	128.5	1.0	26.5	64.75	192.25	230.5	74.04503134354572	5482.666666666667	256	128.5	128.5	1	26.5	64.75	192.25	230.5	74.04503134354572	5482.666666666667	3354	1677.5	1677.5	1	336.3	839.25	2515.75	3018.7000000000003	968.3607282412892	937722.5											0.464	0.2005714285714285	0.165	0.038	0.06	0.081	0.273	0.443	0.1442887977039698	0.0208192571428571																					0.027	0.0244761904761904	0.025	0.021	0.023	0.024	0.025	0.025	0.001209092536535	1.4619047619047607e-06	3437.0	1484.2857142857142	1216.0	324.0	446.0	589.0	2046.0	3253.0	1062.7553877942537	1129449.0142857144	19121.0	4096.0	150.5	0.0	1.0	7.0	6306.75	16732.0	6420.383776324753	41221327.83529409	22580	4096.0	64.0	0	0.0	2.0	4658.0	18162.5	7071.291356674567	50003161.450980425	23052023_s_Lm_st_L628_p_C09_pos002_tm_24_ch_Syto9_z_21.tif	23052023_s_Lm_st_L628_p_C09_pos002_tm_24_ch_Syto9_z_21.tif	4095	1708.9311270125224	1686.5	10	345.3	848.25	2524.75	3060.7000000000003	1007.7366390275944	1015533.1336386324																																									274.698	272.6482857142857	272.607	271.766	272.275	272.379	272.711	272.912	0.5573267571951854	0.3106131142857011																					slice_0021	slice_0001	888374	38964.09063804412	1311.0	6	6.0	48.0	23973.5	89375.60000000003	113252.01146641187	12826018101.188288	44115.145	1935.8620837805604	65.1815	0.298	0.298	2.387	1191.74725	4442.019500000002	5625.27038591938	31643666.91470157	64156.485	1354.3927617769828	6.667	0.0	0.0	0.0	180.0	1278.5331000000026	6492.240887059073	42149191.73560158	151438	6565.323792486583	219.0	1	1.0	8.0	4003.25	14998.600000000011	19201.56012686999	368699911.3058035	84.583	36.50538095238095	29.995	6.843	10.925	14.728	49.656	80.588	26.2913493538772	691.235050847619	255.0	127.5	127.5	0.0	25.5	63.75	191.25	229.5	74.04503134354572	5482.666666666667	255	127.5	127.5	0	25.5	63.75	191.25	229.5	74.04503134354572	5482.666666666667	3353	1676.5	1676.5	0	335.3	838.25	2514.75	3017.7000000000003	968.3607282412892	937722.5	20	10.0	10.0	0	2.0	5.0	15.0	18.0	6.2048368229954285	38.5	255.0	127.5	127.5	0.0	25.5	63.75	191.25	229.5	74.04503134354572	5482.666666666667	255	127.5	127.5	0	25.5	63.75	191.25	229.5	74.04503134354572	5482.666666666667																					L628
23052023--s--Lm--st--L628--p--C09--pos003--tm--24--ch--Syto9--z--21	256.0	128.5	128.5	1.0	26.5	64.75	192.25	230.5	74.04503134354572	5482.666666666667	256	128.5	128.5	1	26.5	64.75	192.25	230.5	74.04503134354572	5482.666666666667	4085	2043.0	2043.0	1	409.4	1022.0	3064.0	3676.6	1179.3822535548006	1390942.5											0.89	0.3943333333333333	0.299	0.016	0.035	0.198	0.616	0.84	0.2784766297794724	0.0775492333333333																					0.025	0.0233809523809523	0.024	0.021	0.021	0.023	0.024	0.024	0.0011608699529314	1.347619047619045e-06	6633.0	2988.285714285714	2327.0	138.0	307.0	1571.0	4627.0	6215.0	2050.1367062432	4203060.514285715	22580.0	4096.0	64.0	0.0	0.0	2.0	4658.0	18162.5	7071.291356674567	50003161.450980425	17549	4096.0	428.0	0	6.0	26.0	7022.25	15423.0	5907.364556876706	34896956.00784312	23052023_s_Lm_st_L628_p_C09_pos003_tm_24_ch_Syto9_z_21.tif	23052023_s_Lm_st_L628_p_C09_pos003_tm_24_ch_Syto9_z_21.tif	4095	2053.0	2053.0	11	419.4	1032.0	3074.0	3686.6	1179.3822535548006	1390942.5																																									272.818	272.16742857142856	272.168	271.269	271.662	271.979	272.491	272.671	0.4105676036207267	0.1685657571428661																					slice_0021	slice_0001	349984	32129.23769889841	2776.0	6	72.0	294.0	25334.0	104445.19999999995	67915.97558100757	4612579739.120016	17385.123	1596.4442418604651	138.084	0.298	3.58	14.617	1259.511	5190.455999999999	3373.9864545125297	11383784.59523403	15711.273	686.760405875153	6.667	0.0	0.0	0.0	146.667	1428.7999999999993	2226.343678608896	4956606.175281791	59077	5390.448714810282	463.0	1	12.0	49.0	4228.0	17472.799999999996	11425.99017788733	130553251.54517771	162.097	71.8082380952381	54.536	2.918	6.357	36.091	112.129	152.996	50.70761598409529	2571.2623187904765	255.0	127.5	127.5	0.0	25.5	63.75	191.25	229.5	74.04503134354572	5482.666666666667	255	127.5	127.5	0	25.5	63.75	191.25	229.5	74.04503134354572	5482.666666666667	4084	2042.0	2042.0	0	408.4	1021.0	3063.0	3675.6	1179.3822535548006	1390942.5	20	10.0	10.0	0	2.0	5.0	15.0	18.0	6.2048368229954285	38.5	255.0	127.5	127.5	0.0	25.5	63.75	191.25	229.5	74.04503134354572	5482.666666666667	255	127.5	127.5	0	25.5	63.75	191.25	229.5	74.04503134354572	5482.666666666667																					L628
23052023--s--Lm--st--L628--p--C09--pos004--tm--24--ch--Syto9--z--21	256.0	128.5	128.5	1.0	26.5	64.75	192.25	230.5	74.04503134354572	5482.666666666667	256	128.5	128.5	1	26.5	64.75	192.25	230.5	74.04503134354572	5482.666666666667	4080	2040.5	2040.5	1	408.9	1020.75	3060.25	3672.1	1177.938877871004	1387540.0											0.955	0.5042857142857142	0.538	0.012	0.022	0.245	0.753	0.901	0.3290735697161264	0.1082894142857143																					0.025	0.0236666666666666	0.024	0.019	0.021	0.024	0.025	0.025	0.001622754859285	2.6333333333333324e-06	7020.0	3769.857142857143	3949.0	112.0	191.0	1841.0	5640.0	6602.0	2409.9471630248304	5807845.328571429	17549.0	4096.0	428.0	0.0	6.0	26.0	7022.25	15423.0	5907.364556876706	34896956.00784312	15305	4096.0	638.0	0	8.0	42.75	8059.0	13811.0	5420.69253516415	29383907.560784347	23052023_s_Lm_st_L628_p_C09_pos004_tm_24_ch_Syto9_z_21.tif	23052023_s_Lm_st_L628_p_C09_pos004_tm_24_ch_Syto9_z_21.tif	4095	2055.4995098039217	2055.5	15	423.9	1035.75	3075.25	3687.1	1177.939726811078	1387541.9999997574																																									273.111	272.2702857142857	272.387	271.36	271.652	272.003	272.499	272.843	0.4532432175837989	0.2054294142857148																					slice_0021	slice_0001	269336	32200.223039215685	4463.0	6	162.0	562.5	30468.0	111746.59999999996	60003.45303513388	3600414376.139518	13381.096	1600.2264291666668	221.9275	0.298	8.054	27.9665	1514.34375	5554.521099999998	2981.58992678512	8889878.491506496	9568.449	583.7672426470589	13.333	0.0	0.0	0.0	193.333	1658.532999999999	1589.0457552578148	2525066.4123028787	45304	5397.011764705882	744.5	1	27.0	93.75	5087.0	18769.3	10076.576811261422	101537400.23325142	173.959	91.87090476190475	98.026	2.102	4.047	44.636	137.191	164.164	59.939359396730914	3592.726804890475	255.0	127.5	127.5	0.0	25.5	63.75	191.25	229.5	74.04503134354572	5482.666666666667	255	127.5	127.5	0	25.5	63.75	191.25	229.5	74.04503134354572	5482.666666666667	4079	2039.5	2039.5	0	407.9	1019.75	3059.25	3671.1	1177.938877871004	1387540.0	20	10.0	10.0	0	2.0	5.0	15.0	18.0	6.2048368229954285	38.5	255.0	127.5	127.5	0.0	25.5	63.75	191.25	229.5	74.04503134354572	5482.666666666667	255	127.5	127.5	0	25.5	63.75	191.25	229.5	74.04503134354572	5482.666666666667																					L628
23052023--s--Lm--st--L628--p--C09--pos005--tm--24--ch--Syto9--z--21	256.0	128.5	128.5	1.0	26.5	64.75	192.25	230.5	74.04503134354572	5482.666666666667	256	128.5	128.5	1	26.5	64.75	192.25	230.5	74.04503134354572	5482.666666666667	4012	2006.5	2006.5	1	402.1	1003.75	3009.25	3610.9	1158.308968568692	1341679.6666666667											0.891	0.4314761904761904	0.38	0.035	0.067	0.246	0.606	0.82	0.2739318563160588	0.0750386619047618																					0.025	0.0235238095238095	0.024	0.021	0.022	0.023	0.024	0.024	0.0010304876330673	1.0619047619047635e-06	6613.0	3264.5238095238096	2879.0	306.0	579.0	1934.0	4514.0	6139.0	2017.9422593089137	4072090.961904763	15305.0	4096.0	638.0	0.0	8.0	42.75	8059.0	13811.0	5420.69253516415	29383907.560784347	18357	4096.0	203.5	0	1.5	9.75	6475.5	16750.5	6332.618605284864	40102058.40000002	23052023_s_Lm_st_L628_p_C09_pos005_tm_24_ch_Syto9_z_21.tif	23052023_s_Lm_st_L628_p_C09_pos005_tm_24_ch_Syto9_z_21.tif	4095	2020.2337986041875	2016.5	11	412.1	1013.75	3019.25	3627.9	1164.355464042639	1355723.646645949																																									272.518	272.1652380952381	272.148	271.756	271.859	271.958	272.391	272.478	0.2440282575362744	0.0595497904761903																					slice_0021	slice_0001	378810	32696.93569292124	1559.0	6	18.0	95.5	21556.5	105750.60000000002	73827.29395491797	5450469332.705869	18818.058	1624.7177462612165	77.544	0.298	0.895	4.74	1071.66625	5254.957800000001	3667.9470672992943	13453835.688509492	16831.176	756.2710216849453	6.667	0.0	0.0	0.0	129.99975	1504.0	2482.811579054658	6164353.337087884	63963	5488.554087736789	260.5	1	3.0	16.0	3599.75	17708.600000000006	12424.57615019155	154370092.51190865	162.253	78.59909523809523	69.195	6.426	12.227	44.723	110.357	149.401	49.89574095742518	2489.584965690477	255.0	127.5	127.5	0.0	25.5	63.75	191.25	229.5	74.04503134354572	5482.666666666667	255	127.5	127.5	0	25.5	63.75	191.25	229.5	74.04503134354572	5482.666666666667	4011	2005.5	2005.5	0	401.1	1002.75	3008.25	3609.9	1158.308968568692	1341679.6666666667	20	10.0	10.0	0	2.0	5.0	15.0	18.0	6.2048368229954285	38.5	255.0	127.5	127.5	0.0	25.5	63.75	191.25	229.5	74.04503134354572	5482.666666666667	255	127.5	127.5	0	25.5	63.75	191.25	229.5	74.04503134354572	5482.666666666667																					L628
23052023--s--Lm--st--L628--p--C10--pos001--tm--24--ch--Syto9--z--21	256.0	128.5	128.5	1.0	26.5	64.75	192.25	230.5	74.04503134354572	5482.666666666667	256	128.5	128.5	1	26.5	64.75	192.25	230.5	74.04503134354572	5482.666666666667	4086	2043.5	2043.5	1	409.5	1022.25	3064.75	3677.5	1179.6709286915568	1391623.5											0.54	0.2335238095238095	0.179	0.026	0.071	0.128	0.349	0.488	0.1581226166769381	0.0250027619047619																					0.024	0.0233809523809523	0.024	0.021	0.023	0.023	0.024	0.024	0.0008047478161629	6.476190476190467e-07	4078.0	1799.3809523809523	1364.0	218.0	545.0	986.0	2709.0	3763.0	1203.1123586843617	1447479.347619048	18357.0	4096.0	203.5	0.0	1.5	9.75	6475.5	16750.5	6332.618605284864	40102058.40000002	14682	4096.0	962.5	4	13.5	72.0	8185.0	13284.5	5165.496186708688	26682350.854902	23052023_s_Lm_st_L628_p_C10_pos001_tm_24_ch_Syto9_z_21.tif	23052023_s_Lm_st_L628_p_C10_pos001_tm_24_ch_Syto9_z_21.tif	4095	2052.5	2052.5	10	418.5	1031.25	3073.75	3686.5	1179.6709286915568	1391623.5																																									273.629	272.12119047619046	272.081	270.186	271.533	271.814	272.432	272.82	0.7167657650200344	0.5137531619047552																					slice_0021	slice_0001	533680	32089.797356828192	3565.0	12	96.0	372.0	26072.5	88441.0	75378.98056415719	5681990710.891587	26502.349	1594.3559559471364	177.21550000000002	0.597	4.773	18.495	1296.115	4395.3935	3744.0810945782455	14018143.242778232	29769.94	782.9252393538914	13.333	0.0	0.0	0.0	153.333	1091.3335	3237.742864672469	10482978.857737483	90458	5389.132892804699	594.5	2	16.0	62.0	4353.75	14793.5	12720.801457346137	161818789.7172196	98.338	42.5212380952381	32.6	4.707	12.87	23.36	63.498	88.838	28.786557338286848	828.6658833904763	255.0	127.5	127.5	0.0	25.5	63.75	191.25	229.5	74.04503134354572	5482.666666666667	255	127.5	127.5	0	25.5	63.75	191.25	229.5	74.04503134354572	5482.666666666667	4085	2042.5	2042.5	0	408.5	1021.25	3063.75	3676.5	1179.6709286915568	1391623.5	20	10.0	10.0	0	2.0	5.0	15.0	18.0	6.2048368229954285	38.5	255.0	127.5	127.5	0.0	25.5	63.75	191.25	229.5	74.04503134354572	5482.666666666667	255	127.5	127.5	0	25.5	63.75	191.25	229.5	74.04503134354572	5482.666666666667																					L628
23052023--s--Lm--st--L628--p--C10--pos002--tm--24--ch--Syto9--z--21	256.0	128.5	128.5	1.0	26.5	64.75	192.25	230.5	74.04503134354572	5482.666666666667	256	128.5	128.5	1	26.5	64.75	192.25	230.5	74.04503134354572	5482.666666666667	4084	2042.5	2042.5	1	409.3	1021.75	3063.25	3675.7	1179.0935784180435	1390261.6666666667											0.741	0.3219047619047619	0.232	0.026	0.058	0.158	0.494	0.7	0.2368611206513016	0.0561031904761904																					0.024	0.0233809523809523	0.024	0.021	0.022	0.023	0.024	0.024	0.0008646496675642	7.476190476190503e-07	5614.0	2459.0476190476197	1828.0	219.0	469.0	1214.0	3772.0	5296.0	1779.3602635832483	3166122.9476190475	14682.0	4096.0	962.5	4.0	13.5	72.0	8185.0	13284.5	5165.496186708688	26682350.854902	16235	4096.0	522.5	0	9.0	37.75	7815.0	14547.0	5647.359741247127	31892672.04705882	23052023_s_Lm_st_L628_p_C10_pos002_tm_24_ch_Syto9_z_21.tif	23052023_s_Lm_st_L628_p_C10_pos002_tm_24_ch_Syto9_z_21.tif	4095	2052.5457884427037	2052.5	11	419.3	1031.75	3073.25	3685.7	1179.16928031263	1390440.1916330056																																									273.258	272.14647619047616	272.248	269.845	271.684	271.843	272.643	272.844	0.7067441276054238	0.4994872619047515																					slice_0021	slice_0001	445780	32115.931439764936	2504.0	6	54.0	210.0	23822.5	96103.80000000006	73423.64568073039	5391031745.049438	22140.608	1595.654333006856	124.4795	0.298	2.685	10.441	1184.199	4776.039200000003	3647.1072090293433	13301390.994153809	22906.764	754.1135078354555	6.667	0.0	0.0	0.0	130.333	1278.133200000003	2788.549982318954	7776011.003891038	75395	5391.78721841332	417.5	1	9.0	35.0	3976.25	16119.400000000012	12371.91863768074	153064370.77739203	134.881	58.603476190476194	42.257	4.655	10.508	28.796	89.95	127.569	43.14921282320113	1861.854567261905	255.0	127.5	127.5	0.0	25.5	63.75	191.25	229.5	74.04503134354572	5482.666666666667	255	127.5	127.5	0	25.5	63.75	191.25	229.5	74.04503134354572	5482.666666666667	4083	2041.5	2041.5	0	408.3	1020.75	3062.25	3674.7	1179.0935784180435	1390261.6666666667	20	10.0	10.0	0	2.0	5.0	15.0	18.0	6.2048368229954285	38.5	255.0	127.5	127.5	0.0	25.5	63.75	191.25	229.5	74.04503134354572	5482.666666666667	255	127.5	127.5	0	25.5	63.75	191.25	229.5	74.04503134354572	5482.666666666667																					L628
23052023--s--Lm--st--L628--p--C10--pos003--tm--24--ch--Syto9--z--21	256.0	128.5	128.5	1.0	26.5	64.75	192.25	230.5	74.04503134354572	5482.666666666667	256	128.5	128.5	1	26.5	64.75	192.25	230.5	74.04503134354572	5482.666666666667	4077	2039.0	2039.0	1	408.6	1020.0	3058.0	3669.4	1177.0728524607132	1385500.5											0.817	0.4366666666666666	0.471	0.012	0.024	0.159	0.69	0.795	0.2858893725435301	0.0817327333333333																					0.025	0.0236666666666666	0.024	0.021	0.022	0.023	0.024	0.025	0.0011105554165971	1.2333333333333378e-06	6012.0	3278.714285714286	3660.0	102.0	194.0	1270.0	5057.0	5776.0	2096.4210012031726	4394981.014285713	16235.0	4096.0	522.5	0.0	9.0	37.75	7815.0	14547.0	5647.359741247127	31892672.04705882	12039	4096.0	1687.5	7	50.5	178.5	8574.25	11271.5	4493.735926864434	20193662.580392152	23052023_s_Lm_st_L628_p_C10_pos003_tm_24_ch_Syto9_z_21.tif	23052023_s_Lm_st_L628_p_C10_pos003_tm_24_ch_Syto9_z_21.tif	4095	2056.999509443218	2057.0	18	426.6	1038.0	3076.0	3687.4	1177.0737020253905	1385502.4999997572																																									275.991	272.3974285714286	272.409	271.606	271.707	271.859	272.535	272.688	0.9098599656776049	0.8278451571428521																					slice_0021	slice_0001	229346	32230.96934020113	6810.0	6	414.0	1182.0	33878.0	112763.6	54145.06748421089	2931688332.869752	11394.685	1601.7905015943095	338.488	0.298	20.584	58.768	1683.664	5604.4446	2690.538424830741	7238997.015490686	29253.638	534.7716754966887	20.0	0.0	0.0	0.0	205.333	1646.933400000001	1409.725756507343	1987326.7085602009	38563	5400.640421878832	1136.0	1	69.0	197.0	5654.0	18868.4	9089.062436073604	82611055.96684422	148.793	79.54685714285714	85.799	2.24	4.446	29.04	125.641	144.694	52.048444574536255	2709.0405826285723	255.0	127.5	127.5	0.0	25.5	63.75	191.25	229.5	74.04503134354572	5482.666666666667	255	127.5	127.5	0	25.5	63.75	191.25	229.5	74.04503134354572	5482.666666666667	4076	2038.0	2038.0	0	407.6	1019.0	3057.0	3668.4	1177.0728524607132	1385500.5	20	10.0	10.0	0	2.0	5.0	15.0	18.0	6.2048368229954285	38.5	255.0	127.5	127.5	0.0	25.5	63.75	191.25	229.5	74.04503134354572	5482.666666666667	255	127.5	127.5	0	25.5	63.75	191.25	229.5	74.04503134354572	5482.666666666667																					L628
23052023--s--Lm--st--L628--p--C10--pos004--tm--24--ch--Syto9--z--21	256.0	128.5	128.5	1.0	26.5	64.75	192.25	230.5	74.04503134354572	5482.666666666667	256	128.5	128.5	1	26.5	64.75	192.25	230.5	74.04503134354572	5482.666666666667	4079	2040.0	2040.0	1	408.8	1020.5	3059.5	3671.2	1177.6502027342417	1386860.0											0.714	0.3619047619047619	0.333	0.016	0.04	0.24	0.531	0.641	0.2202979584022296	0.0485311904761904																					0.025	0.0234285714285714	0.023	0.02	0.022	0.023	0.024	0.025	0.0012071217242444	1.4571428571428611e-06	5324.0	2751.4761904761904	2617.0	145.0	330.0	1873.0	4019.0	4748.0	1629.9958472047597	2656886.4619047614	12039.0	4096.0	1687.5	7.0	50.5	178.5	8574.25	11271.5	4493.735926864434	20193662.580392152	12832	4096.0	1945.5	34	73.5	261.75	7976.75	11119.0	4340.179211082617	18837155.584313728	23052023_s_Lm_st_L628_p_C10_pos004_tm_24_ch_Syto9_z_21.tif	23052023_s_Lm_st_L628_p_C10_pos004_tm_24_ch_Syto9_z_21.tif	4095	2056.0	2056.0	17	424.8	1036.5	3075.5	3687.2	1177.6502027342417	1386860.0																																									272.775	272.00623809523813	272.07	269.805	271.46	271.878	272.246	272.547	0.6309178951941238	0.3980573904761834																					slice_0021	slice_0001	249548	32209.71512625644	6334.0	12	372.0	1098.0	32773.0	111435.20000000004	55584.96879556711	3089688756.004169	12396.387	1600.524762441775	314.789	0.597	18.495	54.591	1629.1585	5537.777000000002	2761.6221073528945	7626556.663820243	26288.665	561.5280061289533	20.0	0.0	0.0	0.0	196.0	1571.7336000000014	1563.0055622462053	2442986.387612576	42047	5398.191958813434	1057.0	2	62.0	183.0	5472.0	18646.800000000007	9336.182741890269	87164308.18996966	130.035	65.8972380952381	60.58	2.953	7.243	43.629	96.619	116.766	40.13567580582737	1610.8724723904763	255.0	127.5	127.5	0.0	25.5	63.75	191.25	229.5	74.04503134354572	5482.666666666667	255	127.5	127.5	0	25.5	63.75	191.25	229.5	74.04503134354572	5482.666666666667	4078	2039.0	2039.0	0	407.8	1019.5	3058.5	3670.2	1177.6502027342417	1386860.0	20	10.0	10.0	0	2.0	5.0	15.0	18.0	6.2048368229954285	38.5	255.0	127.5	127.5	0.0	25.5	63.75	191.25	229.5	74.04503134354572	5482.666666666667	255	127.5	127.5	0	25.5	63.75	191.25	229.5	74.04503134354572	5482.666666666667																					L628
23052023--s--Lm--st--L628--p--C10--pos005--tm--24--ch--Syto9--z--21	256.0	128.5	128.5	1.0	26.5	64.75	192.25	230.5	74.04503134354572	5482.666666666667	256	128.5	128.5	1	26.5	64.75	192.25	230.5	74.04503134354572	5482.666666666667	4084	2042.5	2042.5	1	409.3	1021.75	3063.25	3675.7	1179.0935784180435	1390261.6666666667											0.572	0.2809523809523809	0.245	0.023	0.056	0.178	0.413	0.493	0.1668911250457843	0.0278526476190476																					0.024	0.0231428571428571	0.023	0.021	0.021	0.023	0.024	0.024	0.0010141851056742	1.028571428571426e-06	4306.0	2174.0	1953.0	195.0	482.0	1438.0	3177.0	3789.0	1251.6706036334	1566679.2999999998	12832.0	4096.0	1945.5	34.0	73.5	261.75	7976.75	11119.0	4340.179211082617	18837155.584313728	14136	4096.0	1619.5	18	62.5	224.0	7724.75	12263.0	4690.634903302367	22002055.796078406	23052023_s_Lm_st_L628_p_C10_pos005_tm_24_ch_Syto9_z_21.tif	23052023_s_Lm_st_L628_p_C10_pos005_tm_24_ch_Syto9_z_21.tif	4095	2053.5	2053.5	12	420.3	1032.75	3074.25	3686.7	1179.0935784180435	1390261.6666666667																																									272.638	271.9929523809524	272.069	270.584	271.558	271.824	272.268	272.517	0.4686492799728209	0.2196321476190435																					slice_0021	slice_0001	309224	32151.077864838397	5597.0	84	294.0	894.0	31240.5	105781.60000000012	59385.40914301125	3526626819.0828447	15355.641	1597.4777999510284	278.2285	4.176	14.617	44.449	1552.852	5256.660700000006	2950.005436073702	8702532.072864396	21933.249	629.216889324192	20.0	0.0	0.0	0.0	176.0	1420.6669000000018	1987.4624982706127	3950007.1820320655	52215	5391.701762977473	934.0	14	49.0	149.0	5234.75	17694.800000000017	9989.72359713142	99794577.54708432	104.122	51.17657142857144	44.671	4.186	10.265	32.409	75.274	89.828	30.38639919202575	923.3332558571432	255.0	127.5	127.5	0.0	25.5	63.75	191.25	229.5	74.04503134354572	5482.666666666667	255	127.5	127.5	0	25.5	63.75	191.25	229.5	74.04503134354572	5482.666666666667	4083	2041.5	2041.5	0	408.3	1020.75	3062.25	3674.7	1179.0935784180435	1390261.6666666667	20	10.0	10.0	0	2.0	5.0	15.0	18.0	6.2048368229954285	38.5	255.0	127.5	127.5	0.0	25.5	63.75	191.25	229.5	74.04503134354572	5482.666666666667	255	127.5	127.5	0	25.5	63.75	191.25	229.5	74.04503134354572	5482.666666666667																					L628
