sampleName	 -SUMMARYhistAll.tsv_max.txt	 -SUMMARYhistAll.tsv_mean.txt	 -SUMMARYhistAll.tsv_median.txt	 -SUMMARYhistAll.tsv_min.txt	 -SUMMARYhistAll.tsv_q10.txt	 -SUMMARYhistAll.tsv_q25.txt	 -SUMMARYhistAll.tsv_q75.txt	 -SUMMARYhistAll.tsv_q90.txt	 -SUMMARYhistAll.tsv_std.txt	 -SUMMARYhistAll.tsv_var.txt	GlobalCount-SUMMARYhistAll.tsv_max.txt	GlobalCount-SUMMARYhistAll.tsv_mean.txt	GlobalCount-SUMMARYhistAll.tsv_median.txt	GlobalCount-SUMMARYhistAll.tsv_min.txt	GlobalCount-SUMMARYhistAll.tsv_q10.txt	GlobalCount-SUMMARYhistAll.tsv_q25.txt	GlobalCount-SUMMARYhistAll.tsv_q75.txt	GlobalCount-SUMMARYhistAll.tsv_q90.txt	GlobalCount-SUMMARYhistAll.tsv_std.txt	GlobalCount-SUMMARYhistAll.tsv_var.txt	Unnamed: 0-SUMMARYhistAll.tsv_max.txt	Unnamed: 0-SUMMARYhistAll.tsv_mean.txt	Unnamed: 0-SUMMARYhistAll.tsv_median.txt	Unnamed: 0-SUMMARYhistAll.tsv_min.txt	Unnamed: 0-SUMMARYhistAll.tsv_q10.txt	Unnamed: 0-SUMMARYhistAll.tsv_q25.txt	Unnamed: 0-SUMMARYhistAll.tsv_q75.txt	Unnamed: 0-SUMMARYhistAll.tsv_q90.txt	Unnamed: 0-SUMMARYhistAll.tsv_std.txt	Unnamed: 0-SUMMARYhistAll.tsv_var.txt	Value-SUMMARYhistAll.tsv_max.txt	Value-SUMMARYhistAll.tsv_mean.txt	Value-SUMMARYhistAll.tsv_median.txt	Value-SUMMARYhistAll.tsv_min.txt	Value-SUMMARYhistAll.tsv_q10.txt	Value-SUMMARYhistAll.tsv_q25.txt	Value-SUMMARYhistAll.tsv_q75.txt	Value-SUMMARYhistAll.tsv_q90.txt	Value-SUMMARYhistAll.tsv_std.txt	Value-SUMMARYhistAll.tsv_var.txt	label
12042023_s_Lm_st_L628_p_C03_pos001_tm_24_ch_Syto9_z_11_	256.0	128.5	128.5	1.0	26.5	64.75	192.25	230.5	74.04503134354572	5482.666666666667	13074.0	4096.0	4076.5	20.0	620.0	1411.75	6601.0	7102.5	2706.00408532654	7322458.109803924	255.0	127.5	127.5	0.0	25.5	63.75	191.25	229.5	74.04503134354572	5482.666666666667	255.0	127.5	127.5	0.0	25.5	63.75	191.25	229.5	74.04503134354572	5482.666666666667	L628
12042023_s_Lm_st_L628_p_C03_pos001_tm_24_ch_Syto9_z_21_	256.0	128.5	128.5	1.0	26.5	64.75	192.25	230.5	74.04503134354572	5482.666666666667	14150.0	4096.0	574.0	0.0	2.0	12.0	9003.0	13571.0	5372.468782927399	28863420.823529407	255.0	127.5	127.5	0.0	25.5	63.75	191.25	229.5	74.04503134354572	5482.666666666667	255.0	127.5	127.5	0.0	25.5	63.75	191.25	229.5	74.04503134354572	5482.666666666667	L628
12042023_s_Lm_st_L628_p_C03_pos002_tm_24_ch_Syto9_z_11_	256.0	128.5	128.5	1.0	26.5	64.75	192.25	230.5	74.04503134354572	5482.666666666667	19677.0	4096.0	3644.5	30.0	756.5	1395.5	6444.25	8088.5	2931.7651191262707	8595246.713725477	255.0	127.5	127.5	0.0	25.5	63.75	191.25	229.5	74.04503134354572	5482.666666666667	255.0	127.5	127.5	0.0	25.5	63.75	191.25	229.5	74.04503134354572	5482.666666666667	L628
12042023_s_Lm_st_L628_p_C03_pos002_tm_24_ch_Syto9_z_21_	256.0	128.5	128.5	1.0	26.5	64.75	192.25	230.5	74.04503134354572	5482.666666666667	11161.0	4096.0	1981.0	8.0	24.0	159.0	8885.75	10690.0	4282.799988462745	18342375.74117649	255.0	127.5	127.5	0.0	25.5	63.75	191.25	229.5	74.04503134354572	5482.666666666667	255.0	127.5	127.5	0.0	25.5	63.75	191.25	229.5	74.04503134354572	5482.666666666667	L628
12042023_s_Lm_st_L628_p_C03_pos003_tm_24_ch_Syto9_z_11_	256.0	128.5	128.5	1.0	26.5	64.75	192.25	230.5	74.04503134354572	5482.666666666667	67520.0	4096.0	3971.0	11.0	1758.0	2378.5	5396.0	5870.5	4292.475919742431	18425349.521568622	255.0	127.5	127.5	0.0	25.5	63.75	191.25	229.5	74.04503134354572	5482.666666666667	255.0	127.5	127.5	0.0	25.5	63.75	191.25	229.5	74.04503134354572	5482.666666666667	L628
12042023_s_Lm_st_L628_p_C03_pos003_tm_24_ch_Syto9_z_21_	256.0	128.5	128.5	1.0	26.5	64.75	192.25	230.5	74.04503134354572	5482.666666666667	35128.0	4096.0	4311.5	11.0	1252.0	2168.5	5870.25	6264.0	2732.4655619163477	7466368.04705882	255.0	127.5	127.5	0.0	25.5	63.75	191.25	229.5	74.04503134354572	5482.666666666667	255.0	127.5	127.5	0.0	25.5	63.75	191.25	229.5	74.04503134354572	5482.666666666667	L628
12042023_s_Lm_st_L628_p_C03_pos004_tm_24_ch_Syto9_z_11_	256.0	128.5	128.5	1.0	26.5	64.75	192.25	230.5	74.04503134354572	5482.666666666667	96303.0	4096.0	3516.0	5.0	1888.5	2470.25	4442.25	6000.0	6020.423444816981	36245498.45490196	255.0	127.5	127.5	0.0	25.5	63.75	191.25	229.5	74.04503134354572	5482.666666666667	255.0	127.5	127.5	0.0	25.5	63.75	191.25	229.5	74.04503134354572	5482.666666666667	L628
12042023_s_Lm_st_L628_p_C03_pos004_tm_24_ch_Syto9_z_21_	256.0	128.5	128.5	1.0	26.5	64.75	192.25	230.5	74.04503134354572	5482.666666666667	12650.0	4096.0	4052.0	28.0	669.5	1506.25	6223.5	7817.5	2689.3684075210963	7232702.431372558	255.0	127.5	127.5	0.0	25.5	63.75	191.25	229.5	74.04503134354572	5482.666666666667	255.0	127.5	127.5	0.0	25.5	63.75	191.25	229.5	74.04503134354572	5482.666666666667	L628
12042023_s_Lm_st_L628_p_C03_pos005_tm_24_ch_Syto9_z_11_	256.0	128.5	128.5	1.0	26.5	64.75	192.25	230.5	74.04503134354572	5482.666666666667	105392.0	4096.0	3901.5	2.0	2016.0	2609.0	4946.25	5376.0	6500.967223361127	42262574.83921569	255.0	127.5	127.5	0.0	25.5	63.75	191.25	229.5	74.04503134354572	5482.666666666667	255.0	127.5	127.5	0.0	25.5	63.75	191.25	229.5	74.04503134354572	5482.666666666667	L628
12042023_s_Lm_st_L628_p_C03_pos005_tm_24_ch_Syto9_z_21_	256.0	128.5	128.5	1.0	26.5	64.75	192.25	230.5	74.04503134354572	5482.666666666667	44118.0	4096.0	4229.0	5.0	1381.5	2118.75	5770.75	6263.0	3138.303402021108	9848948.24313726	255.0	127.5	127.5	0.0	25.5	63.75	191.25	229.5	74.04503134354572	5482.666666666667	255.0	127.5	127.5	0.0	25.5	63.75	191.25	229.5	74.04503134354572	5482.666666666667	L628
12042023_s_Lm_st_L628_p_C04_pos001_tm_24_ch_Syto9_z_11_	256.0	128.5	128.5	1.0	26.5	64.75	192.25	230.5	74.04503134354572	5482.666666666667	10776.0	4096.0	3460.5	10.0	501.5	1085.5	7253.0	8400.5	3065.307605074161	9396110.713725492	255.0	127.5	127.5	0.0	25.5	63.75	191.25	229.5	74.04503134354572	5482.666666666667	255.0	127.5	127.5	0.0	25.5	63.75	191.25	229.5	74.04503134354572	5482.666666666667	L628
12042023_s_Lm_st_L628_p_C04_pos001_tm_24_ch_Syto9_z_21_	256.0	128.5	128.5	1.0	26.5	64.75	192.25	230.5	74.04503134354572	5482.666666666667	15297.0	4096.0	1430.5	4.0	17.0	101.25	7684.25	12642.0	4941.206942343017	24415526.04705882	255.0	127.5	127.5	0.0	25.5	63.75	191.25	229.5	74.04503134354572	5482.666666666667	255.0	127.5	127.5	0.0	25.5	63.75	191.25	229.5	74.04503134354572	5482.666666666667	L628
12042023_s_Lm_st_L628_p_C04_pos002_tm_24_ch_Syto9_z_11_	256.0	128.5	128.5	1.0	26.5	64.75	192.25	230.5	74.04503134354572	5482.666666666667	10860.0	4096.0	2307.0	15.0	66.0	277.5	8373.0	10474.0	4100.888255765389	16817284.486274496	255.0	127.5	127.5	0.0	25.5	63.75	191.25	229.5	74.04503134354572	5482.666666666667	255.0	127.5	127.5	0.0	25.5	63.75	191.25	229.5	74.04503134354572	5482.666666666667	L628
12042023_s_Lm_st_L628_p_C04_pos002_tm_24_ch_Syto9_z_21_	256.0	128.5	128.5	1.0	26.5	64.75	192.25	230.5	74.04503134354572	5482.666666666667	15318.0	4096.0	851.0	0.0	3.0	29.75	7774.0	13487.5	5313.416410647786	28232393.952941194	255.0	127.5	127.5	0.0	25.5	63.75	191.25	229.5	74.04503134354572	5482.666666666667	255.0	127.5	127.5	0.0	25.5	63.75	191.25	229.5	74.04503134354572	5482.666666666667	L628
12042023_s_Lm_st_L628_p_C04_pos003_tm_24_ch_Syto9_z_11_	256.0	128.5	128.5	1.0	26.5	64.75	192.25	230.5	74.04503134354572	5482.666666666667	35085.0	4096.0	4141.0	6.0	1303.0	2169.5	5815.25	6434.5	2741.500960008128	7515827.513725487	255.0	127.5	127.5	0.0	25.5	63.75	191.25	229.5	74.04503134354572	5482.666666666667	255.0	127.5	127.5	0.0	25.5	63.75	191.25	229.5	74.04503134354572	5482.666666666667	L628
12042023_s_Lm_st_L628_p_C04_pos003_tm_24_ch_Syto9_z_21_	256.0	128.5	128.5	1.0	26.5	64.75	192.25	230.5	74.04503134354572	5482.666666666667	34578.0	4096.0	4324.0	22.0	1248.0	2154.0	5813.0	6288.5	2694.6283471773554	7261021.929411766	255.0	127.5	127.5	0.0	25.5	63.75	191.25	229.5	74.04503134354572	5482.666666666667	255.0	127.5	127.5	0.0	25.5	63.75	191.25	229.5	74.04503134354572	5482.666666666667	L628
12042023_s_Lm_st_L628_p_C04_pos004_tm_24_ch_Syto9_z_11_	256.0	128.5	128.5	1.0	26.5	64.75	192.25	230.5	74.04503134354572	5482.666666666667	67761.0	4096.0	3710.5	79.0	1673.0	2373.0	4917.75	6628.5	4381.801502560693	19200184.407843143	255.0	127.5	127.5	0.0	25.5	63.75	191.25	229.5	74.04503134354572	5482.666666666667	255.0	127.5	127.5	0.0	25.5	63.75	191.25	229.5	74.04503134354572	5482.666666666667	L628
12042023_s_Lm_st_L628_p_C04_pos004_tm_24_ch_Syto9_z_21_	256.0	128.5	128.5	1.0	26.5	64.75	192.25	230.5	74.04503134354572	5482.666666666667	8251.0	4096.0	4409.0	38.0	618.5	1537.25	6314.5	7382.0	2526.0602681708483	6380980.4784313785	255.0	127.5	127.5	0.0	25.5	63.75	191.25	229.5	74.04503134354572	5482.666666666667	255.0	127.5	127.5	0.0	25.5	63.75	191.25	229.5	74.04503134354572	5482.666666666667	L628
12042023_s_Lm_st_L628_p_C04_pos005_tm_24_ch_Syto9_z_11_	256.0	128.5	128.5	1.0	26.5	64.75	192.25	230.5	74.04503134354572	5482.666666666667	64089.0	4096.0	4069.5	21.0	1793.5	2495.5	5359.0	5720.0	4068.73249232702	16554584.094117649	255.0	127.5	127.5	0.0	25.5	63.75	191.25	229.5	74.04503134354572	5482.666666666667	255.0	127.5	127.5	0.0	25.5	63.75	191.25	229.5	74.04503134354572	5482.666666666667	L628
12042023_s_Lm_st_L628_p_C04_pos005_tm_24_ch_Syto9_z_21_	256.0	128.5	128.5	1.0	26.5	64.75	192.25	230.5	74.04503134354572	5482.666666666667	9939.0	4096.0	4198.0	8.0	574.5	1455.5	6708.25	7352.0	2629.732383312633	6915492.407843141	255.0	127.5	127.5	0.0	25.5	63.75	191.25	229.5	74.04503134354572	5482.666666666667	255.0	127.5	127.5	0.0	25.5	63.75	191.25	229.5	74.04503134354572	5482.666666666667	L628
12042023_s_Lm_st_L628_p_C05_pos001_tm_24_ch_Syto9_z_11_	256.0	128.5	128.5	1.0	26.5	64.75	192.25	230.5	74.04503134354572	5482.666666666667	138005.0	4096.0	3562.0	13.0	2122.5	2607.5	4468.25	5286.5	8484.22386943359	71982054.66666667	255.0	127.5	127.5	0.0	25.5	63.75	191.25	229.5	74.04503134354572	5482.666666666667	255.0	127.5	127.5	0.0	25.5	63.75	191.25	229.5	74.04503134354572	5482.666666666667	L628
12042023_s_Lm_st_L628_p_C05_pos001_tm_24_ch_Syto9_z_21_	256.0	128.5	128.5	1.0	26.5	64.75	192.25	230.5	74.04503134354572	5482.666666666667	17724.0	4096.0	3923.5	14.0	873.0	1638.25	6295.25	7626.5	2616.6586806422392	6846902.650980384	255.0	127.5	127.5	0.0	25.5	63.75	191.25	229.5	74.04503134354572	5482.666666666667	255.0	127.5	127.5	0.0	25.5	63.75	191.25	229.5	74.04503134354572	5482.666666666667	L628
12042023_s_Lm_st_L628_p_C05_pos002_tm_24_ch_Syto9_z_11_	256.0	128.5	128.5	1.0	26.5	64.75	192.25	230.5	74.04503134354572	5482.666666666667	156762.0	4096.0	3467.5	32.0	2132.5	2526.75	4349.5	5140.0	9646.74286675326	93059647.93725488	255.0	127.5	127.5	0.0	25.5	63.75	191.25	229.5	74.04503134354572	5482.666666666667	255.0	127.5	127.5	0.0	25.5	63.75	191.25	229.5	74.04503134354572	5482.666666666667	L628
12042023_s_Lm_st_L628_p_C05_pos002_tm_24_ch_Syto9_z_21_	256.0	128.5	128.5	1.0	26.5	64.75	192.25	230.5	74.04503134354572	5482.666666666667	16458.0	4096.0	3915.5	16.0	797.0	1555.0	6418.0	7587.5	2613.2465361736417	6829057.458823537	255.0	127.5	127.5	0.0	25.5	63.75	191.25	229.5	74.04503134354572	5482.666666666667	255.0	127.5	127.5	0.0	25.5	63.75	191.25	229.5	74.04503134354572	5482.666666666667	L628
12042023_s_Lm_st_L628_p_C05_pos003_tm_24_ch_Syto9_z_11_	256.0	128.5	128.5	1.0	26.5	64.75	192.25	230.5	74.04503134354572	5482.666666666667	349017.0	4096.0	2932.5	3.0	1914.0	2677.5	3116.25	3236.5	21653.84443374396	468888978.7607843	255.0	127.5	127.5	0.0	25.5	63.75	191.25	229.5	74.04503134354572	5482.666666666667	255.0	127.5	127.5	0.0	25.5	63.75	191.25	229.5	74.04503134354572	5482.666666666667	L628
12042023_s_Lm_st_L628_p_C05_pos003_tm_24_ch_Syto9_z_21_	256.0	128.5	128.5	1.0	26.5	64.75	192.25	230.5	74.04503134354572	5482.666666666667	192502.0	4096.0	3623.5	17.0	2545.5	2998.0	3943.5	4123.0	11854.788173031646	140536002.62745097	255.0	127.5	127.5	0.0	25.5	63.75	191.25	229.5	74.04503134354572	5482.666666666667	255.0	127.5	127.5	0.0	25.5	63.75	191.25	229.5	74.04503134354572	5482.666666666667	L628
12042023_s_Lm_st_L628_p_C05_pos004_tm_24_ch_Syto9_z_11_	256.0	128.5	128.5	1.0	26.5	64.75	192.25	230.5	74.04503134354572	5482.666666666667	275553.0	4096.0	3257.0	4.0	2174.5	2904.5	3478.25	3637.5	17050.113273846022	290706362.65098035	255.0	127.5	127.5	0.0	25.5	63.75	191.25	229.5	74.04503134354572	5482.666666666667	255.0	127.5	127.5	0.0	25.5	63.75	191.25	229.5	74.04503134354572	5482.666666666667	L628
12042023_s_Lm_st_L628_p_C05_pos004_tm_24_ch_Syto9_z_21_	256.0	128.5	128.5	1.0	26.5	64.75	192.25	230.5	74.04503134354572	5482.666666666667	158369.0	4096.0	3721.0	3.0	2548.0	3057.25	4171.25	4401.5	9726.106349488917	94597144.72156864	255.0	127.5	127.5	0.0	25.5	63.75	191.25	229.5	74.04503134354572	5482.666666666667	255.0	127.5	127.5	0.0	25.5	63.75	191.25	229.5	74.04503134354572	5482.666666666667	L628
12042023_s_Lm_st_L628_p_C05_pos005_tm_24_ch_Syto9_z_11_	256.0	128.5	128.5	1.0	26.5	64.75	192.25	230.5	74.04503134354572	5482.666666666667	295416.0	4096.0	3232.5	8.0	1673.5	2813.5	3470.0	3664.0	18299.591027466955	334875031.7725491	255.0	127.5	127.5	0.0	25.5	63.75	191.25	229.5	74.04503134354572	5482.666666666667	255.0	127.5	127.5	0.0	25.5	63.75	191.25	229.5	74.04503134354572	5482.666666666667	L628
12042023_s_Lm_st_L628_p_C05_pos005_tm_24_ch_Syto9_z_21_	256.0	128.5	128.5	1.0	26.5	64.75	192.25	230.5	74.04503134354572	5482.666666666667	151046.0	4096.0	3825.0	9.0	2281.5	3036.0	4341.0	4548.5	9283.18303296501	86177487.22352941	255.0	127.5	127.5	0.0	25.5	63.75	191.25	229.5	74.04503134354572	5482.666666666667	255.0	127.5	127.5	0.0	25.5	63.75	191.25	229.5	74.04503134354572	5482.666666666667	L628
12042023_s_Lm_st_L628_p_C06_pos001_tm_24_ch_Syto9_z_11_	256.0	128.5	128.5	1.0	26.5	64.75	192.25	230.5	74.04503134354572	5482.666666666667	59671.0	4096.0	4251.5	40.0	1665.5	2363.75	5294.0	5501.0	3810.478614372247	14519747.270588242	255.0	127.5	127.5	0.0	25.5	63.75	191.25	229.5	74.04503134354572	5482.666666666667	255.0	127.5	127.5	0.0	25.5	63.75	191.25	229.5	74.04503134354572	5482.666666666667	L628
12042023_s_Lm_st_L628_p_C06_pos001_tm_24_ch_Syto9_z_21_	256.0	128.5	128.5	1.0	26.5	64.75	192.25	230.5	74.04503134354572	5482.666666666667	14824.0	4096.0	3397.0	33.0	686.5	1352.0	6392.25	8927.0	3091.028911759537	9554459.733333347	255.0	127.5	127.5	0.0	25.5	63.75	191.25	229.5	74.04503134354572	5482.666666666667	255.0	127.5	127.5	0.0	25.5	63.75	191.25	229.5	74.04503134354572	5482.666666666667	L628
12042023_s_Lm_st_L628_p_C06_pos002_tm_24_ch_Syto9_z_11_	256.0	128.5	128.5	1.0	26.5	64.75	192.25	230.5	74.04503134354572	5482.666666666667	39174.0	4096.0	4024.0	7.0	1189.0	1887.0	5753.0	6824.5	3075.0561455100656	9455970.298039222	255.0	127.5	127.5	0.0	25.5	63.75	191.25	229.5	74.04503134354572	5482.666666666667	255.0	127.5	127.5	0.0	25.5	63.75	191.25	229.5	74.04503134354572	5482.666666666667	L628
12042023_s_Lm_st_L628_p_C06_pos002_tm_24_ch_Syto9_z_21_	256.0	128.5	128.5	1.0	26.5	64.75	192.25	230.5	74.04503134354572	5482.666666666667	10008.0	4096.0	3169.0	53.0	125.5	534.75	7913.25	8999.5	3550.441534541312	12605635.090196066	255.0	127.5	127.5	0.0	25.5	63.75	191.25	229.5	74.04503134354572	5482.666666666667	255.0	127.5	127.5	0.0	25.5	63.75	191.25	229.5	74.04503134354572	5482.666666666667	L628
12042023_s_Lm_st_L628_p_C06_pos003_tm_24_ch_Syto9_z_11_	256.0	128.5	128.5	1.0	26.5	64.75	192.25	230.5	74.04503134354572	5482.666666666667	137595.0	4096.0	3799.0	4.0	2294.5	2813.25	4542.0	4829.5	8452.914194780029	71451758.38431372	255.0	127.5	127.5	0.0	25.5	63.75	191.25	229.5	74.04503134354572	5482.666666666667	255.0	127.5	127.5	0.0	25.5	63.75	191.25	229.5	74.04503134354572	5482.666666666667	L628
12042023_s_Lm_st_L628_p_C06_pos003_tm_24_ch_Syto9_z_21_	256.0	128.5	128.5	1.0	26.5	64.75	192.25	230.5	74.04503134354572	5482.666666666667	64741.0	4096.0	4306.0	5.0	1856.0	2557.25	5164.5	5467.5	4084.5089272115183	16683213.176470589	255.0	127.5	127.5	0.0	25.5	63.75	191.25	229.5	74.04503134354572	5482.666666666667	255.0	127.5	127.5	0.0	25.5	63.75	191.25	229.5	74.04503134354572	5482.666666666667	L628
12042023_s_Lm_st_L628_p_C06_pos004_tm_24_ch_Syto9_z_11_	256.0	128.5	128.5	1.0	26.5	64.75	192.25	230.5	74.04503134354572	5482.666666666667	69337.0	4096.0	3982.5	8.0	2079.0	2607.0	5234.75	5718.5	4374.383578759143	19135231.694117647	255.0	127.5	127.5	0.0	25.5	63.75	191.25	229.5	74.04503134354572	5482.666666666667	255.0	127.5	127.5	0.0	25.5	63.75	191.25	229.5	74.04503134354572	5482.666666666667	L628
12042023_s_Lm_st_L628_p_C06_pos004_tm_24_ch_Syto9_z_21_	256.0	128.5	128.5	1.0	26.5	64.75	192.25	230.5	74.04503134354572	5482.666666666667	58625.0	4096.0	4175.5	6.0	1991.0	2682.25	5148.75	5566.0	3718.2970495940217	13825732.949019603	255.0	127.5	127.5	0.0	25.5	63.75	191.25	229.5	74.04503134354572	5482.666666666667	255.0	127.5	127.5	0.0	25.5	63.75	191.25	229.5	74.04503134354572	5482.666666666667	L628
12042023_s_Lm_st_L628_p_C06_pos005_tm_24_ch_Syto9_z_11_	256.0	128.5	128.5	1.0	26.5	64.75	192.25	230.5	74.04503134354572	5482.666666666667	123188.0	4096.0	3864.0	12.0	2106.0	2605.75	4900.0	5274.0	7605.967076488528	57850735.16862744	255.0	127.5	127.5	0.0	25.5	63.75	191.25	229.5	74.04503134354572	5482.666666666667	255.0	127.5	127.5	0.0	25.5	63.75	191.25	229.5	74.04503134354572	5482.666666666667	L628
12042023_s_Lm_st_L628_p_C06_pos005_tm_24_ch_Syto9_z_21_	256.0	128.5	128.5	1.0	26.5	64.75	192.25	230.5	74.04503134354572	5482.666666666667	51795.0	4096.0	3677.0	5.0	1346.5	1893.5	5945.25	6980.0	3684.5039573550057	13575569.411764698	255.0	127.5	127.5	0.0	25.5	63.75	191.25	229.5	74.04503134354572	5482.666666666667	255.0	127.5	127.5	0.0	25.5	63.75	191.25	229.5	74.04503134354572	5482.666666666667	L628
12042023_s_Lm_st_L628_p_D03_pos001_tm_24_ch_Syto9_z_11_	256.0	128.5	128.5	1.0	26.5	64.75	192.25	230.5	74.04503134354572	5482.666666666667	8848.0	4096.0	3925.5	9.0	336.5	971.75	7128.75	8315.5	3037.0067733175174	9223410.14117648	255.0	127.5	127.5	0.0	25.5	63.75	191.25	229.5	74.04503134354572	5482.666666666667	255.0	127.5	127.5	0.0	25.5	63.75	191.25	229.5	74.04503134354572	5482.666666666667	L628
12042023_s_Lm_st_L628_p_D03_pos001_tm_24_ch_Syto9_z_21_	256.0	128.5	128.5	1.0	26.5	64.75	192.25	230.5	74.04503134354572	5482.666666666667	12543.0	4096.0	1889.0	17.0	43.5	230.25	8009.75	11500.0	4456.0943296243	19856776.674509834	255.0	127.5	127.5	0.0	25.5	63.75	191.25	229.5	74.04503134354572	5482.666666666667	255.0	127.5	127.5	0.0	25.5	63.75	191.25	229.5	74.04503134354572	5482.666666666667	L628
12042023_s_Lm_st_L628_p_D03_pos002_tm_24_ch_Syto9_z_11_	256.0	128.5	128.5	1.0	26.5	64.75	192.25	230.5	74.04503134354572	5482.666666666667	14097.0	4096.0	1192.0	0.0	5.0	43.5	8137.75	12532.0	4914.566768850556	24152966.5254902	255.0	127.5	127.5	0.0	25.5	63.75	191.25	229.5	74.04503134354572	5482.666666666667	255.0	127.5	127.5	0.0	25.5	63.75	191.25	229.5	74.04503134354572	5482.666666666667	L628
12042023_s_Lm_st_L628_p_D03_pos002_tm_24_ch_Syto9_z_21_	256.0	128.5	128.5	1.0	26.5	64.75	192.25	230.5	74.04503134354572	5482.666666666667	14164.0	4096.0	903.5	0.0	2.5	14.5	8560.0	12878.0	5049.71872639321	25499659.21568626	255.0	127.5	127.5	0.0	25.5	63.75	191.25	229.5	74.04503134354572	5482.666666666667	255.0	127.5	127.5	0.0	25.5	63.75	191.25	229.5	74.04503134354572	5482.666666666667	L628
12042023_s_Lm_st_L628_p_D03_pos003_tm_24_ch_Syto9_z_11_	256.0	128.5	128.5	1.0	26.5	64.75	192.25	230.5	74.04503134354572	5482.666666666667	17267.0	4096.0	548.5	0.0	1.0	15.0	7267.75	14582.0	5659.952691550365	32035064.47058822	255.0	127.5	127.5	0.0	25.5	63.75	191.25	229.5	74.04503134354572	5482.666666666667	255.0	127.5	127.5	0.0	25.5	63.75	191.25	229.5	74.04503134354572	5482.666666666667	L628
12042023_s_Lm_st_L628_p_D03_pos003_tm_24_ch_Syto9_z_21_	256.0	128.5	128.5	1.0	26.5	64.75	192.25	230.5	74.04503134354572	5482.666666666667	12323.0	4096.0	1544.5	2.0	21.5	117.0	8789.25	11445.5	4585.548449247061	21027254.580392133	255.0	127.5	127.5	0.0	25.5	63.75	191.25	229.5	74.04503134354572	5482.666666666667	255.0	127.5	127.5	0.0	25.5	63.75	191.25	229.5	74.04503134354572	5482.666666666667	L628
12042023_s_Lm_st_L628_p_D03_pos004_tm_24_ch_Syto9_z_11_	256.0	128.5	128.5	1.0	26.5	64.75	192.25	230.5	74.04503134354572	5482.666666666667	15656.0	4096.0	1200.5	0.0	2.0	35.0	7433.5	13423.0	5175.570738632432	26786532.47058826	255.0	127.5	127.5	0.0	25.5	63.75	191.25	229.5	74.04503134354572	5482.666666666667	255.0	127.5	127.5	0.0	25.5	63.75	191.25	229.5	74.04503134354572	5482.666666666667	L628
12042023_s_Lm_st_L628_p_D03_pos004_tm_24_ch_Syto9_z_21_	256.0	128.5	128.5	1.0	26.5	64.75	192.25	230.5	74.04503134354572	5482.666666666667	12607.0	4096.0	1886.5	5.0	17.5	111.25	8345.25	11343.0	4470.021021137573	19981087.92941179	255.0	127.5	127.5	0.0	25.5	63.75	191.25	229.5	74.04503134354572	5482.666666666667	255.0	127.5	127.5	0.0	25.5	63.75	191.25	229.5	74.04503134354572	5482.666666666667	L628
12042023_s_Lm_st_L628_p_D03_pos005_tm_24_ch_Syto9_z_11_	256.0	128.5	128.5	1.0	26.5	64.75	192.25	230.5	74.04503134354572	5482.666666666667	17787.0	4096.0	439.5	0.0	0.0	8.5	7155.0	14808.0	5768.592846392523	33276663.42745099	255.0	127.5	127.5	0.0	25.5	63.75	191.25	229.5	74.04503134354572	5482.666666666667	255.0	127.5	127.5	0.0	25.5	63.75	191.25	229.5	74.04503134354572	5482.666666666667	L628
12042023_s_Lm_st_L628_p_D03_pos005_tm_24_ch_Syto9_z_21_	256.0	128.5	128.5	1.0	26.5	64.75	192.25	230.5	74.04503134354572	5482.666666666667	12393.0	4096.0	1700.0	3.0	15.5	97.0	8711.75	11489.5	4541.4472116794	20624742.77647059	255.0	127.5	127.5	0.0	25.5	63.75	191.25	229.5	74.04503134354572	5482.666666666667	255.0	127.5	127.5	0.0	25.5	63.75	191.25	229.5	74.04503134354572	5482.666666666667	L628
12042023_s_Lm_st_L628_p_D04_pos001_tm_24_ch_Syto9_z_11_	256.0	128.5	128.5	1.0	26.5	64.75	192.25	230.5	74.04503134354572	5482.666666666667	10593.0	4096.0	2726.5	19.0	95.0	367.25	8030.5	9802.0	3842.643621258681	14765910.000000028	255.0	127.5	127.5	0.0	25.5	63.75	191.25	229.5	74.04503134354572	5482.666666666667	255.0	127.5	127.5	0.0	25.5	63.75	191.25	229.5	74.04503134354572	5482.666666666667	L628
12042023_s_Lm_st_L628_p_D04_pos001_tm_24_ch_Syto9_z_21_	256.0	128.5	128.5	1.0	26.5	64.75	192.25	230.5	74.04503134354572	5482.666666666667	12691.0	4096.0	1760.0	8.0	26.5	137.0	8169.5	11782.5	4561.224832062923	20804771.968627445	255.0	127.5	127.5	0.0	25.5	63.75	191.25	229.5	74.04503134354572	5482.666666666667	255.0	127.5	127.5	0.0	25.5	63.75	191.25	229.5	74.04503134354572	5482.666666666667	L628
12042023_s_Lm_st_L628_p_D04_pos002_tm_24_ch_Syto9_z_11_	256.0	128.5	128.5	1.0	26.5	64.75	192.25	230.5	74.04503134354572	5482.666666666667	12530.0	4096.0	1919.0	11.0	34.5	169.0	8027.5	11461.0	4429.391279383923	19619507.105882347	255.0	127.5	127.5	0.0	25.5	63.75	191.25	229.5	74.04503134354572	5482.666666666667	255.0	127.5	127.5	0.0	25.5	63.75	191.25	229.5	74.04503134354572	5482.666666666667	L628
12042023_s_Lm_st_L628_p_D04_pos002_tm_24_ch_Syto9_z_21_	256.0	128.5	128.5	1.0	26.5	64.75	192.25	230.5	74.04503134354572	5482.666666666667	11860.0	4096.0	1917.0	6.0	24.0	147.25	8511.5	11092.5	4393.811535758528	19305579.81176471	255.0	127.5	127.5	0.0	25.5	63.75	191.25	229.5	74.04503134354572	5482.666666666667	255.0	127.5	127.5	0.0	25.5	63.75	191.25	229.5	74.04503134354572	5482.666666666667	L628
12042023_s_Lm_st_L628_p_D04_pos003_tm_24_ch_Syto9_z_11_	256.0	128.5	128.5	1.0	26.5	64.75	192.25	230.5	74.04503134354572	5482.666666666667	15313.0	4096.0	1087.0	0.0	3.0	34.75	7639.25	13271.0	5160.03097345925	26625919.64705881	255.0	127.5	127.5	0.0	25.5	63.75	191.25	229.5	74.04503134354572	5482.666666666667	255.0	127.5	127.5	0.0	25.5	63.75	191.25	229.5	74.04503134354572	5482.666666666667	L628
12042023_s_Lm_st_L628_p_D04_pos003_tm_24_ch_Syto9_z_21_	256.0	128.5	128.5	1.0	26.5	64.75	192.25	230.5	74.04503134354572	5482.666666666667	12093.0	4096.0	1745.5	6.0	26.5	145.0	8666.0	11209.5	4469.369035610126	19975259.576470587	255.0	127.5	127.5	0.0	25.5	63.75	191.25	229.5	74.04503134354572	5482.666666666667	255.0	127.5	127.5	0.0	25.5	63.75	191.25	229.5	74.04503134354572	5482.666666666667	L628
12042023_s_Lm_st_L628_p_D04_pos004_tm_24_ch_Syto9_z_11_	256.0	128.5	128.5	1.0	26.5	64.75	192.25	230.5	74.04503134354572	5482.666666666667	12304.0	4096.0	2355.5	5.0	50.5	292.0	7674.25	11175.5	4215.409956106193	17769681.098039214	255.0	127.5	127.5	0.0	25.5	63.75	191.25	229.5	74.04503134354572	5482.666666666667	255.0	127.5	127.5	0.0	25.5	63.75	191.25	229.5	74.04503134354572	5482.666666666667	L628
12042023_s_Lm_st_L628_p_D04_pos004_tm_24_ch_Syto9_z_21_	256.0	128.5	128.5	1.0	26.5	64.75	192.25	230.5	74.04503134354572	5482.666666666667	11535.0	4096.0	2344.5	22.0	63.5	264.75	8069.75	10590.5	4139.396256062699	17134601.364705887	255.0	127.5	127.5	0.0	25.5	63.75	191.25	229.5	74.04503134354572	5482.666666666667	255.0	127.5	127.5	0.0	25.5	63.75	191.25	229.5	74.04503134354572	5482.666666666667	L628
12042023_s_Lm_st_L628_p_D04_pos005_tm_24_ch_Syto9_z_11_	256.0	128.5	128.5	1.0	26.5	64.75	192.25	230.5	74.04503134354572	5482.666666666667	19343.0	4096.0	479.5	0.0	3.0	16.0	6361.25	15128.5	6031.880377968188	36383580.89411765	255.0	127.5	127.5	0.0	25.5	63.75	191.25	229.5	74.04503134354572	5482.666666666667	255.0	127.5	127.5	0.0	25.5	63.75	191.25	229.5	74.04503134354572	5482.666666666667	L628
12042023_s_Lm_st_L628_p_D04_pos005_tm_24_ch_Syto9_z_21_	256.0	128.5	128.5	1.0	26.5	64.75	192.25	230.5	74.04503134354572	5482.666666666667	13021.0	4096.0	1442.0	4.0	15.5	84.75	8625.75	12015.0	4709.908019583947	22183233.552941177	255.0	127.5	127.5	0.0	25.5	63.75	191.25	229.5	74.04503134354572	5482.666666666667	255.0	127.5	127.5	0.0	25.5	63.75	191.25	229.5	74.04503134354572	5482.666666666667	L628
12042023_s_Lm_st_L628_p_D05_pos001_tm_24_ch_Syto9_z_11_	256.0	128.5	128.5	1.0	26.5	64.75	192.25	230.5	74.04503134354572	5482.666666666667	13623.0	4096.0	3877.0	3.0	630.5	1337.5	6796.75	7751.5	2769.468913482349	7669958.062745103	255.0	127.5	127.5	0.0	25.5	63.75	191.25	229.5	74.04503134354572	5482.666666666667	255.0	127.5	127.5	0.0	25.5	63.75	191.25	229.5	74.04503134354572	5482.666666666667	L628
12042023_s_Lm_st_L628_p_D05_pos001_tm_24_ch_Syto9_z_21_	256.0	128.5	128.5	1.0	26.5	64.75	192.25	230.5	74.04503134354572	5482.666666666667	9571.0	4096.0	3223.0	7.0	161.0	573.5	7803.0	9078.0	3502.5533375457594	12267879.882352935	255.0	127.5	127.5	0.0	25.5	63.75	191.25	229.5	74.04503134354572	5482.666666666667	255.0	127.5	127.5	0.0	25.5	63.75	191.25	229.5	74.04503134354572	5482.666666666667	L628
12042023_s_Lm_st_L628_p_D05_pos002_tm_24_ch_Syto9_z_11_	256.0	128.5	128.5	1.0	26.5	64.75	192.25	230.5	74.04503134354572	5482.666666666667	9818.0	4096.0	3747.5	29.0	521.0	1166.0	7092.25	7931.0	2890.8146528033853	8356809.356862758	255.0	127.5	127.5	0.0	25.5	63.75	191.25	229.5	74.04503134354572	5482.666666666667	255.0	127.5	127.5	0.0	25.5	63.75	191.25	229.5	74.04503134354572	5482.666666666667	L628
12042023_s_Lm_st_L628_p_D05_pos002_tm_24_ch_Syto9_z_21_	256.0	128.5	128.5	1.0	26.5	64.75	192.25	230.5	74.04503134354572	5482.666666666667	10848.0	4096.0	2901.5	12.0	117.0	466.75	7745.75	9849.5	3764.186849147385	14169102.63529412	255.0	127.5	127.5	0.0	25.5	63.75	191.25	229.5	74.04503134354572	5482.666666666667	255.0	127.5	127.5	0.0	25.5	63.75	191.25	229.5	74.04503134354572	5482.666666666667	L628
12042023_s_Lm_st_L628_p_D05_pos003_tm_24_ch_Syto9_z_11_	256.0	128.5	128.5	1.0	26.5	64.75	192.25	230.5	74.04503134354572	5482.666666666667	10904.0	4096.0	2779.5	25.0	139.5	484.5	7779.0	10118.0	3829.565147074308	14665569.21568627	255.0	127.5	127.5	0.0	25.5	63.75	191.25	229.5	74.04503134354572	5482.666666666667	255.0	127.5	127.5	0.0	25.5	63.75	191.25	229.5	74.04503134354572	5482.666666666667	L628
12042023_s_Lm_st_L628_p_D05_pos003_tm_24_ch_Syto9_z_21_	256.0	128.5	128.5	1.0	26.5	64.75	192.25	230.5	74.04503134354572	5482.666666666667	9714.0	4096.0	3033.0	26.0	211.0	648.5	7828.25	9227.0	3513.803797796877	12346817.129411751	255.0	127.5	127.5	0.0	25.5	63.75	191.25	229.5	74.04503134354572	5482.666666666667	255.0	127.5	127.5	0.0	25.5	63.75	191.25	229.5	74.04503134354572	5482.666666666667	L628
12042023_s_Lm_st_L628_p_D05_pos004_tm_24_ch_Syto9_z_11_	256.0	128.5	128.5	1.0	26.5	64.75	192.25	230.5	74.04503134354572	5482.666666666667	11025.0	4096.0	2917.0	13.0	121.0	468.25	7567.5	10160.5	3821.261593336143	14602040.164705874	255.0	127.5	127.5	0.0	25.5	63.75	191.25	229.5	74.04503134354572	5482.666666666667	255.0	127.5	127.5	0.0	25.5	63.75	191.25	229.5	74.04503134354572	5482.666666666667	L628
12042023_s_Lm_st_L628_p_D05_pos004_tm_24_ch_Syto9_z_21_	256.0	128.5	128.5	1.0	26.5	64.75	192.25	230.5	74.04503134354572	5482.666666666667	9722.0	4096.0	3197.0	48.0	213.5	712.0	7667.5	9170.0	3460.1434720339	11972592.847058808	255.0	127.5	127.5	0.0	25.5	63.75	191.25	229.5	74.04503134354572	5482.666666666667	255.0	127.5	127.5	0.0	25.5	63.75	191.25	229.5	74.04503134354572	5482.666666666667	L628
12042023_s_Lm_st_L628_p_D05_pos005_tm_24_ch_Syto9_z_11_	256.0	128.5	128.5	1.0	26.5	64.75	192.25	230.5	74.04503134354572	5482.666666666667	32084.0	4096.0	4259.5	10.0	1456.0	2230.0	5754.25	6297.0	2570.0920911248963	6605373.356862743	255.0	127.5	127.5	0.0	25.5	63.75	191.25	229.5	74.04503134354572	5482.666666666667	255.0	127.5	127.5	0.0	25.5	63.75	191.25	229.5	74.04503134354572	5482.666666666667	L628
12042023_s_Lm_st_L628_p_D05_pos005_tm_24_ch_Syto9_z_21_	256.0	128.5	128.5	1.0	26.5	64.75	192.25	230.5	74.04503134354572	5482.666666666667	26562.0	4096.0	3998.0	21.0	1056.5	1836.25	6201.25	7061.0	2658.2222896470626	7066145.741176472	255.0	127.5	127.5	0.0	25.5	63.75	191.25	229.5	74.04503134354572	5482.666666666667	255.0	127.5	127.5	0.0	25.5	63.75	191.25	229.5	74.04503134354572	5482.666666666667	L628
12042023_s_Lm_st_L628_p_D06_pos001_tm_24_ch_Syto9_z_11_	256.0	128.5	128.5	1.0	26.5	64.75	192.25	230.5	74.04503134354572	5482.666666666667	12095.0	4096.0	4218.0	20.0	651.5	1471.75	6676.5	7337.0	2600.4297563377986	6762234.917647062	255.0	127.5	127.5	0.0	25.5	63.75	191.25	229.5	74.04503134354572	5482.666666666667	255.0	127.5	127.5	0.0	25.5	63.75	191.25	229.5	74.04503134354572	5482.666666666667	L628
12042023_s_Lm_st_L628_p_D06_pos001_tm_24_ch_Syto9_z_21_	256.0	128.5	128.5	1.0	26.5	64.75	192.25	230.5	74.04503134354572	5482.666666666667	11889.0	4096.0	2066.0	17.0	63.5	274.5	8317.5	10915.5	4266.45768207552	18202661.15294122	255.0	127.5	127.5	0.0	25.5	63.75	191.25	229.5	74.04503134354572	5482.666666666667	255.0	127.5	127.5	0.0	25.5	63.75	191.25	229.5	74.04503134354572	5482.666666666667	L628
12042023_s_Lm_st_L628_p_D06_pos002_tm_24_ch_Syto9_z_11_	256.0	128.5	128.5	1.0	26.5	64.75	192.25	230.5	74.04503134354572	5482.666666666667	49926.0	4096.0	4013.0	43.0	1440.5	2209.25	5376.0	6303.0	3430.5347813824183	11768568.886274517	255.0	127.5	127.5	0.0	25.5	63.75	191.25	229.5	74.04503134354572	5482.666666666667	255.0	127.5	127.5	0.0	25.5	63.75	191.25	229.5	74.04503134354572	5482.666666666667	L628
12042023_s_Lm_st_L628_p_D06_pos002_tm_24_ch_Syto9_z_21_	256.0	128.5	128.5	1.0	26.5	64.75	192.25	230.5	74.04503134354572	5482.666666666667	11776.0	4096.0	2800.0	70.0	120.5	494.0	7642.75	9821.0	3816.1239086636697	14562801.686274484	255.0	127.5	127.5	0.0	25.5	63.75	191.25	229.5	74.04503134354572	5482.666666666667	255.0	127.5	127.5	0.0	25.5	63.75	191.25	229.5	74.04503134354572	5482.666666666667	L628
12042023_s_Lm_st_L628_p_D06_pos003_tm_24_ch_Syto9_z_11_	256.0	128.5	128.5	1.0	26.5	64.75	192.25	230.5	74.04503134354572	5482.666666666667	11358.0	4096.0	2655.5	11.0	106.0	407.5	7568.25	10530.5	3961.438178138804	15692992.439215688	255.0	127.5	127.5	0.0	25.5	63.75	191.25	229.5	74.04503134354572	5482.666666666667	255.0	127.5	127.5	0.0	25.5	63.75	191.25	229.5	74.04503134354572	5482.666666666667	L628
12042023_s_Lm_st_L628_p_D06_pos003_tm_24_ch_Syto9_z_21_	256.0	128.5	128.5	1.0	26.5	64.75	192.25	230.5	74.04503134354572	5482.666666666667	9659.0	4096.0	3091.0	10.0	200.0	631.75	7923.5	9130.0	3507.44385445539	12302162.392156882	255.0	127.5	127.5	0.0	25.5	63.75	191.25	229.5	74.04503134354572	5482.666666666667	255.0	127.5	127.5	0.0	25.5	63.75	191.25	229.5	74.04503134354572	5482.666666666667	L628
12042023_s_Lm_st_L628_p_D06_pos004_tm_24_ch_Syto9_z_11_	256.0	128.5	128.5	1.0	26.5	64.75	192.25	230.5	74.04503134354572	5482.666666666667	16987.0	4096.0	4203.0	49.0	762.5	1629.25	6568.0	6986.5	2531.67994291011	6409403.33333334	255.0	127.5	127.5	0.0	25.5	63.75	191.25	229.5	74.04503134354572	5482.666666666667	255.0	127.5	127.5	0.0	25.5	63.75	191.25	229.5	74.04503134354572	5482.666666666667	L628
12042023_s_Lm_st_L628_p_D06_pos004_tm_24_ch_Syto9_z_21_	256.0	128.5	128.5	1.0	26.5	64.75	192.25	230.5	74.04503134354572	5482.666666666667	9284.0	4096.0	3276.0	64.0	260.5	746.5	7690.5	8955.5	3360.9897351821824	11296251.999999996	255.0	127.5	127.5	0.0	25.5	63.75	191.25	229.5	74.04503134354572	5482.666666666667	255.0	127.5	127.5	0.0	25.5	63.75	191.25	229.5	74.04503134354572	5482.666666666667	L628
12042023_s_Lm_st_L628_p_D06_pos005_tm_24_ch_Syto9_z_11_	256.0	128.5	128.5	1.0	26.5	64.75	192.25	230.5	74.04503134354572	5482.666666666667	17395.0	4096.0	3920.0	8.0	781.5	1496.25	6757.0	7521.5	2703.791117642622	7310486.407843137	255.0	127.5	127.5	0.0	25.5	63.75	191.25	229.5	74.04503134354572	5482.666666666667	255.0	127.5	127.5	0.0	25.5	63.75	191.25	229.5	74.04503134354572	5482.666666666667	L628
12042023_s_Lm_st_L628_p_D06_pos005_tm_24_ch_Syto9_z_21_	256.0	128.5	128.5	1.0	26.5	64.75	192.25	230.5	74.04503134354572	5482.666666666667	9469.0	4096.0	3398.5	2.0	325.5	890.25	7408.0	8908.0	3304.647543723125	10920695.388235286	255.0	127.5	127.5	0.0	25.5	63.75	191.25	229.5	74.04503134354572	5482.666666666667	255.0	127.5	127.5	0.0	25.5	63.75	191.25	229.5	74.04503134354572	5482.666666666667	L628
12042023_s_Lm_st_L628_p_D07_pos001_tm_24_ch_Syto9_z_11_	256.0	128.5	128.5	1.0	26.5	64.75	192.25	230.5	74.04503134354572	5482.666666666667	38753.0	4096.0	3418.5	72.0	1067.5	1621.75	5648.5	8096.0	3422.125131506193	11710940.41568628	255.0	127.5	127.5	0.0	25.5	63.75	191.25	229.5	74.04503134354572	5482.666666666667	255.0	127.5	127.5	0.0	25.5	63.75	191.25	229.5	74.04503134354572	5482.666666666667	L628
12042023_s_Lm_st_L628_p_D07_pos001_tm_24_ch_Syto9_z_21_	256.0	128.5	128.5	1.0	26.5	64.75	192.25	230.5	74.04503134354572	5482.666666666667	11290.0	4096.0	3164.0	6.0	385.5	937.75	6848.75	9329.0	3410.291337103264	11630087.003921568	255.0	127.5	127.5	0.0	25.5	63.75	191.25	229.5	74.04503134354572	5482.666666666667	255.0	127.5	127.5	0.0	25.5	63.75	191.25	229.5	74.04503134354572	5482.666666666667	L628
12042023_s_Lm_st_L628_p_D07_pos002_tm_24_ch_Syto9_z_11_	256.0	128.5	128.5	1.0	26.5	64.75	192.25	230.5	74.04503134354572	5482.666666666667	13543.0	4096.0	4105.0	6.0	646.0	1391.0	6810.0	7331.5	2663.950641361032	7096633.01960785	255.0	127.5	127.5	0.0	25.5	63.75	191.25	229.5	74.04503134354572	5482.666666666667	255.0	127.5	127.5	0.0	25.5	63.75	191.25	229.5	74.04503134354572	5482.666666666667	L628
12042023_s_Lm_st_L628_p_D07_pos002_tm_24_ch_Syto9_z_21_	256.0	128.5	128.5	1.0	26.5	64.75	192.25	230.5	74.04503134354572	5482.666666666667	12281.0	4096.0	2583.0	26.0	195.0	603.0	7060.0	10675.0	3920.806255621109	15372721.694117624	255.0	127.5	127.5	0.0	25.5	63.75	191.25	229.5	74.04503134354572	5482.666666666667	255.0	127.5	127.5	0.0	25.5	63.75	191.25	229.5	74.04503134354572	5482.666666666667	L628
12042023_s_Lm_st_L628_p_D07_pos003_tm_24_ch_Syto9_z_11_	256.0	128.5	128.5	1.0	26.5	64.75	192.25	230.5	74.04503134354572	5482.666666666667	87206.0	4096.0	3956.5	6.0	1866.5	2457.25	5150.25	5572.0	5411.9157993826775	29288832.619607847	255.0	127.5	127.5	0.0	25.5	63.75	191.25	229.5	74.04503134354572	5482.666666666667	255.0	127.5	127.5	0.0	25.5	63.75	191.25	229.5	74.04503134354572	5482.666666666667	L628
12042023_s_Lm_st_L628_p_D07_pos003_tm_24_ch_Syto9_z_21_	256.0	128.5	128.5	1.0	26.5	64.75	192.25	230.5	74.04503134354572	5482.666666666667	63190.0	4096.0	3890.0	7.0	1529.0	2136.0	5610.0	6225.5	4117.887268119561	16956995.552941177	255.0	127.5	127.5	0.0	25.5	63.75	191.25	229.5	74.04503134354572	5482.666666666667	255.0	127.5	127.5	0.0	25.5	63.75	191.25	229.5	74.04503134354572	5482.666666666667	L628
12042023_s_Lm_st_L628_p_D07_pos004_tm_24_ch_Syto9_z_11_	256.0	128.5	128.5	1.0	26.5	64.75	192.25	230.5	74.04503134354572	5482.666666666667	62592.0	4096.0	4094.5	1.0	1632.0	2302.0	5497.25	5793.5	4009.343152892636	16074832.51764706	255.0	127.5	127.5	0.0	25.5	63.75	191.25	229.5	74.04503134354572	5482.666666666667	255.0	127.5	127.5	0.0	25.5	63.75	191.25	229.5	74.04503134354572	5482.666666666667	L628
12042023_s_Lm_st_L628_p_D07_pos004_tm_24_ch_Syto9_z_21_	256.0	128.5	128.5	1.0	26.5	64.75	192.25	230.5	74.04503134354572	5482.666666666667	34183.0	4096.0	4304.0	36.0	1241.0	2074.0	5895.0	6202.5	2692.820731165757	7251283.490196082	255.0	127.5	127.5	0.0	25.5	63.75	191.25	229.5	74.04503134354572	5482.666666666667	255.0	127.5	127.5	0.0	25.5	63.75	191.25	229.5	74.04503134354572	5482.666666666667	L628
12042023_s_Lm_st_L628_p_D07_pos005_tm_24_ch_Syto9_z_11_	256.0	128.5	128.5	1.0	26.5	64.75	192.25	230.5	74.04503134354572	5482.666666666667	122009.0	4096.0	3442.5	1.0	1767.0	2181.75	5274.75	6004.0	7598.109251907448	57731264.20392157	255.0	127.5	127.5	0.0	25.5	63.75	191.25	229.5	74.04503134354572	5482.666666666667	255.0	127.5	127.5	0.0	25.5	63.75	191.25	229.5	74.04503134354572	5482.666666666667	L628
12042023_s_Lm_st_L628_p_D07_pos005_tm_24_ch_Syto9_z_21_	256.0	128.5	128.5	1.0	26.5	64.75	192.25	230.5	74.04503134354572	5482.666666666667	35298.0	4096.0	4335.0	6.0	1300.5	2069.75	5900.75	6246.5	2767.08771660252	7656774.431372544	255.0	127.5	127.5	0.0	25.5	63.75	191.25	229.5	74.04503134354572	5482.666666666667	255.0	127.5	127.5	0.0	25.5	63.75	191.25	229.5	74.04503134354572	5482.666666666667	L628
12042023_s_Lm_st_L628_p_D08_pos001_tm_24_ch_Syto9_z_11_	256.0	128.5	128.5	1.0	26.5	64.75	192.25	230.5	74.04503134354572	5482.666666666667	25745.0	4096.0	3405.5	37.0	860.0	1477.75	6279.75	8518.5	3102.343596095588	9624535.788235305	255.0	127.5	127.5	0.0	25.5	63.75	191.25	229.5	74.04503134354572	5482.666666666667	255.0	127.5	127.5	0.0	25.5	63.75	191.25	229.5	74.04503134354572	5482.666666666667	L628
12042023_s_Lm_st_L628_p_D08_pos001_tm_24_ch_Syto9_z_21_	256.0	128.5	128.5	1.0	26.5	64.75	192.25	230.5	74.04503134354572	5482.666666666667	12415.0	4096.0	2060.0	12.0	37.0	195.0	8050.25	11132.0	4348.281367052833	18907550.84705885	255.0	127.5	127.5	0.0	25.5	63.75	191.25	229.5	74.04503134354572	5482.666666666667	255.0	127.5	127.5	0.0	25.5	63.75	191.25	229.5	74.04503134354572	5482.666666666667	L628
12042023_s_Lm_st_L628_p_D08_pos002_tm_24_ch_Syto9_z_11_	256.0	128.5	128.5	1.0	26.5	64.75	192.25	230.5	74.04503134354572	5482.666666666667	11979.0	4096.0	3401.0	5.0	524.0	1093.25	6689.0	8827.5	3156.620096142795	9964250.431372548	255.0	127.5	127.5	0.0	25.5	63.75	191.25	229.5	74.04503134354572	5482.666666666667	255.0	127.5	127.5	0.0	25.5	63.75	191.25	229.5	74.04503134354572	5482.666666666667	L628
12042023_s_Lm_st_L628_p_D08_pos002_tm_24_ch_Syto9_z_21_	256.0	128.5	128.5	1.0	26.5	64.75	192.25	230.5	74.04503134354572	5482.666666666667	14438.0	4096.0	1658.0	5.0	25.5	135.5	7774.5	12048.0	4727.865768141968	22352714.72156864	255.0	127.5	127.5	0.0	25.5	63.75	191.25	229.5	74.04503134354572	5482.666666666667	255.0	127.5	127.5	0.0	25.5	63.75	191.25	229.5	74.04503134354572	5482.666666666667	L628
12042023_s_Lm_st_L628_p_D08_pos003_tm_24_ch_Syto9_z_11_	256.0	128.5	128.5	1.0	26.5	64.75	192.25	230.5	74.04503134354572	5482.666666666667	18595.0	4096.0	3774.0	12.0	735.0	1427.5	6641.75	7768.5	2798.111818533993	7829429.749019608	255.0	127.5	127.5	0.0	25.5	63.75	191.25	229.5	74.04503134354572	5482.666666666667	255.0	127.5	127.5	0.0	25.5	63.75	191.25	229.5	74.04503134354572	5482.666666666667	L628
12042023_s_Lm_st_L628_p_D08_pos003_tm_24_ch_Syto9_z_21_	256.0	128.5	128.5	1.0	26.5	64.75	192.25	230.5	74.04503134354572	5482.666666666667	12287.0	4096.0	3502.5	18.0	540.0	1106.5	7244.0	8329.0	3055.673612074662	9337141.223529411	255.0	127.5	127.5	0.0	25.5	63.75	191.25	229.5	74.04503134354572	5482.666666666667	255.0	127.5	127.5	0.0	25.5	63.75	191.25	229.5	74.04503134354572	5482.666666666667	L628
12042023_s_Lm_st_L628_p_D08_pos004_tm_24_ch_Syto9_z_11_	256.0	128.5	128.5	1.0	26.5	64.75	192.25	230.5	74.04503134354572	5482.666666666667	21011.0	4096.0	4176.0	8.0	948.5	1817.5	6302.5	7001.0	2507.162372241637	6285863.160784313	255.0	127.5	127.5	0.0	25.5	63.75	191.25	229.5	74.04503134354572	5482.666666666667	255.0	127.5	127.5	0.0	25.5	63.75	191.25	229.5	74.04503134354572	5482.666666666667	L628
12042023_s_Lm_st_L628_p_D08_pos004_tm_24_ch_Syto9_z_21_	256.0	128.5	128.5	1.0	26.5	64.75	192.25	230.5	74.04503134354572	5482.666666666667	35415.0	4096.0	4011.0	19.0	1265.0	1995.5	5930.25	6785.0	2846.461028068665	8102340.384313723	255.0	127.5	127.5	0.0	25.5	63.75	191.25	229.5	74.04503134354572	5482.666666666667	255.0	127.5	127.5	0.0	25.5	63.75	191.25	229.5	74.04503134354572	5482.666666666667	L628
12042023_s_Lm_st_L628_p_D08_pos005_tm_24_ch_Syto9_z_11_	256.0	128.5	128.5	1.0	26.5	64.75	192.25	230.5	74.04503134354572	5482.666666666667	33512.0	4096.0	3665.5	10.0	1026.0	1583.5	6309.0	7584.0	3083.7771631810338	9509681.592156865	255.0	127.5	127.5	0.0	25.5	63.75	191.25	229.5	74.04503134354572	5482.666666666667	255.0	127.5	127.5	0.0	25.5	63.75	191.25	229.5	74.04503134354572	5482.666666666667	L628
12042023_s_Lm_st_L628_p_D08_pos005_tm_24_ch_Syto9_z_21_	256.0	128.5	128.5	1.0	26.5	64.75	192.25	230.5	74.04503134354572	5482.666666666667	13122.0	4096.0	2691.5	4.0	511.5	932.25	6617.5	10479.0	3713.341266932772	13788903.364705885	255.0	127.5	127.5	0.0	25.5	63.75	191.25	229.5	74.04503134354572	5482.666666666667	255.0	127.5	127.5	0.0	25.5	63.75	191.25	229.5	74.04503134354572	5482.666666666667	L628
18042023_s_Lm_st_L394_p_C03_pos001_tm_24_ch_Syto9_z_11_	256.0	128.5	128.5	1.0	26.5	64.75	192.25	230.5	74.04503134354572	5482.666666666667	20027.0	4096.0	1365.0	11.0	30.0	146.0	7276.0	12039.0	5083.335468209133	25840299.48235297	255.0	127.5	127.5	0.0	25.5	63.75	191.25	229.5	74.04503134354572	5482.666666666667	255.0	127.5	127.5	0.0	25.5	63.75	191.25	229.5	74.04503134354572	5482.666666666667	L394
18042023_s_Lm_st_L394_p_C03_pos001_tm_24_ch_Syto9_z_21_	256.0	128.5	128.5	1.0	26.5	64.75	192.25	230.5	74.04503134354572	5482.666666666667	20788.0	4096.0	1180.0	2.0	9.5	74.5	6746.0	13063.0	5451.682101272351	29720837.733333323	255.0	127.5	127.5	0.0	25.5	63.75	191.25	229.5	74.04503134354572	5482.666666666667	255.0	127.5	127.5	0.0	25.5	63.75	191.25	229.5	74.04503134354572	5482.666666666667	L394
18042023_s_Lm_st_L394_p_C03_pos002_tm_24_ch_Syto9_z_11_	256.0	128.5	128.5	1.0	26.5	64.75	192.25	230.5	74.04503134354572	5482.666666666667	12619.0	4096.0	1715.0	8.0	28.0	173.75	8185.5	11799.0	4550.693454589868	20708810.917647067	255.0	127.5	127.5	0.0	25.5	63.75	191.25	229.5	74.04503134354572	5482.666666666667	255.0	127.5	127.5	0.0	25.5	63.75	191.25	229.5	74.04503134354572	5482.666666666667	L394
18042023_s_Lm_st_L394_p_C03_pos002_tm_24_ch_Syto9_z_21_	256.0	128.5	128.5	1.0	26.5	64.75	192.25	230.5	74.04503134354572	5482.666666666667	14150.0	4096.0	2014.0	14.0	69.5	309.25	7064.25	12208.0	4538.858384582421	20601235.43529415	255.0	127.5	127.5	0.0	25.5	63.75	191.25	229.5	74.04503134354572	5482.666666666667	255.0	127.5	127.5	0.0	25.5	63.75	191.25	229.5	74.04503134354572	5482.666666666667	L394
18042023_s_Lm_st_L394_p_C03_pos003_tm_24_ch_Syto9_z_11_	256.0	128.5	128.5	1.0	26.5	64.75	192.25	230.5	74.04503134354572	5482.666666666667	12050.0	4096.0	2533.5	2.0	92.0	414.75	7442.0	10747.5	4040.1107915307375	16322495.20784313	255.0	127.5	127.5	0.0	25.5	63.75	191.25	229.5	74.04503134354572	5482.666666666667	255.0	127.5	127.5	0.0	25.5	63.75	191.25	229.5	74.04503134354572	5482.666666666667	L394
18042023_s_Lm_st_L394_p_C03_pos003_tm_24_ch_Syto9_z_21_	256.0	128.5	128.5	1.0	26.5	64.75	192.25	230.5	74.04503134354572	5482.666666666667	16499.0	4096.0	3592.0	18.0	775.0	1502.5	6341.5	8244.0	2838.12040121005	8054927.411764695	255.0	127.5	127.5	0.0	25.5	63.75	191.25	229.5	74.04503134354572	5482.666666666667	255.0	127.5	127.5	0.0	25.5	63.75	191.25	229.5	74.04503134354572	5482.666666666667	L394
18042023_s_Lm_st_L394_p_C03_pos004_tm_24_ch_Syto9_z_11_	256.0	128.5	128.5	1.0	26.5	64.75	192.25	230.5	74.04503134354572	5482.666666666667	15773.0	4096.0	1262.0	2.0	12.0	65.25	7468.75	13134.5	5118.06823851711	26194622.494117636	255.0	127.5	127.5	0.0	25.5	63.75	191.25	229.5	74.04503134354572	5482.666666666667	255.0	127.5	127.5	0.0	25.5	63.75	191.25	229.5	74.04503134354572	5482.666666666667	L394
18042023_s_Lm_st_L394_p_C03_pos004_tm_24_ch_Syto9_z_21_	256.0	128.5	128.5	1.0	26.5	64.75	192.25	230.5	74.04503134354572	5482.666666666667	18824.0	4096.0	744.5	0.0	2.0	27.5	6913.0	14585.5	5755.679045133441	33127841.2705882	255.0	127.5	127.5	0.0	25.5	63.75	191.25	229.5	74.04503134354572	5482.666666666667	255.0	127.5	127.5	0.0	25.5	63.75	191.25	229.5	74.04503134354572	5482.666666666667	L394
18042023_s_Lm_st_L394_p_C03_pos005_tm_24_ch_Syto9_z_11_	256.0	128.5	128.5	1.0	26.5	64.75	192.25	230.5	74.04503134354572	5482.666666666667	11318.0	4096.0	2546.5	53.0	105.0	374.25	7866.5	10398.5	3975.473771741418	15804391.70980394	255.0	127.5	127.5	0.0	25.5	63.75	191.25	229.5	74.04503134354572	5482.666666666667	255.0	127.5	127.5	0.0	25.5	63.75	191.25	229.5	74.04503134354572	5482.666666666667	L394
18042023_s_Lm_st_L394_p_C03_pos005_tm_24_ch_Syto9_z_21_	256.0	128.5	128.5	1.0	26.5	64.75	192.25	230.5	74.04503134354572	5482.666666666667	10172.0	4096.0	3294.0	39.0	453.0	1078.75	7025.5	9108.5	3219.5559783981403	10365540.698039206	255.0	127.5	127.5	0.0	25.5	63.75	191.25	229.5	74.04503134354572	5482.666666666667	255.0	127.5	127.5	0.0	25.5	63.75	191.25	229.5	74.04503134354572	5482.666666666667	L394
18042023_s_Lm_st_L394_p_C04_pos001_tm_24_ch_Syto9_z_11_	256.0	128.5	128.5	1.0	26.5	64.75	192.25	230.5	74.04503134354572	5482.666666666667	17165.0	4096.0	555.5	0.0	3.0	22.0	7097.25	15511.5	5799.516724287819	33634394.23529411	255.0	127.5	127.5	0.0	25.5	63.75	191.25	229.5	74.04503134354572	5482.666666666667	255.0	127.5	127.5	0.0	25.5	63.75	191.25	229.5	74.04503134354572	5482.666666666667	L394
18042023_s_Lm_st_L394_p_C04_pos001_tm_24_ch_Syto9_z_21_	256.0	128.5	128.5	1.0	26.5	64.75	192.25	230.5	74.04503134354572	5482.666666666667	24962.0	4096.0	294.5	0.0	1.0	7.0	5309.75	16522.0	6767.961159671616	45805298.258823566	255.0	127.5	127.5	0.0	25.5	63.75	191.25	229.5	74.04503134354572	5482.666666666667	255.0	127.5	127.5	0.0	25.5	63.75	191.25	229.5	74.04503134354572	5482.666666666667	L394
18042023_s_Lm_st_L394_p_C04_pos002_tm_24_ch_Syto9_z_11_	256.0	128.5	128.5	1.0	26.5	64.75	192.25	230.5	74.04503134354572	5482.666666666667	18718.0	4096.0	282.0	0.0	0.0	4.0	6915.0	15725.0	6103.102208279482	37247856.564705886	255.0	127.5	127.5	0.0	25.5	63.75	191.25	229.5	74.04503134354572	5482.666666666667	255.0	127.5	127.5	0.0	25.5	63.75	191.25	229.5	74.04503134354572	5482.666666666667	L394
18042023_s_Lm_st_L394_p_C04_pos002_tm_24_ch_Syto9_z_21_	256.0	128.5	128.5	1.0	26.5	64.75	192.25	230.5	74.04503134354572	5482.666666666667	30039.0	4096.0	80.5	0.0	0.5	2.0	3816.0	17306.0	7813.862145659635	61056441.631372586	255.0	127.5	127.5	0.0	25.5	63.75	191.25	229.5	74.04503134354572	5482.666666666667	255.0	127.5	127.5	0.0	25.5	63.75	191.25	229.5	74.04503134354572	5482.666666666667	L394
18042023_s_Lm_st_L394_p_C04_pos003_tm_24_ch_Syto9_z_11_	256.0	128.5	128.5	1.0	26.5	64.75	192.25	230.5	74.04503134354572	5482.666666666667	13624.0	4096.0	2031.0	28.0	63.5	262.5	7426.75	11840.0	4490.648117771759	20165920.517647043	255.0	127.5	127.5	0.0	25.5	63.75	191.25	229.5	74.04503134354572	5482.666666666667	255.0	127.5	127.5	0.0	25.5	63.75	191.25	229.5	74.04503134354572	5482.666666666667	L394
18042023_s_Lm_st_L394_p_C04_pos003_tm_24_ch_Syto9_z_21_	256.0	128.5	128.5	1.0	26.5	64.75	192.25	230.5	74.04503134354572	5482.666666666667	10682.0	4096.0	3187.5	12.0	444.5	1020.5	6816.75	9423.0	3327.437082388621	11071837.537254903	255.0	127.5	127.5	0.0	25.5	63.75	191.25	229.5	74.04503134354572	5482.666666666667	255.0	127.5	127.5	0.0	25.5	63.75	191.25	229.5	74.04503134354572	5482.666666666667	L394
18042023_s_Lm_st_L394_p_C04_pos004_tm_24_ch_Syto9_z_11_	256.0	128.5	128.5	1.0	26.5	64.75	192.25	230.5	74.04503134354572	5482.666666666667	12299.0	4096.0	2331.0	22.0	159.5	474.0	7470.25	11080.0	4135.588222381197	17103089.94509807	255.0	127.5	127.5	0.0	25.5	63.75	191.25	229.5	74.04503134354572	5482.666666666667	255.0	127.5	127.5	0.0	25.5	63.75	191.25	229.5	74.04503134354572	5482.666666666667	L394
18042023_s_Lm_st_L394_p_C04_pos004_tm_24_ch_Syto9_z_21_	256.0	128.5	128.5	1.0	26.5	64.75	192.25	230.5	74.04503134354572	5482.666666666667	14756.0	4096.0	3328.0	20.0	671.5	1313.5	6721.75	8769.0	3053.984823466021	9326823.301960783	255.0	127.5	127.5	0.0	25.5	63.75	191.25	229.5	74.04503134354572	5482.666666666667	255.0	127.5	127.5	0.0	25.5	63.75	191.25	229.5	74.04503134354572	5482.666666666667	L394
18042023_s_Lm_st_L394_p_C04_pos005_tm_24_ch_Syto9_z_11_	256.0	128.5	128.5	1.0	26.5	64.75	192.25	230.5	74.04503134354572	5482.666666666667	15802.0	4096.0	1013.0	0.0	1.0	16.0	7737.25	13668.0	5277.737581243557	27854513.97647059	255.0	127.5	127.5	0.0	25.5	63.75	191.25	229.5	74.04503134354572	5482.666666666667	255.0	127.5	127.5	0.0	25.5	63.75	191.25	229.5	74.04503134354572	5482.666666666667	L394
18042023_s_Lm_st_L394_p_C04_pos005_tm_24_ch_Syto9_z_21_	256.0	128.5	128.5	1.0	26.5	64.75	192.25	230.5	74.04503134354572	5482.666666666667	11937.0	4096.0	2694.5	40.0	249.5	708.75	7122.75	10519.0	3819.7249228543287	14590298.486274509	255.0	127.5	127.5	0.0	25.5	63.75	191.25	229.5	74.04503134354572	5482.666666666667	255.0	127.5	127.5	0.0	25.5	63.75	191.25	229.5	74.04503134354572	5482.666666666667	L394
18042023_s_Lm_st_L394_p_C05_pos001_tm_24_ch_Syto9_z_11_	256.0	128.5	128.5	1.0	26.5	64.75	192.25	230.5	74.04503134354572	5482.666666666667	16199.0	4096.0	1736.0	60.0	106.0	311.5	7173.25	12147.5	4716.208077200469	22242618.627450947	255.0	127.5	127.5	0.0	25.5	63.75	191.25	229.5	74.04503134354572	5482.666666666667	255.0	127.5	127.5	0.0	25.5	63.75	191.25	229.5	74.04503134354572	5482.666666666667	L394
18042023_s_Lm_st_L394_p_C05_pos001_tm_24_ch_Syto9_z_21_	256.0	128.5	128.5	1.0	26.5	64.75	192.25	230.5	74.04503134354572	5482.666666666667	20510.0	4096.0	329.0	0.0	0.0	4.0	6249.75	16136.0	6300.890710766186	39701223.749019615	255.0	127.5	127.5	0.0	25.5	63.75	191.25	229.5	74.04503134354572	5482.666666666667	255.0	127.5	127.5	0.0	25.5	63.75	191.25	229.5	74.04503134354572	5482.666666666667	L394
18042023_s_Lm_st_L394_p_C05_pos002_tm_24_ch_Syto9_z_11_	256.0	128.5	128.5	1.0	26.5	64.75	192.25	230.5	74.04503134354572	5482.666666666667	22460.0	4096.0	1750.5	79.0	130.5	370.5	6618.75	11633.0	4974.22170875436	24742881.60784314	255.0	127.5	127.5	0.0	25.5	63.75	191.25	229.5	74.04503134354572	5482.666666666667	255.0	127.5	127.5	0.0	25.5	63.75	191.25	229.5	74.04503134354572	5482.666666666667	L394
18042023_s_Lm_st_L394_p_C05_pos002_tm_24_ch_Syto9_z_21_	256.0	128.5	128.5	1.0	26.5	64.75	192.25	230.5	74.04503134354572	5482.666666666667	23331.0	4096.0	477.0	0.0	3.0	15.0	6058.75	15156.0	6378.389180755314	40683848.54117644	255.0	127.5	127.5	0.0	25.5	63.75	191.25	229.5	74.04503134354572	5482.666666666667	255.0	127.5	127.5	0.0	25.5	63.75	191.25	229.5	74.04503134354572	5482.666666666667	L394
18042023_s_Lm_st_L394_p_C05_pos003_tm_24_ch_Syto9_z_11_	256.0	128.5	128.5	1.0	26.5	64.75	192.25	230.5	74.04503134354572	5482.666666666667	14642.0	4096.0	2008.0	45.0	93.0	335.5	7061.25	12095.5	4529.355814474906	20515064.09411764	255.0	127.5	127.5	0.0	25.5	63.75	191.25	229.5	74.04503134354572	5482.666666666667	255.0	127.5	127.5	0.0	25.5	63.75	191.25	229.5	74.04503134354572	5482.666666666667	L394
18042023_s_Lm_st_L394_p_C05_pos003_tm_24_ch_Syto9_z_21_	256.0	128.5	128.5	1.0	26.5	64.75	192.25	230.5	74.04503134354572	5482.666666666667	15543.0	4096.0	1662.0	14.0	41.5	184.0	7206.75	12584.5	4846.272564013078	23486357.7647059	255.0	127.5	127.5	0.0	25.5	63.75	191.25	229.5	74.04503134354572	5482.666666666667	255.0	127.5	127.5	0.0	25.5	63.75	191.25	229.5	74.04503134354572	5482.666666666667	L394
18042023_s_Lm_st_L394_p_C05_pos004_tm_24_ch_Syto9_z_11_	256.0	128.5	128.5	1.0	26.5	64.75	192.25	230.5	74.04503134354572	5482.666666666667	14124.0	4096.0	1961.5	43.0	92.0	331.25	7287.75	11833.5	4529.480977928016	20516197.92941173	255.0	127.5	127.5	0.0	25.5	63.75	191.25	229.5	74.04503134354572	5482.666666666667	255.0	127.5	127.5	0.0	25.5	63.75	191.25	229.5	74.04503134354572	5482.666666666667	L394
18042023_s_Lm_st_L394_p_C05_pos004_tm_24_ch_Syto9_z_21_	256.0	128.5	128.5	1.0	26.5	64.75	192.25	230.5	74.04503134354572	5482.666666666667	16141.0	4096.0	1567.5	4.0	25.0	164.25	7079.5	12829.5	4954.7457123963295	24549505.07450981	255.0	127.5	127.5	0.0	25.5	63.75	191.25	229.5	74.04503134354572	5482.666666666667	255.0	127.5	127.5	0.0	25.5	63.75	191.25	229.5	74.04503134354572	5482.666666666667	L394
18042023_s_Lm_st_L394_p_C05_pos005_tm_24_ch_Syto9_z_11_	256.0	128.5	128.5	1.0	26.5	64.75	192.25	230.5	74.04503134354572	5482.666666666667	12717.0	4096.0	2626.0	207.0	318.0	735.75	7310.0	10317.0	3770.471900563795	14216458.352941155	255.0	127.5	127.5	0.0	25.5	63.75	191.25	229.5	74.04503134354572	5482.666666666667	255.0	127.5	127.5	0.0	25.5	63.75	191.25	229.5	74.04503134354572	5482.666666666667	L394
18042023_s_Lm_st_L394_p_C05_pos005_tm_24_ch_Syto9_z_21_	256.0	128.5	128.5	1.0	26.5	64.75	192.25	230.5	74.04503134354572	5482.666666666667	15897.0	4096.0	1300.0	4.0	26.5	131.25	7019.25	13519.5	5145.285481894668	26473962.690196045	255.0	127.5	127.5	0.0	25.5	63.75	191.25	229.5	74.04503134354572	5482.666666666667	255.0	127.5	127.5	0.0	25.5	63.75	191.25	229.5	74.04503134354572	5482.666666666667	L394
18042023_s_Lm_st_L394_p_C06_pos001_tm_24_ch_Syto9_z_11_	256.0	128.5	128.5	1.0	26.5	64.75	192.25	230.5	74.04503134354572	5482.666666666667	28254.0	4096.0	167.5	0.0	1.0	7.0	3928.5	17405.5	7468.942967972341	55785109.058823474	255.0	127.5	127.5	0.0	25.5	63.75	191.25	229.5	74.04503134354572	5482.666666666667	255.0	127.5	127.5	0.0	25.5	63.75	191.25	229.5	74.04503134354572	5482.666666666667	L394
18042023_s_Lm_st_L394_p_C06_pos001_tm_24_ch_Syto9_z_21_	256.0	128.5	128.5	1.0	26.5	64.75	192.25	230.5	74.04503134354572	5482.666666666667	22025.0	4096.0	356.0	0.0	1.0	8.75	5466.75	16284.0	6580.01846650964	43296643.01960788	255.0	127.5	127.5	0.0	25.5	63.75	191.25	229.5	74.04503134354572	5482.666666666667	255.0	127.5	127.5	0.0	25.5	63.75	191.25	229.5	74.04503134354572	5482.666666666667	L394
18042023_s_Lm_st_L394_p_C06_pos002_tm_24_ch_Syto9_z_11_	256.0	128.5	128.5	1.0	26.5	64.75	192.25	230.5	74.04503134354572	5482.666666666667	36652.0	4096.0	116.0	0.0	1.0	4.0	3450.0	15705.0	8119.557572221992	65927215.168627486	255.0	127.5	127.5	0.0	25.5	63.75	191.25	229.5	74.04503134354572	5482.666666666667	255.0	127.5	127.5	0.0	25.5	63.75	191.25	229.5	74.04503134354572	5482.666666666667	L394
18042023_s_Lm_st_L394_p_C06_pos002_tm_24_ch_Syto9_z_21_	256.0	128.5	128.5	1.0	26.5	64.75	192.25	230.5	74.04503134354572	5482.666666666667	39263.0	4096.0	6.0	0.0	0.0	0.0	1686.0	16893.5	9068.838267904644	82243827.52941172	255.0	127.5	127.5	0.0	25.5	63.75	191.25	229.5	74.04503134354572	5482.666666666667	255.0	127.5	127.5	0.0	25.5	63.75	191.25	229.5	74.04503134354572	5482.666666666667	L394
18042023_s_Lm_st_L394_p_C06_pos003_tm_24_ch_Syto9_z_11_	256.0	128.5	128.5	1.0	26.5	64.75	192.25	230.5	74.04503134354572	5482.666666666667	21974.0	4096.0	495.5	1.0	4.0	26.25	5795.0	15523.5	6344.217679177188	40249097.96078438	255.0	127.5	127.5	0.0	25.5	63.75	191.25	229.5	74.04503134354572	5482.666666666667	255.0	127.5	127.5	0.0	25.5	63.75	191.25	229.5	74.04503134354572	5482.666666666667	L394
18042023_s_Lm_st_L394_p_C06_pos003_tm_24_ch_Syto9_z_21_	256.0	128.5	128.5	1.0	26.5	64.75	192.25	230.5	74.04503134354572	5482.666666666667	18323.0	4096.0	970.0	0.0	5.0	35.25	6967.0	13859.5	5528.396720391834	30563170.298039187	255.0	127.5	127.5	0.0	25.5	63.75	191.25	229.5	74.04503134354572	5482.666666666667	255.0	127.5	127.5	0.0	25.5	63.75	191.25	229.5	74.04503134354572	5482.666666666667	L394
18042023_s_Lm_st_L394_p_C06_pos004_tm_24_ch_Syto9_z_11_	256.0	128.5	128.5	1.0	26.5	64.75	192.25	230.5	74.04503134354572	5482.666666666667	14834.0	4096.0	1511.0	27.0	59.0	245.25	7113.5	13252.5	4904.6850479524	24055935.41960784	255.0	127.5	127.5	0.0	25.5	63.75	191.25	229.5	74.04503134354572	5482.666666666667	255.0	127.5	127.5	0.0	25.5	63.75	191.25	229.5	74.04503134354572	5482.666666666667	L394
18042023_s_Lm_st_L394_p_C06_pos004_tm_24_ch_Syto9_z_21_	256.0	128.5	128.5	1.0	26.5	64.75	192.25	230.5	74.04503134354572	5482.666666666667	17194.0	4096.0	670.0	0.0	2.0	20.5	7088.0	14484.5	5645.148269818543	31867698.98823529	255.0	127.5	127.5	0.0	25.5	63.75	191.25	229.5	74.04503134354572	5482.666666666667	255.0	127.5	127.5	0.0	25.5	63.75	191.25	229.5	74.04503134354572	5482.666666666667	L394
18042023_s_Lm_st_L394_p_C06_pos005_tm_24_ch_Syto9_z_11_	256.0	128.5	128.5	1.0	26.5	64.75	192.25	230.5	74.04503134354572	5482.666666666667	24527.0	4096.0	163.0	0.0	1.0	5.0	4773.75	16803.5	7004.62307113148	49064744.36862741	255.0	127.5	127.5	0.0	25.5	63.75	191.25	229.5	74.04503134354572	5482.666666666667	255.0	127.5	127.5	0.0	25.5	63.75	191.25	229.5	74.04503134354572	5482.666666666667	L394
18042023_s_Lm_st_L394_p_C06_pos005_tm_24_ch_Syto9_z_21_	256.0	128.5	128.5	1.0	26.5	64.75	192.25	230.5	74.04503134354572	5482.666666666667	29600.0	4096.0	52.5	0.0	0.0	1.0	3477.5	17714.0	7784.1277718590545	60592645.16862741	255.0	127.5	127.5	0.0	25.5	63.75	191.25	229.5	74.04503134354572	5482.666666666667	255.0	127.5	127.5	0.0	25.5	63.75	191.25	229.5	74.04503134354572	5482.666666666667	L394
18042023_s_Lm_st_L394_p_C07_pos001_tm_24_ch_Syto9_z_11_	256.0	128.5	128.5	1.0	26.5	64.75	192.25	230.5	74.04503134354572	5482.666666666667	14439.0	4096.0	3179.0	186.0	623.5	1247.75	6734.25	8672.5	3201.0122663638394	10246479.529411765	255.0	127.5	127.5	0.0	25.5	63.75	191.25	229.5	74.04503134354572	5482.666666666667	255.0	127.5	127.5	0.0	25.5	63.75	191.25	229.5	74.04503134354572	5482.666666666667	L394
18042023_s_Lm_st_L394_p_C07_pos001_tm_24_ch_Syto9_z_21_	256.0	128.5	128.5	1.0	26.5	64.75	192.25	230.5	74.04503134354572	5482.666666666667	26734.0	4096.0	47.0	0.0	0.0	1.0	3880.5	17639.5	7523.147642247816	56597750.44705888	255.0	127.5	127.5	0.0	25.5	63.75	191.25	229.5	74.04503134354572	5482.666666666667	255.0	127.5	127.5	0.0	25.5	63.75	191.25	229.5	74.04503134354572	5482.666666666667	L394
18042023_s_Lm_st_L394_p_C07_pos002_tm_24_ch_Syto9_z_11_	256.0	128.5	128.5	1.0	26.5	64.75	192.25	230.5	74.04503134354572	5482.666666666667	14257.0	4096.0	2377.5	136.0	225.0	588.0	6734.25	11189.5	4184.152066745069	17507128.51764703	255.0	127.5	127.5	0.0	25.5	63.75	191.25	229.5	74.04503134354572	5482.666666666667	255.0	127.5	127.5	0.0	25.5	63.75	191.25	229.5	74.04503134354572	5482.666666666667	L394
18042023_s_Lm_st_L394_p_C07_pos002_tm_24_ch_Syto9_z_21_	256.0	128.5	128.5	1.0	26.5	64.75	192.25	230.5	74.04503134354572	5482.666666666667	19576.0	4096.0	773.0	0.0	3.0	27.0	6308.5	14636.5	5811.093945137669	33768812.83921567	255.0	127.5	127.5	0.0	25.5	63.75	191.25	229.5	74.04503134354572	5482.666666666667	255.0	127.5	127.5	0.0	25.5	63.75	191.25	229.5	74.04503134354572	5482.666666666667	L394
18042023_s_Lm_st_L394_p_C07_pos003_tm_24_ch_Syto9_z_11_	256.0	128.5	128.5	1.0	26.5	64.75	192.25	230.5	74.04503134354572	5482.666666666667	13147.0	4096.0	2417.5	62.0	191.5	546.75	7067.5	11179.5	4104.142606359255	16843986.53333334	255.0	127.5	127.5	0.0	25.5	63.75	191.25	229.5	74.04503134354572	5482.666666666667	255.0	127.5	127.5	0.0	25.5	63.75	191.25	229.5	74.04503134354572	5482.666666666667	L394
18042023_s_Lm_st_L394_p_C07_pos003_tm_24_ch_Syto9_z_21_	256.0	128.5	128.5	1.0	26.5	64.75	192.25	230.5	74.04503134354572	5482.666666666667	12194.0	4096.0	2729.5	258.0	385.0	848.75	6853.25	10453.0	3743.595191371891	14014504.956862744	255.0	127.5	127.5	0.0	25.5	63.75	191.25	229.5	74.04503134354572	5482.666666666667	255.0	127.5	127.5	0.0	25.5	63.75	191.25	229.5	74.04503134354572	5482.666666666667	L394
18042023_s_Lm_st_L394_p_C07_pos004_tm_24_ch_Syto9_z_11_	256.0	128.5	128.5	1.0	26.5	64.75	192.25	230.5	74.04503134354572	5482.666666666667	13363.0	4096.0	2317.0	44.0	225.0	563.25	6984.5	11610.5	4225.755149129223	17857006.58039214	255.0	127.5	127.5	0.0	25.5	63.75	191.25	229.5	74.04503134354572	5482.666666666667	255.0	127.5	127.5	0.0	25.5	63.75	191.25	229.5	74.04503134354572	5482.666666666667	L394
18042023_s_Lm_st_L394_p_C07_pos004_tm_24_ch_Syto9_z_21_	256.0	128.5	128.5	1.0	26.5	64.75	192.25	230.5	74.04503134354572	5482.666666666667	15264.0	4096.0	1824.0	19.0	57.0	258.5	6736.75	12527.5	4747.871646182894	22542285.168627467	255.0	127.5	127.5	0.0	25.5	63.75	191.25	229.5	74.04503134354572	5482.666666666667	255.0	127.5	127.5	0.0	25.5	63.75	191.25	229.5	74.04503134354572	5482.666666666667	L394
18042023_s_Lm_st_L394_p_C07_pos005_tm_24_ch_Syto9_z_11_	256.0	128.5	128.5	1.0	26.5	64.75	192.25	230.5	74.04503134354572	5482.666666666667	11861.0	4096.0	2762.5	62.0	240.0	699.5	6955.25	10671.5	3848.222473288359	14808816.203921571	255.0	127.5	127.5	0.0	25.5	63.75	191.25	229.5	74.04503134354572	5482.666666666667	255.0	127.5	127.5	0.0	25.5	63.75	191.25	229.5	74.04503134354572	5482.666666666667	L394
18042023_s_Lm_st_L394_p_C07_pos005_tm_24_ch_Syto9_z_21_	256.0	128.5	128.5	1.0	26.5	64.75	192.25	230.5	74.04503134354572	5482.666666666667	13097.0	4096.0	2380.5	19.0	78.0	343.5	7120.5	11326.5	4251.106485721237	18071906.352941167	255.0	127.5	127.5	0.0	25.5	63.75	191.25	229.5	74.04503134354572	5482.666666666667	255.0	127.5	127.5	0.0	25.5	63.75	191.25	229.5	74.04503134354572	5482.666666666667	L394
18042023_s_Lm_st_L394_p_C08_pos001_tm_24_ch_Syto9_z_11_	256.0	128.5	128.5	1.0	26.5	64.75	192.25	230.5	74.04503134354572	5482.666666666667	21807.0	4096.0	1503.5	27.0	63.0	234.75	6355.25	12883.5	5315.170766998269	28251040.28235296	255.0	127.5	127.5	0.0	25.5	63.75	191.25	229.5	74.04503134354572	5482.666666666667	255.0	127.5	127.5	0.0	25.5	63.75	191.25	229.5	74.04503134354572	5482.666666666667	L394
18042023_s_Lm_st_L394_p_C08_pos001_tm_24_ch_Syto9_z_21_	256.0	128.5	128.5	1.0	26.5	64.75	192.25	230.5	74.04503134354572	5482.666666666667	19343.0	4096.0	573.5	0.0	3.0	17.0	6628.75	15528.5	5962.825830288267	35555291.88235296	255.0	127.5	127.5	0.0	25.5	63.75	191.25	229.5	74.04503134354572	5482.666666666667	255.0	127.5	127.5	0.0	25.5	63.75	191.25	229.5	74.04503134354572	5482.666666666667	L394
18042023_s_Lm_st_L394_p_C08_pos002_tm_24_ch_Syto9_z_11_	256.0	128.5	128.5	1.0	26.5	64.75	192.25	230.5	74.04503134354572	5482.666666666667	22325.0	4096.0	775.0	1.0	11.0	56.25	6277.0	14423.5	5955.99791148122	35473911.12156866	255.0	127.5	127.5	0.0	25.5	63.75	191.25	229.5	74.04503134354572	5482.666666666667	255.0	127.5	127.5	0.0	25.5	63.75	191.25	229.5	74.04503134354572	5482.666666666667	L394
18042023_s_Lm_st_L394_p_C08_pos002_tm_24_ch_Syto9_z_21_	256.0	128.5	128.5	1.0	26.5	64.75	192.25	230.5	74.04503134354572	5482.666666666667	24660.0	4096.0	227.5	0.0	1.0	4.0	5528.25	15769.0	6737.5380701751055	45394419.24705888	255.0	127.5	127.5	0.0	25.5	63.75	191.25	229.5	74.04503134354572	5482.666666666667	255.0	127.5	127.5	0.0	25.5	63.75	191.25	229.5	74.04503134354572	5482.666666666667	L394
18042023_s_Lm_st_L394_p_C08_pos003_tm_24_ch_Syto9_z_11_	256.0	128.5	128.5	1.0	26.5	64.75	192.25	230.5	74.04503134354572	5482.666666666667	18929.0	4096.0	1181.5	10.0	27.0	124.75	6392.75	13544.5	5486.156821902724	30097916.6745098	255.0	127.5	127.5	0.0	25.5	63.75	191.25	229.5	74.04503134354572	5482.666666666667	255.0	127.5	127.5	0.0	25.5	63.75	191.25	229.5	74.04503134354572	5482.666666666667	L394
18042023_s_Lm_st_L394_p_C08_pos003_tm_24_ch_Syto9_z_21_	256.0	128.5	128.5	1.0	26.5	64.75	192.25	230.5	74.04503134354572	5482.666666666667	18842.0	4096.0	1040.5	1.0	8.0	64.0	6772.75	13748.0	5499.972364992959	30249696.015686247	255.0	127.5	127.5	0.0	25.5	63.75	191.25	229.5	74.04503134354572	5482.666666666667	255.0	127.5	127.5	0.0	25.5	63.75	191.25	229.5	74.04503134354572	5482.666666666667	L394
18042023_s_Lm_st_L394_p_C08_pos004_tm_24_ch_Syto9_z_11_	256.0	128.5	128.5	1.0	26.5	64.75	192.25	230.5	74.04503134354572	5482.666666666667	17396.0	4096.0	1498.5	19.0	49.0	214.5	6520.25	13339.0	5167.491325964816	26702966.60392161	255.0	127.5	127.5	0.0	25.5	63.75	191.25	229.5	74.04503134354572	5482.666666666667	255.0	127.5	127.5	0.0	25.5	63.75	191.25	229.5	74.04503134354572	5482.666666666667	L394
18042023_s_Lm_st_L394_p_C08_pos004_tm_24_ch_Syto9_z_21_	256.0	128.5	128.5	1.0	26.5	64.75	192.25	230.5	74.04503134354572	5482.666666666667	18462.0	4096.0	722.5	0.0	3.0	20.0	6700.25	14968.0	5746.962023027263	33027572.49411761	255.0	127.5	127.5	0.0	25.5	63.75	191.25	229.5	74.04503134354572	5482.666666666667	255.0	127.5	127.5	0.0	25.5	63.75	191.25	229.5	74.04503134354572	5482.666666666667	L394
18042023_s_Lm_st_L394_p_C08_pos005_tm_24_ch_Syto9_z_11_	256.0	128.5	128.5	1.0	26.5	64.75	192.25	230.5	74.04503134354572	5482.666666666667	16993.0	4096.0	1124.5	0.0	8.5	62.0	6821.25	13673.5	5348.20895730341	28603339.050980423	255.0	127.5	127.5	0.0	25.5	63.75	191.25	229.5	74.04503134354572	5482.666666666667	255.0	127.5	127.5	0.0	25.5	63.75	191.25	229.5	74.04503134354572	5482.666666666667	L394
18042023_s_Lm_st_L394_p_C08_pos005_tm_24_ch_Syto9_z_21_	256.0	128.5	128.5	1.0	26.5	64.75	192.25	230.5	74.04503134354572	5482.666666666667	15700.0	4096.0	1264.5	0.0	5.5	49.75	7323.25	13292.5	5111.582836088652	26128279.0901961	255.0	127.5	127.5	0.0	25.5	63.75	191.25	229.5	74.04503134354572	5482.666666666667	255.0	127.5	127.5	0.0	25.5	63.75	191.25	229.5	74.04503134354572	5482.666666666667	L394
18042023_s_Lm_st_L394_p_D04_pos001_tm_24_ch_Syto9_z_11_	256.0	128.5	128.5	1.0	26.5	64.75	192.25	230.5	74.04503134354572	5482.666666666667	14458.0	4096.0	813.5	0.0	1.0	10.75	8512.75	12942.0	5100.016252953725	26010165.78039215	255.0	127.5	127.5	0.0	25.5	63.75	191.25	229.5	74.04503134354572	5482.666666666667	255.0	127.5	127.5	0.0	25.5	63.75	191.25	229.5	74.04503134354572	5482.666666666667	L394
18042023_s_Lm_st_L394_p_D04_pos001_tm_24_ch_Syto9_z_21_	256.0	128.5	128.5	1.0	26.5	64.75	192.25	230.5	74.04503134354572	5482.666666666667	18580.0	4096.0	90.0	0.0	0.0	1.0	7590.0	15640.0	6123.289897483825	37494679.16862748	255.0	127.5	127.5	0.0	25.5	63.75	191.25	229.5	74.04503134354572	5482.666666666667	255.0	127.5	127.5	0.0	25.5	63.75	191.25	229.5	74.04503134354572	5482.666666666667	L394
18042023_s_Lm_st_L394_p_D04_pos002_tm_24_ch_Syto9_z_11_	256.0	128.5	128.5	1.0	26.5	64.75	192.25	230.5	74.04503134354572	5482.666666666667	13435.0	4096.0	1327.5	0.0	3.0	34.25	8500.25	12101.5	4807.741750266429	23114380.737254903	255.0	127.5	127.5	0.0	25.5	63.75	191.25	229.5	74.04503134354572	5482.666666666667	255.0	127.5	127.5	0.0	25.5	63.75	191.25	229.5	74.04503134354572	5482.666666666667	L394
18042023_s_Lm_st_L394_p_D04_pos002_tm_24_ch_Syto9_z_21_	256.0	128.5	128.5	1.0	26.5	64.75	192.25	230.5	74.04503134354572	5482.666666666667	15859.0	4096.0	561.5	0.0	1.0	12.0	8175.25	13874.5	5454.619484940283	29752873.7254902	255.0	127.5	127.5	0.0	25.5	63.75	191.25	229.5	74.04503134354572	5482.666666666667	255.0	127.5	127.5	0.0	25.5	63.75	191.25	229.5	74.04503134354572	5482.666666666667	L394
18042023_s_Lm_st_L394_p_D04_pos003_tm_24_ch_Syto9_z_11_	256.0	128.5	128.5	1.0	26.5	64.75	192.25	230.5	74.04503134354572	5482.666666666667	13330.0	4096.0	1757.5	0.0	2.0	67.5	8142.25	11765.5	4602.556847802632	21183529.5372549	255.0	127.5	127.5	0.0	25.5	63.75	191.25	229.5	74.04503134354572	5482.666666666667	255.0	127.5	127.5	0.0	25.5	63.75	191.25	229.5	74.04503134354572	5482.666666666667	L394
18042023_s_Lm_st_L394_p_D04_pos003_tm_24_ch_Syto9_z_21_	256.0	128.5	128.5	1.0	26.5	64.75	192.25	230.5	74.04503134354572	5482.666666666667	14372.0	4096.0	1243.0	0.0	1.0	15.75	8056.75	12891.0	5011.539000441004	25115523.152941216	255.0	127.5	127.5	0.0	25.5	63.75	191.25	229.5	74.04503134354572	5482.666666666667	255.0	127.5	127.5	0.0	25.5	63.75	191.25	229.5	74.04503134354572	5482.666666666667	L394
18042023_s_Lm_st_L394_p_D04_pos004_tm_24_ch_Syto9_z_11_	256.0	128.5	128.5	1.0	26.5	64.75	192.25	230.5	74.04503134354572	5482.666666666667	13119.0	4096.0	1845.0	0.0	3.0	54.0	8296.25	11396.5	4519.729094779472	20427951.090196066	255.0	127.5	127.5	0.0	25.5	63.75	191.25	229.5	74.04503134354572	5482.666666666667	255.0	127.5	127.5	0.0	25.5	63.75	191.25	229.5	74.04503134354572	5482.666666666667	L394
18042023_s_Lm_st_L394_p_D04_pos004_tm_24_ch_Syto9_z_21_	256.0	128.5	128.5	1.0	26.5	64.75	192.25	230.5	74.04503134354572	5482.666666666667	12581.0	4096.0	1724.5	0.0	3.0	63.75	8310.25	11706.5	4564.90267920229	20838336.47058824	255.0	127.5	127.5	0.0	25.5	63.75	191.25	229.5	74.04503134354572	5482.666666666667	255.0	127.5	127.5	0.0	25.5	63.75	191.25	229.5	74.04503134354572	5482.666666666667	L394
18042023_s_Lm_st_L394_p_D04_pos005_tm_24_ch_Syto9_z_11_	256.0	128.5	128.5	1.0	26.5	64.75	192.25	230.5	74.04503134354572	5482.666666666667	14849.0	4096.0	1002.5	0.0	0.0	18.5	8459.5	12825.0	5049.1609095171525	25494025.89019608	255.0	127.5	127.5	0.0	25.5	63.75	191.25	229.5	74.04503134354572	5482.666666666667	255.0	127.5	127.5	0.0	25.5	63.75	191.25	229.5	74.04503134354572	5482.666666666667	L394
18042023_s_Lm_st_L394_p_D04_pos005_tm_24_ch_Syto9_z_21_	256.0	128.5	128.5	1.0	26.5	64.75	192.25	230.5	74.04503134354572	5482.666666666667	16532.0	4096.0	458.5	0.0	0.0	5.75	7724.25	14230.5	5627.810042504085	31672245.874509823	255.0	127.5	127.5	0.0	25.5	63.75	191.25	229.5	74.04503134354572	5482.666666666667	255.0	127.5	127.5	0.0	25.5	63.75	191.25	229.5	74.04503134354572	5482.666666666667	L394
18042023_s_Lm_st_L394_p_D05_pos001_tm_24_ch_Syto9_z_11_	256.0	128.5	128.5	1.0	26.5	64.75	192.25	230.5	74.04503134354572	5482.666666666667	12384.0	4096.0	2246.0	23.0	64.5	291.0	7799.0	10865.0	4206.670481648936	17696076.54117649	255.0	127.5	127.5	0.0	25.5	63.75	191.25	229.5	74.04503134354572	5482.666666666667	255.0	127.5	127.5	0.0	25.5	63.75	191.25	229.5	74.04503134354572	5482.666666666667	L394
18042023_s_Lm_st_L394_p_D05_pos001_tm_24_ch_Syto9_z_21_	256.0	128.5	128.5	1.0	26.5	64.75	192.25	230.5	74.04503134354572	5482.666666666667	16772.0	4096.0	723.5	0.0	0.0	5.75	7643.25	13894.0	5456.709579526304	29775679.43529413	255.0	127.5	127.5	0.0	25.5	63.75	191.25	229.5	74.04503134354572	5482.666666666667	255.0	127.5	127.5	0.0	25.5	63.75	191.25	229.5	74.04503134354572	5482.666666666667	L394
18042023_s_Lm_st_L394_p_D05_pos002_tm_24_ch_Syto9_z_11_	256.0	128.5	128.5	1.0	26.5	64.75	192.25	230.5	74.04503134354572	5482.666666666667	13102.0	4096.0	1803.0	0.0	1.5	69.0	8241.5	11591.5	4539.534622429404	20607374.588235278	255.0	127.5	127.5	0.0	25.5	63.75	191.25	229.5	74.04503134354572	5482.666666666667	255.0	127.5	127.5	0.0	25.5	63.75	191.25	229.5	74.04503134354572	5482.666666666667	L394
18042023_s_Lm_st_L394_p_D05_pos002_tm_24_ch_Syto9_z_21_	256.0	128.5	128.5	1.0	26.5	64.75	192.25	230.5	74.04503134354572	5482.666666666667	14868.0	4096.0	891.5	0.0	0.0	10.75	8281.25	13110.0	5150.415045906304	26526775.145098034	255.0	127.5	127.5	0.0	25.5	63.75	191.25	229.5	74.04503134354572	5482.666666666667	255.0	127.5	127.5	0.0	25.5	63.75	191.25	229.5	74.04503134354572	5482.666666666667	L394
18042023_s_Lm_st_L394_p_D05_pos003_tm_24_ch_Syto9_z_11_	256.0	128.5	128.5	1.0	26.5	64.75	192.25	230.5	74.04503134354572	5482.666666666667	13007.0	4096.0	1953.5	0.0	3.5	70.0	8218.25	11234.5	4436.61230060531	19683528.705882348	255.0	127.5	127.5	0.0	25.5	63.75	191.25	229.5	74.04503134354572	5482.666666666667	255.0	127.5	127.5	0.0	25.5	63.75	191.25	229.5	74.04503134354572	5482.666666666667	L394
18042023_s_Lm_st_L394_p_D05_pos003_tm_24_ch_Syto9_z_21_	256.0	128.5	128.5	1.0	26.5	64.75	192.25	230.5	74.04503134354572	5482.666666666667	12368.0	4096.0	2264.5	1.0	15.0	179.25	7838.0	11069.0	4274.351590775919	18270081.521568637	255.0	127.5	127.5	0.0	25.5	63.75	191.25	229.5	74.04503134354572	5482.666666666667	255.0	127.5	127.5	0.0	25.5	63.75	191.25	229.5	74.04503134354572	5482.666666666667	L394
18042023_s_Lm_st_L394_p_D05_pos004_tm_24_ch_Syto9_z_11_	256.0	128.5	128.5	1.0	26.5	64.75	192.25	230.5	74.04503134354572	5482.666666666667	12916.0	4096.0	2092.0	0.0	3.0	73.75	8147.0	11383.0	4433.929991398993	19659735.168627467	255.0	127.5	127.5	0.0	25.5	63.75	191.25	229.5	74.04503134354572	5482.666666666667	255.0	127.5	127.5	0.0	25.5	63.75	191.25	229.5	74.04503134354572	5482.666666666667	L394
18042023_s_Lm_st_L394_p_D05_pos004_tm_24_ch_Syto9_z_21_	256.0	128.5	128.5	1.0	26.5	64.75	192.25	230.5	74.04503134354572	5482.666666666667	14108.0	4096.0	1083.0	0.0	1.0	15.0	8096.75	12917.0	5025.981776298662	25260492.81568625	255.0	127.5	127.5	0.0	25.5	63.75	191.25	229.5	74.04503134354572	5482.666666666667	255.0	127.5	127.5	0.0	25.5	63.75	191.25	229.5	74.04503134354572	5482.666666666667	L394
18042023_s_Lm_st_L394_p_D05_pos005_tm_24_ch_Syto9_z_11_	256.0	128.5	128.5	1.0	26.5	64.75	192.25	230.5	74.04503134354572	5482.666666666667	14607.0	4096.0	1354.5	0.0	2.0	17.5	8106.5	12468.0	4862.580844632635	23644692.47058823	255.0	127.5	127.5	0.0	25.5	63.75	191.25	229.5	74.04503134354572	5482.666666666667	255.0	127.5	127.5	0.0	25.5	63.75	191.25	229.5	74.04503134354572	5482.666666666667	L394
18042023_s_Lm_st_L394_p_D05_pos005_tm_24_ch_Syto9_z_21_	256.0	128.5	128.5	1.0	26.5	64.75	192.25	230.5	74.04503134354572	5482.666666666667	14573.0	4096.0	869.5	0.0	0.0	4.0	8157.75	13108.5	5145.076573678921	26471812.949019626	255.0	127.5	127.5	0.0	25.5	63.75	191.25	229.5	74.04503134354572	5482.666666666667	255.0	127.5	127.5	0.0	25.5	63.75	191.25	229.5	74.04503134354572	5482.666666666667	L394
18042023_s_Lm_st_L394_p_D06_pos001_tm_24_ch_Syto9_z_11_	256.0	128.5	128.5	1.0	26.5	64.75	192.25	230.5	74.04503134354572	5482.666666666667	14704.0	4096.0	1782.0	55.0	104.5	358.5	6925.25	12684.0	4700.40360052657	22093794.007843144	255.0	127.5	127.5	0.0	25.5	63.75	191.25	229.5	74.04503134354572	5482.666666666667	255.0	127.5	127.5	0.0	25.5	63.75	191.25	229.5	74.04503134354572	5482.666666666667	L394
18042023_s_Lm_st_L394_p_D06_pos001_tm_24_ch_Syto9_z_21_	256.0	128.5	128.5	1.0	26.5	64.75	192.25	230.5	74.04503134354572	5482.666666666667	18529.0	4096.0	246.5	0.0	0.0	2.75	7184.0	15645.0	6034.189098663665	36411438.07843142	255.0	127.5	127.5	0.0	25.5	63.75	191.25	229.5	74.04503134354572	5482.666666666667	255.0	127.5	127.5	0.0	25.5	63.75	191.25	229.5	74.04503134354572	5482.666666666667	L394
18042023_s_Lm_st_L394_p_D06_pos002_tm_24_ch_Syto9_z_11_	256.0	128.5	128.5	1.0	26.5	64.75	192.25	230.5	74.04503134354572	5482.666666666667	15787.0	4096.0	1441.0	18.0	41.0	184.0	6882.75	13611.5	5071.737230312052	25722518.53333336	255.0	127.5	127.5	0.0	25.5	63.75	191.25	229.5	74.04503134354572	5482.666666666667	255.0	127.5	127.5	0.0	25.5	63.75	191.25	229.5	74.04503134354572	5482.666666666667	L394
18042023_s_Lm_st_L394_p_D06_pos002_tm_24_ch_Syto9_z_21_	256.0	128.5	128.5	1.0	26.5	64.75	192.25	230.5	74.04503134354572	5482.666666666667	14374.0	4096.0	1026.0	0.0	0.0	10.25	8459.75	12647.0	5039.178403310621	25393318.98039218	255.0	127.5	127.5	0.0	25.5	63.75	191.25	229.5	74.04503134354572	5482.666666666667	255.0	127.5	127.5	0.0	25.5	63.75	191.25	229.5	74.04503134354572	5482.666666666667	L394
18042023_s_Lm_st_L394_p_D06_pos003_tm_24_ch_Syto9_z_11_	256.0	128.5	128.5	1.0	26.5	64.75	192.25	230.5	74.04503134354572	5482.666666666667	16091.0	4096.0	962.5	0.0	4.0	32.0	7609.75	14033.0	5353.875028389051	28663977.81960786	255.0	127.5	127.5	0.0	25.5	63.75	191.25	229.5	74.04503134354572	5482.666666666667	255.0	127.5	127.5	0.0	25.5	63.75	191.25	229.5	74.04503134354572	5482.666666666667	L394
18042023_s_Lm_st_L394_p_D06_pos003_tm_24_ch_Syto9_z_21_	256.0	128.5	128.5	1.0	26.5	64.75	192.25	230.5	74.04503134354572	5482.666666666667	14947.0	4096.0	1117.0	0.0	0.5	13.5	8089.25	13268.0	5141.5468192089465	26435503.69411764	255.0	127.5	127.5	0.0	25.5	63.75	191.25	229.5	74.04503134354572	5482.666666666667	255.0	127.5	127.5	0.0	25.5	63.75	191.25	229.5	74.04503134354572	5482.666666666667	L394
18042023_s_Lm_st_L394_p_D06_pos004_tm_24_ch_Syto9_z_11_	256.0	128.5	128.5	1.0	26.5	64.75	192.25	230.5	74.04503134354572	5482.666666666667	14435.0	4096.0	1693.5	17.0	44.0	181.75	7202.75	12567.5	4776.224885499299	22812324.156862784	255.0	127.5	127.5	0.0	25.5	63.75	191.25	229.5	74.04503134354572	5482.666666666667	255.0	127.5	127.5	0.0	25.5	63.75	191.25	229.5	74.04503134354572	5482.666666666667	L394
18042023_s_Lm_st_L394_p_D06_pos004_tm_24_ch_Syto9_z_21_	256.0	128.5	128.5	1.0	26.5	64.75	192.25	230.5	74.04503134354572	5482.666666666667	17843.0	4096.0	256.0	0.0	0.0	1.75	8127.5	14506.0	5793.615634945953	33565982.1254902	255.0	127.5	127.5	0.0	25.5	63.75	191.25	229.5	74.04503134354572	5482.666666666667	255.0	127.5	127.5	0.0	25.5	63.75	191.25	229.5	74.04503134354572	5482.666666666667	L394
18042023_s_Lm_st_L394_p_D06_pos005_tm_24_ch_Syto9_z_11_	256.0	128.5	128.5	1.0	26.5	64.75	192.25	230.5	74.04503134354572	5482.666666666667	12506.0	4096.0	2491.5	32.0	157.5	482.0	7462.75	10892.0	4062.3267832755214	16502498.894117652	255.0	127.5	127.5	0.0	25.5	63.75	191.25	229.5	74.04503134354572	5482.666666666667	255.0	127.5	127.5	0.0	25.5	63.75	191.25	229.5	74.04503134354572	5482.666666666667	L394
18042023_s_Lm_st_L394_p_D06_pos005_tm_24_ch_Syto9_z_21_	256.0	128.5	128.5	1.0	26.5	64.75	192.25	230.5	74.04503134354572	5482.666666666667	15707.0	4096.0	419.0	0.0	0.0	1.0	8162.75	14140.5	5526.859932522761	30546180.71372549	255.0	127.5	127.5	0.0	25.5	63.75	191.25	229.5	74.04503134354572	5482.666666666667	255.0	127.5	127.5	0.0	25.5	63.75	191.25	229.5	74.04503134354572	5482.666666666667	L394
18042023_s_Lm_st_L394_p_D08_pos001_tm_24_ch_Syto9_z_11_	256.0	128.5	128.5	1.0	26.5	64.75	192.25	230.5	74.04503134354572	5482.666666666667	43542.0	4096.0	3173.0	7.0	1066.0	1575.5	6090.25	8241.0	3639.026169021533	13242511.458823534	255.0	127.5	127.5	0.0	25.5	63.75	191.25	229.5	74.04503134354572	5482.666666666667	255.0	127.5	127.5	0.0	25.5	63.75	191.25	229.5	74.04503134354572	5482.666666666667	L394
18042023_s_Lm_st_L394_p_D08_pos001_tm_24_ch_Syto9_z_21_	256.0	128.5	128.5	1.0	26.5	64.75	192.25	230.5	74.04503134354572	5482.666666666667	13134.0	4096.0	1906.5	7.0	27.0	168.0	7783.5	11798.0	4507.525493060271	20317786.07058823	255.0	127.5	127.5	0.0	25.5	63.75	191.25	229.5	74.04503134354572	5482.666666666667	255.0	127.5	127.5	0.0	25.5	63.75	191.25	229.5	74.04503134354572	5482.666666666667	L394
18042023_s_Lm_st_L394_p_D08_pos002_tm_24_ch_Syto9_z_11_	256.0	128.5	128.5	1.0	26.5	64.75	192.25	230.5	74.04503134354572	5482.666666666667	22925.0	4096.0	3262.5	109.0	840.0	1451.25	6587.0	8436.0	3078.573939024237	9477617.498039206	255.0	127.5	127.5	0.0	25.5	63.75	191.25	229.5	74.04503134354572	5482.666666666667	255.0	127.5	127.5	0.0	25.5	63.75	191.25	229.5	74.04503134354572	5482.666666666667	L394
18042023_s_Lm_st_L394_p_D08_pos002_tm_24_ch_Syto9_z_21_	256.0	128.5	128.5	1.0	26.5	64.75	192.25	230.5	74.04503134354572	5482.666666666667	14232.0	4096.0	1007.5	0.0	2.0	19.5	8329.25	12751.5	5028.739396863652	25288219.9215686	255.0	127.5	127.5	0.0	25.5	63.75	191.25	229.5	74.04503134354572	5482.666666666667	255.0	127.5	127.5	0.0	25.5	63.75	191.25	229.5	74.04503134354572	5482.666666666667	L394
18042023_s_Lm_st_L394_p_D08_pos003_tm_24_ch_Syto9_z_11_	256.0	128.5	128.5	1.0	26.5	64.75	192.25	230.5	74.04503134354572	5482.666666666667	23394.0	4096.0	3242.5	14.0	857.0	1424.0	6279.75	8895.5	3143.322957585851	9880479.215686262	255.0	127.5	127.5	0.0	25.5	63.75	191.25	229.5	74.04503134354572	5482.666666666667	255.0	127.5	127.5	0.0	25.5	63.75	191.25	229.5	74.04503134354572	5482.666666666667	L394
18042023_s_Lm_st_L394_p_D08_pos003_tm_24_ch_Syto9_z_21_	256.0	128.5	128.5	1.0	26.5	64.75	192.25	230.5	74.04503134354572	5482.666666666667	13146.0	4096.0	1440.5	0.0	3.0	43.75	8521.25	11976.0	4749.025267171703	22553240.988235258	255.0	127.5	127.5	0.0	25.5	63.75	191.25	229.5	74.04503134354572	5482.666666666667	255.0	127.5	127.5	0.0	25.5	63.75	191.25	229.5	74.04503134354572	5482.666666666667	L394
18042023_s_Lm_st_L394_p_D08_pos004_tm_24_ch_Syto9_z_11_	256.0	128.5	128.5	1.0	26.5	64.75	192.25	230.5	74.04503134354572	5482.666666666667	9168.0	4096.0	3607.0	26.0	544.0	1253.5	6881.75	8494.0	2978.481874128128	8871354.274509804	255.0	127.5	127.5	0.0	25.5	63.75	191.25	229.5	74.04503134354572	5482.666666666667	255.0	127.5	127.5	0.0	25.5	63.75	191.25	229.5	74.04503134354572	5482.666666666667	L394
18042023_s_Lm_st_L394_p_D08_pos004_tm_24_ch_Syto9_z_21_	256.0	128.5	128.5	1.0	26.5	64.75	192.25	230.5	74.04503134354572	5482.666666666667	13156.0	4096.0	1629.5	0.0	1.0	34.75	8613.75	11586.0	4638.811723267243	21518574.203921605	255.0	127.5	127.5	0.0	25.5	63.75	191.25	229.5	74.04503134354572	5482.666666666667	255.0	127.5	127.5	0.0	25.5	63.75	191.25	229.5	74.04503134354572	5482.666666666667	L394
18042023_s_Lm_st_L394_p_D08_pos005_tm_24_ch_Syto9_z_11_	256.0	128.5	128.5	1.0	26.5	64.75	192.25	230.5	74.04503134354572	5482.666666666667	15905.0	4096.0	3318.0	17.0	703.0	1335.25	6625.25	8778.0	3042.072778905343	9254206.792156875	255.0	127.5	127.5	0.0	25.5	63.75	191.25	229.5	74.04503134354572	5482.666666666667	255.0	127.5	127.5	0.0	25.5	63.75	191.25	229.5	74.04503134354572	5482.666666666667	L394
18042023_s_Lm_st_L394_p_D08_pos005_tm_24_ch_Syto9_z_21_	256.0	128.5	128.5	1.0	26.5	64.75	192.25	230.5	74.04503134354572	5482.666666666667	11514.0	4096.0	2282.0	0.0	4.5	112.5	8389.5	10792.0	4256.802948361184	18120371.34117646	255.0	127.5	127.5	0.0	25.5	63.75	191.25	229.5	74.04503134354572	5482.666666666667	255.0	127.5	127.5	0.0	25.5	63.75	191.25	229.5	74.04503134354572	5482.666666666667	L394
25042023_s_Lm_st_19115_p_C03_pos005_tm_24_ch_Syto9_z_11_	256.0	128.5	128.5	1.0	26.5	64.75	192.25	230.5	74.04503134354572	5482.666666666667	18228.0	4096.0	4462.0	482.0	717.0	1678.5	5855.75	6149.5	2722.273659004509	7410773.874509798	255.0	127.5	127.5	0.0	25.5	63.75	191.25	229.5	74.04503134354572	5482.666666666667	255.0	127.5	127.5	0.0	25.5	63.75	191.25	229.5	74.04503134354572	5482.666666666667	19115
25042023_s_Lm_st_19115_p_C03_pos005_tm_24_ch_Syto9_z_21_	256.0	128.5	128.5	1.0	26.5	64.75	192.25	230.5	74.04503134354572	5482.666666666667	16879.0	4096.0	3232.5	10.0	41.0	330.0	7779.75	8599.0	3723.762830214389	13866409.615686271	255.0	127.5	127.5	0.0	25.5	63.75	191.25	229.5	74.04503134354572	5482.666666666667	255.0	127.5	127.5	0.0	25.5	63.75	191.25	229.5	74.04503134354572	5482.666666666667	19115
25042023_s_Lm_st_19115_p_C04_pos001_tm_24_ch_Syto9_z_11_	256.0	128.5	128.5	1.0	26.5	64.75	192.25	230.5	74.04503134354572	5482.666666666667	63652.0	4096.0	30.0	0.0	0.0	2.0	3839.25	15713.5	8545.859130275303	73031708.27450976	255.0	127.5	127.5	0.0	25.5	63.75	191.25	229.5	74.04503134354572	5482.666666666667	255.0	127.5	127.5	0.0	25.5	63.75	191.25	229.5	74.04503134354572	5482.666666666667	19115
25042023_s_Lm_st_19115_p_C04_pos001_tm_24_ch_Syto9_z_21_	256.0	128.5	128.5	1.0	26.5	64.75	192.25	230.5	74.04503134354572	5482.666666666667	54332.0	4096.0	13.5	0.0	0.0	1.0	2483.0	17131.5	8733.194426675598	76268684.89411774	255.0	127.5	127.5	0.0	25.5	63.75	191.25	229.5	74.04503134354572	5482.666666666667	255.0	127.5	127.5	0.0	25.5	63.75	191.25	229.5	74.04503134354572	5482.666666666667	19115
25042023_s_Lm_st_19115_p_C04_pos002_tm_24_ch_Syto9_z_11_	256.0	128.5	128.5	1.0	26.5	64.75	192.25	230.5	74.04503134354572	5482.666666666667	53463.0	4096.0	86.0	0.0	0.0	2.0	5452.25	14153.5	7604.416293232784	57827147.16078422	255.0	127.5	127.5	0.0	25.5	63.75	191.25	229.5	74.04503134354572	5482.666666666667	255.0	127.5	127.5	0.0	25.5	63.75	191.25	229.5	74.04503134354572	5482.666666666667	19115
25042023_s_Lm_st_19115_p_C04_pos002_tm_24_ch_Syto9_z_21_	256.0	128.5	128.5	1.0	26.5	64.75	192.25	230.5	74.04503134354572	5482.666666666667	39681.0	4096.0	25.5	0.0	0.0	1.0	4760.0	15923.5	7635.038500358773	58293812.90196075	255.0	127.5	127.5	0.0	25.5	63.75	191.25	229.5	74.04503134354572	5482.666666666667	255.0	127.5	127.5	0.0	25.5	63.75	191.25	229.5	74.04503134354572	5482.666666666667	19115
25042023_s_Lm_st_19115_p_C04_pos003_tm_24_ch_Syto9_z_11_	256.0	128.5	128.5	1.0	26.5	64.75	192.25	230.5	74.04503134354572	5482.666666666667	22305.0	4096.0	3214.5	192.0	316.5	882.5	7178.25	7725.0	3648.780181880828	13313596.815686284	255.0	127.5	127.5	0.0	25.5	63.75	191.25	229.5	74.04503134354572	5482.666666666667	255.0	127.5	127.5	0.0	25.5	63.75	191.25	229.5	74.04503134354572	5482.666666666667	19115
25042023_s_Lm_st_19115_p_C04_pos003_tm_24_ch_Syto9_z_21_	256.0	128.5	128.5	1.0	26.5	64.75	192.25	230.5	74.04503134354572	5482.666666666667	17199.0	4096.0	3228.5	9.0	38.0	292.25	7862.25	8605.5	3741.063456857592	13995555.78823528	255.0	127.5	127.5	0.0	25.5	63.75	191.25	229.5	74.04503134354572	5482.666666666667	255.0	127.5	127.5	0.0	25.5	63.75	191.25	229.5	74.04503134354572	5482.666666666667	19115
25042023_s_Lm_st_19115_p_C04_pos004_tm_24_ch_Syto9_z_11_	256.0	128.5	128.5	1.0	26.5	64.75	192.25	230.5	74.04503134354572	5482.666666666667	29594.0	4096.0	3501.5	209.0	356.0	1103.0	6585.25	6844.0	3769.908484872508	14212209.98431373	255.0	127.5	127.5	0.0	25.5	63.75	191.25	229.5	74.04503134354572	5482.666666666667	255.0	127.5	127.5	0.0	25.5	63.75	191.25	229.5	74.04503134354572	5482.666666666667	19115
25042023_s_Lm_st_19115_p_C04_pos004_tm_24_ch_Syto9_z_21_	256.0	128.5	128.5	1.0	26.5	64.75	192.25	230.5	74.04503134354572	5482.666666666667	24590.0	4096.0	3848.5	42.0	125.0	674.25	6885.0	7426.5	3585.118336986392	12853073.49019607	255.0	127.5	127.5	0.0	25.5	63.75	191.25	229.5	74.04503134354572	5482.666666666667	255.0	127.5	127.5	0.0	25.5	63.75	191.25	229.5	74.04503134354572	5482.666666666667	19115
25042023_s_Lm_st_19115_p_C04_pos005_tm_24_ch_Syto9_z_11_	256.0	128.5	128.5	1.0	26.5	64.75	192.25	230.5	74.04503134354572	5482.666666666667	20338.0	4096.0	3333.5	63.0	146.5	630.0	7519.75	7907.5	3667.4728329453446	13450356.980392152	255.0	127.5	127.5	0.0	25.5	63.75	191.25	229.5	74.04503134354572	5482.666666666667	255.0	127.5	127.5	0.0	25.5	63.75	191.25	229.5	74.04503134354572	5482.666666666667	19115
25042023_s_Lm_st_19115_p_C04_pos005_tm_24_ch_Syto9_z_21_	256.0	128.5	128.5	1.0	26.5	64.75	192.25	230.5	74.04503134354572	5482.666666666667	15998.0	4096.0	2980.5	1.0	15.5	193.25	7894.0	9005.0	3849.0193158930256	14814949.694117617	255.0	127.5	127.5	0.0	25.5	63.75	191.25	229.5	74.04503134354572	5482.666666666667	255.0	127.5	127.5	0.0	25.5	63.75	191.25	229.5	74.04503134354572	5482.666666666667	19115
25042023_s_Lm_st_19115_p_C05_pos001_tm_24_ch_Syto9_z_11_	256.0	128.5	128.5	1.0	26.5	64.75	192.25	230.5	74.04503134354572	5482.666666666667	56459.0	4096.0	1840.5	0.0	4.0	48.75	7434.25	8585.5	6213.836581908691	38611765.066666685	255.0	127.5	127.5	0.0	25.5	63.75	191.25	229.5	74.04503134354572	5482.666666666667	255.0	127.5	127.5	0.0	25.5	63.75	191.25	229.5	74.04503134354572	5482.666666666667	19115
25042023_s_Lm_st_19115_p_C05_pos001_tm_24_ch_Syto9_z_21_	256.0	128.5	128.5	1.0	26.5	64.75	192.25	230.5	74.04503134354572	5482.666666666667	99714.0	4096.0	208.5	0.0	0.0	2.0	5122.75	12137.0	9610.885250283536	92369115.29411764	255.0	127.5	127.5	0.0	25.5	63.75	191.25	229.5	74.04503134354572	5482.666666666667	255.0	127.5	127.5	0.0	25.5	63.75	191.25	229.5	74.04503134354572	5482.666666666667	19115
25042023_s_Lm_st_19115_p_C05_pos002_tm_24_ch_Syto9_z_11_	256.0	128.5	128.5	1.0	26.5	64.75	192.25	230.5	74.04503134354572	5482.666666666667	34916.0	4096.0	2624.5	0.0	3.0	107.5	7887.25	8283.5	4671.964725054854	21827254.39215688	255.0	127.5	127.5	0.0	25.5	63.75	191.25	229.5	74.04503134354572	5482.666666666667	255.0	127.5	127.5	0.0	25.5	63.75	191.25	229.5	74.04503134354572	5482.666666666667	19115
25042023_s_Lm_st_19115_p_C05_pos002_tm_24_ch_Syto9_z_21_	256.0	128.5	128.5	1.0	26.5	64.75	192.25	230.5	74.04503134354572	5482.666666666667	66645.0	4096.0	368.5	0.0	0.0	3.75	6389.25	11823.5	7733.620705951992	59808889.22352939	255.0	127.5	127.5	0.0	25.5	63.75	191.25	229.5	74.04503134354572	5482.666666666667	255.0	127.5	127.5	0.0	25.5	63.75	191.25	229.5	74.04503134354572	5482.666666666667	19115
25042023_s_Lm_st_19115_p_C05_pos003_tm_24_ch_Syto9_z_11_	256.0	128.5	128.5	1.0	26.5	64.75	192.25	230.5	74.04503134354572	5482.666666666667	12196.0	4096.0	3153.5	6.0	31.5	270.5	8065.0	9022.5	3739.210591953922	13981695.850980405	255.0	127.5	127.5	0.0	25.5	63.75	191.25	229.5	74.04503134354572	5482.666666666667	255.0	127.5	127.5	0.0	25.5	63.75	191.25	229.5	74.04503134354572	5482.666666666667	19115
25042023_s_Lm_st_19115_p_C05_pos003_tm_24_ch_Syto9_z_21_	256.0	128.5	128.5	1.0	26.5	64.75	192.25	230.5	74.04503134354572	5482.666666666667	18509.0	4096.0	2605.0	11.0	42.0	262.0	8559.25	9150.0	4005.622517040218	16045011.749019612	255.0	127.5	127.5	0.0	25.5	63.75	191.25	229.5	74.04503134354572	5482.666666666667	255.0	127.5	127.5	0.0	25.5	63.75	191.25	229.5	74.04503134354572	5482.666666666667	19115
25042023_s_Lm_st_19115_p_C05_pos004_tm_24_ch_Syto9_z_11_	256.0	128.5	128.5	1.0	26.5	64.75	192.25	230.5	74.04503134354572	5482.666666666667	25413.0	4096.0	2622.0	0.0	5.5	121.25	8070.5	8843.0	4214.492334696518	17761945.639215708	255.0	127.5	127.5	0.0	25.5	63.75	191.25	229.5	74.04503134354572	5482.666666666667	255.0	127.5	127.5	0.0	25.5	63.75	191.25	229.5	74.04503134354572	5482.666666666667	19115
25042023_s_Lm_st_19115_p_C05_pos004_tm_24_ch_Syto9_z_21_	256.0	128.5	128.5	1.0	26.5	64.75	192.25	230.5	74.04503134354572	5482.666666666667	49027.0	4096.0	2247.0	21.0	63.5	291.75	6811.5	9127.0	5551.388516645643	30817914.462745115	255.0	127.5	127.5	0.0	25.5	63.75	191.25	229.5	74.04503134354572	5482.666666666667	255.0	127.5	127.5	0.0	25.5	63.75	191.25	229.5	74.04503134354572	5482.666666666667	19115
25042023_s_Lm_st_19115_p_C05_pos005_tm_24_ch_Syto9_z_11_	256.0	128.5	128.5	1.0	26.5	64.75	192.25	230.5	74.04503134354572	5482.666666666667	17304.0	4096.0	2267.5	0.0	5.0	109.5	8495.75	9559.0	4143.74246209352	17170601.592156865	255.0	127.5	127.5	0.0	25.5	63.75	191.25	229.5	74.04503134354572	5482.666666666667	255.0	127.5	127.5	0.0	25.5	63.75	191.25	229.5	74.04503134354572	5482.666666666667	19115
25042023_s_Lm_st_19115_p_C05_pos005_tm_24_ch_Syto9_z_21_	256.0	128.5	128.5	1.0	26.5	64.75	192.25	230.5	74.04503134354572	5482.666666666667	31859.0	4096.0	1835.5	3.0	15.0	126.0	7989.75	9774.5	4931.81301269187	24322779.59215686	255.0	127.5	127.5	0.0	25.5	63.75	191.25	229.5	74.04503134354572	5482.666666666667	255.0	127.5	127.5	0.0	25.5	63.75	191.25	229.5	74.04503134354572	5482.666666666667	19115
25042023_s_Lm_st_19115_p_C06_pos001_tm_24_ch_Syto9_z_11_	256.0	128.5	128.5	1.0	26.5	64.75	192.25	230.5	74.04503134354572	5482.666666666667	50505.0	4096.0	1328.0	0.0	2.0	37.5	7764.0	9450.5	6002.129886017752	36025563.16862748	255.0	127.5	127.5	0.0	25.5	63.75	191.25	229.5	74.04503134354572	5482.666666666667	255.0	127.5	127.5	0.0	25.5	63.75	191.25	229.5	74.04503134354572	5482.666666666667	19115
25042023_s_Lm_st_19115_p_C06_pos001_tm_24_ch_Syto9_z_21_	256.0	128.5	128.5	1.0	26.5	64.75	192.25	230.5	74.04503134354572	5482.666666666667	97493.0	4096.0	114.0	0.0	0.0	2.0	4548.5	13089.5	9513.716522092984	90510802.062745	255.0	127.5	127.5	0.0	25.5	63.75	191.25	229.5	74.04503134354572	5482.666666666667	255.0	127.5	127.5	0.0	25.5	63.75	191.25	229.5	74.04503134354572	5482.666666666667	19115
25042023_s_Lm_st_19115_p_C06_pos002_tm_24_ch_Syto9_z_11_	256.0	128.5	128.5	1.0	26.5	64.75	192.25	230.5	74.04503134354572	5482.666666666667	32269.0	4096.0	774.5	0.0	0.0	4.0	8553.5	11294.5	5511.790590518247	30379835.51372549	255.0	127.5	127.5	0.0	25.5	63.75	191.25	229.5	74.04503134354572	5482.666666666667	255.0	127.5	127.5	0.0	25.5	63.75	191.25	229.5	74.04503134354572	5482.666666666667	19115
25042023_s_Lm_st_19115_p_C06_pos002_tm_24_ch_Syto9_z_21_	256.0	128.5	128.5	1.0	26.5	64.75	192.25	230.5	74.04503134354572	5482.666666666667	59748.0	4096.0	250.5	0.0	0.0	3.0	6354.75	12733.0	7496.7887896660595	56201842.15686271	255.0	127.5	127.5	0.0	25.5	63.75	191.25	229.5	74.04503134354572	5482.666666666667	255.0	127.5	127.5	0.0	25.5	63.75	191.25	229.5	74.04503134354572	5482.666666666667	19115
25042023_s_Lm_st_19115_p_C06_pos003_tm_24_ch_Syto9_z_11_	256.0	128.5	128.5	1.0	26.5	64.75	192.25	230.5	74.04503134354572	5482.666666666667	18916.0	4096.0	1582.0	0.0	1.0	21.25	8971.75	10365.5	4533.589080732967	20553429.952941187	255.0	127.5	127.5	0.0	25.5	63.75	191.25	229.5	74.04503134354572	5482.666666666667	255.0	127.5	127.5	0.0	25.5	63.75	191.25	229.5	74.04503134354572	5482.666666666667	19115
25042023_s_Lm_st_19115_p_C06_pos003_tm_24_ch_Syto9_z_21_	256.0	128.5	128.5	1.0	26.5	64.75	192.25	230.5	74.04503134354572	5482.666666666667	36484.0	4096.0	1725.5	4.0	16.0	118.5	7631.5	10211.0	5224.532623809989	27295741.13725489	255.0	127.5	127.5	0.0	25.5	63.75	191.25	229.5	74.04503134354572	5482.666666666667	255.0	127.5	127.5	0.0	25.5	63.75	191.25	229.5	74.04503134354572	5482.666666666667	19115
25042023_s_Lm_st_19115_p_C06_pos004_tm_24_ch_Syto9_z_11_	256.0	128.5	128.5	1.0	26.5	64.75	192.25	230.5	74.04503134354572	5482.666666666667	22342.0	4096.0	3331.5	9.0	50.5	373.0	7677.5	8242.5	3810.265689876623	14518124.627450977	255.0	127.5	127.5	0.0	25.5	63.75	191.25	229.5	74.04503134354572	5482.666666666667	255.0	127.5	127.5	0.0	25.5	63.75	191.25	229.5	74.04503134354572	5482.666666666667	19115
25042023_s_Lm_st_19115_p_C06_pos004_tm_24_ch_Syto9_z_21_	256.0	128.5	128.5	1.0	26.5	64.75	192.25	230.5	74.04503134354572	5482.666666666667	26191.0	4096.0	2218.5	1.0	13.0	123.75	8708.25	9385.0	4400.579359361586	19365098.69803923	255.0	127.5	127.5	0.0	25.5	63.75	191.25	229.5	74.04503134354572	5482.666666666667	255.0	127.5	127.5	0.0	25.5	63.75	191.25	229.5	74.04503134354572	5482.666666666667	19115
25042023_s_Lm_st_19115_p_C06_pos005_tm_24_ch_Syto9_z_11_	256.0	128.5	128.5	1.0	26.5	64.75	192.25	230.5	74.04503134354572	5482.666666666667	26523.0	4096.0	1210.5	0.0	3.0	26.25	9470.25	10632.0	4913.658715913283	24144041.97647057	255.0	127.5	127.5	0.0	25.5	63.75	191.25	229.5	74.04503134354572	5482.666666666667	255.0	127.5	127.5	0.0	25.5	63.75	191.25	229.5	74.04503134354572	5482.666666666667	19115
25042023_s_Lm_st_19115_p_C06_pos005_tm_24_ch_Syto9_z_21_	256.0	128.5	128.5	1.0	26.5	64.75	192.25	230.5	74.04503134354572	5482.666666666667	39542.0	4096.0	983.0	0.0	3.0	30.5	7317.75	11844.5	5878.7935923929845	34560214.10196081	255.0	127.5	127.5	0.0	25.5	63.75	191.25	229.5	74.04503134354572	5482.666666666667	255.0	127.5	127.5	0.0	25.5	63.75	191.25	229.5	74.04503134354572	5482.666666666667	19115
25042023_s_Lm_st_19115_p_C07_pos001_tm_24_ch_Syto9_z_11_	256.0	128.5	128.5	1.0	26.5	64.75	192.25	230.5	74.04503134354572	5482.666666666667	38826.0	4096.0	3272.5	319.0	469.0	1159.75	5563.5	7165.5	4709.239231678135	22176934.141176477	255.0	127.5	127.5	0.0	25.5	63.75	191.25	229.5	74.04503134354572	5482.666666666667	255.0	127.5	127.5	0.0	25.5	63.75	191.25	229.5	74.04503134354572	5482.666666666667	19115
25042023_s_Lm_st_19115_p_C07_pos001_tm_24_ch_Syto9_z_21_	256.0	128.5	128.5	1.0	26.5	64.75	192.25	230.5	74.04503134354572	5482.666666666667	42194.0	4096.0	461.5	0.0	0.0	3.75	7687.5	12040.5	6209.834246785418	38562041.37254902	255.0	127.5	127.5	0.0	25.5	63.75	191.25	229.5	74.04503134354572	5482.666666666667	255.0	127.5	127.5	0.0	25.5	63.75	191.25	229.5	74.04503134354572	5482.666666666667	19115
25042023_s_Lm_st_19115_p_C07_pos002_tm_24_ch_Syto9_z_11_	256.0	128.5	128.5	1.0	26.5	64.75	192.25	230.5	74.04503134354572	5482.666666666667	44318.0	4096.0	2843.5	165.0	291.5	815.75	5762.25	7989.0	5253.943406399337	27603921.317647062	255.0	127.5	127.5	0.0	25.5	63.75	191.25	229.5	74.04503134354572	5482.666666666667	255.0	127.5	127.5	0.0	25.5	63.75	191.25	229.5	74.04503134354572	5482.666666666667	19115
25042023_s_Lm_st_19115_p_C07_pos002_tm_24_ch_Syto9_z_21_	256.0	128.5	128.5	1.0	26.5	64.75	192.25	230.5	74.04503134354572	5482.666666666667	48591.0	4096.0	425.5	0.0	0.0	4.0	7643.0	11999.5	6439.456163859994	41466595.68627447	255.0	127.5	127.5	0.0	25.5	63.75	191.25	229.5	74.04503134354572	5482.666666666667	255.0	127.5	127.5	0.0	25.5	63.75	191.25	229.5	74.04503134354572	5482.666666666667	19115
25042023_s_Lm_st_19115_p_C07_pos003_tm_24_ch_Syto9_z_11_	256.0	128.5	128.5	1.0	26.5	64.75	192.25	230.5	74.04503134354572	5482.666666666667	20172.0	4096.0	3954.5	198.0	578.5	1395.5	6142.25	6721.5	3142.005756288332	9872200.172549017	255.0	127.5	127.5	0.0	25.5	63.75	191.25	229.5	74.04503134354572	5482.666666666667	255.0	127.5	127.5	0.0	25.5	63.75	191.25	229.5	74.04503134354572	5482.666666666667	19115
25042023_s_Lm_st_19115_p_C07_pos003_tm_24_ch_Syto9_z_21_	256.0	128.5	128.5	1.0	26.5	64.75	192.25	230.5	74.04503134354572	5482.666666666667	19110.0	4096.0	1618.0	0.0	8.5	78.25	9147.5	10334.0	4565.702009463135	20845634.83921571	255.0	127.5	127.5	0.0	25.5	63.75	191.25	229.5	74.04503134354572	5482.666666666667	255.0	127.5	127.5	0.0	25.5	63.75	191.25	229.5	74.04503134354572	5482.666666666667	19115
25042023_s_Lm_st_19115_p_C07_pos004_tm_24_ch_Syto9_z_11_	256.0	128.5	128.5	1.0	26.5	64.75	192.25	230.5	74.04503134354572	5482.666666666667	45560.0	4096.0	3147.5	356.0	512.0	1203.0	5639.25	6880.5	4925.282408146764	24258406.799999997	255.0	127.5	127.5	0.0	25.5	63.75	191.25	229.5	74.04503134354572	5482.666666666667	255.0	127.5	127.5	0.0	25.5	63.75	191.25	229.5	74.04503134354572	5482.666666666667	19115
25042023_s_Lm_st_19115_p_C07_pos004_tm_24_ch_Syto9_z_21_	256.0	128.5	128.5	1.0	26.5	64.75	192.25	230.5	74.04503134354572	5482.666666666667	44695.0	4096.0	1521.5	0.0	5.0	53.75	7944.0	9396.0	5614.016956881841	31517186.392156847	255.0	127.5	127.5	0.0	25.5	63.75	191.25	229.5	74.04503134354572	5482.666666666667	255.0	127.5	127.5	0.0	25.5	63.75	191.25	229.5	74.04503134354572	5482.666666666667	19115
25042023_s_Lm_st_19115_p_C07_pos005_tm_24_ch_Syto9_z_11_	256.0	128.5	128.5	1.0	26.5	64.75	192.25	230.5	74.04503134354572	5482.666666666667	31969.0	4096.0	3224.5	192.0	325.0	914.25	6301.75	7462.0	4289.563805238904	18400357.639215663	255.0	127.5	127.5	0.0	25.5	63.75	191.25	229.5	74.04503134354572	5482.666666666667	255.0	127.5	127.5	0.0	25.5	63.75	191.25	229.5	74.04503134354572	5482.666666666667	19115
25042023_s_Lm_st_19115_p_C07_pos005_tm_24_ch_Syto9_z_21_	256.0	128.5	128.5	1.0	26.5	64.75	192.25	230.5	74.04503134354572	5482.666666666667	33137.0	4096.0	319.5	0.0	0.0	2.0	8302.5	12827.5	5978.163429696181	35738437.9921568	255.0	127.5	127.5	0.0	25.5	63.75	191.25	229.5	74.04503134354572	5482.666666666667	255.0	127.5	127.5	0.0	25.5	63.75	191.25	229.5	74.04503134354572	5482.666666666667	19115
25042023_s_Lm_st_19115_p_C08_pos001_tm_24_ch_Syto9_z_11_	256.0	128.5	128.5	1.0	26.5	64.75	192.25	230.5	74.04503134354572	5482.666666666667	70862.0	4096.0	859.0	0.0	5.0	37.0	5978.5	10258.5	8126.825994995907	66045300.75294121	255.0	127.5	127.5	0.0	25.5	63.75	191.25	229.5	74.04503134354572	5482.666666666667	255.0	127.5	127.5	0.0	25.5	63.75	191.25	229.5	74.04503134354572	5482.666666666667	19115
25042023_s_Lm_st_19115_p_C08_pos001_tm_24_ch_Syto9_z_21_	256.0	128.5	128.5	1.0	26.5	64.75	192.25	230.5	74.04503134354572	5482.666666666667	62165.0	4096.0	292.0	0.0	0.0	3.75	6864.75	11832.5	7410.870221717369	54920997.44313724	255.0	127.5	127.5	0.0	25.5	63.75	191.25	229.5	74.04503134354572	5482.666666666667	255.0	127.5	127.5	0.0	25.5	63.75	191.25	229.5	74.04503134354572	5482.666666666667	19115
25042023_s_Lm_st_19115_p_C08_pos002_tm_24_ch_Syto9_z_11_	256.0	128.5	128.5	1.0	26.5	64.75	192.25	230.5	74.04503134354572	5482.666666666667	61860.0	4096.0	920.5	9.0	40.0	149.5	3812.5	9736.0	8825.40263504098	77887731.67058828	255.0	127.5	127.5	0.0	25.5	63.75	191.25	229.5	74.04503134354572	5482.666666666667	255.0	127.5	127.5	0.0	25.5	63.75	191.25	229.5	74.04503134354572	5482.666666666667	19115
25042023_s_Lm_st_19115_p_C08_pos002_tm_24_ch_Syto9_z_21_	256.0	128.5	128.5	1.0	26.5	64.75	192.25	230.5	74.04503134354572	5482.666666666667	37314.0	4096.0	208.5	0.0	0.0	2.0	7093.75	14043.0	6410.910882024095	41099778.33725495	255.0	127.5	127.5	0.0	25.5	63.75	191.25	229.5	74.04503134354572	5482.666666666667	255.0	127.5	127.5	0.0	25.5	63.75	191.25	229.5	74.04503134354572	5482.666666666667	19115
25042023_s_Lm_st_19115_p_C08_pos003_tm_24_ch_Syto9_z_11_	256.0	128.5	128.5	1.0	26.5	64.75	192.25	230.5	74.04503134354572	5482.666666666667	19471.0	4096.0	4047.5	326.0	493.5	1247.5	6430.5	6664.5	3098.7808684365277	9602442.870588236	255.0	127.5	127.5	0.0	25.5	63.75	191.25	229.5	74.04503134354572	5482.666666666667	255.0	127.5	127.5	0.0	25.5	63.75	191.25	229.5	74.04503134354572	5482.666666666667	19115
25042023_s_Lm_st_19115_p_C08_pos003_tm_24_ch_Syto9_z_21_	256.0	128.5	128.5	1.0	26.5	64.75	192.25	230.5	74.04503134354572	5482.666666666667	20238.0	4096.0	2235.5	1.0	33.0	209.75	8663.25	9359.0	4239.929670152929	17977003.607843127	255.0	127.5	127.5	0.0	25.5	63.75	191.25	229.5	74.04503134354572	5482.666666666667	255.0	127.5	127.5	0.0	25.5	63.75	191.25	229.5	74.04503134354572	5482.666666666667	19115
25042023_s_Lm_st_19115_p_C08_pos004_tm_24_ch_Syto9_z_11_	256.0	128.5	128.5	1.0	26.5	64.75	192.25	230.5	74.04503134354572	5482.666666666667	32285.0	4096.0	3762.5	327.0	516.0	1291.0	6004.5	6498.0	3817.76860195052	14575357.098039228	255.0	127.5	127.5	0.0	25.5	63.75	191.25	229.5	74.04503134354572	5482.666666666667	255.0	127.5	127.5	0.0	25.5	63.75	191.25	229.5	74.04503134354572	5482.666666666667	19115
25042023_s_Lm_st_19115_p_C08_pos004_tm_24_ch_Syto9_z_21_	256.0	128.5	128.5	1.0	26.5	64.75	192.25	230.5	74.04503134354572	5482.666666666667	35801.0	4096.0	2444.5	9.0	39.5	247.0	7650.75	8586.0	4732.941642175118	22400736.588235304	255.0	127.5	127.5	0.0	25.5	63.75	191.25	229.5	74.04503134354572	5482.666666666667	255.0	127.5	127.5	0.0	25.5	63.75	191.25	229.5	74.04503134354572	5482.666666666667	19115
25042023_s_Lm_st_19115_p_C08_pos005_tm_24_ch_Syto9_z_11_	256.0	128.5	128.5	1.0	26.5	64.75	192.25	230.5	74.04503134354572	5482.666666666667	20347.0	4096.0	2288.5	86.0	152.0	476.75	7857.25	9791.5	4195.202948653632	17599727.780392133	255.0	127.5	127.5	0.0	25.5	63.75	191.25	229.5	74.04503134354572	5482.666666666667	255.0	127.5	127.5	0.0	25.5	63.75	191.25	229.5	74.04503134354572	5482.666666666667	19115
25042023_s_Lm_st_19115_p_C08_pos005_tm_24_ch_Syto9_z_21_	256.0	128.5	128.5	1.0	26.5	64.75	192.25	230.5	74.04503134354572	5482.666666666667	24707.0	4096.0	1707.5	0.0	6.0	63.75	8722.25	9908.5	4693.01535241887	22024393.098039214	255.0	127.5	127.5	0.0	25.5	63.75	191.25	229.5	74.04503134354572	5482.666666666667	255.0	127.5	127.5	0.0	25.5	63.75	191.25	229.5	74.04503134354572	5482.666666666667	19115
25042023_s_Lm_st_19115_p_D04_pos001_tm_24_ch_Syto9_z_11_	256.0	128.5	128.5	1.0	26.5	64.75	192.25	230.5	74.04503134354572	5482.666666666667	39078.0	4096.0	2287.5	4.0	25.5	177.5	7929.25	8380.5	4988.184362207615	24881983.23137259	255.0	127.5	127.5	0.0	25.5	63.75	191.25	229.5	74.04503134354572	5482.666666666667	255.0	127.5	127.5	0.0	25.5	63.75	191.25	229.5	74.04503134354572	5482.666666666667	19115
25042023_s_Lm_st_19115_p_D04_pos001_tm_24_ch_Syto9_z_21_	256.0	128.5	128.5	1.0	26.5	64.75	192.25	230.5	74.04503134354572	5482.666666666667	54594.0	4096.0	907.0	0.0	2.0	17.0	7111.0	10873.0	6604.174502747869	43615120.86274506	255.0	127.5	127.5	0.0	25.5	63.75	191.25	229.5	74.04503134354572	5482.666666666667	255.0	127.5	127.5	0.0	25.5	63.75	191.25	229.5	74.04503134354572	5482.666666666667	19115
25042023_s_Lm_st_19115_p_D04_pos002_tm_24_ch_Syto9_z_11_	256.0	128.5	128.5	1.0	26.5	64.75	192.25	230.5	74.04503134354572	5482.666666666667	27188.0	4096.0	2760.5	8.0	39.0	252.25	7739.0	8294.5	4334.295248591261	18786115.301960785	255.0	127.5	127.5	0.0	25.5	63.75	191.25	229.5	74.04503134354572	5482.666666666667	255.0	127.5	127.5	0.0	25.5	63.75	191.25	229.5	74.04503134354572	5482.666666666667	19115
25042023_s_Lm_st_19115_p_D04_pos002_tm_24_ch_Syto9_z_21_	256.0	128.5	128.5	1.0	26.5	64.75	192.25	230.5	74.04503134354572	5482.666666666667	35811.0	4096.0	1041.0	0.0	2.0	20.75	8274.5	10695.5	5533.713815881553	30621988.59607838	255.0	127.5	127.5	0.0	25.5	63.75	191.25	229.5	74.04503134354572	5482.666666666667	255.0	127.5	127.5	0.0	25.5	63.75	191.25	229.5	74.04503134354572	5482.666666666667	19115
25042023_s_Lm_st_19115_p_D04_pos003_tm_24_ch_Syto9_z_11_	256.0	128.5	128.5	1.0	26.5	64.75	192.25	230.5	74.04503134354572	5482.666666666667	11842.0	4096.0	2067.5	0.0	3.0	61.0	8011.0	10677.5	4286.880584422432	18377345.14509801	255.0	127.5	127.5	0.0	25.5	63.75	191.25	229.5	74.04503134354572	5482.666666666667	255.0	127.5	127.5	0.0	25.5	63.75	191.25	229.5	74.04503134354572	5482.666666666667	19115
25042023_s_Lm_st_19115_p_D04_pos003_tm_24_ch_Syto9_z_21_	256.0	128.5	128.5	1.0	26.5	64.75	192.25	230.5	74.04503134354572	5482.666666666667	14402.0	4096.0	714.0	0.0	1.0	11.75	9922.25	12416.5	5083.648573960381	25843482.82352942	255.0	127.5	127.5	0.0	25.5	63.75	191.25	229.5	74.04503134354572	5482.666666666667	255.0	127.5	127.5	0.0	25.5	63.75	191.25	229.5	74.04503134354572	5482.666666666667	19115
25042023_s_Lm_st_19115_p_D04_pos004_tm_24_ch_Syto9_z_11_	256.0	128.5	128.5	1.0	26.5	64.75	192.25	230.5	74.04503134354572	5482.666666666667	11869.0	4096.0	2508.0	0.0	3.0	64.0	8269.5	9962.5	4106.710983972741	16865075.105882354	255.0	127.5	127.5	0.0	25.5	63.75	191.25	229.5	74.04503134354572	5482.666666666667	255.0	127.5	127.5	0.0	25.5	63.75	191.25	229.5	74.04503134354572	5482.666666666667	19115
25042023_s_Lm_st_19115_p_D04_pos004_tm_24_ch_Syto9_z_21_	256.0	128.5	128.5	1.0	26.5	64.75	192.25	230.5	74.04503134354572	5482.666666666667	29500.0	4096.0	937.0	0.0	1.0	13.75	8819.25	11304.5	5251.540556789772	27578678.219607823	255.0	127.5	127.5	0.0	25.5	63.75	191.25	229.5	74.04503134354572	5482.666666666667	255.0	127.5	127.5	0.0	25.5	63.75	191.25	229.5	74.04503134354572	5482.666666666667	19115
25042023_s_Lm_st_19115_p_D04_pos005_tm_24_ch_Syto9_z_11_	256.0	128.5	128.5	1.0	26.5	64.75	192.25	230.5	74.04503134354572	5482.666666666667	19026.0	4096.0	1675.0	0.0	3.0	51.0	9202.75	10388.5	4538.920135027368	20601795.992156863	255.0	127.5	127.5	0.0	25.5	63.75	191.25	229.5	74.04503134354572	5482.666666666667	255.0	127.5	127.5	0.0	25.5	63.75	191.25	229.5	74.04503134354572	5482.666666666667	19115
25042023_s_Lm_st_19115_p_D04_pos005_tm_24_ch_Syto9_z_21_	256.0	128.5	128.5	1.0	26.5	64.75	192.25	230.5	74.04503134354572	5482.666666666667	25295.0	4096.0	791.5	0.0	1.0	9.0	9272.75	11671.0	5226.660112290809	27317975.929411765	255.0	127.5	127.5	0.0	25.5	63.75	191.25	229.5	74.04503134354572	5482.666666666667	255.0	127.5	127.5	0.0	25.5	63.75	191.25	229.5	74.04503134354572	5482.666666666667	19115
25042023_s_Lm_st_19115_p_D05_pos001_tm_24_ch_Syto9_z_11_	256.0	128.5	128.5	1.0	26.5	64.75	192.25	230.5	74.04503134354572	5482.666666666667	39034.0	4096.0	2084.5	16.0	44.0	255.75	7426.0	8819.5	5226.209832726418	27313269.2156863	255.0	127.5	127.5	0.0	25.5	63.75	191.25	229.5	74.04503134354572	5482.666666666667	255.0	127.5	127.5	0.0	25.5	63.75	191.25	229.5	74.04503134354572	5482.666666666667	19115
25042023_s_Lm_st_19115_p_D05_pos001_tm_24_ch_Syto9_z_21_	256.0	128.5	128.5	1.0	26.5	64.75	192.25	230.5	74.04503134354572	5482.666666666667	45344.0	4096.0	917.0	0.0	2.0	18.75	7552.5	11286.5	6063.939002616284	36771356.227450974	255.0	127.5	127.5	0.0	25.5	63.75	191.25	229.5	74.04503134354572	5482.666666666667	255.0	127.5	127.5	0.0	25.5	63.75	191.25	229.5	74.04503134354572	5482.666666666667	19115
25042023_s_Lm_st_19115_p_D05_pos002_tm_24_ch_Syto9_z_11_	256.0	128.5	128.5	1.0	26.5	64.75	192.25	230.5	74.04503134354572	5482.666666666667	25099.0	4096.0	1628.0	0.0	1.0	47.75	9108.0	9849.0	4675.609411889428	21861323.372549	255.0	127.5	127.5	0.0	25.5	63.75	191.25	229.5	74.04503134354572	5482.666666666667	255.0	127.5	127.5	0.0	25.5	63.75	191.25	229.5	74.04503134354572	5482.666666666667	19115
25042023_s_Lm_st_19115_p_D05_pos002_tm_24_ch_Syto9_z_21_	256.0	128.5	128.5	1.0	26.5	64.75	192.25	230.5	74.04503134354572	5482.666666666667	34803.0	4096.0	273.5	0.0	0.0	2.0	8584.0	12520.0	5952.525839885939	35432563.8745098	255.0	127.5	127.5	0.0	25.5	63.75	191.25	229.5	74.04503134354572	5482.666666666667	255.0	127.5	127.5	0.0	25.5	63.75	191.25	229.5	74.04503134354572	5482.666666666667	19115
25042023_s_Lm_st_19115_p_D05_pos003_tm_24_ch_Syto9_z_11_	256.0	128.5	128.5	1.0	26.5	64.75	192.25	230.5	74.04503134354572	5482.666666666667	18761.0	4096.0	1792.5	1.0	9.0	111.0	9103.75	10290.5	4439.909151163821	19712793.27058824	255.0	127.5	127.5	0.0	25.5	63.75	191.25	229.5	74.04503134354572	5482.666666666667	255.0	127.5	127.5	0.0	25.5	63.75	191.25	229.5	74.04503134354572	5482.666666666667	19115
25042023_s_Lm_st_19115_p_D05_pos003_tm_24_ch_Syto9_z_21_	256.0	128.5	128.5	1.0	26.5	64.75	192.25	230.5	74.04503134354572	5482.666666666667	27337.0	4096.0	509.5	0.0	0.5	4.0	8608.75	12901.5	5613.252668602098	31508605.521568578	255.0	127.5	127.5	0.0	25.5	63.75	191.25	229.5	74.04503134354572	5482.666666666667	255.0	127.5	127.5	0.0	25.5	63.75	191.25	229.5	74.04503134354572	5482.666666666667	19115
25042023_s_Lm_st_19115_p_D05_pos004_tm_24_ch_Syto9_z_11_	256.0	128.5	128.5	1.0	26.5	64.75	192.25	230.5	74.04503134354572	5482.666666666667	26467.0	4096.0	2082.0	0.0	3.0	73.75	8444.25	9260.0	4539.118357860552	20603595.46666668	255.0	127.5	127.5	0.0	25.5	63.75	191.25	229.5	74.04503134354572	5482.666666666667	255.0	127.5	127.5	0.0	25.5	63.75	191.25	229.5	74.04503134354572	5482.666666666667	19115
25042023_s_Lm_st_19115_p_D05_pos004_tm_24_ch_Syto9_z_21_	256.0	128.5	128.5	1.0	26.5	64.75	192.25	230.5	74.04503134354572	5482.666666666667	48992.0	4096.0	1053.0	0.0	3.0	20.75	7571.25	10385.5	6171.674797959196	38089569.81176467	255.0	127.5	127.5	0.0	25.5	63.75	191.25	229.5	74.04503134354572	5482.666666666667	255.0	127.5	127.5	0.0	25.5	63.75	191.25	229.5	74.04503134354572	5482.666666666667	19115
25042023_s_Lm_st_19115_p_D05_pos005_tm_24_ch_Syto9_z_11_	256.0	128.5	128.5	1.0	26.5	64.75	192.25	230.5	74.04503134354572	5482.666666666667	13622.0	4096.0	1503.5	0.0	1.0	25.0	9186.25	10881.5	4551.463534499901	20715820.305882324	255.0	127.5	127.5	0.0	25.5	63.75	191.25	229.5	74.04503134354572	5482.666666666667	255.0	127.5	127.5	0.0	25.5	63.75	191.25	229.5	74.04503134354572	5482.666666666667	19115
25042023_s_Lm_st_19115_p_D05_pos005_tm_24_ch_Syto9_z_21_	256.0	128.5	128.5	1.0	26.5	64.75	192.25	230.5	74.04503134354572	5482.666666666667	22364.0	4096.0	553.0	0.0	0.0	4.75	9356.5	12336.0	5328.729074094314	28395353.54509804	255.0	127.5	127.5	0.0	25.5	63.75	191.25	229.5	74.04503134354572	5482.666666666667	255.0	127.5	127.5	0.0	25.5	63.75	191.25	229.5	74.04503134354572	5482.666666666667	19115
25042023_s_Lm_st_19115_p_D06_pos001_tm_24_ch_Syto9_z_11_	256.0	128.5	128.5	1.0	26.5	64.75	192.25	230.5	74.04503134354572	5482.666666666667	41536.0	4096.0	3499.5	291.0	473.5	1206.5	5673.25	6428.5	4544.526383140361	20652720.047058813	255.0	127.5	127.5	0.0	25.5	63.75	191.25	229.5	74.04503134354572	5482.666666666667	255.0	127.5	127.5	0.0	25.5	63.75	191.25	229.5	74.04503134354572	5482.666666666667	19115
25042023_s_Lm_st_19115_p_D06_pos001_tm_24_ch_Syto9_z_21_	256.0	128.5	128.5	1.0	26.5	64.75	192.25	230.5	74.04503134354572	5482.666666666667	34355.0	4096.0	1400.5	0.0	1.0	26.0	8721.75	9990.0	5158.796336279973	26613179.639215667	255.0	127.5	127.5	0.0	25.5	63.75	191.25	229.5	74.04503134354572	5482.666666666667	255.0	127.5	127.5	0.0	25.5	63.75	191.25	229.5	74.04503134354572	5482.666666666667	19115
25042023_s_Lm_st_19115_p_D06_pos002_tm_24_ch_Syto9_z_11_	256.0	128.5	128.5	1.0	26.5	64.75	192.25	230.5	74.04503134354572	5482.666666666667	27703.0	4096.0	2761.0	14.0	60.5	365.5	7415.25	8509.5	4386.976829430579	19245565.70196077	255.0	127.5	127.5	0.0	25.5	63.75	191.25	229.5	74.04503134354572	5482.666666666667	255.0	127.5	127.5	0.0	25.5	63.75	191.25	229.5	74.04503134354572	5482.666666666667	19115
25042023_s_Lm_st_19115_p_D06_pos002_tm_24_ch_Syto9_z_21_	256.0	128.5	128.5	1.0	26.5	64.75	192.25	230.5	74.04503134354572	5482.666666666667	16941.0	4096.0	831.0	0.0	0.0	4.75	9958.25	11572.0	4920.796350344996	24214236.721568625	255.0	127.5	127.5	0.0	25.5	63.75	191.25	229.5	74.04503134354572	5482.666666666667	255.0	127.5	127.5	0.0	25.5	63.75	191.25	229.5	74.04503134354572	5482.666666666667	19115
25042023_s_Lm_st_19115_p_D06_pos003_tm_24_ch_Syto9_z_11_	256.0	128.5	128.5	1.0	26.5	64.75	192.25	230.5	74.04503134354572	5482.666666666667	19356.0	4096.0	3639.0	100.0	203.5	759.5	7172.75	7517.5	3491.8349757740893	12192911.498039234	255.0	127.5	127.5	0.0	25.5	63.75	191.25	229.5	74.04503134354572	5482.666666666667	255.0	127.5	127.5	0.0	25.5	63.75	191.25	229.5	74.04503134354572	5482.666666666667	19115
25042023_s_Lm_st_19115_p_D06_pos003_tm_24_ch_Syto9_z_21_	256.0	128.5	128.5	1.0	26.5	64.75	192.25	230.5	74.04503134354572	5482.666666666667	17692.0	4096.0	659.0	0.0	0.0	6.75	9900.0	11880.5	5091.262005420968	25920948.80784314	255.0	127.5	127.5	0.0	25.5	63.75	191.25	229.5	74.04503134354572	5482.666666666667	255.0	127.5	127.5	0.0	25.5	63.75	191.25	229.5	74.04503134354572	5482.666666666667	19115
25042023_s_Lm_st_19115_p_D06_pos004_tm_24_ch_Syto9_z_11_	256.0	128.5	128.5	1.0	26.5	64.75	192.25	230.5	74.04503134354572	5482.666666666667	33565.0	4096.0	3446.0	81.0	168.5	722.75	6752.5	7152.0	4243.427577777561	18006677.607843142	255.0	127.5	127.5	0.0	25.5	63.75	191.25	229.5	74.04503134354572	5482.666666666667	255.0	127.5	127.5	0.0	25.5	63.75	191.25	229.5	74.04503134354572	5482.666666666667	19115
25042023_s_Lm_st_19115_p_D06_pos004_tm_24_ch_Syto9_z_21_	256.0	128.5	128.5	1.0	26.5	64.75	192.25	230.5	74.04503134354572	5482.666666666667	24637.0	4096.0	987.5	0.0	0.0	5.75	9587.75	10634.0	4932.828842779449	24332800.39215684	255.0	127.5	127.5	0.0	25.5	63.75	191.25	229.5	74.04503134354572	5482.666666666667	255.0	127.5	127.5	0.0	25.5	63.75	191.25	229.5	74.04503134354572	5482.666666666667	19115
25042023_s_Lm_st_19115_p_D06_pos005_tm_24_ch_Syto9_z_11_	256.0	128.5	128.5	1.0	26.5	64.75	192.25	230.5	74.04503134354572	5482.666666666667	16282.0	4096.0	2901.0	2.0	26.5	245.75	8132.0	9053.5	3893.74889066173	15161280.423529454	255.0	127.5	127.5	0.0	25.5	63.75	191.25	229.5	74.04503134354572	5482.666666666667	255.0	127.5	127.5	0.0	25.5	63.75	191.25	229.5	74.04503134354572	5482.666666666667	19115
25042023_s_Lm_st_19115_p_D06_pos005_tm_24_ch_Syto9_z_21_	256.0	128.5	128.5	1.0	26.5	64.75	192.25	230.5	74.04503134354572	5482.666666666667	13211.0	4096.0	1163.0	0.0	1.0	15.75	8888.75	11508.0	4715.748236224128	22238281.427450974	255.0	127.5	127.5	0.0	25.5	63.75	191.25	229.5	74.04503134354572	5482.666666666667	255.0	127.5	127.5	0.0	25.5	63.75	191.25	229.5	74.04503134354572	5482.666666666667	19115
25042023_s_Lm_st_19115_p_D07_pos001_tm_24_ch_Syto9_z_11_	256.0	128.5	128.5	1.0	26.5	64.75	192.25	230.5	74.04503134354572	5482.666666666667	36289.0	4096.0	3051.5	82.0	178.5	672.25	6260.5	7476.0	4781.891082152395	22866482.3215686	255.0	127.5	127.5	0.0	25.5	63.75	191.25	229.5	74.04503134354572	5482.666666666667	255.0	127.5	127.5	0.0	25.5	63.75	191.25	229.5	74.04503134354572	5482.666666666667	19115
25042023_s_Lm_st_19115_p_D07_pos001_tm_24_ch_Syto9_z_21_	256.0	128.5	128.5	1.0	26.5	64.75	192.25	230.5	74.04503134354572	5482.666666666667	19989.0	4096.0	879.0	0.0	0.0	3.75	9570.5	11170.0	5000.995199781268	25009952.98823528	255.0	127.5	127.5	0.0	25.5	63.75	191.25	229.5	74.04503134354572	5482.666666666667	255.0	127.5	127.5	0.0	25.5	63.75	191.25	229.5	74.04503134354572	5482.666666666667	19115
25042023_s_Lm_st_19115_p_D07_pos002_tm_24_ch_Syto9_z_11_	256.0	128.5	128.5	1.0	26.5	64.75	192.25	230.5	74.04503134354572	5482.666666666667	19250.0	4096.0	3550.5	34.0	123.5	623.0	7203.0	7659.0	3562.7524521490536	12693205.035294091	255.0	127.5	127.5	0.0	25.5	63.75	191.25	229.5	74.04503134354572	5482.666666666667	255.0	127.5	127.5	0.0	25.5	63.75	191.25	229.5	74.04503134354572	5482.666666666667	19115
25042023_s_Lm_st_19115_p_D07_pos002_tm_24_ch_Syto9_z_21_	256.0	128.5	128.5	1.0	26.5	64.75	192.25	230.5	74.04503134354572	5482.666666666667	10605.0	4096.0	2346.5	0.0	1.0	25.5	8467.25	9950.5	4132.448470433031	17077130.360784296	255.0	127.5	127.5	0.0	25.5	63.75	191.25	229.5	74.04503134354572	5482.666666666667	255.0	127.5	127.5	0.0	25.5	63.75	191.25	229.5	74.04503134354572	5482.666666666667	19115
25042023_s_Lm_st_19115_p_D07_pos003_tm_24_ch_Syto9_z_11_	256.0	128.5	128.5	1.0	26.5	64.75	192.25	230.5	74.04503134354572	5482.666666666667	17078.0	4096.0	3621.0	11.0	50.5	403.75	7575.25	7965.5	3603.608264710555	12985992.52549022	255.0	127.5	127.5	0.0	25.5	63.75	191.25	229.5	74.04503134354572	5482.666666666667	255.0	127.5	127.5	0.0	25.5	63.75	191.25	229.5	74.04503134354572	5482.666666666667	19115
25042023_s_Lm_st_19115_p_D07_pos003_tm_24_ch_Syto9_z_21_	256.0	128.5	128.5	1.0	26.5	64.75	192.25	230.5	74.04503134354572	5482.666666666667	12946.0	4096.0	2102.0	0.0	2.0	30.25	8830.0	9788.0	4210.5128000299055	17728418.039215673	255.0	127.5	127.5	0.0	25.5	63.75	191.25	229.5	74.04503134354572	5482.666666666667	255.0	127.5	127.5	0.0	25.5	63.75	191.25	229.5	74.04503134354572	5482.666666666667	19115
25042023_s_Lm_st_19115_p_D07_pos004_tm_24_ch_Syto9_z_11_	256.0	128.5	128.5	1.0	26.5	64.75	192.25	230.5	74.04503134354572	5482.666666666667	35714.0	4096.0	3544.0	147.0	270.5	912.75	6398.75	6822.0	4242.60203639414	17999672.039215703	255.0	127.5	127.5	0.0	25.5	63.75	191.25	229.5	74.04503134354572	5482.666666666667	255.0	127.5	127.5	0.0	25.5	63.75	191.25	229.5	74.04503134354572	5482.666666666667	19115
25042023_s_Lm_st_19115_p_D07_pos004_tm_24_ch_Syto9_z_21_	256.0	128.5	128.5	1.0	26.5	64.75	192.25	230.5	74.04503134354572	5482.666666666667	19519.0	4096.0	624.0	0.0	0.0	2.75	9966.0	12092.5	5153.235469481434	26555835.80392153	255.0	127.5	127.5	0.0	25.5	63.75	191.25	229.5	74.04503134354572	5482.666666666667	255.0	127.5	127.5	0.0	25.5	63.75	191.25	229.5	74.04503134354572	5482.666666666667	19115
25042023_s_Lm_st_19115_p_D07_pos005_tm_24_ch_Syto9_z_11_	256.0	128.5	128.5	1.0	26.5	64.75	192.25	230.5	74.04503134354572	5482.666666666667	18984.0	4096.0	4053.0	231.0	440.0	1223.5	6559.75	6838.5	3085.4069995611894	9519736.352941182	255.0	127.5	127.5	0.0	25.5	63.75	191.25	229.5	74.04503134354572	5482.666666666667	255.0	127.5	127.5	0.0	25.5	63.75	191.25	229.5	74.04503134354572	5482.666666666667	19115
25042023_s_Lm_st_19115_p_D07_pos005_tm_24_ch_Syto9_z_21_	256.0	128.5	128.5	1.0	26.5	64.75	192.25	230.5	74.04503134354572	5482.666666666667	18894.0	4096.0	819.0	0.0	0.0	5.0	9728.25	11807.0	5011.97309508764	25119874.305882383	255.0	127.5	127.5	0.0	25.5	63.75	191.25	229.5	74.04503134354572	5482.666666666667	255.0	127.5	127.5	0.0	25.5	63.75	191.25	229.5	74.04503134354572	5482.666666666667	19115
28032023_s_Lm_st_L455_p_C04_pos001_tm_24_ch_Syto9_z_11_	256.0	128.5	128.5	1.0	26.5	64.75	192.25	230.5	74.04503134354572	5482.666666666667	18147.0	4096.0	2824.5	123.0	605.5	1048.75	6056.75	9628.0	3738.21763967384	13974271.121568654	255.0	127.5	127.5	0.0	25.5	63.75	191.25	229.5	74.04503134354572	5482.666666666667	255.0	127.5	127.5	0.0	25.5	63.75	191.25	229.5	74.04503134354572	5482.666666666667	L455
28032023_s_Lm_st_L455_p_C04_pos001_tm_24_ch_Syto9_z_21_	256.0	128.5	128.5	1.0	26.5	64.75	192.25	230.5	74.04503134354572	5482.666666666667	19071.0	4096.0	86.0	0.0	0.0	2.0	7548.75	15485.5	6212.077972567224	38589912.73725491	255.0	127.5	127.5	0.0	25.5	63.75	191.25	229.5	74.04503134354572	5482.666666666667	255.0	127.5	127.5	0.0	25.5	63.75	191.25	229.5	74.04503134354572	5482.666666666667	L455
28032023_s_Lm_st_L455_p_C04_pos002_tm_24_ch_Syto9_z_11_	256.0	128.5	128.5	1.0	26.5	64.75	192.25	230.5	74.04503134354572	5482.666666666667	12820.0	4096.0	2909.0	36.0	395.0	878.5	6664.0	9986.0	3633.827480338429	13204702.156862732	255.0	127.5	127.5	0.0	25.5	63.75	191.25	229.5	74.04503134354572	5482.666666666667	255.0	127.5	127.5	0.0	25.5	63.75	191.25	229.5	74.04503134354572	5482.666666666667	L455
28032023_s_Lm_st_L455_p_C04_pos002_tm_24_ch_Syto9_z_21_	256.0	128.5	128.5	1.0	26.5	64.75	192.25	230.5	74.04503134354572	5482.666666666667	18309.0	4096.0	206.5	0.0	0.0	2.0	7630.75	15328.0	6029.479558069373	36354623.74117644	255.0	127.5	127.5	0.0	25.5	63.75	191.25	229.5	74.04503134354572	5482.666666666667	255.0	127.5	127.5	0.0	25.5	63.75	191.25	229.5	74.04503134354572	5482.666666666667	L455
28032023_s_Lm_st_L455_p_C04_pos003_tm_24_ch_Syto9_z_11_	256.0	128.5	128.5	1.0	26.5	64.75	192.25	230.5	74.04503134354572	5482.666666666667	10181.0	4096.0	2819.0	31.0	250.5	654.25	7927.75	9549.0	3629.4722773103936	13173069.011764696	255.0	127.5	127.5	0.0	25.5	63.75	191.25	229.5	74.04503134354572	5482.666666666667	255.0	127.5	127.5	0.0	25.5	63.75	191.25	229.5	74.04503134354572	5482.666666666667	L455
28032023_s_Lm_st_L455_p_C04_pos003_tm_24_ch_Syto9_z_21_	256.0	128.5	128.5	1.0	26.5	64.75	192.25	230.5	74.04503134354572	5482.666666666667	17803.0	4096.0	575.0	0.0	1.0	7.75	6958.0	14931.5	5746.578346302788	33023162.690196093	255.0	127.5	127.5	0.0	25.5	63.75	191.25	229.5	74.04503134354572	5482.666666666667	255.0	127.5	127.5	0.0	25.5	63.75	191.25	229.5	74.04503134354572	5482.666666666667	L455
28032023_s_Lm_st_L455_p_C04_pos004_tm_24_ch_Syto9_z_11_	256.0	128.5	128.5	1.0	26.5	64.75	192.25	230.5	74.04503134354572	5482.666666666667	22059.0	4096.0	1466.5	18.0	123.0	310.75	6249.25	11987.5	5330.464235383808	28413848.96470588	255.0	127.5	127.5	0.0	25.5	63.75	191.25	229.5	74.04503134354572	5482.666666666667	255.0	127.5	127.5	0.0	25.5	63.75	191.25	229.5	74.04503134354572	5482.666666666667	L455
28032023_s_Lm_st_L455_p_C04_pos004_tm_24_ch_Syto9_z_21_	256.0	128.5	128.5	1.0	26.5	64.75	192.25	230.5	74.04503134354572	5482.666666666667	17249.0	4096.0	437.0	1.0	9.0	28.75	7439.0	14662.5	5780.401511259623	33413041.63137253	255.0	127.5	127.5	0.0	25.5	63.75	191.25	229.5	74.04503134354572	5482.666666666667	255.0	127.5	127.5	0.0	25.5	63.75	191.25	229.5	74.04503134354572	5482.666666666667	L455
28032023_s_Lm_st_L455_p_C04_pos005_tm_24_ch_Syto9_z_11_	256.0	128.5	128.5	1.0	26.5	64.75	192.25	230.5	74.04503134354572	5482.666666666667	14798.0	4096.0	1903.5	2.0	196.0	430.25	6949.0	11982.5	4499.620799709292	20246587.341176484	255.0	127.5	127.5	0.0	25.5	63.75	191.25	229.5	74.04503134354572	5482.666666666667	255.0	127.5	127.5	0.0	25.5	63.75	191.25	229.5	74.04503134354572	5482.666666666667	L455
28032023_s_Lm_st_L455_p_C04_pos005_tm_24_ch_Syto9_z_21_	256.0	128.5	128.5	1.0	26.5	64.75	192.25	230.5	74.04503134354572	5482.666666666667	17752.0	4096.0	315.0	0.0	3.0	14.75	6956.0	15590.0	6086.838616002144	37049604.33725489	255.0	127.5	127.5	0.0	25.5	63.75	191.25	229.5	74.04503134354572	5482.666666666667	255.0	127.5	127.5	0.0	25.5	63.75	191.25	229.5	74.04503134354572	5482.666666666667	L455
28032023_s_Lm_st_L455_p_C05_pos001_tm_24_ch_Syto9_z_11_	256.0	128.5	128.5	1.0	26.5	64.75	192.25	230.5	74.04503134354572	5482.666666666667	88917.0	4096.0	3952.0	16.0	1768.0	2375.5	5216.5	5577.5	5522.668072873586	30499862.643137254	255.0	127.5	127.5	0.0	25.5	63.75	191.25	229.5	74.04503134354572	5482.666666666667	255.0	127.5	127.5	0.0	25.5	63.75	191.25	229.5	74.04503134354572	5482.666666666667	L455
28032023_s_Lm_st_L455_p_C05_pos001_tm_24_ch_Syto9_z_21_	256.0	128.5	128.5	1.0	26.5	64.75	192.25	230.5	74.04503134354572	5482.666666666667	8108.0	4096.0	4182.0	1.0	520.5	1462.5	6666.25	7632.0	2655.831678755705	7053441.905882349	255.0	127.5	127.5	0.0	25.5	63.75	191.25	229.5	74.04503134354572	5482.666666666667	255.0	127.5	127.5	0.0	25.5	63.75	191.25	229.5	74.04503134354572	5482.666666666667	L455
28032023_s_Lm_st_L455_p_C05_pos002_tm_24_ch_Syto9_z_11_	256.0	128.5	128.5	1.0	26.5	64.75	192.25	230.5	74.04503134354572	5482.666666666667	122002.0	4096.0	3790.5	10.0	2005.5	2579.25	4764.0	5122.5	7496.621379648563	56199332.10980392	255.0	127.5	127.5	0.0	25.5	63.75	191.25	229.5	74.04503134354572	5482.666666666667	255.0	127.5	127.5	0.0	25.5	63.75	191.25	229.5	74.04503134354572	5482.666666666667	L455
28032023_s_Lm_st_L455_p_C05_pos002_tm_24_ch_Syto9_z_21_	256.0	128.5	128.5	1.0	26.5	64.75	192.25	230.5	74.04503134354572	5482.666666666667	9862.0	4096.0	3599.0	4.0	142.0	674.0	7374.25	9120.5	3387.314284613268	11473898.062745096	255.0	127.5	127.5	0.0	25.5	63.75	191.25	229.5	74.04503134354572	5482.666666666667	255.0	127.5	127.5	0.0	25.5	63.75	191.25	229.5	74.04503134354572	5482.666666666667	L455
28032023_s_Lm_st_L455_p_C05_pos003_tm_24_ch_Syto9_z_11_	256.0	128.5	128.5	1.0	26.5	64.75	192.25	230.5	74.04503134354572	5482.666666666667	83745.0	4096.0	3987.5	11.0	1626.0	2235.75	5322.75	5821.5	5255.2030083359805	27617158.65882354	255.0	127.5	127.5	0.0	25.5	63.75	191.25	229.5	74.04503134354572	5482.666666666667	255.0	127.5	127.5	0.0	25.5	63.75	191.25	229.5	74.04503134354572	5482.666666666667	L455
28032023_s_Lm_st_L455_p_C05_pos003_tm_24_ch_Syto9_z_21_	256.0	128.5	128.5	1.0	26.5	64.75	192.25	230.5	74.04503134354572	5482.666666666667	13312.0	4096.0	1833.5	3.0	16.0	117.0	7825.5	11939.0	4587.514898196677	21045292.941176467	255.0	127.5	127.5	0.0	25.5	63.75	191.25	229.5	74.04503134354572	5482.666666666667	255.0	127.5	127.5	0.0	25.5	63.75	191.25	229.5	74.04503134354572	5482.666666666667	L455
28032023_s_Lm_st_L455_p_C05_pos004_tm_24_ch_Syto9_z_11_	256.0	128.5	128.5	1.0	26.5	64.75	192.25	230.5	74.04503134354572	5482.666666666667	65812.0	4096.0	3219.0	14.0	1236.0	1725.25	5313.5	7796.5	4625.952497573222	21399436.50980393	255.0	127.5	127.5	0.0	25.5	63.75	191.25	229.5	74.04503134354572	5482.666666666667	255.0	127.5	127.5	0.0	25.5	63.75	191.25	229.5	74.04503134354572	5482.666666666667	L455
28032023_s_Lm_st_L455_p_C05_pos004_tm_24_ch_Syto9_z_21_	256.0	128.5	128.5	1.0	26.5	64.75	192.25	230.5	74.04503134354572	5482.666666666667	12473.0	4096.0	1987.5	4.0	20.0	122.5	8092.75	11286.5	4398.776747964303	19349236.87843141	255.0	127.5	127.5	0.0	25.5	63.75	191.25	229.5	74.04503134354572	5482.666666666667	255.0	127.5	127.5	0.0	25.5	63.75	191.25	229.5	74.04503134354572	5482.666666666667	L455
28032023_s_Lm_st_L455_p_C05_pos005_tm_24_ch_Syto9_z_11_	256.0	128.5	128.5	1.0	26.5	64.75	192.25	230.5	74.04503134354572	5482.666666666667	80580.0	4096.0	3462.0	14.0	1372.5	1872.25	5632.5	6850.5	5223.10389350556	27280814.282352943	255.0	127.5	127.5	0.0	25.5	63.75	191.25	229.5	74.04503134354572	5482.666666666667	255.0	127.5	127.5	0.0	25.5	63.75	191.25	229.5	74.04503134354572	5482.666666666667	L455
28032023_s_Lm_st_L455_p_C05_pos005_tm_24_ch_Syto9_z_21_	256.0	128.5	128.5	1.0	26.5	64.75	192.25	230.5	74.04503134354572	5482.666666666667	13367.0	4096.0	1742.0	3.0	24.0	154.75	7812.0	12006.0	4559.741985304543	20791246.972549018	255.0	127.5	127.5	0.0	25.5	63.75	191.25	229.5	74.04503134354572	5482.666666666667	255.0	127.5	127.5	0.0	25.5	63.75	191.25	229.5	74.04503134354572	5482.666666666667	L455
28032023_s_Lm_st_L455_p_C06_pos001_tm_24_ch_Syto9_z_11_	256.0	128.5	128.5	1.0	26.5	64.75	192.25	230.5	74.04503134354572	5482.666666666667	15607.0	4096.0	615.0	3.0	9.0	40.0	7826.25	14020.0	5510.286552457694	30363257.890196096	255.0	127.5	127.5	0.0	25.5	63.75	191.25	229.5	74.04503134354572	5482.666666666667	255.0	127.5	127.5	0.0	25.5	63.75	191.25	229.5	74.04503134354572	5482.666666666667	L455
28032023_s_Lm_st_L455_p_C06_pos001_tm_24_ch_Syto9_z_21_	256.0	128.5	128.5	1.0	26.5	64.75	192.25	230.5	74.04503134354572	5482.666666666667	19071.0	4096.0	86.0	0.0	0.0	2.0	7548.75	15485.5	6212.077972567224	38589912.73725491	255.0	127.5	127.5	0.0	25.5	63.75	191.25	229.5	74.04503134354572	5482.666666666667	255.0	127.5	127.5	0.0	25.5	63.75	191.25	229.5	74.04503134354572	5482.666666666667	L455
28032023_s_Lm_st_L455_p_C06_pos002_tm_24_ch_Syto9_z_11_	256.0	128.5	128.5	1.0	26.5	64.75	192.25	230.5	74.04503134354572	5482.666666666667	13339.0	4096.0	1043.5	4.0	18.0	73.75	9005.25	12350.0	4934.418768243341	24348488.580392133	255.0	127.5	127.5	0.0	25.5	63.75	191.25	229.5	74.04503134354572	5482.666666666667	255.0	127.5	127.5	0.0	25.5	63.75	191.25	229.5	74.04503134354572	5482.666666666667	L455
28032023_s_Lm_st_L455_p_C06_pos002_tm_24_ch_Syto9_z_21_	256.0	128.5	128.5	1.0	26.5	64.75	192.25	230.5	74.04503134354572	5482.666666666667	18309.0	4096.0	206.5	0.0	0.0	2.0	7630.75	15328.0	6029.479558069373	36354623.74117644	255.0	127.5	127.5	0.0	25.5	63.75	191.25	229.5	74.04503134354572	5482.666666666667	255.0	127.5	127.5	0.0	25.5	63.75	191.25	229.5	74.04503134354572	5482.666666666667	L455
28032023_s_Lm_st_L455_p_C06_pos003_tm_24_ch_Syto9_z_11_	256.0	128.5	128.5	1.0	26.5	64.75	192.25	230.5	74.04503134354572	5482.666666666667	15611.0	4096.0	1021.5	4.0	14.0	79.75	7595.25	13374.5	5184.178754331567	26875709.35686279	255.0	127.5	127.5	0.0	25.5	63.75	191.25	229.5	74.04503134354572	5482.666666666667	255.0	127.5	127.5	0.0	25.5	63.75	191.25	229.5	74.04503134354572	5482.666666666667	L455
28032023_s_Lm_st_L455_p_C06_pos003_tm_24_ch_Syto9_z_21_	256.0	128.5	128.5	1.0	26.5	64.75	192.25	230.5	74.04503134354572	5482.666666666667	17803.0	4096.0	575.0	0.0	1.0	7.75	6958.0	14931.5	5746.578346302788	33023162.690196093	255.0	127.5	127.5	0.0	25.5	63.75	191.25	229.5	74.04503134354572	5482.666666666667	255.0	127.5	127.5	0.0	25.5	63.75	191.25	229.5	74.04503134354572	5482.666666666667	L455
28032023_s_Lm_st_L455_p_C06_pos004_tm_24_ch_Syto9_z_11_	256.0	128.5	128.5	1.0	26.5	64.75	192.25	230.5	74.04503134354572	5482.666666666667	15080.0	4096.0	926.0	12.0	29.0	121.0	7632.5	13850.0	5326.568030204077	28372326.980392147	255.0	127.5	127.5	0.0	25.5	63.75	191.25	229.5	74.04503134354572	5482.666666666667	255.0	127.5	127.5	0.0	25.5	63.75	191.25	229.5	74.04503134354572	5482.666666666667	L455
28032023_s_Lm_st_L455_p_C06_pos004_tm_24_ch_Syto9_z_21_	256.0	128.5	128.5	1.0	26.5	64.75	192.25	230.5	74.04503134354572	5482.666666666667	17249.0	4096.0	437.0	1.0	9.0	28.75	7439.0	14662.5	5780.401511259623	33413041.63137253	255.0	127.5	127.5	0.0	25.5	63.75	191.25	229.5	74.04503134354572	5482.666666666667	255.0	127.5	127.5	0.0	25.5	63.75	191.25	229.5	74.04503134354572	5482.666666666667	L455
28032023_s_Lm_st_L455_p_C06_pos005_tm_24_ch_Syto9_z_11_	256.0	128.5	128.5	1.0	26.5	64.75	192.25	230.5	74.04503134354572	5482.666666666667	13344.0	4096.0	1426.0	7.0	49.5	161.0	8186.75	12069.0	4722.531326046466	22302302.1254902	255.0	127.5	127.5	0.0	25.5	63.75	191.25	229.5	74.04503134354572	5482.666666666667	255.0	127.5	127.5	0.0	25.5	63.75	191.25	229.5	74.04503134354572	5482.666666666667	L455
28032023_s_Lm_st_L455_p_C06_pos005_tm_24_ch_Syto9_z_21_	256.0	128.5	128.5	1.0	26.5	64.75	192.25	230.5	74.04503134354572	5482.666666666667	17752.0	4096.0	315.0	0.0	3.0	14.75	6956.0	15590.0	6086.838616002144	37049604.33725489	255.0	127.5	127.5	0.0	25.5	63.75	191.25	229.5	74.04503134354572	5482.666666666667	255.0	127.5	127.5	0.0	25.5	63.75	191.25	229.5	74.04503134354572	5482.666666666667	L455
28032023_s_Lm_st_L455_p_C07_pos001_tm_24_ch_Syto9_z_11_	256.0	128.5	128.5	1.0	26.5	64.75	192.25	230.5	74.04503134354572	5482.666666666667	47513.0	4096.0	3705.0	77.0	1181.5	1799.5	5615.75	6915.0	3570.98833465954	12751957.686274515	255.0	127.5	127.5	0.0	25.5	63.75	191.25	229.5	74.04503134354572	5482.666666666667	255.0	127.5	127.5	0.0	25.5	63.75	191.25	229.5	74.04503134354572	5482.666666666667	L455
28032023_s_Lm_st_L455_p_C07_pos001_tm_24_ch_Syto9_z_21_	256.0	128.5	128.5	1.0	26.5	64.75	192.25	230.5	74.04503134354572	5482.666666666667	8108.0	4096.0	4182.0	1.0	520.5	1462.5	6666.25	7632.0	2655.831678755705	7053441.905882349	255.0	127.5	127.5	0.0	25.5	63.75	191.25	229.5	74.04503134354572	5482.666666666667	255.0	127.5	127.5	0.0	25.5	63.75	191.25	229.5	74.04503134354572	5482.666666666667	L455
28032023_s_Lm_st_L455_p_C07_pos002_tm_24_ch_Syto9_z_11_	256.0	128.5	128.5	1.0	26.5	64.75	192.25	230.5	74.04503134354572	5482.666666666667	45730.0	4096.0	4150.0	24.0	1289.5	2005.0	5898.5	6162.0	3244.4768719392987	10526630.172549017	255.0	127.5	127.5	0.0	25.5	63.75	191.25	229.5	74.04503134354572	5482.666666666667	255.0	127.5	127.5	0.0	25.5	63.75	191.25	229.5	74.04503134354572	5482.666666666667	L455
28032023_s_Lm_st_L455_p_C07_pos002_tm_24_ch_Syto9_z_21_	256.0	128.5	128.5	1.0	26.5	64.75	192.25	230.5	74.04503134354572	5482.666666666667	9862.0	4096.0	3599.0	4.0	142.0	674.0	7374.25	9120.5	3387.314284613268	11473898.062745096	255.0	127.5	127.5	0.0	25.5	63.75	191.25	229.5	74.04503134354572	5482.666666666667	255.0	127.5	127.5	0.0	25.5	63.75	191.25	229.5	74.04503134354572	5482.666666666667	L455
28032023_s_Lm_st_L455_p_C07_pos003_tm_24_ch_Syto9_z_11_	256.0	128.5	128.5	1.0	26.5	64.75	192.25	230.5	74.04503134354572	5482.666666666667	11281.0	4096.0	3776.0	4.0	552.0	1267.25	6990.5	8056.0	2877.242326242539	8278523.403921577	255.0	127.5	127.5	0.0	25.5	63.75	191.25	229.5	74.04503134354572	5482.666666666667	255.0	127.5	127.5	0.0	25.5	63.75	191.25	229.5	74.04503134354572	5482.666666666667	L455
28032023_s_Lm_st_L455_p_C07_pos003_tm_24_ch_Syto9_z_21_	256.0	128.5	128.5	1.0	26.5	64.75	192.25	230.5	74.04503134354572	5482.666666666667	13312.0	4096.0	1833.5	3.0	16.0	117.0	7825.5	11939.0	4587.514898196677	21045292.941176467	255.0	127.5	127.5	0.0	25.5	63.75	191.25	229.5	74.04503134354572	5482.666666666667	255.0	127.5	127.5	0.0	25.5	63.75	191.25	229.5	74.04503134354572	5482.666666666667	L455
28032023_s_Lm_st_L455_p_C07_pos004_tm_24_ch_Syto9_z_11_	256.0	128.5	128.5	1.0	26.5	64.75	192.25	230.5	74.04503134354572	5482.666666666667	17344.0	4096.0	4018.0	5.0	794.5	1521.0	6584.5	7422.0	2637.3765470596727	6955755.050980403	255.0	127.5	127.5	0.0	25.5	63.75	191.25	229.5	74.04503134354572	5482.666666666667	255.0	127.5	127.5	0.0	25.5	63.75	191.25	229.5	74.04503134354572	5482.666666666667	L455
28032023_s_Lm_st_L455_p_C07_pos004_tm_24_ch_Syto9_z_21_	256.0	128.5	128.5	1.0	26.5	64.75	192.25	230.5	74.04503134354572	5482.666666666667	12473.0	4096.0	1987.5	4.0	20.0	122.5	8092.75	11286.5	4398.776747964303	19349236.87843141	255.0	127.5	127.5	0.0	25.5	63.75	191.25	229.5	74.04503134354572	5482.666666666667	255.0	127.5	127.5	0.0	25.5	63.75	191.25	229.5	74.04503134354572	5482.666666666667	L455
28032023_s_Lm_st_L455_p_C07_pos005_tm_24_ch_Syto9_z_11_	256.0	128.5	128.5	1.0	26.5	64.75	192.25	230.5	74.04503134354572	5482.666666666667	43738.0	4096.0	3834.0	18.0	1209.5	1880.25	6041.75	6798.0	3271.182411396138	10700634.368627451	255.0	127.5	127.5	0.0	25.5	63.75	191.25	229.5	74.04503134354572	5482.666666666667	255.0	127.5	127.5	0.0	25.5	63.75	191.25	229.5	74.04503134354572	5482.666666666667	L455
28032023_s_Lm_st_L455_p_C07_pos005_tm_24_ch_Syto9_z_21_	256.0	128.5	128.5	1.0	26.5	64.75	192.25	230.5	74.04503134354572	5482.666666666667	13367.0	4096.0	1742.0	3.0	24.0	154.75	7812.0	12006.0	4559.741985304543	20791246.972549018	255.0	127.5	127.5	0.0	25.5	63.75	191.25	229.5	74.04503134354572	5482.666666666667	255.0	127.5	127.5	0.0	25.5	63.75	191.25	229.5	74.04503134354572	5482.666666666667	L455
28032023_s_Lm_st_L455_p_C08_pos001_tm_24_ch_Syto9_z_11_	256.0	128.5	128.5	1.0	26.5	64.75	192.25	230.5	74.04503134354572	5482.666666666667	8374.0	4096.0	3644.5	5.0	374.5	969.0	7459.25	7950.5	3038.1751992234517	9230508.541176455	255.0	127.5	127.5	0.0	25.5	63.75	191.25	229.5	74.04503134354572	5482.666666666667	255.0	127.5	127.5	0.0	25.5	63.75	191.25	229.5	74.04503134354572	5482.666666666667	L455
28032023_s_Lm_st_L455_p_C08_pos001_tm_24_ch_Syto9_z_21_	256.0	128.5	128.5	1.0	26.5	64.75	192.25	230.5	74.04503134354572	5482.666666666667	14218.0	4096.0	1347.0	1.0	17.0	88.75	8344.5	12167.5	4835.673068304905	23383734.023529377	255.0	127.5	127.5	0.0	25.5	63.75	191.25	229.5	74.04503134354572	5482.666666666667	255.0	127.5	127.5	0.0	25.5	63.75	191.25	229.5	74.04503134354572	5482.666666666667	L455
28032023_s_Lm_st_L455_p_C08_pos002_tm_24_ch_Syto9_z_11_	256.0	128.5	128.5	1.0	26.5	64.75	192.25	230.5	74.04503134354572	5482.666666666667	10036.0	4096.0	3489.0	31.0	223.5	702.25	7369.0	9208.0	3401.969943729546	11573399.49803921	255.0	127.5	127.5	0.0	25.5	63.75	191.25	229.5	74.04503134354572	5482.666666666667	255.0	127.5	127.5	0.0	25.5	63.75	191.25	229.5	74.04503134354572	5482.666666666667	L455
28032023_s_Lm_st_L455_p_C08_pos002_tm_24_ch_Syto9_z_21_	256.0	128.5	128.5	1.0	26.5	64.75	192.25	230.5	74.04503134354572	5482.666666666667	10492.0	4096.0	2799.0	15.0	120.0	442.25	8145.75	9692.0	3774.0684200496	14243592.43921568	255.0	127.5	127.5	0.0	25.5	63.75	191.25	229.5	74.04503134354572	5482.666666666667	255.0	127.5	127.5	0.0	25.5	63.75	191.25	229.5	74.04503134354572	5482.666666666667	L455
28032023_s_Lm_st_L455_p_C08_pos003_tm_24_ch_Syto9_z_11_	256.0	128.5	128.5	1.0	26.5	64.75	192.25	230.5	74.04503134354572	5482.666666666667	10127.0	4096.0	3505.0	6.0	469.0	1034.25	7164.0	8648.5	3133.158162395928	9816680.070588227	255.0	127.5	127.5	0.0	25.5	63.75	191.25	229.5	74.04503134354572	5482.666666666667	255.0	127.5	127.5	0.0	25.5	63.75	191.25	229.5	74.04503134354572	5482.666666666667	L455
28032023_s_Lm_st_L455_p_C08_pos003_tm_24_ch_Syto9_z_21_	256.0	128.5	128.5	1.0	26.5	64.75	192.25	230.5	74.04503134354572	5482.666666666667	14784.0	4096.0	3755.5	2.0	606.0	1227.75	7086.75	7877.0	2887.0515674198086	8335066.752941173	255.0	127.5	127.5	0.0	25.5	63.75	191.25	229.5	74.04503134354572	5482.666666666667	255.0	127.5	127.5	0.0	25.5	63.75	191.25	229.5	74.04503134354572	5482.666666666667	L455
28032023_s_Lm_st_L455_p_C08_pos004_tm_24_ch_Syto9_z_11_	256.0	128.5	128.5	1.0	26.5	64.75	192.25	230.5	74.04503134354572	5482.666666666667	12779.0	4096.0	2168.5	6.0	33.0	183.5	7648.0	11463.5	4349.120680114094	18914850.69019608	255.0	127.5	127.5	0.0	25.5	63.75	191.25	229.5	74.04503134354572	5482.666666666667	255.0	127.5	127.5	0.0	25.5	63.75	191.25	229.5	74.04503134354572	5482.666666666667	L455
28032023_s_Lm_st_L455_p_C08_pos004_tm_24_ch_Syto9_z_21_	256.0	128.5	128.5	1.0	26.5	64.75	192.25	230.5	74.04503134354572	5482.666666666667	8433.0	4096.0	3732.0	7.0	403.0	1015.75	7342.75	8167.0	3010.3494123296914	9062203.58431372	255.0	127.5	127.5	0.0	25.5	63.75	191.25	229.5	74.04503134354572	5482.666666666667	255.0	127.5	127.5	0.0	25.5	63.75	191.25	229.5	74.04503134354572	5482.666666666667	L455
28032023_s_Lm_st_L455_p_C08_pos005_tm_24_ch_Syto9_z_11_	256.0	128.5	128.5	1.0	26.5	64.75	192.25	230.5	74.04503134354572	5482.666666666667	11682.0	4096.0	2615.0	6.0	75.5	355.25	7807.0	10410.5	3970.513632995598	15764978.509803904	255.0	127.5	127.5	0.0	25.5	63.75	191.25	229.5	74.04503134354572	5482.666666666667	255.0	127.5	127.5	0.0	25.5	63.75	191.25	229.5	74.04503134354572	5482.666666666667	L455
28032023_s_Lm_st_L455_p_C08_pos005_tm_24_ch_Syto9_z_21_	256.0	128.5	128.5	1.0	26.5	64.75	192.25	230.5	74.04503134354572	5482.666666666667	8228.0	4096.0	4015.5	2.0	372.0	992.5	7298.75	7791.0	2944.960711479333	8672793.592156863	255.0	127.5	127.5	0.0	25.5	63.75	191.25	229.5	74.04503134354572	5482.666666666667	255.0	127.5	127.5	0.0	25.5	63.75	191.25	229.5	74.04503134354572	5482.666666666667	L455
28032023_s_Lm_st_L455_p_D03_pos001_tm_24_ch_Syto9_z_11_	256.0	128.5	128.5	1.0	26.5	64.75	192.25	230.5	74.04503134354572	5482.666666666667	52935.0	4096.0	3682.0	6.0	1292.0	1872.25	5946.75	7072.5	3749.998353986566	14062487.654901955	255.0	127.5	127.5	0.0	25.5	63.75	191.25	229.5	74.04503134354572	5482.666666666667	255.0	127.5	127.5	0.0	25.5	63.75	191.25	229.5	74.04503134354572	5482.666666666667	L455
28032023_s_Lm_st_L455_p_D03_pos001_tm_24_ch_Syto9_z_21_	256.0	128.5	128.5	1.0	26.5	64.75	192.25	230.5	74.04503134354572	5482.666666666667	10820.0	4096.0	3261.0	3.0	422.5	925.5	6933.5	9051.0	3320.3586647748016	11024781.662745103	255.0	127.5	127.5	0.0	25.5	63.75	191.25	229.5	74.04503134354572	5482.666666666667	255.0	127.5	127.5	0.0	25.5	63.75	191.25	229.5	74.04503134354572	5482.666666666667	L455
28032023_s_Lm_st_L455_p_D03_pos002_tm_24_ch_Syto9_z_11_	256.0	128.5	128.5	1.0	26.5	64.75	192.25	230.5	74.04503134354572	5482.666666666667	46802.0	4096.0	3048.0	8.0	1032.5	1513.5	5699.0	8944.0	3947.645923490973	15583908.337254897	255.0	127.5	127.5	0.0	25.5	63.75	191.25	229.5	74.04503134354572	5482.666666666667	255.0	127.5	127.5	0.0	25.5	63.75	191.25	229.5	74.04503134354572	5482.666666666667	L455
28032023_s_Lm_st_L455_p_D03_pos002_tm_24_ch_Syto9_z_21_	256.0	128.5	128.5	1.0	26.5	64.75	192.25	230.5	74.04503134354572	5482.666666666667	14231.0	4096.0	2805.5	11.0	428.5	931.5	6355.0	9903.5	3745.5324603805934	14029013.411764702	255.0	127.5	127.5	0.0	25.5	63.75	191.25	229.5	74.04503134354572	5482.666666666667	255.0	127.5	127.5	0.0	25.5	63.75	191.25	229.5	74.04503134354572	5482.666666666667	L455
28032023_s_Lm_st_L455_p_D03_pos003_tm_24_ch_Syto9_z_11_	256.0	128.5	128.5	1.0	26.5	64.75	192.25	230.5	74.04503134354572	5482.666666666667	23030.0	4096.0	3039.5	7.0	702.0	1220.5	6291.0	9070.5	3472.296875579168	12056845.59215685	255.0	127.5	127.5	0.0	25.5	63.75	191.25	229.5	74.04503134354572	5482.666666666667	255.0	127.5	127.5	0.0	25.5	63.75	191.25	229.5	74.04503134354572	5482.666666666667	L455
28032023_s_Lm_st_L455_p_D03_pos003_tm_24_ch_Syto9_z_21_	256.0	128.5	128.5	1.0	26.5	64.75	192.25	230.5	74.04503134354572	5482.666666666667	11200.0	4096.0	3410.0	8.0	324.0	878.5	6978.75	8753.5	3337.128808175217	11136428.682352943	255.0	127.5	127.5	0.0	25.5	63.75	191.25	229.5	74.04503134354572	5482.666666666667	255.0	127.5	127.5	0.0	25.5	63.75	191.25	229.5	74.04503134354572	5482.666666666667	L455
28032023_s_Lm_st_L455_p_D03_pos004_tm_24_ch_Syto9_z_11_	256.0	128.5	128.5	1.0	26.5	64.75	192.25	230.5	74.04503134354572	5482.666666666667	17474.0	4096.0	2711.5	24.0	481.0	887.0	6651.25	10380.5	3729.823792294836	13911585.521568634	255.0	127.5	127.5	0.0	25.5	63.75	191.25	229.5	74.04503134354572	5482.666666666667	255.0	127.5	127.5	0.0	25.5	63.75	191.25	229.5	74.04503134354572	5482.666666666667	L455
28032023_s_Lm_st_L455_p_D03_pos004_tm_24_ch_Syto9_z_21_	256.0	128.5	128.5	1.0	26.5	64.75	192.25	230.5	74.04503134354572	5482.666666666667	12930.0	4096.0	1784.5	12.0	92.0	279.5	7932.25	11693.5	4480.64958525908	20076220.70588236	255.0	127.5	127.5	0.0	25.5	63.75	191.25	229.5	74.04503134354572	5482.666666666667	255.0	127.5	127.5	0.0	25.5	63.75	191.25	229.5	74.04503134354572	5482.666666666667	L455
28032023_s_Lm_st_L455_p_D03_pos005_tm_24_ch_Syto9_z_11_	256.0	128.5	128.5	1.0	26.5	64.75	192.25	230.5	74.04503134354572	5482.666666666667	19023.0	4096.0	2717.0	5.0	525.5	934.0	6349.0	10187.0	3799.330205160265	14434910.00784314	255.0	127.5	127.5	0.0	25.5	63.75	191.25	229.5	74.04503134354572	5482.666666666667	255.0	127.5	127.5	0.0	25.5	63.75	191.25	229.5	74.04503134354572	5482.666666666667	L455
28032023_s_Lm_st_L455_p_D03_pos005_tm_24_ch_Syto9_z_21_	256.0	128.5	128.5	1.0	26.5	64.75	192.25	230.5	74.04503134354572	5482.666666666667	12603.0	4096.0	1548.0	2.0	54.0	191.25	8536.75	11806.0	4613.854717788886	21287655.35686276	255.0	127.5	127.5	0.0	25.5	63.75	191.25	229.5	74.04503134354572	5482.666666666667	255.0	127.5	127.5	0.0	25.5	63.75	191.25	229.5	74.04503134354572	5482.666666666667	L455
28032023_s_Lm_st_L455_p_D04_pos001_tm_24_ch_Syto9_z_11_	256.0	128.5	128.5	1.0	26.5	64.75	192.25	230.5	74.04503134354572	5482.666666666667	10325.0	4096.0	2839.0	3.0	82.0	409.0	8169.0	9578.0	3775.246499678309	14252486.133333327	255.0	127.5	127.5	0.0	25.5	63.75	191.25	229.5	74.04503134354572	5482.666666666667	255.0	127.5	127.5	0.0	25.5	63.75	191.25	229.5	74.04503134354572	5482.666666666667	L455
28032023_s_Lm_st_L455_p_D04_pos001_tm_24_ch_Syto9_z_21_	256.0	128.5	128.5	1.0	26.5	64.75	192.25	230.5	74.04503134354572	5482.666666666667	15249.0	4096.0	595.0	0.0	0.5	4.0	8565.75	13462.0	5314.116862050495	28239838.023529403	255.0	127.5	127.5	0.0	25.5	63.75	191.25	229.5	74.04503134354572	5482.666666666667	255.0	127.5	127.5	0.0	25.5	63.75	191.25	229.5	74.04503134354572	5482.666666666667	L455
28032023_s_Lm_st_L455_p_D04_pos002_tm_24_ch_Syto9_z_11_	256.0	128.5	128.5	1.0	26.5	64.75	192.25	230.5	74.04503134354572	5482.666666666667	9555.0	4096.0	3080.0	2.0	135.5	496.0	7953.75	9146.5	3588.1682999853265	12874951.749019587	255.0	127.5	127.5	0.0	25.5	63.75	191.25	229.5	74.04503134354572	5482.666666666667	255.0	127.5	127.5	0.0	25.5	63.75	191.25	229.5	74.04503134354572	5482.666666666667	L455
28032023_s_Lm_st_L455_p_D04_pos002_tm_24_ch_Syto9_z_21_	256.0	128.5	128.5	1.0	26.5	64.75	192.25	230.5	74.04503134354572	5482.666666666667	12905.0	4096.0	1447.0	0.0	5.0	44.75	8513.25	11794.0	4681.832357896956	21919554.22745097	255.0	127.5	127.5	0.0	25.5	63.75	191.25	229.5	74.04503134354572	5482.666666666667	255.0	127.5	127.5	0.0	25.5	63.75	191.25	229.5	74.04503134354572	5482.666666666667	L455
28032023_s_Lm_st_L455_p_D04_pos003_tm_24_ch_Syto9_z_11_	256.0	128.5	128.5	1.0	26.5	64.75	192.25	230.5	74.04503134354572	5482.666666666667	13936.0	4096.0	1162.0	8.0	18.0	87.25	8448.25	12577.0	4960.501559081205	24606575.71764707	255.0	127.5	127.5	0.0	25.5	63.75	191.25	229.5	74.04503134354572	5482.666666666667	255.0	127.5	127.5	0.0	25.5	63.75	191.25	229.5	74.04503134354572	5482.666666666667	L455
28032023_s_Lm_st_L455_p_D04_pos003_tm_24_ch_Syto9_z_21_	256.0	128.5	128.5	1.0	26.5	64.75	192.25	230.5	74.04503134354572	5482.666666666667	17839.0	4096.0	282.0	0.0	1.0	6.0	7191.5	15230.0	5972.275283570333	35668072.0627451	255.0	127.5	127.5	0.0	25.5	63.75	191.25	229.5	74.04503134354572	5482.666666666667	255.0	127.5	127.5	0.0	25.5	63.75	191.25	229.5	74.04503134354572	5482.666666666667	L455
28032023_s_Lm_st_L455_p_D04_pos004_tm_24_ch_Syto9_z_11_	256.0	128.5	128.5	1.0	26.5	64.75	192.25	230.5	74.04503134354572	5482.666666666667	14576.0	4096.0	1000.0	13.0	43.5	126.75	7688.0	13585.0	5199.837127916869	27038306.156862747	255.0	127.5	127.5	0.0	25.5	63.75	191.25	229.5	74.04503134354572	5482.666666666667	255.0	127.5	127.5	0.0	25.5	63.75	191.25	229.5	74.04503134354572	5482.666666666667	L455
28032023_s_Lm_st_L455_p_D04_pos004_tm_24_ch_Syto9_z_21_	256.0	128.5	128.5	1.0	26.5	64.75	192.25	230.5	74.04503134354572	5482.666666666667	23323.0	4096.0	183.0	0.0	1.0	5.75	4772.5	17215.5	6928.906008208532	48009738.47058828	255.0	127.5	127.5	0.0	25.5	63.75	191.25	229.5	74.04503134354572	5482.666666666667	255.0	127.5	127.5	0.0	25.5	63.75	191.25	229.5	74.04503134354572	5482.666666666667	L455
28032023_s_Lm_st_L455_p_D04_pos005_tm_24_ch_Syto9_z_11_	256.0	128.5	128.5	1.0	26.5	64.75	192.25	230.5	74.04503134354572	5482.666666666667	11753.0	4096.0	1923.0	11.0	61.5	218.25	8448.0	10948.5	4303.856001126363	18523176.478431404	255.0	127.5	127.5	0.0	25.5	63.75	191.25	229.5	74.04503134354572	5482.666666666667	255.0	127.5	127.5	0.0	25.5	63.75	191.25	229.5	74.04503134354572	5482.666666666667	L455
28032023_s_Lm_st_L455_p_D04_pos005_tm_24_ch_Syto9_z_21_	256.0	128.5	128.5	1.0	26.5	64.75	192.25	230.5	74.04503134354572	5482.666666666667	15080.0	4096.0	688.5	1.0	5.0	21.75	8619.75	13354.0	5298.896776040958	28078307.04313725	255.0	127.5	127.5	0.0	25.5	63.75	191.25	229.5	74.04503134354572	5482.666666666667	255.0	127.5	127.5	0.0	25.5	63.75	191.25	229.5	74.04503134354572	5482.666666666667	L455
28032023_s_Lm_st_L455_p_D06_pos001_tm_24_ch_Syto9_z_11_	256.0	128.5	128.5	1.0	26.5	64.75	192.25	230.5	74.04503134354572	5482.666666666667	12538.0	4096.0	2310.0	4.0	18.5	144.5	7764.0	11388.0	4324.867363261435	18704477.70980392	255.0	127.5	127.5	0.0	25.5	63.75	191.25	229.5	74.04503134354572	5482.666666666667	255.0	127.5	127.5	0.0	25.5	63.75	191.25	229.5	74.04503134354572	5482.666666666667	L455
28032023_s_Lm_st_L455_p_D06_pos001_tm_24_ch_Syto9_z_21_	256.0	128.5	128.5	1.0	26.5	64.75	192.25	230.5	74.04503134354572	5482.666666666667	11395.0	4096.0	4486.0	6.0	707.5	1684.25	6313.75	6881.5	2384.462150888456	5685659.749019601	255.0	127.5	127.5	0.0	25.5	63.75	191.25	229.5	74.04503134354572	5482.666666666667	255.0	127.5	127.5	0.0	25.5	63.75	191.25	229.5	74.04503134354572	5482.666666666667	L455
28032023_s_Lm_st_L455_p_D06_pos002_tm_24_ch_Syto9_z_11_	256.0	128.5	128.5	1.0	26.5	64.75	192.25	230.5	74.04503134354572	5482.666666666667	11266.0	4096.0	2401.5	4.0	37.5	204.5	8169.0	10548.0	4113.9937878264345	16924944.886274498	255.0	127.5	127.5	0.0	25.5	63.75	191.25	229.5	74.04503134354572	5482.666666666667	255.0	127.5	127.5	0.0	25.5	63.75	191.25	229.5	74.04503134354572	5482.666666666667	L455
28032023_s_Lm_st_L455_p_D06_pos002_tm_24_ch_Syto9_z_21_	256.0	128.5	128.5	1.0	26.5	64.75	192.25	230.5	74.04503134354572	5482.666666666667	11666.0	4096.0	3476.5	33.0	517.0	1133.5	6534.75	8605.5	3139.6265233117047	9857254.70588234	255.0	127.5	127.5	0.0	25.5	63.75	191.25	229.5	74.04503134354572	5482.666666666667	255.0	127.5	127.5	0.0	25.5	63.75	191.25	229.5	74.04503134354572	5482.666666666667	L455
28032023_s_Lm_st_L455_p_D06_pos003_tm_24_ch_Syto9_z_11_	256.0	128.5	128.5	1.0	26.5	64.75	192.25	230.5	74.04503134354572	5482.666666666667	14313.0	4096.0	1612.5	7.0	57.0	233.5	7629.0	12340.0	4717.702159181426	22256713.662745096	255.0	127.5	127.5	0.0	25.5	63.75	191.25	229.5	74.04503134354572	5482.666666666667	255.0	127.5	127.5	0.0	25.5	63.75	191.25	229.5	74.04503134354572	5482.666666666667	L455
28032023_s_Lm_st_L455_p_D06_pos003_tm_24_ch_Syto9_z_21_	256.0	128.5	128.5	1.0	26.5	64.75	192.25	230.5	74.04503134354572	5482.666666666667	11216.0	4096.0	2361.0	17.0	138.0	434.5	8358.5	10188.0	3939.5578800413728	15520116.290196074	255.0	127.5	127.5	0.0	25.5	63.75	191.25	229.5	74.04503134354572	5482.666666666667	255.0	127.5	127.5	0.0	25.5	63.75	191.25	229.5	74.04503134354572	5482.666666666667	L455
28032023_s_Lm_st_L455_p_D06_pos004_tm_24_ch_Syto9_z_11_	256.0	128.5	128.5	1.0	26.5	64.75	192.25	230.5	74.04503134354572	5482.666666666667	10857.0	4096.0	2157.0	55.0	100.0	338.0	8585.0	10462.0	4091.263593101193	16738437.788235284	255.0	127.5	127.5	0.0	25.5	63.75	191.25	229.5	74.04503134354572	5482.666666666667	255.0	127.5	127.5	0.0	25.5	63.75	191.25	229.5	74.04503134354572	5482.666666666667	L455
28032023_s_Lm_st_L455_p_D06_pos004_tm_24_ch_Syto9_z_21_	256.0	128.5	128.5	1.0	26.5	64.75	192.25	230.5	74.04503134354572	5482.666666666667	14412.0	4096.0	2650.0	27.0	228.0	571.25	7094.75	9786.5	3956.521789970305	15654064.674509823	255.0	127.5	127.5	0.0	25.5	63.75	191.25	229.5	74.04503134354572	5482.666666666667	255.0	127.5	127.5	0.0	25.5	63.75	191.25	229.5	74.04503134354572	5482.666666666667	L455
28032023_s_Lm_st_L455_p_D06_pos005_tm_24_ch_Syto9_z_11_	256.0	128.5	128.5	1.0	26.5	64.75	192.25	230.5	74.04503134354572	5482.666666666667	13080.0	4096.0	1881.0	1.0	14.5	126.0	7817.25	11796.5	4548.064221699806	20684888.16470586	255.0	127.5	127.5	0.0	25.5	63.75	191.25	229.5	74.04503134354572	5482.666666666667	255.0	127.5	127.5	0.0	25.5	63.75	191.25	229.5	74.04503134354572	5482.666666666667	L455
28032023_s_Lm_st_L455_p_D06_pos005_tm_24_ch_Syto9_z_21_	256.0	128.5	128.5	1.0	26.5	64.75	192.25	230.5	74.04503134354572	5482.666666666667	9841.0	4096.0	3417.5	4.0	289.0	718.75	7464.75	8784.5	3321.041616663037	11029317.419607842	255.0	127.5	127.5	0.0	25.5	63.75	191.25	229.5	74.04503134354572	5482.666666666667	255.0	127.5	127.5	0.0	25.5	63.75	191.25	229.5	74.04503134354572	5482.666666666667	L455
28032023_s_Lm_st_L455_p_D07_pos001_tm_24_ch_Syto9_z_11_	256.0	128.5	128.5	1.0	26.5	64.75	192.25	230.5	74.04503134354572	5482.666666666667	12704.0	4096.0	2120.5	4.0	21.0	142.25	7855.25	11373.5	4398.915597209445	19350458.43137253	255.0	127.5	127.5	0.0	25.5	63.75	191.25	229.5	74.04503134354572	5482.666666666667	255.0	127.5	127.5	0.0	25.5	63.75	191.25	229.5	74.04503134354572	5482.666666666667	L455
28032023_s_Lm_st_L455_p_D07_pos001_tm_24_ch_Syto9_z_21_	256.0	128.5	128.5	1.0	26.5	64.75	192.25	230.5	74.04503134354572	5482.666666666667	10670.0	4096.0	3372.0	5.0	379.0	974.5	6974.5	8824.0	3230.6284194121945	10436959.984313734	255.0	127.5	127.5	0.0	25.5	63.75	191.25	229.5	74.04503134354572	5482.666666666667	255.0	127.5	127.5	0.0	25.5	63.75	191.25	229.5	74.04503134354572	5482.666666666667	L455
28032023_s_Lm_st_L455_p_D07_pos002_tm_24_ch_Syto9_z_11_	256.0	128.5	128.5	1.0	26.5	64.75	192.25	230.5	74.04503134354572	5482.666666666667	9350.0	4096.0	3706.0	6.0	162.5	706.75	7390.0	8781.0	3320.5948640236725	11026350.250980392	255.0	127.5	127.5	0.0	25.5	63.75	191.25	229.5	74.04503134354572	5482.666666666667	255.0	127.5	127.5	0.0	25.5	63.75	191.25	229.5	74.04503134354572	5482.666666666667	L455
28032023_s_Lm_st_L455_p_D07_pos002_tm_24_ch_Syto9_z_21_	256.0	128.5	128.5	1.0	26.5	64.75	192.25	230.5	74.04503134354572	5482.666666666667	12508.0	4096.0	2942.5	13.0	207.5	632.75	7189.75	9553.0	3684.6499948181936	13576645.584313717	255.0	127.5	127.5	0.0	25.5	63.75	191.25	229.5	74.04503134354572	5482.666666666667	255.0	127.5	127.5	0.0	25.5	63.75	191.25	229.5	74.04503134354572	5482.666666666667	L455
28032023_s_Lm_st_L455_p_D07_pos003_tm_24_ch_Syto9_z_11_	256.0	128.5	128.5	1.0	26.5	64.75	192.25	230.5	74.04503134354572	5482.666666666667	15105.0	4096.0	1099.0	0.0	2.0	30.75	7836.25	13288.0	5110.164072420651	26113776.84705881	255.0	127.5	127.5	0.0	25.5	63.75	191.25	229.5	74.04503134354572	5482.666666666667	255.0	127.5	127.5	0.0	25.5	63.75	191.25	229.5	74.04503134354572	5482.666666666667	L455
28032023_s_Lm_st_L455_p_D07_pos003_tm_24_ch_Syto9_z_21_	256.0	128.5	128.5	1.0	26.5	64.75	192.25	230.5	74.04503134354572	5482.666666666667	9902.0	4096.0	2782.0	3.0	128.5	436.5	8121.5	9363.5	3701.6912414542144	13702518.047058843	255.0	127.5	127.5	0.0	25.5	63.75	191.25	229.5	74.04503134354572	5482.666666666667	255.0	127.5	127.5	0.0	25.5	63.75	191.25	229.5	74.04503134354572	5482.666666666667	L455
28032023_s_Lm_st_L455_p_D07_pos004_tm_24_ch_Syto9_z_11_	256.0	128.5	128.5	1.0	26.5	64.75	192.25	230.5	74.04503134354572	5482.666666666667	16300.0	4096.0	636.5	0.0	1.0	8.0	7790.25	14313.0	5527.422993495218	30552404.94901964	255.0	127.5	127.5	0.0	25.5	63.75	191.25	229.5	74.04503134354572	5482.666666666667	255.0	127.5	127.5	0.0	25.5	63.75	191.25	229.5	74.04503134354572	5482.666666666667	L455
28032023_s_Lm_st_L455_p_D07_pos004_tm_24_ch_Syto9_z_21_	256.0	128.5	128.5	1.0	26.5	64.75	192.25	230.5	74.04503134354572	5482.666666666667	14625.0	4096.0	2948.5	35.0	352.0	809.5	6720.25	9371.0	3693.9091318696255	13644964.674509816	255.0	127.5	127.5	0.0	25.5	63.75	191.25	229.5	74.04503134354572	5482.666666666667	255.0	127.5	127.5	0.0	25.5	63.75	191.25	229.5	74.04503134354572	5482.666666666667	L455
28032023_s_Lm_st_L455_p_D07_pos005_tm_24_ch_Syto9_z_11_	256.0	128.5	128.5	1.0	26.5	64.75	192.25	230.5	74.04503134354572	5482.666666666667	14215.0	4096.0	1212.5	1.0	12.0	64.75	8304.25	12676.5	4921.778147512677	24223900.133333314	255.0	127.5	127.5	0.0	25.5	63.75	191.25	229.5	74.04503134354572	5482.666666666667	255.0	127.5	127.5	0.0	25.5	63.75	191.25	229.5	74.04503134354572	5482.666666666667	L455
28032023_s_Lm_st_L455_p_D07_pos005_tm_24_ch_Syto9_z_21_	256.0	128.5	128.5	1.0	26.5	64.75	192.25	230.5	74.04503134354572	5482.666666666667	10997.0	4096.0	2058.0	2.0	74.0	251.75	8769.75	10442.0	4162.540519498948	17326743.576470573	255.0	127.5	127.5	0.0	25.5	63.75	191.25	229.5	74.04503134354572	5482.666666666667	255.0	127.5	127.5	0.0	25.5	63.75	191.25	229.5	74.04503134354572	5482.666666666667	L455
28032023_s_Lm_st_L455_p_D08_pos001_tm_24_ch_Syto9_z_11_	256.0	128.5	128.5	1.0	26.5	64.75	192.25	230.5	74.04503134354572	5482.666666666667	9860.0	4096.0	3028.5	8.0	200.5	586.0	7944.75	9199.0	3573.4272426934244	12769382.25882353	255.0	127.5	127.5	0.0	25.5	63.75	191.25	229.5	74.04503134354572	5482.666666666667	255.0	127.5	127.5	0.0	25.5	63.75	191.25	229.5	74.04503134354572	5482.666666666667	L455
28032023_s_Lm_st_L455_p_D08_pos001_tm_24_ch_Syto9_z_21_	256.0	128.5	128.5	1.0	26.5	64.75	192.25	230.5	74.04503134354572	5482.666666666667	9696.0	4096.0	2934.5	15.0	133.5	460.0	8443.0	9223.5	3647.178494747552	13301910.97254902	255.0	127.5	127.5	0.0	25.5	63.75	191.25	229.5	74.04503134354572	5482.666666666667	255.0	127.5	127.5	0.0	25.5	63.75	191.25	229.5	74.04503134354572	5482.666666666667	L455
28032023_s_Lm_st_L455_p_D08_pos002_tm_24_ch_Syto9_z_11_	256.0	128.5	128.5	1.0	26.5	64.75	192.25	230.5	74.04503134354572	5482.666666666667	10490.0	4096.0	2962.0	5.0	119.0	439.0	7731.0	9579.0	3715.3407760733	13803757.082352951	255.0	127.5	127.5	0.0	25.5	63.75	191.25	229.5	74.04503134354572	5482.666666666667	255.0	127.5	127.5	0.0	25.5	63.75	191.25	229.5	74.04503134354572	5482.666666666667	L455
28032023_s_Lm_st_L455_p_D08_pos002_tm_24_ch_Syto9_z_21_	256.0	128.5	128.5	1.0	26.5	64.75	192.25	230.5	74.04503134354572	5482.666666666667	9632.0	4096.0	3344.5	17.0	218.0	690.25	7675.5	8626.0	3345.9922400669484	11195664.070588237	255.0	127.5	127.5	0.0	25.5	63.75	191.25	229.5	74.04503134354572	5482.666666666667	255.0	127.5	127.5	0.0	25.5	63.75	191.25	229.5	74.04503134354572	5482.666666666667	L455
28032023_s_Lm_st_L455_p_D08_pos003_tm_24_ch_Syto9_z_11_	256.0	128.5	128.5	1.0	26.5	64.75	192.25	230.5	74.04503134354572	5482.666666666667	11917.0	4096.0	2360.5	7.0	116.0	395.5	7871.75	10766.5	4078.9370222366206	16637727.231372548	255.0	127.5	127.5	0.0	25.5	63.75	191.25	229.5	74.04503134354572	5482.666666666667	255.0	127.5	127.5	0.0	25.5	63.75	191.25	229.5	74.04503134354572	5482.666666666667	L455
28032023_s_Lm_st_L455_p_D08_pos003_tm_24_ch_Syto9_z_21_	256.0	128.5	128.5	1.0	26.5	64.75	192.25	230.5	74.04503134354572	5482.666666666667	12028.0	4096.0	1972.0	12.0	56.5	233.5	8218.25	10928.0	4289.943199953062	18403612.65882352	255.0	127.5	127.5	0.0	25.5	63.75	191.25	229.5	74.04503134354572	5482.666666666667	255.0	127.5	127.5	0.0	25.5	63.75	191.25	229.5	74.04503134354572	5482.666666666667	L455
28032023_s_Lm_st_L455_p_D08_pos004_tm_24_ch_Syto9_z_11_	256.0	128.5	128.5	1.0	26.5	64.75	192.25	230.5	74.04503134354572	5482.666666666667	10687.0	4096.0	2714.0	36.0	140.0	466.5	7988.25	9885.0	3807.0084328568455	14493313.207843134	255.0	127.5	127.5	0.0	25.5	63.75	191.25	229.5	74.04503134354572	5482.666666666667	255.0	127.5	127.5	0.0	25.5	63.75	191.25	229.5	74.04503134354572	5482.666666666667	L455
28032023_s_Lm_st_L455_p_D08_pos004_tm_24_ch_Syto9_z_21_	256.0	128.5	128.5	1.0	26.5	64.75	192.25	230.5	74.04503134354572	5482.666666666667	9849.0	4096.0	3312.5	26.0	321.0	832.5	7451.0	8549.5	3271.967233404177	10705769.576470586	255.0	127.5	127.5	0.0	25.5	63.75	191.25	229.5	74.04503134354572	5482.666666666667	255.0	127.5	127.5	0.0	25.5	63.75	191.25	229.5	74.04503134354572	5482.666666666667	L455
28032023_s_Lm_st_L455_p_D08_pos005_tm_24_ch_Syto9_z_11_	256.0	128.5	128.5	1.0	26.5	64.75	192.25	230.5	74.04503134354572	5482.666666666667	10146.0	4096.0	3158.5	10.0	292.0	745.75	7633.0	9266.5	3465.768176173992	12011549.050980398	255.0	127.5	127.5	0.0	25.5	63.75	191.25	229.5	74.04503134354572	5482.666666666667	255.0	127.5	127.5	0.0	25.5	63.75	191.25	229.5	74.04503134354572	5482.666666666667	L455
28032023_s_Lm_st_L455_p_D08_pos005_tm_24_ch_Syto9_z_21_	256.0	128.5	128.5	1.0	26.5	64.75	192.25	230.5	74.04503134354572	5482.666666666667	8792.0	4096.0	3547.5	1.0	397.5	929.5	7441.5	8372.0	3134.469368108076	9824898.21960784	255.0	127.5	127.5	0.0	25.5	63.75	191.25	229.5	74.04503134354572	5482.666666666667	255.0	127.5	127.5	0.0	25.5	63.75	191.25	229.5	74.04503134354572	5482.666666666667	L455
