sampleName	 -SUMMARYArea2DLayers.tsv_max.txt	 -SUMMARYArea2DLayers.tsv_mean.txt	 -SUMMARYArea2DLayers.tsv_median.txt	 -SUMMARYArea2DLayers.tsv_min.txt	 -SUMMARYArea2DLayers.tsv_q10.txt	 -SUMMARYArea2DLayers.tsv_q25.txt	 -SUMMARYArea2DLayers.tsv_q75.txt	 -SUMMARYArea2DLayers.tsv_q90.txt	 -SUMMARYArea2DLayers.tsv_std.txt	 -SUMMARYArea2DLayers.tsv_var.txt	 -SUMMARYhistAll.tsv_max.txt	 -SUMMARYhistAll.tsv_mean.txt	 -SUMMARYhistAll.tsv_median.txt	 -SUMMARYhistAll.tsv_min.txt	 -SUMMARYhistAll.tsv_q10.txt	 -SUMMARYhistAll.tsv_q25.txt	 -SUMMARYhistAll.tsv_q75.txt	 -SUMMARYhistAll.tsv_q90.txt	 -SUMMARYhistAll.tsv_std.txt	 -SUMMARYhistAll.tsv_var.txt	 -SUMMARYsurf3D.tsv_max.txt	 -SUMMARYsurf3D.tsv_mean.txt	 -SUMMARYsurf3D.tsv_median.txt	 -SUMMARYsurf3D.tsv_min.txt	 -SUMMARYsurf3D.tsv_q10.txt	 -SUMMARYsurf3D.tsv_q25.txt	 -SUMMARYsurf3D.tsv_q75.txt	 -SUMMARYsurf3D.tsv_q90.txt	 -SUMMARYsurf3D.tsv_std.txt	 -SUMMARYsurf3D.tsv_var.txt	 -SUMMARYvol3D.tsv_max.txt	 -SUMMARYvol3D.tsv_mean.txt	 -SUMMARYvol3D.tsv_median.txt	 -SUMMARYvol3D.tsv_min.txt	 -SUMMARYvol3D.tsv_q10.txt	 -SUMMARYvol3D.tsv_q25.txt	 -SUMMARYvol3D.tsv_q75.txt	 -SUMMARYvol3D.tsv_q90.txt	 -SUMMARYvol3D.tsv_std.txt	 -SUMMARYvol3D.tsv_var.txt	%Area-SUMMARYhistAll.tsv_max.txt	%Area-SUMMARYhistAll.tsv_mean.txt	%Area-SUMMARYhistAll.tsv_median.txt	%Area-SUMMARYhistAll.tsv_min.txt	%Area-SUMMARYhistAll.tsv_q10.txt	%Area-SUMMARYhistAll.tsv_q25.txt	%Area-SUMMARYhistAll.tsv_q75.txt	%Area-SUMMARYhistAll.tsv_q90.txt	%Area-SUMMARYhistAll.tsv_std.txt	%Area-SUMMARYhistAll.tsv_var.txt	%Area-SUMMARYvol3D.tsv_max.txt	%Area-SUMMARYvol3D.tsv_mean.txt	%Area-SUMMARYvol3D.tsv_median.txt	%Area-SUMMARYvol3D.tsv_min.txt	%Area-SUMMARYvol3D.tsv_q10.txt	%Area-SUMMARYvol3D.tsv_q25.txt	%Area-SUMMARYvol3D.tsv_q75.txt	%Area-SUMMARYvol3D.tsv_q90.txt	%Area-SUMMARYvol3D.tsv_std.txt	%Area-SUMMARYvol3D.tsv_var.txt	Area-SUMMARYArea2DLayers.tsv_max.txt	Area-SUMMARYArea2DLayers.tsv_mean.txt	Area-SUMMARYArea2DLayers.tsv_median.txt	Area-SUMMARYArea2DLayers.tsv_min.txt	Area-SUMMARYArea2DLayers.tsv_q10.txt	Area-SUMMARYArea2DLayers.tsv_q25.txt	Area-SUMMARYArea2DLayers.tsv_q75.txt	Area-SUMMARYArea2DLayers.tsv_q90.txt	Area-SUMMARYArea2DLayers.tsv_std.txt	Area-SUMMARYArea2DLayers.tsv_var.txt	Area-SUMMARYvol3D.tsv_max.txt	Area-SUMMARYvol3D.tsv_mean.txt	Area-SUMMARYvol3D.tsv_median.txt	Area-SUMMARYvol3D.tsv_min.txt	Area-SUMMARYvol3D.tsv_q10.txt	Area-SUMMARYvol3D.tsv_q25.txt	Area-SUMMARYvol3D.tsv_q75.txt	Area-SUMMARYvol3D.tsv_q90.txt	Area-SUMMARYvol3D.tsv_std.txt	Area-SUMMARYvol3D.tsv_var.txt	Average Size-SUMMARYhistAll.tsv_max.txt	Average Size-SUMMARYhistAll.tsv_mean.txt	Average Size-SUMMARYhistAll.tsv_median.txt	Average Size-SUMMARYhistAll.tsv_min.txt	Average Size-SUMMARYhistAll.tsv_q10.txt	Average Size-SUMMARYhistAll.tsv_q25.txt	Average Size-SUMMARYhistAll.tsv_q75.txt	Average Size-SUMMARYhistAll.tsv_q90.txt	Average Size-SUMMARYhistAll.tsv_std.txt	Average Size-SUMMARYhistAll.tsv_var.txt	Average Size-SUMMARYvol3D.tsv_max.txt	Average Size-SUMMARYvol3D.tsv_mean.txt	Average Size-SUMMARYvol3D.tsv_median.txt	Average Size-SUMMARYvol3D.tsv_min.txt	Average Size-SUMMARYvol3D.tsv_q10.txt	Average Size-SUMMARYvol3D.tsv_q25.txt	Average Size-SUMMARYvol3D.tsv_q75.txt	Average Size-SUMMARYvol3D.tsv_q90.txt	Average Size-SUMMARYvol3D.tsv_std.txt	Average Size-SUMMARYvol3D.tsv_var.txt	Count-SUMMARYhistAll.tsv_max.txt	Count-SUMMARYhistAll.tsv_mean.txt	Count-SUMMARYhistAll.tsv_median.txt	Count-SUMMARYhistAll.tsv_min.txt	Count-SUMMARYhistAll.tsv_q10.txt	Count-SUMMARYhistAll.tsv_q25.txt	Count-SUMMARYhistAll.tsv_q75.txt	Count-SUMMARYhistAll.tsv_q90.txt	Count-SUMMARYhistAll.tsv_std.txt	Count-SUMMARYhistAll.tsv_var.txt	Count-SUMMARYvol3D.tsv_max.txt	Count-SUMMARYvol3D.tsv_mean.txt	Count-SUMMARYvol3D.tsv_median.txt	Count-SUMMARYvol3D.tsv_min.txt	Count-SUMMARYvol3D.tsv_q10.txt	Count-SUMMARYvol3D.tsv_q25.txt	Count-SUMMARYvol3D.tsv_q75.txt	Count-SUMMARYvol3D.tsv_q90.txt	Count-SUMMARYvol3D.tsv_std.txt	Count-SUMMARYvol3D.tsv_var.txt	GlobalCount-SUMMARYArea2DLayers.tsv_max.txt	GlobalCount-SUMMARYArea2DLayers.tsv_mean.txt	GlobalCount-SUMMARYArea2DLayers.tsv_median.txt	GlobalCount-SUMMARYArea2DLayers.tsv_min.txt	GlobalCount-SUMMARYArea2DLayers.tsv_q10.txt	GlobalCount-SUMMARYArea2DLayers.tsv_q25.txt	GlobalCount-SUMMARYArea2DLayers.tsv_q75.txt	GlobalCount-SUMMARYArea2DLayers.tsv_q90.txt	GlobalCount-SUMMARYArea2DLayers.tsv_std.txt	GlobalCount-SUMMARYArea2DLayers.tsv_var.txt	GlobalCount-SUMMARYhistAll.tsv_max.txt	GlobalCount-SUMMARYhistAll.tsv_mean.txt	GlobalCount-SUMMARYhistAll.tsv_median.txt	GlobalCount-SUMMARYhistAll.tsv_min.txt	GlobalCount-SUMMARYhistAll.tsv_q10.txt	GlobalCount-SUMMARYhistAll.tsv_q25.txt	GlobalCount-SUMMARYhistAll.tsv_q75.txt	GlobalCount-SUMMARYhistAll.tsv_q90.txt	GlobalCount-SUMMARYhistAll.tsv_std.txt	GlobalCount-SUMMARYhistAll.tsv_var.txt	Label-SUMMARYsurf3D.tsv_max.txt	Label-SUMMARYsurf3D.tsv_min.txt	LabelObj-SUMMARYsurf3D.tsv_max.txt	LabelObj-SUMMARYsurf3D.tsv_mean.txt	LabelObj-SUMMARYsurf3D.tsv_median.txt	LabelObj-SUMMARYsurf3D.tsv_min.txt	LabelObj-SUMMARYsurf3D.tsv_q10.txt	LabelObj-SUMMARYsurf3D.tsv_q25.txt	LabelObj-SUMMARYsurf3D.tsv_q75.txt	LabelObj-SUMMARYsurf3D.tsv_q90.txt	LabelObj-SUMMARYsurf3D.tsv_std.txt	LabelObj-SUMMARYsurf3D.tsv_var.txt	LabelObj-SUMMARYvol3D.tsv_max.txt	LabelObj-SUMMARYvol3D.tsv_mean.txt	LabelObj-SUMMARYvol3D.tsv_median.txt	LabelObj-SUMMARYvol3D.tsv_min.txt	LabelObj-SUMMARYvol3D.tsv_q10.txt	LabelObj-SUMMARYvol3D.tsv_q25.txt	LabelObj-SUMMARYvol3D.tsv_q75.txt	LabelObj-SUMMARYvol3D.tsv_q90.txt	LabelObj-SUMMARYvol3D.tsv_std.txt	LabelObj-SUMMARYvol3D.tsv_var.txt	Max-SUMMARYArea2DLayers.tsv_max.txt	Max-SUMMARYArea2DLayers.tsv_mean.txt	Max-SUMMARYArea2DLayers.tsv_median.txt	Max-SUMMARYArea2DLayers.tsv_min.txt	Max-SUMMARYArea2DLayers.tsv_q10.txt	Max-SUMMARYArea2DLayers.tsv_q25.txt	Max-SUMMARYArea2DLayers.tsv_q75.txt	Max-SUMMARYArea2DLayers.tsv_q90.txt	Max-SUMMARYArea2DLayers.tsv_std.txt	Max-SUMMARYArea2DLayers.tsv_var.txt	Max-SUMMARYvol3D.tsv_max.txt	Max-SUMMARYvol3D.tsv_mean.txt	Max-SUMMARYvol3D.tsv_median.txt	Max-SUMMARYvol3D.tsv_min.txt	Max-SUMMARYvol3D.tsv_q10.txt	Max-SUMMARYvol3D.tsv_q25.txt	Max-SUMMARYvol3D.tsv_q75.txt	Max-SUMMARYvol3D.tsv_q90.txt	Max-SUMMARYvol3D.tsv_std.txt	Max-SUMMARYvol3D.tsv_var.txt	Mean-SUMMARYArea2DLayers.tsv_max.txt	Mean-SUMMARYArea2DLayers.tsv_mean.txt	Mean-SUMMARYArea2DLayers.tsv_median.txt	Mean-SUMMARYArea2DLayers.tsv_min.txt	Mean-SUMMARYArea2DLayers.tsv_q10.txt	Mean-SUMMARYArea2DLayers.tsv_q25.txt	Mean-SUMMARYArea2DLayers.tsv_q75.txt	Mean-SUMMARYArea2DLayers.tsv_q90.txt	Mean-SUMMARYArea2DLayers.tsv_std.txt	Mean-SUMMARYArea2DLayers.tsv_var.txt	Mean-SUMMARYhistAll.tsv_max.txt	Mean-SUMMARYhistAll.tsv_mean.txt	Mean-SUMMARYhistAll.tsv_median.txt	Mean-SUMMARYhistAll.tsv_min.txt	Mean-SUMMARYhistAll.tsv_q10.txt	Mean-SUMMARYhistAll.tsv_q25.txt	Mean-SUMMARYhistAll.tsv_q75.txt	Mean-SUMMARYhistAll.tsv_q90.txt	Mean-SUMMARYhistAll.tsv_std.txt	Mean-SUMMARYhistAll.tsv_var.txt	Mean-SUMMARYvol3D.tsv_max.txt	Mean-SUMMARYvol3D.tsv_mean.txt	Mean-SUMMARYvol3D.tsv_median.txt	Mean-SUMMARYvol3D.tsv_min.txt	Mean-SUMMARYvol3D.tsv_q10.txt	Mean-SUMMARYvol3D.tsv_q25.txt	Mean-SUMMARYvol3D.tsv_q75.txt	Mean-SUMMARYvol3D.tsv_q90.txt	Mean-SUMMARYvol3D.tsv_std.txt	Mean-SUMMARYvol3D.tsv_var.txt	Min-SUMMARYArea2DLayers.tsv_max.txt	Min-SUMMARYArea2DLayers.tsv_mean.txt	Min-SUMMARYArea2DLayers.tsv_median.txt	Min-SUMMARYArea2DLayers.tsv_min.txt	Min-SUMMARYArea2DLayers.tsv_q10.txt	Min-SUMMARYArea2DLayers.tsv_q25.txt	Min-SUMMARYArea2DLayers.tsv_q75.txt	Min-SUMMARYArea2DLayers.tsv_q90.txt	Min-SUMMARYArea2DLayers.tsv_std.txt	Min-SUMMARYArea2DLayers.tsv_var.txt	Min-SUMMARYvol3D.tsv_max.txt	Min-SUMMARYvol3D.tsv_mean.txt	Min-SUMMARYvol3D.tsv_median.txt	Min-SUMMARYvol3D.tsv_min.txt	Min-SUMMARYvol3D.tsv_q10.txt	Min-SUMMARYvol3D.tsv_q25.txt	Min-SUMMARYvol3D.tsv_q75.txt	Min-SUMMARYvol3D.tsv_q90.txt	Min-SUMMARYvol3D.tsv_std.txt	Min-SUMMARYvol3D.tsv_var.txt	Slice-SUMMARYhistAll.tsv_max.txt	Slice-SUMMARYhistAll.tsv_min.txt	Slice-SUMMARYvol3D.tsv_max.txt	Slice-SUMMARYvol3D.tsv_min.txt	Surface(Pix)-SUMMARYsurf3D.tsv_max.txt	Surface(Pix)-SUMMARYsurf3D.tsv_mean.txt	Surface(Pix)-SUMMARYsurf3D.tsv_median.txt	Surface(Pix)-SUMMARYsurf3D.tsv_min.txt	Surface(Pix)-SUMMARYsurf3D.tsv_q10.txt	Surface(Pix)-SUMMARYsurf3D.tsv_q25.txt	Surface(Pix)-SUMMARYsurf3D.tsv_q75.txt	Surface(Pix)-SUMMARYsurf3D.tsv_q90.txt	Surface(Pix)-SUMMARYsurf3D.tsv_std.txt	Surface(Pix)-SUMMARYsurf3D.tsv_var.txt	Surface(Unit)-SUMMARYsurf3D.tsv_max.txt	Surface(Unit)-SUMMARYsurf3D.tsv_mean.txt	Surface(Unit)-SUMMARYsurf3D.tsv_median.txt	Surface(Unit)-SUMMARYsurf3D.tsv_min.txt	Surface(Unit)-SUMMARYsurf3D.tsv_q10.txt	Surface(Unit)-SUMMARYsurf3D.tsv_q25.txt	Surface(Unit)-SUMMARYsurf3D.tsv_q75.txt	Surface(Unit)-SUMMARYsurf3D.tsv_q90.txt	Surface(Unit)-SUMMARYsurf3D.tsv_std.txt	Surface(Unit)-SUMMARYsurf3D.tsv_var.txt	SurfaceCorr(Pix)-SUMMARYsurf3D.tsv_max.txt	SurfaceCorr(Pix)-SUMMARYsurf3D.tsv_mean.txt	SurfaceCorr(Pix)-SUMMARYsurf3D.tsv_median.txt	SurfaceCorr(Pix)-SUMMARYsurf3D.tsv_min.txt	SurfaceCorr(Pix)-SUMMARYsurf3D.tsv_q10.txt	SurfaceCorr(Pix)-SUMMARYsurf3D.tsv_q25.txt	SurfaceCorr(Pix)-SUMMARYsurf3D.tsv_q75.txt	SurfaceCorr(Pix)-SUMMARYsurf3D.tsv_q90.txt	SurfaceCorr(Pix)-SUMMARYsurf3D.tsv_std.txt	SurfaceCorr(Pix)-SUMMARYsurf3D.tsv_var.txt	SurfaceNbPix-SUMMARYsurf3D.tsv_max.txt	SurfaceNbPix-SUMMARYsurf3D.tsv_mean.txt	SurfaceNbPix-SUMMARYsurf3D.tsv_median.txt	SurfaceNbPix-SUMMARYsurf3D.tsv_min.txt	SurfaceNbPix-SUMMARYsurf3D.tsv_q10.txt	SurfaceNbPix-SUMMARYsurf3D.tsv_q25.txt	SurfaceNbPix-SUMMARYsurf3D.tsv_q75.txt	SurfaceNbPix-SUMMARYsurf3D.tsv_q90.txt	SurfaceNbPix-SUMMARYsurf3D.tsv_std.txt	SurfaceNbPix-SUMMARYsurf3D.tsv_var.txt	Total Area-SUMMARYhistAll.tsv_max.txt	Total Area-SUMMARYhistAll.tsv_mean.txt	Total Area-SUMMARYhistAll.tsv_median.txt	Total Area-SUMMARYhistAll.tsv_min.txt	Total Area-SUMMARYhistAll.tsv_q10.txt	Total Area-SUMMARYhistAll.tsv_q25.txt	Total Area-SUMMARYhistAll.tsv_q75.txt	Total Area-SUMMARYhistAll.tsv_q90.txt	Total Area-SUMMARYhistAll.tsv_std.txt	Total Area-SUMMARYhistAll.tsv_var.txt	Total Area-SUMMARYvol3D.tsv_max.txt	Total Area-SUMMARYvol3D.tsv_mean.txt	Total Area-SUMMARYvol3D.tsv_median.txt	Total Area-SUMMARYvol3D.tsv_min.txt	Total Area-SUMMARYvol3D.tsv_q10.txt	Total Area-SUMMARYvol3D.tsv_q25.txt	Total Area-SUMMARYvol3D.tsv_q75.txt	Total Area-SUMMARYvol3D.tsv_q90.txt	Total Area-SUMMARYvol3D.tsv_std.txt	Total Area-SUMMARYvol3D.tsv_var.txt	Unnamed: 0-SUMMARYArea2DLayers.tsv_max.txt	Unnamed: 0-SUMMARYArea2DLayers.tsv_mean.txt	Unnamed: 0-SUMMARYArea2DLayers.tsv_median.txt	Unnamed: 0-SUMMARYArea2DLayers.tsv_min.txt	Unnamed: 0-SUMMARYArea2DLayers.tsv_q10.txt	Unnamed: 0-SUMMARYArea2DLayers.tsv_q25.txt	Unnamed: 0-SUMMARYArea2DLayers.tsv_q75.txt	Unnamed: 0-SUMMARYArea2DLayers.tsv_q90.txt	Unnamed: 0-SUMMARYArea2DLayers.tsv_std.txt	Unnamed: 0-SUMMARYArea2DLayers.tsv_var.txt	Unnamed: 0-SUMMARYhistAll.tsv_max.txt	Unnamed: 0-SUMMARYhistAll.tsv_mean.txt	Unnamed: 0-SUMMARYhistAll.tsv_median.txt	Unnamed: 0-SUMMARYhistAll.tsv_min.txt	Unnamed: 0-SUMMARYhistAll.tsv_q10.txt	Unnamed: 0-SUMMARYhistAll.tsv_q25.txt	Unnamed: 0-SUMMARYhistAll.tsv_q75.txt	Unnamed: 0-SUMMARYhistAll.tsv_q90.txt	Unnamed: 0-SUMMARYhistAll.tsv_std.txt	Unnamed: 0-SUMMARYhistAll.tsv_var.txt	Unnamed: 0-SUMMARYsurf3D.tsv_max.txt	Unnamed: 0-SUMMARYsurf3D.tsv_mean.txt	Unnamed: 0-SUMMARYsurf3D.tsv_median.txt	Unnamed: 0-SUMMARYsurf3D.tsv_min.txt	Unnamed: 0-SUMMARYsurf3D.tsv_q10.txt	Unnamed: 0-SUMMARYsurf3D.tsv_q25.txt	Unnamed: 0-SUMMARYsurf3D.tsv_q75.txt	Unnamed: 0-SUMMARYsurf3D.tsv_q90.txt	Unnamed: 0-SUMMARYsurf3D.tsv_std.txt	Unnamed: 0-SUMMARYsurf3D.tsv_var.txt	Unnamed: 0-SUMMARYvol3D.tsv_max.txt	Unnamed: 0-SUMMARYvol3D.tsv_mean.txt	Unnamed: 0-SUMMARYvol3D.tsv_median.txt	Unnamed: 0-SUMMARYvol3D.tsv_min.txt	Unnamed: 0-SUMMARYvol3D.tsv_q10.txt	Unnamed: 0-SUMMARYvol3D.tsv_q25.txt	Unnamed: 0-SUMMARYvol3D.tsv_q75.txt	Unnamed: 0-SUMMARYvol3D.tsv_q90.txt	Unnamed: 0-SUMMARYvol3D.tsv_std.txt	Unnamed: 0-SUMMARYvol3D.tsv_var.txt	Value-SUMMARYArea2DLayers.tsv_max.txt	Value-SUMMARYArea2DLayers.tsv_mean.txt	Value-SUMMARYArea2DLayers.tsv_median.txt	Value-SUMMARYArea2DLayers.tsv_min.txt	Value-SUMMARYArea2DLayers.tsv_q10.txt	Value-SUMMARYArea2DLayers.tsv_q25.txt	Value-SUMMARYArea2DLayers.tsv_q75.txt	Value-SUMMARYArea2DLayers.tsv_q90.txt	Value-SUMMARYArea2DLayers.tsv_std.txt	Value-SUMMARYArea2DLayers.tsv_var.txt	Value-SUMMARYhistAll.tsv_max.txt	Value-SUMMARYhistAll.tsv_mean.txt	Value-SUMMARYhistAll.tsv_median.txt	Value-SUMMARYhistAll.tsv_min.txt	Value-SUMMARYhistAll.tsv_q10.txt	Value-SUMMARYhistAll.tsv_q25.txt	Value-SUMMARYhistAll.tsv_q75.txt	Value-SUMMARYhistAll.tsv_q90.txt	Value-SUMMARYhistAll.tsv_std.txt	Value-SUMMARYhistAll.tsv_var.txt	Volume(Pix)-SUMMARYvol3D.tsv_max.txt	Volume(Pix)-SUMMARYvol3D.tsv_mean.txt	Volume(Pix)-SUMMARYvol3D.tsv_median.txt	Volume(Pix)-SUMMARYvol3D.tsv_min.txt	Volume(Pix)-SUMMARYvol3D.tsv_q10.txt	Volume(Pix)-SUMMARYvol3D.tsv_q25.txt	Volume(Pix)-SUMMARYvol3D.tsv_q75.txt	Volume(Pix)-SUMMARYvol3D.tsv_q90.txt	Volume(Pix)-SUMMARYvol3D.tsv_std.txt	Volume(Pix)-SUMMARYvol3D.tsv_var.txt	Volume(Unit)-SUMMARYvol3D.tsv_max.txt	Volume(Unit)-SUMMARYvol3D.tsv_mean.txt	Volume(Unit)-SUMMARYvol3D.tsv_median.txt	Volume(Unit)-SUMMARYvol3D.tsv_min.txt	Volume(Unit)-SUMMARYvol3D.tsv_q10.txt	Volume(Unit)-SUMMARYvol3D.tsv_q25.txt	Volume(Unit)-SUMMARYvol3D.tsv_q75.txt	Volume(Unit)-SUMMARYvol3D.tsv_q90.txt	Volume(Unit)-SUMMARYvol3D.tsv_std.txt	Volume(Unit)-SUMMARYvol3D.tsv_var.txt	label
16052023--s--Lm--st--L394--p--C03--pos001--tm--24--ch--Syto9--z--21	8626.0	4313.5	4313.5	1.0	863.5	2157.25	6469.75	7763.5	2490.256044399184	6201375.166666667	256.0	128.5	128.5	1.0	26.5	64.75	192.25	230.5	74.04503134354572	5482.666666666667	3747	1874.0	1874.0	1	375.6	937.5	2810.5	3372.4	1081.8100572651374	1170313.0	12373.0	6187.0	6187.0	1.0	1238.2	3094.0	9280.0	11135.8	3571.9217749926534	12758625.166666666																					0.087	0.0251999768142824	0.017	0.017	0.017	0.017	0.035	0.052	0.0166247590458567	0.0002763826133327	0.087	0.0175684959185322	0.017	0.0	0.0	0.0	0.017	0.035	0.0180765454020375	0.0003267614936719																																																			19368.0	4096.0	318.0	0.0	1.0	4.75	7196.5	15211.5	6060.698796828824	36732069.90588235	16052023_s_Lm_st_L394_p_C03_pos001_tm_24_ch_Syto9_z_21.tif	16052023_s_Lm_st_L394_p_C03_pos001_tm_24_ch_Syto9_z_21.tif	4095	1897.1961569255404	1888.0	14	389.6	951.5	2824.5	3393.4	1097.5503129646038	1204616.6894887	4095.0	574.5408550876909	0.0	0.0	0.0	0.0	668.0	2523.800000000001	1060.5259735124273	1124715.3404944818	582.0	269.1289125898447	265.0	256.0	257.0	260.0	274.0	286.0	13.533934373174782	183.16737961740188	582.0	187.626767962499	260.0	0.0	0.0	0.0	270.0	281.0	124.18096900459648	15420.913062920556	415.75	266.6445595872942	264.25	256.0	257.0	259.5	271.0	279.0	9.491482958122642	90.08824874433256											415.75	185.89476852824697	260.0	0.0	0.0	0.0	268.0	276.0	122.78021430006496	15074.981023569875	326.0	264.53895200556457	262.0	256.0	256.0	258.0	268.0	276.0	8.673099588866263	75.22265647839214	326.0	184.42681645518468	259.0	0.0	0.0	0.0	265.0	273.0	121.77216824382366	14828.460958802096					660726	34865.71710701895	2710.0	6	18.0	126.0	32299.0	95296.0	84927.30770539954	7212647594.087616	32802.553	1732.239627969042	134.706	0.298	0.895	6.265	1605.7865000000002	4736.280400000001	4217.270105326969	17785367.141284548	52945.009	1240.1580635174807	13.333	0.0	0.0	0.0	240.0	1564.2670000000005	5630.456362763864	31702038.85298807	112893	5876.726714705097	452.0	1	3.0	21.0	5394.0	15958.4	14437.342031494982	208436844.93437165																					8625.0	4312.5	4312.5	0.0	862.5	2156.25	6468.75	7762.5	2490.256044399184	6201375.166666667	255	127.5	127.5	0	25.5	63.75	191.25	229.5	74.04503134354572	5482.666666666667	3746	1873.0	1873.0	0	374.6	936.5	2809.5	3371.4	1081.8100572651374	1170313.0	12372	6186.0	6186.0	0	1237.2	3093.0	9279.0	11134.8	3571.9217749926534	12758625.166666666											255.0	127.5	127.5	0.0	25.5	63.75	191.25	229.5	74.04503134354572	5482.666666666667	112893.0	1779.6893235270347	0.0	0.0	0.0	0.0	7.0	2644.800000000017	8390.628634656661	70402648.88472031	980.371	15.454948597753171	0.0	0.0	0.0	0.0	0.061	22.967200000000155	72.86479908948755	5309.278946351386	L394
16052023--s--Lm--st--L394--p--C03--pos002--tm--24--ch--Syto9--z--21	13309.0	6655.0	6655.0	1.0	1331.8000000000002	3328.0	9982.0	11978.2	3842.121701178487	14761899.166666666											4010	2005.5	2005.5	1	401.9	1003.25	3007.75	3609.1	1157.7316182950174	1340342.5	17319.0	8660.0	8660.0	1.0	1732.8000000000002	4330.5	12989.5	15587.2	4999.708991531407	24997090.0	0.12	0.0839523809523809	0.087	0.043	0.048	0.056	0.11	0.116	0.0280365407824791	0.0007860476190476											0.087	0.0238797805995942	0.017	0.017	0.017	0.017	0.017	0.035	0.0149792955218588	0.0002243792943311	0.087	0.0183507130896703	0.017	0.0	0.0	0.017	0.017	0.035	0.0165496899511999	0.0002738922374808	0.027	0.024	0.024	0.022	0.023	0.023	0.025	0.026	0.0013038404810405	1.7000000000000013e-06											881.0	633.7619047619048	673.0	348.0	377.0	445.0	830.0	871.0	198.16909566375492	39270.99047619046																															16052023_s_Lm_st_L394_p_C03_pos002_tm_24_ch_Syto9_z_21.tif	16052023_s_Lm_st_L394_p_C03_pos002_tm_24_ch_Syto9_z_21.tif	4095	2024.6142144638404	2022.5	18	418.9	1020.25	3024.75	3626.1	1161.2670949009191	1348541.2656996206	4095.0	468.77435186789074	0.0	0.0	0.0	0.0	0.0	2295.2000000000007	1020.5675528509976	1041558.1299322734	400.0	268.07558794800514	265.0	256.0	257.0	259.0	273.0	284.0	11.676077053638828	136.3307753625112	400.0	206.00600496564468	261.0	0.0	0.0	256.0	270.0	281.0	113.54386120601325	12892.208417570397	332.0	266.1361344954542	264.0	256.0	257.0	259.0	271.0	278.0	9.03386992620807	81.6108058436466	266.865	266.0479523809524	266.226	265.037	265.407	265.742	266.394	266.573	0.4838874327972071	0.2341470476190716	332.0	204.51560794503143	261.0	0.0	0.0	256.0	268.0	276.0	112.54244041896428	12665.800895456126	332.0	264.47035840408745	262.0	256.0	256.0	258.0	268.0	276.0	8.695555233729745	75.61268082284478	332.0	203.2355216813904	259.0	0.0	0.0	256.0	266.0	274.0	111.820915298637	12503.91709822495	slice_0021	slice_0001			395674	32662.80149625935	3293.0	6	24.0	180.0	34279.5	103064.99999999994	64779.44020517664	4196375873.2960553	19643.77	1622.9582748129676	163.756	0.298	1.193	8.949	1704.0445	5124.111599999997	3217.292262401136	10350969.501706218	26017.446	908.1543408977556	13.333	0.0	0.0	0.0	240.0	1723.3329999999985	3239.253201666017	10492761.30450354	67272	5491.29451371571	549.5	1	4.0	30.0	5724.5	17266.799999999992	10951.567440400551	119936829.40164152	21.936	15.303809523809525	15.84	7.868	8.719	10.16	20.112	21.189	5.125157145093676	26.267235761904765											13308.0	6654.0	6654.0	0.0	1330.8000000000002	3327.0	9981.0	11977.2	3842.121701178487	14761899.166666666	20	10.0	10.0	0	2.0	5.0	15.0	18.0	6.2048368229954285	38.5	4009	2004.5	2004.5	0	400.9	1002.25	3006.75	3608.1	1157.7316182950174	1340342.5	17318	8659.0	8659.0	0	1731.8000000000002	4329.5	12988.5	15586.2	4999.708991531407	24997090.0																					67272.0	1271.441538195046	0.0	0.0	0.0	0.0	0.0	1076.0	5755.881378391647	33130170.44211572	584.195	11.041284947167853	0.0	0.0	0.0	0.0	0.0	9.344	49.984470937118566	2498.44733486365	L394
16052023--s--Lm--st--L394--p--C03--pos003--tm--24--ch--Syto9--z--21	256.0	128.5	128.5	1.0	26.5	64.75	192.25	230.5	74.04503134354572	5482.666666666667	256.0	128.5	128.5	1.0	26.5	64.75	192.25	230.5	74.04503134354572	5482.666666666667	4069	2035.0	2035.0	1	407.8	1018.0	3052.0	3662.2	1174.7634513665578	1380069.1666666667																					0.1	0.0403333333333333	0.028	0.006	0.007	0.009	0.063	0.092	0.0323949584554963	0.0010494333333333																															0.025	0.0224761904761904	0.023	0.019	0.02	0.021	0.024	0.025	0.0018606194564995	3.461904761904771e-06											721.0	314.0952380952381	241.0	53.0	62.0	66.0	504.0	673.0	238.0791685053325	56681.69047619049	16788.0	4096.0	535.0	0.0	0.0	7.0	7746.25	14459.0	5600.832186765972	31369321.184313707	15499.0	4096.0	906.0	0.0	1.0	22.5	8081.0	13362.0	5257.95345708411	27646074.556862734	16052023_s_Lm_st_L394_p_C03_pos003_tm_24_ch_Syto9_z_21.tif	16052023_s_Lm_st_L394_p_C03_pos003_tm_24_ch_Syto9_z_21.tif	4095	2061.0	2061.0	27	433.8	1044.0	3078.0	3688.2	1174.7634513665578	1380069.1666666667																																																			266.774	265.71957142857144	265.999	263.599	264.841	265.445	266.158	266.325	0.7289501746641253	0.5313683571428587																							slice_0021	slice_0001	257138	32255.10936347997	13386.0	24	708.0	2354.0	52908.0	78606.00000000001	42865.206392124375	1837425919.03942	12770.647	1603.0629673138362	665.536	1.193	35.201	117.105	2629.939	3906.525600000001	2129.506466002432	4534797.788746167	30141.092	652.4071649053822	53.333	0.0	0.0	6.667	380.0	1189.5998000000004	2135.8627052692364	4561909.495760021	43756	5411.309412632097	2235.0	4	118.0	393.0	8844.0	13168.4	7238.741388714382	52399376.89268662											18.15	7.358380952380953	5.158	1.025	1.303	1.563	11.515	16.708	5.885858004371074	34.643324447619044	255.0	127.5	127.5	0.0	25.5	63.75	191.25	229.5	74.04503134354572	5482.666666666667	255	127.5	127.5	0	25.5	63.75	191.25	229.5	74.04503134354572	5482.666666666667	4068	2034.0	2034.0	0	406.8	1017.0	3051.0	3661.2	1174.7634513665578	1380069.1666666667	20	10.0	10.0	0	2.0	5.0	15.0	18.0	6.2048368229954285	38.5	255.0	127.5	127.5	0.0	25.5	63.75	191.25	229.5	74.04503134354572	5482.666666666667	255.0	127.5	127.5	0.0	25.5	63.75	191.25	229.5	74.04503134354572	5482.666666666667																					L394
16052023--s--Lm--st--L394--p--C03--pos004--tm--24--ch--Syto9--z--21	256.0	128.5	128.5	1.0	26.5	64.75	192.25	230.5	74.04503134354572	5482.666666666667	256.0	128.5	128.5	1.0	26.5	64.75	192.25	230.5	74.04503134354572	5482.666666666667	4070	2035.5	2035.5	1	407.9	1018.25	3052.75	3663.1	1175.052126503331	1380747.5																					0.084	0.0437619047619047	0.045	0.009	0.012	0.016	0.071	0.076	0.0266193628058688	0.0007085904761904																															0.026	0.023095238095238	0.023	0.021	0.021	0.022	0.024	0.025	0.00144584791402	2.090476190476189e-06											606.0	336.1428571428572	359.0	78.0	99.0	134.0	518.0	563.0	191.0592279148761	36503.62857142857	15499.0	4096.0	906.0	0.0	1.0	22.5	8081.0	13362.0	5257.95345708411	27646074.556862734	16230.0	4096.0	761.5	0.0	1.0	17.5	7475.75	14017.0	5426.090317469236	29442456.133333392	16052023_s_Lm_st_L394_p_C03_pos004_tm_24_ch_Syto9_z_21.tif	16052023_s_Lm_st_L394_p_C03_pos004_tm_24_ch_Syto9_z_21.tif	4095	2060.4995085995088	2060.5	24	432.9	1043.25	3077.75	3688.1	1175.0529779472922	1380749.5009827996																																																			267.139	265.7818571428571	265.787	264.488	264.978	265.527	266.076	266.373	0.6154333664755548	0.3787582285714345																							slice_0021	slice_0001	284936	32238.35823095823	10663.0	6	402.0	1535.0	49892.0	87213.8	46851.05802485259	2195021638.048104	14150.595	1602.194506879607	530.265	0.298	19.987	76.3505	2480.044	4335.7147	2327.498533359033	5417249.422788449	19328.703	698.5753137592137	40.0	0.0	0.0	6.667	353.333	1353.9996999999994	2322.3796384481234	5393447.1850784365	48470	5410.196068796069	1778.5	1	67.0	256.25	8345.0	14604.1	7913.081849117472	62616864.35083239											15.388	7.964714285714287	8.111	1.685	2.206	2.831	12.905	13.808	4.839881921523057	23.42445701428572	255.0	127.5	127.5	0.0	25.5	63.75	191.25	229.5	74.04503134354572	5482.666666666667	255	127.5	127.5	0	25.5	63.75	191.25	229.5	74.04503134354572	5482.666666666667	4069	2034.5	2034.5	0	406.9	1017.25	3051.75	3662.1	1175.052126503331	1380747.5	20	10.0	10.0	0	2.0	5.0	15.0	18.0	6.2048368229954285	38.5	255.0	127.5	127.5	0.0	25.5	63.75	191.25	229.5	74.04503134354572	5482.666666666667	255.0	127.5	127.5	0.0	25.5	63.75	191.25	229.5	74.04503134354572	5482.666666666667																					L394
16052023--s--Lm--st--L394--p--C03--pos005--tm--24--ch--Syto9--z--21	256.0	128.5	128.5	1.0	26.5	64.75	192.25	230.5	74.04503134354572	5482.666666666667	256.0	128.5	128.5	1.0	26.5	64.75	192.25	230.5	74.04503134354572	5482.666666666667	4070	2035.5	2035.5	1	407.9	1018.25	3052.75	3663.1	1175.052126503331	1380747.5																					0.092	0.0446190476190476	0.045	0.007	0.009	0.013	0.074	0.086	0.0307546357326439	0.0009458476190476																															0.025	0.0225238095238095	0.023	0.02	0.02	0.022	0.023	0.024	0.0014703417160322	2.161904761904768e-06											693.0	348.0	357.0	64.0	80.0	108.0	575.0	628.0	228.23890991678	52093.0	16230.0	4096.0	761.5	0.0	1.0	17.5	7475.75	14017.0	5426.090317469236	29442456.133333392	17311.0	4096.0	389.5	0.0	0.0	3.0	7656.5	14894.5	5761.986367734724	33200486.9019608	16052023_s_Lm_st_L394_p_C03_pos005_tm_24_ch_Syto9_z_21.tif	16052023_s_Lm_st_L394_p_C03_pos005_tm_24_ch_Syto9_z_21.tif	4095	2060.5	2060.5	26	432.9	1043.25	3077.75	3688.1	1175.052126503331	1380747.5																																																			266.483	265.64885714285714	265.683	264.324	264.895	265.389	266.173	266.247	0.5936835256021832	0.352460128571438																							slice_0021	slice_0001	274344	32246.159705159705	9226.0	6	282.0	1099.5	52270.0	89617.6	46681.287561612655	2179142608.4099727	13625.785	1602.5944	458.6245	0.298	14.021	54.66575	2598.23525	4455.2679	2319.139677226058	5378408.8424841855	18045.842	679.7951393120394	33.333	0.0	0.0	0.0	393.333	1400.1333	2154.5054105539903	4641893.564106419	46596	5410.223832923833	1542.0	1	47.0	183.25	8743.5	15007.5	7876.046454255556	62032107.74959153											16.76	8.119142857142858	8.285	1.251	1.615	2.345	13.478	15.614	5.610051000532119	31.47267222857143	255.0	127.5	127.5	0.0	25.5	63.75	191.25	229.5	74.04503134354572	5482.666666666667	255	127.5	127.5	0	25.5	63.75	191.25	229.5	74.04503134354572	5482.666666666667	4069	2034.5	2034.5	0	406.9	1017.25	3051.75	3662.1	1175.052126503331	1380747.5	20	10.0	10.0	0	2.0	5.0	15.0	18.0	6.2048368229954285	38.5	255.0	127.5	127.5	0.0	25.5	63.75	191.25	229.5	74.04503134354572	5482.666666666667	255.0	127.5	127.5	0.0	25.5	63.75	191.25	229.5	74.04503134354572	5482.666666666667																					L394
16052023--s--Lm--st--L394--p--C04--pos001--tm--24--ch--Syto9--z--21	256.0	128.5	128.5	1.0	26.5	64.75	192.25	230.5	74.04503134354572	5482.666666666667	256.0	128.5	128.5	1.0	26.5	64.75	192.25	230.5	74.04503134354572	5482.666666666667	2783	1392.0	1392.0	1	279.2	696.5	2087.5	2504.8	803.5272241809856	645656.0																					0.104	0.0683809523809523	0.07	0.031	0.039	0.058	0.081	0.087	0.0189327129341681	0.0003584476190476																															0.036	0.0292857142857142	0.029	0.022	0.024	0.027	0.033	0.034	0.0040637772717369	1.6514285714285752e-05											858.0	443.3809523809524	472.0	159.0	215.0	325.0	529.0	582.0	165.54349162394644	27404.64761904762	17311.0	4096.0	389.5	0.0	0.0	3.0	7656.5	14894.5	5761.986367734724	33200486.9019608	20579.0	4096.0	138.5	0.0	0.0	1.0	6285.25	16499.5	6524.858287395079	42573775.67058825	16052023_s_Lm_st_L394_p_C04_pos001_tm_24_ch_Syto9_z_21.tif	16052023_s_Lm_st_L394_p_C04_pos001_tm_24_ch_Syto9_z_21.tif	4095	1437.616241466044	1401.0	10	288.2	705.5	2096.5	2571.8	872.6135594910966	761454.4242077216																																																			269.933	268.2340476190476	268.285	265.568	266.695	267.562	269.329	269.645	1.2206584893487318	1.490007147619128																							slice_0021	slice_0001	1217174	46659.39777218829	2070.0	6	6.0	60.0	35555.0	127643.20000000006	131219.61682791708	17218587840.46538	60421.922	2317.939661516349	102.918	0.298	0.298	2.983	1767.2015	6344.291800000003	6515.080489855267	42446273.789292745	152465.494	2473.035316205533	13.333	0.0	0.0	0.0	336.0	2649.0664	13433.209220576404	180451109.9637789	211386	7912.359324469996	346.0	1	1.0	10.0	5946.5	21416.000000000007	22577.891934019903	509761204.18428105											18.914	12.457190476190476	12.766	5.645	7.017	10.595	14.798	15.874	3.459621751276397	11.968982661904764	255.0	127.5	127.5	0.0	25.5	63.75	191.25	229.5	74.04503134354572	5482.666666666667	255	127.5	127.5	0	25.5	63.75	191.25	229.5	74.04503134354572	5482.666666666667	2782	1391.0	1391.0	0	278.2	695.5	2086.5	2503.8	803.5272241809856	645656.0	20	10.0	10.0	0	2.0	5.0	15.0	18.0	6.2048368229954285	38.5	255.0	127.5	127.5	0.0	25.5	63.75	191.25	229.5	74.04503134354572	5482.666666666667	255.0	127.5	127.5	0.0	25.5	63.75	191.25	229.5	74.04503134354572	5482.666666666667																					L394
16052023--s--Lm--st--L394--p--C04--pos002--tm--24--ch--Syto9--z--21	256.0	128.5	128.5	1.0	26.5	64.75	192.25	230.5	74.04503134354572	5482.666666666667	256.0	128.5	128.5	1.0	26.5	64.75	192.25	230.5	74.04503134354572	5482.666666666667	2027	1014.0	1014.0	1	203.6	507.5	1520.5	1824.4	585.2888175935022	342563.0																					0.178	0.1091428571428571	0.113	0.054	0.06	0.084	0.131	0.141	0.0339754112768126	0.0011543285714285																															0.036	0.0297619047619047	0.03	0.023	0.025	0.028	0.032	0.034	0.0034627266987846	1.1990476190476188e-05											1419.0	699.6190476190476	673.0	277.0	324.0	480.0	871.0	984.0	287.90840143880416	82891.24761904762	20579.0	4096.0	138.5	0.0	0.0	1.0	6285.25	16499.5	6524.858287395079	42573775.67058825	26962.0	4096.0	31.0	0.0	0.0	0.0	3964.5	18164.5	7470.303601463546	55805435.89803924	16052023_s_Lm_st_L394_p_C04_pos002_tm_24_ch_Syto9_z_21.tif	16052023_s_Lm_st_L394_p_C04_pos002_tm_24_ch_Syto9_z_21.tif	2866	1035.9620128268375	1023.0	10	212.6	516.5	1529.5	1840.4	609.6152064526409	371630.6999382961																																																			270.945	268.37128571428576	268.3	265.97	266.295	267.632	269.633	269.993	1.4114110366174994	1.9920811142856845																							slice_0021	slice_0001	1111528	64008.828811050815	2924.0	6	12.0	90.0	52197.0	201606.80000000008	151294.02269782702	22889881304.090595	55165.772	3179.928658115441	145.313	0.298	0.597	4.475	2595.026	10021.233000000004	7511.882385657657	56428376.97595377	142536.604	3562.976356191416	20.0	0.0	0.0	0.0	666.6665	5770.400200000008	15092.930816633594	227796560.635688	192958	10863.392205229404	488.0	1	2.0	15.0	8733.5	33892.80000000002	25996.837009929197	675835534.5208242											32.426	19.881476190476192	20.668	9.882	10.959	15.319	23.777	25.618	6.188204970902691	38.29388076190478	255.0	127.5	127.5	0.0	25.5	63.75	191.25	229.5	74.04503134354572	5482.666666666667	255	127.5	127.5	0	25.5	63.75	191.25	229.5	74.04503134354572	5482.666666666667	2026	1013.0	1013.0	0	202.6	506.5	1519.5	1823.4	585.2888175935022	342563.0	20	10.0	10.0	0	2.0	5.0	15.0	18.0	6.2048368229954285	38.5	255.0	127.5	127.5	0.0	25.5	63.75	191.25	229.5	74.04503134354572	5482.666666666667	255.0	127.5	127.5	0.0	25.5	63.75	191.25	229.5	74.04503134354572	5482.666666666667																					L394
16052023--s--Lm--st--L394--p--C04--pos003--tm--24--ch--Syto9--z--21	256.0	128.5	128.5	1.0	26.5	64.75	192.25	230.5	74.04503134354572	5482.666666666667	256.0	128.5	128.5	1.0	26.5	64.75	192.25	230.5	74.04503134354572	5482.666666666667	3425	1713.0	1713.0	1	343.40000000000003	857.0	2569.0	3082.6	988.8566630204804	977837.5																					0.079	0.0621904761904761	0.069	0.034	0.039	0.042	0.073	0.075	0.0157563290382596	0.0002482619047619																															0.031	0.0247619047619047	0.024	0.022	0.022	0.022	0.026	0.029	0.0027550818845319	7.590476190476197e-06											567.0	453.0952380952381	475.0	281.0	316.0	347.0	531.0	557.0	95.3854835716131	9098.39047619047	26962.0	4096.0	31.0	0.0	0.0	0.0	3964.5	18164.5	7470.303601463546	55805435.89803924	14767.0	4096.0	1377.5	0.0	3.0	42.0	7557.25	12844.5	4985.599907655617	24856206.439215697	16052023_s_Lm_st_L394_p_C04_pos003_tm_24_ch_Syto9_z_21.tif	16052023_s_Lm_st_L394_p_C04_pos003_tm_24_ch_Syto9_z_21.tif	4095	1738.85897810219	1728.0	16	358.40000000000003	872.0	2584.0	3105.6	1008.0078198415374	1016079.7648616892																																																			268.792	266.57314285714284	266.583	265.123	265.739	265.99	267.034	267.364	0.8370077231253528	0.7005819285714872																							slice_0021	slice_0001	360042	38236.1997080292	3456.0	6	12.0	138.0	46620.0	145721.19999999998	66206.86383419158	4383348818.759185	17873.872	1900.1274309489047	171.828	0.298	0.597	6.861	2318.278	7243.069199999998	3288.9940388534637	10817481.787613615	27661.212	1077.327663649635	13.333	0.0	0.0	0.0	385.333	2896.7999999999997	3424.259014406423	11725549.797743646	61444	6429.225109489051	576.0	1	2.0	23.0	7787.0	24453.4	11189.620331616456	125207603.16572437											14.416	11.322333333333331	12.54	6.2	7.086	7.711	13.269	13.617	2.8641233271864066	8.203202433333331	255.0	127.5	127.5	0.0	25.5	63.75	191.25	229.5	74.04503134354572	5482.666666666667	255	127.5	127.5	0	25.5	63.75	191.25	229.5	74.04503134354572	5482.666666666667	3424	1712.0	1712.0	0	342.40000000000003	856.0	2568.0	3081.6	988.8566630204804	977837.5	20	10.0	10.0	0	2.0	5.0	15.0	18.0	6.2048368229954285	38.5	255.0	127.5	127.5	0.0	25.5	63.75	191.25	229.5	74.04503134354572	5482.666666666667	255.0	127.5	127.5	0.0	25.5	63.75	191.25	229.5	74.04503134354572	5482.666666666667																					L394
16052023--s--Lm--st--L394--p--C04--pos004--tm--24--ch--Syto9--z--21	256.0	128.5	128.5	1.0	26.5	64.75	192.25	230.5	74.04503134354572	5482.666666666667	256.0	128.5	128.5	1.0	26.5	64.75	192.25	230.5	74.04503134354572	5482.666666666667	3785	1893.0	1893.0	1	379.4	947.0	2839.0	3406.6	1092.7797124763983	1194167.5																					0.068	0.0516190476190476	0.054	0.034	0.04	0.047	0.057	0.062	0.0086630028885842	7.504761904761909e-05																															0.033	0.0260952380952381	0.025	0.021	0.023	0.024	0.028	0.03	0.0032234261571309	1.03904761904762e-05											418.0	362.3809523809524	382.0	246.0	295.0	343.0	402.0	410.0	49.298555952964975	2430.3476190476185	14767.0	4096.0	1377.5	0.0	3.0	42.0	7557.25	12844.5	4985.599907655617	24856206.439215697	24441.0	4096.0	42.5	0.0	0.0	1.0	4393.0	18186.5	7247.191204927896	52521780.360784255	16052023_s_Lm_st_L394_p_C04_pos004_tm_24_ch_Syto9_z_21.tif	16052023_s_Lm_st_L394_p_C04_pos004_tm_24_ch_Syto9_z_21.tif	4095	1915.1426684280048	1905.0	12	391.4	959.0	2851.0	3429.6	1109.8430341751723	1231751.5605071527																																																			270.019	267.16023809523807	267.114	265.1	265.738	266.189	267.859	268.491	1.2044060737459377	1.450593990476105																							slice_0021	slice_0001	593984	34523.71466314399	2592.0	6	16.800000000000068	114.0	34724.0	112112.0	75142.06816124094	5646330407.548578	29491.727	1715.5105228533685	128.871	0.298	0.8158000000000045	5.668	1724.491	5572.5176	3732.193649787917	13929269.439517252	59388.025	1194.4133088507265	13.333	0.0	0.0	0.0	242.667	1830.6665999999996	5474.881831733484	29974331.071445383	102089	5817.7239101717305	433.0	1	3.0	19.0	5801.0	18779.6	12789.584248628693	163573465.2527711											12.418	9.416857142857143	9.778	6.27	7.295	8.58	10.369	11.237	1.5736318275160268	2.4763171285714303	255.0	127.5	127.5	0.0	25.5	63.75	191.25	229.5	74.04503134354572	5482.666666666667	255	127.5	127.5	0	25.5	63.75	191.25	229.5	74.04503134354572	5482.666666666667	3784	1892.0	1892.0	0	378.4	946.0	2838.0	3405.6	1092.7797124763983	1194167.5	20	10.0	10.0	0	2.0	5.0	15.0	18.0	6.2048368229954285	38.5	255.0	127.5	127.5	0.0	25.5	63.75	191.25	229.5	74.04503134354572	5482.666666666667	255.0	127.5	127.5	0.0	25.5	63.75	191.25	229.5	74.04503134354572	5482.666666666667																					L394
16052023--s--Lm--st--L394--p--C04--pos005--tm--24--ch--Syto9--z--21	256.0	128.5	128.5	1.0	26.5	64.75	192.25	230.5	74.04503134354572	5482.666666666667	256.0	128.5	128.5	1.0	26.5	64.75	192.25	230.5	74.04503134354572	5482.666666666667	2476	1238.5	1238.5	1	248.5	619.75	1857.25	2228.5	714.9039562533325	511087.6666666667																					0.115	0.0928095238095238	0.093	0.068	0.077	0.083	0.1	0.107	0.0126278226453298	0.0001594619047619																															0.034	0.0272380952380952	0.026	0.022	0.023	0.025	0.03	0.031	0.0034482569786018	1.1890476190476182e-05											957.0	633.047619047619	638.0	363.0	480.0	544.0	723.0	771.0	136.8460727205849	18726.84761904761	24441.0	4096.0	42.5	0.0	0.0	1.0	4393.0	18186.5	7247.191204927896	52521780.360784255	15169.0	4096.0	1740.5	0.0	3.0	49.75	8027.0	11858.5	4662.17922368129	21735915.11372548	16052023_s_Lm_st_L394_p_C04_pos005_tm_24_ch_Syto9_z_21.tif	16052023_s_Lm_st_L394_p_C04_pos005_tm_24_ch_Syto9_z_21.tif	3642	1262.2245557350566	1249.5	12	259.5	630.75	1868.25	2242.5	738.5331585799142	545431.2263220247																																																			269.389	267.231619047619	267.012	265.08	265.912	266.235	268.524	268.79	1.281591958315513	1.642477947618992																							slice_0021	slice_0001	635138	52699.13974151858	4056.0	6	12.0	138.0	58126.0	187354.0	100548.76286226878	10110053713.13276	31533.002	2618.491716074313	201.562	0.298	0.597	6.861	2889.67925	9313.526	4993.95754712178	24939611.982454587	64238.093	2063.8837435379646	26.667	0.0	0.0	0.0	628.3335	4582.666499999999	7344.734146830664	53945119.68762036	109265	8893.415185783522	677.5	1	2.0	23.0	9715.5	31472.0	17111.388728901937	292799624.2315923											20.963	16.894285714285715	16.917	12.453	14.086	15.18	18.237	19.539	2.295198992306705	5.267938414285714	255.0	127.5	127.5	0.0	25.5	63.75	191.25	229.5	74.04503134354572	5482.666666666667	255	127.5	127.5	0	25.5	63.75	191.25	229.5	74.04503134354572	5482.666666666667	2475	1237.5	1237.5	0	247.5	618.75	1856.25	2227.5	714.9039562533325	511087.6666666667	20	10.0	10.0	0	2.0	5.0	15.0	18.0	6.2048368229954285	38.5	255.0	127.5	127.5	0.0	25.5	63.75	191.25	229.5	74.04503134354572	5482.666666666667	255.0	127.5	127.5	0.0	25.5	63.75	191.25	229.5	74.04503134354572	5482.666666666667																					L394
16052023--s--Lm--st--L394--p--C05--pos001--tm--24--ch--Syto9--z--21	256.0	128.5	128.5	1.0	26.5	64.75	192.25	230.5	74.04503134354572	5482.666666666667	256.0	128.5	128.5	1.0	26.5	64.75	192.25	230.5	74.04503134354572	5482.666666666667	3920	1960.5	1960.5	1	392.9	980.75	2940.25	3528.1	1131.7508559749358	1280860.0																					0.11	0.0755714285714285	0.077	0.04	0.043	0.053	0.1	0.107	0.0250011428310216	0.0006250571428571																															0.029	0.0244285714285714	0.025	0.021	0.023	0.023	0.025	0.026	0.0018593393604027	3.4571428571428566e-06											799.0	560.2380952380952	561.0	308.0	338.0	395.0	726.0	774.0	177.8448494508359	31628.790476190487	15169.0	4096.0	1740.5	0.0	3.0	49.75	8027.0	11858.5	4662.17922368129	21735915.11372548	18286.0	4096.0	480.0	0.0	1.0	5.75	6964.5	14833.5	5848.214173541171	34201609.01960784	16052023_s_Lm_st_L394_p_C05_pos001_tm_24_ch_Syto9_z_21.tif	16052023_s_Lm_st_L394_p_C05_pos001_tm_24_ch_Syto9_z_21.tif	4095	1976.8966836734692	1971.5	12	403.9	991.75	2951.25	3545.2	1140.7676960048652	1301350.9362482484																																																			269.023	267.3564761904762	267.225	266.012	266.533	267.104	267.87	268.097	0.6866289113522094	0.4714592619047202																							Ch1	Ch1	577314	33358.7168367347	3282.0	6	18.0	154.5	32326.0	87613.2	78308.11432270061	6132160768.777149	28667.832	1657.4610280612246	163.1285	0.298	0.895	7.6815	1606.88625	4354.7216	3889.010666550111	15124403.96454054	41667.474	1090.556974744898	13.333	0.0	0.0	0.0	233.333	1359.2002999999995	4729.702628090902	22370086.950169984	98429	5617.368367346939	548.0	1	3.0	25.75	5403.0	14673.6	13287.042789839476	176545506.0990252											20.078	13.758904761904764	14.033	7.26	7.833	9.691	18.132	19.557	4.540510531919973	20.6162358904762	255.0	127.5	127.5	0.0	25.5	63.75	191.25	229.5	74.04503134354572	5482.666666666667	255	127.5	127.5	0	25.5	63.75	191.25	229.5	74.04503134354572	5482.666666666667	3919	1959.5	1959.5	0	391.9	979.75	2939.25	3527.1	1131.7508559749358	1280860.0	20	10.0	10.0	0	2.0	5.0	15.0	18.0	6.2048368229954285	38.5	255.0	127.5	127.5	0.0	25.5	63.75	191.25	229.5	74.04503134354572	5482.666666666667	255.0	127.5	127.5	0.0	25.5	63.75	191.25	229.5	74.04503134354572	5482.666666666667																					L394
16052023--s--Lm--st--L394--p--C05--pos002--tm--24--ch--Syto9--z--21	256.0	128.5	128.5	1.0	26.5	64.75	192.25	230.5	74.04503134354572	5482.666666666667	256.0	128.5	128.5	1.0	26.5	64.75	192.25	230.5	74.04503134354572	5482.666666666667	3512	1756.5	1756.5	1	352.1	878.75	2634.25	3160.9	1013.9713999911436	1028138.0																					0.101	0.0729047619047619	0.08	0.036	0.045	0.059	0.088	0.095	0.020403197695226	0.0004162904761904																															0.029	0.0256666666666666	0.025	0.022	0.024	0.025	0.027	0.028	0.0018797162906495	3.53333333333335e-06											737.0	527.1428571428571	550.0	229.0	285.0	444.0	644.0	717.0	162.16790240805537	26298.42857142857	18286.0	4096.0	480.0	0.0	1.0	5.75	6964.5	14833.5	5848.214173541171	34201609.01960784	22855.0	4096.0	171.5	0.0	0.0	2.0	5194.5	17063.0	6804.184912934968	46296932.32941183	16052023_s_Lm_st_L394_p_C05_pos002_tm_24_ch_Syto9_z_21.tif	16052023_s_Lm_st_L394_p_C05_pos002_tm_24_ch_Syto9_z_21.tif	4095	1781.4288154897497	1770.5	15	366.1	892.75	2648.25	3183.9	1033.0376206979274	1067166.7257772349																																																			268.673	267.43333333333334	267.235	266.577	266.814	266.915	267.735	268.348	0.6274996679946039	0.3937558333333381																							slice_0021	slice_0001	790056	37175.765375854215	2620.0	6	18.0	120.0	30482.0	95199.4	98267.1208559319	9656427041.314327	39237.537	1847.0688667425968	130.2305	0.298	0.895	5.966	1515.876	4731.9633	4880.355969567122	23817874.38968944	63039.975	1395.6841415148065	13.333	0.0	0.0	0.0	233.333	1580.5330000000008	6555.720274124579	42977468.312568046	135036	6269.958997722096	437.5	1	3.0	20.0	5090.75	15948.4	16711.40125162097	279270931.7926789											18.375	13.27847619047619	14.624	6.496	8.146	10.786	16.031	17.299	3.727558150036664	13.894689761904754	255.0	127.5	127.5	0.0	25.5	63.75	191.25	229.5	74.04503134354572	5482.666666666667	255	127.5	127.5	0	25.5	63.75	191.25	229.5	74.04503134354572	5482.666666666667	3511	1755.5	1755.5	0	351.1	877.75	2633.25	3159.9	1013.9713999911436	1028138.0	20	10.0	10.0	0	2.0	5.0	15.0	18.0	6.2048368229954285	38.5	255.0	127.5	127.5	0.0	25.5	63.75	191.25	229.5	74.04503134354572	5482.666666666667	255.0	127.5	127.5	0.0	25.5	63.75	191.25	229.5	74.04503134354572	5482.666666666667																					L394
16052023--s--Lm--st--L394--p--C05--pos003--tm--24--ch--Syto9--z--21	256.0	128.5	128.5	1.0	26.5	64.75	192.25	230.5	74.04503134354572	5482.666666666667	256.0	128.5	128.5	1.0	26.5	64.75	192.25	230.5	74.04503134354572	5482.666666666667	4057	2029.0	2029.0	1	406.6	1015.0	3043.0	3651.4	1171.299349725196	1371942.1666666667																					0.206	0.0944285714285714	0.08	0.004	0.004	0.014	0.17	0.193	0.0797179850652106	0.0063549571428571																															0.025	0.0223809523809523	0.022	0.02	0.021	0.022	0.023	0.023	0.0010712698295103	1.1476190476190496e-06											1623.0	760.2857142857143	652.0	30.0	40.0	115.0	1385.0	1560.0	638.1177119354345	407194.2142857142	22855.0	4096.0	171.5	0.0	0.0	2.0	5194.5	17063.0	6804.184912934968	46296932.32941183	13377.0	4096.0	2271.0	4.0	158.0	505.0	7179.75	11535.0	4248.883768524548	18053013.278431367	16052023_s_Lm_st_L394_p_C05_pos003_tm_24_ch_Syto9_z_21.tif	16052023_s_Lm_st_L394_p_C05_pos003_tm_24_ch_Syto9_z_21.tif	4095	2066.999753512448	2067.0	38	444.6	1053.0	3081.0	3689.4	1171.2997767066902	1371943.1669131422																																																			269.605	266.80114285714285	266.524	265.825	265.989	266.23	266.793	268.428	0.98214618492944	0.9646111285714536																							slice_0021	slice_0001	173028	32374.549667241805	14090.0	6	1043.2	2934.0	54700.0	89554.8	38239.266379407294	1462241493.2352693	8596.434	1609.1506241064826	700.376	0.298	51.8924	145.875	2719.488	4451.808	1900.2012474651608	3610764.7808681536	60421.527	533.2653894503328	53.333	0.0	0.0	6.667	406.667	1393.8666	1536.3791708903236	2360460.9567456385	33458	5426.560512694109	2352.0	1	174.0	489.0	9137.0	14994.8	6438.419190104294	41453241.66750324											37.48	17.187857142857144	14.52	0.66	0.816	2.484	30.933	35.084	14.501410935787298	210.29091912857143	255.0	127.5	127.5	0.0	25.5	63.75	191.25	229.5	74.04503134354572	5482.666666666667	255	127.5	127.5	0	25.5	63.75	191.25	229.5	74.04503134354572	5482.666666666667	4056	2028.0	2028.0	0	405.6	1014.0	3042.0	3650.4	1171.299349725196	1371942.1666666667	20	10.0	10.0	0	2.0	5.0	15.0	18.0	6.2048368229954285	38.5	255.0	127.5	127.5	0.0	25.5	63.75	191.25	229.5	74.04503134354572	5482.666666666667	255.0	127.5	127.5	0.0	25.5	63.75	191.25	229.5	74.04503134354572	5482.666666666667																					L394
16052023--s--Lm--st--L394--p--C05--pos004--tm--24--ch--Syto9--z--21	256.0	128.5	128.5	1.0	26.5	64.75	192.25	230.5	74.04503134354572	5482.666666666667	256.0	128.5	128.5	1.0	26.5	64.75	192.25	230.5	74.04503134354572	5482.666666666667	4076	2038.5	2038.5	1	408.5	1019.75	3057.25	3668.5	1176.7841773239477	1384821.0																					0.1	0.0667619047619047	0.072	0.02	0.024	0.048	0.091	0.096	0.0283688293059561	0.0008047904761904																															0.027	0.0231904761904761	0.023	0.021	0.021	0.022	0.024	0.025	0.0016618979396776	2.761904761904767e-06											795.0	518.5714285714286	567.0	167.0	192.0	393.0	671.0	728.0	210.10677557579416	44144.85714285714	13377.0	4096.0	2271.0	4.0	158.0	505.0	7179.75	11535.0	4248.883768524548	18053013.278431367	13322.0	4096.0	2195.0	2.0	74.0	339.0	7287.5	11621.5	4376.799797864673	19156376.47058824	16052023_s_Lm_st_L394_p_C05_pos004_tm_24_ch_Syto9_z_21.tif	16052023_s_Lm_st_L394_p_C05_pos004_tm_24_ch_Syto9_z_21.tif	4095	2057.4997546614327	2057.5	19	427.5	1038.75	3076.25	3687.5	1176.7846023148531	1384822.0002453271																																																			268.038	266.92723809523807	266.999	266.057	266.267	266.587	267.224	267.42	0.5036604912797887	0.2536738904761981																							slice_0021	slice_0001	426304	32156.160942100098	8680.0	6	389.0	1391.5	39626.5	81134.0	59950.444827761625	3594055835.0464907	21171.703	1597.9593385672229	431.5755	0.298	19.3245	69.20025000000001	1969.8825	4033.081	2977.878051276279	8867757.688273009	28264.291	807.7911982335623	33.333	0.0	0.0	0.0	266.667	1184.0	3175.10440018139	10081287.952051222	72510	5402.249018645731	1447.5	1	65.0	232.0	6639.5	13581.5	10145.914327412866	102939577.53920166											18.254	12.18252380952381	13.2	3.717	4.359	8.788	16.587	17.542	5.156338668270808	26.58782846190477	255.0	127.5	127.5	0.0	25.5	63.75	191.25	229.5	74.04503134354572	5482.666666666667	255	127.5	127.5	0	25.5	63.75	191.25	229.5	74.04503134354572	5482.666666666667	4075	2037.5	2037.5	0	407.5	1018.75	3056.25	3667.5	1176.7841773239477	1384821.0	20	10.0	10.0	0	2.0	5.0	15.0	18.0	6.2048368229954285	38.5	255.0	127.5	127.5	0.0	25.5	63.75	191.25	229.5	74.04503134354572	5482.666666666667	255.0	127.5	127.5	0.0	25.5	63.75	191.25	229.5	74.04503134354572	5482.666666666667																					L394
16052023--s--Lm--st--L394--p--C05--pos005--tm--24--ch--Syto9--z--21	256.0	128.5	128.5	1.0	26.5	64.75	192.25	230.5	74.04503134354572	5482.666666666667	256.0	128.5	128.5	1.0	26.5	64.75	192.25	230.5	74.04503134354572	5482.666666666667	4070	2035.5	2035.5	1	407.9	1018.25	3052.75	3663.1	1175.052126503331	1380747.5																					0.153	0.0867142857142857	0.101	0.016	0.018	0.03	0.132	0.14	0.049752530445338	0.0024753142857142																															0.025	0.0231428571428571	0.023	0.021	0.022	0.023	0.024	0.024	0.0008535639569308	7.285714285714283e-07											1175.0	677.1904761904761	748.0	128.0	151.0	255.0	993.0	1084.0	380.2047631273994	144555.6619047619	13322.0	4096.0	2195.0	2.0	74.0	339.0	7287.5	11621.5	4376.799797864673	19156376.47058824	14054.0	4096.0	2084.5	5.0	30.5	221.5	7403.25	11793.0	4490.31150585434	20162897.419607867	16052023_s_Lm_st_L394_p_C05_pos005_tm_24_ch_Syto9_z_21.tif	16052023_s_Lm_st_L394_p_C05_pos005_tm_24_ch_Syto9_z_21.tif	4095	2060.499017199017	2060.5	24	432.9	1043.25	3077.75	3688.1	1175.0538285538362	1380751.4999990282																																																			267.68	266.7593333333333	266.741	266.102	266.323	266.465	266.976	267.292	0.389793193031051	0.1519387333333421																							slice_0021	slice_0001	332854	32234.99606879607	9781.0	6	381.60000000000014	1435.0	43810.5	84258.59999999999	53066.31949910509	2816034265.1811013	16531.596	1601.9668818181815	486.267	0.298	18.943400000000008	71.3385	2177.7925	4188.342699999999	2636.102254192401	6949035.09455826	18909.85	713.3533100737101	33.333	0.0	0.0	6.667	300.0	1272.0	2424.792212629968	5879617.274430935	56409	5410.208845208846	1633.0	1	63.900000000000034	239.25	7324.75	14109.9	8959.219077923757	80267606.48623301											27.806	15.785904761904764	18.375	2.953	3.213	5.488	23.985	25.531	9.042841615912344	81.77298449047618	255.0	127.5	127.5	0.0	25.5	63.75	191.25	229.5	74.04503134354572	5482.666666666667	255	127.5	127.5	0	25.5	63.75	191.25	229.5	74.04503134354572	5482.666666666667	4069	2034.5	2034.5	0	406.9	1017.25	3051.75	3662.1	1175.052126503331	1380747.5	20	10.0	10.0	0	2.0	5.0	15.0	18.0	6.2048368229954285	38.5	255.0	127.5	127.5	0.0	25.5	63.75	191.25	229.5	74.04503134354572	5482.666666666667	255.0	127.5	127.5	0.0	25.5	63.75	191.25	229.5	74.04503134354572	5482.666666666667																					L394
16052023--s--Lm--st--L394--p--C06--pos001--tm--24--ch--Syto9--z--21	256.0	128.5	128.5	1.0	26.5	64.75	192.25	230.5	74.04503134354572	5482.666666666667	256.0	128.5	128.5	1.0	26.5	64.75	192.25	230.5	74.04503134354572	5482.666666666667	2644	1322.5	1322.5	1	265.3	661.75	1983.25	2379.7000000000003	763.4013797909109	582781.6666666666																					0.156	0.1036666666666666	0.103	0.037	0.047	0.07	0.134	0.149	0.0390734351360784	0.0015267333333333																															0.033	0.0276666666666666	0.028	0.024	0.025	0.025	0.029	0.031	0.0025166114784235	6.333333333333333e-06											1130.0	709.6190476190476	696.0	218.0	280.0	431.0	988.0	1060.0	307.72917901792744	94697.24761904764	14054.0	4096.0	2084.5	5.0	30.5	221.5	7403.25	11793.0	4490.31150585434	20162897.419607867	24747.0	4096.0	252.5	0.0	0.0	2.75	5080.0	16856.0	6846.913707477774	46880227.31764703	16052023_s_Lm_st_L394_p_C06_pos001_tm_24_ch_Syto9_z_21.tif	16052023_s_Lm_st_L394_p_C06_pos001_tm_24_ch_Syto9_z_21.tif	4095	1366.125945537065	1331.5	10	274.3	670.75	1992.25	2416.7000000000003	832.7517370535452	693475.4555656969																																																			270.015	268.444	268.078	266.763	267.414	267.703	269.468	269.959	1.0015321262944832	1.0030665999999484																							slice_0021	slice_0001	982432	49193.08245083207	2162.0	6	6.0	66.0	32530.5	133356.20000000024	131153.90266884572	17201346185.269054	48767.753	2443.5824882753404	107.5245	0.298	0.298	3.281	1616.91575	6628.370900000012	6511.658330384417	42401694.21166477	102167.619	2400.2888729198185	13.333	0.0	0.0	0.0	313.333	3040.4000000000037	10805.79673210505	116765243.01557216	169146	8328.326399394857	360.5	1	1.0	11.0	5436.25	22379.70000000004	22415.753779233703	502466017.4912301											28.466	18.89819047619048	18.758	6.704	8.597	12.783	24.35	27.216	7.119251088555929	50.68373606190478	255.0	127.5	127.5	0.0	25.5	63.75	191.25	229.5	74.04503134354572	5482.666666666667	255	127.5	127.5	0	25.5	63.75	191.25	229.5	74.04503134354572	5482.666666666667	2643	1321.5	1321.5	0	264.3	660.75	1982.25	2378.7000000000003	763.4013797909109	582781.6666666666	20	10.0	10.0	0	2.0	5.0	15.0	18.0	6.2048368229954285	38.5	255.0	127.5	127.5	0.0	25.5	63.75	191.25	229.5	74.04503134354572	5482.666666666667	255.0	127.5	127.5	0.0	25.5	63.75	191.25	229.5	74.04503134354572	5482.666666666667																					L394
16052023--s--Lm--st--L394--p--C06--pos002--tm--24--ch--Syto9--z--21	256.0	128.5	128.5	1.0	26.5	64.75	192.25	230.5	74.04503134354572	5482.666666666667	256.0	128.5	128.5	1.0	26.5	64.75	192.25	230.5	74.04503134354572	5482.666666666667	2719	1360.0	1360.0	1	272.8	680.5	2039.5	2447.2000000000003	785.0520152618338	616306.6666666666																					0.11	0.0842857142857142	0.096	0.039	0.045	0.067	0.101	0.107	0.0234374547618611	0.0005493142857142																															0.035	0.0289047619047619	0.029	0.023	0.025	0.026	0.032	0.033	0.0034191338362919	1.16904761904762e-05											867.0	552.5238095238095	627.0	217.0	263.0	388.0	697.0	749.0	196.82596857315832	38740.46190476191	24747.0	4096.0	252.5	0.0	0.0	2.75	5080.0	16856.0	6846.913707477774	46880227.31764703	21307.0	4096.0	222.5	0.0	0.0	3.0	6067.0	16232.0	6465.023818405392	41796532.97254904	16052023_s_Lm_st_L394_p_C06_pos002_tm_24_ch_Syto9_z_21.tif	16052023_s_Lm_st_L394_p_C06_pos002_tm_24_ch_Syto9_z_21.tif	4095	1393.2342773078335	1369.0	10	281.8	689.5	2048.5	2481.2000000000003	831.7121479477815	691745.0970439125																																																			272.089	269.2210476190476	269.021	267.326	267.977	268.225	270.019	270.801	1.2682033936317552	1.6083398476191006																							slice_0021	slice_0001	1278836	47771.86318499449	1866.0	6	12.0	60.0	33010.0	129848.40000000036	138913.05619501063	19296837181.438183	63517.768	2373.5951956601693	92.872	0.298	0.597	2.983	1640.748	6454.9156000000185	6899.479627244329	47602819.12675955	152061.08	2499.502602059581	13.333	0.0	0.0	0.0	315.3335	2684.5334000000007	13570.330462277989	184153868.8554299	221536	8098.600956233909	312.0	1	2.0	10.0	5519.0	21775.400000000063	23866.13806313409	569592546.048578											19.956	15.341142857142856	17.455	7.086	8.25	12.227	18.48	19.452	4.271176199663441	18.24294612857144	255.0	127.5	127.5	0.0	25.5	63.75	191.25	229.5	74.04503134354572	5482.666666666667	255	127.5	127.5	0	25.5	63.75	191.25	229.5	74.04503134354572	5482.666666666667	2718	1359.0	1359.0	0	271.8	679.5	2038.5	2446.2000000000003	785.0520152618338	616306.6666666666	20	10.0	10.0	0	2.0	5.0	15.0	18.0	6.2048368229954285	38.5	255.0	127.5	127.5	0.0	25.5	63.75	191.25	229.5	74.04503134354572	5482.666666666667	255.0	127.5	127.5	0.0	25.5	63.75	191.25	229.5	74.04503134354572	5482.666666666667																					L394
16052023--s--Lm--st--L394--p--C06--pos003--tm--24--ch--Syto9--z--21	256.0	128.5	128.5	1.0	26.5	64.75	192.25	230.5	74.04503134354572	5482.666666666667	256.0	128.5	128.5	1.0	26.5	64.75	192.25	230.5	74.04503134354572	5482.666666666667	2520	1260.5	1260.5	1	252.9	630.75	1890.25	2268.1	727.6056624298632	529410.0																					0.196	0.1337619047619047	0.124	0.081	0.108	0.12	0.154	0.173	0.0284163769011898	0.0008074904761904																															0.031	0.0259047619047619	0.025	0.022	0.023	0.024	0.028	0.03	0.002808999143908	7.890476190476181e-06											1479.0	960.095238095238	922.0	496.0	652.0	774.0	1178.0	1309.0	266.6246246620713	71088.69047619042	21307.0	4096.0	222.5	0.0	0.0	3.0	6067.0	16232.0	6465.023818405392	41796532.97254904	26056.0	4096.0	224.0	0.0	0.0	2.0	5037.75	16141.5	7016.148010825022	49226332.90980391	16052023_s_Lm_st_L394_p_C06_pos003_tm_24_ch_Syto9_z_21.tif	16052023_s_Lm_st_L394_p_C06_pos003_tm_24_ch_Syto9_z_21.tif	3229	1284.1777777777777	1272.5	13	264.9	642.75	1902.25	2290.1	748.4837223575422	560227.8826342023																																																			269.965	267.9912857142857	267.478	266.306	266.861	267.054	269.173	269.369	1.1308874896671712	1.278906514285716																							slice_0021	slice_0001	548674	51855.69365079365	3290.0	6	12.0	108.0	52980.0	196376.6	98117.6650121238	9627076187.431343	27246.862	2576.7906714285714	163.51	0.298	0.597	5.37	2633.422	9762.6197	4874.229783538347	23758115.98273228	43983.07	1811.90120515873	20.0	0.0	0.0	0.0	553.33325	4763.2003	5724.892947052253	32774399.255208623	93705	8738.133333333333	549.0	1	2.0	18.0	8857.5	33009.6	16626.826334714297	276451353.9647488											35.639	24.35919047619048	22.561	14.746	19.661	21.866	28.136	31.419	5.165409941321673	26.681459861904774	255.0	127.5	127.5	0.0	25.5	63.75	191.25	229.5	74.04503134354572	5482.666666666667	255	127.5	127.5	0	25.5	63.75	191.25	229.5	74.04503134354572	5482.666666666667	2519	1259.5	1259.5	0	251.9	629.75	1889.25	2267.1	727.6056624298632	529410.0	20	10.0	10.0	0	2.0	5.0	15.0	18.0	6.2048368229954285	38.5	255.0	127.5	127.5	0.0	25.5	63.75	191.25	229.5	74.04503134354572	5482.666666666667	255.0	127.5	127.5	0.0	25.5	63.75	191.25	229.5	74.04503134354572	5482.666666666667																					L394
16052023--s--Lm--st--L394--p--C06--pos004--tm--24--ch--Syto9--z--21	256.0	128.5	128.5	1.0	26.5	64.75	192.25	230.5	74.04503134354572	5482.666666666667	256.0	128.5	128.5	1.0	26.5	64.75	192.25	230.5	74.04503134354572	5482.666666666667	2649	1325.0	1325.0	1	265.8	663.0	1987.0	2384.2000000000003	764.8447554896353	584987.5																					0.101	0.0715714285714285	0.078	0.029	0.047	0.059	0.086	0.098	0.0214699125023168	0.0004609571428571																															0.035	0.0287142857142857	0.029	0.022	0.024	0.026	0.032	0.033	0.0036488745818794	1.3314285714285718e-05											722.0	470.8095238095238	492.0	153.0	274.0	354.0	597.0	679.0	171.61748717645844	29452.561904761875	26056.0	4096.0	224.0	0.0	0.0	2.0	5037.75	16141.5	7016.148010825022	49226332.90980391	20195.0	4096.0	337.0	0.0	0.0	3.0	6597.0	15868.0	6203.705948076205	38485967.49019608	16052023_s_Lm_st_L394_p_C06_pos004_tm_24_ch_Syto9_z_21.tif	16052023_s_Lm_st_L394_p_C06_pos004_tm_24_ch_Syto9_z_21.tif	3686	1347.9550773876936	1334.0	10	274.8	672.0	1996.0	2402.4000000000005	790.5831220245847	625021.6728301393																																																			271.899	269.1842380952381	269.132	267.162	267.349	268.106	270.204	270.869	1.418192790306104	2.011270790476213																							slice_0021	slice_0001	1125086	49113.88448471121	3582.0	6	12.0	126.0	44702.0	126432.8000000001	129537.27321518087	16779905152.02442	55867.001	2440.0876277840694	178.093	0.298	0.597	6.265	2222.659	6284.526800000004	6432.668801538907	41379227.910292	123639.641	2340.219621744054	20.0	0.0	0.0	0.0	432.0	2607.4666000000047	11802.716916859295	139304126.61951658	194333	8312.607021517553	597.0	1	2.0	21.0	7475.0	21210.20000000001	22205.033114250276	493063495.6049512											18.428	13.046	14.242	5.349	8.649	10.699	15.649	17.82	3.8988856100173033	15.201308999999998	255.0	127.5	127.5	0.0	25.5	63.75	191.25	229.5	74.04503134354572	5482.666666666667	255	127.5	127.5	0	25.5	63.75	191.25	229.5	74.04503134354572	5482.666666666667	2648	1324.0	1324.0	0	264.8	662.0	1986.0	2383.2000000000003	764.8447554896353	584987.5	20	10.0	10.0	0	2.0	5.0	15.0	18.0	6.2048368229954285	38.5	255.0	127.5	127.5	0.0	25.5	63.75	191.25	229.5	74.04503134354572	5482.666666666667	255.0	127.5	127.5	0.0	25.5	63.75	191.25	229.5	74.04503134354572	5482.666666666667																					L394
16052023--s--Lm--st--L394--p--C06--pos005--tm--24--ch--Syto9--z--21	256.0	128.5	128.5	1.0	26.5	64.75	192.25	230.5	74.04503134354572	5482.666666666667	256.0	128.5	128.5	1.0	26.5	64.75	192.25	230.5	74.04503134354572	5482.666666666667	2551	1276.0	1276.0	1	256.0	638.5	1913.5	2296.0	736.5545917762421	542512.6666666666																					0.14	0.1141904761904762	0.119	0.086	0.091	0.103	0.127	0.133	0.0168541361321755	0.0002840619047619																															0.032	0.0265714285714285	0.025	0.023	0.023	0.024	0.029	0.03	0.0030260771399855	9.157142857142867e-06											1076.0	796.952380952381	827.0	488.0	565.0	727.0	885.0	981.0	161.36897972983408	26039.9476190476	20195.0	4096.0	337.0	0.0	0.0	3.0	6597.0	15868.0	6203.705948076205	38485967.49019608	21756.0	4096.0	343.5	0.0	0.0	2.75	6056.5	15777.0	6387.5984992980975	40801414.58823531	16052023_s_Lm_st_L394_p_C06_pos005_tm_24_ch_Syto9_z_21.tif	16052023_s_Lm_st_L394_p_C06_pos005_tm_24_ch_Syto9_z_21.tif	3395	1300.7526460211682	1287.0	12	267.0	649.5	1924.5	2318.0	761.7760843670428	580302.8027135839																																																			270.437	268.16961904761905	268.105	266.244	266.924	267.204	269.039	269.506	1.1619871546704277	1.3502141476190763																							slice_0021	slice_0001	609756	51195.46922775382	3430.0	6	12.0	102.0	53726.0	189876.0	98226.13531609705	9648373659.136206	30280.227	2544.1116181889456	170.503	0.298	0.597	5.071	2671.661	9439.24	4879.597174306904	23810468.58350392	56087.573	1871.9718914151315	20.0	0.0	0.0	0.0	573.333	4465.333	6458.229636830962	41708730.04204178	104539	8631.9466875735	573.0	1	2.0	17.0	8984.0	31881.0	16680.101216398954	278225776.58931386											25.496	20.78214285714286	21.658	15.736	16.534	18.688	23.1	24.263	3.061428903073112	9.372346928571435	255.0	127.5	127.5	0.0	25.5	63.75	191.25	229.5	74.04503134354572	5482.666666666667	255	127.5	127.5	0	25.5	63.75	191.25	229.5	74.04503134354572	5482.666666666667	2550	1275.0	1275.0	0	255.0	637.5	1912.5	2295.0	736.5545917762421	542512.6666666666	20	10.0	10.0	0	2.0	5.0	15.0	18.0	6.2048368229954285	38.5	255.0	127.5	127.5	0.0	25.5	63.75	191.25	229.5	74.04503134354572	5482.666666666667	255.0	127.5	127.5	0.0	25.5	63.75	191.25	229.5	74.04503134354572	5482.666666666667																					L394
16052023--s--Lm--st--L394--p--D03--pos001--tm--24--ch--Syto9--z--21	256.0	128.5	128.5	1.0	26.5	64.75	192.25	230.5	74.04503134354572	5482.666666666667	256.0	128.5	128.5	1.0	26.5	64.75	192.25	230.5	74.04503134354572	5482.666666666667	3132	1566.5	1566.5	1	314.1	783.75	2349.25	2818.9	904.2748475988924	817713.0																					0.138	0.1004761904761904	0.104	0.043	0.059	0.094	0.113	0.132	0.027178335209536	0.0007386619047619																															0.028	0.0256190476190476	0.026	0.022	0.024	0.025	0.027	0.028	0.0016575943555704	2.7476190476190603e-06											1021.0	724.3333333333334	749.0	284.0	401.0	647.0	927.0	962.0	217.01321004338263	47094.73333333332	21756.0	4096.0	343.5	0.0	0.0	2.75	6056.5	15777.0	6387.5984992980975	40801414.58823531	23681.0	4096.0	82.5	0.0	0.0	1.0	5119.0	17339.5	6942.071246548602	48192353.19215686	16052023_s_Lm_st_L394_p_D03_pos001_tm_24_ch_Syto9_z_21.tif	16052023_s_Lm_st_L394_p_D03_pos001_tm_24_ch_Syto9_z_21.tif	4020	1591.8786717752234	1577.5	12	325.1	794.75	2360.25	2836.9	930.3099056588612	865476.520566999																																																			268.741	267.9350476190476	267.969	267.058	267.344	267.557	268.355	268.645	0.5031229945242474	0.2531327476190458																							slice_0021	slice_0001	707754	41676.56832694764	2696.0	6	18.0	126.0	33284.0	115290.40000000004	101371.42278306556	10276165357.063025	35146.26	2070.597854086845	134.0255	0.298	0.895	6.265	1654.43575	5731.096400000002	5034.193436919842	25343103.56032681	57500.911	1594.7041637931034	13.333	0.0	0.0	0.0	280.0	2186.133600000001	6610.022271123788	43692394.42475248	120896	7030.681992337165	450.0	1	3.0	21.0	5562.25	19320.000000000007	17227.365560607934	296782124.1588203											25.149	18.296142857142858	18.949	7.816	10.768	17.073	20.616	24.09	4.961407655955255	24.61556592857142	255.0	127.5	127.5	0.0	25.5	63.75	191.25	229.5	74.04503134354572	5482.666666666667	255	127.5	127.5	0	25.5	63.75	191.25	229.5	74.04503134354572	5482.666666666667	3131	1565.5	1565.5	0	313.1	782.75	2348.25	2817.9	904.2748475988924	817713.0	20	10.0	10.0	0	2.0	5.0	15.0	18.0	6.2048368229954285	38.5	255.0	127.5	127.5	0.0	25.5	63.75	191.25	229.5	74.04503134354572	5482.666666666667	255.0	127.5	127.5	0.0	25.5	63.75	191.25	229.5	74.04503134354572	5482.666666666667																					L394
16052023--s--Lm--st--L394--p--D03--pos002--tm--24--ch--Syto9--z--21	256.0	128.5	128.5	1.0	26.5	64.75	192.25	230.5	74.04503134354572	5482.666666666667	256.0	128.5	128.5	1.0	26.5	64.75	192.25	230.5	74.04503134354572	5482.666666666667	3586	1793.5	1793.5	1	359.5	897.25	2689.75	3227.5	1035.3333601631248	1071915.1666666667																					0.12	0.0834285714285714	0.091	0.035	0.043	0.066	0.107	0.111	0.0270140175252986	0.0007297571428571																															0.028	0.0242857142857142	0.024	0.022	0.023	0.023	0.026	0.026	0.0017361698402764	3.014285714285714e-06											844.0	619.7142857142857	659.0	290.0	333.0	500.0	780.0	833.0	189.22186524213916	35804.91428571426	23681.0	4096.0	82.5	0.0	0.0	1.0	5119.0	17339.5	6942.071246548602	48192353.19215686	22643.0	4096.0	245.0	0.0	0.0	1.0	6082.75	15491.5	6426.091714986001	41294654.72941172	16052023_s_Lm_st_L394_p_D03_pos002_tm_24_ch_Syto9_z_21.tif	16052023_s_Lm_st_L394_p_D03_pos002_tm_24_ch_Syto9_z_21.tif	4095	1819.2587841606248	1807.5	15	373.5	911.25	2703.75	3248.5	1055.608659135008	1114309.641240809																																																			268.477	267.71914285714286	267.759	266.909	267.078	267.401	268.05	268.261	0.4330089243554209	0.1874967285714386																							slice_0021	slice_0001	407358	36523.83324037925	3273.0	6	15.0	132.0	41692.0	123893.0	68687.69846152992	4717999919.942059	20228.016	1815.057990518684	162.7295	0.298	0.746	6.563	2072.6735	6157.707	3412.2134128317603	11643200.374708967	27969.018	1018.623642777468	13.333	0.0	0.0	0.0	336.0	2226.4605	3491.078209344853	12187627.063762464	69323	6140.57334076966	546.5	1	2.5	22.0	6970.25	20759.5	11612.343171338416	134846513.92892992											21.936	15.18552380952381	16.517	6.374	7.868	12.036	19.4	20.234	4.9257519387302455	24.26303216190477	255.0	127.5	127.5	0.0	25.5	63.75	191.25	229.5	74.04503134354572	5482.666666666667	255	127.5	127.5	0	25.5	63.75	191.25	229.5	74.04503134354572	5482.666666666667	3585	1792.5	1792.5	0	358.5	896.25	2688.75	3226.5	1035.3333601631248	1071915.1666666667	20	10.0	10.0	0	2.0	5.0	15.0	18.0	6.2048368229954285	38.5	255.0	127.5	127.5	0.0	25.5	63.75	191.25	229.5	74.04503134354572	5482.666666666667	255.0	127.5	127.5	0.0	25.5	63.75	191.25	229.5	74.04503134354572	5482.666666666667																					L394
16052023--s--Lm--st--L394--p--D03--pos003--tm--24--ch--Syto9--z--21	256.0	128.5	128.5	1.0	26.5	64.75	192.25	230.5	74.04503134354572	5482.666666666667	256.0	128.5	128.5	1.0	26.5	64.75	192.25	230.5	74.04503134354572	5482.666666666667	3836	1918.5	1918.5	1	384.5	959.75	2877.25	3452.5	1107.50214446745	1226561.0																					0.104	0.0764761904761904	0.087	0.039	0.043	0.053	0.096	0.1	0.0237478821110831	0.0005639619047619																															0.027	0.0237142857142857	0.023	0.021	0.022	0.022	0.025	0.026	0.0017071279138616	2.9142857142857256e-06											736.0	579.8095238095239	632.0	330.0	346.0	444.0	709.0	726.0	152.99333941306693	23406.9619047619	22643.0	4096.0	245.0	0.0	0.0	1.0	6082.75	15491.5	6426.091714986001	41294654.72941172	17772.0	4096.0	728.5	0.0	2.0	20.75	6964.75	14329.0	5628.125690863424	31675798.79215689	16052023_s_Lm_st_L394_p_D03_pos003_tm_24_ch_Syto9_z_21.tif	16052023_s_Lm_st_L394_p_D03_pos003_tm_24_ch_Syto9_z_21.tif	4095	1943.9014598540143	1935.5	17	401.5	976.75	2894.25	3482.5	1121.571370524005	1257922.3391790949																																																			268.8	267.6152380952381	267.598	266.755	267.05	267.232	267.891	268.298	0.5634545150020241	0.3174809904761663																							slice_0021	slice_0001	331032	34179.07924921794	3013.0	6	12.0	120.0	40473.5	130424.0	60184.604628452624	3622186634.2831607	16441.526	1698.674939781022	149.85	0.298	0.597	5.966	2011.88925	6483.6335	2990.298941959178	8941887.762282182	21985.94	842.383968717414	13.333	0.0	0.0	0.0	307.12625	2268.0	2662.0463953737626	7086491.011122444	56275	5740.37669447341	502.5	1	2.0	20.0	6760.25	21844.5	10151.671006125236	103056424.21660376											18.966	13.943285714285716	15.77	7.19	7.868	9.709	17.403	18.271	4.319710443338271	18.659898314285723	255.0	127.5	127.5	0.0	25.5	63.75	191.25	229.5	74.04503134354572	5482.666666666667	255	127.5	127.5	0	25.5	63.75	191.25	229.5	74.04503134354572	5482.666666666667	3835	1917.5	1917.5	0	383.5	958.75	2876.25	3451.5	1107.50214446745	1226561.0	20	10.0	10.0	0	2.0	5.0	15.0	18.0	6.2048368229954285	38.5	255.0	127.5	127.5	0.0	25.5	63.75	191.25	229.5	74.04503134354572	5482.666666666667	255.0	127.5	127.5	0.0	25.5	63.75	191.25	229.5	74.04503134354572	5482.666666666667																					L394
16052023--s--Lm--st--L394--p--D03--pos004--tm--24--ch--Syto9--z--21	256.0	128.5	128.5	1.0	26.5	64.75	192.25	230.5	74.04503134354572	5482.666666666667	256.0	128.5	128.5	1.0	26.5	64.75	192.25	230.5	74.04503134354572	5482.666666666667	3806	1903.5	1903.5	1	381.5	952.25	2854.75	3425.5	1098.8418903554775	1207453.5																					0.094	0.0754761904761904	0.078	0.051	0.056	0.062	0.088	0.092	0.0141372523766786	0.0001998619047619																															0.029	0.0248571428571428	0.025	0.022	0.022	0.023	0.026	0.028	0.002264634943776	5.12857142857143e-06											682.0	554.0952380952381	579.0	372.0	431.0	482.0	644.0	653.0	92.7404468190146	8600.790476190476	17772.0	4096.0	728.5	0.0	2.0	20.75	6964.75	14329.0	5628.125690863424	31675798.79215689	22651.0	4096.0	84.0	0.0	0.0	1.0	5217.25	17332.0	6870.7253160512455	47206866.36862749	16052023_s_Lm_st_L394_p_D03_pos004_tm_24_ch_Syto9_z_21.tif	16052023_s_Lm_st_L394_p_D03_pos004_tm_24_ch_Syto9_z_21.tif	4095	1929.2246452969	1915.5	13	393.5	964.25	2866.75	3467.0	1121.605197665044	1257998.2194292422																																																			268.981	267.88361904761905	268.088	266.585	266.975	267.134	268.332	268.841	0.727506802455496	0.5292661476190201																							slice_0021	slice_0001	537796	34380.91329479769	2005.0	6	12.0	72.0	32692.5	115782.0	73920.28282349689	5464208212.7057705	26707.574	1708.5151986337362	99.7025	0.298	0.597	3.58	1624.8945	5755.407999999999	3672.060641075196	13484029.351733582	41210.335	1052.6689810825012	6.667	0.0	0.0	0.0	242.667	1924.0	4328.088180931759	18732347.301921185	91828	5785.612979506043	334.5	1	2.0	12.0	5461.75	19389.0	12528.328925034406	156959025.65385377											17.038	13.74490476190476	14.294	9.24	10.126	11.376	15.979	16.726	2.587674204855817	6.696057790476187	255.0	127.5	127.5	0.0	25.5	63.75	191.25	229.5	74.04503134354572	5482.666666666667	255	127.5	127.5	0	25.5	63.75	191.25	229.5	74.04503134354572	5482.666666666667	3805	1902.5	1902.5	0	380.5	951.25	2853.75	3424.5	1098.8418903554775	1207453.5	20	10.0	10.0	0	2.0	5.0	15.0	18.0	6.2048368229954285	38.5	255.0	127.5	127.5	0.0	25.5	63.75	191.25	229.5	74.04503134354572	5482.666666666667	255.0	127.5	127.5	0.0	25.5	63.75	191.25	229.5	74.04503134354572	5482.666666666667																					L394
16052023--s--Lm--st--L394--p--D03--pos005--tm--24--ch--Syto9--z--21	256.0	128.5	128.5	1.0	26.5	64.75	192.25	230.5	74.04503134354572	5482.666666666667	256.0	128.5	128.5	1.0	26.5	64.75	192.25	230.5	74.04503134354572	5482.666666666667	3180	1590.5	1590.5	1	318.90000000000003	795.75	2385.25	2862.1	918.1312542332932	842965.0																					0.103	0.083	0.085	0.049	0.066	0.074	0.094	0.098	0.0141703916671346	0.0002008																															0.03	0.0260952380952381	0.026	0.023	0.023	0.024	0.029	0.029	0.0025476412994132	6.4904761904762e-06											773.0	586.5238095238095	603.0	307.0	402.0	564.0	654.0	698.0	120.01067412843696	14402.561904761891	22651.0	4096.0	84.0	0.0	0.0	1.0	5217.25	17332.0	6870.7253160512455	47206866.36862749	26406.0	4096.0	34.0	0.0	0.0	1.0	4344.5	17597.5	7377.175130753225	54422712.90980387	16052023_s_Lm_st_L394_p_D03_pos005_tm_24_ch_Syto9_z_21.tif	16052023_s_Lm_st_L394_p_D03_pos005_tm_24_ch_Syto9_z_21.tif	4095	1628.3764150943396	1600.5	11	328.90000000000003	805.75	2395.25	2916.1	968.2646119418764	937536.3587389528																																																			270.443	268.3898571428571	268.211	267.18	267.393	267.674	268.887	269.569	0.8902074076143408	0.7924692285714452																							slice_0021	slice_0001	799690	41038.19182389937	2100.0	6	6.0	66.0	36736.0	129563.79999999996	97559.729223887	9517900766.238152	39723.289	2039.160023899371	104.458	0.298	0.298	3.281	1826.482	6439.286499999999	4845.934194582826	23483078.218227103	76801.172	1587.3416440251574	6.667	0.0	0.0	0.0	320.66675	2408.5333	7373.502140561647	54368533.81686719	137453	6924.558490566038	350.5	1	1.0	11.0	6138.25	21713.099999999995	16628.46278931069	276505774.7354903											18.688	15.127714285714289	15.527	8.962	12.106	13.512	17.142	17.82	2.565391278983717	6.581232414285713	255.0	127.5	127.5	0.0	25.5	63.75	191.25	229.5	74.04503134354572	5482.666666666667	255	127.5	127.5	0	25.5	63.75	191.25	229.5	74.04503134354572	5482.666666666667	3179	1589.5	1589.5	0	317.90000000000003	794.75	2384.25	2861.1	918.1312542332932	842965.0	20	10.0	10.0	0	2.0	5.0	15.0	18.0	6.2048368229954285	38.5	255.0	127.5	127.5	0.0	25.5	63.75	191.25	229.5	74.04503134354572	5482.666666666667	255.0	127.5	127.5	0.0	25.5	63.75	191.25	229.5	74.04503134354572	5482.666666666667																					L394
16052023--s--Lm--st--L394--p--D04--pos001--tm--24--ch--Syto9--z--21	256.0	128.5	128.5	1.0	26.5	64.75	192.25	230.5	74.04503134354572	5482.666666666667	256.0	128.5	128.5	1.0	26.5	64.75	192.25	230.5	74.04503134354572	5482.666666666667	3501	1751.0	1751.0	1	351.0	876.0	2626.0	3151.0	1010.7959734783276	1021708.5																					0.172	0.1154285714285714	0.109	0.047	0.068	0.088	0.148	0.167	0.0388568802512134	0.0015098571428571																															0.028	0.0248571428571428	0.025	0.022	0.023	0.024	0.026	0.027	0.0016518388022356	2.7285714285714285e-06											1279.0	856.3333333333334	798.0	317.0	443.0	677.0	1085.0	1255.0	303.127585899623	91886.33333333331	26406.0	4096.0	34.0	0.0	0.0	1.0	4344.5	17597.5	7377.175130753225	54422712.90980387	23391.0	4096.0	232.0	0.0	0.0	2.75	5628.5	16402.0	6644.842599236451	44153933.16862743	16052023_s_Lm_st_L394_p_D04_pos001_tm_24_ch_Syto9_z_21.tif	16052023_s_Lm_st_L394_p_D04_pos001_tm_24_ch_Syto9_z_21.tif	4095	1782.28391888032	1762.0	12	362.0	887.0	2637.0	3191.0	1046.1541464928491	1094438.4982241818																																																			269.135	267.8066666666667	267.686	267.121	267.258	267.316	268.092	268.577	0.5519741237896514	0.3046754333333534																							Ch1	Ch1	584930	37321.82176520994	2060.0	6	12.0	84.0	30108.0	110034.0	87305.43974023423	7622239808.235671	29043.514	1854.189538417595	102.453	0.298	0.597	4.176	1496.739	5468.622	4335.542577882444	18796929.444631543	43278.546	1313.739551842331	6.667	0.0	0.0	0.0	240.0	1957.333	5211.954913549865	27164474.02087658	99756	6289.6589545844045	344.0	1	2.0	14.0	5031.0	18436.0	14809.11993888314	219310033.36422625											31.297	21.02442857142857	19.921	8.562	12.436	16.066	26.955	30.377	7.077789475333582	50.09510385714283	255.0	127.5	127.5	0.0	25.5	63.75	191.25	229.5	74.04503134354572	5482.666666666667	255	127.5	127.5	0	25.5	63.75	191.25	229.5	74.04503134354572	5482.666666666667	3500	1750.0	1750.0	0	350.0	875.0	2625.0	3150.0	1010.7959734783276	1021708.5	20	10.0	10.0	0	2.0	5.0	15.0	18.0	6.2048368229954285	38.5	255.0	127.5	127.5	0.0	25.5	63.75	191.25	229.5	74.04503134354572	5482.666666666667	255.0	127.5	127.5	0.0	25.5	63.75	191.25	229.5	74.04503134354572	5482.666666666667																					L394
16052023--s--Lm--st--L394--p--D04--pos002--tm--24--ch--Syto9--z--21	256.0	128.5	128.5	1.0	26.5	64.75	192.25	230.5	74.04503134354572	5482.666666666667	256.0	128.5	128.5	1.0	26.5	64.75	192.25	230.5	74.04503134354572	5482.666666666667	3079	1540.0	1540.0	1	308.8	770.5	2309.5	2771.2000000000003	888.9750652671123	790276.6666666666																					0.166	0.1181428571428571	0.124	0.051	0.067	0.103	0.139	0.149	0.031450414487389	0.0009891285714285																															0.028	0.025095238095238	0.025	0.023	0.023	0.024	0.026	0.027	0.0016704718466577	2.790476190476189e-06											1242.0	866.3809523809524	893.0	338.0	439.0	792.0	1043.0	1104.0	251.56022662385968	63282.54761904763	23391.0	4096.0	232.0	0.0	0.0	2.75	5628.5	16402.0	6644.842599236451	44153933.16862743	19805.0	4096.0	313.5	0.0	0.0	4.0	6548.5	15766.0	6149.489938357553	37816226.501960784	16052023_s_Lm_st_L394_p_D04_pos002_tm_24_ch_Syto9_z_21.tif	16052023_s_Lm_st_L394_p_D04_pos002_tm_24_ch_Syto9_z_21.tif	4095	1571.373822669698	1551.0	12	319.8	781.5	2320.5	2795.4000000000005	926.9281168625996	859195.7338304451																																																			269.206	267.87933333333336	267.847	266.751	267.131	267.469	268.214	268.601	0.635799916116196	0.4042415333333619																							slice_0021	slice_0001	569746	42444.65540759987	2556.0	6	12.0	102.0	37535.0	131637.20000000007	92053.71003823206	8473885531.802906	28288.519	2108.8167421240664	127.081	0.298	0.597	5.071	1865.8875	6544.059600000003	4571.7290305464885	20900706.32874154	42901.002	1471.2104170185123	13.333	0.0	0.0	0.0	344.667	2606.9330000000023	5360.898488824746	28739232.607483447	97139	7151.703150373498	426.0	1	2.0	17.0	6272.0	22058.80000000001	15605.833853281638	243542050.2562312											30.203	21.506666666666668	22.613	9.257	12.123	18.74	25.236	27.181	5.730126799062419	32.83435313333332	255.0	127.5	127.5	0.0	25.5	63.75	191.25	229.5	74.04503134354572	5482.666666666667	255	127.5	127.5	0	25.5	63.75	191.25	229.5	74.04503134354572	5482.666666666667	3078	1539.0	1539.0	0	307.8	769.5	2308.5	2770.2000000000003	888.9750652671123	790276.6666666666	20	10.0	10.0	0	2.0	5.0	15.0	18.0	6.2048368229954285	38.5	255.0	127.5	127.5	0.0	25.5	63.75	191.25	229.5	74.04503134354572	5482.666666666667	255.0	127.5	127.5	0.0	25.5	63.75	191.25	229.5	74.04503134354572	5482.666666666667																					L394
16052023--s--Lm--st--L394--p--D04--pos003--tm--24--ch--Syto9--z--21	256.0	128.5	128.5	1.0	26.5	64.75	192.25	230.5	74.04503134354572	5482.666666666667	256.0	128.5	128.5	1.0	26.5	64.75	192.25	230.5	74.04503134354572	5482.666666666667	4004	2002.5	2002.5	1	401.3	1001.75	3003.25	3603.7	1155.9995674739675	1336335.0																					0.156	0.0929523809523809	0.109	0.019	0.022	0.03	0.145	0.147	0.0532010114475995	0.0028303476190476																															0.026	0.0229523809523809	0.023	0.02	0.022	0.022	0.024	0.025	0.0014654757069358	2.147619047619044e-06											1149.0	721.3333333333334	900.0	156.0	183.0	246.0	1073.0	1129.0	393.16654655925817	154579.93333333332	19805.0	4096.0	313.5	0.0	0.0	4.0	6548.5	15766.0	6149.489938357553	37816226.501960784	19133.0	4096.0	762.0	0.0	2.0	16.75	6961.0	14591.0	5666.53038913411	32109566.65098037	16052023_s_Lm_st_L394_p_D04_pos003_tm_24_ch_Syto9_z_21.tif	16052023_s_Lm_st_L394_p_D04_pos003_tm_24_ch_Syto9_z_21.tif	4095	2025.5921578421576	2023.5	21	422.3	1022.75	3024.25	3624.7	1159.5036617847268	1344448.7416921903																																																			267.463	266.95709523809523	267.069	265.662	266.415	266.71	267.348	267.413	0.4590099023727153	0.2106900904762096																							slice_0021	slice_0001	277122	32774.46103896104	3702.0	6	24.0	198.0	44306.5	117434.60000000003	54123.86457723301	2929392716.774658	13766.718	1628.9026655844157	184.0105	0.298	1.193	9.844	2203.05175	5837.622500000002	2689.337533638989	7232536.369839442	15180.0	717.1736653346653	13.333	0.0	0.0	0.0	346.667	1995.6001000000003	2049.2176419329303	4199292.94400916	46937	5499.522977022977	617.5	1	4.0	33.0	7401.5	19662.900000000005	9113.8015877945	83061379.38168555											28.449	16.943857142857144	19.817	3.439	4.047	5.454	26.434	26.851	9.693840891440887	93.97055122857144	255.0	127.5	127.5	0.0	25.5	63.75	191.25	229.5	74.04503134354572	5482.666666666667	255	127.5	127.5	0	25.5	63.75	191.25	229.5	74.04503134354572	5482.666666666667	4003	2001.5	2001.5	0	400.3	1000.75	3002.25	3602.7000000000003	1155.9995674739675	1336335.0	20	10.0	10.0	0	2.0	5.0	15.0	18.0	6.2048368229954285	38.5	255.0	127.5	127.5	0.0	25.5	63.75	191.25	229.5	74.04503134354572	5482.666666666667	255.0	127.5	127.5	0.0	25.5	63.75	191.25	229.5	74.04503134354572	5482.666666666667																					L394
16052023--s--Lm--st--L394--p--D04--pos004--tm--24--ch--Syto9--z--21	256.0	128.5	128.5	1.0	26.5	64.75	192.25	230.5	74.04503134354572	5482.666666666667	256.0	128.5	128.5	1.0	26.5	64.75	192.25	230.5	74.04503134354572	5482.666666666667	3670	1835.5	1835.5	1	367.9	918.25	2752.75	3303.1	1059.5820716993408	1122714.1666666667																					0.117	0.0864285714285714	0.093	0.051	0.052	0.064	0.102	0.111	0.0219102063627238	0.0004800571428571																															0.03	0.0249047619047619	0.024	0.022	0.023	0.023	0.027	0.028	0.0022562083659263	5.090476190476201e-06											820.0	632.3809523809524	696.0	375.0	408.0	502.0	761.0	780.0	152.14153811187666	23147.04761904761	19133.0	4096.0	762.0	0.0	2.0	16.75	6961.0	14591.0	5666.53038913411	32109566.65098037	18598.0	4096.0	763.0	0.0	1.0	18.25	6965.75	14507.0	5644.654095586684	31862119.858823527	16052023_s_Lm_st_L394_p_D04_pos004_tm_24_ch_Syto9_z_21.tif	16052023_s_Lm_st_L394_p_D04_pos004_tm_24_ch_Syto9_z_21.tif	4095	1858.4779291553132	1848.5	14	380.9	931.25	2765.75	3322.1	1076.8236792649695	1159549.236225746																																																			269.747	267.821	267.697	266.812	267.279	267.499	268.039	268.515	0.6153994637631764	0.3787165000000051																							slice_0021	slice_0001	473730	35669.235967302455	2663.0	6	18.0	115.0	35746.5	117192.39999999998	73303.8722854597	5373457692.042987	23524.749	1772.482873841962	132.482	0.298	0.895	5.7095	1776.88425	5825.7584	3641.3383493106826	13259344.974160643	33503.692	1051.393308719346	13.333	0.0	0.0	0.0	273.333	2016.9329999999968	3906.96404791115	15264368.07167028	80658	6000.026158038148	444.5	1	3.0	19.25	5969.75	19623.2	12405.303231362694	153891548.2620577											21.328	15.75295238095238	17.021	9.292	9.466	11.723	18.497	20.13	3.972360198624875	15.779645547619054	255.0	127.5	127.5	0.0	25.5	63.75	191.25	229.5	74.04503134354572	5482.666666666667	255	127.5	127.5	0	25.5	63.75	191.25	229.5	74.04503134354572	5482.666666666667	3669	1834.5	1834.5	0	366.9	917.25	2751.75	3302.1	1059.5820716993408	1122714.1666666667	20	10.0	10.0	0	2.0	5.0	15.0	18.0	6.2048368229954285	38.5	255.0	127.5	127.5	0.0	25.5	63.75	191.25	229.5	74.04503134354572	5482.666666666667	255.0	127.5	127.5	0.0	25.5	63.75	191.25	229.5	74.04503134354572	5482.666666666667																					L394
16052023--s--Lm--st--L394--p--D04--pos005--tm--24--ch--Syto9--z--21	256.0	128.5	128.5	1.0	26.5	64.75	192.25	230.5	74.04503134354572	5482.666666666667	256.0	128.5	128.5	1.0	26.5	64.75	192.25	230.5	74.04503134354572	5482.666666666667	2958	1479.5	1479.5	1	296.7	740.25	2218.75	2662.3	854.0453735019	729393.5																					0.132	0.1026666666666666	0.115	0.048	0.057	0.089	0.122	0.128	0.0277782888841867	0.0007716333333333																															0.027	0.0239523809523809	0.023	0.021	0.022	0.023	0.025	0.026	0.0016874889770363	2.8476190476190504e-06											976.0	773.5238095238095	845.0	400.0	438.0	685.0	924.0	934.0	192.72561299620224	37143.16190476192	18598.0	4096.0	763.0	0.0	1.0	18.25	6965.75	14507.0	5644.654095586684	31862119.858823527	20918.0	4096.0	148.0	0.0	0.0	1.0	6365.5	16050.0	6348.359472506019	40301667.9921569	16052023_s_Lm_st_L394_p_D04_pos005_tm_24_ch_Syto9_z_21.tif	16052023_s_Lm_st_L394_p_D04_pos005_tm_24_ch_Syto9_z_21.tif	4095	1523.2437457741717	1496.5	18	313.7	757.25	2235.75	2710.3	903.43277723124	816190.7829757514																																																			268.834	267.5582380952381	267.496	266.75	267.033	267.212	267.682	268.291	0.5362797688484993	0.2875959904761997																							slice_0021	slice_0001	376278	44278.36984448952	3630.0	6	12.0	84.0	60355.0	161064.80000000002	74262.22211044897	5514877632.781657	18689.55	2200.5330202839755	180.4795	0.298	0.597	4.176	3000.40575	8006.028	3689.700084494456	13613886.713518394	25508.614	1237.5923668018931	20.0	0.0	0.0	0.0	638.667	3554.511500000002	3460.2156935893618	11973092.64616211	63964	7444.251521298174	605.5	1	2.0	14.0	10093.25	27010.300000000003	12537.461050755528	157187929.59921193											24.055	18.697285714285712	20.998	8.754	10.334	16.274	22.266	23.325	5.068782951980259	25.692560614285703	255.0	127.5	127.5	0.0	25.5	63.75	191.25	229.5	74.04503134354572	5482.666666666667	255	127.5	127.5	0	25.5	63.75	191.25	229.5	74.04503134354572	5482.666666666667	2957	1478.5	1478.5	0	295.7	739.25	2217.75	2661.3	854.0453735019	729393.5	20	10.0	10.0	0	2.0	5.0	15.0	18.0	6.2048368229954285	38.5	255.0	127.5	127.5	0.0	25.5	63.75	191.25	229.5	74.04503134354572	5482.666666666667	255.0	127.5	127.5	0.0	25.5	63.75	191.25	229.5	74.04503134354572	5482.666666666667																					L394
16052023--s--Lm--st--L394--p--D05--pos001--tm--24--ch--Syto9--z--21	256.0	128.5	128.5	1.0	26.5	64.75	192.25	230.5	74.04503134354572	5482.666666666667	256.0	128.5	128.5	1.0	26.5	64.75	192.25	230.5	74.04503134354572	5482.666666666667	2746	1373.5	1373.5	1	275.5	687.25	2059.75	2471.5	792.846244026335	628605.1666666666																					0.146	0.0902857142857142	0.097	0.039	0.05	0.069	0.107	0.118	0.0280448620198831	0.0007865142857142																															0.03	0.0269047619047619	0.027	0.023	0.024	0.026	0.029	0.029	0.0021190743711526	4.490476190476204e-06											1145.0	628.952380952381	670.0	235.0	314.0	435.0	777.0	836.0	236.73307250793596	56042.54761904765	20918.0	4096.0	148.0	0.0	0.0	1.0	6365.5	16050.0	6348.359472506019	40301667.9921569	20165.0	4096.0	355.5	0.0	0.0	4.0	6703.75	15334.5	6053.876941558144	36649426.02352939	16052023_s_Lm_st_L394_p_D05_pos001_tm_24_ch_Syto9_z_21.tif	16052023_s_Lm_st_L394_p_D05_pos001_tm_24_ch_Syto9_z_21.tif	3842	1401.6485797523671	1383.5	11	285.5	697.25	2069.75	2495.5	826.3501151985715	682854.5128886924																																																			269.862	268.60552380952385	268.718	267.01	267.7	268.083	269.198	269.611	0.8213019919035149	0.6745369619046813																							slice_0021	slice_0001	982672	47427.9402767662	2413.0	6	12.0	90.0	37468.5	131675.0	123114.31990498822	15157135765.66778	48797.058	2356.38529206118	119.939	0.298	0.597	4.475	1862.83975	6544.7645	6114.24184032823	37383953.282020345	97199.854	2127.5565684632197	13.333	0.0	0.0	0.0	349.333	2706.6665000000003	9871.436991800923	97445268.28309567	168904	8018.971595047342	402.5	1	2.0	15.0	6265.25	22080.0	21026.152992916337	442099109.6815246											26.625	16.448476190476192	17.716	7.138	9.153	12.557	19.435	21.432	5.100024819734192	26.010253161904775	255.0	127.5	127.5	0.0	25.5	63.75	191.25	229.5	74.04503134354572	5482.666666666667	255	127.5	127.5	0	25.5	63.75	191.25	229.5	74.04503134354572	5482.666666666667	2745	1372.5	1372.5	0	274.5	686.25	2058.75	2470.5	792.846244026335	628605.1666666666	20	10.0	10.0	0	2.0	5.0	15.0	18.0	6.2048368229954285	38.5	255.0	127.5	127.5	0.0	25.5	63.75	191.25	229.5	74.04503134354572	5482.666666666667	255.0	127.5	127.5	0.0	25.5	63.75	191.25	229.5	74.04503134354572	5482.666666666667																					L394
16052023--s--Lm--st--L394--p--D05--pos002--tm--24--ch--Syto9--z--21	256.0	128.5	128.5	1.0	26.5	64.75	192.25	230.5	74.04503134354572	5482.666666666667	256.0	128.5	128.5	1.0	26.5	64.75	192.25	230.5	74.04503134354572	5482.666666666667	2683	1342.0	1342.0	1	269.2	671.5	2012.5	2414.8	774.659710238416	600097.6666666666																					0.154	0.0997619047619047	0.108	0.049	0.061	0.077	0.117	0.128	0.0270793367014496	0.0007332904761904																															0.031	0.0265238095238095	0.026	0.022	0.024	0.025	0.029	0.03	0.0025420276870846	6.461904761904778e-06											1250.0	706.7142857142857	749.0	305.0	382.0	465.0	863.0	972.0	249.1140587877655	62057.814285714274	20165.0	4096.0	355.5	0.0	0.0	4.0	6703.75	15334.5	6053.876941558144	36649426.02352939	23821.0	4096.0	77.0	0.0	0.0	1.0	5192.0	17284.0	6991.279897409455	48877994.60392156	16052023_s_Lm_st_L394_p_D05_pos002_tm_24_ch_Syto9_z_21.tif	16052023_s_Lm_st_L394_p_D05_pos002_tm_24_ch_Syto9_z_21.tif	3979	1385.0928065598212	1351.0	10	278.2	680.5	2021.5	2477.6000000000004	838.2343352871411	702636.8008542752																																																			270.432	268.4917619047619	268.161	266.507	267.29	267.767	269.205	269.843	1.063674522810514	1.1314034904761747																							slice_0021	slice_0001	836032	48580.9325382035	2140.0	6	6.0	60.0	39970.0	151848.80000000013	115163.19006717604	13262560346.448517	41523.181	2413.900815505032	106.366	0.298	0.298	2.983	1987.179	7547.674200000007	5719.83305666307	32716490.1960956	80292.467	2063.657871039881	13.333	0.0	0.0	0.0	394.0	3334.4002	8676.223515011952	75276854.48244634	143529	8207.266492732017	357.0	1	1.0	10.0	6683.0	25471.80000000002	19630.30958159788	385349054.2693734											27.963	18.185285714285715	19.748	8.997	11.15	13.981	21.276	23.36	4.917030345064561	24.17718741428572	255.0	127.5	127.5	0.0	25.5	63.75	191.25	229.5	74.04503134354572	5482.666666666667	255	127.5	127.5	0	25.5	63.75	191.25	229.5	74.04503134354572	5482.666666666667	2682	1341.0	1341.0	0	268.2	670.5	2011.5	2413.8	774.659710238416	600097.6666666666	20	10.0	10.0	0	2.0	5.0	15.0	18.0	6.2048368229954285	38.5	255.0	127.5	127.5	0.0	25.5	63.75	191.25	229.5	74.04503134354572	5482.666666666667	255.0	127.5	127.5	0.0	25.5	63.75	191.25	229.5	74.04503134354572	5482.666666666667																					L394
16052023--s--Lm--st--L394--p--D05--pos003--tm--24--ch--Syto9--z--21	256.0	128.5	128.5	1.0	26.5	64.75	192.25	230.5	74.04503134354572	5482.666666666667	256.0	128.5	128.5	1.0	26.5	64.75	192.25	230.5	74.04503134354572	5482.666666666667	3242	1621.5	1621.5	1	325.1	811.25	2431.75	2917.9	936.0291127951097	876150.5																					0.111	0.0877142857142857	0.091	0.062	0.066	0.079	0.099	0.104	0.0142237226391084	0.0002023142857142																															0.028	0.0241904761904761	0.023	0.022	0.022	0.023	0.026	0.027	0.0020154167712671	4.061904761904757e-06											783.0	658.8571428571429	694.0	486.0	528.0	584.0	725.0	737.0	89.57861670861284	8024.328571428572	23821.0	4096.0	77.0	0.0	0.0	1.0	5192.0	17284.0	6991.279897409455	48877994.60392156	15867.0	4096.0	795.0	0.0	1.5	12.0	7591.75	13742.5	5378.864416198195	28932182.407843143	16052023_s_Lm_st_L394_p_D05_pos003_tm_24_ch_Syto9_z_21.tif	16052023_s_Lm_st_L394_p_D05_pos003_tm_24_ch_Syto9_z_21.tif	4095	1652.706662553979	1634.5	14	338.1	824.25	2444.75	2945.8	969.0644008691102	939085.8130318074																																																			268.871	267.4509523809524	267.158	266.585	266.74	266.922	268.01	268.564	0.7310669241724949	0.5344588476190324																							slice_0021	slice_0001	342420	40411.6181369525	2890.0	6	12.0	102.0	49931.0	165306.0	68351.6192953825	4671943860.300905	17008.015	2008.484630166564	143.655	0.298	0.597	5.071	2482.61425	8218.338899999999	3396.4139969142752	11535628.038435202	26093.438	1088.770544108575	13.333	0.0	0.0	0.0	462.667	3288.9330000000004	3168.7733271551488	10041124.39888991	58344	6792.13325107958	482.5	1	2.0	17.0	8343.5	27708.8	11532.748788732712	133004294.62401588											20.234	15.983619047619047	16.517	11.324	11.984	14.363	18.045	18.862	2.586995254657233	6.692544447619044	255.0	127.5	127.5	0.0	25.5	63.75	191.25	229.5	74.04503134354572	5482.666666666667	255	127.5	127.5	0	25.5	63.75	191.25	229.5	74.04503134354572	5482.666666666667	3241	1620.5	1620.5	0	324.1	810.25	2430.75	2916.9	936.0291127951097	876150.5	20	10.0	10.0	0	2.0	5.0	15.0	18.0	6.2048368229954285	38.5	255.0	127.5	127.5	0.0	25.5	63.75	191.25	229.5	74.04503134354572	5482.666666666667	255.0	127.5	127.5	0.0	25.5	63.75	191.25	229.5	74.04503134354572	5482.666666666667																					L394
16052023--s--Lm--st--L394--p--D05--pos004--tm--24--ch--Syto9--z--21	256.0	128.5	128.5	1.0	26.5	64.75	192.25	230.5	74.04503134354572	5482.666666666667	256.0	128.5	128.5	1.0	26.5	64.75	192.25	230.5	74.04503134354572	5482.666666666667	2937	1469.0	1469.0	1	294.6	735.0	2203.0	2643.4	847.9831955882145	719075.5																					0.092	0.0601904761904761	0.066	0.021	0.037	0.049	0.072	0.08	0.0193122216423151	0.0003729619047619																															0.035	0.0291428571428571	0.03	0.021	0.023	0.029	0.031	0.032	0.0036781206381209	1.3528571428571428e-05											614.0	383.2857142857143	407.0	113.0	208.0	298.0	468.0	518.0	126.67681037077892	16047.014285714284	15867.0	4096.0	795.0	0.0	1.5	12.0	7591.75	13742.5	5378.864416198195	28932182.407843143	16632.0	4096.0	300.0	0.0	1.0	5.0	8371.25	14346.5	5682.21890240969	32287611.654901978	16052023_s_Lm_st_L394_p_D05_pos004_tm_24_ch_Syto9_z_21.tif	16052023_s_Lm_st_L394_p_D05_pos004_tm_24_ch_Syto9_z_21.tif	4095	1515.711270003405	1477.0	9	302.6	743.0	2211.0	2729.4	918.5753024249695	843780.5862251242																																																			271.656	269.6184761904762	269.922	266.549	267.263	269.645	270.392	270.898	1.3396160128576953	1.7945710619047486																							slice_0021	slice_0001	1370438	44212.582226762	1638.0	6	6.0	36.0	36226.0	109427.60000000003	135337.2804422099	18316179477.493378	68078.222	2196.8721137214843	81.439	0.298	0.298	1.79	1801.275	5439.669600000002	6722.610278597866	45193488.95790969	175179.545	2337.412086142322	6.667	0.0	0.0	0.0	358.667	2004.5330000000008	14187.0592016601	201272648.79140845	238198	7497.478719782091	273.0	1	1.0	6.0	6060.0	18335.000000000004	23312.206842148847	543458987.8511316											16.76	10.960857142857142	11.932	3.908	6.826	8.962	13.148	14.572	3.5072097924948022	12.300520528571434	255.0	127.5	127.5	0.0	25.5	63.75	191.25	229.5	74.04503134354572	5482.666666666667	255	127.5	127.5	0	25.5	63.75	191.25	229.5	74.04503134354572	5482.666666666667	2936	1468.0	1468.0	0	293.6	734.0	2202.0	2642.4	847.9831955882145	719075.5	20	10.0	10.0	0	2.0	5.0	15.0	18.0	6.2048368229954285	38.5	255.0	127.5	127.5	0.0	25.5	63.75	191.25	229.5	74.04503134354572	5482.666666666667	255.0	127.5	127.5	0.0	25.5	63.75	191.25	229.5	74.04503134354572	5482.666666666667																					L394
16052023--s--Lm--st--L394--p--D05--pos005--tm--24--ch--Syto9--z--21	256.0	128.5	128.5	1.0	26.5	64.75	192.25	230.5	74.04503134354572	5482.666666666667	256.0	128.5	128.5	1.0	26.5	64.75	192.25	230.5	74.04503134354572	5482.666666666667	3083	1542.0	1542.0	1	309.20000000000005	771.5	2312.5	2774.8	890.129765820692	792331.0																					0.123	0.096047619047619	0.099	0.067	0.072	0.084	0.107	0.116	0.0162587705269377	0.0002643476190476																															0.028	0.0245238095238095	0.024	0.022	0.022	0.023	0.026	0.027	0.0019651729597938	3.861904761904771e-06											855.0	711.5238095238095	712.0	542.0	605.0	660.0	778.0	833.0	92.860981605634	8623.161904761895	16632.0	4096.0	300.0	0.0	1.0	5.0	8371.25	14346.5	5682.21890240969	32287611.654901978	21385.0	4096.0	213.0	0.0	0.0	1.75	5736.5	16552.5	6525.043661487156	42576194.78431371	16052023_s_Lm_st_L394_p_D05_pos005_tm_24_ch_Syto9_z_21.tif	16052023_s_Lm_st_L394_p_D05_pos005_tm_24_ch_Syto9_z_21.tif	3989	1570.536490431398	1556.0	15	323.20000000000005	785.5	2326.5	2805.8	915.9539285198448	838971.5991709369																																																			269.557	267.6428095238095	267.424	266.432	266.779	267.088	268.199	268.398	0.8087467229638824	0.6540712619048188																							slice_0021	slice_0001	339014	42490.281543950696	3202.0	6	12.0	114.0	51872.0	175817.2	71604.23826002225	5127166936.798035	16838.802	2111.8782825170288	159.264	0.298	0.597	5.668	2578.8995	8739.789200000001	3558.2426018094616	12661090.413331766	25093.947	1162.873773272786	16.0	0.0	0.0	0.0	476.0	3734.933000000006	3266.8610032757047	10672380.814723544	57734	7142.424910801167	535.0	1	2.0	19.0	8669.5	29504.800000000003	12080.612493327517	145941198.21394083											22.44	17.50542857142857	17.959	12.279	13.096	15.371	19.574	21.068	2.95047803874946	8.705320657142861	255.0	127.5	127.5	0.0	25.5	63.75	191.25	229.5	74.04503134354572	5482.666666666667	255	127.5	127.5	0	25.5	63.75	191.25	229.5	74.04503134354572	5482.666666666667	3082	1541.0	1541.0	0	308.20000000000005	770.5	2311.5	2773.8	890.129765820692	792331.0	20	10.0	10.0	0	2.0	5.0	15.0	18.0	6.2048368229954285	38.5	255.0	127.5	127.5	0.0	25.5	63.75	191.25	229.5	74.04503134354572	5482.666666666667	255.0	127.5	127.5	0.0	25.5	63.75	191.25	229.5	74.04503134354572	5482.666666666667																					L394
16052023--s--Lm--st--L394--p--D06--pos001--tm--24--ch--Syto9--z--21	256.0	128.5	128.5	1.0	26.5	64.75	192.25	230.5	74.04503134354572	5482.666666666667	256.0	128.5	128.5	1.0	26.5	64.75	192.25	230.5	74.04503134354572	5482.666666666667	3787	1894.0	1894.0	1	379.6	947.5	2840.5	3408.4	1093.3570627506217	1195429.6666666667																					0.162	0.1118095238095238	0.111	0.054	0.064	0.072	0.148	0.16	0.0386220391067315	0.0014916619047619																															0.027	0.0242857142857142	0.024	0.022	0.023	0.023	0.025	0.026	0.0013093073414159	1.7142857142857105e-06											1262.0	842.952380952381	879.0	370.0	499.0	562.0	1115.0	1239.0	300.8984008250087	90539.8476190476	21385.0	4096.0	213.0	0.0	0.0	1.75	5736.5	16552.5	6525.043661487156	42576194.78431371	17878.0	4096.0	779.5	0.0	2.0	22.75	7007.5	14386.0	5616.735269727073	31547715.090196047	16052023_s_Lm_st_L394_p_D06_pos001_tm_24_ch_Syto9_z_21.tif	16052023_s_Lm_st_L394_p_D06_pos001_tm_24_ch_Syto9_z_21.tif	4095	1917.930287826776	1909.0	15	394.6	962.5	2855.5	3429.4	1108.5153105688053	1228806.193765455																																																			268.418	267.45319047619046	267.409	266.73	266.929	267.103	267.738	268.064	0.4423034726347503	0.1956323619047593																							Ch1	Ch1	560300	34547.87800369686	2674.0	6	17.200000000000045	126.0	31387.0	95716.0	80160.75707012025	6425746974.054834	27823.211	1716.4912923158174	132.916	0.298	0.8422000000000031	6.265	1560.3455	4756.929800000001	3980.983901414988	15848232.823325297	38033.018	1080.4994333245313	13.333	0.0	0.0	0.0	233.333	1557.599800000001	4361.999871547079	19027042.879376736	95351	5814.6530235014525	446.0	1	3.0	21.0	5242.5	16030.4	13576.456445595151	184320169.61914212											29.456	20.376952380952385	20.217	9.796	11.723	13.165	26.99	29.196	7.014898726825574	49.208804147619055	255.0	127.5	127.5	0.0	25.5	63.75	191.25	229.5	74.04503134354572	5482.666666666667	255	127.5	127.5	0	25.5	63.75	191.25	229.5	74.04503134354572	5482.666666666667	3786	1893.0	1893.0	0	378.6	946.5	2839.5	3407.4	1093.3570627506217	1195429.6666666667	20	10.0	10.0	0	2.0	5.0	15.0	18.0	6.2048368229954285	38.5	255.0	127.5	127.5	0.0	25.5	63.75	191.25	229.5	74.04503134354572	5482.666666666667	255.0	127.5	127.5	0.0	25.5	63.75	191.25	229.5	74.04503134354572	5482.666666666667																					L394
16052023--s--Lm--st--L394--p--D06--pos002--tm--24--ch--Syto9--z--21	256.0	128.5	128.5	1.0	26.5	64.75	192.25	230.5	74.04503134354572	5482.666666666667	256.0	128.5	128.5	1.0	26.5	64.75	192.25	230.5	74.04503134354572	5482.666666666667	3423	1712.0	1712.0	1	343.20000000000005	856.5	2567.5	3080.8	988.2793127451368	976696.0																					0.091	0.0696190476190476	0.071	0.036	0.052	0.058	0.086	0.089	0.0165302032367306	0.0002732476190476																															0.03	0.0265238095238095	0.027	0.022	0.023	0.024	0.029	0.029	0.0025420276870846	6.461904761904765e-06											650.0	485.7619047619048	495.0	222.0	330.0	406.0	594.0	629.0	127.66514981070787	16298.390476190489	17878.0	4096.0	779.5	0.0	2.0	22.75	7007.5	14386.0	5616.735269727073	31547715.090196047	18696.0	4096.0	300.0	0.0	0.0	3.0	7214.5	15012.0	5936.151909292417	35237899.49019601	16052023_s_Lm_st_L394_p_D06_pos002_tm_24_ch_Syto9_z_21.tif	16052023_s_Lm_st_L394_p_D06_pos002_tm_24_ch_Syto9_z_21.tif	4095	1742.4633362547472	1722.0	11	353.20000000000005	866.5	2577.5	3118.8	1024.3779519931684	1049350.1885297182																																																			269.862	268.13909523809525	268.18	266.169	266.927	267.624	268.686	269.208	0.9261002594083264	0.8576616904761696																							slice_0021	slice_0001	749020	38156.68828513	2650.0	6	12.0	96.0	35992.0	103368.40000000004	94039.69572632584	8843464372.29995	37194.915	1895.907330996202	131.819	0.298	0.597	4.773	1789.155	5138.6312000000025	4670.456349698213	21813162.514436357	61906.326	1384.9640029214138	13.333	0.0	0.0	0.0	293.333	1701.600200000001	6382.327641967561	40734106.12942321	128031	6432.981010809232	442.0	1	2.0	16.0	6015.0	17313.600000000006	15994.796452335882	255833513.5516565											16.656	12.695238095238096	12.922	6.617	9.431	10.577	15.683	16.187	2.9987638437323114	8.992584590476188	255.0	127.5	127.5	0.0	25.5	63.75	191.25	229.5	74.04503134354572	5482.666666666667	255	127.5	127.5	0	25.5	63.75	191.25	229.5	74.04503134354572	5482.666666666667	3422	1711.0	1711.0	0	342.20000000000005	855.5	2566.5	3079.8	988.2793127451368	976696.0	20	10.0	10.0	0	2.0	5.0	15.0	18.0	6.2048368229954285	38.5	255.0	127.5	127.5	0.0	25.5	63.75	191.25	229.5	74.04503134354572	5482.666666666667	255.0	127.5	127.5	0.0	25.5	63.75	191.25	229.5	74.04503134354572	5482.666666666667																					L394
16052023--s--Lm--st--L394--p--D06--pos003--tm--24--ch--Syto9--z--21	256.0	128.5	128.5	1.0	26.5	64.75	192.25	230.5	74.04503134354572	5482.666666666667	256.0	128.5	128.5	1.0	26.5	64.75	192.25	230.5	74.04503134354572	5482.666666666667	4058	2029.5	2029.5	1	406.7000000000001	1015.25	3043.75	3652.3	1171.588024861982	1372618.5																					0.128	0.0799523809523809	0.084	0.027	0.029	0.034	0.115	0.121	0.0374238910196096	0.0014005476190476																															0.025	0.023095238095238	0.023	0.021	0.022	0.022	0.024	0.024	0.0009952267030562	9.904761904761953e-07											940.0	621.6666666666666	675.0	228.0	240.0	287.0	875.0	915.0	274.5879336994496	75398.53333333334	18696.0	4096.0	300.0	0.0	0.0	3.0	7214.5	15012.0	5936.151909292417	35237899.49019601	19134.0	4096.0	296.5	0.0	0.0	2.0	7236.0	15210.5	6021.507835398431	36258556.6117647	16052023_s_Lm_st_L394_p_D06_pos003_tm_24_ch_Syto9_z_21.tif	16052023_s_Lm_st_L394_p_D06_pos003_tm_24_ch_Syto9_z_21.tif	4095	2052.039428289798	2051.5	21	428.7000000000001	1037.25	3065.75	3674.3	1172.4730819302467	1374693.1278510112																																																			267.605	266.9864285714286	267.052	265.189	266.614	266.722	267.339	267.527	0.5477581191939145	0.3000389571428546																							slice_0021	slice_0001	333806	32325.18383440118	4580.0	6	36.0	252.0	43326.0	104470.40000000002	55877.65792733385	3122312655.444135	16578.508	1606.5705515032037	227.6475	0.298	1.79	12.529	2154.2615	5190.7649	2776.290174802081	7707787.134702569	20427.176	746.5785879743717	20.0	0.0	0.0	0.0	329.333	1665.311500000001	2440.312045144674	5955122.87767818	56639	5426.335633316905	764.5	1	6.0	42.0	7239.25	17494.100000000002	9426.226594633505	88853747.81337596											23.273	14.550333333333334	15.301	4.828	5.28	6.218	20.929	22.11	6.81577612112761	46.454804133333326	255.0	127.5	127.5	0.0	25.5	63.75	191.25	229.5	74.04503134354572	5482.666666666667	255	127.5	127.5	0	25.5	63.75	191.25	229.5	74.04503134354572	5482.666666666667	4057	2028.5	2028.5	0	405.7000000000001	1014.25	3042.75	3651.3	1171.588024861982	1372618.5	20	10.0	10.0	0	2.0	5.0	15.0	18.0	6.2048368229954285	38.5	255.0	127.5	127.5	0.0	25.5	63.75	191.25	229.5	74.04503134354572	5482.666666666667	255.0	127.5	127.5	0.0	25.5	63.75	191.25	229.5	74.04503134354572	5482.666666666667																					L394
16052023--s--Lm--st--L394--p--D06--pos004--tm--24--ch--Syto9--z--21	256.0	128.5	128.5	1.0	26.5	64.75	192.25	230.5	74.04503134354572	5482.666666666667	256.0	128.5	128.5	1.0	26.5	64.75	192.25	230.5	74.04503134354572	5482.666666666667	4001	2001.0	2001.0	1	401.0	1001.0	3001.0	3601.0	1155.1335420634275	1334333.5																					0.111	0.0767619047619047	0.083	0.042	0.046	0.048	0.1	0.103	0.0247283334697362	0.0006114904761904																															0.025	0.023047619047619	0.023	0.022	0.022	0.022	0.024	0.024	0.0009734572654303	9.47619047619044e-07											848.0	601.0	662.0	341.0	368.0	391.0	758.0	787.0	181.1248188404891	32806.2	19134.0	4096.0	296.5	0.0	0.0	2.0	7236.0	15210.5	6021.507835398431	36258556.6117647	14129.0	4096.0	1327.0	0.0	0.0	16.75	8362.75	12092.5	4852.96959178847	23551313.858823556	16052023_s_Lm_st_L394_p_D06_pos004_tm_24_ch_Syto9_z_21.tif	16052023_s_Lm_st_L394_p_D06_pos004_tm_24_ch_Syto9_z_21.tif	4095	2022.1422144463884	2020.0	19	420.0	1020.0	3020.0	3620.0	1158.7204958573864	1342633.187519987																																																			268.503	267.2478095238095	267.209	266.527	266.554	267.03	267.492	267.701	0.470075910789709	0.2209713619047744																							slice_0021	slice_0001	314824	32783.03924018995	3790.0	6	30.0	210.0	41742.0	115446.0	56262.157877801765	3165430409.066691	15637.223	1629.257462384404	188.402	0.298	1.492	10.441	2075.556	5737.581	2795.296430923456	7813682.136733408	19390.255	766.3978710322419	13.333	0.0	0.0	0.0	313.333	1928.0	2401.321464846496	5766344.777532522	53469	5503.642839290177	632.0	1	5.0	35.0	6970.0	19339.0	9486.675553014047	89997013.04815438											20.199	13.979714285714286	15.18	7.642	8.371	8.719	18.132	18.827	4.496285668669833	20.216584814285724	255.0	127.5	127.5	0.0	25.5	63.75	191.25	229.5	74.04503134354572	5482.666666666667	255	127.5	127.5	0	25.5	63.75	191.25	229.5	74.04503134354572	5482.666666666667	4000	2000.0	2000.0	0	400.0	1000.0	3000.0	3600.0	1155.1335420634275	1334333.5	20	10.0	10.0	0	2.0	5.0	15.0	18.0	6.2048368229954285	38.5	255.0	127.5	127.5	0.0	25.5	63.75	191.25	229.5	74.04503134354572	5482.666666666667	255.0	127.5	127.5	0.0	25.5	63.75	191.25	229.5	74.04503134354572	5482.666666666667																					L394
16052023--s--Lm--st--L394--p--D06--pos005--tm--24--ch--Syto9--z--21	256.0	128.5	128.5	1.0	26.5	64.75	192.25	230.5	74.04503134354572	5482.666666666667	256.0	128.5	128.5	1.0	26.5	64.75	192.25	230.5	74.04503134354572	5482.666666666667	3638	1819.5	1819.5	1	364.7000000000001	910.25	2728.75	3274.3	1050.3444673058452	1103223.5																					0.11	0.0782380952380952	0.083	0.044	0.047	0.061	0.09	0.099	0.0195956749358238	0.0003839904761904																															0.028	0.0242857142857142	0.024	0.021	0.022	0.023	0.026	0.027	0.002101020160371	4.414285714285713e-06											717.0	579.1904761904761	636.0	349.0	405.0	496.0	657.0	683.0	112.35996575632224	12624.761904761905	14129.0	4096.0	1327.0	0.0	0.0	16.75	8362.75	12092.5	4852.96959178847	23551313.858823556	24220.0	4096.0	99.0	0.0	0.0	1.0	5030.25	17139.0	7010.677294348257	49149596.1254902	16052023_s_Lm_st_L394_p_D06_pos005_tm_24_ch_Syto9_z_21.tif	16052023_s_Lm_st_L394_p_D06_pos005_tm_24_ch_Syto9_z_21.tif	4095	1851.648158328752	1834.5	16	379.7000000000001	925.25	2743.75	3317.3	1079.580153635111	1165493.30812281																																																			269.009	267.7408095238095	267.717	266.384	267.173	267.359	268.047	268.517	0.6510858329780883	0.4239127619047712																							slice_0021	slice_0001	408774	36012.927432655306	2549.0	6	12.0	84.0	40691.0	134122.40000000002	66912.25741058821	4477250191.780817	20302.009	1789.7847795492028	126.717	0.298	0.597	4.176	2023.21275	6667.872700000002	3324.4980611408096	11052287.358529	28338.037	969.0364494227598	13.333	0.0	0.0	0.0	316.0	2386.933200000001	3310.565963612888	10959846.999432128	69594	6052.8009895547	425.5	1	2.0	14.0	6798.5	22474.300000000007	11305.370099058591	127811393.07668808											20.078	14.218809523809522	15.076	8.007	8.562	11.029	16.326	18.011	3.559182822208598	12.66778236190476	255.0	127.5	127.5	0.0	25.5	63.75	191.25	229.5	74.04503134354572	5482.666666666667	255	127.5	127.5	0	25.5	63.75	191.25	229.5	74.04503134354572	5482.666666666667	3637	1818.5	1818.5	0	363.7000000000001	909.25	2727.75	3273.3	1050.3444673058452	1103223.5	20	10.0	10.0	0	2.0	5.0	15.0	18.0	6.2048368229954285	38.5	255.0	127.5	127.5	0.0	25.5	63.75	191.25	229.5	74.04503134354572	5482.666666666667	255.0	127.5	127.5	0.0	25.5	63.75	191.25	229.5	74.04503134354572	5482.666666666667																					L394
16052023--s--Lm--st--L394--p--D07--pos001--tm--24--ch--Syto9--z--21	256.0	128.5	128.5	1.0	26.5	64.75	192.25	230.5	74.04503134354572	5482.666666666667	256.0	128.5	128.5	1.0	26.5	64.75	192.25	230.5	74.04503134354572	5482.666666666667	3970	1985.5	1985.5	1	397.9	993.25	2977.75	3573.1	1146.1846128205816	1313739.1666666667																					0.23	0.1466190476190476	0.148	0.058	0.066	0.091	0.198	0.217	0.0594327150570089	0.0035322476190476																															0.026	0.024047619047619	0.024	0.023	0.023	0.023	0.025	0.026	0.0010712698295103	1.1476190476190477e-06											1731.0	1112.952380952381	1099.0	467.0	504.0	679.0	1547.0	1662.0	458.9803346757327	210662.9476190476	24220.0	4096.0	99.0	0.0	0.0	1.0	5030.25	17139.0	7010.677294348257	49149596.1254902	19310.0	4096.0	660.5	0.0	2.0	20.5	6586.0	14851.5	5880.624020509071	34581738.870588265	16052023_s_Lm_st_L394_p_D07_pos001_tm_24_ch_Syto9_z_21.tif	16052023_s_Lm_st_L394_p_D07_pos001_tm_24_ch_Syto9_z_21.tif	4095	2003.624685138539	1999.5	15	411.9	1007.25	2991.75	3591.1	1153.010967183821	1329434.2904461708																																																			269.271	268.4602857142857	268.438	267.673	267.943	268.194	268.725	268.999	0.4451964895253856	0.1981999142857268																							slice_0021	slice_0001	525066	32978.960201511334	2600.0	6	18.0	132.0	28957.0	89703.79999999997	76999.1161517854	5928863888.15614	26076.045	1638.691038790932	129.2525	0.298	0.895	6.563	1439.69875	4457.880699999999	3824.706891892106	14628382.808886971	32525.527	958.7711967254407	6.667	0.0	0.0	0.0	195.33325	1352.6666999999993	3815.379179078463	14557118.280145446	89196	5546.6098236775815	434.0	1	3.0	22.0	4834.75	15010.899999999994	13021.774791468782	169566618.71973187											41.909	26.70304761904762	26.886	10.577	12.001	16.656	36.004	39.513	10.838798321198666	117.47954904761905	255.0	127.5	127.5	0.0	25.5	63.75	191.25	229.5	74.04503134354572	5482.666666666667	255	127.5	127.5	0	25.5	63.75	191.25	229.5	74.04503134354572	5482.666666666667	3969	1984.5	1984.5	0	396.9	992.25	2976.75	3572.1	1146.1846128205816	1313739.1666666667	20	10.0	10.0	0	2.0	5.0	15.0	18.0	6.2048368229954285	38.5	255.0	127.5	127.5	0.0	25.5	63.75	191.25	229.5	74.04503134354572	5482.666666666667	255.0	127.5	127.5	0.0	25.5	63.75	191.25	229.5	74.04503134354572	5482.666666666667																					L394
16052023--s--Lm--st--L394--p--D07--pos002--tm--24--ch--Syto9--z--21	256.0	128.5	128.5	1.0	26.5	64.75	192.25	230.5	74.04503134354572	5482.666666666667	256.0	128.5	128.5	1.0	26.5	64.75	192.25	230.5	74.04503134354572	5482.666666666667	3271	1636.0	1636.0	1	328.0	818.5	2453.5	2944.0	944.4006917970077	891892.6666666666																					0.165	0.1122380952380952	0.112	0.057	0.069	0.086	0.142	0.155	0.0335572715844193	0.0011260904761904																															0.031	0.0257619047619047	0.025	0.023	0.024	0.024	0.026	0.029	0.002233937373893	4.9904761904762e-06											1185.0	811.5238095238095	800.0	335.0	426.0	632.0	1043.0	1108.0	268.7734397308668	72239.16190476189	19310.0	4096.0	660.5	0.0	2.0	20.5	6586.0	14851.5	5880.624020509071	34581738.870588265	21833.0	4096.0	341.5	0.0	0.0	8.0	5879.5	16305.0	6412.010291968789	41113875.98431368	16052023_s_Lm_st_L394_p_D07_pos002_tm_24_ch_Syto9_z_21.tif	16052023_s_Lm_st_L394_p_D07_pos002_tm_24_ch_Syto9_z_21.tif	4095	1661.740446346683	1645.0	10	337.0	827.5	2462.5	2968.0	974.4100526236948	949474.9506541118																																																			270.459	269.20009523809523	268.997	267.834	268.492	268.773	269.635	270.183	0.6934022573342109	0.4808066904761793																							slice_0021	slice_0001	763150	39911.31641699786	2240.0	6	12.0	96.0	30051.0	103880.0	103272.96942542533	10665306213.94483	37899.091	1983.0628018954449	111.305	0.298	0.597	4.773	1494.0990000000002	5163.073	5129.416608685931	26310914.74546308	60222.432	1509.6020693977378	13.333	0.0	0.0	0.0	248.0	1777.333	6656.265846204063	44305875.01534268	130316	6731.915622133904	374.0	1	2.0	16.0	5022.0	17416.0	17547.747485709806	307923441.82223487											29.96	20.426666666666662	20.338	10.317	12.575	15.631	25.774	28.154	6.123109319074202	37.492467733333335	255.0	127.5	127.5	0.0	25.5	63.75	191.25	229.5	74.04503134354572	5482.666666666667	255	127.5	127.5	0	25.5	63.75	191.25	229.5	74.04503134354572	5482.666666666667	3270	1635.0	1635.0	0	327.0	817.5	2452.5	2943.0	944.4006917970077	891892.6666666666	20	10.0	10.0	0	2.0	5.0	15.0	18.0	6.2048368229954285	38.5	255.0	127.5	127.5	0.0	25.5	63.75	191.25	229.5	74.04503134354572	5482.666666666667	255.0	127.5	127.5	0.0	25.5	63.75	191.25	229.5	74.04503134354572	5482.666666666667																					L394
16052023--s--Lm--st--L394--p--D07--pos003--tm--24--ch--Syto9--z--21	256.0	128.5	128.5	1.0	26.5	64.75	192.25	230.5	74.04503134354572	5482.666666666667	256.0	128.5	128.5	1.0	26.5	64.75	192.25	230.5	74.04503134354572	5482.666666666667	4080	2040.5	2040.5	1	408.9	1020.75	3060.25	3672.1	1177.938877871004	1387540.0																					0.142	0.0922857142857142	0.1	0.029	0.035	0.068	0.127	0.132	0.0377467122503972	0.0014248142857142																															0.025	0.0232380952380952	0.024	0.021	0.022	0.022	0.024	0.025	0.0013380867649282	1.7904761904761916e-06											1053.0	714.5238095238095	789.0	247.0	282.0	492.0	968.0	990.0	277.31365257549413	76902.86190476186	21833.0	4096.0	341.5	0.0	0.0	8.0	5879.5	16305.0	6412.010291968789	41113875.98431368	15770.0	4096.0	1655.5	10.0	37.0	177.75	6941.0	12924.5	4927.286423381457	24278151.498039234	16052023_s_Lm_st_L394_p_D07_pos003_tm_24_ch_Syto9_z_21.tif	16052023_s_Lm_st_L394_p_D07_pos003_tm_24_ch_Syto9_z_21.tif	4095	2055.5	2055.5	16	423.9	1035.75	3075.25	3687.1	1177.938877871004	1387540.0																																																			268.842	268.2918571428571	268.314	267.749	267.975	268.105	268.42	268.652	0.2755391597784792	0.0759218285714303																							slice_0021	slice_0001	454164	32128.70637254902	5499.0	6	108.0	510.0	36604.5	88330.59999999999	64771.943923381565	4195404719.613686	22561.171	1596.6947696078432	273.355	0.298	5.37	25.357	1819.66475	4391.0272	3217.885090517864	10354784.455777165	27254.771	807.9318088235293	20.0	0.0	0.0	0.0	240.0	1278.8003	3151.4045998513307	9931350.951964123	77103	5397.052941176471	918.0	1	18.0	85.0	6115.75	14782.399999999998	10948.652731706788	119872996.63951053											25.774	16.81647619047619	18.289	5.297	6.339	12.436	23.186	24.072	6.867854611296366	47.16742696190476	255.0	127.5	127.5	0.0	25.5	63.75	191.25	229.5	74.04503134354572	5482.666666666667	255	127.5	127.5	0	25.5	63.75	191.25	229.5	74.04503134354572	5482.666666666667	4079	2039.5	2039.5	0	407.9	1019.75	3059.25	3671.1	1177.938877871004	1387540.0	20	10.0	10.0	0	2.0	5.0	15.0	18.0	6.2048368229954285	38.5	255.0	127.5	127.5	0.0	25.5	63.75	191.25	229.5	74.04503134354572	5482.666666666667	255.0	127.5	127.5	0.0	25.5	63.75	191.25	229.5	74.04503134354572	5482.666666666667																					L394
16052023--s--Lm--st--L394--p--D07--pos004--tm--24--ch--Syto9--z--21	256.0	128.5	128.5	1.0	26.5	64.75	192.25	230.5	74.04503134354572	5482.666666666667	256.0	128.5	128.5	1.0	26.5	64.75	192.25	230.5	74.04503134354572	5482.666666666667	4072	2036.5	2036.5	1	408.1	1018.75	3054.25	3664.9	1175.629476776874	1382104.6666666667																					0.262	0.1425238095238095	0.158	0.021	0.027	0.045	0.225	0.244	0.0880350038607479	0.0077501619047619																															0.024	0.0228571428571428	0.023	0.021	0.022	0.022	0.023	0.024	0.0009102589898328	8.285714285714299e-07											2025.0	1119.142857142857	1269.0	183.0	232.0	381.0	1704.0	1914.0	678.0761967297101	459787.3285714285	15770.0	4096.0	1655.5	10.0	37.0	177.75	6941.0	12924.5	4927.286423381457	24278151.498039234	18555.0	4096.0	924.5	0.0	2.0	29.25	6709.75	14364.0	5617.196191248833	31552893.0509804	16052023_s_Lm_st_L394_p_D07_pos004_tm_24_ch_Syto9_z_21.tif	16052023_s_Lm_st_L394_p_D07_pos004_tm_24_ch_Syto9_z_21.tif	4095	2058.5014734774068	2058.5	21	430.1	1040.75	3076.25	3686.9	1175.63372521221	1382114.6558563383																																																			269.94	268.27366666666666	268.143	267.313	267.843	267.902	268.402	268.907	0.5748529667082977	0.3304559333333312																							slice_0021	slice_0001	252714	32248.798133595286	5327.0	6	66.0	414.0	42828.0	110492.4	51863.93856146445	2689868123.1073594	12556.676	1602.8274503929272	264.8845	0.298	3.281	20.584	2129.50175	5492.5102	2577.129239724903	6641595.118245057	11916.921	637.3221962180746	20.0	0.0	0.0	0.0	306.667	1737.0664000000004	1744.707966801087	3044005.8894191827	42694	5407.680746561886	888.5	1	11.0	69.0	7154.25	18497.2	8723.931246561713	76106976.39473581											47.728	25.945571428571427	28.831	3.856	4.933	8.285	40.902	44.358	16.025667863060896	256.82203045714283	255.0	127.5	127.5	0.0	25.5	63.75	191.25	229.5	74.04503134354572	5482.666666666667	255	127.5	127.5	0	25.5	63.75	191.25	229.5	74.04503134354572	5482.666666666667	4071	2035.5	2035.5	0	407.1	1017.75	3053.25	3663.9	1175.629476776874	1382104.6666666667	20	10.0	10.0	0	2.0	5.0	15.0	18.0	6.2048368229954285	38.5	255.0	127.5	127.5	0.0	25.5	63.75	191.25	229.5	74.04503134354572	5482.666666666667	255.0	127.5	127.5	0.0	25.5	63.75	191.25	229.5	74.04503134354572	5482.666666666667																					L394
16052023--s--Lm--st--L394--p--D07--pos005--tm--24--ch--Syto9--z--21	256.0	128.5	128.5	1.0	26.5	64.75	192.25	230.5	74.04503134354572	5482.666666666667	256.0	128.5	128.5	1.0	26.5	64.75	192.25	230.5	74.04503134354572	5482.666666666667	2910	1455.5	1455.5	1	291.90000000000003	728.25	2182.75	2619.1	840.1889668401984	705917.5																					0.162	0.1123333333333333	0.117	0.062	0.068	0.095	0.135	0.139	0.0297579121131394	0.0008855333333333																															0.028	0.0246666666666666	0.024	0.021	0.022	0.023	0.027	0.027	0.0021984843263788	4.833333333333335e-06											1105.0	823.4761904761905	836.0	487.0	532.0	627.0	1026.0	1051.0	211.1339904060024	44577.56190476191	18555.0	4096.0	924.5	0.0	2.0	29.25	6709.75	14364.0	5617.196191248833	31552893.0509804	23812.0	4096.0	119.0	0.0	0.0	1.0	5410.0	16844.0	6805.306574183668	46312197.56862745	16052023_s_Lm_st_L394_p_D07_pos005_tm_24_ch_Syto9_z_21.tif	16052023_s_Lm_st_L394_p_D07_pos005_tm_24_ch_Syto9_z_21.tif	3921	1481.6769759450171	1465.5	11	301.90000000000003	738.25	2192.75	2633.1	870.3560483284655	757519.6508619421																																																			270.628	269.07095238095235	269.061	267.595	268.28	268.438	269.716	270.166	0.8158114044428986	0.6655482476190946																							slice_0021	slice_0001	502764	44975.23780068728	3513.0	6	12.0	102.0	53037.5	150216.0	84402.37223022335	7123760438.089179	24977.019	2235.1232883161515	174.6135	0.298	0.597	5.071	2636.2645	7467.5868	4193.337781899657	17584081.753107134	35866.134	1358.700159450172	20.0	0.0	0.0	0.0	509.333	3011.2002999999995	4474.529658730522	20021415.66685908	85656	7567.043298969073	586.0	1	2.0	17.0	8864.5	25186.4	14280.788900886218	203940931.631675											29.526	20.464666666666663	21.328	11.272	12.47	17.264	24.628	25.392	5.421543169000255	29.39313033333333	255.0	127.5	127.5	0.0	25.5	63.75	191.25	229.5	74.04503134354572	5482.666666666667	255	127.5	127.5	0	25.5	63.75	191.25	229.5	74.04503134354572	5482.666666666667	2909	1454.5	1454.5	0	290.90000000000003	727.25	2181.75	2618.1	840.1889668401984	705917.5	20	10.0	10.0	0	2.0	5.0	15.0	18.0	6.2048368229954285	38.5	255.0	127.5	127.5	0.0	25.5	63.75	191.25	229.5	74.04503134354572	5482.666666666667	255.0	127.5	127.5	0.0	25.5	63.75	191.25	229.5	74.04503134354572	5482.666666666667																					L394
16052023--s--Lm--st--L394--p--D08--pos001--tm--24--ch--Syto9--z--21	256.0	128.5	128.5	1.0	26.5	64.75	192.25	230.5	74.04503134354572	5482.666666666667	256.0	128.5	128.5	1.0	26.5	64.75	192.25	230.5	74.04503134354572	5482.666666666667	4082	2041.5	2041.5	1	409.1	1021.25	3061.75	3673.9	1178.5162281445257	1388900.5																					0.254	0.1697619047619047	0.19	0.034	0.076	0.111	0.23	0.248	0.0709174906224865	0.0050292904761904																															0.025	0.0234761904761904	0.024	0.022	0.022	0.023	0.024	0.024	0.0009283882603225	8.61904761904757e-07											1969.0	1311.4761904761904	1491.0	283.0	618.0	873.0	1753.0	1884.0	540.3954680646034	292027.26190476184	23812.0	4096.0	119.0	0.0	0.0	1.0	5410.0	16844.0	6805.306574183668	46312197.56862745	12517.0	4096.0	2335.5	2.0	148.5	473.5	7277.75	11346.0	4185.521382004362	17518589.2392157	16052023_s_Lm_st_L394_p_D08_pos001_tm_24_ch_Syto9_z_21.tif	16052023_s_Lm_st_L394_p_D08_pos001_tm_24_ch_Syto9_z_21.tif	4095	2054.5	2054.5	14	422.1	1034.25	3074.75	3686.9	1178.5162281445257	1388900.5																																																			269.126	268.5319523809524	268.541	267.954	268.18	268.354	268.7	268.89	0.2855861474564984	0.0815594476190448																							Ch1	Ch1	514326	32076.262616364525	5518.0	12	232.20000000000005	822.0	27789.0	73378.0	75333.2833213456	5675103575.974128	25544.394	1593.704082312592	274.31600000000003	0.597	11.515200000000004	40.869	1381.587	3646.2042	3741.7207609369057	14000474.252826257	30535.273	920.1865220480156	20.0	0.0	0.0	0.0	193.333	1073.200300000001	3701.0101646184016	13697476.23860873	87271	5394.40862322391	920.5	2	39.0	137.0	4639.5	12281.7	12739.975630549558	162306979.06699657											46.217	30.90952380952381	34.649	6.114	13.808	20.164	41.961	45.209	12.92980739461748	167.1799192619048	255.0	127.5	127.5	0.0	25.5	63.75	191.25	229.5	74.04503134354572	5482.666666666667	255	127.5	127.5	0	25.5	63.75	191.25	229.5	74.04503134354572	5482.666666666667	4081	2040.5	2040.5	0	408.1	1020.25	3060.75	3672.9	1178.5162281445257	1388900.5	20	10.0	10.0	0	2.0	5.0	15.0	18.0	6.2048368229954285	38.5	255.0	127.5	127.5	0.0	25.5	63.75	191.25	229.5	74.04503134354572	5482.666666666667	255.0	127.5	127.5	0.0	25.5	63.75	191.25	229.5	74.04503134354572	5482.666666666667																					L394
16052023--s--Lm--st--L394--p--D08--pos002--tm--24--ch--Syto9--z--21	256.0	128.5	128.5	1.0	26.5	64.75	192.25	230.5	74.04503134354572	5482.666666666667	256.0	128.5	128.5	1.0	26.5	64.75	192.25	230.5	74.04503134354572	5482.666666666667	3065	1533.0	1533.0	1	307.40000000000003	767.0	2299.0	2758.6	884.9336133292711	783107.5																					0.172	0.1232380952380952	0.123	0.051	0.074	0.097	0.16	0.166	0.0383287160780331	0.0014690904761904																															0.03	0.0256190476190476	0.026	0.022	0.023	0.024	0.027	0.028	0.0020365704131257	4.147619047619048e-06											1241.0	892.3809523809524	898.0	330.0	463.0	722.0	1174.0	1237.0	297.53444778554234	88526.74761904763	12517.0	4096.0	2335.5	2.0	148.5	473.5	7277.75	11346.0	4185.521382004362	17518589.2392157	21946.0	4096.0	208.0	0.0	0.0	4.0	5147.25	16809.5	6709.730623738723	45020485.04313723	16052023_s_Lm_st_L394_p_D08_pos002_tm_24_ch_Syto9_z_21.tif	16052023_s_Lm_st_L394_p_D08_pos002_tm_24_ch_Syto9_z_21.tif	4095	1558.931484502447	1542.0	10	316.40000000000003	776.0	2308.0	2785.6	915.9043579731594	838880.7929542254																																																			270.62	269.32914285714287	269.193	268.629	268.802	268.939	269.589	269.881	0.4846829154936436	0.2349175285714184																							slice_0021	slice_0001	755290	42584.14290375204	2194.0	6	12.0	90.0	33176.0	117671.59999999998	104867.48796481862	10997190032.051378	37499.761	2115.830175856444	109.051	0.298	0.597	4.475	1649.212	5848.1342	5208.58625191608	27129370.7436492	63906.641	1638.60380228385	13.333	0.0	0.0	0.0	306.667	2150.1334	6966.8028559629975	48536342.03385417	129149	7184.370636215334	366.0	1	2.0	15.0	5545.0	19721.2	17826.913137392687	317798832.008144											31.28	22.43885714285714	22.422	9.275	13.443	17.681	29.109	30.273	6.968241035481727	48.556383128571454	255.0	127.5	127.5	0.0	25.5	63.75	191.25	229.5	74.04503134354572	5482.666666666667	255	127.5	127.5	0	25.5	63.75	191.25	229.5	74.04503134354572	5482.666666666667	3064	1532.0	1532.0	0	306.40000000000003	766.0	2298.0	2757.6	884.9336133292711	783107.5	20	10.0	10.0	0	2.0	5.0	15.0	18.0	6.2048368229954285	38.5	255.0	127.5	127.5	0.0	25.5	63.75	191.25	229.5	74.04503134354572	5482.666666666667	255.0	127.5	127.5	0.0	25.5	63.75	191.25	229.5	74.04503134354572	5482.666666666667																					L394
16052023--s--Lm--st--L394--p--D08--pos003--tm--24--ch--Syto9--z--21	256.0	128.5	128.5	1.0	26.5	64.75	192.25	230.5	74.04503134354572	5482.666666666667	256.0	128.5	128.5	1.0	26.5	64.75	192.25	230.5	74.04503134354572	5482.666666666667	4061	2031.0	2031.0	1	407.0	1016.0	3046.0	3655.0	1172.4540502723337	1374648.5																					0.463	0.2164285714285714	0.225	0.005	0.01	0.03	0.385	0.427	0.174667561793417	0.0305087571428571																															0.024	0.0231428571428571	0.023	0.021	0.023	0.023	0.024	0.024	0.0007270291799999	5.285714285714292e-07											3570.0	1681.857142857143	1753.0	41.0	79.0	237.0	2981.0	3318.0	1346.9844574349877	1814367.1285714284	21946.0	4096.0	208.0	0.0	0.0	4.0	5147.25	16809.5	6709.730623738723	45020485.04313723	13070.0	4096.0	2494.5	7.0	255.5	687.25	6823.25	11031.0	4010.936042528588	16087607.937254887	16052023_s_Lm_st_L394_p_D08_pos003_tm_24_ch_Syto9_z_21.tif	16052023_s_Lm_st_L394_p_D08_pos003_tm_24_ch_Syto9_z_21.tif	4095	2064.999261265698	2065.0	34	441.0	1050.0	3080.0	3689.0	1172.455329324138	1374651.4992605732																																																			270.189	268.6105238095238	268.48	267.144	267.99	268.128	268.93	269.387	0.705457909378518	0.4976708619047094																							slice_0021	slice_0001	245294	32334.36197980793	11944.0	6	880.0	2472.0	47800.0	82304.0	45971.42302622511	2113371735.05614	12183.719	1607.0837436591971	593.809	0.298	43.72	122.905	2376.332	4090.535	2284.184144272104	5217497.204944083	53937.028	576.4798470819995	40.0	0.0	0.0	6.667	348.0	1190.667	1765.5611002230698	3117205.9986208966	41415	5421.536074858409	1993.0	1	147.0	412.0	7983.0	13776.0	7742.297374453786	59943168.63447398											84.27	39.40585714285714	40.919	0.903	1.789	5.419	70.063	77.827	31.805846030699627	1011.6118417285712	255.0	127.5	127.5	0.0	25.5	63.75	191.25	229.5	74.04503134354572	5482.666666666667	255	127.5	127.5	0	25.5	63.75	191.25	229.5	74.04503134354572	5482.666666666667	4060	2030.0	2030.0	0	406.0	1015.0	3045.0	3654.0	1172.4540502723337	1374648.5	20	10.0	10.0	0	2.0	5.0	15.0	18.0	6.2048368229954285	38.5	255.0	127.5	127.5	0.0	25.5	63.75	191.25	229.5	74.04503134354572	5482.666666666667	255.0	127.5	127.5	0.0	25.5	63.75	191.25	229.5	74.04503134354572	5482.666666666667																					L394
16052023--s--Lm--st--L394--p--D08--pos004--tm--24--ch--Syto9--z--21	256.0	128.5	128.5	1.0	26.5	64.75	192.25	230.5	74.04503134354572	5482.666666666667	256.0	128.5	128.5	1.0	26.5	64.75	192.25	230.5	74.04503134354572	5482.666666666667	4046	2023.5	2023.5	1	405.5	1012.25	3034.75	3641.5	1168.1239232204775	1364513.5																					0.589	0.2471134047619047	0.166	0.0003815	0.002	0.016	0.543	0.566	0.2407834519302364	0.0579766707234404																															0.027	0.0233809523809523	0.024	0.019	0.021	0.023	0.024	0.024	0.0016874889770363	2.8476190476190488e-06											4551.0	1905.904761904762	1230.0	3.0	20.0	117.0	4180.0	4401.0	1866.913787638891	3485367.09047619	13070.0	4096.0	2494.5	7.0	255.5	687.25	6823.25	11031.0	4010.936042528588	16087607.937254887	11082.0	4096.0	3066.0	14.0	244.0	819.25	6962.5	9841.5	3549.1281061305035	12596310.313725494	16052023_s_Lm_st_L394_p_D08_pos004_tm_24_ch_Syto9_z_21.tif	16052023_s_Lm_st_L394_p_D08_pos004_tm_24_ch_Syto9_z_21.tif	4095	2072.498764211567	2072.5	49	454.5	1061.25	3083.75	3690.5	1168.1260618144806	1364518.4962902078																																																			269.894	268.5429523809524	268.463	266.833	267.705	268.096	269.092	269.59	0.7422136131997625	0.5508810476190468																							slice_0021	slice_0001	193462	32488.657439446368	15182.0	6	810.0	2792.0	54332.5	77662.0	39668.62619666928	1573599904.3310764	9613.52	1614.8658277310926	754.6690000000001	0.298	40.272	138.82274999999998	2701.24075	3860.549	1971.25765879728	3885856.757366933	32391.707	503.0651905585764	66.667	0.0	0.0	6.667	438.00025	1107.3335	1266.742276168229	1604635.9942318655	32612	5442.094414236282	2533.0	1	135.0	465.5	9072.75	13011.0	6666.666776100951	44444445.90356825											107.179	45.0	30.203	0.069	0.417	2.831	98.981	103.097	43.83476725956236	1921.4868207	255.0	127.5	127.5	0.0	25.5	63.75	191.25	229.5	74.04503134354572	5482.666666666667	255	127.5	127.5	0	25.5	63.75	191.25	229.5	74.04503134354572	5482.666666666667	4045	2022.5	2022.5	0	404.5	1011.25	3033.75	3640.5	1168.1239232204775	1364513.5	20	10.0	10.0	0	2.0	5.0	15.0	18.0	6.2048368229954285	38.5	255.0	127.5	127.5	0.0	25.5	63.75	191.25	229.5	74.04503134354572	5482.666666666667	255.0	127.5	127.5	0.0	25.5	63.75	191.25	229.5	74.04503134354572	5482.666666666667																					L394
16052023--s--Lm--st--L394--p--D08--pos005--tm--24--ch--Syto9--z--21	256.0	128.5	128.5	1.0	26.5	64.75	192.25	230.5	74.04503134354572	5482.666666666667	256.0	128.5	128.5	1.0	26.5	64.75	192.25	230.5	74.04503134354572	5482.666666666667	2879	1440.0	1440.0	1	288.8	720.5	2159.5	2591.2000000000003	831.2400375342853	690960.0																					0.193	0.1368571428571428	0.137	0.054	0.073	0.115	0.179	0.182	0.042480920086888	0.0018046285714285																															0.028	0.025	0.025	0.023	0.023	0.024	0.026	0.027	0.0015165750888103	2.300000000000005e-06											1474.0	1007.904761904762	1061.0	362.0	494.0	829.0	1282.0	1367.0	335.2385575619105	112384.89047619035	11082.0	4096.0	3066.0	14.0	244.0	819.25	6962.5	9841.5	3549.1281061305035	12596310.313725494	31348.0	4096.0	7.5	0.0	0.0	0.0	2699.25	18451.0	8313.608037192898	69116078.59607835	16052023_s_Lm_st_L394_p_D08_pos005_tm_24_ch_Syto9_z_21.tif	16052023_s_Lm_st_L394_p_D08_pos005_tm_24_ch_Syto9_z_21.tif	4095	1472.8846821813129	1449.0	10	297.8	729.5	2168.5	2626.4000000000005	875.3622444277527	766259.0589695926																																																			269.996	268.9824761904762	268.885	267.911	268.272	268.514	269.521	269.865	0.6332840294092112	0.4010486619047667																							slice_0021	slice_0001	663282	45371.8909343522	2176.0	6	12.0	60.0	39556.0	138758.0000000001	101759.37381940465	10354970160.117336	32939.437	2254.384857936784	108.156	0.298	0.597	2.983	1966.353	6896.718400000004	5054.405086985811	25547010.783348043	51744.994	1639.2925609586662	13.333	0.0	0.0	0.0	384.6665	2804.000000000005	6186.070868525413	38267472.79041876	113212	7648.522403612365	363.0	1	2.0	10.0	6613.0	23273.00000000001	17266.157369549368	298120190.310044											35.205	24.914142857142856	24.958	9.882	13.235	20.859	32.513	33.138	7.7239795849401	59.65986062857144	255.0	127.5	127.5	0.0	25.5	63.75	191.25	229.5	74.04503134354572	5482.666666666667	255	127.5	127.5	0	25.5	63.75	191.25	229.5	74.04503134354572	5482.666666666667	2878	1439.0	1439.0	0	287.8	719.5	2158.5	2590.2000000000003	831.2400375342853	690960.0	20	10.0	10.0	0	2.0	5.0	15.0	18.0	6.2048368229954285	38.5	255.0	127.5	127.5	0.0	25.5	63.75	191.25	229.5	74.04503134354572	5482.666666666667	255.0	127.5	127.5	0.0	25.5	63.75	191.25	229.5	74.04503134354572	5482.666666666667																					L394
16052023--s--Lm--st--L455--p--F03--pos001--tm--24--ch--Syto9--z--21	256.0	128.5	128.5	1.0	26.5	64.75	192.25	230.5	74.04503134354572	5482.666666666667	256.0	128.5	128.5	1.0	26.5	64.75	192.25	230.5	74.04503134354572	5482.666666666667	4084	2042.5	2042.5	1	409.3	1021.75	3063.25	3675.7	1179.0935784180435	1390261.6666666667																					0.267	0.1600952380952381	0.155	0.033	0.057	0.08	0.239	0.266	0.0838676962613763	0.0070337904761904																															0.025	0.0233809523809523	0.024	0.021	0.022	0.023	0.024	0.024	0.0009206622874969	8.47619047619047e-07											2088.0	1237.190476190476	1188.0	287.0	423.0	596.0	1801.0	2070.0	645.6851879242406	416909.3619047618	31348.0	4096.0	7.5	0.0	0.0	0.0	2699.25	18451.0	8313.608037192898	69116078.59607835	12968.0	4096.0	1256.0	9.0	22.5	83.75	8760.0	12103.0	4812.3960914679965	23159156.14117645	16052023_s_Lm_st_L455_p_F03_pos001_tm_24_ch_Syto9_z_21.tif	16052023_s_Lm_st_L455_p_F03_pos001_tm_24_ch_Syto9_z_21.tif	4095	2053.5	2053.5	12	420.3	1032.75	3074.25	3686.7	1179.0935784180435	1390261.6666666667																																																			270.47	269.1514761904762	269.09	268.081	268.506	268.822	269.434	269.743	0.5600542490730098	0.3136607619047329																							slice_0021	slice_0001	645102	32029.82125367287	4024.0	12	90.0	366.0	24805.5	63562.00000000001	86956.1990855889	7561380559.412572	32045.642	1591.3589865328108	200.036	0.597	4.475	18.197	1233.10525	3158.8443	4319.118358666055	18654783.39616616	40922.553	1015.487375122429	13.333	0.0	0.0	0.0	160.0	819.6001000000003	4621.318640755788	21356585.97939692	109635	5391.768854064642	671.5	2	15.0	61.0	4141.25	10630.7	14725.990787780707	216854804.68180227											48.596	29.143666666666668	28.223	6.027	10.404	14.485	43.49	48.422	15.271558084666191	233.22048633333333	255.0	127.5	127.5	0.0	25.5	63.75	191.25	229.5	74.04503134354572	5482.666666666667	255	127.5	127.5	0	25.5	63.75	191.25	229.5	74.04503134354572	5482.666666666667	4083	2041.5	2041.5	0	408.3	1020.75	3062.25	3674.7	1179.0935784180435	1390261.6666666667	20	10.0	10.0	0	2.0	5.0	15.0	18.0	6.2048368229954285	38.5	255.0	127.5	127.5	0.0	25.5	63.75	191.25	229.5	74.04503134354572	5482.666666666667	255.0	127.5	127.5	0.0	25.5	63.75	191.25	229.5	74.04503134354572	5482.666666666667																					L455
16052023--s--Lm--st--L455--p--F03--pos002--tm--24--ch--Syto9--z--21	256.0	128.5	128.5	1.0	26.5	64.75	192.25	230.5	74.04503134354572	5482.666666666667	256.0	128.5	128.5	1.0	26.5	64.75	192.25	230.5	74.04503134354572	5482.666666666667	4085	2043.0	2043.0	1	409.4	1022.0	3064.0	3676.6	1179.3822535548006	1390942.5																					0.282	0.1334761904761904	0.107	0.017	0.02	0.055	0.218	0.271	0.0953580720482639	0.0090931619047619																															0.025	0.0235238095238095	0.024	0.02	0.021	0.024	0.024	0.025	0.0014359334113755	2.061904761904762e-06											2135.0	1018.2857142857144	823.0	161.0	177.0	403.0	1675.0	2069.0	718.4232835075115	516132.0142857143	12968.0	4096.0	1256.0	9.0	22.5	83.75	8760.0	12103.0	4812.3960914679965	23159156.14117645	13897.0	4096.0	987.5	2.0	9.5	47.75	8869.5	12642.5	5016.230580746432	25162569.239215683	16052023_s_Lm_st_L455_p_F03_pos002_tm_24_ch_Syto9_z_21.tif	16052023_s_Lm_st_L455_p_F03_pos002_tm_24_ch_Syto9_z_21.tif	4095	2053.0	2053.0	11	419.4	1032.0	3074.0	3686.6	1179.3822535548006	1390942.5																																																			270.395	269.1930952380952	269.299	267.405	268.692	268.86	269.482	269.979	0.6710967072458203	0.4503707904761822																							slice_0021	slice_0001	579608	32048.401468788248	4982.0	6	138.0	516.0	30340.0	70705.2	77172.07834728924	5955529676.440147	28781.628	1592.4571209302326	247.634	0.298	6.861	25.655	1508.63	3514.4192	3833.053971185022	14692302.746017268	38188.711	927.3388567931456	20.0	0.0	0.0	0.0	202.667	898.3999999999996	4088.7879703971953	16718187.066864816	98586	5390.382864137087	831.0	1	23.0	86.0	5068.0	11829.0	13065.79371988766	170714965.53065583											51.271	24.32119047619048	19.418	3.178	3.665	9.952	39.79	49.36	17.34366230534672	300.8026221619047	255.0	127.5	127.5	0.0	25.5	63.75	191.25	229.5	74.04503134354572	5482.666666666667	255	127.5	127.5	0	25.5	63.75	191.25	229.5	74.04503134354572	5482.666666666667	4084	2042.0	2042.0	0	408.4	1021.0	3063.0	3675.6	1179.3822535548006	1390942.5	20	10.0	10.0	0	2.0	5.0	15.0	18.0	6.2048368229954285	38.5	255.0	127.5	127.5	0.0	25.5	63.75	191.25	229.5	74.04503134354572	5482.666666666667	255.0	127.5	127.5	0.0	25.5	63.75	191.25	229.5	74.04503134354572	5482.666666666667																					L455
16052023--s--Lm--st--L455--p--F03--pos003--tm--24--ch--Syto9--z--21	256.0	128.5	128.5	1.0	26.5	64.75	192.25	230.5	74.04503134354572	5482.666666666667	256.0	128.5	128.5	1.0	26.5	64.75	192.25	230.5	74.04503134354572	5482.666666666667	4079	2040.0	2040.0	1	408.8	1020.5	3059.5	3671.2	1177.6502027342417	1386860.0																					0.539	0.2915238095238095	0.313	0.019	0.033	0.192	0.44	0.496	0.1724875702906209	0.0297519619047619																															0.025	0.0234761904761904	0.024	0.021	0.022	0.023	0.024	0.024	0.0009283882603225	8.619047619047638e-07											4040.0	2233.5238095238096	2411.0	170.0	256.0	1432.0	3263.0	3777.0	1304.002094286954	1700421.4619047616	13897.0	4096.0	987.5	2.0	9.5	47.75	8869.5	12642.5	5016.230580746432	25162569.239215683	13054.0	4096.0	1418.0	13.0	34.5	140.75	8630.25	11865.0	4706.974687193713	22155610.70588235	16052023_s_Lm_st_L455_p_F03_pos003_tm_24_ch_Syto9_z_21.tif	16052023_s_Lm_st_L455_p_F03_pos003_tm_24_ch_Syto9_z_21.tif	4095	2055.999019367492	2056.0	15	424.8	1036.5	3075.5	3687.2	1177.6519010297704	1386863.999999032																																																			269.49	269.04614285714285	269.045	268.51	268.661	268.935	269.191	269.431	0.2862146547111626	0.08191882857143																							slice_0021	slice_0001	408616	32144.10002451581	5290.0	6	198.0	686.0	28875.0	81546.00000000009	69351.97507290493	4809696446.512827	20296.547	1597.347087766609	262.98	0.298	9.844	34.091	1435.5155	4052.524200000004	3445.528013984833	11871663.295154266	19479.176	777.96130497671	20.0	0.0	0.0	0.0	182.667	1121.5998000000004	2736.749927871452	7489800.1677044	69064	5398.2679578328025	882.0	1	33.0	114.5	4829.5	13641.800000000014	11693.175180480424	136730345.80140337											98.078	53.10104761904762	57.054	3.526	5.94	34.945	80.206	90.401	31.409207972306767	986.538345447619	255.0	127.5	127.5	0.0	25.5	63.75	191.25	229.5	74.04503134354572	5482.666666666667	255	127.5	127.5	0	25.5	63.75	191.25	229.5	74.04503134354572	5482.666666666667	4078	2039.0	2039.0	0	407.8	1019.5	3058.5	3670.2	1177.6502027342417	1386860.0	20	10.0	10.0	0	2.0	5.0	15.0	18.0	6.2048368229954285	38.5	255.0	127.5	127.5	0.0	25.5	63.75	191.25	229.5	74.04503134354572	5482.666666666667	255.0	127.5	127.5	0.0	25.5	63.75	191.25	229.5	74.04503134354572	5482.666666666667																					L455
16052023--s--Lm--st--L455--p--F03--pos004--tm--24--ch--Syto9--z--21	256.0	128.5	128.5	1.0	26.5	64.75	192.25	230.5	74.04503134354572	5482.666666666667	256.0	128.5	128.5	1.0	26.5	64.75	192.25	230.5	74.04503134354572	5482.666666666667	4075	2038.0	2038.0	1	408.4	1019.5	3056.5	3667.6	1176.4955021871808	1384141.6666666667																					0.493	0.2888571428571428	0.318	0.011	0.019	0.158	0.418	0.475	0.167822312495772	0.0281643285714285																															0.024	0.0232857142857142	0.024	0.02	0.022	0.023	0.024	0.024	0.0010555973258234	1.1142857142857156e-06											3734.0	2216.095238095238	2489.0	90.0	162.0	1238.0	3201.0	3602.0	1271.567100264941	1616882.8904761905	13054.0	4096.0	1418.0	13.0	34.5	140.75	8630.25	11865.0	4706.974687193713	22155610.70588235	13152.0	4096.0	1667.0	6.0	51.5	191.75	8416.5	11729.0	4579.075297523744	20967930.580392163	16052023_s_Lm_st_L455_p_F03_pos004_tm_24_ch_Syto9_z_21.tif	16052023_s_Lm_st_L455_p_F03_pos004_tm_24_ch_Syto9_z_21.tif	4095	2057.999754601227	2058.0	20	428.4	1039.5	3076.5	3687.6	1176.4959272823914	1384142.666912054																																																			269.296	268.8619047619048	268.992	266.919	268.546	268.678	269.202	269.262	0.5358425986016689	0.2871272904761893																							slice_0021	slice_0001	318060	32201.813496932515	7406.0	6	366.0	1110.0	37330.0	88163.99999999999	57928.02518603944	3355656101.954419	15798.612	1600.3373788957056	368.25	0.298	18.197	55.188	1855.533	4380.5534	2878.1983390446976	8284025.678879655	27355.336	678.5599114110429	26.667	0.0	0.0	0.0	246.667	1282.1334	2141.412736970137	4585648.510057933	53721	5403.342331288343	1236.0	1	61.0	185.0	6234.5	14782.2	9757.189166727689	95202740.43530816											89.811	52.60895238095238	57.871	1.997	3.508	28.762	76.09	86.459	30.55256350697301	933.4591368476192	255.0	127.5	127.5	0.0	25.5	63.75	191.25	229.5	74.04503134354572	5482.666666666667	255	127.5	127.5	0	25.5	63.75	191.25	229.5	74.04503134354572	5482.666666666667	4074	2037.0	2037.0	0	407.4	1018.5	3055.5	3666.6	1176.4955021871808	1384141.6666666667	20	10.0	10.0	0	2.0	5.0	15.0	18.0	6.2048368229954285	38.5	255.0	127.5	127.5	0.0	25.5	63.75	191.25	229.5	74.04503134354572	5482.666666666667	255.0	127.5	127.5	0.0	25.5	63.75	191.25	229.5	74.04503134354572	5482.666666666667																					L455
16052023--s--Lm--st--L455--p--F03--pos005--tm--24--ch--Syto9--z--21	256.0	128.5	128.5	1.0	26.5	64.75	192.25	230.5	74.04503134354572	5482.666666666667	256.0	128.5	128.5	1.0	26.5	64.75	192.25	230.5	74.04503134354572	5482.666666666667	4076	2038.5	2038.5	1	408.5	1019.75	3057.25	3668.5	1176.7841773239477	1384821.0																					0.743	0.3738095238095238	0.38	0.018	0.041	0.224	0.551	0.677	0.2284426884467128	0.0521860619047619																															0.024	0.0232857142857142	0.024	0.02	0.021	0.023	0.024	0.024	0.0013093073414159	1.7142857142857122e-06											5636.0	2851.0476190476197	2920.0	167.0	355.0	1762.0	4141.0	5074.0	1705.2732472008845	2907956.847619048	13152.0	4096.0	1667.0	6.0	51.5	191.75	8416.5	11729.0	4579.075297523744	20967930.580392163	17242.0	4096.0	395.0	0.0	5.0	22.75	7182.75	15178.0	5904.571390863519	34863963.30980395	16052023_s_Lm_st_L455_p_F03_pos005_tm_24_ch_Syto9_z_21.tif	16052023_s_Lm_st_L455_p_F03_pos005_tm_24_ch_Syto9_z_21.tif	4095	2057.4997546614327	2057.5	19	427.5	1038.75	3076.25	3687.5	1176.7846023148531	1384822.0002453271																																																			269.527	268.86461904761904	268.942	266.49	268.56	268.743	269.171	269.319	0.6149784123195283	0.3781984476190477																							slice_0021	slice_0001	473644	32150.01619234544	2543.0	6	88.0	282.0	21462.0	81188.0	79988.35125489066	6398136336.475767	23531.31	1597.515525024534	126.4185	0.298	4.343	14.021	1067.1617500000002	4034.709	3973.944429139173	15792234.325886266	21557.333	843.9757382237489	6.667	0.0	0.0	0.0	126.667	1132.6665	3110.575798229666	9675681.796532122	80028	5402.330225711482	424.0	1	15.0	47.0	3584.0	13583.0	13486.213107293715	181877943.97534084											135.298	68.08642857142857	69.177	3.283	7.503	40.85	100.266	123.279	41.59687369090546	1730.2999008571428	255.0	127.5	127.5	0.0	25.5	63.75	191.25	229.5	74.04503134354572	5482.666666666667	255	127.5	127.5	0	25.5	63.75	191.25	229.5	74.04503134354572	5482.666666666667	4075	2037.5	2037.5	0	407.5	1018.75	3056.25	3667.5	1176.7841773239477	1384821.0	20	10.0	10.0	0	2.0	5.0	15.0	18.0	6.2048368229954285	38.5	255.0	127.5	127.5	0.0	25.5	63.75	191.25	229.5	74.04503134354572	5482.666666666667	255.0	127.5	127.5	0.0	25.5	63.75	191.25	229.5	74.04503134354572	5482.666666666667																					L455
16052023--s--Lm--st--L455--p--F04--pos001--tm--24--ch--Syto9--z--21	256.0	128.5	128.5	1.0	26.5	64.75	192.25	230.5	74.04503134354572	5482.666666666667	256.0	128.5	128.5	1.0	26.5	64.75	192.25	230.5	74.04503134354572	5482.666666666667	4082	2041.5	2041.5	1	409.1	1021.25	3061.75	3673.9	1178.5162281445257	1388900.5																					0.361	0.1856190476190476	0.159	0.026	0.039	0.072	0.294	0.355	0.1180734839794592	0.0139413476190476																															0.025	0.0236190476190476	0.024	0.021	0.023	0.023	0.024	0.025	0.0009734572654303	9.476190476190552e-07											2775.0	1424.571428571429	1205.0	224.0	314.0	557.0	2290.0	2712.0	906.5167715728468	821772.6571428571	17242.0	4096.0	395.0	0.0	5.0	22.75	7182.75	15178.0	5904.571390863519	34863963.30980395	14192.0	4096.0	826.0	1.0	7.0	31.0	8775.25	12913.5	5140.862905365666	26428471.41176472	16052023_s_Lm_st_L455_p_F04_pos001_tm_24_ch_Syto9_z_21.tif	16052023_s_Lm_st_L455_p_F04_pos001_tm_24_ch_Syto9_z_21.tif	4095	2051.607055365017	2051.5	11	419.1	1031.25	3071.75	3683.9	1178.6937883661142	1389319.0467328618																																																			270.138	269.3059523809524	269.253	268.529	268.832	269.101	269.552	269.699	0.3992197986310781	0.1593764476190386																							Ch1	Ch1	586634	32056.943655071045	3143.0	6	42.0	198.0	25854.0	69309.8	82887.3257010699	6870308761.875242	29137.649	1592.7195570798629	156.25	0.298	2.088	9.844	1285.18725	3444.8577000000005	4116.86228122076	16948555.042538196	37558.958	983.9286501714846	13.333	0.0	0.0	0.0	166.667	914.5336	4261.477550759176	18160190.91562442	99673	5394.428221460069	524.0	1	7.0	33.0	4319.5	11598.600000000002	14027.712306926853	196776712.56590703											65.756	33.787619047619046	28.883	4.794	7.069	13.148	53.511	64.662	21.48990720193131	461.81611154761913	255.0	127.5	127.5	0.0	25.5	63.75	191.25	229.5	74.04503134354572	5482.666666666667	255	127.5	127.5	0	25.5	63.75	191.25	229.5	74.04503134354572	5482.666666666667	4081	2040.5	2040.5	0	408.1	1020.25	3060.75	3672.9	1178.5162281445257	1388900.5	20	10.0	10.0	0	2.0	5.0	15.0	18.0	6.2048368229954285	38.5	255.0	127.5	127.5	0.0	25.5	63.75	191.25	229.5	74.04503134354572	5482.666666666667	255.0	127.5	127.5	0.0	25.5	63.75	191.25	229.5	74.04503134354572	5482.666666666667																					L455
16052023--s--Lm--st--L455--p--F04--pos002--tm--24--ch--Syto9--z--21	256.0	128.5	128.5	1.0	26.5	64.75	192.25	230.5	74.04503134354572	5482.666666666667	256.0	128.5	128.5	1.0	26.5	64.75	192.25	230.5	74.04503134354572	5482.666666666667	4076	2038.5	2038.5	1	408.5	1019.75	3057.25	3668.5	1176.7841773239477	1384821.0																					0.309	0.1523333333333333	0.142	0.025	0.037	0.057	0.248	0.3	0.1010372868466554	0.0102085333333333																															0.026	0.0242380952380952	0.024	0.022	0.023	0.024	0.025	0.025	0.0010442586798663	1.0904761904761907e-06											2375.0	1142.7619047619048	1051.0	204.0	279.0	442.0	1835.0	2253.0	762.5267801698446	581447.0904761906	14192.0	4096.0	826.0	1.0	7.0	31.0	8775.25	12913.5	5140.862905365666	26428471.41176472	15110.0	4096.0	581.0	1.0	5.5	25.75	8198.5	13812.5	5481.174683744853	30043275.913725484	16052023_s_Lm_st_L455_p_F04_pos002_tm_24_ch_Syto9_z_21.tif	16052023_s_Lm_st_L455_p_F04_pos002_tm_24_ch_Syto9_z_21.tif	4095	2048.7443572129537	2048.5	11	418.5	1029.75	3067.25	3678.5	1177.181689133821	1385756.7292319562																																																			270.958	269.5732857142857	269.446	268.57	268.957	269.052	269.989	270.238	0.6415473593474904	0.411583014285738																							slice_0021	slice_0001	738676	32064.14965652601	2063.0	6	36.0	150.0	21000.5	63491.0	95229.0243842655	9068567085.179035	36689.553	1593.0463856722276	102.5535	0.298	1.79	7.458	1044.0545	3154.9435000000003	4729.935276189094	22372287.716938	50993.317	1107.0941869479884	6.667	0.0	0.0	0.0	133.333	790.0	5348.783615244784	28609486.16271107	125702	5402.363837095191	344.0	1	6.0	25.0	3505.5	10621.5	16142.66377862712	260585593.8698											56.186	27.723714285714284	25.948	4.585	6.774	10.386	45.14	54.588	18.379940911610287	337.8222279142856	255.0	127.5	127.5	0.0	25.5	63.75	191.25	229.5	74.04503134354572	5482.666666666667	255	127.5	127.5	0	25.5	63.75	191.25	229.5	74.04503134354572	5482.666666666667	4075	2037.5	2037.5	0	407.5	1018.75	3056.25	3667.5	1176.7841773239477	1384821.0	20	10.0	10.0	0	2.0	5.0	15.0	18.0	6.2048368229954285	38.5	255.0	127.5	127.5	0.0	25.5	63.75	191.25	229.5	74.04503134354572	5482.666666666667	255.0	127.5	127.5	0.0	25.5	63.75	191.25	229.5	74.04503134354572	5482.666666666667																					L455
16052023--s--Lm--st--L455--p--F04--pos003--tm--24--ch--Syto9--z--21	256.0	128.5	128.5	1.0	26.5	64.75	192.25	230.5	74.04503134354572	5482.666666666667	256.0	128.5	128.5	1.0	26.5	64.75	192.25	230.5	74.04503134354572	5482.666666666667	4080	2040.5	2040.5	1	408.9	1020.75	3060.25	3672.1	1177.938877871004	1387540.0																					0.395	0.2156666666666666	0.246	0.014	0.019	0.151	0.319	0.373	0.1271461101777531	0.0161661333333333																															0.025	0.0232857142857142	0.024	0.02	0.022	0.023	0.024	0.024	0.0011892374507581	1.4142857142857186e-06											3032.0	1658.6190476190477	1847.0	126.0	166.0	1113.0	2461.0	2899.0	973.8682906938944	948419.4476190474	15110.0	4096.0	581.0	1.0	5.5	25.75	8198.5	13812.5	5481.174683744853	30043275.913725484	15640.0	4096.0	816.5	4.0	13.0	50.25	7843.0	13834.0	5352.342899124074	28647574.5098039	16052023_s_Lm_st_L455_p_F04_pos003_tm_24_ch_Syto9_z_21.tif	16052023_s_Lm_st_L455_p_F04_pos003_tm_24_ch_Syto9_z_21.tif	4095	2055.499754901961	2055.5	15	423.9	1035.75	3075.25	3687.1	1177.939302445201	1387541.0002450866																																																			269.722	269.11157142857144	269.098	267.933	268.788	268.973	269.393	269.499	0.3818150823931092	0.1457827571428568																							slice_0021	slice_0001	384312	32140.567647058822	3982.0	6	90.0	342.0	34665.0	87864.8	64976.94087083468	4222002844.931946	19095.881	1597.255353431373	197.9965	0.298	4.475	17.004	1723.502	4367.8453	3228.141723040281	10420898.984033473	19598.352	773.272756617647	13.333	0.0	0.0	0.0	249.333	1233.4664	2654.593110421176	7046864.581895572	65024	5397.050980392157	664.0	1	15.0	57.0	5790.25	14704.1	10958.430510259986	120087199.24819694											71.869	39.25180952380953	44.827	2.501	3.456	27.459	58.131	67.996	23.15682797496032	536.2386818619049	255.0	127.5	127.5	0.0	25.5	63.75	191.25	229.5	74.04503134354572	5482.666666666667	255	127.5	127.5	0	25.5	63.75	191.25	229.5	74.04503134354572	5482.666666666667	4079	2039.5	2039.5	0	407.9	1019.75	3059.25	3671.1	1177.938877871004	1387540.0	20	10.0	10.0	0	2.0	5.0	15.0	18.0	6.2048368229954285	38.5	255.0	127.5	127.5	0.0	25.5	63.75	191.25	229.5	74.04503134354572	5482.666666666667	255.0	127.5	127.5	0.0	25.5	63.75	191.25	229.5	74.04503134354572	5482.666666666667																					L455
16052023--s--Lm--st--L455--p--F04--pos004--tm--24--ch--Syto9--z--21	256.0	128.5	128.5	1.0	26.5	64.75	192.25	230.5	74.04503134354572	5482.666666666667	256.0	128.5	128.5	1.0	26.5	64.75	192.25	230.5	74.04503134354572	5482.666666666667	4085	2043.0	2043.0	1	409.4	1022.0	3064.0	3676.6	1179.3822535548006	1390942.5																					0.202	0.094095238095238	0.082	0.026	0.028	0.041	0.132	0.177	0.0598121264978137	0.0035774904761904																															0.029	0.0246666666666666	0.025	0.021	0.022	0.024	0.026	0.027	0.0020083160441856	4.0333333333333326e-06											1479.0	691.3333333333334	579.0	208.0	228.0	273.0	949.0	1354.0	445.1949385756012	198198.53333333333	15640.0	4096.0	816.5	4.0	13.0	50.25	7843.0	13834.0	5352.342899124074	28647574.5098039	15078.0	4096.0	461.5	0.0	5.0	25.75	8489.0	13843.5	5556.804854251699	30878080.18823524	16052023_s_Lm_st_L455_p_F04_pos004_tm_24_ch_Syto9_z_21.tif	16052023_s_Lm_st_L455_p_F04_pos004_tm_24_ch_Syto9_z_21.tif	4095	2052.057282741738	2052.0	10	418.4	1031.0	3073.0	3685.6	1179.475817415405	1391163.203867737																																																			272.299	269.6517619047619	269.46	268.364	268.494	269.255	270.133	270.604	0.9470088650462516	0.8968257904761897																							slice_0021	slice_0001	839742	31965.32093023256	2528.0	6	66.0	228.0	24610.0	61783.99999999999	97429.74040550872	9492554315.484816	41712.717	1588.235399755202	125.624	0.298	3.281	11.336	1223.547	3070.9072	4839.164063655145	23417508.83497137	66455.135	1182.214192411261	6.667	0.0	0.0	0.0	160.0	770.1333999999999	6324.397644148453	39998005.5613105	143377	5390.45605875153	422.0	1	11.0	38.0	4108.0	10335.8	16561.548693174682	274284895.116396											36.768	17.12747619047619	14.884	4.794	5.054	7.416	24.055	32.183	10.89083420413261	118.61026966190477	255.0	127.5	127.5	0.0	25.5	63.75	191.25	229.5	74.04503134354572	5482.666666666667	255	127.5	127.5	0	25.5	63.75	191.25	229.5	74.04503134354572	5482.666666666667	4084	2042.0	2042.0	0	408.4	1021.0	3063.0	3675.6	1179.3822535548006	1390942.5	20	10.0	10.0	0	2.0	5.0	15.0	18.0	6.2048368229954285	38.5	255.0	127.5	127.5	0.0	25.5	63.75	191.25	229.5	74.04503134354572	5482.666666666667	255.0	127.5	127.5	0.0	25.5	63.75	191.25	229.5	74.04503134354572	5482.666666666667																					L455
16052023--s--Lm--st--L455--p--F04--pos005--tm--24--ch--Syto9--z--21	256.0	128.5	128.5	1.0	26.5	64.75	192.25	230.5	74.04503134354572	5482.666666666667	256.0	128.5	128.5	1.0	26.5	64.75	192.25	230.5	74.04503134354572	5482.666666666667	4084	2042.5	2042.5	1	409.3	1021.75	3063.25	3675.7	1179.0935784180435	1390261.6666666667																					0.418	0.2405714285714285	0.264	0.011	0.023	0.17	0.319	0.393	0.1290486619181196	0.0166535571428571																															0.025	0.0233809523809523	0.024	0.02	0.021	0.023	0.024	0.024	0.0012440333788202	1.5476190476190464e-06											3191.0	1849.0	1966.0	98.0	191.0	1303.0	2423.0	3020.0	987.9280844272016	976001.9	15078.0	4096.0	461.5	0.0	5.0	25.75	8489.0	13843.5	5556.804854251699	30878080.18823524	15318.0	4096.0	729.5	1.0	12.0	41.75	8147.25	13668.5	5332.776488332303	28438505.074509807	16052023_s_Lm_st_L455_p_F04_pos005_tm_24_ch_Syto9_z_21.tif	16052023_s_Lm_st_L455_p_F04_pos005_tm_24_ch_Syto9_z_21.tif	4095	2053.5	2053.5	12	420.3	1032.75	3074.25	3686.7	1179.0935784180435	1390261.6666666667																																																			269.944	268.9349047619048	268.967	267.701	268.558	268.635	269.068	269.641	0.4782545247838217	0.2287273904761991																							slice_0021	slice_0001	399226	32102.42262487757	4160.0	6	108.0	378.0	34323.5	81348.60000000008	66877.68523295106	4472624782.11768	19829.688	1595.3193675318316	206.911	0.298	5.37	18.794	1706.45825	4039.6435000000015	3322.600720264936	11039675.546305072	20331.588	790.058151322233	16.0	0.0	0.0	0.0	246.667	1149.467000000001	2768.594174596352	7665113.703608856	67571	5391.737757100882	694.0	1	18.0	63.0	5733.0	13613.600000000011	11281.836641540338	127279838.00640218											76.159	43.82728571428572	48.162	2.015	4.099	30.95	58.166	71.505	23.51418462788548	552.9168787142859	255.0	127.5	127.5	0.0	25.5	63.75	191.25	229.5	74.04503134354572	5482.666666666667	255	127.5	127.5	0	25.5	63.75	191.25	229.5	74.04503134354572	5482.666666666667	4083	2041.5	2041.5	0	408.3	1020.75	3062.25	3674.7	1179.0935784180435	1390261.6666666667	20	10.0	10.0	0	2.0	5.0	15.0	18.0	6.2048368229954285	38.5	255.0	127.5	127.5	0.0	25.5	63.75	191.25	229.5	74.04503134354572	5482.666666666667	255.0	127.5	127.5	0.0	25.5	63.75	191.25	229.5	74.04503134354572	5482.666666666667																					L455
16052023--s--Lm--st--L455--p--F05--pos001--tm--24--ch--Syto9--z--21	256.0	128.5	128.5	1.0	26.5	64.75	192.25	230.5	74.04503134354572	5482.666666666667	256.0	128.5	128.5	1.0	26.5	64.75	192.25	230.5	74.04503134354572	5482.666666666667	4086	2043.5	2043.5	1	409.5	1022.25	3064.75	3677.5	1179.6709286915568	1391623.5																					0.361	0.1666190476190476	0.121	0.035	0.076	0.092	0.239	0.322	0.098311991227152	0.0096652476190476																															0.025	0.0234761904761904	0.024	0.021	0.023	0.023	0.024	0.024	0.0008135752957807	6.61904761904764e-07											2763.0	1292.4761904761904	930.0	302.0	571.0	723.0	1869.0	2494.0	752.9457230801978	566927.2619047619	15318.0	4096.0	729.5	1.0	12.0	41.75	8147.25	13668.5	5332.776488332303	28438505.074509807	13945.0	4096.0	1806.5	6.0	56.0	191.25	7783.0	11866.0	4617.438582879765	21320739.06666669	16052023_s_Lm_st_L455_p_F05_pos001_tm_24_ch_Syto9_z_21.tif	16052023_s_Lm_st_L455_p_F05_pos001_tm_24_ch_Syto9_z_21.tif	4095	2052.5	2052.5	10	418.5	1031.25	3073.75	3686.5	1179.6709286915568	1391623.5																																																			270.027	269.1078095238095	269.085	268.649	268.783	268.926	269.199	269.445	0.3191812367680163	0.1018766619047605																							slice_0021	slice_0001	571024	32037.1434165443	4181.0	6	180.0	580.0	23939.5	80169.0	78997.95260294425	6240676515.4570265	28361.086	1591.7251177190408	207.858	0.298	8.949	28.82925	1190.02	3984.2075	3923.7106095787167	15395504.947720584	35578.134	936.4455690161528	13.333	0.0	0.0	0.0	146.33350000000002	1119.3335	3989.983270875872	15919966.501869325	97071	5389.046500244738	698.0	1	30.0	97.0	3998.25	13410.5	13364.208346670232	178602064.73321033											65.704	30.330571428571428	22.092	6.444	13.842	16.708	43.525	58.617	17.881192238135096	319.7370358571428	255.0	127.5	127.5	0.0	25.5	63.75	191.25	229.5	74.04503134354572	5482.666666666667	255	127.5	127.5	0	25.5	63.75	191.25	229.5	74.04503134354572	5482.666666666667	4085	2042.5	2042.5	0	408.5	1021.25	3063.75	3676.5	1179.6709286915568	1391623.5	20	10.0	10.0	0	2.0	5.0	15.0	18.0	6.2048368229954285	38.5	255.0	127.5	127.5	0.0	25.5	63.75	191.25	229.5	74.04503134354572	5482.666666666667	255.0	127.5	127.5	0.0	25.5	63.75	191.25	229.5	74.04503134354572	5482.666666666667																					L455
16052023--s--Lm--st--L455--p--F05--pos002--tm--24--ch--Syto9--z--21	256.0	128.5	128.5	1.0	26.5	64.75	192.25	230.5	74.04503134354572	5482.666666666667	256.0	128.5	128.5	1.0	26.5	64.75	192.25	230.5	74.04503134354572	5482.666666666667	4084	2042.5	2042.5	1	409.3	1021.75	3063.25	3675.7	1179.0935784180435	1390261.6666666667																					0.293	0.162047619047619	0.15	0.014	0.025	0.088	0.243	0.273	0.0931415461491144	0.0086753476190476																															0.025	0.0235238095238095	0.023	0.021	0.022	0.023	0.024	0.025	0.0011233453440081	1.261904761904764e-06											2256.0	1246.857142857143	1118.0	124.0	205.0	648.0	1882.0	2176.0	722.2057383955272	521581.1285714287	13945.0	4096.0	1806.5	6.0	56.0	191.25	7783.0	11866.0	4617.438582879765	21320739.06666669	11207.0	4096.0	2149.5	31.0	56.5	224.25	8390.0	10414.0	4148.9761070961695	17214002.737254884	16052023_s_Lm_st_L455_p_F05_pos002_tm_24_ch_Syto9_z_21.tif	16052023_s_Lm_st_L455_p_F05_pos002_tm_24_ch_Syto9_z_21.tif	4095	2053.5	2053.5	12	420.3	1032.75	3074.25	3686.7	1179.0935784180435	1390261.6666666667																																																			269.542	268.98814285714286	269.07	267.721	268.596	268.782	269.293	269.425	0.4884657905845755	0.2385988285714143																							slice_0021	slice_0001	541928	32061.88589618021	7078.0	6	336.0	1127.5	29102.0	64344.60000000001	76266.00324213433	5816503250.529244	26921.132	1593.118595494613	351.87699999999995	0.298	16.706	56.07425	1446.89475	3198.8738000000008	3788.2131873299368	14350559.15266044	31899.273	894.7090781096964	26.667	0.0	0.0	0.0	180.0	802.4001000000014	3804.055963640829	14470841.77451136	91905	5391.499265426053	1181.0	1	56.0	188.0	4858.0	10795.60000000001	12901.454185674933	166447520.10506925											53.285	29.524095238095235	27.407	2.605	4.498	16.048	44.185	49.777	16.952774651675053	287.3965683904762	255.0	127.5	127.5	0.0	25.5	63.75	191.25	229.5	74.04503134354572	5482.666666666667	255	127.5	127.5	0	25.5	63.75	191.25	229.5	74.04503134354572	5482.666666666667	4083	2041.5	2041.5	0	408.3	1020.75	3062.25	3674.7	1179.0935784180435	1390261.6666666667	20	10.0	10.0	0	2.0	5.0	15.0	18.0	6.2048368229954285	38.5	255.0	127.5	127.5	0.0	25.5	63.75	191.25	229.5	74.04503134354572	5482.666666666667	255.0	127.5	127.5	0.0	25.5	63.75	191.25	229.5	74.04503134354572	5482.666666666667																					L455
16052023--s--Lm--st--L455--p--F05--pos003--tm--24--ch--Syto9--z--21	256.0	128.5	128.5	1.0	26.5	64.75	192.25	230.5	74.04503134354572	5482.666666666667	256.0	128.5	128.5	1.0	26.5	64.75	192.25	230.5	74.04503134354572	5482.666666666667	4076	2038.5	2038.5	1	408.5	1019.75	3057.25	3668.5	1176.7841773239477	1384821.0																					0.428	0.2564285714285714	0.3	0.009	0.018	0.168	0.35	0.398	0.1382940965582303	0.0191252571428571																															0.024	0.0231904761904761	0.024	0.02	0.02	0.023	0.024	0.024	0.0014359334113755	2.061904761904759e-06											3266.0	1972.6666666666667	2281.0	80.0	161.0	1300.0	2760.0	3060.0	1054.2208181084895	1111381.533333333	11207.0	4096.0	2149.5	31.0	56.5	224.25	8390.0	10414.0	4148.9761070961695	17214002.737254884	11125.0	4096.0	2636.5	3.0	147.0	469.0	7712.25	10310.0	3881.504519298327	15066077.333333332	16052023_s_Lm_st_L455_p_F05_pos003_tm_24_ch_Syto9_z_21.tif	16052023_s_Lm_st_L455_p_F05_pos003_tm_24_ch_Syto9_z_21.tif	4095	2057.4997546614327	2057.5	19	427.5	1038.75	3076.25	3687.5	1176.7846023148531	1384822.0002453271																																																			269.504	268.9069523809524	268.954	268.21	268.358	268.667	269.105	269.311	0.3674538714166073	0.1350223476190525																							slice_0021	slice_0001	325616	32186.826300294408	9028.0	6	480.0	1485.0	38813.5	80301.0	56897.025571459104	3237271518.879271	16178.493	1599.596388370952	448.7315	0.298	23.865	73.80825	1929.922	3991.207	2826.899464889526	7991360.584592688	33300.637	690.9059779195289	33.333	0.0	0.0	6.667	267.3335	1176.0	2243.779899158196	5034548.235866361	55018	5401.90897939156	1506.5	1	80.0	247.75	6483.25	13465.5	9590.799679284068	91983438.48815538											77.879	46.68466666666667	54.64	1.615	3.265	30.637	63.706	72.46	25.172492306748914	633.6543689333333	255.0	127.5	127.5	0.0	25.5	63.75	191.25	229.5	74.04503134354572	5482.666666666667	255	127.5	127.5	0	25.5	63.75	191.25	229.5	74.04503134354572	5482.666666666667	4075	2037.5	2037.5	0	407.5	1018.75	3056.25	3667.5	1176.7841773239477	1384821.0	20	10.0	10.0	0	2.0	5.0	15.0	18.0	6.2048368229954285	38.5	255.0	127.5	127.5	0.0	25.5	63.75	191.25	229.5	74.04503134354572	5482.666666666667	255.0	127.5	127.5	0.0	25.5	63.75	191.25	229.5	74.04503134354572	5482.666666666667																					L455
16052023--s--Lm--st--L455--p--F05--pos004--tm--24--ch--Syto9--z--21	256.0	128.5	128.5	1.0	26.5	64.75	192.25	230.5	74.04503134354572	5482.666666666667	256.0	128.5	128.5	1.0	26.5	64.75	192.25	230.5	74.04503134354572	5482.666666666667	4083	2042.0	2042.0	1	409.2000000000001	1021.5	3062.5	3674.8	1178.804903281285	1389581.0																					0.278	0.1669523809523809	0.181	0.013	0.04	0.094	0.246	0.26	0.0863831442993806	0.0074620476190476																															0.025	0.0234285714285714	0.024	0.02	0.023	0.023	0.024	0.024	0.0011649647450214	1.357142857142855e-06											2169.0	1283.0	1406.0	123.0	305.0	741.0	1881.0	1984.0	666.46132670996	444170.7	11125.0	4096.0	2636.5	3.0	147.0	469.0	7712.25	10310.0	3881.504519298327	15066077.333333332	11129.0	4096.0	2389.0	60.0	117.5	376.75	8146.25	10332.5	4001.7843559308103	16014278.031372575	16052023_s_Lm_st_L455_p_F05_pos004_tm_24_ch_Syto9_z_21.tif	16052023_s_Lm_st_L455_p_F05_pos004_tm_24_ch_Syto9_z_21.tif	4095	2054.0	2054.0	13	421.2000000000001	1033.5	3074.5	3686.8	1178.804903281285	1389581.0																																																			269.61	269.00947619047616	269.027	268.176	268.325	268.935	269.386	269.493	0.4205620785386597	0.1768724619047577																							slice_0021	slice_0001	535990	32068.57751653196	6054.0	18	312.0	955.0	28739.0	68382.00000000003	76233.39240339046	5811530117.32931	26623.799	1593.5057038941954	300.9	0.895	15.512	47.449	1428.755	3398.783600000001	3786.932536797382	14340858.038254656	31876.606	898.1202400195934	26.667	0.0	0.0	0.0	181.3335	890.4002000000003	3758.845507956622	14128919.552685674	90935	5392.828312515308	1010.0	3	52.0	159.5	4798.5	11457.200000000004	12893.386063593687	166239404.18487197											50.559	30.39019047619048	32.965	2.449	7.225	17.09	44.845	47.276	15.703743584314688	246.60756256190467	255.0	127.5	127.5	0.0	25.5	63.75	191.25	229.5	74.04503134354572	5482.666666666667	255	127.5	127.5	0	25.5	63.75	191.25	229.5	74.04503134354572	5482.666666666667	4082	2041.0	2041.0	0	408.2000000000001	1020.5	3061.5	3673.8	1178.804903281285	1389581.0	20	10.0	10.0	0	2.0	5.0	15.0	18.0	6.2048368229954285	38.5	255.0	127.5	127.5	0.0	25.5	63.75	191.25	229.5	74.04503134354572	5482.666666666667	255.0	127.5	127.5	0.0	25.5	63.75	191.25	229.5	74.04503134354572	5482.666666666667																					L455
16052023--s--Lm--st--L455--p--F05--pos005--tm--24--ch--Syto9--z--21	256.0	128.5	128.5	1.0	26.5	64.75	192.25	230.5	74.04503134354572	5482.666666666667	256.0	128.5	128.5	1.0	26.5	64.75	192.25	230.5	74.04503134354572	5482.666666666667	4076	2038.5	2038.5	1	408.5	1019.75	3057.25	3668.5	1176.7841773239477	1384821.0																					0.485	0.2883333333333333	0.317	0.013	0.029	0.25	0.395	0.459	0.1516902545760054	0.0230099333333333																															0.024	0.0233809523809523	0.024	0.02	0.023	0.023	0.024	0.024	0.0010712698295103	1.1476190476190491e-06											3693.0	2208.8571428571427	2436.0	107.0	254.0	1942.0	2959.0	3478.0	1148.7967307454476	1319733.9285714284	11129.0	4096.0	2389.0	60.0	117.5	376.75	8146.25	10332.5	4001.7843559308103	16014278.031372575	11571.0	4096.0	2259.5	11.0	112.5	354.0	7923.0	10647.5	4084.505966238181	16683188.988235297	16052023_s_Lm_st_L455_p_F05_pos005_tm_24_ch_Syto9_z_21.tif	16052023_s_Lm_st_L455_p_F05_pos005_tm_24_ch_Syto9_z_21.tif	4095	2057.5	2057.5	20	427.5	1038.75	3076.25	3687.5	1176.7841773239477	1384821.0																																																			270.361	269.0741904761905	268.986	268.461	268.56	268.829	269.206	269.674	0.4455513010919705	0.1985159619047477																							slice_0021	slice_0001	347834	32180.7365063788	7487.0	12	336.0	1097.5	34643.5	83036.0	61213.45360427495	3747086902.1627216	17286.736	1599.2192850834151	372.2285	0.597	16.706	54.558	1722.352	4127.123	3041.2263256311853	9249057.56371216	23171.885	724.3441118743867	26.667	0.0	0.0	0.0	233.333	1214.0	2379.9992593035	5664396.474285208	58767	5402.079244357213	1250.0	2	56.0	183.0	5784.25	13892.0	10317.907744673032	106459220.22758378											88.3	52.520428571428575	57.732	2.414	5.349	45.47	71.956	83.68	27.63005877585393	763.4201479571427	255.0	127.5	127.5	0.0	25.5	63.75	191.25	229.5	74.04503134354572	5482.666666666667	255	127.5	127.5	0	25.5	63.75	191.25	229.5	74.04503134354572	5482.666666666667	4075	2037.5	2037.5	0	407.5	1018.75	3056.25	3667.5	1176.7841773239477	1384821.0	20	10.0	10.0	0	2.0	5.0	15.0	18.0	6.2048368229954285	38.5	255.0	127.5	127.5	0.0	25.5	63.75	191.25	229.5	74.04503134354572	5482.666666666667	255.0	127.5	127.5	0.0	25.5	63.75	191.25	229.5	74.04503134354572	5482.666666666667																					L455
16052023--s--Lm--st--L455--p--F06--pos001--tm--24--ch--Syto9--z--21	256.0	128.5	128.5	1.0	26.5	64.75	192.25	230.5	74.04503134354572	5482.666666666667	256.0	128.5	128.5	1.0	26.5	64.75	192.25	230.5	74.04503134354572	5482.666666666667	4085	2043.0	2043.0	1	409.4	1022.0	3064.0	3676.6	1179.3822535548006	1390942.5																					0.26	0.1393333333333333	0.132	0.037	0.048	0.065	0.206	0.24	0.0761684536624798	0.0058016333333333																															0.025	0.0239047619047619	0.024	0.021	0.023	0.024	0.024	0.025	0.0009952267030562	9.90476190476189e-07											1961.0	1055.6666666666667	991.0	313.0	369.0	486.0	1581.0	1864.0	582.2006813233161	338957.6333333334	11571.0	4096.0	2259.5	11.0	112.5	354.0	7923.0	10647.5	4084.505966238181	16683188.988235297	12594.0	4096.0	1141.0	3.0	12.0	60.25	8993.75	12080.5	4849.689303975877	23519486.345098022	16052023_s_Lm_st_L455_p_F06_pos001_tm_24_ch_Syto9_z_21.tif	16052023_s_Lm_st_L455_p_F06_pos001_tm_24_ch_Syto9_z_21.tif	4095	2053.0	2053.0	11	419.4	1032.0	3074.0	3686.6	1179.3822535548006	1390942.5																																																			270.167	269.3978571428572	269.323	268.874	269.023	269.146	269.562	269.943	0.3526389493113521	0.1243542285714143																							Ch1	Ch1	734984	32011.576009791923	3890.0	12	102.0	390.0	24002.0	59849.19999999997	92766.47490992064	8605618867.212938	36510.52	1590.4867855569155	193.535	0.597	5.071	19.39	1193.286	2974.9759999999983	4607.859146225064	21232365.91144998	46957.721	1046.7975980416156	13.333	0.0	0.0	0.0	146.667	739.4667999999999	5056.365464547379	25566831.711067434	124960	5390.437454100367	649.0	2	17.0	65.0	4008.0	10006.799999999996	15718.492207585918	247070997.27993923											47.311	25.371476190476194	24.003	6.791	8.719	11.897	37.48	43.698	13.864369378442888	192.2207382619048	255.0	127.5	127.5	0.0	25.5	63.75	191.25	229.5	74.04503134354572	5482.666666666667	255	127.5	127.5	0	25.5	63.75	191.25	229.5	74.04503134354572	5482.666666666667	4084	2042.0	2042.0	0	408.4	1021.0	3063.0	3675.6	1179.3822535548006	1390942.5	20	10.0	10.0	0	2.0	5.0	15.0	18.0	6.2048368229954285	38.5	255.0	127.5	127.5	0.0	25.5	63.75	191.25	229.5	74.04503134354572	5482.666666666667	255.0	127.5	127.5	0.0	25.5	63.75	191.25	229.5	74.04503134354572	5482.666666666667																					L455
16052023--s--Lm--st--L455--p--F06--pos002--tm--24--ch--Syto9--z--21	256.0	128.5	128.5	1.0	26.5	64.75	192.25	230.5	74.04503134354572	5482.666666666667	256.0	128.5	128.5	1.0	26.5	64.75	192.25	230.5	74.04503134354572	5482.666666666667	4082	2041.5	2041.5	1	409.1	1021.25	3061.75	3673.9	1178.5162281445257	1388900.5																					0.372	0.212047619047619	0.248	0.02	0.025	0.109	0.337	0.366	0.1268288122590747	0.0160855476190476																															0.025	0.0234761904761904	0.024	0.021	0.022	0.023	0.024	0.024	0.0009807674351775	9.61904761904758e-07											2901.0	1631.3809523809523	1894.0	158.0	210.0	806.0	2558.0	2839.0	977.7736177761434	956041.2476190478	12594.0	4096.0	1141.0	3.0	12.0	60.25	8993.75	12080.5	4849.689303975877	23519486.345098022	12056.0	4096.0	2067.0	6.0	46.5	194.25	8211.5	10938.0	4305.632168291602	18538468.368627444	16052023_s_Lm_st_L455_p_F06_pos002_tm_24_ch_Syto9_z_21.tif	16052023_s_Lm_st_L455_p_F06_pos002_tm_24_ch_Syto9_z_21.tif	4095	2054.5	2054.5	14	422.1	1034.25	3074.75	3686.9	1178.5162281445257	1388900.5																																																			270.764	269.19433333333336	269.067	268.705	268.802	269.02	269.335	269.561	0.4360969311211993	0.190180533333328																							slice_0021	slice_0001	424816	32115.600685938265	6662.0	6	198.0	792.0	33739.0	76322.6	66474.64801512223	4418878828.734394	21104.321	1595.8846393924548	331.3075	0.298	9.844	39.377	1677.52725	3793.1908	3302.15324958936	10904216.08377357	22835.685	793.3415646741793	26.667	0.0	0.0	0.0	232.99975	1074.667	2909.315611550041	8464117.327608792	71955	5394.314061734444	1111.5	1	33.0	132.0	5634.0	12776.4	11222.187126178664	125937483.89497016											67.736	38.61347619047619	45.175	3.578	4.498	19.904	61.292	66.711	23.10892087402405	534.0222239619047	255.0	127.5	127.5	0.0	25.5	63.75	191.25	229.5	74.04503134354572	5482.666666666667	255	127.5	127.5	0	25.5	63.75	191.25	229.5	74.04503134354572	5482.666666666667	4081	2040.5	2040.5	0	408.1	1020.25	3060.75	3672.9	1178.5162281445257	1388900.5	20	10.0	10.0	0	2.0	5.0	15.0	18.0	6.2048368229954285	38.5	255.0	127.5	127.5	0.0	25.5	63.75	191.25	229.5	74.04503134354572	5482.666666666667	255.0	127.5	127.5	0.0	25.5	63.75	191.25	229.5	74.04503134354572	5482.666666666667																					L455
16052023--s--Lm--st--L455--p--F06--pos003--tm--24--ch--Syto9--z--21	256.0	128.5	128.5	1.0	26.5	64.75	192.25	230.5	74.04503134354572	5482.666666666667	256.0	128.5	128.5	1.0	26.5	64.75	192.25	230.5	74.04503134354572	5482.666666666667	4079	2040.0	2040.0	1	408.8	1020.5	3059.5	3671.2	1177.6502027342417	1386860.0																					0.539	0.3215238095238095	0.364	0.009	0.021	0.197	0.457	0.507	0.183810668636948	0.0337863619047619																															0.024	0.0236190476190476	0.024	0.022	0.023	0.023	0.024	0.024	0.0006690433824641	4.4761904761904987e-07											4096.0	2449.5714285714284	2751.0	75.0	179.0	1509.0	3514.0	3927.0	1396.211143467512	1949405.557142857	12056.0	4096.0	2067.0	6.0	46.5	194.25	8211.5	10938.0	4305.632168291602	18538468.368627444	12713.0	4096.0	1682.0	10.0	41.0	158.25	8235.5	11498.5	4503.584302378208	20282271.568627413	16052023_s_Lm_st_L455_p_F06_pos003_tm_24_ch_Syto9_z_21.tif	16052023_s_Lm_st_L455_p_F06_pos003_tm_24_ch_Syto9_z_21.tif	4095	2056.0	2056.0	17	424.8	1036.5	3075.5	3687.2	1177.6502027342417	1386860.0																																																			270.932	269.2103333333333	269.203	268.147	268.659	268.837	269.416	269.788	0.6147413548260153	0.3779069333333249																							slice_0021	slice_0001	318306	32171.373866143666	7048.0	6	232.80000000000007	840.0	36673.0	85076.40000000013	58754.2962668257	3452067329.809929	15813.172	1598.8221939200785	350.386	0.298	11.574400000000004	41.764	1822.965	4228.032200000007	2919.192143913848	8521682.773088329	13806.667	691.5903275312577	26.667	0.0	0.0	0.0	262.667	1313.5370000000023	2114.9711265984024	4473102.866344915	53729	5398.227016425594	1176.0	1	38.80000000000001	140.0	6137.0	14288.2	9894.657370277137	97904244.4751796											98.147	58.55280952380952	66.381	1.719	3.89	35.796	83.176	92.398	33.47280988297673	1120.4290014619048	255.0	127.5	127.5	0.0	25.5	63.75	191.25	229.5	74.04503134354572	5482.666666666667	255	127.5	127.5	0	25.5	63.75	191.25	229.5	74.04503134354572	5482.666666666667	4078	2039.0	2039.0	0	407.8	1019.5	3058.5	3670.2	1177.6502027342417	1386860.0	20	10.0	10.0	0	2.0	5.0	15.0	18.0	6.2048368229954285	38.5	255.0	127.5	127.5	0.0	25.5	63.75	191.25	229.5	74.04503134354572	5482.666666666667	255.0	127.5	127.5	0.0	25.5	63.75	191.25	229.5	74.04503134354572	5482.666666666667																					L455
16052023--s--Lm--st--L455--p--F06--pos004--tm--24--ch--Syto9--z--21	256.0	128.5	128.5	1.0	26.5	64.75	192.25	230.5	74.04503134354572	5482.666666666667	256.0	128.5	128.5	1.0	26.5	64.75	192.25	230.5	74.04503134354572	5482.666666666667	4081	2041.0	2041.0	1	409.0	1021.0	3061.0	3673.0	1178.2275530077654	1388220.1666666667																					0.359	0.2079047619047619	0.242	0.012	0.021	0.144	0.316	0.337	0.1195198329826078	0.0142849904761904																															0.025	0.0232380952380952	0.023	0.021	0.023	0.023	0.024	0.024	0.0009436504599035	8.9047619047619e-07											2801.0	1608.4761904761904	1874.0	103.0	170.0	1089.0	2493.0	2614.0	928.1394086583988	861442.7619047619	12713.0	4096.0	1682.0	10.0	41.0	158.25	8235.5	11498.5	4503.584302378208	20282271.568627413	11664.0	4096.0	2232.5	3.0	92.5	312.0	8294.5	10710.0	4142.986371982333	17164336.078431334	16052023_s_Lm_st_L455_p_F06_pos004_tm_24_ch_Syto9_z_21.tif	16052023_s_Lm_st_L455_p_F06_pos004_tm_24_ch_Syto9_z_21.tif	4095	2055.0	2055.0	15	423.0	1035.0	3075.0	3687.0	1178.2275530077654	1388220.1666666667																																																			269.966	269.00214285714287	269.06	266.921	268.733	268.87	269.362	269.502	0.6670901202771901	0.4450092285714359																							slice_0021	slice_0001	384164	32129.654006370987	6918.0	6	258.0	876.0	35910.0	78920.0	62967.51194424691	3964907560.448877	19081.859	1596.6747385444744	343.858	0.298	12.827	43.554	1785.014	3922.189	3128.167877742883	9785434.271342412	20398.764	767.3510595442294	26.667	0.0	0.0	0.0	246.667	1116.0	2690.2440498819697	7237413.047925343	65009	5395.536633178142	1154.0	1	43.0	146.0	5995.0	13198.0	10625.659667350828	112904643.36636607											65.426	37.865857142857145	43.993	2.119	3.856	26.156	57.627	61.431	21.782080078095653	474.45901252857146	255.0	127.5	127.5	0.0	25.5	63.75	191.25	229.5	74.04503134354572	5482.666666666667	255	127.5	127.5	0	25.5	63.75	191.25	229.5	74.04503134354572	5482.666666666667	4080	2040.0	2040.0	0	408.0	1020.0	3060.0	3672.0	1178.2275530077654	1388220.1666666667	20	10.0	10.0	0	2.0	5.0	15.0	18.0	6.2048368229954285	38.5	255.0	127.5	127.5	0.0	25.5	63.75	191.25	229.5	74.04503134354572	5482.666666666667	255.0	127.5	127.5	0.0	25.5	63.75	191.25	229.5	74.04503134354572	5482.666666666667																					L455
16052023--s--Lm--st--L455--p--F06--pos005--tm--24--ch--Syto9--z--21	256.0	128.5	128.5	1.0	26.5	64.75	192.25	230.5	74.04503134354572	5482.666666666667	256.0	128.5	128.5	1.0	26.5	64.75	192.25	230.5	74.04503134354572	5482.666666666667	4076	2038.5	2038.5	1	408.5	1019.75	3057.25	3668.5	1176.7841773239477	1384821.0																					0.475	0.317	0.367	0.006	0.029	0.243	0.445	0.469	0.1691194843889964	0.0286014																															0.024	0.0235238095238095	0.024	0.02	0.022	0.024	0.024	0.024	0.0011233453440081	1.2619047619047584e-06											3668.0	2411.809523809524	2826.0	49.0	238.0	1813.0	3383.0	3573.0	1281.6182980531928	1642545.4619047623	11664.0	4096.0	2232.5	3.0	92.5	312.0	8294.5	10710.0	4142.986371982333	17164336.078431334	11275.0	4096.0	2547.5	12.0	135.5	440.5	7887.0	10288.0	3924.060460048707	15398250.494117668	16052023_s_Lm_st_L455_p_F06_pos005_tm_24_ch_Syto9_z_21.tif	16052023_s_Lm_st_L455_p_F06_pos005_tm_24_ch_Syto9_z_21.tif	4095	2057.5	2057.5	20	427.5	1038.75	3076.25	3687.5	1176.7841773239477	1384821.0																																																			269.748	268.99557142857145	269.035	267.393	268.559	268.905	269.235	269.445	0.4766197196328027	0.2271663571428514																							slice_0021	slice_0001	317124	32189.20068694799	8411.0	6	444.0	1407.0	38168.0	80538.0	57343.2973296703	3288253748.6389728	15754.793	1599.719374877331	418.1685	0.298	22.075	69.93025	1895.97625	4002.473	2849.112128732773	8117439.922092193	30303.402	686.4912836113838	33.333	0.0	0.0	0.0	269.333	1191.3335	2157.303500338649	4653958.392573387	53564	5401.91609421001	1402.5	1	74.0	234.75	6384.75	13532.0	9661.200003902832	93338785.51541208											86.528	57.74233333333333	66.919	1.025	5.21	44.167	81.022	85.364	30.81985972280428	949.8637533333334	255.0	127.5	127.5	0.0	25.5	63.75	191.25	229.5	74.04503134354572	5482.666666666667	255	127.5	127.5	0	25.5	63.75	191.25	229.5	74.04503134354572	5482.666666666667	4075	2037.5	2037.5	0	407.5	1018.75	3056.25	3667.5	1176.7841773239477	1384821.0	20	10.0	10.0	0	2.0	5.0	15.0	18.0	6.2048368229954285	38.5	255.0	127.5	127.5	0.0	25.5	63.75	191.25	229.5	74.04503134354572	5482.666666666667	255.0	127.5	127.5	0.0	25.5	63.75	191.25	229.5	74.04503134354572	5482.666666666667																					L455
16052023--s--Lm--st--L455--p--F07--pos001--tm--24--ch--Syto9--z--21	256.0	128.5	128.5	1.0	26.5	64.75	192.25	230.5	74.04503134354572	5482.666666666667	256.0	128.5	128.5	1.0	26.5	64.75	192.25	230.5	74.04503134354572	5482.666666666667	4085	2043.0	2043.0	1	409.4	1022.0	3064.0	3676.6	1179.3822535548006	1390942.5																					0.368	0.1878571428571428	0.178	0.03	0.055	0.095	0.287	0.354	0.1118875711213205	0.0125188285714285																															0.025	0.0234761904761904	0.024	0.021	0.022	0.023	0.024	0.024	0.0009807674351775	9.6190476190476e-07											2841.0	1447.6666666666667	1394.0	258.0	454.0	711.0	2221.0	2695.0	862.174305655958	743344.5333333333	11275.0	4096.0	2547.5	12.0	135.5	440.5	7887.0	10288.0	3924.060460048707	15398250.494117668	11729.0	4096.0	2037.0	22.0	44.5	187.5	8404.0	10780.5	4297.785337571334	18470958.80784314	16052023_s_Lm_st_L455_p_F07_pos001_tm_24_ch_Syto9_z_21.tif	16052023_s_Lm_st_L455_p_F07_pos001_tm_24_ch_Syto9_z_21.tif	4095	2053.0	2053.0	11	419.4	1032.0	3074.0	3686.6	1179.3822535548006	1390942.5																																																			270.377	269.19733333333335	269.141	268.544	268.797	268.979	269.356	269.716	0.4032183444900936	0.1625850333333318																							Ch1	Ch1	598788	32032.263892288865	5078.0	12	168.0	630.0	25130.0	63916.0	83584.37553296637	6986347833.235948	29745.49	1591.5170452876378	252.504	0.597	8.353	31.323	1249.174	3176.8422	4151.641104029775	17236123.85666957	36033.527	979.6655725826192	20.0	0.0	0.0	0.0	160.0	848.0	4275.736219638525	18281920.21992874	101600	5390.399265605875	847.0	2	28.0	105.0	4200.0	10696.2	14146.322374430123	200118436.7213024											67.058	34.22595238095238	32.409	5.506	9.969	17.247	52.243	64.401	20.39408762969354	415.91881024761904	255.0	127.5	127.5	0.0	25.5	63.75	191.25	229.5	74.04503134354572	5482.666666666667	255	127.5	127.5	0	25.5	63.75	191.25	229.5	74.04503134354572	5482.666666666667	4084	2042.0	2042.0	0	408.4	1021.0	3063.0	3675.6	1179.3822535548006	1390942.5	20	10.0	10.0	0	2.0	5.0	15.0	18.0	6.2048368229954285	38.5	255.0	127.5	127.5	0.0	25.5	63.75	191.25	229.5	74.04503134354572	5482.666666666667	255.0	127.5	127.5	0.0	25.5	63.75	191.25	229.5	74.04503134354572	5482.666666666667																					L455
16052023--s--Lm--st--L455--p--F07--pos002--tm--24--ch--Syto9--z--21	256.0	128.5	128.5	1.0	26.5	64.75	192.25	230.5	74.04503134354572	5482.666666666667	256.0	128.5	128.5	1.0	26.5	64.75	192.25	230.5	74.04503134354572	5482.666666666667	4082	2041.5	2041.5	1	409.1	1021.25	3061.75	3673.9	1178.5162281445257	1388900.5																					0.359	0.1933333333333333	0.198	0.024	0.046	0.086	0.31	0.356	0.1232498816767518	0.0151905333333333																															0.025	0.0235714285714285	0.024	0.021	0.023	0.023	0.024	0.025	0.0009783367810436	9.571428571428564e-07											2798.0	1486.142857142857	1489.0	211.0	367.0	650.0	2408.0	2684.0	952.06592658882	906429.5285714284	11729.0	4096.0	2037.0	22.0	44.5	187.5	8404.0	10780.5	4297.785337571334	18470958.80784314	10200.0	4096.0	2832.0	20.0	112.0	457.0	8190.0	9570.5	3746.640187960304	14037312.69803922	16052023_s_Lm_st_L455_p_F07_pos002_tm_24_ch_Syto9_z_21.tif	16052023_s_Lm_st_L455_p_F07_pos002_tm_24_ch_Syto9_z_21.tif	4095	2054.5	2054.5	14	422.1	1034.25	3074.75	3686.9	1178.5162281445257	1388900.5																																																			270.149	269.1305238095238	269.254	267.592	268.644	268.906	269.533	269.667	0.618648415422494	0.3827258619047627																							slice_0021	slice_0001	603066	32057.99902008819	6813.0	36	342.0	1172.5	25590.5	62039.00000000004	81266.88378009596	6604306399.327624	29955.372	1592.7711004409605	338.734	1.79	17.004	58.336	1272.264	3082.973700000002	4036.302979471493	16291741.74209045	37967.782	960.9810538951494	26.667	0.0	0.0	0.0	162.667	841.600300000001	4232.851661268618	17917033.1863045	102431	5394.223909848114	1137.5	6	57.0	196.0	4272.0	10381.600000000006	13757.651501434728	189272974.8349292											65.356	35.20028571428571	36.108	4.429	8.441	15.753	56.412	64.905	22.442298737301524	503.6567726142856	255.0	127.5	127.5	0.0	25.5	63.75	191.25	229.5	74.04503134354572	5482.666666666667	255	127.5	127.5	0	25.5	63.75	191.25	229.5	74.04503134354572	5482.666666666667	4081	2040.5	2040.5	0	408.1	1020.25	3060.75	3672.9	1178.5162281445257	1388900.5	20	10.0	10.0	0	2.0	5.0	15.0	18.0	6.2048368229954285	38.5	255.0	127.5	127.5	0.0	25.5	63.75	191.25	229.5	74.04503134354572	5482.666666666667	255.0	127.5	127.5	0.0	25.5	63.75	191.25	229.5	74.04503134354572	5482.666666666667																					L455
16052023--s--Lm--st--L455--p--F07--pos003--tm--24--ch--Syto9--z--21	256.0	128.5	128.5	1.0	26.5	64.75	192.25	230.5	74.04503134354572	5482.666666666667	256.0	128.5	128.5	1.0	26.5	64.75	192.25	230.5	74.04503134354572	5482.666666666667	4079	2040.0	2040.0	1	408.8	1020.5	3059.5	3671.2	1177.6502027342417	1386860.0																					0.563	0.3100952380952381	0.353	0.009	0.017	0.146	0.462	0.517	0.1893118867799655	0.0358389904761904																															0.025	0.0233809523809523	0.024	0.02	0.021	0.024	0.024	0.024	0.0013955712262794	1.947619047619046e-06											4304.0	2360.095238095238	2689.0	80.0	147.0	1093.0	3540.0	3940.0	1435.4346346929874	2060472.5904761904	10200.0	4096.0	2832.0	20.0	112.0	457.0	8190.0	9570.5	3746.640187960304	14037312.69803922	12242.0	4096.0	2058.0	6.0	58.0	231.5	8122.0	11084.5	4328.027838698478	18731824.97254902	16052023_s_Lm_st_L455_p_F07_pos003_tm_24_ch_Syto9_z_21.tif	16052023_s_Lm_st_L455_p_F07_pos003_tm_24_ch_Syto9_z_21.tif	4095	2056.0	2056.0	17	424.8	1036.5	3075.5	3687.2	1177.6502027342417	1386860.0																																																			270.094	269.1815238095238	269.232	267.93	268.704	269.0	269.44	269.669	0.4972952462117042	0.2473025619047595																							slice_0021	slice_0001	335624	32163.40524638392	6860.0	6	276.0	960.0	34494.0	86130.00000000006	60808.88637166383	3697720661.761923	16677.34	1598.381996322628	340.971	0.298	13.722	47.73	1714.7089999999998	4280.2998000000025	3021.136603281219	9127266.37568558	17745.276	709.4653670017161	26.667	0.0	0.0	0.0	233.333	1305.8666000000026	2245.722997916685	5043271.783371901	56642	5398.151752880608	1145.0	1	46.0	160.0	5765.0	14418.600000000008	10243.794249809687	104935320.63243406											102.524	56.468809523809526	64.245	1.598	3.057	26.625	84.218	94.101	34.49028280054985	1189.579607661905	255.0	127.5	127.5	0.0	25.5	63.75	191.25	229.5	74.04503134354572	5482.666666666667	255	127.5	127.5	0	25.5	63.75	191.25	229.5	74.04503134354572	5482.666666666667	4078	2039.0	2039.0	0	407.8	1019.5	3058.5	3670.2	1177.6502027342417	1386860.0	20	10.0	10.0	0	2.0	5.0	15.0	18.0	6.2048368229954285	38.5	255.0	127.5	127.5	0.0	25.5	63.75	191.25	229.5	74.04503134354572	5482.666666666667	255.0	127.5	127.5	0.0	25.5	63.75	191.25	229.5	74.04503134354572	5482.666666666667																					L455
16052023--s--Lm--st--L455--p--F07--pos004--tm--24--ch--Syto9--z--21	256.0	128.5	128.5	1.0	26.5	64.75	192.25	230.5	74.04503134354572	5482.666666666667	256.0	128.5	128.5	1.0	26.5	64.75	192.25	230.5	74.04503134354572	5482.666666666667	4077	2039.0	2039.0	1	408.6	1020.0	3058.0	3669.4	1177.0728524607132	1385500.5																					0.489	0.2845238095238095	0.303	0.012	0.029	0.201	0.434	0.465	0.1610082665727505	0.0259236619047619																															0.024	0.0233809523809523	0.024	0.02	0.022	0.023	0.024	0.024	0.0011169686869465	1.247619047619047e-06											3793.0	2179.333333333333	2336.0	106.0	241.0	1499.0	3292.0	3518.0	1230.146224370637	1513259.733333333	12242.0	4096.0	2058.0	6.0	58.0	231.5	8122.0	11084.5	4328.027838698478	18731824.97254902	11331.0	4096.0	2525.0	4.0	123.0	412.25	7863.25	10310.5	3975.314822407767	15803127.937254898	16052023_s_Lm_st_L455_p_F07_pos004_tm_24_ch_Syto9_z_21.tif	16052023_s_Lm_st_L455_p_F07_pos004_tm_24_ch_Syto9_z_21.tif	4095	2056.999509443218	2057.0	18	426.6	1038.0	3076.0	3687.4	1177.0737020253905	1385502.4999997572																																																			270.056	268.99814285714285	269.005	268.401	268.461	268.72	269.198	269.415	0.4288920943214349	0.1839484285714266																							slice_0021	slice_0001	347540	32171.30929605102	7638.0	6	354.0	1158.0	36152.0	79294.80000000006	60651.94135945712	3678657990.671025	17263.966	1598.7399916605343	379.752	0.298	17.6	57.574	1797.272	3941.4130000000023	3013.2521945281587	9079688.787828766	22572.332	728.8632457689476	26.667	0.0	0.0	0.0	253.333	1159.7334000000003	2387.684188248401	5701035.782811425	58688	5400.763061074319	1274.0	1	59.0	193.0	6038.0	13270.60000000001	10224.783269273254	104546192.90361024											88.994	51.80680952380952	55.179	2.206	5.245	36.612	79.025	84.67	29.30847063498716	858.9864509619047	255.0	127.5	127.5	0.0	25.5	63.75	191.25	229.5	74.04503134354572	5482.666666666667	255	127.5	127.5	0	25.5	63.75	191.25	229.5	74.04503134354572	5482.666666666667	4076	2038.0	2038.0	0	407.6	1019.0	3057.0	3668.4	1177.0728524607132	1385500.5	20	10.0	10.0	0	2.0	5.0	15.0	18.0	6.2048368229954285	38.5	255.0	127.5	127.5	0.0	25.5	63.75	191.25	229.5	74.04503134354572	5482.666666666667	255.0	127.5	127.5	0.0	25.5	63.75	191.25	229.5	74.04503134354572	5482.666666666667																					L455
16052023--s--Lm--st--L455--p--F07--pos005--tm--24--ch--Syto9--z--21	256.0	128.5	128.5	1.0	26.5	64.75	192.25	230.5	74.04503134354572	5482.666666666667	256.0	128.5	128.5	1.0	26.5	64.75	192.25	230.5	74.04503134354572	5482.666666666667	4078	2039.5	2039.5	1	408.7000000000001	1020.25	3058.75	3670.3	1177.361527597478	1386180.1666666667																					0.635	0.3403809523809523	0.354	0.015	0.043	0.194	0.478	0.569	0.1871746447012725	0.0350343476190476																															0.025	0.0238095238095238	0.024	0.021	0.022	0.024	0.024	0.025	0.0009807674351775	9.619047619047642e-07											4675.0	2570.0476190476197	2672.0	137.0	349.0	1473.0	3618.0	4209.0	1394.5956215401825	1944896.9476190477	11331.0	4096.0	2525.0	4.0	123.0	412.25	7863.25	10310.5	3975.314822407767	15803127.937254898	11369.0	4096.0	2291.0	5.0	117.0	402.25	8138.0	10469.5	4050.227462022058	16404342.494117636	16052023_s_Lm_st_L455_p_F07_pos005_tm_24_ch_Syto9_z_21.tif	16052023_s_Lm_st_L455_p_F07_pos005_tm_24_ch_Syto9_z_21.tif	4095	2056.5	2056.5	18	425.7000000000001	1037.25	3075.75	3687.3	1177.361527597478	1386180.1666666667																																																			270.802	269.3479523809524	269.331	268.443	268.905	269.056	269.501	269.824	0.4825589576611935	0.2328631476190575																							slice_0021	slice_0001	449004	32132.90583619421	5672.0	6	270.0	874.0	26547.0	74901.40000000004	73221.52218722143	5361391311.413761	22306.272	1596.664557135851	281.98900000000003	0.298	13.424	43.422	1319.6419999999998	3722.790900000002	3637.537656370024	13231680.201509926	22074.255	830.3999333006375	20.0	0.0	0.0	0.0	173.333	1102.000100000001	3026.205705199545	9157920.970182275	75920	5399.504904364885	945.5	1	45.0	146.0	4432.0	12541.500000000007	12354.104516557818	152623898.40603426											115.672	61.99352380952381	64.505	2.814	7.85	35.24	86.962	103.584	34.078220369642324	1161.3251035619048	255.0	127.5	127.5	0.0	25.5	63.75	191.25	229.5	74.04503134354572	5482.666666666667	255	127.5	127.5	0	25.5	63.75	191.25	229.5	74.04503134354572	5482.666666666667	4077	2038.5	2038.5	0	407.7000000000001	1019.25	3057.75	3669.3	1177.361527597478	1386180.1666666667	20	10.0	10.0	0	2.0	5.0	15.0	18.0	6.2048368229954285	38.5	255.0	127.5	127.5	0.0	25.5	63.75	191.25	229.5	74.04503134354572	5482.666666666667	255.0	127.5	127.5	0.0	25.5	63.75	191.25	229.5	74.04503134354572	5482.666666666667																					L455
16052023--s--Lm--st--L455--p--G03--pos001--tm--24--ch--Syto9--z--21	256.0	128.5	128.5	1.0	26.5	64.75	192.25	230.5	74.04503134354572	5482.666666666667	256.0	128.5	128.5	1.0	26.5	64.75	192.25	230.5	74.04503134354572	5482.666666666667	2802	1401.5	1401.5	1	281.1	701.25	2101.75	2521.9	809.0120518261764	654500.5																					0.185	0.1056190476190476	0.093	0.046	0.059	0.064	0.137	0.172	0.043700659251865	0.0019097476190476																															0.029	0.0267619047619047	0.027	0.025	0.026	0.026	0.027	0.028	0.0009952267030562	9.904761904761917e-07											1237.0	722.3809523809524	618.0	315.0	398.0	465.0	957.0	1216.0	308.4041952033851	95113.14761904764	11369.0	4096.0	2291.0	5.0	117.0	402.25	8138.0	10469.5	4050.227462022058	16404342.494117636	21388.0	4096.0	60.5	0.0	0.0	2.0	5050.25	17958.0	6874.68702859821	47261321.74117649	16052023_s_Lm_st_L455_p_G03_pos001_tm_24_ch_Syto9_z_21.tif	16052023_s_Lm_st_L455_p_G03_pos001_tm_24_ch_Syto9_z_21.tif	3760	1429.56852248394	1410.5	10	290.1	710.25	2110.75	2565.9	842.6451893608879	710050.9151530466																																																			269.474	268.8095238095238	268.897	267.875	268.161	268.517	269.208	269.326	0.4573914755488674	0.2092069619047702																							Ch1	Ch1	998776	46432.3119200571	1320.0	6	12.0	42.0	32826.0	117633.4000000001	127957.656556417	16373161871.409967	49596.467	2306.6641170592434	65.67699999999999	0.298	0.597	2.088	1631.826	5847.053300000005	6353.884353071587	40371846.37220793	103010.302	2224.650933618844	6.667	0.0	0.0	0.0	346.667	2377.0670000000014	10469.9395379821	109619633.9290008	171844	7858.706638115632	220.5	1	2.0	7.0	5488.5	19729.80000000001	21866.066051437298	478124844.56581867											33.607	19.21814285714286	16.969	8.371	10.803	11.723	24.871	31.367	7.938066731173998	63.01290342857144	255.0	127.5	127.5	0.0	25.5	63.75	191.25	229.5	74.04503134354572	5482.666666666667	255	127.5	127.5	0	25.5	63.75	191.25	229.5	74.04503134354572	5482.666666666667	2801	1400.5	1400.5	0	280.1	700.25	2100.75	2520.9	809.0120518261764	654500.5	20	10.0	10.0	0	2.0	5.0	15.0	18.0	6.2048368229954285	38.5	255.0	127.5	127.5	0.0	25.5	63.75	191.25	229.5	74.04503134354572	5482.666666666667	255.0	127.5	127.5	0.0	25.5	63.75	191.25	229.5	74.04503134354572	5482.666666666667																					L455
16052023--s--Lm--st--L455--p--G03--pos002--tm--24--ch--Syto9--z--21	17179.0	8590.0	8590.0	1.0	1718.8000000000002	4295.5	12884.5	15461.2	4959.294472671155	24594601.666666668	256.0	128.5	128.5	1.0	26.5	64.75	192.25	230.5	74.04503134354572	5482.666666666667	2748	1374.5	1374.5	1	275.7	687.75	2061.25	2473.3	793.423594305085	629521.0	19927.0	9964.0	9964.0	1.0	1993.6	4982.5	14945.5	17934.4	5752.573742827351	33092104.666666668																					0.087	0.0261185167937598	0.017	0.017	0.017	0.017	0.035	0.052	0.0171721416389869	0.0002948824484694	0.087	0.0225166859035479	0.017	0.0	0.0	0.017	0.017	0.052	0.01831175840633	0.0003353204959317																																																			21405.0	4096.0	96.5	0.0	0.0	3.0	6514.5	16585.5	6524.882588981968	42574092.800000034	16052023_s_Lm_st_L455_p_G03_pos002_tm_24_ch_Syto9_z_21.tif	16052023_s_Lm_st_L455_p_G03_pos002_tm_24_ch_Syto9_z_21.tif	4095	1408.5014556040758	1383.5	10	284.7	696.75	2070.25	2520.9000000000005	840.3788077930179	706236.5405876142	4095.0	194.2370652883023	0.0	0.0	0.0	0.0	0.0	764.4000000000015	577.2597472747664	333228.8158237271	376.0	271.69404505500904	267.0	256.0	257.0	261.0	278.0	292.0	14.945595249824876	223.37081737158783	376.0	234.2265268229036	265.0	0.0	0.0	258.0	276.0	290.0	94.70423842768524	8968.892776167855	347.0	268.5865923511264	266.0	256.0	257.0	260.0	274.0	283.0	10.831336888839028	117.31785879952513											347.0	231.547602248206	264.0	0.0	0.0	258.0	272.25	282.0	93.15502281923244	8677.858276451716	347.0	265.93329064555564	263.0	256.0	257.0	259.0	270.0	280.0	10.151459678576446	103.0521336057634	347.0	229.26019972901088	261.0	0.0	0.0	257.0	269.0	278.0	92.17886026446062	8496.942279654959					841148	47401.61499272198	1211.0	6	6.0	42.0	34809.5	128822.00000000004	120554.60196097418	14533412053.96892	41763.09	2354.940250363901	60.2415	0.298	0.298	2.088	1730.74625	6402.6644000000015	5987.161005988979	35846096.91163497	79673.066	2107.6243173216885	6.667	0.0	0.0	0.0	360.0	2555.4668000000006	8933.3529722038	79804795.32598247	144239	8013.135371179039	202.0	1	1.0	7.0	5818.5	21595.200000000004	20545.795529131454	422129713.924878																					17178.0	8589.0	8589.0	0.0	1717.8000000000002	4294.5	12883.5	15460.2	4959.294472671155	24594601.666666668	255	127.5	127.5	0	25.5	63.75	191.25	229.5	74.04503134354572	5482.666666666667	2747	1373.5	1373.5	0	274.7	686.75	2060.25	2472.3	793.423594305085	629521.0	19926	9963.0	9963.0	0	1992.6	4981.5	14944.5	17933.4	5752.573742827351	33092104.666666668											255.0	127.5	127.5	0.0	25.5	63.75	191.25	229.5	74.04503134354572	5482.666666666667	144239.0	1105.038189391278	0.0	0.0	0.0	0.0	0.0	9.0	8113.503029506627	65828931.40981321	1252.581	9.5962290861645	0.0	0.0	0.0	0.0	0.0	0.078	70.45821740414888	4964.360399770308	L455
16052023--s--Lm--st--L455--p--G03--pos003--tm--24--ch--Syto9--z--21	17701.0	8851.0	8851.0	1.0	1771.0	4426.0	13276.0	15931.0	5109.982892991587	26111925.166666668	256.0	128.5	128.5	1.0	26.5	64.75	192.25	230.5	74.04503134354572	5482.666666666667	3236	1618.5	1618.5	1	324.5	809.75	2427.25	2912.5	934.29706196691	872911.0	20937.0	10469.0	10469.0	1.0	2094.6	5235.0	15703.0	18843.4	6044.135628855461	36531575.5																					0.087	0.0251745664086774	0.017	0.017	0.017	0.017	0.035	0.052	0.0163683320228078	0.0002679222932088	0.087	0.0212836127429908	0.017	0.0	0.0	0.017	0.017	0.035	0.0175877242122397	0.0003093280429658																																																			27687.0	4096.0	55.5	0.0	0.0	2.0	3727.25	18397.5	7542.390517705151	56887654.72156858	16052023_s_Lm_st_L455_p_G03_pos003_tm_24_ch_Syto9_z_21.tif	16052023_s_Lm_st_L455_p_G03_pos003_tm_24_ch_Syto9_z_21.tif	4095	1653.2175525339926	1627.5	10	333.5	818.75	2436.25	2959.5	980.2353297303806	960861.301651628	4095.0	255.51951091369347	0.0	0.0	0.0	0.0	0.0	1151.4000000000017	711.074579101458	505627.0570443156	430.0	271.05547709168974	267.0	256.0	257.0	260.0	277.0	290.0	14.499938674127025	210.24822155344447	430.0	229.16143669102544	264.0	0.0	0.0	258.0	275.0	288.0	98.8873499673657	9778.70798356826	355.2	268.3006738037399	266.0	256.0	257.0	260.0	273.5	283.0	10.804645497878829	116.7403643348332											355.2	226.8324128098581	263.5	0.0	0.0	257.5	272.0	281.0	97.49610876971911	9505.4912252369	345.0	265.944918366194	263.0	256.0	257.0	258.0	270.0	280.0	10.248040450439465	105.0223330738435	345.0	224.8407603763672	261.0	0.0	0.0	257.0	268.0	278.0	96.59772767676468	9331.120992314389					621976	40358.25587144623	833.0	6	12.0	40.0	27985.5	133101.0	95946.21693605251	9205676544.34005	30896.299	2005.2774076019773	41.448	0.298	0.597	2.02875	1389.5825	6616.165	4765.843870135034	22713267.79450368	45796.905	1483.2716495673671	6.667	0.0	0.0	0.0	258.667	2510.4605	5723.686974367466	32760592.580543797	106029	6804.726823238566	139.0	1	2.0	7.0	4679.25	22298.5	16274.637955384123	264863840.57882956																					17700.0	8850.0	8850.0	0.0	1770.0	4425.0	13275.0	15930.0	5109.982892991587	26111925.166666668	255	127.5	127.5	0	25.5	63.75	191.25	229.5	74.04503134354572	5482.666666666667	3235	1617.5	1617.5	0	323.5	808.75	2426.25	2911.5	934.29706196691	872911.0	20936	10468.0	10468.0	0	2093.6	5234.0	15702.0	18842.4	6044.135628855461	36531575.5											255.0	127.5	127.5	0.0	25.5	63.75	191.25	229.5	74.04503134354572	5482.666666666667	106029.0	1051.7311935807422	0.0	0.0	0.0	0.0	0.0	22.0	6853.996350226104	46977265.968912765	920.763	9.133305487892247	0.0	0.0	0.0	0.0	0.0	0.191	59.5205744478891	3542.698782606709	L455
16052023--s--Lm--st--L455--p--G03--pos004--tm--24--ch--Syto9--z--21	18057.0	9029.0	9029.0	1.0	1806.6	4515.0	13543.0	16251.4	5212.7512409475285	27172775.5	256.0	128.5	128.5	1.0	26.5	64.75	192.25	230.5	74.04503134354572	5482.666666666667	3587	1794.0	1794.0	1	359.6	897.5	2690.5	3228.4	1035.6220353005242	1072513.0	21644.0	10822.5	10822.5	1.0	2165.3	5411.75	16233.25	19479.7	6248.228949070289	39040365.0																					0.087	0.0253400343357146	0.017	0.017	0.017	0.017	0.035	0.052	0.0166304442636255	0.0002765716764055	0.087	0.0211405008316392	0.017	0.0	0.0	0.017	0.017	0.052	0.0178750789220903	0.0003195184464709																																																			24234.0	4096.0	67.0	0.0	0.0	3.0	3874.75	18523.0	7363.078639999951	54214927.05882354	16052023_s_Lm_st_L455_p_G03_pos004_tm_24_ch_Syto9_z_21.tif	16052023_s_Lm_st_L455_p_G03_pos004_tm_24_ch_Syto9_z_21.tif	4095	1825.6557011430164	1804.0	11	369.6	907.5	2700.5	3282.4	1072.20861857603	1149631.3217487184	4095.0	302.5608482720384	0.0	0.0	0.0	0.0	0.0	1432.7000000000007	807.0508371691873	651331.053775486	453.0	271.1600487345628	267.0	256.0	257.0	260.0	278.0	290.0	14.564508734011913	212.1249146631093	453.0	226.22144705230087	264.0	0.0	0.0	257.0	275.0	288.0	101.70306600634572	10343.51363509111	369.8	268.33137525613336	266.0	256.0	257.0	260.0	274.0	282.70019999999994	10.669467840216996	113.8375439934247											369.8	223.86156177231567	263.5	0.0	0.0	257.0	272.0	281.0	100.25224465465573	10050.512558296943	336.0	265.9136622916321	263.0	256.0	257.0	258.0	270.0	279.0	10.038738655219962	100.77627378780753	336.0	221.84452966180004	261.0	0.0	0.0	257.0	268.0	278.0	99.30267794654594	9861.02184735542					713734	36373.501533314746	696.0	6	12.0	36.0	21799.0	99752.4	98001.28010503494	9604250902.225515	35439.373	1807.102013939225	34.604	0.298	0.597	1.79	1083.545	4957.2782	4867.0912096117	23688576.84267948	59628.679	1441.898040702537	0.0	0.0	0.0	0.0	182.667	1657.8666	6433.76701011635	41393357.94046148	122013	6138.861444103708	116.0	1	2.0	6.0	3640.5	16711.4	16657.052197198776	277457387.90020454																					18056.0	9028.0	9028.0	0.0	1805.6	4514.0	13542.0	16250.4	5212.7512409475285	27172775.5	255	127.5	127.5	0	25.5	63.75	191.25	229.5	74.04503134354572	5482.666666666667	3586	1793.0	1793.0	0	358.6	896.5	2689.5	3227.4	1035.6220353005242	1072513.0	21643	10821.5	10821.5	0	2164.3	5410.75	16232.25	19478.7	6248.228949070289	39040365.0											255.0	127.5	127.5	0.0	25.5	63.75	191.25	229.5	74.04503134354572	5482.666666666667	122013.0	1017.3764553686934	0.0	0.0	0.0	0.0	0.0	31.0	7154.178223262798	51182266.05020765	1059.569	8.834966595823323	0.0	0.0	0.0	0.0	0.0	0.269	62.12737670570023	3859.810936331984	L455
16052023--s--Lm--st--L455--p--G03--pos005--tm--24--ch--Syto9--z--21	22830.0	11415.5	11415.5	1.0	2283.9	5708.25	17122.75	20547.1	6590.597658786341	43435977.5	256.0	128.5	128.5	1.0	26.5	64.75	192.25	230.5	74.04503134354572	5482.666666666667	3319	1660.0	1660.0	1	332.8	830.5	2489.5	2987.2000000000003	958.2570984170516	918256.6666666666	26149.0	13075.0	13075.0	1.0	2615.8	6538.0	19612.0	23534.2	7548.710430707132	56983029.16666666																					0.087	0.0253778361804643	0.017	0.017	0.017	0.017	0.035	0.052	0.0164883540457578	0.0002718658191382	0.087	0.0221567172740831	0.017	0.0	0.0	0.017	0.017	0.052	0.0175707052739287	0.0003087296838232																																																			23666.0	4096.0	79.0	0.0	0.0	4.0	4180.5	18178.5	7156.803036409539	51219829.7019608	16052023_s_Lm_st_L455_p_G03_pos005_tm_24_ch_Syto9_z_21.tif	16052023_s_Lm_st_L455_p_G03_pos005_tm_24_ch_Syto9_z_21.tif	4095	1696.040373606508	1671.0	12	343.8	841.5	2500.5	3044.2000000000003	1001.950697538732	1003905.2002983518	4095.0	215.2724004742055	0.0	0.0	0.0	0.0	0.0	715.2000000000007	667.9590407535084	446169.280124347	443.0	270.82829610162065	267.0	256.0	257.0	260.0	277.0	290.0	14.098961452375942	198.78071403558272	443.0	236.45301923591725	265.0	0.0	0.0	258.0	275.0	288.0	91.11530096526651	8301.998069991096	380.5	268.0778506351292	266.0	256.0	257.0	260.0	273.0	282.0	10.451474695800124	109.23332331695023											380.5	234.05167807564345	264.0	0.0	0.0	258.0	272.0	281.0	89.77502742728218	8059.555549569269	343.0	265.730223390276	263.0	256.0	257.0	258.0	270.0	279.0	9.896935807576275	97.94933837928548	343.0	232.0020268461509	261.0	0.0	0.0	257.0	268.0	278.0	88.94282274978889	7910.825718700364					721702	39312.03073214824	838.0	6	6.0	42.0	21447.0	103475.20000000016	107371.91593836418	11528728332.275145	35846.79	1953.0622512805064	41.632	0.298	0.298	2.088	1066.076	5142.649800000008	5333.034256018955	28441254.375871647	52688.073	1559.336332931606	6.667	0.0	0.0	0.0	180.0	1817.8664000000008	6526.364719495426	42593436.45187461	123012	6634.557396806267	140.0	1	1.0	7.0	3582.5	17334.00000000003	18225.580530957595	332171785.6904205																					22829.0	11414.5	11414.5	0.0	2282.9	5707.25	17121.75	20546.1	6590.597658786341	43435977.5	255	127.5	127.5	0	25.5	63.75	191.25	229.5	74.04503134354572	5482.666666666667	3318	1659.0	1659.0	0	331.8	829.5	2488.5	2986.2000000000003	958.2570984170516	918256.6666666666	26148	13074.0	13074.0	0	2614.8	6537.0	19611.0	23533.2	7548.710430707132	56983029.16666666											255.0	127.5	127.5	0.0	25.5	63.75	191.25	229.5	74.04503134354572	5482.666666666667	123012.0	842.1008833989828	0.0	0.0	0.0	0.0	0.0	4.200000000000728	6857.7195203177	47028317.01934642	1068.245	7.312863321733144	0.0	0.0	0.0	0.0	0.0	0.0366000000000058	59.55290700651962	3546.548732927173	L455
16052023--s--Lm--st--L455--p--G04--pos001--tm--24--ch--Syto9--z--21	16141.0	8071.0	8071.0	1.0	1615.0	4036.0	12106.0	14527.0	4659.649682826668	21712335.166666668	256.0	128.5	128.5	1.0	26.5	64.75	192.25	230.5	74.04503134354572	5482.666666666667	4075	2038.0	2038.0	1	408.4	1019.5	3056.5	3667.6	1176.4955021871808	1384141.6666666667	20216.0	10108.5	10108.5	1.0	2022.5	5054.75	15162.25	18194.5	5836.000856751137	34058906.0																					0.087	0.0243914255622328	0.017	0.017	0.017	0.017	0.017	0.052	0.0155694251526749	0.0002424069995847	0.087	0.0194747724574594	0.017	0.0	0.0	0.017	0.017	0.035	0.0170087421818493	0.0002892973106086																																																			18532.0	4096.0	110.5	0.0	0.0	2.0	6514.0	16647.0	6428.225011008624	41322076.79215683	16052023_s_Lm_st_L455_p_G04_pos001_tm_24_ch_Syto9_z_21.tif	16052023_s_Lm_st_L455_p_G04_pos001_tm_24_ch_Syto9_z_21.tif	4095	2048.4220858895706	2048.0	11	418.4	1029.5	3066.5	3677.6	1177.187108520322	1385769.4884664365	4095.0	412.90660862683023	0.0	0.0	0.0	0.0	0.0	2063.5	977.0504343724022	954627.5513072996	489.0	270.69989467814884	267.0	256.0	257.0	260.0	277.0	289.0	13.971918840944928	195.21451609795184	489.0	216.13410170162248	263.0	0.0	0.0	257.0	274.0	286.0	109.31593957460991	11949.974645079768	366.8	268.2513898147575	266.0	256.0	257.0	260.0	273.5	282.333	10.786835968007424	116.3558302006987											366.8	214.1791493371587	263.0	0.0	0.0	257.0	271.0	280.0	108.04915474808824	11674.61984177632	348.0	266.1397063378973	263.0	256.0	257.0	259.0	270.0	280.0	10.370025082474736	107.53742021115517	348.0	212.49312425801347	261.0	0.0	0.0	256.0	268.0	277.0	107.17254057172582	11485.953452598216					794534	32033.19263803681	1774.0	6	30.0	126.0	21958.0	78213.59999999996	90679.428474578	8222758748.476107	39445.555	1591.2109808588957	88.169	0.298	1.492	6.265	1091.79	3886.6473999999994	4502.398108047289	20271588.7233478	71453.592	1216.2307872392637	6.667	0.0	0.0	0.0	136.0	1074.9329999999986	6359.454523517527	40442661.836687535	136138	5403.698650306748	296.0	1	5.0	21.0	3665.5	13093.599999999997	15434.099407110753	238211424.50857648																					16140.0	8070.0	8070.0	0.0	1614.0	4035.0	12105.0	14526.0	4659.649682826668	21712335.166666668	255	127.5	127.5	0	25.5	63.75	191.25	229.5	74.04503134354572	5482.666666666667	4074	2037.0	2037.0	0	407.4	1018.5	3055.5	3666.6	1176.4955021871808	1384141.6666666667	20215	10107.5	10107.5	0	2021.5	5053.75	15161.25	18193.5	5836.000856751137	34058906.0											255.0	127.5	127.5	0.0	25.5	63.75	191.25	229.5	74.04503134354572	5482.666666666667	136138.0	1089.240997229917	0.0	0.0	0.0	0.0	0.0	309.0	7259.979214747025	52707298.19855884	1182.232	9.459042144835774	0.0	0.0	0.0	0.0	0.0	2.683	63.04615941887268	3974.8182174699086	L455
16052023--s--Lm--st--L455--p--G04--pos002--tm--24--ch--Syto9--z--21	11349.0	5675.0	5675.0	1.0	1135.8	2838.0	8512.0	10214.2	3276.318436904447	10734262.5	256.0	128.5	128.5	1.0	26.5	64.75	192.25	230.5	74.04503134354572	5482.666666666667	4037	2019.0	2019.0	1	404.6	1010.0	3028.0	3633.4	1165.5258469892462	1358450.5	15386.0	7693.5	7693.5	1.0	1539.5	3847.25	11539.75	13847.5	4441.69995609789	19728698.5																					0.087	0.0252479513613534	0.017	0.017	0.017	0.017	0.035	0.052	0.0166348334178636	0.00027671768284	0.087	0.0186233588976992	0.017	0.0	0.0	0.0	0.017	0.035	0.0180966178200065	0.0003274875765233																																																			17794.0	4096.0	188.0	0.0	1.0	7.0	7454.5	15609.5	6130.99183352458	37589060.8627451	16052023_s_Lm_st_L455_p_G04_pos002_tm_24_ch_Syto9_z_21.tif	16052023_s_Lm_st_L455_p_G04_pos002_tm_24_ch_Syto9_z_21.tif	4095	2031.158038147139	2029.0	11	414.6	1020.0	3038.0	3644.4	1169.046897458269	1366670.648456805	4095.0	532.9380605745483	0.0	0.0	0.0	0.0	200.75	2508.5	1075.6550387991963	1157033.7624941005	502.0	271.1376332716539	267.0	256.0	257.0	260.0	277.0	291.0	15.164521957261044	229.96272619225232	502.0	199.99616534511892	262.0	0.0	0.0	0.0	273.0	287.0	119.99402671021906	14398.566446132769	413.0	268.32840479337386	266.0	256.0	257.0	260.0	274.0	283.0	11.048093369763505	122.06036710701233											413.0	197.9240261276485	261.667	0.0	0.0	0.0	270.0	280.0	118.42996130099628	14025.655733755471	338.0	265.93937791875936	263.0	256.0	257.0	259.0	270.0	279.0	10.14940510769928	103.01042404019223	338.0	196.16183543481085	260.0	0.0	0.0	0.0	267.0	276.0	117.32246644571806	13764.56113290664					786004	32332.33638840723	1712.0	6	24.0	102.0	26452.0	73074.00000000001	92443.31432584445	8545766363.546875	39021.389	1606.324070596978	85.151	0.298	1.193	5.071	1315.032	3632.413200000001	4590.532867713691	21072992.009559687	67060.881	1236.3046678226406	6.667	0.0	0.0	0.0	200.0	992.5332	6409.040769825488	41075803.58928528	134554	5454.559326232351	286.0	1	4.0	17.0	4419.0	12229.200000000004	15733.833402981823	247553513.5527866																					11348.0	5674.0	5674.0	0.0	1134.8	2837.0	8511.0	10213.2	3276.318436904447	10734262.5	255	127.5	127.5	0	25.5	63.75	191.25	229.5	74.04503134354572	5482.666666666667	4036	2018.0	2018.0	0	403.6	1009.0	3027.0	3632.4	1165.5258469892462	1358450.5	15385	7692.5	7692.5	0	1538.5	3846.25	11538.75	13846.5	4441.69995609789	19728698.5											255.0	127.5	127.5	0.0	25.5	63.75	191.25	229.5	74.04503134354572	5482.666666666667	134554.0	1431.177434030937	0.0	0.0	0.0	0.0	2.0	1122.0	8408.335248671572	70700101.65405282	1168.476	12.428441700246976	0.0	0.0	0.0	0.0	0.017	9.7435	73.01855978002126	5331.710072348539	L455
16052023--s--Lm--st--L455--p--G04--pos003--tm--24--ch--Syto9--z--21	18468.0	9234.5	9234.5	1.0	1847.7	4617.75	13851.25	16621.3	5331.396721310467	28423791.0	256.0	128.5	128.5	1.0	26.5	64.75	192.25	230.5	74.04503134354572	5482.666666666667	4061	2031.0	2031.0	1	407.0	1016.0	3046.0	3655.0	1172.4540502723337	1374648.5	22529.0	11265.0	11265.0	1.0	2253.8	5633.0	16897.0	20276.2	6503.706443252186	42298197.5																					0.087	0.0239796404591726	0.017	0.017	0.017	0.017	0.017	0.035	0.0149374000055678	0.0002231259189263	0.087	0.0196571530027964	0.017	0.0	0.0	0.017	0.017	0.035	0.0163669115088382	0.0002678757923381																																																			18868.0	4096.0	291.5	0.0	1.0	9.0	6981.25	15492.0	6065.791603125601	36793827.77254905	16052023_s_Lm_st_L455_p_G04_pos003_tm_24_ch_Syto9_z_21.tif	16052023_s_Lm_st_L455_p_G04_pos003_tm_24_ch_Syto9_z_21.tif	4095	2043.9258803250432	2043.0	13	419.0	1028.0	3058.0	3667.0	1173.9645695312852	1378192.8105147758	4095.0	368.43104443162144	0.0	0.0	0.0	0.0	0.0	1820.2000000000007	930.4353052230936	865709.8572055913	442.0	270.08246696989386	266.0	256.0	257.0	260.0	276.0	288.0	13.599958357302013	184.9588673203488	442.0	221.3983310399929	263.0	0.0	0.0	257.0	273.0	286.0	104.54990308187986	10930.682234430473	358.4	267.7766137643491	265.0	256.0	257.0	260.0	273.0	281.667	10.390723201898473	107.96712865847124											358.4	219.50812299702605	263.0	0.0	0.0	257.0	271.0	280.0	103.36489059672064	10684.300608072028	336.0	265.77133419969675	263.0	256.0	257.0	258.0	270.0	279.0	9.932340951629063	98.65139677940772	336.0	217.8643082249545	261.0	0.0	0.0	256.0	268.0	277.0	102.56004299758486	10518.562419666454					495168	32219.80546663384	1700.0	6	30.0	102.0	29012.0	91694.0	74071.4563849115	5486580650.981846	24592.367	1600.9409199704508	84.457	0.298	1.492	5.071	1442.377	4557.2	3679.267414713264	13537008.708970822	33841.527	996.5724631864072	6.667	0.0	0.0	0.0	213.333	1413.333	4007.1102046308033	16056932.192056317	84265	5422.330214232948	284.0	1	5.0	17.0	4846.0	15347.0	12542.080062950658	157303772.3054644																					18467.0	9233.5	9233.5	0.0	1846.7	4616.75	13850.25	16620.3	5331.396721310467	28423791.0	255	127.5	127.5	0	25.5	63.75	191.25	229.5	74.04503134354572	5482.666666666667	4060	2030.0	2030.0	0	406.0	1015.0	3045.0	3654.0	1172.4540502723337	1374648.5	22528	11264.0	11264.0	0	2252.8	5632.0	16896.0	20275.2	6503.706443252186	42298197.5											255.0	127.5	127.5	0.0	25.5	63.75	191.25	229.5	74.04503134354572	5482.666666666667	84265.0	977.4111589506858	0.0	0.0	0.0	0.0	0.0	151.20000000000073	5717.868194389165	32694016.68840721	731.763	8.487903946025124	0.0	0.0	0.0	0.0	0.0	1.3128000000000064	49.65436173550301	2465.555639360185	L455
16052023--s--Lm--st--L455--p--G04--pos004--tm--24--ch--Syto9--z--21	9992.0	4996.5	4996.5	1.0	1000.1	2498.75	7494.25	8992.9	2884.5862788275203	8320838.0	256.0	128.5	128.5	1.0	26.5	64.75	192.25	230.5	74.04503134354572	5482.666666666667	4080	2040.5	2040.5	1	408.9	1020.75	3060.25	3672.1	1177.938877871004	1387540.0	14072.0	7036.5	7036.5	1.0	1408.1	3518.75	10554.25	12664.9	4062.3808290213274	16502938.0																					0.087	0.0257887309847878	0.017	0.017	0.017	0.017	0.035	0.052	0.0172510387981867	0.0002975983396165	0.087	0.0183116117111995	0.017	0.0	0.0	0.0	0.017	0.035	0.0186610593177939	0.0003482351348622																																																			16859.0	4096.0	435.0	0.0	1.0	15.0	8507.75	14375.0	5688.760521121159	32361996.26666668	16052023_s_Lm_st_L455_p_G04_pos004_tm_24_ch_Syto9_z_21.tif	16052023_s_Lm_st_L455_p_G04_pos004_tm_24_ch_Syto9_z_21.tif	4095	2049.775	2049.5	10	417.9	1029.75	3069.25	3682.1	1178.3841556559787	1388589.218301054	4095.0	594.306566230813	0.0	0.0	0.0	0.0	571.25	2681.9	1125.8729438462306	1267589.8856849775	463.0	271.51281024819855	267.0	256.0	257.0	260.0	278.0	291.0	15.1765124421172	230.3265299057381	463.0	192.79107447413304	261.0	0.0	0.0	0.0	273.0	287.0	123.86068023711996	15341.468108802075	365.4	268.48001801441154	266.0	256.0	257.0	260.0	274.0	283.0	10.95165477607732	119.9387423343772											365.4	190.6376023308698	261.0	0.0	0.0	0.0	270.0	280.0	122.17163194110368	14925.907651152502	343.0	265.8924139311449	263.0	256.0	257.0	259.0	270.0	279.0	10.186379169563931	103.76232058612602	343.0	188.80024161455373	259.0	0.0	0.0	0.0	266.0	276.0	120.95342391523072	14629.73075681751					894010	31965.80245098039	1589.0	6	36.0	120.0	23041.5	70147.2	98497.61593552314	9701780344.98182	44381.514	1587.9750404411766	78.987	0.298	1.79	5.966	1145.40175	3486.7667999999994	4890.588877477954	23917859.568511076	79474.304	1298.1263210784314	6.667	0.0	0.0	0.0	160.0	949.333	7216.062586519739	52071559.25256994	153230	5397.0762254901965	265.0	1	6.0	20.0	3848.5	11736.5	16787.448258562188	281818419.03390265																					9991.0	4995.5	4995.5	0.0	999.1	2497.75	7493.25	8991.9	2884.5862788275203	8320838.0	255	127.5	127.5	0	25.5	63.75	191.25	229.5	74.04503134354572	5482.666666666667	4079	2039.5	2039.5	0	407.9	1019.75	3059.25	3671.1	1177.938877871004	1387540.0	14071	7035.5	7035.5	0	1407.1	3517.75	10553.25	12663.9	4062.3808290213274	16502938.0											255.0	127.5	127.5	0.0	25.5	63.75	191.25	229.5	74.04503134354572	5482.666666666667	153230.0	1564.81637293917	0.0	0.0	0.0	0.0	7.0	1432.699999999999	9364.438028545568	87692699.59047042	1330.66	13.588969869243888	0.0	0.0	0.0	0.0	0.061	12.441399999999993	81.32142220165402	6613.173708899667	L455
16052023--s--Lm--st--L455--p--G04--pos005--tm--24--ch--Syto9--z--21	23297.0	11649.0	11649.0	1.0	2330.6	5825.0	17473.0	20967.4	6725.4089466738005	45231125.5	256.0	128.5	128.5	1.0	26.5	64.75	192.25	230.5	74.04503134354572	5482.666666666667	4077	2039.0	2039.0	1	408.6	1020.0	3058.0	3669.4	1177.0728524607132	1385500.5	27374.0	13687.5	13687.5	1.0	2738.3	6844.25	20530.75	24636.7	7902.33747064753	62446937.5																					0.087	0.0236458342275829	0.017	0.017	0.017	0.017	0.017	0.035	0.0143663387341786	0.0002063916886251	0.087	0.0201240958573829	0.017	0.0	0.0	0.017	0.017	0.035	0.0157011339468773	0.0002465256072177																																																			19406.0	4096.0	261.0	0.0	1.5	10.75	6420.0	16349.5	6315.61292571441	39886966.627450936	16052023_s_Lm_st_L455_p_G04_pos005_tm_24_ch_Syto9_z_21.tif	16052023_s_Lm_st_L455_p_G04_pos005_tm_24_ch_Syto9_z_21.tif	4095	2056.0414520480745	2056.0	18	425.6	1037.0	3075.0	3686.4	1177.141696692001	1385662.5740909227	4095.0	306.22053773653835	0.0	0.0	0.0	0.0	0.0	1356.7000000000007	861.5009857232959	742183.9484022106	398.0	269.55359059106326	266.0	256.0	257.0	260.0	276.0	287.0	12.57648533720548	158.1679834369444	398.0	229.4071016292833	264.0	0.0	0.0	258.0	273.0	285.0	96.66869295911384	9344.836198423429	339.0	267.5170625831652	265.0	256.0	257.0	260.0	272.5	281.0	10.076580115165068	101.53746681734007											339.0	227.6738878863155	263.0	0.0	0.0	258.0	271.0	280.0	95.697419594505	9157.99611704675	339.0	265.7209941194145	263.0	256.0	257.0	259.0	270.0	279.0	9.83137459440592	96.65592641553016	339.0	226.14532037700008	261.0	0.0	0.0	257.0	268.0	277.0	95.03915055733606	9032.440138659991					406154	32135.436840814324	2384.0	6	48.0	174.0	33624.0	95482.80000000002	66685.2307068121	4446919994.420756	20174.592	1596.9660804513123	118.465	0.298	2.387	8.651	1671.842	4746.881600000001	3312.8161475936454	10974750.8277572	23825.43	864.3003112582782	6.667	0.0	0.0	0.0	253.333	1465.6000000000004	3079.0254350764017	9480397.629847424	68912	5401.034338974736	398.0	1	8.0	29.0	5628.0	15985.800000000005	11263.190471180296	126859459.59008662																					23296.0	11648.0	11648.0	0.0	2329.6	5824.0	17472.0	20966.4	6725.4089466738005	45231125.5	255	127.5	127.5	0	25.5	63.75	191.25	229.5	74.04503134354572	5482.666666666667	4076	2038.0	2038.0	0	407.6	1019.0	3057.0	3668.4	1177.0728524607132	1385500.5	27373	13686.5	13686.5	0	2737.3	6843.25	20529.75	24635.7	7902.33747064753	62446937.5											255.0	127.5	127.5	0.0	25.5	63.75	191.25	229.5	74.04503134354572	5482.666666666667	68912.0	804.4164535690802	0.0	0.0	0.0	0.0	0.0	62.0	4752.666460650094	22587838.486188296	598.437	6.985607583838679	0.0	0.0	0.0	0.0	0.0	0.538	41.27248643879645	1703.4181368406366	L455
16052023--s--Lm--st--L455--p--G05--pos001--tm--24--ch--Syto9--z--21	21473.0	10737.0	10737.0	1.0	2148.2000000000003	5369.0	16105.0	19325.8	6198.8655010413	38425933.5	256.0	128.5	128.5	1.0	26.5	64.75	192.25	230.5	74.04503134354572	5482.666666666667	3866	1933.5	1933.5	1	387.5	967.25	2899.75	3479.5	1116.1623985782714	1245818.5	25339.0	12670.0	12670.0	1.0	2534.8	6335.5	19004.5	22805.2	7314.883571641223	53507521.66666666																					0.087	0.0241337027895496	0.017	0.017	0.017	0.017	0.017	0.035	0.0149093934174325	0.0002222900120757	0.087	0.0204515963534472	0.017	0.0	0.0	0.017	0.017	0.035	0.016238274557894	0.0002636815606175																																																			19240.0	4096.0	112.5	0.0	0.0	3.0	6951.5	16115.5	6341.823628368521	40218726.93333328	16052023_s_Lm_st_L455_p_G05_pos001_tm_24_ch_Syto9_z_21.tif	16052023_s_Lm_st_L455_p_G05_pos001_tm_24_ch_Syto9_z_21.tif	4095	1954.419555095706	1942.5	10	396.5	976.25	2908.75	3516.5	1135.5103970034272	1289383.8617028808	4095.0	298.1880105765816	0.0	0.0	0.0	0.0	0.0	1341.2000000000007	831.0039210886393	690567.5168646936	513.0	272.15493876030365	268.0	256.0	258.0	261.0	279.0	292.0	15.09018393553552	227.71365120829424	513.0	230.63195074785904	265.0	0.0	0.0	258.0	277.0	290.0	98.84268018994614	9769.87542713197	442.2	269.60255832906444	267.0	256.0	257.5	261.0	275.0	285.0	11.88819515737022	141.32918409972072											442.2	228.46898989699676	264.0	0.0	0.0	258.0	273.25	283.6	97.55962948286373	9517.881304833654	407.0	267.3741442742048	264.0	256.0	257.0	259.0	272.0	283.0	11.47443402609955	131.6626362193111	407.0	226.58056750463712	262.0	0.0	0.0	257.0	270.0	281.0	96.72109640525773	9354.970489835156					779682	33789.34868080704	1006.0	6	12.0	48.0	20285.0	88399.0	95757.46109254628	9169491354.890514	38723.21	1678.7173742886705	49.985	0.298	0.597	2.387	1008.4565	4393.215	4755.967990297821	22619231.5247375	61369.106	1214.4090615623384	6.667	0.0	0.0	0.0	139.0	1235.3335	5937.581990834495	35254879.89788212	133124	5695.83393688567	168.0	1	2.0	8.0	3387.5	14793.5	16257.410914066826	264303409.62881917																					21472.0	10736.0	10736.0	0.0	2147.2000000000003	5368.0	16104.0	19324.8	6198.8655010413	38425933.5	255	127.5	127.5	0	25.5	63.75	191.25	229.5	74.04503134354572	5482.666666666667	3865	1932.5	1932.5	0	386.5	966.25	2898.75	3478.5	1116.1623985782714	1245818.5	25338	12669.0	12669.0	0	2533.8	6334.5	19003.5	22804.2	7314.883571641223	53507521.66666666											255.0	127.5	127.5	0.0	25.5	63.75	191.25	229.5	74.04503134354572	5482.666666666667	133124.0	869.0199297525553	0.0	0.0	0.0	0.0	0.0	23.0	6671.656044810499	44510994.38025648	1156.058	7.546627570148783	0.0	0.0	0.0	0.0	0.0	0.2	57.93711752613128	3356.709587236748	L455
16052023--s--Lm--st--L455--p--G05--pos002--tm--24--ch--Syto9--z--21	20704.0	10352.5	10352.5	1.0	2071.3	5176.75	15528.25	18633.7	5976.874322475474	35723026.666666664	256.0	128.5	128.5	1.0	26.5	64.75	192.25	230.5	74.04503134354572	5482.666666666667	4079	2040.0	2040.0	1	408.8	1020.5	3059.5	3671.2	1177.6502027342417	1386860.0	24783.0	12392.0	12392.0	1.0	2479.2000000000003	6196.5	18587.5	22304.8	7154.38019677456	51185156.0																					0.087	0.023792552163833	0.017	0.017	0.017	0.017	0.017	0.035	0.0146401390705882	0.0002143336720061	0.087	0.0198765686155832	0.017	0.0	0.0	0.017	0.017	0.035	0.0160279387247439	0.0002568948197641																																																			15053.0	4096.0	1000.5	7.0	16.0	72.5	7783.75	13426.5	5218.970201929445	27237649.968627464	16052023_s_Lm_st_L455_p_G05_pos002_tm_24_ch_Syto9_z_21.tif	16052023_s_Lm_st_L455_p_G05_pos002_tm_24_ch_Syto9_z_21.tif	4095	2050.4116204952197	2050.0	11	418.8	1030.5	3069.5	3682.2	1178.3105831154191	1388415.8302817992	4095.0	337.4744381229068	0.0	0.0	0.0	0.0	0.0	1610.7999999999993	898.0904708370257	806566.4938082704	453.0	271.8308539412674	268.0	256.0	257.0	261.0	279.0	292.0	15.001485460753177	225.04456602918887	453.0	227.0905862889884	265.0	0.0	0.0	257.0	276.0	290.0	101.72761122424816	10348.506885391778	381.5	269.3719558539413	266.0	256.0	257.0	260.0	275.0	285.0	11.877038963869554	141.06405454927557											381.5	225.03639486744947	264.0	0.0	0.0	257.0	273.0	283.0	100.47568353758489	10095.362982344905	366.0	267.2250772797527	264.0	256.0	257.0	259.0	272.0	283.0	11.531050801358376	132.96513258350768	366.0	223.2428680950652	262.0	0.0	0.0	257.0	270.0	281.0	99.65034083035611	9930.19042760614					728392	32035.406227016425	2456.0	6	36.0	162.0	23669.0	68663.20000000006	90847.0716267612	8253190423.157876	36180.186	1591.7234027948025	122.045	0.298	1.79	8.054	1176.632	3412.615800000003	4512.345361427447	20361260.6607958	54389.826	1119.103105908311	13.333	0.0	0.0	0.0	160.0	921.5998000000004	5442.037384713617	29615770.89662062	124243	5398.395440058838	410.0	1	6.0	27.0	3951.0	11487.80000000001	15416.380616226154	237664791.30435348																					20703.0	10351.5	10351.5	0.0	2070.3	5175.75	15527.25	18632.7	5976.874322475474	35723026.666666664	255	127.5	127.5	0	25.5	63.75	191.25	229.5	74.04503134354572	5482.666666666667	4078	2039.0	2039.0	0	407.8	1019.5	3058.5	3670.2	1177.6502027342417	1386860.0	24782	12391.0	12391.0	0	2478.2000000000003	6195.5	18586.5	22303.8	7154.38019677456	51185156.0											255.0	127.5	127.5	0.0	25.5	63.75	191.25	229.5	74.04503134354572	5482.666666666667	124243.0	888.5161602711536	0.0	0.0	0.0	0.0	0.0	129.0	6566.290214225865	43116167.17743836	1078.935	7.715933704555542	0.0	0.0	0.0	0.0	0.0	1.12	57.02211639973231	3251.52175870462	L455
16052023--s--Lm--st--L455--p--G05--pos003--tm--24--ch--Syto9--z--21	26696.0	13348.5	13348.5	1.0	2670.5	6674.75	20022.25	24026.5	7706.615729358769	59391926.0	256.0	128.5	128.5	1.0	26.5	64.75	192.25	230.5	74.04503134354572	5482.666666666667	4078	2039.5	2039.5	1	408.7000000000001	1020.25	3058.75	3670.3	1177.361527597478	1386180.1666666667	30774.0	15387.5	15387.5	1.0	3078.3	7694.25	23080.75	27696.7	8883.832928415528	78922487.5																					0.087	0.0233039781240635	0.017	0.017	0.017	0.017	0.017	0.035	0.0138841057234845	0.0001927683917408	0.087	0.0202158640410736	0.017	0.0	0.0	0.017	0.017	0.035	0.0151543355312012	0.0002296538853922																																																			23211.0	4096.0	195.0	0.0	1.0	8.5	5151.0	16958.0	6805.267579704163	46311666.83137256	16052023_s_Lm_st_L455_p_G05_pos003_tm_24_ch_Syto9_z_21.tif	16052023_s_Lm_st_L455_p_G05_pos003_tm_24_ch_Syto9_z_21.tif	4095	2055.540951446788	2055.5	17	424.7000000000001	1036.25	3074.75	3686.3	1177.4295759590764	1386340.4063431704	4095.0	272.3888997205433	0.0	0.0	0.0	0.0	0.0	1016.7000000000008	818.1672683857988	669397.6790578798	373.0	271.190440515433	267.0	256.0	257.0	261.0	278.0	290.0	13.878608117072162	192.6157632672613	373.0	235.2537856632222	265.0	0.0	0.0	258.0	276.0	289.0	92.8525680147257	8621.599386929263	373.0	269.05796033113575	266.0	256.0	257.0	260.0	275.0	284.0	11.47282776441332	131.62577691189313											373.0	233.40388993955935	264.0	0.0	0.0	258.0	273.0	283.0	91.84907205969272	8436.252038226625	373.0	267.16530566376986	264.0	256.0	257.0	259.0	272.0	282.0	11.31931189299416	128.12682173087904	373.0	231.76203938389548	262.0	0.0	0.0	257.0	270.0	281.0	91.19510645537292	8316.547441406798					342270	32168.316821971555	2501.0	6	41.40000000000009	156.0	38999.0	102997.80000000005	59684.4964839548	3562239120.543213	17001.042	1598.7424124570869	124.3305	0.298	2.077500000000001	7.756	1939.234	5119.060800000002	2965.5800365552304	8794664.953214921	18684.194	738.6313585090732	13.333	0.0	0.0	0.0	293.333	1547.9999000000023	2368.822226477349	5611318.740653108	58001	5399.717999019127	417.0	1	7.0	26.0	6517.0	17247.200000000004	10058.783400861395	101179123.50544474																					26695.0	13347.5	13347.5	0.0	2669.5	6673.75	20021.25	24025.5	7706.615729358769	59391926.0	255	127.5	127.5	0	25.5	63.75	191.25	229.5	74.04503134354572	5482.666666666667	4077	2038.5	2038.5	0	407.7000000000001	1019.25	3057.75	3669.3	1177.361527597478	1386180.1666666667	30773	15386.5	15386.5	0	3077.3	7693.25	23079.75	27695.7	8883.832928415528	78922487.5											255.0	127.5	127.5	0.0	25.5	63.75	191.25	229.5	74.04503134354572	5482.666666666667	58001.0	715.5422109573016	0.0	0.0	0.0	0.0	0.0	25.0	4093.491729417042	16756674.538805723	503.685	6.213816890881913	0.0	0.0	0.0	0.0	0.0	0.217	35.54816394384411	1263.6719597784186	L455
16052023--s--Lm--st--L455--p--G05--pos004--tm--24--ch--Syto9--z--21	25673.0	12837.0	12837.0	1.0	2568.2000000000003	6419.0	19255.0	23105.8	7411.301066614417	54927383.5	256.0	128.5	128.5	1.0	26.5	64.75	192.25	230.5	74.04503134354572	5482.666666666667	4084	2042.5	2042.5	1	409.3	1021.75	3063.25	3675.7	1179.0935784180435	1390261.6666666667	29757.0	14879.0	14879.0	1.0	2976.6000000000004	7440.0	22318.0	26781.4	8590.25031649253	73792400.5																					0.087	0.0237963229852374	0.017	0.017	0.017	0.017	0.017	0.035	0.0146383216301202	0.0002142804601468	0.087	0.0205303962092952	0.017	0.0	0.0	0.017	0.017	0.035	0.015872100373267	0.000251923570259																																																			15332.0	4096.0	793.5	5.0	13.0	50.5	8147.0	13399.5	5285.488384876718	27936387.46666669	16052023_s_Lm_st_L455_p_G05_pos004_tm_24_ch_Syto9_z_21.tif	16052023_s_Lm_st_L455_p_G05_pos004_tm_24_ch_Syto9_z_21.tif	4095	2052.544319294809	2052.5	11	419.3	1031.75	3073.25	3685.7	1179.166964261314	1390434.7296052428	4095.0	281.7014820042343	0.0	0.0	0.0	0.0	0.0	1118.4000000000017	830.4551409134149	689655.7410695198	469.0	271.6443734662876	268.0	256.0	257.0	261.0	279.0	291.0	14.45987550971425	209.08799975643396	469.0	234.3625365460228	265.0	0.0	0.0	258.0	276.0	289.0	94.4359584794021	8918.150253923357	362.0	269.26213262961085	266.5	256.0	257.0	260.5	275.0	285.0	11.60394544731882	134.6515499443512											362.0	232.307246395806	264.0	0.0	0.0	258.0	273.0	283.0	93.28101117488734	8701.347045809458	362.0	267.1928485178982	264.0	256.0	257.0	259.0	272.0	283.0	11.361067856773351	129.07386284620864	362.0	230.5219612192089	262.0	0.0	0.0	257.0	270.0	281.0	92.54775780503424	8565.087474739279					479300	32074.29333986288	3336.0	6	66.0	252.0	33154.5	81696.40000000002	71248.83247642117	5076396129.253129	23806.664	1593.8940227717924	165.9105	0.298	3.281	12.529	1648.232	4060.056800000001	3539.422401319209	12527510.934960231	28584.097	878.5840315866798	13.333	0.0	0.0	0.0	240.0	1142.2668000000003	3454.740871350184	11935234.488177426	81349	5391.750979431929	556.5	1	11.0	42.0	5536.0	13670.700000000006	12044.513666544097	145070309.4635675																					25672.0	12836.0	12836.0	0.0	2567.2000000000003	6418.0	19254.0	23104.8	7411.301066614417	54927383.5	255	127.5	127.5	0	25.5	63.75	191.25	229.5	74.04503134354572	5482.666666666667	4083	2041.5	2041.5	0	408.3	1020.75	3062.25	3674.7	1179.0935784180435	1390261.6666666667	29756	14878.0	14878.0	0	2975.6000000000004	7439.0	22317.0	26780.4	8590.25031649253	73792400.5											255.0	127.5	127.5	0.0	25.5	63.75	191.25	229.5	74.04503134354572	5482.666666666667	81349.0	739.9971771347919	0.0	0.0	0.0	0.0	0.0	52.0	4832.0145437008505	23348364.55053654	706.44	6.426186443525893	0.0	0.0	0.0	0.0	0.0	0.452	41.96154688341972	1760.7714168494306	L455
16052023--s--Lm--st--L455--p--G05--pos005--tm--24--ch--Syto9--z--21	37530.0	18765.5	18765.5	1.0	3753.9	9383.25	28147.75	33777.1	10834.122137949156	117378202.5	256.0	128.5	128.5	1.0	26.5	64.75	192.25	230.5	74.04503134354572	5482.666666666667	4084	2042.5	2042.5	1	409.3	1021.75	3063.25	3675.7	1179.0935784180435	1390261.6666666667	41614.0	20807.5	20807.5	1.0	4162.3	10404.25	31210.75	37452.7	12013.071387728727	144313884.16666666																					0.087	0.0236741007194244	0.017	0.017	0.017	0.017	0.017	0.035	0.0141976517305025	0.0002015733146606	0.087	0.0213507233142692	0.017	0.0	0.017	0.017	0.017	0.035	0.0152117521835738	0.0002313974044944																																																			15490.0	4096.0	712.5	3.0	10.5	46.75	8236.5	13777.5	5352.522692756244	28649499.176470555	16052023_s_Lm_st_L455_p_G05_pos005_tm_24_ch_Syto9_z_21.tif	16052023_s_Lm_st_L455_p_G05_pos005_tm_24_ch_Syto9_z_21.tif	4095	2053.4995102840358	2053.5	10	420.3	1032.75	3074.25	3686.7	1179.094426942175	1390263.667646096	4095.0	201.5305426058538	0.0	0.0	0.0	0.0	0.0	0.0	713.8961366403972	509647.6939100848	432.0	271.5945110578204	268.0	256.0	257.0	261.0	279.0	291.0	14.199919038227296	201.63770069221	432.0	244.9402124285096	266.0	0.0	256.0	259.0	277.0	290.0	81.9189535505752	6710.714950821297	374.0	269.27020117239545	266.5	256.0	257.0	260.75	275.0	285.0	11.58611466052274	134.23805292678											374.0	242.8440104291825	265.0	0.0	256.0	259.0	274.0	284.0	80.861980960997	6538.659964936641	352.0	267.24271249666936	264.0	256.0	257.0	259.0	272.0	283.0	11.43003226402995	130.64563755676565	352.0	241.01549959148363	263.0	0.0	256.0	258.0	271.0	281.0	80.24425515269598	6439.140485010977					418684	32085.02791380999	3373.0	6	60.0	252.0	31651.5	83830.40000000008	69814.01438228358	4873996604.169699	20803.036	1594.366202742409	167.7175	0.298	2.983	12.529	1573.60175	4166.503000000004	3468.2967514511256	12029082.35612643	22367.273	848.0022715475023	13.333	0.0	0.0	0.0	222.667	1237.333	3044.669449322889	9270012.055640144	70906	5391.767384916749	563.0	1	10.0	42.0	5287.25	14026.400000000014	11785.14982413981	138889756.3774226																					37529.0	18764.5	18764.5	0.0	3752.9	9382.25	28146.75	33776.1	10834.122137949156	117378202.5	255	127.5	127.5	0	25.5	63.75	191.25	229.5	74.04503134354572	5482.666666666667	4083	2041.5	2041.5	0	408.3	1020.75	3062.25	3674.7	1179.0935784180435	1390261.6666666667	41613	20806.5	20806.5	0	4161.3	10403.25	31209.75	37451.7	12013.071387728727	144313884.16666666											255.0	127.5	127.5	0.0	25.5	63.75	191.25	229.5	74.04503134354572	5482.666666666667	70906.0	529.1511510549334	0.0	0.0	0.0	0.0	0.0	0.0	4025.016009454743	16200753.87636698	615.753	4.595184625366463	0.0	0.0	0.0	0.0	0.0	0.0	34.95351610761717	1221.748288285453	L455
16052023--s--Lm--st--L455--p--G06--pos001--tm--24--ch--Syto9--z--21	23526.0	11763.5	11763.5	1.0	2353.5	5882.25	17644.75	21173.5	6791.515552511089	46124683.5	256.0	128.5	128.5	1.0	26.5	64.75	192.25	230.5	74.04503134354572	5482.666666666667	4085	2043.0	2043.0	1	409.4	1022.0	3064.0	3676.6	1179.3822535548006	1390942.5	27611.0	13806.0	13806.0	1.0	2762.0	6903.5	20708.5	24850.0	7970.753477557815	63532911.0																					0.087	0.0231614809147326	0.017	0.017	0.017	0.017	0.017	0.035	0.0138657408281831	0.0001922587687143	0.087	0.0197347796168193	0.017	0.0	0.0	0.017	0.017	0.035	0.0152131860006937	0.0002314410282917																																																			12878.0	4096.0	2529.0	52.0	162.0	508.25	7665.25	10501.0	3977.694507143162	15822053.592156883	16052023_s_Lm_st_L455_p_G06_pos001_tm_24_ch_Syto9_z_21.tif	16052023_s_Lm_st_L455_p_G06_pos001_tm_24_ch_Syto9_z_21.tif	4095	2053.0	2053.0	11	419.4	1032.0	3074.0	3686.6	1179.3822535548006	1390942.5	4095.0	303.73782188258303	0.0	0.0	0.0	0.0	0.0	1334.0	858.5341898845654	737080.955200747	476.0	271.3559466122588	267.0	256.0	257.0	261.0	278.0	291.0	14.374376930460524	206.62271213895568	476.0	231.20930064104888	265.0	0.0	0.0	258.0	276.0	289.0	97.25567469546748	9458.666260470594	357.0	269.16907022018194	266.0	256.0	257.0	260.0	275.0	285.0	11.643028008810331	135.56010121394186											357.0	229.34596885299337	264.0	0.0	0.0	258.0	273.0	283.0	96.17225198692488	9249.10205223658	356.0	267.2822834310975	264.0	256.0	257.0	259.0	272.0	283.0	11.401527491926872	129.99482914916427	356.0	227.73832892687696	262.0	0.0	0.0	257.0	270.0	281.0	95.48173601956684	9116.761913310247					738188	32000.96499388005	5224.0	6	354.0	1014.0	21376.0	61421.99999999999	91853.42967499778	8437052543.059764	36660.89	1589.874135618115	259.893	0.298	17.6	50.415	1062.659	3052.8376	4562.2238654643625	20813886.598612588	49968.703	1054.129864626683	20.0	0.0	0.0	0.0	120.0	807.1997999999995	5116.370397002957	26177246.039328203	125528	5390.161566707467	872.0	1	59.0	169.0	3568.0	10324.799999999992	15569.219214712422	242400586.9557705																					23525.0	11762.5	11762.5	0.0	2352.5	5881.25	17643.75	21172.5	6791.515552511089	46124683.5	255	127.5	127.5	0	25.5	63.75	191.25	229.5	74.04503134354572	5482.666666666667	4084	2042.0	2042.0	0	408.4	1021.0	3063.0	3675.6	1179.3822535548006	1390942.5	27610	13805.0	13805.0	0	2761.0	6902.5	20707.5	24849.0	7970.753477557815	63532911.0											255.0	127.5	127.5	0.0	25.5	63.75	191.25	229.5	74.04503134354572	5482.666666666667	125528.0	797.5117163449349	0.0	0.0	0.0	0.0	0.0	277.0	6286.426569402837	39519159.01249392	1090.094	6.925647495563363	0.0	0.0	0.0	0.0	0.0	2.405	54.59175972166376	2980.26022950787	L455
16052023--s--Lm--st--L455--p--G06--pos002--tm--24--ch--Syto9--z--21	22911.0	11456.0	11456.0	1.0	2292.0	5728.5	17183.5	20620.0	6613.980344694109	43744736.0	256.0	128.5	128.5	1.0	26.5	64.75	192.25	230.5	74.04503134354572	5482.666666666667	4084	2042.5	2042.5	1	409.3	1021.75	3063.25	3675.7	1179.0935784180435	1390261.6666666667	26995.0	13498.0	13498.0	1.0	2700.4	6749.5	20246.5	24295.6	7792.929594617589	60729751.66666666																					0.087	0.0234431495788049	0.017	0.017	0.017	0.017	0.017	0.035	0.0141782899777283	0.0002010239066925	0.087	0.0198964993517318	0.017	0.0	0.0	0.017	0.017	0.035	0.0155299375078549	0.0002411789589978																																																			12126.0	4096.0	1929.5	23.0	52.0	188.5	8397.25	11002.5	4331.578312175573	18762570.674509782	16052023_s_Lm_st_L455_p_G06_pos002_tm_24_ch_Syto9_z_21.tif	16052023_s_Lm_st_L455_p_G06_pos002_tm_24_ch_Syto9_z_21.tif	4095	2053.4997551420174	2053.5	11	420.3	1032.75	3074.25	3686.7	1179.0940025763482	1390262.6669115133	4095.0	310.6683830338952	0.0	0.0	0.0	0.0	0.0	1395.6000000000022	867.034025975445	751748.0021991887	392.0	271.3401859368862	267.0	256.0	257.0	261.0	278.0	291.0	14.333732821110754	205.45589658698768	392.0	230.2898684941656	265.0	0.0	0.0	258.0	275.0	289.0	98.1233626322086	9628.194294251907	362.0	269.0243639736371	266.0	256.0	257.0	260.0	274.0	284.0	11.491677954029123	132.058662199119											362.0	228.3244009260974	264.0	0.0	0.0	258.0	272.5	283.0	96.98050351232902	9405.218061504862	362.0	267.01169743791195	264.0	256.0	257.0	259.0	272.0	282.0	11.24221417392372	126.38737953237136	362.0	226.61622522689387	262.0	0.0	0.0	257.0	270.0	280.0	96.23863267937216	9261.874419995116					595786	32049.040646425077	5796.0	6	222.0	771.0	29575.5	65354.400000000045	79633.3558090639	6341471357.412971	29597.56	1592.4869664544565	288.122	0.298	11.038	38.30925	1470.6765	3248.196000000002	3955.6040541612174	15646803.433296667	37554.861	943.8138153770813	20.0	0.0	0.0	0.0	193.333	869.9999000000018	4190.005333251968	17556144.69267994	101125	5391.627081292851	966.5	1	37.0	128.75	4949.5	10928.300000000005	13482.914898508829	181788994.16043136																					22910.0	11455.0	11455.0	0.0	2291.0	5727.5	17182.5	20619.0	6613.980344694109	43744736.0	255	127.5	127.5	0	25.5	63.75	191.25	229.5	74.04503134354572	5482.666666666667	4083	2041.5	2041.5	0	408.3	1020.75	3062.25	3674.7	1179.0935784180435	1390261.6666666667	26994	13497.0	13497.0	0	2699.4	6748.5	20245.5	24294.6	7792.929594617589	60729751.66666666											255.0	127.5	127.5	0.0	25.5	63.75	191.25	229.5	74.04503134354572	5482.666666666667	101125.0	815.7101685497314	0.0	0.0	0.0	0.0	0.0	269.6000000000022	5588.351105074318	31229668.07358536	878.176	7.083682830153733	0.0	0.0	0.0	0.0	0.0	2.34140000000002	48.52962308778191	2355.1243170421744	L455
16052023--s--Lm--st--L455--p--G06--pos003--tm--24--ch--Syto9--z--21	30293.0	15147.0	15147.0	1.0	3030.2000000000003	7574.0	22720.0	27263.8	8744.980188656804	76474678.5	256.0	128.5	128.5	1.0	26.5	64.75	192.25	230.5	74.04503134354572	5482.666666666667	4082	2041.5	2041.5	1	409.1	1021.25	3061.75	3673.9	1178.5162281445257	1388900.5	34375.0	17188.0	17188.0	1.0	3438.4	8594.5	25781.5	30937.6	9923.352088214278	98472916.66666669																					0.087	0.0231264648598686	0.017	0.017	0.017	0.017	0.017	0.035	0.0135971210876605	0.0001848817018725	0.087	0.0203802181818181	0.017	0.0	0.0	0.017	0.017	0.035	0.0147951770477003	0.0002188972638727																																																			11945.0	4096.0	2117.5	35.0	89.0	299.25	8023.25	10872.5	4208.086733058289	17707993.95294118	16052023_s_Lm_st_L455_p_G06_pos003_tm_24_ch_Syto9_z_21.tif	16052023_s_Lm_st_L455_p_G06_pos003_tm_24_ch_Syto9_z_21.tif	4095	2054.5	2054.5	14	422.1	1034.25	3074.75	3686.9	1178.5162281445257	1388900.5	4095.0	243.9700072727273	0.0	0.0	0.0	0.0	0.0	657.6000000000022	778.8600195578629	606622.9300656745	499.0	271.18819529264186	267.0	256.0	257.0	261.0	278.0	290.0	14.127501430436867	199.5862966669957	499.0	238.98484363636365	265.0	0.0	0.0	258.0	276.0	289.0	88.72554180991767	7872.221769463449	395.8	269.03657765820486	266.0	256.0	257.0	260.0	275.0	285.0	11.542362402194902	133.22612982360246											395.8	237.08872864	264.0	0.0	0.0	258.0	273.0	283.0	87.70462045443361	7692.100449056255	369.0	267.1402634271944	264.0	256.0	257.0	259.0	272.0	283.0	11.31401052547976	128.00683417066682	369.0	235.4176	262.0	0.0	0.0	257.0	270.0	281.0	87.06949090104533	7581.096245767214					435608	32107.215580597745	6927.0	12	270.0	936.0	33647.0	73492.40000000001	67448.18396866943	4549257520.671475	21641.242	1595.550105830475	344.3535	0.597	13.424	46.56125	1672.77525	3652.500400000001	3350.770785777226	11227664.858818129	24245.018	810.9259995100441	26.667	0.0	0.0	0.0	222.00025	1011.5997000000016	3060.960958722809	9369481.99082526	73807	5394.247427731504	1156.5	2	45.0	156.25	5619.75	12301.700000000004	11392.22089037168	129782696.81502092																					30292.0	15146.0	15146.0	0.0	3029.2000000000003	7573.0	22719.0	27262.8	8744.980188656804	76474678.5	255	127.5	127.5	0	25.5	63.75	191.25	229.5	74.04503134354572	5482.666666666667	4081	2040.5	2040.5	0	408.1	1020.25	3060.75	3672.9	1178.5162281445257	1388900.5	34374	17187.0	17187.0	0	3437.4	8593.5	25780.5	30936.6	9923.352088214278	98472916.66666669											255.0	127.5	127.5	0.0	25.5	63.75	191.25	229.5	74.04503134354572	5482.666666666667	73807.0	640.5846109090909	0.0	0.0	0.0	0.0	0.0	71.0	4295.785081582343	18453769.46714542	640.945	5.562880930909091	0.0	0.0	0.0	0.0	0.0	0.617	37.30489364840961	1391.6550901191515	L455
16052023--s--Lm--st--L455--p--G06--pos004--tm--24--ch--Syto9--z--21	23944.0	11972.5	11972.5	1.0	2395.3	5986.75	17958.25	21549.7	6912.181758798496	47778256.66666666	256.0	128.5	128.5	1.0	26.5	64.75	192.25	230.5	74.04503134354572	5482.666666666667	4084	2042.5	2042.5	1	409.3	1021.75	3063.25	3675.7	1179.0935784180435	1390261.6666666667	28028.0	14014.5	14014.5	1.0	2803.7000000000003	7007.75	21021.25	25225.3	8091.131008703295	65466401.0																					0.087	0.0231042849983294	0.017	0.017	0.017	0.017	0.017	0.035	0.0136982270164984	0.0001876414233955	0.087	0.0197377265591551	0.017	0.0	0.0	0.017	0.017	0.035	0.015058204681779	0.0002267495282383																																																			12116.0	4096.0	1915.5	18.0	50.5	181.25	8313.5	11149.0	4350.4221656763175	18926173.019607823	16052023_s_Lm_st_L455_p_G06_pos004_tm_24_ch_Syto9_z_21.tif	16052023_s_Lm_st_L455_p_G06_pos004_tm_24_ch_Syto9_z_21.tif	4095	2053.5	2053.5	12	420.3	1032.75	3074.25	3686.7	1179.0935784180435	1390261.6666666667	4095.0	299.2184244327101	0.0	0.0	0.0	0.0	0.0	1292.2999999999993	852.916607271228	727466.7389590621	443.0	271.17733043768794	267.0	256.0	257.0	261.0	278.0	290.0	14.052611234607935	197.4758825110292	443.0	231.66369344940773	265.0	0.0	0.0	258.0	275.25	288.0	96.55517623523696	9322.902057817671	373.0	269.0866935349148	266.0	256.0	257.0	260.0	275.0	284.0	11.5652389569647	133.7547521316939											373.0	229.8776862423291	264.0	0.0	0.0	258.0	273.0	283.0	95.53984472058288	9127.86192923309	373.0	267.2304961577013	264.0	256.0	257.0	259.0	272.0	282.0	11.383165108386848	129.57644788479575	373.0	228.29195804195805	262.0	0.0	0.0	257.0	270.0	281.0	94.8702655492231	9000.367285380107					543522	32056.193437806072	6566.0	6	348.0	1025.0	29934.0	66840.20000000004	75655.13021728763	5723698728.194749	26998.022	1592.8762304113616	326.3885	0.298	17.302	50.9695	1488.16125	3322.042600000002	3758.032928858037	14122811.49438132	33098.352	905.7863298237022	26.667	0.0	0.0	0.0	193.333	838.5331000000025	3867.7715483430807	14959656.750172231	92301	5391.457884427033	1096.0	1	58.0	171.0	5001.5	11186.7	12802.398280612431	163901401.73542818																					23943.0	11971.5	11971.5	0.0	2394.3	5985.75	17957.25	21548.7	6912.181758798496	47778256.66666666	255	127.5	127.5	0	25.5	63.75	191.25	229.5	74.04503134354572	5482.666666666667	4083	2041.5	2041.5	0	408.3	1020.75	3062.25	3674.7	1179.0935784180435	1390261.6666666667	28027	14013.5	14013.5	0	2802.7000000000003	7006.75	21020.25	25224.3	8091.131008703295	65466401.0											255.0	127.5	127.5	0.0	25.5	63.75	191.25	229.5	74.04503134354572	5482.666666666667	92301.0	785.6463536463536	0.0	0.0	0.0	0.0	0.0	275.2999999999993	5243.779106301426	27497219.315683376	801.548	6.822607249892964	0.0	0.0	0.0	0.0	0.0	2.390699999999993	45.53733602321045	2073.6489720907803	L455
16052023--s--Lm--st--L455--p--G06--pos005--tm--24--ch--Syto9--z--21	26395.0	13198.0	13198.0	1.0	2640.4	6599.5	19796.5	23755.6	7619.724513830317	58060201.66666666	256.0	128.5	128.5	1.0	26.5	64.75	192.25	230.5	74.04503134354572	5482.666666666667	4084	2042.5	2042.5	1	409.3	1021.75	3063.25	3675.7	1179.0935784180435	1390261.6666666667	30479.0	15240.0	15240.0	1.0	3048.8	7620.5	22859.5	27431.2	8798.673763698709	77416660.0																					0.087	0.0234035612805455	0.017	0.017	0.017	0.017	0.017	0.035	0.0139842262555907	0.0001955585839675	0.087	0.020267626890646	0.017	0.0	0.0	0.017	0.017	0.035	0.0152615235447615	0.0002329141009073																																																			12195.0	4096.0	1898.5	11.0	62.5	205.5	8212.0	11109.5	4325.956780036653	18713902.06274509	16052023_s_Lm_st_L455_p_G06_pos005_tm_24_ch_Syto9_z_21.tif	16052023_s_Lm_st_L455_p_G06_pos005_tm_24_ch_Syto9_z_21.tif	4095	2053.5	2053.5	12	420.3	1032.75	3074.25	3686.7	1179.0935784180435	1390261.6666666667	4095.0	275.1564683880705	0.0	0.0	0.0	0.0	0.0	1047.2000000000007	821.9403000069126	675585.8567754535	546.0	271.2112521310854	267.0	256.0	257.0	261.0	278.0	290.0	14.124062040308786	199.4891285184916	546.0	234.87059942911512	265.0	0.0	0.0	258.0	276.0	288.0	93.3187487002746	8708.388858985001	398.8	269.00428046978595	266.0	256.0	257.0	260.0	274.75	284.0	11.401855841040216	130.0023166198629											398.8	232.95934850224745	264.0	0.0	0.0	258.0	273.0	283.0	92.24891113879204	8509.86160629275	355.0	267.0772115931048	264.0	256.0	257.0	259.0	272.0	282.0	11.15080287434445	124.34040474248846	355.0	231.29049509498344	262.0	0.0	0.0	257.0	270.0	281.0	91.5700712921076	8385.077956441668					542992	32064.182174338883	7102.0	6	330.0	1047.0	30710.0	66123.8	75055.11623909173	5633270473.663571	26975.812	1593.249374142997	353.022	0.298	16.407	52.03125	1526.8965	3285.8512	3728.168924148842	13899243.526989134	32337.94	885.5795597453476	26.667	0.0	0.0	0.0	193.333	880.5332000000008	3754.142579508353	14093586.507277632	92112	5391.445886385896	1185.0	1	55.0	174.75	5126.25	11077.8	12697.203842262355	161218985.41196194																					26394.0	13197.0	13197.0	0.0	2639.4	6598.5	19795.5	23754.6	7619.724513830317	58060201.66666666	255	127.5	127.5	0	25.5	63.75	191.25	229.5	74.04503134354572	5482.666666666667	4083	2041.5	2041.5	0	408.3	1020.75	3062.25	3674.7	1179.0935784180435	1390261.6666666667	30478	15239.0	15239.0	0	3047.8	7619.5	22858.5	27430.2	8798.673763698709	77416660.0											255.0	127.5	127.5	0.0	25.5	63.75	191.25	229.5	74.04503134354572	5482.666666666667	92112.0	722.467797499918	0.0	0.0	0.0	0.0	0.0	180.20000000000076	4997.202748426665	24972035.30888301	799.907	6.2739610223432525	0.0	0.0	0.0	0.0	0.0	1.5648000000000064	43.39605478071864	1883.2175705311336	L455
16052023--s--Lm--st--L455--p--G07--pos001--tm--24--ch--Syto9--z--21	21563.0	10782.0	10782.0	1.0	2157.2000000000003	5391.5	16172.5	19406.8	6224.846263161846	38748711.0	256.0	128.5	128.5	1.0	26.5	64.75	192.25	230.5	74.04503134354572	5482.666666666667	4085	2043.0	2043.0	1	409.4	1022.0	3064.0	3676.6	1179.3822535548006	1390942.5	25648.0	12824.5	12824.5	1.0	2565.7000000000003	6412.75	19236.25	23083.3	7404.084188248177	54820462.66666666																					0.087	0.0237776283448499	0.017	0.017	0.017	0.017	0.017	0.035	0.0144666434832653	0.0002092837736719	0.087	0.019990525577043	0.017	0.0	0.0	0.017	0.017	0.035	0.0158637518497924	0.0002516586227517																																																			12390.0	4096.0	2137.5	57.0	98.0	353.5	7772.25	11037.0	4205.999005155914	17690427.63137254	16052023_s_Lm_st_L455_p_G07_pos001_tm_24_ch_Syto9_z_21.tif	16052023_s_Lm_st_L455_p_G07_pos001_tm_24_ch_Syto9_z_21.tif	4095	2053.0	2053.0	11	419.4	1032.0	3074.0	3686.6	1179.3822535548006	1390942.5	4095.0	326.9847551466001	0.0	0.0	0.0	0.0	0.0	1530.2999999999993	886.5070941033877	785894.8278956327	429.0	271.68413486064094	268.0	256.0	257.0	261.0	278.0	291.0	14.586403872456934	212.76317793042665	429.0	228.41254678727387	265.0	0.0	0.0	258.0	276.0	289.0	100.31467350790886	10063.033720998354	376.0	269.2769301581413	266.333	256.0	257.0	260.0	275.0	285.0	11.586682665465004	134.25121519018725											376.0	226.3887416172801	264.0	0.0	0.0	258.0	273.0	283.0	99.10928098649087	9822.649577659202	376.0	267.1647729907712	264.0	256.0	257.0	259.0	272.0	283.0	11.279850300322684	127.23502279768974	376.0	224.6129912663756	262.0	0.0	0.0	257.0	270.0	281.0	98.31085869165616	9665.024936690785					728804	32000.04259485924	4776.0	18	214.80000000000007	690.0	23392.0	58242.8	91871.89764736142	8440445577.327253	36196.27	1589.924905507956	237.457	0.895	10.718600000000002	34.306	1162.601	2894.4738	4563.416045052799	20824766.00024533	47844.388	1068.1533148102817	20.0	0.0	0.0	0.0	140.0	692.7997999999999	5177.210538537792	26803508.960346773	123909	5390.279804161567	797.0	3	36.0	115.0	3907.0	9742.6	15575.48880832675	242595851.61831188																					21562.0	10781.0	10781.0	0.0	2156.2000000000003	5390.5	16171.5	19405.8	6224.846263161846	38748711.0	255	127.5	127.5	0	25.5	63.75	191.25	229.5	74.04503134354572	5482.666666666667	4084	2042.0	2042.0	0	408.4	1021.0	3063.0	3675.6	1179.3822535548006	1390942.5	25647	12823.5	12823.5	0	2564.7000000000003	6411.75	19235.25	23082.3	7404.084188248177	54820462.66666666											255.0	127.5	127.5	0.0	25.5	63.75	191.25	229.5	74.04503134354572	5482.666666666667	123909.0	858.5502183406113	0.0	0.0	0.0	0.0	0.0	302.0	6520.883163523205	42521917.23232041	1076.034	7.455710347785403	0.0	0.0	0.0	0.0	0.0	2.623	56.627801361765954	3206.7078870676223	L455
16052023--s--Lm--st--L455--p--G07--pos002--tm--24--ch--Syto9--z--21	25085.0	12543.0	12543.0	1.0	2509.4	6272.0	18814.0	22576.6	7241.560087439722	52440192.5	256.0	128.5	128.5	1.0	26.5	64.75	192.25	230.5	74.04503134354572	5482.666666666667	4084	2042.5	2042.5	1	409.3	1021.75	3063.25	3675.7	1179.0935784180435	1390261.6666666667	29169.0	14585.0	14585.0	1.0	2917.8	7293.0	21877.0	26252.2	8420.509337326335	70904977.5																					0.087	0.0233542355989635	0.017	0.017	0.017	0.017	0.017	0.035	0.014035919167919	0.0001970070268883	0.087	0.0200843703932256	0.017	0.0	0.0	0.017	0.017	0.035	0.0153329135058038	0.0002350982365764																																																			11411.0	4096.0	2258.0	29.0	104.5	351.25	7896.25	10818.5	4103.092746487036	16835370.086274527	16052023_s_Lm_st_L455_p_G07_pos002_tm_24_ch_Syto9_z_21.tif	16052023_s_Lm_st_L455_p_G07_pos002_tm_24_ch_Syto9_z_21.tif	4095	2053.5	2053.5	12	420.3	1032.75	3074.25	3686.7	1179.0935784180435	1390261.6666666667	4095.0	287.5139360279749	0.0	0.0	0.0	0.0	0.0	1178.2000000000007	838.0780750831223	702374.8599350315	435.0	271.2129958142316	267.0	256.0	257.0	261.0	278.0	291.0	14.192992519248126	201.44103665143328	435.0	233.24001508450752	265.0	0.0	0.0	258.0	276.0	289.0	95.02819699017424	9030.35822320336	365.667	269.0077164440901	266.0	256.0	257.0	260.0	274.667	284.0	11.559373272409124	133.6191104508864											365.667	231.34350053138604	264.0	0.0	0.0	258.0	273.0	283.0	93.96052639606552	8828.580520625726	356.0	267.08730316922464	264.0	256.0	257.0	259.0	272.0	282.0	11.324001471698253	128.23300933102416	356.0	229.69196749974287	262.0	0.0	0.0	257.0	270.0	281.0	93.27368859192283	8699.980983542997					627016	32040.833006856024	5843.0	6	312.0	948.0	25630.5	62590.40000000007	83899.7571194982	7039169244.710789	31140.185	1592.0015036728696	290.5395	0.298	15.512	47.133	1274.2445	3110.514700000004	4167.3771423169055	17367032.246305417	38392.606	959.3693677766896	20.0	0.0	0.0	0.0	160.0	772.0	4315.589824364431	18624315.53215782	106510	5391.483594515181	975.0	1	52.0	158.0	4280.25	10490.900000000003	14201.36607431339	201678798.3766593																					25084.0	12542.0	12542.0	0.0	2508.4	6271.0	18813.0	22575.6	7241.560087439722	52440192.5	255	127.5	127.5	0	25.5	63.75	191.25	229.5	74.04503134354572	5482.666666666667	4083	2041.5	2041.5	0	408.3	1020.75	3062.25	3674.7	1179.0935784180435	1390261.6666666667	29168	14584.0	14584.0	0	2916.8	7292.0	21876.0	26251.2	8420.509337326335	70904977.5											255.0	127.5	127.5	0.0	25.5	63.75	191.25	229.5	74.04503134354572	5482.666666666667	106510.0	754.9143268538517	0.0	0.0	0.0	0.0	0.0	213.0	5633.170390184122	31732608.64484713	924.94	6.555727758922143	0.0	0.0	0.0	0.0	0.0	1.85	48.91883778750417	2393.052690480145	L455
16052023--s--Lm--st--L455--p--G07--pos003--tm--24--ch--Syto9--z--21	50920.0	25460.5	25460.5	1.0	5092.900000000001	12730.75	38190.25	45828.1	14699.482190426528	216074776.66666663	256.0	128.5	128.5	1.0	26.5	64.75	192.25	230.5	74.04503134354572	5482.666666666667	4074	2037.5	2037.5	1	408.3	1019.25	3055.75	3666.7	1176.206827050413	1383462.5	54994.0	27497.5	27497.5	1.0	5500.3	13749.25	41245.75	49494.7	15875.54468881829	252032919.16666663																					0.087	0.0238370384917517	0.017	0.017	0.017	0.017	0.017	0.035	0.0141932869705183	0.0002014493950274	0.087	0.0220711714005164	0.017	0.0	0.017	0.017	0.017	0.035	0.0150166924953611	0.0002255010535002																																																			11209.0	4096.0	2487.5	4.0	117.5	397.25	7911.0	10312.0	3963.8655761620334	15712230.305882376	16052023_s_Lm_st_L455_p_G07_pos003_tm_24_ch_Syto9_z_21.tif	16052023_s_Lm_st_L455_p_G07_pos003_tm_24_ch_Syto9_z_21.tif	4095	2058.498281786942	2058.5	19	429.3	1040.25	3076.75	3687.7	1176.209803651847	1383469.5022067167	4095.0	152.49521766010838	0.0	0.0	0.0	0.0	0.0	0.0	626.9983122991291	393126.8836259563	440.0	271.4832482325216	268.0	256.0	258.0	261.0	278.0	291.0	13.910362242176223	193.498177708562	440.0	251.3715496235953	266.0	0.0	256.0	259.0	277.0	290.0	72.35167026731565	5234.764190470369	373.0	269.1691252553024	266.25	256.0	257.0	260.5	275.0	284.5	11.428664415434078	130.61437032060914											373.0	249.22885874822703	265.0	0.0	256.0	259.0	274.0	284.0	71.34927056647037	5090.718410367395	356.0	267.11828358208953	264.0	256.0	257.0	259.0	272.0	282.0	11.305479759021733	127.81387258165007	356.0	247.3299450849184	263.0	0.0	256.0	258.0	271.0	282.0	70.80030237816159	5012.682816839113					254170	32225.53902798233	9176.0	6	408.0	1354.0	40981.0	90225.60000000002	51422.38573615108	2644261754.797513	12628.646	1601.6326651939123	456.155	0.298	20.285	67.287	2037.39625	4484.481200000001	2555.1830389564334	6528960.362570635	24343.77	632.2261551300933	33.333	0.0	0.0	0.0	306.667	1434.800000000001	1756.185672731041	3084188.117105779	42874	5404.709867452136	1531.0	1	68.0	226.0	6858.75	15102.1	8653.140152037755	74876834.490808																					50919.0	25459.5	25459.5	0.0	5091.900000000001	12729.75	38189.25	45827.1	14699.482190426528	216074776.66666663	255	127.5	127.5	0	25.5	63.75	191.25	229.5	74.04503134354572	5482.666666666667	4073	2036.5	2036.5	0	407.3	1018.25	3054.75	3665.7	1176.206827050413	1383462.5	54993	27496.5	27496.5	0	5499.3	13748.25	41244.75	49493.7	15875.54468881829	252032919.16666663											255.0	127.5	127.5	0.0	25.5	63.75	191.25	229.5	74.04503134354572	5482.666666666667	42874.0	400.4090628068517	0.0	0.0	0.0	0.0	0.0	0.0	2747.727160901529	7550004.550755976	372.321	3.4771797832490816	0.0	0.0	0.0	0.0	0.0	0.0	23.861451953702502	569.3688893388531	L455
16052023--s--Lm--st--L455--p--G07--pos004--tm--24--ch--Syto9--z--21	39796.0	19898.5	19898.5	1.0	3980.5	9949.75	29847.25	35816.5	11488.259992995749	131980117.66666669	256.0	128.5	128.5	1.0	26.5	64.75	192.25	230.5	74.04503134354572	5482.666666666667	4081	2041.0	2041.0	1	409.0	1021.0	3061.0	3673.0	1178.2275530077654	1388220.1666666667	43877.0	21939.0	21939.0	1.0	4388.6	10970.0	32908.0	39489.4	12666.343217361513	160436250.5																					0.087	0.0233202331892652	0.017	0.017	0.017	0.017	0.017	0.035	0.0137476667183716	0.0001889983401994	0.087	0.0211512181780887	0.017	0.0	0.017	0.017	0.017	0.035	0.0147410161890802	0.0002172975582867																																																			10735.0	4096.0	2848.0	11.0	193.0	557.75	7772.75	9764.5	3718.069071914804	13824037.623529412	16052023_s_Lm_st_L455_p_G07_pos004_tm_24_ch_Syto9_z_21.tif	16052023_s_Lm_st_L455_p_G07_pos004_tm_24_ch_Syto9_z_21.tif	4095	2054.99975496202	2055.0	14	423.0	1035.0	3075.0	3687.0	1178.227977477913	1388221.1669116935	4095.0	191.13553798117465	0.0	0.0	0.0	0.0	0.0	0.0	696.6696279393188	485348.570493109	407.0	271.1938134485878	267.0	256.0	257.0	261.0	278.0	291.0	13.92626294162632	193.94079951931465	407.0	245.97007543815667	266.0	0.0	256.0	259.0	277.0	289.0	79.87695600015542	6380.328099850764	368.0	269.01724198411904	266.0	256.0	257.0	260.0	274.5	284.29150000000004	11.493572355376244	132.102205488269											368.0	243.99594689700757	265.0	0.0	256.0	259.0	273.0	283.5	78.89897863902233	6225.048830280902	368.0	267.09066237812846	264.0	256.0	257.0	259.0	272.0	282.0	11.348372050120432	128.78554818795465	368.0	242.2485584702692	262.0	0.0	256.0	258.0	271.0	281.0	78.3256532061001	6134.907950162258					453866	32099.476598872825	7306.0	6	474.0	1360.0	28694.0	71326.0	71031.09298556519	5045416170.7240095	22550.657	1594.9916495956877	363.213	0.298	23.567	67.682	1426.081	3545.337	3528.57207113196	12450820.86117249	36860.165	835.35046238667	26.667	0.0	0.0	0.0	180.0	1008.0	3178.8206120185678	10104900.4833941	76815	5395.259005145797	1220.0	1	79.0	227.0	4790.0	12003.0	11996.4211785615	143914121.09343892																					39795.0	19897.5	19897.5	0.0	3979.5	9948.75	29846.25	35815.5	11488.259992995749	131980117.66666669	255	127.5	127.5	0	25.5	63.75	191.25	229.5	74.04503134354572	5482.666666666667	4080	2040.0	2040.0	0	408.0	1020.0	3060.0	3672.0	1178.2275530077654	1388220.1666666667	43876	21938.0	21938.0	0	4387.6	10969.0	32907.0	39488.4	12666.343217361513	160436250.5											255.0	127.5	127.5	0.0	25.5	63.75	191.25	229.5	74.04503134354572	5482.666666666667	76815.0	501.8596531212252	0.0	0.0	0.0	0.0	0.0	0.0	3979.952887375267	15840024.985726727	667.067	4.358183786494063	0.0	0.0	0.0	0.0	0.0	0.0	34.56218572736005	1194.5446822525307	L455
16052023--s--Lm--st--L455--p--G07--pos005--tm--24--ch--Syto9--z--21	47940.0	23970.5	23970.5	1.0	4794.900000000001	11985.75	35955.25	43146.1	13839.230289289935	191524295.0	256.0	128.5	128.5	1.0	26.5	64.75	192.25	230.5	74.04503134354572	5482.666666666667	4076	2038.5	2038.5	1	408.5	1019.75	3057.25	3668.5	1176.7841773239477	1384821.0	52016.0	26008.5	26008.5	1.0	5202.5	13004.75	39012.25	46814.5	15015.870137957374	225476356.0																					0.087	0.023612703379224	0.017	0.017	0.017	0.017	0.017	0.035	0.0140912831237276	0.000198564260073	0.087	0.0217624000307597	0.017	0.0	0.017	0.017	0.017	0.035	0.0149422950425854	0.0002232721811396																																																			10558.0	4096.0	3031.5	24.0	190.5	561.0	7584.5	9614.0	3649.6963677093177	13320283.576470587	16052023_s_Lm_st_L455_p_G07_pos005_tm_24_ch_Syto9_z_21.tif	16052023_s_Lm_st_L455_p_G07_pos005_tm_24_ch_Syto9_z_21.tif	4095	2057.4997546614327	2057.5	19	427.5	1038.75	3076.25	3687.5	1176.7846023148531	1384822.0002453271	4095.0	161.22671870193787	0.0	0.0	0.0	0.0	0.0	0.0	643.6043585325883	414226.5703221444	531.0	271.48437630371296	268.0	256.0	258.0	261.0	278.0	291.0	13.95686191113408	194.7939944064653	531.0	250.21072362350048	266.0	0.0	256.0	259.0	277.0	290.0	74.17902608136004	5502.527910379093	371.25	269.2136910721736	266.5	256.0	257.0	260.5	275.0	285.0	11.433920334044489	130.734534205276											371.25	248.1179704321747	265.0	0.0	256.0	259.0	274.0	284.0	73.1766214879809	5354.817932395228	352.0	267.209783062161	264.0	256.0	257.0	259.0	272.0	282.0	11.28981682530095	127.45996394884844	352.0	246.27108966471852	263.0	0.0	256.0	258.0	271.0	282.0	72.62345296589152	5274.165920689056					326484	32179.7193326791	9292.0	6	588.0	1680.0	36728.0	78197.0	58038.522507835325	3368470094.892508	16218.414	1599.1466042688912	462.0205	0.298	29.235	83.528	1826.1765	3885.612	2883.415451754744	8314084.667418014	40611.206	704.2292966143277	33.333	0.0	0.0	6.667	253.333	1176.667	2307.884218349362	5326329.565306045	55136	5401.822374877331	1550.0	1	98.0	280.0	6131.75	13108.5	9784.653040441211	95739435.12181544																					47939.0	23969.5	23969.5	0.0	4793.900000000001	11984.75	35954.25	43145.1	13839.230289289935	191524295.0	255	127.5	127.5	0	25.5	63.75	191.25	229.5	74.04503134354572	5482.666666666667	4075	2037.5	2037.5	0	407.5	1018.75	3056.25	3667.5	1176.7841773239477	1384821.0	52015	26007.5	26007.5	0	5201.5	13003.75	39011.25	46813.5	15015.870137957374	225476356.0											255.0	127.5	127.5	0.0	25.5	63.75	191.25	229.5	74.04503134354572	5482.666666666667	55136.0	423.3331282682252	0.0	0.0	0.0	0.0	0.0	0.0	3099.9801348650203	9609876.83655775	478.805	3.676254229467856	0.0	0.0	0.0	0.0	0.0	0.0	26.920439628921365	724.7100698144	L455
23052023--s--Lm--st--19115--p--F03--pos001--tm--24--ch--Syto9--z--21	8191.0	4096.0	4096.0	1.0	820.0	2048.5	6143.5	7372.0	2364.682360628308	5591722.666666667	256.0	128.5	128.5	1.0	26.5	64.75	192.25	230.5	74.04503134354572	5482.666666666667	3632	1816.5	1816.5	1	364.1	908.75	2724.25	3268.9	1048.6124164818957	1099588.0	11823.0	5912.0	5912.0	1.0	1183.2	2956.5	8867.5	10640.8	3413.150450829849	11649596.0																					0.087	0.0298172384324258	0.017	0.017	0.017	0.017	0.035	0.069	0.0205617192532327	0.0004227842986487	0.087	0.0206574473483887	0.017	0.0	0.0	0.0	0.017	0.052	0.0219574315209808	0.0004821287989985																																																			32347.0	4096.0	36.5	0.0	1.0	4.0	3659.5	18106.5	7616.436786679855	58010109.32549016	23052023_s_Lm_st_19115_p_F03_pos001_tm_24_ch_Syto9_z_21.tif	23052023_s_Lm_st_19115_p_F03_pos001_tm_24_ch_Syto9_z_21.tif	4095	1861.607654185022	1824.5	9	372.1	916.75	2741.25	3427.9	1107.3027321613297	1226119.3406519454	4095.0	571.8818404804196	0.0	0.0	0.0	0.0	684.5	2457.800000000001	1055.567389743335	1114222.5142895577	447.0	279.0445611036503	273.0	256.0	258.0	263.0	289.0	309.0	21.626439791849027	467.702898070471	447.0	193.3226761397277	264.0	0.0	0.0	0.0	281.0	301.0	129.98999739979996	16897.399424000003	366.0	273.2962508851178	270.0	256.0	258.0	262.0	281.0	292.75	14.372995497498607	206.5829995711153											366.0	189.3402343736784	263.0	0.0	0.0	0.0	275.0	288.0	126.6519334937168	16040.712257696863	366.0	268.51703088755954	264.0	256.0	257.0	259.0	273.0	285.0	13.100137358147917	171.6135988023427	366.0	186.0291804110632	260.0	0.0	0.0	0.0	269.0	281.0	124.35970025535852	15465.33504760262					2799764	35493.490088105726	186.0	6	6.0	18.0	8179.0	37662.4	211822.9349232928	44868955759.517525	139076.1	1763.230147301762	9.248	0.298	0.298	0.895	406.6665	1871.7394	10522.409928221476	110721110.6975339	377509.366	2636.2859768722465	0.0	0.0	0.0	0.0	53.99975	420.0	23931.515466963287	572717432.545503	487285	6062.777533039648	31.0	1	1.0	3.0	1366.0	6294.300000000001	36621.31502802398	1341120714.381775																					8190.0	4095.0	4095.0	0.0	819.0	2047.5	6142.5	7371.0	2364.682360628308	5591722.666666667	255	127.5	127.5	0	25.5	63.75	191.25	229.5	74.04503134354572	5482.666666666667	3631	1815.5	1815.5	0	363.1	907.75	2723.25	3267.9	1048.6124164818957	1099588.0	11822	5911.0	5911.0	0	1182.2	2955.5	8866.5	10639.8	3413.150450829849	11649596.0											255.0	127.5	127.5	0.0	25.5	63.75	191.25	229.5	74.04503134354572	5482.666666666667	487285.0	1862.479573712256	0.0	0.0	0.0	0.0	2.0	480.0	20487.42002053989	419734379.0980187	4231.616	16.173902478220416	0.0	0.0	0.0	0.0	0.017	4.168	177.9141679161527	31653.45114529699	19115
23052023--s--Lm--st--19115--p--F03--pos002--tm--24--ch--Syto9--z--21	9594.0	4797.5	4797.5	1.0	960.3	2399.25	7195.75	8634.7	2769.693575108987	7671202.5	256.0	128.5	128.5	1.0	26.5	64.75	192.25	230.5	74.04503134354572	5482.666666666667	2677	1339.0	1339.0	1	268.6	670.0	2008.0	2409.4	772.9276594007143	597417.1666666666	12271.0	6136.0	6136.0	1.0	1228.0	3068.5	9203.5	11044.0	3542.4769112397425	12549142.666666666																					0.087	0.0303035230352303	0.017	0.017	0.017	0.017	0.035	0.069	0.0208066259245551	0.0004329156823643	0.087	0.023692608589357	0.017	0.0	0.0	0.017	0.035	0.052	0.0222510029619264	0.0004951071328116																																																			41909.0	4096.0	8.5	0.0	0.0	0.0	1504.5	20666.0	8542.987310550992	72982632.18823527	23052023_s_Lm_st_19115_p_F03_pos002_tm_24_ch_Syto9_z_21.tif	23052023_s_Lm_st_19115_p_F03_pos002_tm_24_ch_Syto9_z_21.tif	4038	1386.3197609264105	1347.0	9	276.6	678.0	2019.0	2516.4	843.9652752078107	712277.3857565956	4038.0	302.43484638578764	0.0	0.0	0.0	0.0	0.0	1458.0	695.1071363636037	483173.93102360953	458.0	279.30779653950384	273.0	256.0	258.0	263.0	290.0	309.0	21.62251143634932	467.53300081505705	458.0	218.3749490669057	267.0	0.0	0.0	257.0	284.0	304.0	116.93083929584428	13672.821178430557	383.333	273.4023424015009	270.333	256.0	258.0	262.5	280.75	292.25	14.14084890296435	199.96360769646807											383.333	213.7578088990302	266.0	0.0	0.0	257.0	277.333	289.2	113.60836473538512	12906.860537848292	367.0	268.4822805920367	265.0	256.0	257.0	259.0	274.0	285.0	12.695199487777566	161.16809003446778	367.0	209.911091190612	261.0	0.0	0.0	256.0	270.0	282.0	111.45290320710232	12421.749633291718					2973424	48084.96301830407	408.0	6	6.0	24.0	16118.0	60674.800000000025	248687.75441561604	61845599196.28175	147694.09	2388.940190885319	20.285	0.298	0.298	1.193	801.4	3015.5584000000013	12354.463974485923	152632780.0968705	433873.454	3755.959054538663	0.0	0.0	0.0	0.0	153.333	900.0	30353.20976349124	921317342.9464998	520368	8225.6611878969	68.0	1	1.0	4.0	2695.0	10155.400000000003	43135.07374630642	1860634587.0992928																					9593.0	4796.5	4796.5	0.0	959.3	2398.25	7194.75	8633.7	2769.693575108987	7671202.5	255	127.5	127.5	0	25.5	63.75	191.25	229.5	74.04503134354572	5482.666666666667	2676	1338.0	1338.0	0	267.6	669.0	2007.0	2408.4	772.9276594007143	597417.1666666666	12270	6135.0	6135.0	0	1227.0	3067.5	9202.5	11043.0	3542.4769112397425	12549142.666666666											255.0	127.5	127.5	0.0	25.5	63.75	191.25	229.5	74.04503134354572	5482.666666666667	520368.0	1794.4826012549916	0.0	0.0	0.0	0.0	0.0	136.0	20428.726462980227	417332864.89926857	4518.912	15.58341504359873	0.0	0.0	0.0	0.0	0.0	1.181	177.40446969902288	31472.345869191533	19115
23052023--s--Lm--st--19115--p--F03--pos003--tm--24--ch--Syto9--z--21	11388.0	5694.5	5694.5	1.0	1139.7	2847.75	8541.25	10249.3	3287.5767671645326	10808161.0	256.0	128.5	128.5	1.0	26.5	64.75	192.25	230.5	74.04503134354572	5482.666666666667	3329	1665.0	1665.0	1	333.8	833.0	2497.0	2996.2000000000003	961.1438497956484	923797.5	14717.0	7359.0	7359.0	1.0	1472.6	3680.0	11038.0	13245.4	4248.576290947357	18050400.5																					0.087	0.0281750965929048	0.017	0.017	0.017	0.017	0.035	0.052	0.0190957680763494	0.0003646483584257	0.087	0.0218018617924848	0.017	0.0	0.0	0.017	0.035	0.052	0.0205211295800389	0.0004211167592407																																																			24360.0	4096.0	18.5	0.0	0.0	1.0	3960.5	18467.0	7365.577928418643	54251738.21960787	23052023_s_Lm_st_19115_p_F03_pos003_tm_24_ch_Syto9_z_21.tif	23052023_s_Lm_st_19115_p_F03_pos003_tm_24_ch_Syto9_z_21.tif	4095	1717.2469209972965	1673.0	9	341.8	841.0	2508.0	3146.2000000000003	1035.823868931973	1072931.0874492011	4095.0	388.442957124414	0.0	0.0	0.0	0.0	0.0	1865.4	871.1149611704844	758841.2755750547	440.0	277.3175272216368	272.0	256.0	258.0	262.0	286.0	305.0	20.00379304851875	400.1517363279671	440.0	214.5880274512469	266.0	0.0	0.0	256.0	281.0	300.0	117.352227090967	13771.545203209887	391.0	272.4889716368107	269.5	256.0	258.0	262.0	279.5	291.0	13.858091324378428	192.04669515481265											391.0	210.85169592987705	265.0	0.0	0.0	256.0	276.0	288.0	114.65517802509218	13145.80984796558	380.0	268.39049877063576	264.0	256.0	257.0	259.0	274.0	285.0	12.78653998584471	163.49560480960565	380.0	207.6803016919209	261.0	0.0	0.0	256.0	270.0	282.0	112.85246583278835	12735.679044540662					1697566	39021.78852508261	478.0	6	6.0	18.0	21742.0	74333.60000000002	154020.3052153227	23722254418.62116	84306.56	1938.5180312406128	23.733	0.298	0.298	0.895	1080.857	3694.294400000001	7649.411363271609	58513494.20454882	188992.451	2039.5185163712829	0.0	0.0	0.0	0.0	182.667	1002.667	14197.238570640411	201561583.03167975	293320	6614.623310303395	80.0	1	1.0	3.0	3632.0	12442.4	26423.964419953267	698225895.6669562																					11387.0	5693.5	5693.5	0.0	1138.7	2846.75	8540.25	10248.3	3287.5767671645326	10808161.0	255	127.5	127.5	0	25.5	63.75	191.25	229.5	74.04503134354572	5482.666666666667	3328	1664.0	1664.0	0	332.8	832.0	2496.0	2995.2000000000003	961.1438497956484	923797.5	14716	7358.0	7358.0	0	1471.6	3679.0	11037.0	13244.4	4248.576290947357	18050400.5											255.0	127.5	127.5	0.0	25.5	63.75	191.25	229.5	74.04503134354572	5482.666666666667	293320.0	1496.2353740572128	0.0	0.0	0.0	0.0	0.0	214.0	12867.070494324473	165561503.1059154	2547.211	12.993414758442617	0.0	0.0	0.0	0.0	0.0	1.858	111.73852422056584	12485.497794989977	19115
23052023--s--Lm--st--19115--p--F03--pos004--tm--24--ch--Syto9--z--21	10397.0	5199.0	5199.0	1.0	1040.6	2600.0	7798.0	9357.4	3001.49970847908	9009000.5	256.0	128.5	128.5	1.0	26.5	64.75	192.25	230.5	74.04503134354572	5482.666666666667	3808	1904.5	1904.5	1	381.7000000000001	952.75	2856.25	3427.3	1099.4192406296456	1208722.6666666667	14205.0	7103.0	7103.0	1.0	1421.4	3552.0	10654.0	12784.6	4100.774621946444	16816352.5																					0.087	0.0285979609502741	0.017	0.017	0.017	0.017	0.035	0.069	0.0195437362267175	0.0003819576256995	0.087	0.0209315733896515	0.017	0.0	0.0	0.0	0.017	0.052	0.0209770856487039	0.000440038122313																																																			22935.0	4096.0	22.0	0.0	0.5	3.0	3777.75	18611.0	7353.844170654863	54079024.08627451	23052023_s_Lm_st_19115_p_F03_pos004_tm_24_ch_Syto9_z_21.tif	23052023_s_Lm_st_19115_p_F03_pos004_tm_24_ch_Syto9_z_21.tif	4095	1931.9944852941176	1912.5	9	389.7000000000001	960.75	2867.25	3498.3	1130.1202256505858	1277171.7244245308	4095.0	517.9186906019007	0.0	0.0	0.0	0.0	265.0	2395.6000000000004	1036.6963682656526	1074739.3599751934	435.0	277.712994132923	272.0	256.0	258.0	262.0	287.0	305.0	20.42337469154244	417.1142337911364	435.0	203.265188313974	265.0	0.0	0.0	0.0	280.0	299.0	124.25377768807095	15439.001269756563	388.667	272.6099575839184	269.5	256.0	258.0	262.0	280.0	291.0	13.846894657672086	191.73649166066772											388.667	199.53014635691656	264.0	0.0	0.0	0.0	275.333	287.6402	121.3383088774658	14722.985201243298	381.0	268.3109550831971	265.0	256.0	257.0	259.0	273.0	285.0	12.64646277049908	159.93302060561928	381.0	196.3835973248856	260.0	0.0	0.0	0.0	269.0	281.0	119.34573198856944	14243.403743887442					1780126	34080.82930672269	210.0	6	6.0	24.0	12852.0	58848.40000000004	153122.12163016296	23446384132.52242	88416.584	1693.2076425945377	10.441	0.298	0.298	1.193	639.059	2925.4795000000017	7605.980007277235	57850931.87110101	200845.192	1877.4333508403363	0.0	0.0	0.0	0.0	100.0	703.8670000000008	14182.275352649014	201136934.1783557	307690	5782.577731092437	35.0	1	1.0	4.0	2147.25	9844.600000000006	26276.312878520133	690444618.489883																					10396.0	5198.0	5198.0	0.0	1039.6	2599.0	7797.0	9356.4	3001.49970847908	9009000.5	255	127.5	127.5	0	25.5	63.75	191.25	229.5	74.04503134354572	5482.666666666667	3807	1903.5	1903.5	0	380.7000000000001	951.75	2855.25	3426.3	1099.4192406296456	1208722.6666666667	14204	7102.0	7102.0	0	1420.4	3551.0	10653.0	12783.6	4100.774621946444	16816352.5											255.0	127.5	127.5	0.0	25.5	63.75	191.25	229.5	74.04503134354572	5482.666666666667	307690.0	1550.1651531151003	0.0	0.0	0.0	0.0	1.0	309.8000000000011	13842.560749558636	191616488.1052214	2672.001	13.46174135867652	0.0	0.0	0.0	0.0	0.009	2.6906000000000097	120.2097481355778	14450.383546819052	19115
23052023--s--Lm--st--19115--p--F03--pos005--tm--24--ch--Syto9--z--21	12252.0	6126.5	6126.5	1.0	1226.1	3063.75	9189.25	11026.9	3536.992083677881	12510313.0	256.0	128.5	128.5	1.0	26.5	64.75	192.25	230.5	74.04503134354572	5482.666666666667	3545	1773.0	1773.0	1	355.40000000000003	887.0	2659.0	3190.6	1023.4976795283906	1047547.5	15797.0	7899.0	7899.0	1.0	1580.6	3950.0	11848.0	14217.4	4560.3454364773725	20796750.5																					0.087	0.0281041462618348	0.017	0.017	0.017	0.017	0.035	0.052	0.0192290582674265	0.000369756681852	0.087	0.0217973032854339	0.017	0.0	0.0	0.017	0.017	0.052	0.0205974589596343	0.0004242553155938																																																			22700.0	4096.0	19.0	0.0	0.0	1.0	3821.75	18688.0	7354.15068928998	54083532.36078428	23052023_s_Lm_st_19115_p_F03_pos005_tm_24_ch_Syto9_z_21.tif	23052023_s_Lm_st_19115_p_F03_pos005_tm_24_ch_Syto9_z_21.tif	4095	1815.537658674189	1781.0	9	363.4	895.0	2672.0	3307.6	1079.4827853497306	1165283.0838664123	4095.0	407.4242577704628	0.0	0.0	0.0	0.0	0.0	1973.4	913.8815490015628	835179.4856054957	582.0	277.2277995429318	271.0	256.0	258.0	262.0	286.0	305.0	20.45931079509784	418.5833982104072	582.0	215.01519275811864	266.0	0.0	0.0	256.0	281.0	300.0	117.05616496148788	13702.145755491065	461.4	272.3396453640222	269.0	256.0	258.0	262.0	279.0	290.8	13.871820006852564	192.42739030251508											461.4	211.22398778249035	265.0	0.0	0.0	256.0	276.0	287.5	114.27664779995872	13059.152232395809	380.0	268.2344107084557	264.0	256.0	257.0	259.0	273.0	285.0	12.59223670141664	158.56442514450424	380.0	208.04000759637907	261.0	0.0	0.0	256.0	270.0	282.0	112.45717248874446	12646.615644163225					1705576	36622.40112834979	240.0	6	6.0	24.0	15350.0	64490.39999999998	154982.62257926445	24019613301.546726	84691.511	1819.1833196050773	11.933	0.298	0.298	1.193	763.022	3205.006599999999	7696.5811448012355	59237361.3185099	191563.521	1980.4864442877288	0.0	0.0	0.0	0.0	126.667	842.1333999999999	14090.940109368536	198554593.165811	294770	6211.592665726375	40.0	1	1.0	4.0	2565.0	10789.399999999996	26578.75696233817	706430321.66304																					12251.0	6125.5	6125.5	0.0	1225.1	3062.75	9188.25	11025.9	3536.992083677881	12510313.0	255	127.5	127.5	0	25.5	63.75	191.25	229.5	74.04503134354572	5482.666666666667	3544	1772.0	1772.0	0	354.40000000000003	886.0	2658.0	3189.6	1023.4976795283906	1047547.5	15796	7898.0	7898.0	0	1579.6	3949.0	11847.0	14216.4	4560.3454364773725	20796750.5											255.0	127.5	127.5	0.0	25.5	63.75	191.25	229.5	74.04503134354572	5482.666666666667	294770.0	1393.941634487561	0.0	0.0	0.0	0.0	0.0	98.0	12853.446177529777	165211078.6386548	2559.803	12.10508697854023	0.0	0.0	0.0	0.0	0.0	0.851	111.62021200378702	12459.07172777036	19115
23052023--s--Lm--st--19115--p--F04--pos001--tm--24--ch--Syto9--z--21	9383.0	4692.0	4692.0	1.0	939.2	2346.5	7037.5	8444.800000000001	2708.7831216249115	7337506.0	256.0	128.5	128.5	1.0	26.5	64.75	192.25	230.5	74.04503134354572	5482.666666666667	3540	1770.5	1770.5	1	354.90000000000003	885.75	2655.25	3186.1	1022.0543038410436	1044595.0	12923.0	6462.0	6462.0	1.0	1293.2	3231.5	9692.5	11630.8	3730.6930991439112	13918071.0																					0.087	0.0296153682191196	0.017	0.017	0.017	0.017	0.035	0.069	0.0203879943018008	0.0004156703116502	0.087	0.0215028244215739	0.017	0.0	0.0	0.0	0.035	0.052	0.0218232204793455	0.0004762529520901																																																			32799.0	4096.0	14.0	0.0	0.0	1.0	2765.0	20058.5	7854.458570474098	61692519.435294025	23052023_s_Lm_st_19115_p_F04_pos001_tm_24_ch_Syto9_z_21.tif	23052023_s_Lm_st_19115_p_F04_pos001_tm_24_ch_Syto9_z_21.tif	4095	1819.1251412429376	1778.5	9	362.9	893.75	2673.25	3340.4	1087.4741939512276	1182600.122509872	4095.0	498.3133173411746	0.0	0.0	0.0	0.0	317.5	2255.800000000001	991.0158918704582	982112.4979397996	825.0	278.7516785676223	273.0	256.0	258.0	263.0	289.0	308.0	22.37182018568567	500.4983384206528	825.0	202.3931749593748	265.0	0.0	0.0	0.0	281.0	301.0	125.7736938987068	15819.022076925598	617.2	273.1722713417883	270.0	256.0	258.0	262.0	280.4	292.0	14.856118358266404	220.70425267482003											617.2	198.3421358817612	264.0	0.0	0.0	0.0	276.0	288.0	122.4882014333552	15003.359490378194	399.0	268.4903548971544	264.0	256.0	257.0	259.0	274.0	286.0	13.07850978337057	171.04741815371972	399.0	194.9427377543914	260.0	0.0	0.0	0.0	269.0	281.0	120.26168187359347	14462.872127065402					2127256	36581.06836158192	327.0	6	6.0	18.0	13859.5	56276.79999999999	174967.33747608343	30613569183.469666	105678.282	1817.5765785310737	16.258000000000003	0.298	0.298	0.895	689.11775	2797.011699999999	8692.017312833425	75551164.96659599	262853.749	2241.640034745763	0.0	0.0	0.0	0.0	106.667	693.5996999999998	17874.553768444548	319499672.42101514	368863	6220.358757062147	54.5	1	1.0	3.0	2314.5	9416.199999999995	30127.568729895243	907670397.5745616																					9382.0	4691.0	4691.0	0.0	938.2	2345.5	7036.5	8443.800000000001	2708.7831216249115	7337506.0	255	127.5	127.5	0	25.5	63.75	191.25	229.5	74.04503134354572	5482.666666666667	3539	1769.5	1769.5	0	353.90000000000003	884.75	2654.25	3185.1	1022.0543038410436	1044595.0	12922	6461.0	6461.0	0	1292.2	3230.5	9691.5	11629.8	3730.6930991439112	13918071.0											255.0	127.5	127.5	0.0	25.5	63.75	191.25	229.5	74.04503134354572	5482.666666666667	368863.0	1703.9461425365628	0.0	0.0	0.0	0.0	1.0	466.8000000000011	16008.861375076933	256283642.52643007	3203.232	14.797185947535404	0.0	0.0	0.0	0.0	0.009	4.053400000000009	139.02205554331462	19327.13192748846	19115
23052023--s--Lm--st--19115--p--F04--pos002--tm--24--ch--Syto9--z--21	10058.0	5029.5	5029.5	1.0	1006.7	2515.25	7543.75	9052.3	2903.638837734473	8431118.5	256.0	128.5	128.5	1.0	26.5	64.75	192.25	230.5	74.04503134354572	5482.666666666667	3137	1569.0	1569.0	1	314.6	785.0	2353.0	2823.4	905.718223290224	820325.5	13195.0	6598.0	6598.0	1.0	1320.4	3299.5	9896.5	11875.6	3809.212735811255	14510101.666666666																					0.087	0.030790017896202	0.017	0.017	0.017	0.017	0.035	0.069	0.0209715985676989	0.0004398079464847	0.087	0.0234699507389162	0.017	0.0	0.0	0.017	0.035	0.052	0.0225178601835255	0.0005070540272448																																																			37401.0	4096.0	8.0	0.0	0.0	1.0	1532.25	21125.5	8498.87024279825	72230795.40392159	23052023_s_Lm_st_19115_p_F04_pos002_tm_24_ch_Syto9_z_21.tif	23052023_s_Lm_st_19115_p_F04_pos002_tm_24_ch_Syto9_z_21.tif	4095	1642.4504303474655	1577.0	9	322.6	793.0	2369.0	3047.4	1015.8665288225568	1031984.8043819905	4095.0	390.4787419477075	0.0	0.0	0.0	0.0	0.0	1825.6000000000004	856.8497228427995	734191.4475357822	496.0	280.03499701729964	274.0	256.0	258.0	263.0	291.0	311.0	22.42555698639241	502.90560614993353	496.0	213.45903751420997	266.0	0.0	0.0	256.0	284.0	305.0	120.81246753707904	14595.65231239778	391.25	273.6863310797375	270.667	256.0	258.0	262.5	281.333	293.0	14.425181633151066	208.08586514939887											391.25	208.61971337627887	265.0	0.0	0.0	256.0	277.75	290.0	117.1913794007636	13733.81940585372	369.0	268.36786637502485	264.0	256.0	257.0	259.0	274.0	285.0	12.8117324611429	164.14048865590271	369.0	204.56566881394468	261.0	0.0	0.0	256.0	270.0	282.0	114.79478623786972	13177.842947398203					2362506	41204.474976091806	306.0	6	6.0	18.0	14072.0	61904.80000000003	198436.28146983136	39376957803.574135	117354.763	2047.3686477526296	15.214	0.298	0.298	0.895	699.772	3077.042400000001	9858.408922367007	97188226.48060542	311471.184	2743.6009445329937	0.0	0.0	0.0	0.0	126.667	862.1332000000004	21549.036391254213	464360969.3915984	411240	7019.473063436404	51.0	1	1.0	3.0	2351.0	10359.600000000006	34245.88563699074	1172780683.0618484																					10057.0	5028.5	5028.5	0.0	1005.7	2514.25	7542.75	9051.3	2903.638837734473	8431118.5	255	127.5	127.5	0	25.5	63.75	191.25	229.5	74.04503134354572	5482.666666666667	3136	1568.0	1568.0	0	313.6	784.0	2352.0	2822.4	905.718223290224	820325.5	13194	6597.0	6597.0	0	1319.4	3298.5	9895.5	11874.6	3809.212735811255	14510101.666666666											255.0	127.5	127.5	0.0	25.5	63.75	191.25	229.5	74.04503134354572	5482.666666666667	411240.0	1668.8212201591512	0.0	0.0	0.0	0.0	0.0	190.0	16961.159092377933	287680917.7569546	3571.236	14.492163092080334	0.0	0.0	0.0	0.0	0.0	1.65	147.29187127694246	21694.89534426339	19115
23052023--s--Lm--st--19115--p--F04--pos003--tm--24--ch--Syto9--z--21	10962.0	5481.5	5481.5	1.0	1097.1	2741.25	8221.75	9865.9	3164.601159704016	10014700.5	256.0	128.5	128.5	1.0	26.5	64.75	192.25	230.5	74.04503134354572	5482.666666666667	3900	1950.5	1950.5	1	390.9	975.75	2925.25	3510.1	1125.9773532358456	1267825.0	14862.0	7431.5	7431.5	1.0	1487.1	3716.25	11146.75	13375.9	4290.434185487525	18407825.5																					0.087	0.0281311804415252	0.017	0.017	0.017	0.017	0.035	0.052	0.0193186545944193	0.0003732104153384	0.087	0.0207491589288117	0.017	0.0	0.0	0.0	0.017	0.052	0.0206990133368235	0.000428449153118																																																			21159.0	4096.0	79.5	0.0	1.0	4.0	5583.25	16728.0	6742.5710875442965	45462264.87058828	23052023_s_Lm_st_19115_p_F04_pos003_tm_24_ch_Syto9_z_21.tif	23052023_s_Lm_st_19115_p_F04_pos003_tm_24_ch_Syto9_z_21.tif	4095	1973.0779487179489	1958.5	9	398.9	983.75	2933.25	3573.1	1148.5817134071576	1319239.952373322	4095.0	517.7636926389449	0.0	0.0	0.0	0.0	192.75	2421.9	1048.6569605482534	1099681.4209063014	525.0	276.80450647692027	271.0	256.0	258.0	262.0	286.0	304.0	19.82425304502025	393.0010087929945	525.0	204.16707038083703	264.0	0.0	0.0	0.0	280.0	298.0	122.96761961182912	15121.0354729995	436.0	271.9702941981391	269.0	256.0	258.0	262.0	279.0	290.0	13.385260762181003	179.16520567158238											436.0	200.601424101736	264.0	0.0	0.0	0.0	275.0	286.333	120.2073495987198	14449.806897548837	353.0	267.86808976464147	264.0	256.0	257.0	259.0	273.0	284.0	12.118982772319972	146.86974343578828	353.0	197.57569640694388	260.0	0.0	0.0	0.0	269.0	281.0	118.3103103841886	13997.329543203048					1412210	33372.42256410256	509.0	6	12.0	30.0	17826.5	62614.79999999999	130967.20567561351	17152408962.478456	70149.35	1658.1930943589743	25.291	0.298	0.597	1.492	886.31975	3113.1025999999997	6506.0845466964765	42329136.1287627	138011.618	1559.9563628205128	0.0	0.0	0.0	0.0	126.667	740.2666999999998	10643.58211037244	113285840.14024024	242661	5646.160256410257	85.0	1	2.0	5.0	2977.5	10477.6	22386.395815410146	501150717.60421264																					10961.0	5480.5	5480.5	0.0	1096.1	2740.25	8220.75	9864.9	3164.601159704016	10014700.5	255	127.5	127.5	0	25.5	63.75	191.25	229.5	74.04503134354572	5482.666666666667	3899	1949.5	1949.5	0	389.9	974.75	2924.25	3509.1	1125.9773532358456	1267825.0	14861	7430.5	7430.5	0	1486.1	3715.25	11145.75	13374.9	4290.434185487525	18407825.5											255.0	127.5	127.5	0.0	25.5	63.75	191.25	229.5	74.04503134354572	5482.666666666667	242661.0	1481.63746467501	0.0	0.0	0.0	0.0	1.0	527.8999999999996	11732.64265294646	137654903.62173855	2107.285	12.866640559816982	0.0	0.0	0.0	0.0	0.009	4.584199999999997	101.88707902656805	10380.976872566122	19115
23052023--s--Lm--st--19115--p--F04--pos004--tm--24--ch--Syto9--z--21	9447.0	4724.0	4724.0	1.0	945.6	2362.5	7085.5	8502.4	2727.25833026503	7437938.0	256.0	128.5	128.5	1.0	26.5	64.75	192.25	230.5	74.04503134354572	5482.666666666667	3663	1832.0	1832.0	1	367.2000000000001	916.5	2747.5	3296.8	1057.561345738393	1118436.0	13110.0	6555.5	6555.5	1.0	1311.9	3278.25	9832.75	11799.1	3784.675349352967	14323767.5																					0.087	0.0280517624642743	0.017	0.017	0.017	0.017	0.035	0.052	0.0191984126447755	0.000368579048079	0.087	0.0202139588100686	0.017	0.0	0.0	0.0	0.017	0.052	0.0205920731510972	0.0004240334766601																																																			17944.0	4096.0	112.0	0.0	0.0	4.0	7286.25	15460.5	6185.824428386526	38264423.85882349	23052023_s_Lm_st_19115_p_F04_pos004_tm_24_ch_Syto9_z_21.tif	23052023_s_Lm_st_19115_p_F04_pos004_tm_24_ch_Syto9_z_21.tif	4095	1860.2014742014744	1840.0	9	375.2000000000001	924.5	2755.5	3343.6000000000004	1091.552870635042	1191487.6693916004	4095.0	519.7496567505721	0.0	0.0	0.0	0.0	393.75	2360.1000000000004	1014.6894482341525	1029594.6763577288	497.0	276.9093892240923	271.0	256.0	258.0	262.0	286.0	304.0	20.44791785509996	418.1173446089157	497.0	199.53951182303584	264.0	0.0	0.0	0.0	279.0	297.0	125.46238320296756	15740.80959896828	378.0	272.1241830210649	269.0	256.0	258.0	262.0	279.0	290.5	13.825595260749328	191.1470843140543											378.0	196.0913163234173	263.0	0.0	0.0	0.0	274.5	286.33970000000005	122.67134060874233	15048.25780674607	378.0	268.1105112734201	264.0	256.0	257.0	259.0	273.0	285.0	12.481053293785385	155.776691322311	378.0	193.19908466819223	260.0	0.0	0.0	0.0	269.0	280.0	120.77322413300747	14586.171667481663					1697896	35465.15752115752	894.0	6	12.0	36.0	19318.0	55919.60000000005	151459.03633837576	22939839688.549427	84362.758	1762.2019361179362	44.449	0.298	0.597	1.79	960.532	2778.9864000000025	7524.711384589511	56621281.42137099	182801.912	1852.73692001092	0.0	0.0	0.0	0.0	140.0	648.7998000000005	13455.687499262702	181055526.07781452	292859	6011.488124488124	149.0	1	2.0	6.0	3226.0	9352.200000000006	25958.939530299616	673866541.537752																					9446.0	4723.0	4723.0	0.0	944.6	2361.5	7084.5	8501.4	2727.25833026503	7437938.0	255	127.5	127.5	0	25.5	63.75	191.25	229.5	74.04503134354572	5482.666666666667	3662	1831.0	1831.0	0	366.2000000000001	915.5	2746.5	3295.8	1057.561345738393	1118436.0	13109	6554.5	6554.5	0	1310.9	3277.25	9831.75	11798.1	3784.675349352967	14323767.5											255.0	127.5	127.5	0.0	25.5	63.75	191.25	229.5	74.04503134354572	5482.666666666667	292859.0	1679.64118993135	0.0	0.0	0.0	0.0	2.0	1019.1000000000004	13982.888081231242	195521159.0922387	2543.208	14.586120366132723	0.0	0.0	0.0	0.0	0.017	8.849900000000003	121.42836173012552	14744.847032462212	19115
23052023--s--Lm--st--19115--p--F04--pos005--tm--24--ch--Syto9--z--21	10835.0	5418.0	5418.0	1.0	1084.4	2709.5	8126.5	9751.6	3127.939417571894	9784005.0	256.0	128.5	128.5	1.0	26.5	64.75	192.25	230.5	74.04503134354572	5482.666666666667	3554	1777.5	1777.5	1	356.3	889.25	2665.75	3198.7000000000003	1026.095755765513	1052872.5	14389.0	7195.0	7195.0	1.0	1439.8000000000002	3598.0	10792.0	12950.2	4153.890846744371	17254809.166666668																					0.087	0.02791213659437	0.017	0.017	0.017	0.017	0.035	0.052	0.0190219997243406	0.0003618364735128	0.087	0.0210179998610049	0.017	0.0	0.0	0.017	0.017	0.052	0.0204296298563113	0.0004173697760658																																																			19968.0	4096.0	50.5	0.0	1.0	4.0	5873.25	16687.0	6695.655515654442	44831802.78431375	23052023_s_Lm_st_19115_p_F04_pos005_tm_24_ch_Syto9_z_21.tif	23052023_s_Lm_st_19115_p_F04_pos005_tm_24_ch_Syto9_z_21.tif	4095	1819.1024198086664	1785.5	9	364.3	897.25	2676.75	3324.7000000000003	1080.7864763513137	1168099.4074638886	4095.0	449.3078045729376	0.0	0.0	0.0	0.0	0.0	2123.2000000000007	950.7654124940856	903954.8695950484	605.0	276.85149976926624	271.0	256.0	258.0	262.0	286.0	303.0	20.029846806019705	401.1947630726178	605.0	208.4707762874418	265.0	0.0	0.0	256.0	280.0	298.0	120.65847825057348	14558.468373744114	423.8	272.18253696354407	269.0	256.0	258.0	262.0	279.0	291.0	13.682334192333755	187.20626895070544											423.8	204.95502036277716	264.0	0.0	0.0	256.0	275.0	287.0	117.98533327055168	13920.538866963152	365.0	268.2593447161975	264.0	256.0	257.0	259.0	273.0	285.0	12.505952953354056	156.39885927150502	365.0	202.00083397039404	261.0	0.0	0.0	256.0	270.0	281.0	116.2022858007798	13502.971225326111					1722270	36530.270118176704	548.0	6	6.0	24.0	17973.5	59164.40000000009	155640.5590212026	24223983612.43244	85551.15	1814.8307830613396	27.2295	0.298	0.298	1.193	893.99225	2940.159000000004	7730.723286515555	59764082.532673866	186689.096	1974.0656463140124	0.0	0.0	0.0	0.0	140.0	719.7331000000014	14096.859687043554	198721453.0361937	297105	6195.860438942037	92.0	1	1.0	4.0	3001.25	9894.800000000014	26690.488707510747	712382187.4457587																					10834.0	5417.0	5417.0	0.0	1083.4	2708.5	8125.5	9750.6	3127.939417571894	9784005.0	255	127.5	127.5	0	25.5	63.75	191.25	229.5	74.04503134354572	5482.666666666667	3553	1776.5	1776.5	0	355.3	888.25	2664.75	3197.7000000000003	1026.095755765513	1052872.5	14388	7194.0	7194.0	0	1438.8000000000002	3597.0	10791.0	12949.2	4153.890846744371	17254809.166666668											255.0	127.5	127.5	0.0	25.5	63.75	191.25	229.5	74.04503134354572	5482.666666666667	297105.0	1530.342344846758	0.0	0.0	0.0	0.0	0.0	411.4000000000015	13529.868473678567	183057340.9150412	2580.08	13.28960177913684	0.0	0.0	0.0	0.0	0.0	3.572600000000013	117.494309938953	13804.912868030751	19115
23052023--s--Lm--st--19115--p--F05--pos001--tm--24--ch--Syto9--z--21	9912.0	4956.5	4956.5	1.0	992.1	2478.75	7434.25	8920.9	2861.492268030791	8188138.0	256.0	128.5	128.5	1.0	26.5	64.75	192.25	230.5	74.04503134354572	5482.666666666667	4041	2021.0	2021.0	1	405.0	1011.0	3031.0	3637.0	1166.680547536471	1361143.5	13953.0	6977.0	6977.0	1.0	1396.2	3489.0	10465.0	12557.8	4028.0284879826754	16225013.5																					0.087	0.0259924334140435	0.017	0.017	0.017	0.017	0.035	0.052	0.0174051197401746	0.0003029381931698	0.087	0.0184646312620941	0.017	0.0	0.0	0.0	0.017	0.035	0.0188203207240611	0.0003542044721565																																																			18706.0	4096.0	1578.5	0.0	8.0	63.25	8451.25	10830.5	4732.68092990788	22398268.784313723	23052023_s_Lm_st_19115_p_F05_pos001_tm_24_ch_Syto9_z_21.tif	23052023_s_Lm_st_19115_p_F05_pos001_tm_24_ch_Syto9_z_21.tif	4095	2031.093541202673	2029.0	9	413.0	1019.0	3039.0	3651.0	1170.0498928011216	1369016.751643916	4095.0	588.2354332401634	0.0	0.0	0.0	0.0	561.0	2653.800000000001	1115.8939757986664	1245219.3652237544	489.0	274.8677360774818	270.0	256.0	258.0	262.0	283.0	299.0	18.36794640537149	337.3814551505995	489.0	195.2618791657708	263.0	0.0	0.0	0.0	276.0	293.0	125.63744264157756	15784.766993515688	401.4	271.2015294592413	268.0	256.0	258.0	261.0	278.0	288.5	13.339719304994796	177.94811113605087											401.4	192.6574614778184	262.333	0.0	0.0	0.0	273.0	284.667	123.52972632182478	15259.59328514493	378.0	268.0173527037934	264.0	256.0	257.0	259.0	273.0	284.0	12.404871664735618	153.88084101856063	378.0	190.39547050813445	260.0	0.0	0.0	0.0	269.0	280.0	122.02141399197733	14889.225472601518					1819050	32122.94580549369	2278.0	6	24.0	132.0	13618.0	35588.0	155836.89230384456	24285137002.92005	90381.665	1596.068151695125	113.227	0.298	1.193	6.563	676.844	1768.745	7742.620540407664	59948172.83274268	184205.608	1754.58041301658	6.667	0.0	0.0	0.0	73.333	360.0	13474.16327694174	181553076.01368532	313115	5449.125463994061	382.0	1	4.0	22.0	2275.0	5950.0	26692.53128266569	712491226.2760866																					9911.0	4955.5	4955.5	0.0	991.1	2477.75	7433.25	8919.9	2861.492268030791	8188138.0	255	127.5	127.5	0	25.5	63.75	191.25	229.5	74.04503134354572	5482.666666666667	4040	2020.0	2020.0	0	404.0	1010.0	3030.0	3636.0	1166.680547536471	1361143.5	13952	6976.0	6976.0	0	1395.2	3488.0	10464.0	12556.8	4028.0284879826754	16225013.5											255.0	127.5	127.5	0.0	25.5	63.75	191.25	229.5	74.04503134354572	5482.666666666667	313115.0	1578.162115674049	0.0	0.0	0.0	0.0	5.0	1280.0	14574.682149348488	212421359.75453743	2719.112	13.704868128717838	0.0	0.0	0.0	0.0	0.043	11.116	126.56754175111912	16019.34262492128	19115
23052023--s--Lm--st--19115--p--F05--pos002--tm--24--ch--Syto9--z--21	9127.0	4564.0	4564.0	1.0	913.6	2282.5	6845.5	8214.4	2634.882287060784	6942604.666666667	256.0	128.5	128.5	1.0	26.5	64.75	192.25	230.5	74.04503134354572	5482.666666666667	3838	1919.5	1919.5	1	384.7000000000001	960.25	2878.75	3454.3	1108.07949474154	1227840.1666666667	12965.0	6483.0	6483.0	1.0	1297.4	3242.0	9724.0	11668.6	3742.817454805938	14008682.5																					0.087	0.0275155034512983	0.017	0.017	0.017	0.017	0.035	0.052	0.0186030354963971	0.0003460729296802	0.087	0.0193701504049363	0.017	0.0	0.0	0.0	0.017	0.052	0.0200351370000358	0.0004014067146102																																																			27745.0	4096.0	445.5	0.0	2.0	11.75	7818.0	13278.0	5835.2141537057405	34049724.2196078	23052023_s_Lm_st_19115_p_F05_pos002_tm_24_ch_Syto9_z_21.tif	23052023_s_Lm_st_19115_p_F05_pos002_tm_24_ch_Syto9_z_21.tif	4095	1941.5961438249087	1927.5	9	392.7000000000001	968.25	2886.75	3502.3	1130.9909087888725	1279140.435763079	4095.0	574.7663709988431	0.0	0.0	0.0	0.0	605.0	2549.6000000000004	1079.0088111088862	1164260.0144506122	482.0	276.53544428618386	271.0	256.0	258.0	262.0	285.0	303.0	19.67731768930148	387.19683144569706	482.0	194.6732741997686	263.0	0.0	0.0	0.0	278.0	297.0	127.31917742288968	16210.17293964126	380.6	272.0308222855264	269.0	256.0	258.0	262.0	279.0	290.0	13.790168356628511	190.16874330415837											380.6	191.5021453914385	263.0	0.0	0.0	0.0	274.0	286.0	124.72559127935784	15556.47311998542	361.0	268.2326065519886	264.0	256.0	257.0	259.0	273.0	285.0	12.69443639358047	161.1487153506603	361.0	188.8283069803317	260.0	0.0	0.0	0.0	269.0	281.0	122.91613631557684	15108.376566749468					1890492	33806.026055237104	1223.0	6	12.0	48.0	14289.0	40228.400000000016	163962.96721143145	26883854616.776943	93906.015	1679.7200888483585	60.79	0.298	0.597	2.387	710.5842500000001	1999.4994000000008	8146.351181326652	66363037.56950215	197553.508	1895.7096227201664	6.667	0.0	0.0	0.0	86.667	416.0	14477.506583369535	209598196.87150824	325948	5737.3837936425225	204.5	1	2.0	8.0	2385.75	6723.900000000004	28101.081248092185	789670767.3118783																					9126.0	4563.0	4563.0	0.0	912.6	2281.5	6844.5	8213.4	2634.882287060784	6942604.666666667	255	127.5	127.5	0	25.5	63.75	191.25	229.5	74.04503134354572	5482.666666666667	3837	1918.5	1918.5	0	383.7000000000001	959.25	2877.75	3453.3	1108.07949474154	1227840.1666666667	12964	6482.0	6482.0	0	1296.4	3241.0	9723.0	11667.6	3742.817454805938	14008682.5											255.0	127.5	127.5	0.0	25.5	63.75	191.25	229.5	74.04503134354572	5482.666666666667	325948.0	1698.4262244504434	0.0	0.0	0.0	0.0	3.0	1139.6000000000004	15510.705558006704	240581986.90718004	2830.555	14.74925059776321	0.0	0.0	0.0	0.0	0.026	9.896400000000003	134.69603727430635	18143.022457401323	19115
23052023--s--Lm--st--19115--p--F05--pos003--tm--24--ch--Syto9--z--21	11819.0	5910.0	5910.0	1.0	1182.8	2955.5	8864.5	10637.2	3411.9957502904367	11641715.0	256.0	128.5	128.5	1.0	26.5	64.75	192.25	230.5	74.04503134354572	5482.666666666667	3945	1973.0	1973.0	1	395.4	987.0	2959.0	3550.6	1138.967734398126	1297247.5	15764.0	7882.5	7882.5	1.0	1577.3000000000002	3941.75	11823.25	14187.7	4550.819157030963	20709955.0																					0.087	0.0266649462729503	0.017	0.017	0.017	0.017	0.035	0.052	0.0180760629111349	0.0003267440503673	0.087	0.0199919436691195	0.017	0.0	0.0	0.0	0.017	0.052	0.019452112915448	0.0003783846968753																																																			16814.0	4096.0	207.0	0.0	1.0	8.0	8058.0	14734.5	5939.54700523962	35278218.627450936	23052023_s_Lm_st_19115_p_F05_pos003_tm_24_ch_Syto9_z_21.tif	23052023_s_Lm_st_19115_p_F05_pos003_tm_24_ch_Syto9_z_21.tif	4095	1989.196197718631	1981.0	9	403.4	995.0	2967.0	3579.6	1152.0983046537076	1327330.5035859472	4095.0	497.80379345343823	0.0	0.0	0.0	0.0	12.25	2376.7000000000007	1036.6167029967617	1074574.1889318763	470.0	275.5739910313901	270.0	256.0	258.0	262.0	284.0	301.0	18.713935349816836	350.2113762771241	470.0	206.61056838365897	264.0	0.0	0.0	0.0	278.0	295.0	120.46592872978935	14512.039984730693	372.5	271.5221364751671	268.0	256.0	258.0	261.0	278.0	289.0	13.292579034533128	176.69265738930966											372.5	203.57270559502663	263.5	0.0	0.0	0.0	274.2	286.0	118.17782736387888	13965.99888044676	372.0	268.06498011676115	264.0	256.0	257.0	259.0	273.0	285.0	12.429425393366662	154.490615609268	372.0	200.9807155544278	261.0	0.0	0.0	0.0	269.0	281.0	116.61614441058448	13599.325137190295					1482872	32969.53865652725	978.0	6	12.0	42.0	18546.0	54883.19999999998	133917.46532266188	17933887518.446346	73666.752	1638.1480499366287	48.625	0.298	0.597	2.088	921.502	2728.279599999999	6652.74680442938	44259040.043845326	150849.915	1604.3384522179974	0.0	0.0	0.0	0.0	116.0	619.4667999999999	11317.584023687694	128087708.13323094	255327	5581.749302915083	163.0	1	2.0	7.0	3100.0	9178.999999999996	22917.009850492945	525189340.48759073																					11818.0	5909.0	5909.0	0.0	1181.8	2954.5	8863.5	10636.2	3411.9957502904367	11641715.0	255	127.5	127.5	0	25.5	63.75	191.25	229.5	74.04503134354572	5482.666666666667	3944	1972.0	1972.0	0	394.4	986.0	2958.0	3549.6	1138.967734398126	1297247.5	15763	7881.5	7881.5	0	1576.3000000000002	3940.75	11822.25	14186.7	4550.819157030963	20709955.0											255.0	127.5	127.5	0.0	25.5	63.75	191.25	229.5	74.04503134354572	5482.666666666667	255327.0	1396.859680284192	0.0	0.0	0.0	0.0	1.0	614.4000000000015	11715.445646475786	137251666.69552845	2217.277	12.130422481603654	0.0	0.0	0.0	0.0	0.009	5.335600000000014	101.7377335403969	10350.5664259368	19115
23052023--s--Lm--st--19115--p--F05--pos004--tm--24--ch--Syto9--z--21	10328.0	5164.5	5164.5	1.0	1033.7	2582.75	7746.25	9295.3	2981.581124168853	8889826.0	256.0	128.5	128.5	1.0	26.5	64.75	192.25	230.5	74.04503134354572	5482.666666666667	3894	1947.5	1947.5	1	390.3	974.25	2920.75	3504.7000000000003	1124.245302414024	1263927.5	14222.0	7111.5	7111.5	1.0	1423.1	3556.25	10666.75	12799.9	4105.682099237592	16856625.5																					0.087	0.0272876646010844	0.017	0.017	0.017	0.017	0.035	0.052	0.0184271282024124	0.0003395590537881	0.087	0.0198162705667276	0.017	0.0	0.0	0.0	0.017	0.052	0.0198657099643601	0.000394646432388																																																			17004.0	4096.0	101.0	0.0	2.0	6.0	7670.5	15473.0	6150.351900660712	37826828.50196084	23052023_s_Lm_st_19115_p_F05_pos004_tm_24_ch_Syto9_z_21.tif	23052023_s_Lm_st_19115_p_F05_pos004_tm_24_ch_Syto9_z_21.tif	4095	1969.0803800719052	1955.5	9	398.3	982.25	2928.75	3560.7000000000003	1145.6161576385189	1312436.3806424437	4095.0	539.1364786949796	0.0	0.0	0.0	0.0	346.75	2479.9	1063.140962103171	1130268.7053016562	551.0	276.5222695584818	271.0	256.0	258.0	262.0	285.0	302.0	19.804043605287443	392.2001431201265	551.0	200.81015328364504	264.0	0.0	0.0	0.0	279.0	297.0	124.45737632407608	15489.638521472692	409.2	272.1228652207591	269.0	256.0	258.0	262.0	279.0	290.8250000000003	13.83906208608528	191.5196394225231											409.2	197.61531092673323	263.0	0.0	0.0	0.0	274.667	286.5	121.91778590771165	14863.94652063861	396.0	268.373450813323	264.0	256.0	257.0	259.0	273.0	286.0	12.74090451408497	162.3306478370308	396.0	194.89249050766415	260.0	0.0	0.0	0.0	269.0	281.0	120.16561732320297	14439.775586666454					1587802	33380.126861838726	719.0	6	12.0	30.0	18504.0	53256.00000000003	141790.10855192997	20104434883.168083	78876.304	1658.4825177195685	35.7805	0.298	0.597	1.492	919.95175	2647.154300000001	7043.624462911632	49612645.57452717	162315.54	1687.7006093990756	0.0	0.0	0.0	0.0	126.667	592.5332000000008	12178.724379964096	148321327.52313188	273553	5654.848741653826	120.0	1	2.0	5.0	3090.0	8908.100000000006	24277.445298166625	589394350.2054727																					10327.0	5163.5	5163.5	0.0	1032.7	2581.75	7745.25	9294.3	2981.581124168853	8889826.0	255	127.5	127.5	0	25.5	63.75	191.25	229.5	74.04503134354572	5482.666666666667	3893	1946.5	1946.5	0	389.3	973.25	2919.75	3503.7000000000003	1124.245302414024	1263927.5	14221	7110.5	7110.5	0	1422.1	3555.25	10665.75	12798.9	4105.682099237592	16856625.5											255.0	127.5	127.5	0.0	25.5	63.75	191.25	229.5	74.04503134354572	5482.666666666667	273553.0	1548.312192378006	0.0	0.0	0.0	0.0	2.0	853.7999999999993	12950.11067122091	167705366.39686966	2375.553	13.445646533539586	0.0	0.0	0.0	0.0	0.017	7.414299999999995	112.45965164633132	12647.173248414192	19115
23052023--s--Lm--st--19115--p--F05--pos005--tm--24--ch--Syto9--z--21	12506.0	6253.5	6253.5	1.0	1251.5	3127.25	9379.75	11255.5	3610.315567924776	13034378.5	256.0	128.5	128.5	1.0	26.5	64.75	192.25	230.5	74.04503134354572	5482.666666666667	3818	1909.5	1909.5	1	382.7000000000001	955.25	2863.75	3436.3	1102.3059920004064	1215078.5	16324.0	8162.5	8162.5	1.0	1633.3000000000002	4081.75	12243.25	14691.7	4712.477232482579	22207441.666666668																					0.087	0.0267490804413881	0.017	0.017	0.017	0.017	0.035	0.052	0.0179081771275245	0.0003207028080307	0.087	0.0204927713795638	0.017	0.0	0.0	0.017	0.017	0.052	0.0193366594520324	0.0003739063987638																																																			16754.0	4096.0	76.0	0.0	0.0	2.0	7911.25	15079.5	6085.72602142449	37036061.20784316	23052023_s_Lm_st_19115_p_F05_pos005_tm_24_ch_Syto9_z_21.tif	23052023_s_Lm_st_19115_p_F05_pos005_tm_24_ch_Syto9_z_21.tif	4095	1934.6372446306968	1917.5	9	390.7000000000001	963.25	2871.75	3498.3	1129.760605886717	1276359.026613522	4095.0	452.4898921832884	0.0	0.0	0.0	0.0	0.0	2193.7000000000007	984.461222138546	969163.8978945198	429.0	275.49016472093393	270.0	256.0	258.0	262.0	284.0	301.0	18.44732559728313	340.30382169217745	429.0	211.05611369762312	265.0	0.0	0.0	256.0	279.0	296.0	117.73164077299484	13860.739239101504	374.0	271.47867687509995	268.5	256.0	258.0	261.0	278.0	289.0	13.1285304510573	172.35831180433885											374.0	207.9828677407498	264.0	0.0	0.0	256.0	275.0	286.0	115.49412404863	13338.892689760334	365.0	268.0742843435151	264.0	256.0	257.0	259.0	273.0	284.0	12.250660705141772	150.07868771250472	365.0	205.3747243322715	261.0	0.0	0.0	256.0	270.0	281.0	113.98538745937825	12992.668554264585					1419192	34076.877946568886	1011.0	6	12.0	36.0	18930.0	52355.20000000002	136658.56143124087	18675562412.45624	70501.501	1693.227497642745	50.2655	0.298	0.597	1.79	941.24925	2602.509500000001	6789.428098578742	46096333.90577056	135534.28	1632.3106100052382	6.667	0.0	0.0	0.0	126.667	577.1055000000007	10881.534420547085	118407791.34555098	243809	5767.432949188056	169.0	1	2.0	6.0	3161.5	8755.200000000004	23348.68400485425	545161044.7585367																					12505.0	6252.5	6252.5	0.0	1250.5	3126.25	9378.75	11254.5	3610.315567924776	13034378.5	255	127.5	127.5	0	25.5	63.75	191.25	229.5	74.04503134354572	5482.666666666667	3817	1908.5	1908.5	0	381.7000000000001	954.25	2862.75	3435.3	1102.3059920004064	1215078.5	16323	8161.5	8161.5	0	1632.3000000000002	4080.75	12242.25	14690.7	4712.477232482579	22207441.666666668											255.0	127.5	127.5	0.0	25.5	63.75	191.25	229.5	74.04503134354572	5482.666666666667	243809.0	1348.9399656946828	0.0	0.0	0.0	0.0	0.0	467.4000000000015	11551.71352264532	133442085.30926672	2117.254	11.714288042146531	0.0	0.0	0.0	0.0	0.0	4.058900000000012	100.31587874803324	10063.275528990103	19115
23052023--s--Lm--st--19115--p--F06--pos001--tm--24--ch--Syto9--z--21	7105.0	3553.0	3553.0	1.0	711.4000000000001	1777.0	5329.0	6394.6	2051.1811637850683	4207344.166666667	256.0	128.5	128.5	1.0	26.5	64.75	192.25	230.5	74.04503134354572	5482.666666666667	3518	1759.5	1759.5	1	352.70000000000005	880.25	2638.75	3166.3	1015.7034508162312	1031653.5	10623.0	5312.0	5312.0	1.0	1063.2	2656.5	7967.5	9560.8	3066.740288971337	9404896.0																					0.087	0.0292561576354679	0.017	0.017	0.017	0.017	0.035	0.069	0.0200309648846325	0.0004012395542093	0.087	0.0195674479902099	0.017	0.0	0.0	0.0	0.017	0.052	0.0213997763040372	0.0004579504258628																																																			39986.0	4096.0	50.5	0.0	1.0	4.0	4346.5	17076.5	7528.237698108084	56674362.8392157	23052023_s_Lm_st_19115_p_F06_pos001_tm_24_ch_Syto9_z_21.tif	23052023_s_Lm_st_19115_p_F06_pos001_tm_24_ch_Syto9_z_21.tif	4095	1811.414724275156	1767.5	9	360.7000000000001	888.25	2653.75	3332.3	1085.2392845735512	1177744.3047817133	4095.0	599.8829897392451	0.0	0.0	0.0	0.0	870.5	2464.800000000001	1056.789017382396	1116803.02726005	483.0	278.27065446868403	272.0	256.0	258.0	262.0	288.0	307.0	21.429772598880728	459.2351536397392	483.0	186.1162571778217	262.0	0.0	0.0	0.0	279.0	299.0	132.1369855945033	17460.18296200197	368.2	272.7490723434201	269.667	256.0	258.0	262.0	280.0	291.0	14.020142109031408	196.56438475743568											368.2	182.42324757601432	262.0	0.0	0.0	0.0	274.0	286.25	128.88189918447574	16610.54393739737	356.0	268.1615763546798	264.0	256.0	257.0	259.0	273.0	285.0	12.556339870287808	157.6616709381792	356.0	179.3549844676645	259.0	0.0	0.0	0.0	268.0	280.0	126.62878286300682	16034.848649366528					2831934	36652.59920409323	366.0	6	6.0	18.0	9453.5	36877.40000000001	217513.38746267767	47312073725.48894	140677.074	1820.9853118249005	18.197	0.298	0.298	0.895	469.8545	1832.6486000000004	10806.27925546188	116775671.3470258	373020.963	2702.8567541216603	0.0	0.0	0.0	0.0	66.667	416.3999000000002	24093.885717638917	580515328.9746444	493198	6259.239624786811	61.0	1	1.0	3.0	1579.25	6162.100000000003	37576.3533526347	1411982331.282061																					7104.0	3552.0	3552.0	0.0	710.4000000000001	1776.0	5328.0	6393.6	2051.1811637850683	4207344.166666667	255	127.5	127.5	0	25.5	63.75	191.25	229.5	74.04503134354572	5482.666666666667	3517	1758.5	1758.5	0	351.70000000000005	879.25	2637.75	3165.3	1015.7034508162312	1031653.5	10622	5311.0	5311.0	0	1062.2	2655.5	7966.5	9559.8	3066.740288971337	9404896.0											255.0	127.5	127.5	0.0	25.5	63.75	191.25	229.5	74.04503134354572	5482.666666666667	493198.0	2072.869810787913	0.0	0.0	0.0	0.0	3.0	868.4000000000033	21821.85455639055	476193336.2802631	4282.965	18.000949166902004	0.0	0.0	0.0	0.0	0.026	7.540800000000028	189.5024904156911	35911.1938737491	19115
23052023--s--Lm--st--19115--p--F06--pos002--tm--24--ch--Syto9--z--21	8927.0	4464.0	4464.0	1.0	893.6	2232.5	6695.5	8034.400000000001	2577.147260053255	6641688.0	256.0	128.5	128.5	1.0	26.5	64.75	192.25	230.5	74.04503134354572	5482.666666666667	3589	1795.0	1795.0	1	359.8	898.0	2692.0	3230.2000000000003	1036.199385575318	1073709.1666666667	12516.0	6258.5	6258.5	1.0	1252.5	3129.75	9387.25	11264.5	3613.202319273029	13055231.0																					0.087	0.029441245659236	0.017	0.017	0.017	0.017	0.035	0.069	0.0201565765783245	0.0004062875793578	0.087	0.0209988814317673	0.017	0.0	0.0	0.0	0.035	0.052	0.0216117670859028	0.0004670684765753																																																			40372.0	4096.0	29.0	0.0	0.0	2.0	3761.75	17880.0	7731.627390269192	59778062.1019608	23052023_s_Lm_st_19115_p_F06_pos002_tm_24_ch_Syto9_z_21.tif	23052023_s_Lm_st_19115_p_F06_pos002_tm_24_ch_Syto9_z_21.tif	4095	1843.6138200055725	1803.0	9	367.8	906.0	2710.0	3395.2000000000003	1100.298101741685	1210655.9126963555	4095.0	528.6617130073506	0.0	0.0	0.0	0.0	468.25	2345.5	1020.9361120665302	1042310.5449215226	482.0	278.29651618684886	273.0	256.0	258.0	263.0	288.0	307.0	20.47639028252235	419.2825590021757	482.0	198.494167465644	264.0	0.0	0.0	0.0	281.0	300.0	127.045696169684	16140.60891523966	399.75	272.990136215974	270.0	256.0	258.0	262.0	280.0	291.5	14.019116116979784	196.5356167013624											399.75	194.70940763822307	264.0	0.0	0.0	0.0	275.667	287.225	124.02977922002847	15383.38613336901	369.0	268.5253724655539	265.0	256.0	257.0	259.0	273.5	286.0	12.881150665818906	165.92404247552682	369.0	191.5249280920422	260.0	0.0	0.0	0.0	269.0	281.0	121.93040633495823	14867.023989008028					2220632	36049.22875452772	312.0	6	6.0	18.0	11872.0	48348.40000000001	182794.36772823223	33413780873.164192	110320.694	1791.216583728058	15.512	0.298	0.298	0.895	590.229	2403.0538000000006	9081.68728396594	82477043.92374863	271637.648	2307.414271384787	0.0	0.0	0.0	0.0	86.667	578.9336000000004	18623.452868504563	346832996.74541086	384992	6135.4212872666485	52.0	1	1.0	3.0	1982.0	8088.6	31474.06291530541	990616636.3966032																					8926.0	4463.0	4463.0	0.0	892.6	2231.5	6694.5	8033.400000000001	2577.147260053255	6641688.0	255	127.5	127.5	0	25.5	63.75	191.25	229.5	74.04503134354572	5482.666666666667	3588	1794.0	1794.0	0	358.8	897.0	2691.0	3229.2000000000003	1036.199385575318	1073709.1666666667	12515	6257.5	6257.5	0	1251.5	3128.75	9386.25	11263.5	3613.202319273029	13055231.0											255.0	127.5	127.5	0.0	25.5	63.75	191.25	229.5	74.04503134354572	5482.666666666667	384992.0	1759.3557046979863	0.0	0.0	0.0	0.0	1.0	546.5	17079.386226480918	291705433.87330604	3343.297	15.278367289868967	0.0	0.0	0.0	0.0	0.009	4.746	148.31856492780136	21998.396702242426	19115
23052023--s--Lm--st--19115--p--F06--pos003--tm--24--ch--Syto9--z--21	8680.0	4340.5	4340.5	1.0	868.9000000000001	2170.75	6510.25	7812.1	2505.8445016933247	6279256.666666667	256.0	128.5	128.5	1.0	26.5	64.75	192.25	230.5	74.04503134354572	5482.666666666667	3259	1630.0	1630.0	1	326.8	815.5	2444.5	2933.2000000000003	940.9365901412629	885361.6666666666	11939.0	5970.0	5970.0	1.0	1194.8	2985.5	8954.5	10745.2	3446.6367664724985	11879305.0																					0.087	0.0296603686635944	0.017	0.017	0.017	0.017	0.035	0.069	0.0202806577163455	0.0004113050774075	0.087	0.0215639500795711	0.017	0.0	0.0	0.0	0.035	0.052	0.0217629669804105	0.0004736267317904																																																			24048.0	4096.0	32.5	0.0	0.0	2.0	5226.0	18237.0	6940.736630963038	48173824.980392136	23052023_s_Lm_st_19115_p_F06_pos003_tm_24_ch_Syto9_z_21.tif	23052023_s_Lm_st_19115_p_F06_pos003_tm_24_ch_Syto9_z_21.tif	4095	1672.628413623811	1638.0	9	334.8	823.5	2453.5	3027.800000000001	1000.3962000592412	1000792.5570929692	4095.0	456.5789429600469	0.0	0.0	0.0	0.0	282.5	2073.2000000000007	910.1623056976556	828395.4227128727	506.0	278.4191244239631	273.0	256.0	258.0	263.0	289.0	307.0	20.851759037957148	434.7958549770276	506.0	202.4187955440154	265.0	0.0	0.0	0.0	282.0	301.0	125.30476033988649	15701.28296383639	388.2	272.96680195852537	270.0	256.0	258.0	262.0	280.25	291.5	14.057425305334776	197.61120621506652											388.2	198.45479864310244	264.0	0.0	0.0	0.0	276.0	287.667	122.1972497978644	14932.16785816167	373.0	268.35138248847926	264.0	256.0	257.0	259.0	274.0	285.0	12.684823419314275	160.9047451791839	373.0	195.0992545439317	260.0	0.0	0.0	0.0	269.0	281.0	120.04004099074336	14409.611441059344					2020090	39755.96686100031	836.0	6	6.0	30.0	19792.0	56946.40000000007	178968.3538125273	32029671666.365955	100361.764	1975.387569193004	41.5	0.298	0.298	1.492	984.002	2830.283800000004	8891.562346457933	79059880.96094851	238267.178	2380.319861307149	6.667	0.0	0.0	0.0	160.0	732.5334000000007	17636.47225590726	311045153.6333865	349678	6756.702669530531	140.0	1	1.0	5.0	3305.5	9528.20000000001	30779.00995910833	947347454.0628898																					8679.0	4339.5	4339.5	0.0	867.9000000000001	2169.75	6509.25	7811.1	2505.8445016933247	6279256.666666667	255	127.5	127.5	0	25.5	63.75	191.25	229.5	74.04503134354572	5482.666666666667	3258	1629.0	1629.0	0	325.8	814.5	2443.5	2932.2000000000003	940.9365901412629	885361.6666666666	11938	5969.0	5969.0	0	1193.8	2984.5	8953.5	10744.2	3446.6367664724985	11879305.0											255.0	127.5	127.5	0.0	25.5	63.75	191.25	229.5	74.04503134354572	5482.666666666667	349678.0	1844.383616718318	0.0	0.0	0.0	0.0	1.0	952.8000000000028	16358.53250187078	267601585.61476263	3036.628	16.016757433620906	0.0	0.0	0.0	0.0	0.009	8.274000000000026	142.05862444143025	20180.65277819132	19115
23052023--s--Lm--st--19115--p--F06--pos004--tm--24--ch--Syto9--z--21	10568.0	5284.5	5284.5	1.0	1057.7	2642.75	7926.25	9511.3	3050.863156550946	9307766.0	256.0	128.5	128.5	1.0	26.5	64.75	192.25	230.5	74.04503134354572	5482.666666666667	3638	1819.5	1819.5	1	364.7000000000001	910.25	2728.75	3274.3	1050.3444673058452	1103223.5	14206.0	7103.5	7103.5	1.0	1421.5	3552.25	10654.75	12785.5	4101.063297081218	16818720.166666668																					0.087	0.0284405753217259	0.017	0.017	0.017	0.017	0.035	0.052	0.0192558608847832	0.0003707881784141	0.087	0.0211572574968323	0.017	0.0	0.0	0.0	0.017	0.052	0.0207348163074553	0.0004299326073039																																																			20224.0	4096.0	53.0	0.0	0.5	3.0	6044.5	17252.0	6699.663679003948	44885493.41176472	23052023_s_Lm_st_19115_p_F06_pos004_tm_24_ch_Syto9_z_21.tif	23052023_s_Lm_st_19115_p_F06_pos004_tm_24_ch_Syto9_z_21.tif	4095	1855.0035733919733	1827.5	9	372.7000000000001	918.25	2739.75	3366.3	1095.045346781453	1199124.3115077126	4095.0	475.04596649303113	0.0	0.0	0.0	0.0	94.75	2225.5	981.1264769355812	962609.1637440252	468.0	277.2922975018925	272.0	256.0	258.0	262.0	287.0	304.0	19.86666087565108	394.68421434812535	468.0	206.2807968464029	265.0	0.0	0.0	0.0	281.0	299.0	122.24133086187352	14942.942970882028	368.4	272.3645198713096	269.2	256.0	258.0	262.0	279.0	290.6919000000001	13.497867979332622	182.1924399874929											368.4	202.61496874560044	264.0	0.0	0.0	0.0	275.333	287.0	119.45220669198488	14268.829683584678	361.0	268.1986184708554	264.0	256.0	257.0	259.0	273.0	285.0	12.28346509334827	150.88351469950538	361.0	199.51590877094185	261.0	0.0	0.0	0.0	270.0	281.0	117.54360515703756	13816.499113313548					1870224	35646.36943375481	398.0	6	12.0	24.0	14469.5	50632.60000000002	164419.33234096863	27033716847.44989	92913.067	1771.0410766904893	19.772	0.298	0.597	1.193	719.0985	2516.679700000001	8167.981432311609	66715920.678587206	208847.123	2045.777227597581	0.0	0.0	0.0	0.0	106.667	576.8001000000005	15245.737651312396	232432516.53264445	323009	6052.791094007696	66.5	1	2.0	4.0	2418.0	8468.500000000004	28218.95699035757	796309533.6236504																					10567.0	5283.5	5283.5	0.0	1056.7	2641.75	7925.25	9510.3	3050.863156550946	9307766.0	255	127.5	127.5	0	25.5	63.75	191.25	229.5	74.04503134354572	5482.666666666667	3637	1818.5	1818.5	0	363.7000000000001	909.25	2727.75	3273.3	1050.3444673058452	1103223.5	14205	7102.5	7102.5	0	1420.5	3551.25	10653.75	12784.5	4101.063297081218	16818720.166666668											255.0	127.5	127.5	0.0	25.5	63.75	191.25	229.5	74.04503134354572	5482.666666666667	323009.0	1550.0560326622551	0.0	0.0	0.0	0.0	1.0	377.5	14521.169287935149	210864357.488871	2805.032	13.460793608334503	0.0	0.0	0.0	0.0	0.009	3.2785	126.10283193822666	15901.924222840637	19115
23052023--s--Lm--st--19115--p--F06--pos005--tm--24--ch--Syto9--z--21	7753.0	3877.0	3877.0	1.0	776.2	1939.0	5815.0	6977.8	2238.2426514269328	5009730.166666667	256.0	128.5	128.5	1.0	26.5	64.75	192.25	230.5	74.04503134354572	5482.666666666667	3481	1741.0	1741.0	1	349.0	871.0	2611.0	3133.0	1005.0224707272304	1010070.1666666666	11234.0	5617.5	5617.5	1.0	1124.3	2809.25	8425.75	10110.7	3243.1207963934985	10517832.5																					0.087	0.0295735844189346	0.017	0.017	0.017	0.017	0.035	0.069	0.0200338731151244	0.0004013560719929	0.087	0.0204098273099519	0.017	0.0	0.0	0.0	0.035	0.052	0.0215412856602989	0.0004640269878985																																																			34605.0	4096.0	30.0	0.0	0.0	3.0	4746.25	17381.5	7252.696828509688	52601611.28627449	23052023_s_Lm_st_19115_p_F06_pos005_tm_24_ch_Syto9_z_21.tif	23052023_s_Lm_st_19115_p_F06_pos005_tm_24_ch_Syto9_z_21.tif	4095	1788.4323470267166	1749.0	9	357.0	879.0	2620.0	3280.0	1069.7688525062097	1144405.3977924525	4095.0	554.1688623820545	0.0	0.0	0.0	0.0	680.75	2365.7000000000007	1019.1122439407002	1038589.7657498491	552.0	278.2742164323488	272.0	256.0	258.0	263.0	288.0	306.0	21.61115283160869	467.04192671114816	552.0	192.04735623998576	263.0	0.0	0.0	0.0	279.0	299.0	129.93623360133208	16883.424802499936	457.75	272.72141919257064	270.0	256.0	258.0	262.0	279.8	291.0	14.221327523200474	202.24615652213933											457.75	188.21516494570056	263.0	0.0	0.0	0.0	274.8	287.0	126.6741746570218	16046.346525037668	382.0	268.0299239004256	264.0	256.0	257.0	259.0	273.0	284.0	12.529938644806244	156.9993624426089	382.0	184.97739006587148	259.0	0.0	0.0	0.0	268.0	280.0	124.38872678396964	15472.555350937044					2441258	37123.39787417409	520.0	6	6.0	24.0	12248.0	42034.0	199662.89722612305	39865272528.72937	121288.399	1844.4253685722488	25.821	0.298	0.298	1.193	609.182	2088.877	9919.525770451964	98396991.5106606	303744.291	2506.5957779373744	0.0	0.0	0.0	0.0	86.667	480.0	20749.00799111143	430521332.615206	423213	6325.785119218615	87.0	1	1.0	4.0	2045.0	7029.0	34407.03537157348	1183844083.0607088																					7752.0	3876.0	3876.0	0.0	775.2	1938.0	5814.0	6976.8	2238.2426514269328	5009730.166666667	255	127.5	127.5	0	25.5	63.75	191.25	229.5	74.04503134354572	5482.666666666667	3480	1740.0	1740.0	0	348.0	870.0	2610.0	3132.0	1005.0224707272304	1010070.1666666666	11233	5616.5	5616.5	0	1123.3	2808.25	8424.75	10109.7	3243.1207963934985	10517832.5											255.0	127.5	127.5	0.0	25.5	63.75	191.25	229.5	74.04503134354572	5482.666666666667	423213.0	1960.12960655154	0.0	0.0	0.0	0.0	2.0	961.4000000000016	19373.03897989661	375314639.3165935	3675.211	17.02190297311732	0.0	0.0	0.0	0.0	0.017	8.348900000000011	168.23680968375484	28303.624132567944	19115
23052023--s--Lm--st--19115--p--F07--pos001--tm--24--ch--Syto9--z--21	8461.0	4231.0	4231.0	1.0	847.0	2116.0	6346.0	7615.0	2442.624647109471	5966415.166666667	256.0	128.5	128.5	1.0	26.5	64.75	192.25	230.5	74.04503134354572	5482.666666666667	3214	1607.5	1607.5	1	322.3	804.25	2410.75	2892.7000000000003	927.946208929519	861084.1666666666	11675.0	5838.0	5838.0	1.0	1168.4	2919.5	8756.5	10507.6	3370.42653087113	11359775.0																					0.087	0.03	0.017	0.017	0.017	0.017	0.035	0.069	0.0207521054786421	0.0004306498817966	0.087	0.0217413276231263	0.017	0.0	0.0	0.0	0.035	0.052	0.0221733263098277	0.000491656399642																																																			46151.0	4096.0	16.0	0.0	0.0	1.0	2846.25	17887.0	8263.794978760081	68290307.45098034	23052023_s_Lm_st_19115_p_F07_pos001_tm_24_ch_Syto9_z_21.tif	23052023_s_Lm_st_19115_p_F07_pos001_tm_24_ch_Syto9_z_21.tif	4095	1664.5612943372744	1615.5	9	330.3	812.25	2426.75	3044.100000000001	1011.9061943193054	1023954.14610178	4095.0	458.2355460385439	0.0	0.0	0.0	0.0	303.5	2054.6000000000004	913.5910011653724	834648.5174103472	462.0	279.0031911121617	273.0	256.0	258.0	263.0	289.0	308.0	21.32732327199051	454.854717947988	462.0	202.19665952890796	265.0	0.0	0.0	0.0	282.0	302.0	125.94039018608323	15860.981880222893	357.0	273.1924110625222	270.0	256.0	258.0	262.0	281.0	292.0	13.978886752806622	195.4092748477925											357.0	197.98552376873664	264.0	0.0	0.0	0.0	276.0	288.5	122.60816070975434	15032.761072628948	353.0	268.3540952606075	264.0	256.0	257.0	259.0	273.0	286.0	12.628868251335962	159.48831330960147	353.0	194.47914346895075	260.0	0.0	0.0	0.0	269.0	281.0	120.34927172618316	14483.947205022663					2784322	40109.28438083385	354.0	6	6.0	18.0	11015.5	42350.00000000001	223205.7972245284	49820827914.63728	138314.489	1992.736541381456	17.6	0.298	0.298	0.895	547.4994999999999	2104.749600000001	11088.853209653063	122962665.50523303	375089.178	2982.879777224642	0.0	0.0	0.0	0.0	80.0	511.60010000000034	25237.13516730158	636912991.4526502	485531	6851.303360298693	59.0	1	1.0	3.0	1839.0	7084.9000000000015	38589.12983175286	1489120941.1718786																					8460.0	4230.0	4230.0	0.0	846.0	2115.0	6345.0	7614.0	2442.624647109471	5966415.166666667	255	127.5	127.5	0	25.5	63.75	191.25	229.5	74.04503134354572	5482.666666666667	3213	1606.5	1606.5	0	321.3	803.25	2409.75	2891.7000000000003	927.946208929519	861084.1666666666	11674	5837.0	5837.0	0	1167.4	2918.5	8755.5	10506.6	3370.42653087113	11359775.0											255.0	127.5	127.5	0.0	25.5	63.75	191.25	229.5	74.04503134354572	5482.666666666667	485531.0	1886.089593147752	0.0	0.0	0.0	0.0	1.0	444.0	20474.665462152752	419211925.7870708	4216.385	16.37893601713062	0.0	0.0	0.0	0.0	0.009	3.856	177.8034074245481	31614.05169177985	19115
23052023--s--Lm--st--19115--p--F07--pos002--tm--24--ch--Syto9--z--21	10813.0	5407.0	5407.0	1.0	1082.2	2704.0	8110.0	9731.8	3121.588564604033	9744315.166666666	256.0	128.5	128.5	1.0	26.5	64.75	192.25	230.5	74.04503134354572	5482.666666666667	3205	1603.0	1603.0	1	321.40000000000003	802.0	2404.0	2884.6	925.348132686648	856269.1666666666	14018.0	7009.5	7009.5	1.0	1402.7	3505.25	10513.75	12616.3	4046.792371743329	16376528.5																					0.087	0.0304780356977712	0.017	0.017	0.017	0.017	0.035	0.069	0.0208129897717022	0.0004331805432369	0.087	0.023509701811956	0.017	0.0	0.0	0.017	0.035	0.052	0.0223152089634996	0.0004979685510846																																																			34934.0	4096.0	26.5	0.0	0.0	2.0	3518.75	18601.5	7749.54071301939	60055381.26274508	23052023_s_Lm_st_19115_p_F07_pos002_tm_24_ch_Syto9_z_21.tif	23052023_s_Lm_st_19115_p_F07_pos002_tm_24_ch_Syto9_z_21.tif	4095	1639.3357254290172	1611.0	9	329.40000000000003	810.0	2413.0	2942.6	974.3657373515704	949388.5901246693	4095.0	374.8088885718362	0.0	0.0	0.0	0.0	0.0	1811.300000000001	831.264433409481	691000.5582515853	467.0	279.485156755757	273.0	256.0	258.0	263.0	290.0	309.0	21.6839302029704	470.1928290472919	467.0	215.585176202026	267.0	0.0	0.0	256.0	284.0	304.0	118.90985732860416	14139.554169908995	394.0	273.47215814297607	270.5	256.0	258.0	262.5	281.0	292.75	14.173646207472927	200.8922468146117											394.0	210.9469571978884	265.5	0.0	0.0	256.0	277.333	289.5	115.52229179314074	13345.399901139554	369.0	268.4327198742255	265.0	256.0	257.0	259.0	274.0	285.8000000000011	12.74345712772182	162.39569956608406	369.0	207.0597089456413	261.0	0.0	0.0	256.0	270.0	282.0	113.2874580767675	12834.048157495356					2141296	40380.55600624025	336.0	6	6.0	24.0	14178.0	60813.199999999975	187661.7648317232	35216937979.75698	106376.333	2006.3848240249608	16.706	0.298	0.298	1.193	704.816	3022.6011999999987	9322.718464210291	86913079.56292751	261916.711	2548.819364430577	0.0	0.0	0.0	0.0	120.0	809.6001999999997	19166.83976524881	367367746.5867231	371331	6870.544773790952	56.0	1	1.0	4.0	2369.0	10174.399999999996	32312.229773102077	1044080192.909744																					10812.0	5406.0	5406.0	0.0	1081.2	2703.0	8109.0	9730.8	3121.588564604033	9744315.166666666	255	127.5	127.5	0	25.5	63.75	191.25	229.5	74.04503134354572	5482.666666666667	3204	1602.0	1602.0	0	320.40000000000003	801.0	2403.0	2883.6	925.348132686648	856269.1666666666	14017	7008.5	7008.5	0	1401.7	3504.25	10512.75	12615.3	4046.792371743329	16376528.5											255.0	127.5	127.5	0.0	25.5	63.75	191.25	229.5	74.04503134354572	5482.666666666667	371331.0	1570.8443429875874	0.0	0.0	0.0	0.0	0.0	144.3000000000011	15715.62955679594	246981012.3664381	3224.664	13.641324011984592	0.0	0.0	0.0	0.0	0.0	1.2534000000000087	136.4756103422767	18625.592218296944	19115
23052023--s--Lm--st--19115--p--F07--pos003--tm--24--ch--Syto9--z--21	10330.0	5165.5	5165.5	1.0	1033.9	2583.25	7747.75	9297.1	2982.1584744387187	8893269.166666666	256.0	128.5	128.5	1.0	26.5	64.75	192.25	230.5	74.04503134354572	5482.666666666667	3624	1812.5	1812.5	1	363.3	906.75	2718.25	3261.7000000000003	1046.303015383211	1094750.0	13954.0	6977.5	6977.5	1.0	1396.3000000000002	3489.25	10465.75	12558.7	4028.317163117456	16227339.166666666																					0.087	0.0297315585672797	0.017	0.017	0.017	0.017	0.035	0.069	0.0203227578011906	0.0004130144846458	0.087	0.0220099613014189	0.017	0.0	0.0	0.0	0.035	0.052	0.0218107048374972	0.0004757068455084																																																			25597.0	4096.0	24.5	0.0	0.0	2.0	3487.5	20062.0	7494.46841082036	56167056.76078425	23052023_s_Lm_st_19115_p_F07_pos003_tm_24_ch_Syto9_z_21.tif	23052023_s_Lm_st_19115_p_F07_pos003_tm_24_ch_Syto9_z_21.tif	4095	1860.4293598234	1820.5	9	371.3	914.75	2732.25	3430.7000000000003	1109.249391981783	1230434.213611955	4095.0	483.17299699011033	0.0	0.0	0.0	0.0	143.75	2236.7000000000007	992.4677082738068	984992.1519662624	418.0	278.92555663117133	273.0	256.0	258.0	263.0	289.0	308.0	21.079240365525152	444.3343743875849	418.0	206.48566719220292	266.0	0.0	0.0	0.0	282.0	303.0	123.64383820751068	15287.798726685076	367.5	273.2208777347531	270.0	256.0	258.0	262.0	281.0	292.0	14.039490270378236	197.10728705204517											367.5	202.2625531747169	264.5	0.0	0.0	0.0	277.0	288.667	120.41242999105984	14499.15329635189	363.0	268.5236205227493	264.0	256.0	257.0	259.0	274.0	286.0	12.887159444764858	166.0788785547921	363.0	198.78522287516125	260.0	0.0	0.0	0.0	270.0	282.0	118.266224379248	13986.899828922633					1948866	35762.19039735099	216.0	6	6.0	18.0	12702.5	55610.2	167511.45737130917	28060088350.65993	96822.663	1776.8455645695365	10.739	0.298	0.298	0.895	631.1485	2763.9080000000004	8321.484533751169	69247104.84545991	227280.28	2111.8542861479027	0.0	0.0	0.0	0.0	93.99975	666.133200000003	16172.037475549809	261534796.11058745	336970	6076.171081677704	36.0	1	1.0	3.0	2122.5	9300.700000000004	28787.11717466148	828698115.2276901																					10329.0	5164.5	5164.5	0.0	1032.9	2582.25	7746.75	9296.1	2982.1584744387187	8893269.166666666	255	127.5	127.5	0	25.5	63.75	191.25	229.5	74.04503134354572	5482.666666666667	3623	1811.5	1811.5	0	362.3	905.75	2717.25	3260.7000000000003	1046.303015383211	1094750.0	13953	6976.5	6976.5	0	1395.3000000000002	3488.25	10464.75	12557.7	4028.317163117456	16227339.166666666											255.0	127.5	127.5	0.0	25.5	63.75	191.25	229.5	74.04503134354572	5482.666666666667	336970.0	1578.0490182026658	0.0	0.0	0.0	0.0	1.0	258.0	14908.935619178714	222276361.29681575	2926.271	13.703886555826283	0.0	0.0	0.0	0.0	0.009	2.24	129.47022449986972	16762.539032046665	19115
23052023--s--Lm--st--19115--p--F07--pos004--tm--24--ch--Syto9--z--21	11954.0	5977.5	5977.5	1.0	1196.3	2989.25	8965.75	10758.7	3450.966893495213	11909172.5	256.0	128.5	128.5	1.0	26.5	64.75	192.25	230.5	74.04503134354572	5482.666666666667	3817	1909.0	1909.0	1	382.6	955.0	2863.0	3435.4	1102.0173168633362	1214442.1666666667	15771.0	7886.0	7886.0	1.0	1578.0	3943.5	11828.5	14194.0	4552.839882974142	20728351.0																					0.087	0.0283647314706374	0.017	0.017	0.017	0.017	0.035	0.052	0.0192936676019971	0.0003722456095363	0.087	0.0214997146661594	0.017	0.0	0.0	0.017	0.035	0.052	0.0207304571755219	0.0004297518547061																																																			21452.0	4096.0	42.0	0.0	1.0	5.0	5352.75	18163.0	6837.78536386987	46755308.68235301	23052023_s_Lm_st_19115_p_F07_pos004_tm_24_ch_Syto9_z_21.tif	23052023_s_Lm_st_19115_p_F07_pos004_tm_24_ch_Syto9_z_21.tif	4095	1937.165313073094	1917.0	9	390.6	963.0	2874.0	3510.6000000000004	1133.6774718777135	1285224.6102430446	4095.0	468.8453490583983	0.0	0.0	0.0	0.0	0.0	2248.0	999.7276058241804	999455.2858469476	546.0	277.26158607997326	272.0	256.0	258.0	262.0	286.0	305.0	20.3122513016903	412.5875529430193	546.0	210.1569336123264	265.0	0.0	0.0	256.0	281.0	299.0	120.06717433652952	14416.126353158576	466.0	272.38238012380793	269.0	256.0	258.0	262.0	279.333	290.14000000000016	13.983421701648322	195.53608248612923											466.0	206.4586248177034	264.333	0.0	0.0	256.0	276.0	287.0	117.30131753260306	13759.599094884572	418.0	268.24050527020245	264.0	256.0	257.0	259.0	273.0	284.0	12.756435302441622	162.72664162537887	418.0	203.31919345634392	261.0	0.0	0.0	256.0	270.0	281.0	115.42931064729048	13323.925756508692					1675652	34035.76054493057	282.0	6	12.0	24.0	13130.0	52449.6	150712.89306246527	22714376135.25809	83216.213	1690.7324555933978	14.021	0.298	0.597	1.193	652.937	2607.5366	7484.889648903922	56023573.05626909	173620.281	1778.1512457427298	0.0	0.0	0.0	0.0	86.667	593.6000000000004	12855.393311857448	165261137.2025492	288681	5768.948388787006	47.0	1	2.0	4.0	2192.0	8771.8	25798.56652441329	665566034.7145782																					11953.0	5976.5	5976.5	0.0	1195.3	2988.25	8964.75	10757.7	3450.966893495213	11909172.5	255	127.5	127.5	0	25.5	63.75	191.25	229.5	74.04503134354572	5482.666666666667	3816	1908.0	1908.0	0	381.6	954.0	2862.0	3434.4	1102.0173168633362	1214442.1666666667	15770	7885.0	7885.0	0	1577.0	3942.5	11827.5	14193.0	4552.839882974142	20728351.0											255.0	127.5	127.5	0.0	25.5	63.75	191.25	229.5	74.04503134354572	5482.666666666667	288681.0	1396.2396804260986	0.0	0.0	0.0	0.0	0.0	205.0	12928.973702355372	167158360.99619678	2506.926	12.125040517405363	0.0	0.0	0.0	0.0	0.0	1.78	112.27609990880484	12605.922610731926	19115
23052023--s--Lm--st--19115--p--F07--pos005--tm--24--ch--Syto9--z--21	10283.0	5142.0	5142.0	1.0	1029.2	2571.5	7712.5	9254.8	2968.590743096798	8812531.0	256.0	128.5	128.5	1.0	26.5	64.75	192.25	230.5	74.04503134354572	5482.666666666667	3668	1834.5	1834.5	1	367.7000000000001	917.75	2751.25	3301.3	1059.0047214247911	1121491.0	13951.0	6976.0	6976.0	1.0	1396.0	3488.5	10463.5	12556.0	4027.4511377131153	16220362.666666666																					0.087	0.0289757852766702	0.017	0.017	0.017	0.017	0.035	0.069	0.0198592522976573	0.000394389901822	0.087	0.0213574654146656	0.017	0.0	0.0	0.0	0.035	0.052	0.0212934040302505	0.0004534090551954																																																			23107.0	4096.0	41.0	0.0	1.0	3.0	5052.25	18368.0	6971.128531588095	48596633.00392159	23052023_s_Lm_st_19115_p_F07_pos005_tm_24_ch_Syto9_z_21.tif	23052023_s_Lm_st_19115_p_F07_pos005_tm_24_ch_Syto9_z_21.tif	4095	1868.7350054525627	1842.5	9	375.7000000000001	925.75	2760.25	3392.3	1101.466780261165	1213229.0680188977	4095.0	491.32822019926886	0.0	0.0	0.0	0.0	188.5	2281.0	997.8605554774452	995725.6881777556	510.0	278.2734610522221	272.0	256.0	258.0	263.0	288.0	306.0	21.12298770445253	446.18060956245273	510.0	205.1097412371873	265.0	0.0	0.0	0.0	281.0	301.0	123.8407432004014	15336.529676427765	426.75	272.89845687056305	270.0	256.0	258.0	262.0	280.0	291.5800000000001	14.05192981646914	197.4567315669744											426.75	201.14793434162425	264.0	0.0	0.0	0.0	276.0	288.0	120.7437022077198	14579.04162282652	376.0	268.42322279490423	265.0	256.0	257.0	259.0	273.0	285.0	12.698201585913363	161.24432351649264	376.0	197.8493297971472	261.0	0.0	0.0	0.0	270.0	281.0	118.67116437387678	14082.84525385168					1974386	35336.99182115594	371.0	6	6.0	24.0	13047.5	50444.200000000026	168726.2255543367	28468539189.812904	98065.8	1755.590168211559	18.4295	0.298	0.298	1.193	648.56875	2507.4002000000014	8381.461262995972	70248892.90310204	227210.334	2079.1750689749183	0.0	0.0	0.0	0.0	87.3335	590.5330000000007	16073.52630556975	258358247.89584276	341446	6003.285441657579	62.0	1	1.0	4.0	2179.25	8436.400000000005	28983.437221208773	840039633.1557502																					10282.0	5141.0	5141.0	0.0	1028.2	2570.5	7711.5	9253.8	2968.590743096798	8812531.0	255	127.5	127.5	0	25.5	63.75	191.25	229.5	74.04503134354572	5482.666666666667	3667	1833.5	1833.5	0	366.7000000000001	916.75	2750.25	3300.3	1059.0047214247911	1121491.0	13950	6975.0	6975.0	0	1395.0	3487.5	10462.5	12555.0	4027.4511377131153	16220362.666666666											255.0	127.5	127.5	0.0	25.5	63.75	191.25	229.5	74.04503134354572	5482.666666666667	341446.0	1578.388359257401	0.0	0.0	0.0	0.0	1.0	401.0	15093.169129848551	227803754.3822133	2965.141	13.706833488638807	0.0	0.0	0.0	0.0	0.009	3.482	131.070124250765	17179.377471110976	19115
23052023--s--Lm--st--19115--p--F08--pos001--tm--24--ch--Syto9--z--21	8310.0	4155.5	4155.5	1.0	831.9000000000001	2078.25	6232.75	7479.1	2399.034701708168	5755367.5	256.0	128.5	128.5	1.0	26.5	64.75	192.25	230.5	74.04503134354572	5482.666666666667	3245	1623.0	1623.0	1	325.40000000000003	812.0	2434.0	2920.6	936.8951382091808	877772.5	11555.0	5778.0	5778.0	1.0	1156.4	2889.5	8666.5	10399.6	3335.7855146876573	11127465.0																					0.087	0.0304593261131167	0.017	0.017	0.017	0.017	0.035	0.069	0.020793310139733	0.0004323617465671	0.087	0.02190540891389	0.017	0.0	0.0	0.0	0.035	0.052	0.0223231720424063	0.0004983240100348																																																			33186.0	4096.0	46.0	0.0	1.0	3.0	4215.0	18174.0	7413.4324346246685	54958980.46274504	23052023_s_Lm_st_19115_p_F08_pos001_tm_24_ch_Syto9_z_21.tif	23052023_s_Lm_st_19115_p_F08_pos001_tm_24_ch_Syto9_z_21.tif	4095	1677.9614791987674	1631.0	9	333.40000000000003	820.0	2444.0	3054.4	1017.8126513027536	1035942.5931519404	4095.0	471.22327996538297	0.0	0.0	0.0	0.0	364.5	2097.6000000000004	927.1205227639558	859552.4637301108	438.0	279.4150421179302	273.0	256.0	258.0	263.0	290.0	309.0	21.8414717462288	477.049888041311	438.0	200.94668974469928	265.0	0.0	0.0	0.0	282.0	303.0	126.934583011404	16112.388364279012	375.0	273.49686425992775	270.0	256.0	258.0	262.2125	281.0	292.5	14.51766367886406	210.76255869260876											375.0	196.6905185633925	264.0	0.0	0.0	0.0	276.0	289.0	123.53119565312628	15259.956299490968	375.0	268.4626955475331	264.0	256.0	257.0	259.0	273.0	285.0	13.009786144210084	169.25453551808067	375.0	193.0700995240156	260.0	0.0	0.0	0.0	269.0	281.0	121.15706491733104	14679.034379382369					2634730	39776.19722650232	480.0	6	6.0	24.0	12208.0	44231.99999999997	214936.40180954532	46197656822.83433	130895.202	1976.3356098613249	23.865	0.298	0.298	1.193	606.838	2198.2103999999986	10679.225805194392	114045863.7983298	343650.362	2818.0007898305084	0.0	0.0	0.0	0.0	86.667	511.7329999999996	23363.01366700225	545830407.604534	458348	6785.842218798151	81.0	1	1.0	4.0	2039.0	7398.399999999994	37101.63692675355	1376531462.6446426																					8309.0	4154.5	4154.5	0.0	830.9000000000001	2077.25	6231.75	7478.1	2399.034701708168	5755367.5	255	127.5	127.5	0	25.5	63.75	191.25	229.5	74.04503134354572	5482.666666666667	3244	1622.0	1622.0	0	324.40000000000003	811.0	2433.0	2919.6	936.8951382091808	877772.5	11554	5777.0	5777.0	0	1155.4	2888.5	8665.5	10398.6	3335.7855146876573	11127465.0											255.0	127.5	127.5	0.0	25.5	63.75	191.25	229.5	74.04503134354572	5482.666666666667	458348.0	1905.6768498485503	0.0	0.0	0.0	0.0	1.0	618.4000000000069	19894.41040131557	395787565.2159733	3980.326	16.549032453483342	0.0	0.0	0.0	0.0	0.009	5.37000000000006	172.76443145255828	29847.54877512571	19115
23052023--s--Lm--st--19115--p--F08--pos002--tm--24--ch--Syto9--z--21	9042.0	4521.5	4521.5	1.0	905.1	2261.25	6781.75	8137.900000000001	2610.344900583063	6813900.5	256.0	128.5	128.5	1.0	26.5	64.75	192.25	230.5	74.04503134354572	5482.666666666667	3635	1818.0	1818.0	1	364.4	909.5	2726.5	3271.6	1049.478441893877	1101405.0	12677.0	6339.0	6339.0	1.0	1268.6	3170.0	9508.0	11409.4	3659.679015979407	13393250.5																					0.087	0.0302882105728821	0.017	0.017	0.017	0.017	0.035	0.069	0.020700563269685	0.0004285133196822	0.087	0.0216033761931056	0.017	0.0	0.0	0.0	0.035	0.052	0.0222096457306749	0.000493268363482																																																			30514.0	4096.0	35.5	0.0	1.0	3.0	3636.5	18639.5	7511.734078276809	56426148.862745136	23052023_s_Lm_st_19115_p_F08_pos002_tm_24_ch_Syto9_z_21.tif	23052023_s_Lm_st_19115_p_F08_pos002_tm_24_ch_Syto9_z_21.tif	4095	1861.1777166437412	1826.0	9	372.4	917.5	2738.5	3416.6	1104.9162073728005	1220839.8253150934	4095.0	533.6736609607951	0.0	0.0	0.0	0.0	474.0	2376.4	1028.836463370306	1058504.4683603188	481.0	279.2802477328025	273.0	256.0	258.0	263.0	290.0	308.0	21.647444719276592	468.611862874136	481.0	199.1994951486945	265.0	0.0	0.0	0.0	282.0	302.0	127.6226294109698	16287.535537769736	394.0	273.36030679053306	270.0	256.0	258.0	262.5	281.0	292.0	14.282782682205315	203.99788114710407											394.0	194.97703668060265	264.0	0.0	0.0	0.0	276.0	288.0	124.21611148637078	15429.642352794495	374.0	268.38885202388855	265.0	256.0	257.0	259.0	273.0	285.0	12.723640569519832	161.89102934233097	374.0	191.431095685099	260.0	0.0	0.0	0.0	269.0	281.0	121.85539214054872	14848.736593726906					2403314	35546.35268225585	204.0	6	6.0	18.0	10856.0	46725.6	189580.57489934404	35940794379.165794	119383.041	1766.1628341127923	10.143	0.298	0.298	0.895	539.731	2322.4981999999995	9418.662257799188	88711198.72649089	309455.47	2403.9436415405776	0.0	0.0	0.0	0.0	80.0	534.9331999999997	20420.50012902036	416996825.5193206	417791	6057.784594222833	34.0	1	1.0	3.0	1814.5	7814.799999999999	32711.782339330373	1070060703.8157264																					9041.0	4520.5	4520.5	0.0	904.1	2260.25	6780.75	8136.900000000001	2610.344900583063	6813900.5	255	127.5	127.5	0	25.5	63.75	191.25	229.5	74.04503134354572	5482.666666666667	3634	1817.0	1817.0	0	363.4	908.5	2725.5	3270.6	1049.478441893877	1101405.0	12676	6338.0	6338.0	0	1267.6	3169.0	9507.0	11408.4	3659.679015979407	13393250.5											255.0	127.5	127.5	0.0	25.5	63.75	191.25	229.5	74.04503134354572	5482.666666666667	417791.0	1737.0115958034237	0.0	0.0	0.0	0.0	2.0	424.7999999999993	17727.790261546317	314274547.5573764	3628.126	15.0843287055297	0.0	0.0	0.0	0.0	0.017	3.688799999999994	153.94934941758464	23700.402186097566	19115
23052023--s--Lm--st--19115--p--F08--pos003--tm--24--ch--Syto9--z--21	10750.0	5375.5	5375.5	1.0	1075.9	2688.25	8062.75	9675.1	3103.4020311050044	9631104.166666666	256.0	128.5	128.5	1.0	26.5	64.75	192.25	230.5	74.04503134354572	5482.666666666667	3618	1809.5	1809.5	1	362.7000000000001	905.25	2713.75	3256.3	1044.5709645591342	1091128.5	14368.0	7184.5	7184.5	1.0	1437.7	3592.75	10776.25	12931.3	4147.828668914215	17204482.666666668																					0.087	0.029389953488372	0.017	0.017	0.017	0.017	0.035	0.069	0.0200580683553338	0.0004023261061472	0.087	0.0219892817371937	0.017	0.0	0.0	0.0	0.035	0.052	0.0215350010743807	0.0004637562712735																																																			22140.0	4096.0	43.0	0.0	1.0	3.0	4452.25	18059.5	7117.685536470295	50661447.39607843	23052023_s_Lm_st_19115_p_F08_pos003_tm_24_ch_Syto9_z_21.tif	23052023_s_Lm_st_19115_p_F08_pos003_tm_24_ch_Syto9_z_21.tif	4095	1850.7996130458816	1817.5	9	370.7000000000001	913.25	2722.75	3390.9000000000005	1098.1511604370903	1205935.9711693288	4095.0	466.04906737193767	0.0	0.0	0.0	0.0	34.25	2189.300000000001	974.1714659810796	949010.0451317258	473.0	278.29088372093025	272.0	256.0	258.0	263.0	288.0	307.0	20.762296954927752	431.0729748446022	473.0	208.2145740534521	265.0	0.0	0.0	0.0	282.0	301.0	122.1246972142543	14914.44166967329	368.0	272.8866352558139	270.0	256.0	258.0	262.0	280.0	292.0	13.957782633018503	194.81969603059292											368.0	204.17116710746103	264.5	0.0	0.0	0.0	276.0	288.0	119.06490948301068	14176.452670197528	368.0	268.31162790697675	264.0	256.0	257.0	259.0	273.0	285.0	12.655868084708567	160.1709969775449	368.0	200.74819042316255	261.0	0.0	0.0	0.0	270.0	282.0	116.97870518738658	13684.017467317502					1781716	35866.042564953015	324.0	6	6.0	24.0	15229.0	62198.60000000001	156255.11873385007	24415662130.529587	88500.78	1782.0336340519625	16.109	0.298	0.298	1.193	757.1105	3091.2584000000006	7762.3870198097775	60254652.24531132	203629.385	1987.534660862355	0.0	0.0	0.0	0.0	113.333	785.7332000000002	14682.959033703097	215589285.9854034	308236	6086.254007739082	54.0	1	1.0	4.0	2542.5	10406.800000000005	26826.704766091127	719672088.6070163																					10749.0	5374.5	5374.5	0.0	1074.9	2687.25	8061.75	9674.1	3103.4020311050044	9631104.166666666	255	127.5	127.5	0	25.5	63.75	191.25	229.5	74.04503134354572	5482.666666666667	3617	1808.5	1808.5	0	361.7000000000001	904.25	2712.75	3255.3	1044.5709645591342	1091128.5	14367	7183.5	7183.5	0	1436.7	3591.75	10775.25	12930.3	4147.828668914215	17204482.666666668											255.0	127.5	127.5	0.0	25.5	63.75	191.25	229.5	74.04503134354572	5482.666666666667	308236.0	1532.579064587973	0.0	0.0	0.0	0.0	1.0	293.2000000000044	13717.222286726408	188162187.26346365	2676.743	13.309023663697104	0.0	0.0	0.0	0.0	0.009	2.546200000000037	119.12130797189204	14189.886012934354	19115
23052023--s--Lm--st--19115--p--F08--pos004--tm--24--ch--Syto9--z--21	10225.0	5113.0	5113.0	1.0	1023.4	2557.0	7669.0	9202.6	2951.8475852703955	8713404.166666666	256.0	128.5	128.5	1.0	26.5	64.75	192.25	230.5	74.04503134354572	5482.666666666667	3630	1815.5	1815.5	1	363.9	908.25	2722.75	3267.1	1048.0350662072333	1098377.5	13855.0	6928.0	6928.0	1.0	1386.4	3464.5	10391.5	12469.6	3999.7383247740927	15997906.666666666																					0.087	0.0284203422982885	0.017	0.017	0.017	0.017	0.035	0.0622000000000061	0.0195494171612875	0.000382179711346	0.087	0.0209742331288343	0.017	0.0	0.0	0.0	0.017	0.052	0.0209339288688385	0.0004382293778855																																																			20639.0	4096.0	42.0	0.0	1.0	3.0	5689.0	16877.5	6770.275325591548	45836627.98431373	23052023_s_Lm_st_19115_p_F08_pos004_tm_24_ch_Syto9_z_21.tif	23052023_s_Lm_st_19115_p_F08_pos004_tm_24_ch_Syto9_z_21.tif	4095	1853.8071625344355	1823.5	9	371.9	916.25	2731.75	3379.2	1097.2315442643758	1203917.061728787	4095.0	485.6961385781306	0.0	0.0	0.0	0.0	174.5	2252.6000000000004	989.8966985031716	979895.4737074788	518.0	277.3120782396088	271.0	256.0	258.0	262.0	286.0	305.0	20.45081497570984	418.2358331707176	518.0	204.65651389390112	264.0	0.0	0.0	0.0	280.0	299.0	123.20372659415928	15179.158246688354	395.2	272.4476290464548	269.0	256.0	258.0	262.0	280.0	291.0	13.976497595827198	195.34248504616343											395.2	201.0665468783833	264.0	0.0	0.0	0.0	275.5	287.333	120.40574270405618	14497.542876115378	373.0	268.3360391198044	264.0	256.0	257.0	259.0	274.0	285.0	12.67709205256741	160.7086629092678	373.0	198.0321905449296	260.0	0.0	0.0	0.0	269.0	281.0	118.49907234246209	14042.030146024064					1779624	35761.639669421485	513.0	6	6.0	24.0	17541.5	57310.8	156740.23686366712	24567501852.078472	88393.889	1776.713979063361	25.506	0.298	0.298	1.193	872.0047500000001	2848.6954	7786.132389269286	60623857.583228245	193377.759	1942.820463636364	0.0	0.0	0.0	0.0	126.667	669.4663999999999	14300.415408813762	204501880.8646381	307217	6066.13608815427	85.5	1	1.0	4.0	2931.0	9582.7	26886.51646618856	722884767.6866286																					10224.0	5112.0	5112.0	0.0	1022.4	2556.0	7668.0	9201.6	2951.8475852703955	8713404.166666666	255	127.5	127.5	0	25.5	63.75	191.25	229.5	74.04503134354572	5482.666666666667	3629	1814.5	1814.5	0	362.9	907.25	2721.75	3266.1	1048.0350662072333	1098377.5	13854	6927.0	6927.0	0	1385.4	3463.5	10390.5	12468.6	3999.7383247740927	15997906.666666666											255.0	127.5	127.5	0.0	25.5	63.75	191.25	229.5	74.04503134354572	5482.666666666667	307217.0	1589.3248646697944	0.0	0.0	0.0	0.0	1.0	549.2000000000007	14016.86096950178	196472391.4383424	2667.894	13.801805557560447	0.0	0.0	0.0	0.0	0.009	4.769200000000006	121.72339011248356	14816.58370047586	19115
23052023--s--Lm--st--19115--p--F08--pos005--tm--24--ch--Syto9--z--21	9944.0	4972.5	4972.5	1.0	995.3	2486.75	7458.25	8949.7	2870.7298723495387	8241090.0	256.0	128.5	128.5	1.0	26.5	64.75	192.25	230.5	74.04503134354572	5482.666666666667	3510	1755.5	1755.5	1	351.90000000000003	878.25	2632.75	3159.1	1013.3940497161012	1026967.5	13454.0	6727.5	6727.5	1.0	1346.3000000000002	3364.25	10090.75	12108.7	3883.979595723953	15085297.5																					0.087	0.029406979082864	0.017	0.017	0.017	0.017	0.035	0.069	0.0201491271103246	0.000405987323308	0.087	0.0217350230414746	0.017	0.0	0.0	0.0	0.035	0.052	0.0216061189942392	0.0004668243779932																																																			21327.0	4096.0	39.0	0.0	0.0	1.75	4961.25	17824.5	6982.929566126972	48761305.32549022	23052023_s_Lm_st_19115_p_F08_pos005_tm_24_ch_Syto9_z_21.tif	23052023_s_Lm_st_19115_p_F08_pos005_tm_24_ch_Syto9_z_21.tif	4095	1794.708262108262	1763.5	9	359.90000000000003	886.25	2642.75	3257.1	1064.858614149213	1133923.8681277828	4095.0	468.21956295525496	0.0	0.0	0.0	0.0	154.75	2172.7000000000007	957.5489758422948	916900.041136628	438.0	278.27182220434435	273.0	256.0	258.0	263.0	288.0	306.0	20.728030261404875	429.6512385177162	438.0	205.67377731529655	265.0	0.0	0.0	0.0	281.0	301.0	123.4916015932376	15250.175664062925	377.0	272.8391627111826	270.0	256.0	258.0	262.0	280.0	291.0	13.816150734297006	190.8860211128157											377.0	201.6584386799465	264.0	0.0	0.0	0.0	276.0	287.333	120.40075965425018	14496.342925320518	377.0	268.27081657280775	264.0	256.0	257.0	259.0	274.0	285.0	12.525559470347035	156.88964004520034	377.0	198.28192359149696	260.0	0.0	0.0	0.0	270.0	281.0	118.2984349447859	13994.51971038574					1899240	36930.79658119658	471.0	6	6.0	24.0	16866.0	56943.39999999999	166347.27558336733	27671416094.00876	94351.825	1834.973348148148	23.4175	0.298	0.298	1.193	838.4355	2830.0475999999994	8264.35073029331	68299492.99329956	222258.619	2158.6356669515667	0.0	0.0	0.0	0.0	126.667	678.667	16162.566380556062	261228552.00588104	328718	6273.530199430199	79.0	1	1.0	4.0	2817.75	9519.299999999996	28593.48720827241	817587510.729638																					9943.0	4971.5	4971.5	0.0	994.3	2485.75	7457.25	8948.7	2870.7298723495387	8241090.0	255	127.5	127.5	0	25.5	63.75	191.25	229.5	74.04503134354572	5482.666666666667	3509	1754.5	1754.5	0	350.90000000000003	877.25	2631.75	3158.1	1013.3940497161012	1026967.5	13453	6726.5	6726.5	0	1345.3000000000002	3363.25	10089.75	12107.7	3883.979595723953	15085297.5											255.0	127.5	127.5	0.0	25.5	63.75	191.25	229.5	74.04503134354572	5482.666666666667	328718.0	1636.6951092611862	0.0	0.0	0.0	0.0	1.0	504.1000000000022	14860.830393623934	220844279.9880569	2854.61	14.213175412516724	0.0	0.0	0.0	0.0	0.009	4.377200000000019	129.05247637108886	16654.541657510446	19115
23052023--s--Lm--st--19115--p--F09--pos001--tm--24--ch--Syto9--z--21	7266.0	3633.5	3633.5	1.0	727.5	1817.25	5449.75	6539.5	2097.657860567352	4400168.5	256.0	128.5	128.5	1.0	26.5	64.75	192.25	230.5	74.04503134354572	5482.666666666667	3928	1964.5	1964.5	1	393.7000000000001	982.75	2946.25	3535.3	1134.0602570704375	1286092.6666666667	11194.0	5597.5	5597.5	1.0	1120.3	2799.25	8395.75	10074.7	3231.573790998229	10443069.166666666																					0.087	0.0274226534544453	0.017	0.017	0.017	0.017	0.035	0.052	0.0185360162842265	0.0003435838996891	0.087	0.0177999821332856	0.017	0.0	0.0	0.0	0.017	0.052	0.0198571759970385	0.0003943074385773																																																			36145.0	4096.0	756.0	0.0	4.0	20.0	7532.25	11460.5	6052.321524447799	36630595.83529413	23052023_s_Lm_st_19115_p_F09_pos001_tm_24_ch_Syto9_z_21.tif	23052023_s_Lm_st_19115_p_F09_pos001_tm_24_ch_Syto9_z_21.tif	4095	1979.7118126272912	1972.5	9	401.7000000000001	990.75	2954.25	3552.3	1145.9073783818085	1313103.7198298688	4095.0	694.6853671609791	0.0	0.0	0.0	0.0	1137.75	2816.7000000000007	1163.384608975879	1353463.7484019587	496.0	275.9675199559593	270.0	256.0	258.0	262.0	285.0	302.0	19.403578950245382	376.4988760784059	496.0	179.1298910130427	261.0	0.0	0.0	0.0	276.0	294.0	132.63648233369307	17592.436445856074	396.333	271.57393104872006	268.5	256.0	258.0	261.0	279.0	289.4	13.326716271753222	177.6013665878121											396.333	176.27802242272645	261.0	0.0	0.0	0.0	272.38325	284.667	130.0590258479292	16915.350204512317	347.0	267.8450316542802	264.0	256.0	257.0	259.0	273.0	285.0	11.977367425251096	143.45733043946606	347.0	173.85760228693945	259.0	0.0	0.0	0.0	267.0	279.0	128.19907302509102	16435.00232449262					2121184	32951.26120162933	1565.0	6	12.0	84.0	11338.5	30478.40000000001	177615.1730322631	31547149691.280758	105393.664	1637.2485185845214	77.794	0.298	0.597	4.176	563.47	1514.3336000000006	8824.980169495864	77880274.99199526	236019.99	2077.8698268839103	6.667	0.0	0.0	0.0	60.0	286.667	16841.014867925038	283619781.7816722	366302	5605.928716904277	261.0	1	2.0	14.0	1893.75	5095.200000000003	30512.45051512584	931009636.4380032																					7265.0	3632.5	3632.5	0.0	726.5	1816.25	5448.75	6538.5	2097.657860567352	4400168.5	255	127.5	127.5	0	25.5	63.75	191.25	229.5	74.04503134354572	5482.666666666667	3927	1963.5	1963.5	0	392.7000000000001	981.75	2945.25	3534.3	1134.0602570704375	1286092.6666666667	11193	5596.5	5596.5	0	1119.3	2798.25	8394.75	10073.7	3231.573790998229	10443069.166666666											255.0	127.5	127.5	0.0	25.5	63.75	191.25	229.5	74.04503134354572	5482.666666666667	366302.0	1967.133821690191	0.0	0.0	0.0	0.0	22.0	1531.7000000000007	18270.14055326629	333798035.83610547	3180.992	17.082722976594603	0.0	0.0	0.0	0.0	0.191	13.301300000000008	158.65915951483322	25172.72889795329	19115
23052023--s--Lm--st--19115--p--F09--pos002--tm--24--ch--Syto9--z--21	7211.0	3606.0	3606.0	1.0	722.0	1803.5	5408.5	6490.0	2081.780728126764	4333811.0	256.0	128.5	128.5	1.0	26.5	64.75	192.25	230.5	74.04503134354572	5482.666666666667	3943	1972.0	1972.0	1	395.2000000000001	986.5	2957.5	3548.8	1138.390384124298	1295932.6666666667	11154.0	5577.5	5577.5	1.0	1116.3	2789.25	8365.75	10038.7	3220.0267856028777	10368572.5																					0.087	0.0278764387740951	0.017	0.017	0.017	0.017	0.035	0.052	0.0189442385891041	0.0003588841757209	0.087	0.0180219652142729	0.017	0.0	0.0	0.0	0.017	0.052	0.0202390262885635	0.0004096181851091																																																			27310.0	4096.0	274.0	0.0	1.0	4.0	7650.0	13920.0	6049.679511200186	36598622.18823533	23052023_s_Lm_st_19115_p_F09_pos002_tm_24_ch_Syto9_z_21.tif	23052023_s_Lm_st_19115_p_F09_pos002_tm_24_ch_Syto9_z_21.tif	4095	1987.627948262744	1980.0	9	403.2000000000001	994.5	2965.5	3572.8	1150.7788837873693	1324292.0393709035	4095.0	702.6373498296575	0.0	0.0	0.0	0.0	1162.75	2835.7000000000007	1170.9103540840265	1371031.0573011795	580.0	276.93177090556094	271.0	256.0	258.0	262.0	286.0	303.0	20.497976732081387	420.1670501089499	580.0	179.03487538102922	261.0	0.0	0.0	0.0	277.0	295.0	133.41721168785222	17800.152374561167	415.4	272.2729357925392	269.0	256.0	258.0	262.0	279.0	290.5	14.012486306675427	196.34977249476643											415.4	176.0229639591178	261.0	0.0	0.0	0.0	273.0	285.333	130.65472523135165	17070.657225279996	376.0	268.30744695603937	264.0	256.0	257.0	259.0	274.0	285.0	12.68251709867477	160.84623995817793	376.0	173.45929711314326	259.0	0.0	0.0	0.0	268.0	280.0	128.6769197083947	16557.749665640655					2033498	32854.307887395385	1446.0	6	12.0	66.0	14832.0	37477.600000000064	166758.01188704345	27808234528.519325	101033.505	1632.442023078874	71.796	0.298	0.597	3.281	737.2835	1862.8618000000035	8285.186698281266	68644318.62537682	229959.729	1981.604090793812	6.667	0.0	0.0	0.0	86.0	353.333	16170.56145875158	261487057.891262	351580	5584.598529038803	242.0	1	2.0	11.0	2475.5	6261.800000000011	28666.99171451	821796413.9597847																					7210.0	3605.0	3605.0	0.0	721.0	1802.5	5407.5	6489.0	2081.780728126764	4333811.0	255	127.5	127.5	0	25.5	63.75	191.25	229.5	74.04503134354572	5482.666666666667	3942	1971.0	1971.0	0	394.2000000000001	985.5	2956.5	3547.8	1138.390384124298	1295932.6666666667	11153	5576.5	5576.5	0	1115.3	2788.25	8364.75	10037.7	3220.0267856028777	10368572.5											255.0	127.5	127.5	0.0	25.5	63.75	191.25	229.5	74.04503134354572	5482.666666666667	351580.0	1974.1882732651964	0.0	0.0	0.0	0.0	19.0	1935.7000000000007	17250.801397146042	297590148.84377587	3053.145	17.143986820871437	0.0	0.0	0.0	0.0	0.165	16.809600000000007	149.80714696641857	22442.18128221813	19115
23052023--s--Lm--st--19115--p--F09--pos003--tm--24--ch--Syto9--z--21	11674.0	5837.5	5837.5	1.0	1168.3	2919.25	8755.75	10506.7	3370.1378557362705	11357829.166666666	256.0	128.5	128.5	1.0	26.5	64.75	192.25	230.5	74.04503134354572	5482.666666666667	4006	2003.5	2003.5	1	401.5	1002.25	3004.75	3605.5	1156.5769177476554	1337670.1666666667	15680.0	7840.5	7840.5	1.0	1568.9	3920.75	11760.25	14112.1	4526.570445712737	20489840.0																					0.087	0.0259886928216549	0.017	0.017	0.017	0.017	0.035	0.052	0.0172804248243061	0.0002986130821084	0.087	0.0193489795918367	0.017	0.0	0.0	0.0	0.017	0.035	0.0187295759181691	0.0003507970140744																																																			16009.0	4096.0	300.0	0.0	4.0	10.0	8996.0	13983.0	5587.333714681418	31218298.03921565	23052023_s_Lm_st_19115_p_F09_pos003_tm_24_ch_Syto9_z_21.tif	23052023_s_Lm_st_19115_p_F09_pos003_tm_24_ch_Syto9_z_21.tif	4095	2016.04518222666	2011.5	9	409.5	1010.25	3012.75	3626.5	1163.8704370387363	1354594.394212739	4095.0	515.0686862244899	0.0	0.0	0.0	0.0	94.25	2446.1000000000004	1057.9078937298138	1119169.111615851	451.0	274.98346753469247	270.0	256.0	258.0	262.0	283.0	299.0	18.102755072576628	327.7097412176989	451.0	204.72940051020407	264.0	0.0	0.0	0.0	278.0	294.0	120.94614483322698	14627.969950019917	374.0	271.3216182970704	268.0	256.0	258.0	261.0	278.0	289.0	13.22021304314417	174.77403290611926											374.0	202.00309770408165	263.0	0.0	0.0	0.0	274.0	285.0	118.8846838742064	14133.568059869993	365.0	268.2009593969505	264.0	256.0	257.0	259.0	273.0	285.0	12.436355749887754	154.66294433776622	365.0	199.6797193877551	260.0	0.0	0.0	0.0	270.0	281.0	117.46625488940352	13798.321037742317					1357776	32499.306540189715	1704.0	6	18.0	60.0	21992.0	49324.0	127361.77571479548	16221021913.225868	67442.148	1614.684103594608	84.6725	0.298	0.895	2.983	1093.545	2451.618	6326.719340195335	40027377.60960168	130325.38	1488.0406927109336	6.667	0.0	0.0	0.0	140.0	534.6665	10138.541425453535	102790022.23563744	233303	5496.757114328508	284.5	1	3.0	10.0	3673.75	8242.0	21760.15078205101	473504162.0575951																					11673.0	5836.5	5836.5	0.0	1167.3	2918.25	8754.75	10505.7	3370.1378557362705	11357829.166666666	255	127.5	127.5	0	25.5	63.75	191.25	229.5	74.04503134354572	5482.666666666667	4005	2002.5	2002.5	0	400.5	1001.25	3003.75	3604.5	1156.5769177476554	1337670.1666666667	15679	7839.5	7839.5	0	1567.9	3919.75	11759.25	14111.1	4526.570445712737	20489840.0											255.0	127.5	127.5	0.0	25.5	63.75	191.25	229.5	74.04503134354572	5482.666666666667	233303.0	1404.3428571428572	0.0	0.0	0.0	0.0	1.0	1043.6000000000022	11256.024147368737	126698079.60614803	2026.019	12.195405229591836	0.0	0.0	0.0	0.0	0.009	9.06230000000002	97.74808899348128	9554.688901877536	19115
23052023--s--Lm--st--19115--p--F09--pos004--tm--24--ch--Syto9--z--21	10519.0	5260.0	5260.0	1.0	1052.8	2630.5	7889.5	9467.2	3036.718074939896	9221656.666666666	256.0	128.5	128.5	1.0	26.5	64.75	192.25	230.5	74.04503134354572	5482.666666666667	3680	1840.5	1840.5	1	368.9	920.75	2760.25	3312.1	1062.4688230719996	1128840.0	14199.0	7100.0	7100.0	1.0	1420.8000000000002	3550.5	10649.5	12779.2	4099.042571137802	16802150.0																					0.087	0.027497005418766	0.017	0.017	0.017	0.017	0.035	0.052	0.0187134842008792	0.0003501944909365	0.087	0.0203705190506373	0.017	0.0	0.0	0.0	0.017	0.052	0.0201148584180544	0.0004046075291783																																																			17417.0	4096.0	67.5	0.0	1.0	3.75	7666.75	15386.0	6168.34672418825	38048501.30980391	23052023_s_Lm_st_19115_p_F09_pos004_tm_24_ch_Syto9_z_21.tif	23052023_s_Lm_st_19115_p_F09_pos004_tm_24_ch_Syto9_z_21.tif	4095	1871.246739130435	1848.5	9	376.9	928.75	2768.25	3399.1	1099.7289490313312	1209403.7613375564	4095.0	484.9769702091697	0.0	0.0	0.0	0.0	138.5	2268.2000000000007	992.8434823327228	985738.180410568	563.0	276.5432075292328	271.0	256.0	258.0	262.0	286.0	303.0	19.61333807006866	384.6830302508047	563.0	204.8706246918797	264.0	0.0	0.0	0.0	279.0	297.0	122.35038825075542	14969.61750511059	426.0	272.08943949044584	269.0	256.0	258.0	262.0	279.0	290.0	13.75410507680173	189.17540646370315											426.0	201.57115388407632	264.0	0.0	0.0	0.0	275.0	286.21000000000004	119.81484098261312	14355.596119688871	368.0	268.3010742466014	264.0	256.0	257.0	259.0	273.0	285.0	12.742836120581206	162.37987239598908	368.0	198.76463131206424	261.0	0.0	0.0	0.0	269.0	281.0	118.07900455599774	13942.651316935337					1601336	35319.57445652174	1171.0	6	6.0	36.0	21494.0	56228.19999999998	144784.00718048704	20962408735.239326	79545.575	1754.9413644021738	58.188500000000005	0.298	0.298	1.79	1068.46925	2794.6439	7192.880825578183	51737534.57097029	169043.263	1789.4074573369564	6.667	0.0	0.0	0.0	149.333	652.2666999999998	12707.807806285771	161488379.2414976	276146	5983.701358695652	196.0	1	1.0	6.0	3591.5	9402.999999999996	24805.306506040248	615303230.8586026																					10518.0	5259.0	5259.0	0.0	1051.8	2629.5	7888.5	9466.2	3036.718074939896	9221656.666666666	255	127.5	127.5	0	25.5	63.75	191.25	229.5	74.04503134354572	5482.666666666667	3679	1839.5	1839.5	0	367.9	919.75	2759.25	3311.1	1062.4688230719996	1128840.0	14198	7099.0	7099.0	0	1419.8000000000002	3549.5	10648.5	12778.2	4099.042571137802	16802150.0											255.0	127.5	127.5	0.0	25.5	63.75	191.25	229.5	74.04503134354572	5482.666666666667	276146.0	1550.8201986055356	0.0	0.0	0.0	0.0	1.0	907.2000000000008	12896.241609185325	166313047.64248288	2398.071	13.46743010071132	0.0	0.0	0.0	0.0	0.009	7.877800000000007	111.99185190670984	12542.174893494432	19115
23052023--s--Lm--st--19115--p--F09--pos005--tm--24--ch--Syto9--z--21	8546.0	4273.5	4273.5	1.0	855.5	2137.25	6409.75	7691.5	2467.162033592443	6086888.5	256.0	128.5	128.5	1.0	26.5	64.75	192.25	230.5	74.04503134354572	5482.666666666667	3721	1861.0	1861.0	1	373.0	931.0	2791.0	3349.0	1074.3045036984006	1154130.1666666667	12267.0	6134.0	6134.0	1.0	1227.6	3067.5	9200.5	11040.4	3541.3222107004044	12540963.0																					0.087	0.0282163585303065	0.017	0.017	0.017	0.017	0.035	0.052	0.0190303965320805	0.0003621559921682	0.087	0.0196573734409391	0.017	0.0	0.0	0.0	0.017	0.052	0.0205074045011766	0.0004205536393748																																																			23345.0	4096.0	41.5	0.0	0.0	1.75	6380.75	16278.5	6546.687616874749	42859118.75294119	23052023_s_Lm_st_19115_p_F09_pos005_tm_24_ch_Syto9_z_21.tif	23052023_s_Lm_st_19115_p_F09_pos005_tm_24_ch_Syto9_z_21.tif	4095	1889.097285675893	1869.0	9	381.0	939.0	2799.0	3415.0	1107.2148334027809	1225924.6873071478	4095.0	573.0277166381348	0.0	0.0	0.0	0.0	662.5	2502.4	1061.1319501065643	1126001.0155369602	476.0	277.0725485607302	272.0	256.0	258.0	262.0	286.0	304.0	19.807845257620453	392.35073374983705	476.0	193.0269829624195	263.0	0.0	0.0	0.0	279.0	297.0	128.44342029943098	16497.712218216282	361.4	272.1990786332787	269.0	256.0	258.0	262.0	279.0	290.0	13.39442725774128	179.41068156292258											361.4	189.63180288579116	263.0	0.0	0.0	0.0	274.333	286.0	125.63296822157932	15783.64270416436	357.0	268.15785162649195	264.0	256.0	257.0	259.0	273.0	285.0	12.326379055305734	151.9396206150799	357.0	186.8164180321187	260.0	0.0	0.0	0.0	269.0	280.0	123.7053010756562	15303.001514218744					2055938	34813.38242407955	818.0	6	12.0	30.0	15494.0	43886.0	171502.09001732254	29412966880.309807	102128.62	1729.6969355012095	40.605	0.298	0.597	1.492	770.084	2181.409	8520.305828740078	72595611.41526216	240179.811	2104.001097016931	0.0	0.0	0.0	0.0	100.0	453.333	16784.948581322184	281734498.87762964	355692	5917.78903520559	138.0	1	2.0	5.0	2588.0	7336.0	29489.52724460076	869632217.1100504																					8545.0	4272.5	4272.5	0.0	854.5	2136.25	6408.75	7690.5	2467.162033592443	6086888.5	255	127.5	127.5	0	25.5	63.75	191.25	229.5	74.04503134354572	5482.666666666667	3720	1860.0	1860.0	0	372.0	930.0	2790.0	3348.0	1074.3045036984006	1154130.1666666667	12266	6133.0	6133.0	0	1226.6	3066.5	9199.5	11039.4	3541.3222107004044	12540963.0											255.0	127.5	127.5	0.0	25.5	63.75	191.25	229.5	74.04503134354572	5482.666666666667	355692.0	1795.0677427243825	0.0	0.0	0.0	0.0	3.0	1202.0	16466.35727811381	271140922.0104916	3088.854	15.588493356158802	0.0	0.0	0.0	0.0	0.026	10.438	142.99497932267235	20447.56411149149	19115
23052023--s--Lm--st--19115--p--F10--pos001--tm--24--ch--Syto9--z--21	7602.0	3801.5	3801.5	1.0	761.1	1901.25	5701.75	6841.900000000001	2194.65270601068	4816500.5	256.0	128.5	128.5	1.0	26.5	64.75	192.25	230.5	74.04503134354572	5482.666666666667	3147	1574.0	1574.0	1	315.6	787.5	2360.5	2832.4	908.6049746727122	825563.0	10749.0	5375.0	5375.0	1.0	1075.8	2688.0	8062.0	9674.2	3103.113355970097	9629312.5																					0.087	0.0302722967640094	0.017	0.017	0.017	0.017	0.035	0.069	0.0209459191295179	0.0004387315281803	0.087	0.0214094334356684	0.017	0.0	0.0	0.0	0.035	0.052	0.0223615308365855	0.0005000380613555																																																			34874.0	4096.0	10.0	0.0	0.0	1.0	2892.0	19746.0	7876.392499605584	62037558.807843104	23052023_s_Lm_st_19115_p_F10_pos001_tm_24_ch_Syto9_z_21.tif	23052023_s_Lm_st_19115_p_F10_pos001_tm_24_ch_Syto9_z_21.tif	4095	1639.178900540197	1582.0	9	323.6	795.5	2375.5	3026.8	1004.8891141237226	1009802.13168436	4095.0	479.9047353242162	0.0	0.0	0.0	0.0	468.0	2081.2000000000007	923.0209544757264	851967.6824012807	498.0	279.2190213101815	273.0	256.0	258.0	263.0	289.0	309.0	21.56633348159354	465.1067398393024	498.0	197.47167178342173	265.0	0.0	0.0	0.0	282.0	302.0	128.3480105743377	16473.211818390304	375.6	273.42707511181266	270.0	256.0	258.0	262.0	281.0	292.6603	14.335644781961456	205.51071131457877											375.6	193.37544190157223	264.0	0.0	0.0	0.0	276.0	288.5	125.00719046185768	15626.797667167162	348.0	268.55261773217575	265.0	256.0	257.0	259.0	274.0	286.0	12.899220004113769	166.38987671452875	348.0	189.92808633361244	260.0	0.0	0.0	0.0	269.0	281.0	122.68686688698246	15052.067306544152					2794484	40976.28725770575	306.0	6	6.0	18.0	14234.0	49877.2	223177.08830864285	49808012745.923775	138828.628	2035.862695265332	15.214	0.298	0.298	0.895	707.4870000000001	2478.851	11087.732635243394	122937814.99064144	381558.573	3001.8680336828725	0.0	0.0	0.0	0.0	113.333	638.667	25637.255909559124	657268890.5722243	487655	6997.155386081983	51.0	1	1.0	3.0	2379.5	8345.400000000001	38610.72325931549	1490787950.6074462																					7601.0	3800.5	3800.5	0.0	760.1	1900.25	5700.75	6840.900000000001	2194.65270601068	4816500.5	255	127.5	127.5	0	25.5	63.75	191.25	229.5	74.04503134354572	5482.666666666667	3146	1573.0	1573.0	0	314.6	786.5	2359.5	2831.4	908.6049746727122	825563.0	10748	5374.0	5374.0	0	1074.8	2687.0	8061.0	9673.2	3103.113355970097	9629312.5											255.0	127.5	127.5	0.0	25.5	63.75	191.25	229.5	74.04503134354572	5482.666666666667	487655.0	2048.5715880547027	0.0	0.0	0.0	0.0	1.0	744.0	21130.557322045363	446500452.7402448	4234.83	17.78994659968369	0.0	0.0	0.0	0.0	0.009	6.461	183.49921568817797	33671.96215817645	19115
23052023--s--Lm--st--19115--p--F10--pos002--tm--24--ch--Syto9--z--21	8581.0	4291.0	4291.0	1.0	859.0	2146.0	6436.0	7723.0	2477.265663320482	6136845.166666667	256.0	128.5	128.5	1.0	26.5	64.75	192.25	230.5	74.04503134354572	5482.666666666667	2963	1482.0	1482.0	1	297.2	741.5	2222.5	2666.8	855.4887491954526	731861.0	11544.0	5772.5	5772.5	1.0	1155.3	2886.75	8658.25	10389.7	3332.610088204139	11106290.0																					0.087	0.0306745134599697	0.017	0.017	0.017	0.017	0.035	0.069	0.0209705029716198	0.0004397619948827	0.087	0.022801282051282	0.017	0.0	0.0	0.0	0.035	0.052	0.0225036390273417	0.0005064137694728																																																			45373.0	4096.0	9.0	0.0	0.0	1.0	2096.0	19381.0	8509.140793933331	72405477.05098037	23052023_s_Lm_st_19115_p_F10_pos002_tm_24_ch_Syto9_z_21.tif	23052023_s_Lm_st_19115_p_F10_pos002_tm_24_ch_Syto9_z_21.tif	4095	1542.4424569692878	1490.0	9	305.2	749.5	2234.5	2827.6000000000004	946.517935491769	895896.2022076006	4095.0	395.8989085239085	0.0	0.0	0.0	0.0	85.25	1816.7000000000007	826.9502807226912	683846.7667873377	477.0	279.62941382123296	273.0	256.0	258.0	263.0	290.0	310.0	21.94891169215173	481.7547244698749	477.0	207.85689535689536	266.0	0.0	0.0	0.0	283.0	303.0	123.60338686425618	15277.797244314976	383.4	273.5346515557628	270.5	256.0	258.0	262.5	281.0	292.667	14.344812716195388	205.77365186272093											383.4	203.32647652460156	265.0	0.0	0.0	0.0	277.0	289.0	120.12231547126234	14429.370674177471	376.0	268.42489220370584	264.0	256.0	257.0	259.0	274.0	286.0	12.87566886951688	165.78284883744612	376.0	199.52823977823977	261.0	0.0	0.0	0.0	270.0	282.0	117.77625552388888	13871.246365228368					2685980	43524.60749240634	456.0	6	6.0	18.0	14664.0	52708.4	225373.8810322325	50793386251.5309	133441.219	2162.469235572056	22.672	0.298	0.298	0.895	729.028	2619.3436	11196.569909340822	125363177.73475637	363704.514	3180.7779264259198	0.0	0.0	0.0	0.0	120.0	700.0	25654.277222063865	658141939.7865049	468362	7431.681741478232	76.0	1	1.0	3.0	2449.0	8819.8	38973.127337411606	1518904654.4581																					8580.0	4290.0	4290.0	0.0	858.0	2145.0	6435.0	7722.0	2477.265663320482	6136845.166666667	255	127.5	127.5	0	25.5	63.75	191.25	229.5	74.04503134354572	5482.666666666667	2962	1481.0	1481.0	0	296.2	740.5	2221.5	2665.8	855.4887491954526	731861.0	11543	5771.5	5771.5	0	1154.3	2885.75	8657.25	10388.7	3332.610088204139	11106290.0											255.0	127.5	127.5	0.0	25.5	63.75	191.25	229.5	74.04503134354572	5482.666666666667	468362.0	1907.492723492724	0.0	0.0	0.0	0.0	1.0	435.7000000000007	20007.447213465304	400297943.9996005	4067.288	16.564800502425502	0.0	0.0	0.0	0.0	0.009	3.783600000000006	173.7460521193317	30187.690627053515	19115
23052023--s--Lm--st--19115--p--F10--pos003--tm--24--ch--Syto9--z--21	11106.0	5553.5	5553.5	1.0	1111.5	2777.25	8329.75	9995.5	3206.1703791283458	10279528.5	256.0	128.5	128.5	1.0	26.5	64.75	192.25	230.5	74.04503134354572	5482.666666666667	3002	1501.5	1501.5	1	301.1	751.25	2251.75	2701.9	866.7470796028101	751250.5	14108.0	7054.5	7054.5	1.0	1411.7	3527.75	10581.25	12697.3	4072.773133873283	16587481.0																					0.087	0.0286490185485323	0.017	0.017	0.017	0.017	0.035	0.069	0.0197357597726763	0.0003895002138047	0.087	0.0225528777998298	0.017	0.0	0.0	0.017	0.035	0.052	0.0210738936177889	0.0004441089922138																																																			19257.0	4096.0	104.5	0.0	0.0	3.0	7069.75	15644.0	6306.9360393079605	39777442.20392159	23052023_s_Lm_st_19115_p_F10_pos003_tm_24_ch_Syto9_z_21.tif	23052023_s_Lm_st_19115_p_F10_pos003_tm_24_ch_Syto9_z_21.tif	4095	1545.8820786142571	1509.5	9	309.1	759.25	2259.75	2777.9	932.6641956878	869862.5019179711	4095.0	328.94371987524806	0.0	0.0	0.0	0.0	0.0	1599.300000000001	765.1010129570469	585379.5600278992	467.0	277.68215379074377	272.0	256.0	258.0	262.0	287.0	305.0	20.308684933677444	412.4426837353773	467.0	218.59498157074	266.0	0.0	0.0	257.0	282.0	301.0	115.07279826032205	13241.748899460776	371.333	272.6482485143165	269.5	256.0	258.0	262.0	280.0	291.5	13.884354701471786	192.7753054762817											371.333	214.6322262546073	265.0	0.0	0.0	257.0	276.5	288.5	112.27084666599684	12604.743011099776	366.0	268.4372411309202	264.0	256.0	257.0	259.0	274.0	286.0	12.81684350566628	164.27147744873986	366.0	211.3172667989793	261.0	0.0	0.0	256.0	271.0	283.0	110.45635628188792	12200.606643071362					1794080	43234.28647568288	984.0	6	6.0	36.0	25529.5	73852.6	170343.324761775	29016848290.895542	89127.408	2147.945281812125	48.923	0.298	0.298	1.79	1269.14175	3670.587500000001	8461.296344212386	71593535.82458188	201273.363	2373.220905063291	6.667	0.0	0.0	0.0	228.6665	1045.333	15960.902488022872	254750408.23217472	310142	7335.141905396403	164.0	1	1.0	6.0	4268.0	12352.7	29242.625956451124	855131172.828909																					11105.0	5552.5	5552.5	0.0	1110.5	2776.25	8328.75	9994.5	3206.1703791283458	10279528.5	255	127.5	127.5	0	25.5	63.75	191.25	229.5	74.04503134354572	5482.666666666667	3001	1500.5	1500.5	0	300.1	750.25	2250.75	2700.9	866.7470796028101	751250.5	14107	7053.5	7053.5	0	1410.7	3526.75	10580.25	12696.3	4072.773133873283	16587481.0											255.0	127.5	127.5	0.0	25.5	63.75	191.25	229.5	74.04503134354572	5482.666666666667	310142.0	1560.8233626311312	0.0	0.0	0.0	0.0	0.0	263.0	13817.614447099975	190926469.00870597	2693.294	13.554299971647293	0.0	0.0	0.0	0.0	0.0	2.284	119.99310989061932	14398.346421222246	19115
23052023--s--Lm--st--19115--p--F10--pos004--tm--24--ch--Syto9--z--21	9024.0	4512.5	4512.5	1.0	903.3	2256.75	6768.25	8121.7	2605.148748152397	6786800.0	256.0	128.5	128.5	1.0	26.5	64.75	192.25	230.5	74.04503134354572	5482.666666666667	3244	1622.5	1622.5	1	325.3	811.75	2433.25	2919.7000000000003	936.6064630711592	877231.6666666666	12268.0	6134.5	6134.5	1.0	1227.7	3067.75	9201.25	11041.3	3541.610885835239	12543007.666666666																					0.087	0.0289383865248226	0.017	0.017	0.017	0.017	0.035	0.069	0.0196768860636846	0.0003871798451632	0.087	0.0212862732311705	0.017	0.0	0.0	0.0	0.035	0.052	0.0211586541399983	0.000447688645016																																																			18648.0	4096.0	75.0	0.0	0.0	2.0	7757.25	15353.5	6190.302216956364	38319841.53725487	23052023_s_Lm_st_19115_p_F10_pos004_tm_24_ch_Syto9_z_21.tif	23052023_s_Lm_st_19115_p_F10_pos004_tm_24_ch_Syto9_z_21.tif	4095	1675.095869297164	1630.5	9	333.3	819.75	2443.25	3054.800000000001	1012.6830680704896	1025526.99635666	4095.0	442.94188131724815	0.0	0.0	0.0	0.0	185.25	2025.300000000001	903.8436972184396	816933.4290014984	459.0	277.87300531914894	272.0	256.0	258.0	262.0	287.0	306.0	20.566013935412816	422.96092919159406	459.0	204.39566351483532	265.0	0.0	0.0	0.0	281.0	300.0	123.81754124828646	15330.783520771118	375.333	272.64078501773054	270.0	256.0	258.0	262.0	280.0	291.0	13.915499042236076	193.6411135944731											375.333	200.5469876100424	264.0	0.0	0.0	0.0	275.5	287.06000000000023	120.83793018055302	14601.805370320204	372.0	268.2395833333333	264.0	256.0	257.0	259.0	273.0	285.0	12.652553616798892	160.08711302597072	372.0	197.3095859145745	260.0	0.0	0.0	0.0	269.0	281.0	118.80261563378752	14114.061481429457					1977242	39968.30949445129	594.0	6	6.0	18.0	21532.0	65768.40000000001	173237.8124415622	30011339659.53788	98227.596	1985.7670141800247	29.533	0.298	0.298	0.895	1070.294	3268.4210000000003	8605.795253559265	74059711.94618317	231202.058	2307.8511914303326	0.0	0.0	0.0	0.0	180.0	871.6001000000003	17069.648052086766	291372884.6221095	342039	6787.945745992602	99.0	1	1.0	3.0	3595.75	11009.7	29791.91861737404	887558414.9042379																					9023.0	4511.5	4511.5	0.0	902.3	2255.75	6767.25	8120.7	2605.148748152397	6786800.0	255	127.5	127.5	0	25.5	63.75	191.25	229.5	74.04503134354572	5482.666666666667	3243	1621.5	1621.5	0	324.3	810.75	2432.25	2918.7000000000003	936.6064630711592	877231.6666666666	12267	6133.5	6133.5	0	1226.7	3066.75	9200.25	11040.3	3541.610885835239	12543007.666666666											255.0	127.5	127.5	0.0	25.5	63.75	191.25	229.5	74.04503134354572	5482.666666666667	342039.0	1794.9214215846105	0.0	0.0	0.0	0.0	1.0	658.8000000000175	15607.840872640065	243604696.70565373	2970.29	15.587224078904468	0.0	0.0	0.0	0.0	0.009	5.720700000000152	135.5395635090285	18370.973276217974	19115
23052023--s--Lm--st--19115--p--F10--pos005--tm--24--ch--Syto9--z--21	8181.0	4091.0	4091.0	1.0	819.0	2046.0	6136.0	7363.0	2361.7956092769755	5578078.5	256.0	128.5	128.5	1.0	26.5	64.75	192.25	230.5	74.04503134354572	5482.666666666667	3062	1531.5	1531.5	1	307.1	766.25	2296.75	2755.9	884.0675879139558	781575.5	11243.0	5622.0	5622.0	1.0	1125.2	2811.5	8432.5	10118.8	3245.718872607423	10534691.0																					0.087	0.0291534042293118	0.017	0.017	0.017	0.017	0.035	0.069	0.019915753116861	0.0003966372222117	0.087	0.0212135551009517	0.017	0.0	0.0	0.0	0.035	0.052	0.0213787738344325	0.0004570519706638																																																			28448.0	4096.0	12.5	0.0	0.0	1.0	2608.5	20927.0	7758.275381430962	60190836.89411773	23052023_s_Lm_st_19115_p_F10_pos005_tm_24_ch_Syto9_z_21.tif	23052023_s_Lm_st_19115_p_F10_pos005_tm_24_ch_Syto9_z_21.tif	4095	1584.3540169823646	1539.5	9	315.1	774.25	2309.75	2864.9	963.1099316075946	927580.7403611856	4095.0	431.4944409855021	0.0	0.0	0.0	0.0	259.5	1945.800000000001	866.0604839282114	750060.7618219677	479.0	278.13861386138615	272.0	256.0	258.0	263.0	287.0	307.0	20.736956638948268	430.0213706456206	479.0	202.388330516766	265.0	0.0	0.0	0.0	281.0	301.0	125.0809055193635	15645.232925543938	369.6	272.82798985454104	270.0	256.0	258.0	262.0	280.0	291.2	13.90539293822808	193.3599527665233											369.6	198.5240402917371	264.0	0.0	0.0	0.0	275.333	287.65360000000004	122.0373985298589	14893.12663993561	363.0	268.31622051094	265.0	256.0	257.0	259.0	273.0	285.0	12.525440797860544	156.8866671807094	363.0	195.24103886862935	260.0	0.0	0.0	0.0	269.0	281.0	119.92788958342736	14382.698699934746					2539386	42192.5009797518	521.0	6	6.0	24.0	19663.0	59117.600000000006	207861.91786254648	43206576897.49601	126153.681	2096.2838919007186	25.887500000000003	0.298	0.298	1.193	977.62625	2938.7156	10326.297582550593	106632421.7633902	344529.153	2864.61273252776	0.0	0.0	0.0	0.0	169.333	795.8667000000002	23341.727493578463	544836242.3844768	442247	7191.407250163292	87.0	1	1.0	4.0	3288.0	9887.6	35923.950163763446	1290530195.3685596																					8180.0	4090.0	4090.0	0.0	818.0	2045.0	6135.0	7362.0	2361.7956092769755	5578078.5	255	127.5	127.5	0	25.5	63.75	191.25	229.5	74.04503134354572	5482.666666666667	3061	1530.5	1530.5	0	306.1	765.25	2295.75	2754.9	884.0675879139558	781575.5	11242	5621.0	5621.0	0	1124.2	2810.5	8431.5	10117.8	3245.718872607423	10534691.0											255.0	127.5	127.5	0.0	25.5	63.75	191.25	229.5	74.04503134354572	5482.666666666667	442247.0	1958.5605265498527	0.0	0.0	0.0	0.0	1.0	742.8000000000011	19016.796726027533	361638557.7190515	3840.503	17.008277950724896	0.0	0.0	0.0	0.0	0.009	6.450400000000009	165.1431724744514	27272.2674149264	19115
23052023--s--Lm--st--19115--p--G03--pos001--tm--24--ch--Syto9--z--21	11728.0	5864.5	5864.5	1.0	1173.7	2932.75	8796.25	10555.3	3385.726313018621	11463142.666666666	256.0	128.5	128.5	1.0	26.5	64.75	192.25	230.5	74.04503134354572	5482.666666666667	4087	2044.0	2044.0	1	409.6	1022.5	3065.5	3678.4	1179.959603828312	1392304.6666666667	15815.0	7908.0	7908.0	1.0	1582.4	3954.5	11861.5	14233.6	4565.541588902679	20844170.0																					0.087	0.0252013983628922	0.017	0.017	0.017	0.017	0.035	0.052	0.0164943465668623	0.0002720634686677	0.087	0.0186887132469174	0.017	0.0	0.0	0.0	0.017	0.035	0.0179853349604116	0.0003234722736382																																																			16504.0	4096.0	2094.5	6.0	20.0	155.5	8266.5	10297.5	4334.14973636755	18784853.937254906	23052023_s_Lm_st_19115_p_G03_pos001_tm_24_ch_Syto9_z_21.tif	23052023_s_Lm_st_19115_p_G03_pos001_tm_24_ch_Syto9_z_21.tif	4095	2052.0	2052.0	9	417.6	1030.5	3073.5	3686.4	1179.959603828312	1392304.6666666667	4095.0	530.2892190957951	0.0	0.0	0.0	0.0	141.5	2513.6000000000004	1080.1572347447068	1166739.6517713314	572.0	274.06480218281035	269.0	256.0	258.0	261.0	282.0	297.0	17.640731989248362	311.19542511649047	572.0	203.23945621245653	263.0	0.0	0.0	0.0	277.0	292.0	120.93876355984952	14626.184531385185	473.0	270.8414304229196	268.0	256.0	258.0	261.0	277.0	288.0	13.156304142247308	173.08833868331365											473.0	200.84908605754032	263.0	0.0	0.0	0.0	273.0	284.667	119.10979141684253	14187.142411363737	359.0	268.0350443383356	264.0	256.0	257.0	259.0	273.0	284.0	12.267959173041769	150.50282227141963	359.0	198.76794182737908	261.0	0.0	0.0	0.0	269.0	281.0	117.815774059899	13880.55661733317					1516594	31815.912894543675	3234.0	6	60.0	318.0	14480.0	36952.4	139908.2009637205	19574304696.9048	75353.495	1580.8545407389283	160.791	0.298	2.983	15.811	719.669	1836.2126	6951.246289002759	48319824.97037463	144073.842	1577.6714908245658	13.333	0.0	0.0	0.0	73.333	356.0	11162.439828948036	124600062.93488549	260356	5387.812087105456	539.0	1	10.0	53.0	2417.0	6178.0	23908.06409511716	571595528.7762303																					11727.0	5863.5	5863.5	0.0	1172.7	2931.75	8795.25	10554.3	3385.726313018621	11463142.666666666	255	127.5	127.5	0	25.5	63.75	191.25	229.5	74.04503134354572	5482.666666666667	4086	2043.0	2043.0	0	408.6	1021.5	3064.5	3677.4	1179.959603828312	1392304.6666666667	15814	7907.0	7907.0	0	1581.4	3953.5	11860.5	14232.6	4565.541588902679	20844170.0											255.0	127.5	127.5	0.0	25.5	63.75	191.25	229.5	74.04503134354572	5482.666666666667	260356.0	1392.355105912109	0.0	0.0	0.0	0.0	6.0	1164.800000000001	12379.479403160138	153251510.2932661	2260.949	12.091308188428709	0.0	0.0	0.0	0.0	0.052	10.11560000000001	107.50425169218084	11557.164131895766	19115
23052023--s--Lm--st--19115--p--G03--pos002--tm--24--ch--Syto9--z--21	8978.0	4489.5	4489.5	1.0	898.7	2245.25	6733.75	8080.3	2591.8696919405497	6717788.5	256.0	128.5	128.5	1.0	26.5	64.75	192.25	230.5	74.04503134354572	5482.666666666667	3884	1942.5	1942.5	1	389.3	971.75	2913.25	3495.7000000000003	1121.3585510442233	1257445.0	12862.0	6431.5	6431.5	1.0	1287.1	3216.25	9646.75	11575.9	3713.0839159203856	13786992.166666666																					0.087	0.0271549342838048	0.017	0.017	0.017	0.017	0.035	0.052	0.0183187814209121	0.0003355777527471	0.087	0.0189548281760223	0.017	0.0	0.0	0.0	0.017	0.052	0.0197402516005563	0.0003896775332532																																																			15798.0	4096.0	196.0	0.0	1.0	5.0	9020.25	14001.0	5719.134044556731	32708494.21960784	23052023_s_Lm_st_19115_p_G03_pos002_tm_24_ch_Syto9_z_21.tif	23052023_s_Lm_st_19115_p_G03_pos002_tm_24_ch_Syto9_z_21.tif	4095	1962.076210092688	1950.5	9	397.3	979.75	2921.25	3535.7000000000003	1140.0765616521048	1299774.566428485	4095.0	592.4975897994091	0.0	0.0	0.0	0.0	676.75	2605.9	1097.2528238918094	1203963.7595385502	559.0	275.919358431722	271.0	256.0	258.0	262.0	284.0	301.0	18.966606488549743	359.73216169149725	559.0	192.59866272741408	263.0	0.0	0.0	0.0	277.0	295.0	127.67065440191196	16299.79599541244	393.0	271.6514588995322	269.0	256.0	258.0	262.0	278.0	289.0	13.12524866333012	172.2721524742491											393.0	189.61956134349245	262.667	0.0	0.0	0.0	274.0	285.0	125.20506438193304	15676.308146883996	365.0	268.0239474270439	264.0	256.0	257.0	259.0	273.0	284.0	12.12539773697994	147.02527027995828	365.0	187.0874669569274	260.0	0.0	0.0	0.0	269.0	280.0	123.47470339814836	15246.002379260712					1575516	33480.640576725025	1651.0	6	12.0	48.0	21776.5	48565.4	140658.29680554004	19784756460.2354	78272.77	1663.6206058187436	82.185	0.298	0.597	2.387	1082.34475	2414.6451	6988.160763506329	48834390.85660936	157337.34	1650.6952780638517	6.667	0.0	0.0	0.0	146.667	497.8669000000007	11930.088512811924	142327011.92352703	271152	5669.4338311019565	276.5	1	2.0	8.0	3637.75	8122.400000000001	24076.31050409442	579668727.4895673																					8977.0	4488.5	4488.5	0.0	897.7	2244.25	6732.75	8079.3	2591.8696919405497	6717788.5	255	127.5	127.5	0	25.5	63.75	191.25	229.5	74.04503134354572	5482.666666666667	3883	1941.5	1941.5	0	388.3	970.75	2912.25	3494.7000000000003	1121.3585510442233	1257445.0	12861	6430.5	6430.5	0	1286.1	3215.25	9645.75	11574.9	3713.0839159203856	13786992.166666666											255.0	127.5	127.5	0.0	25.5	63.75	191.25	229.5	74.04503134354572	5482.666666666667	271152.0	1712.0273674389675	0.0	0.0	0.0	0.0	3.0	1919.0	13482.93741653885	181789601.3783033	2354.703	14.86736261856632	0.0	0.0	0.0	0.0	0.026	16.665	117.08675962416903	13709.30927928794	19115
23052023--s--Lm--st--19115--p--G03--pos003--tm--24--ch--Syto9--z--21	14784.0	7392.5	7392.5	1.0	1479.3000000000002	3696.75	11088.25	13305.7	4267.91752497632	18215120.0	256.0	128.5	128.5	1.0	26.5	64.75	192.25	230.5	74.04503134354572	5482.666666666667	4086	2043.5	2043.5	1	409.5	1022.25	3064.75	3677.5	1179.6709286915568	1391623.5	18870.0	9435.5	9435.5	1.0	1887.9	4718.25	14152.75	16983.100000000002	5447.444125459205	29674647.5																					0.087	0.0247660308441558	0.017	0.017	0.017	0.017	0.017	0.052	0.0161097494594403	0.0002595240276459	0.087	0.0194033386327504	0.017	0.0	0.0	0.017	0.017	0.035	0.0175323949908299	0.0003073848741144																																																			11970.0	4096.0	1701.0	2.0	10.0	39.75	8430.75	11101.5	4463.118664315874	19919428.211764712	23052023_s_Lm_st_19115_p_G03_pos003_tm_24_ch_Syto9_z_21.tif	23052023_s_Lm_st_19115_p_G03_pos003_tm_24_ch_Syto9_z_21.tif	4095	2052.5	2052.5	10	418.5	1031.25	3073.75	3686.5	1179.6709286915568	1391623.5	4095.0	444.4364069952305	0.0	0.0	0.0	0.0	0.0	2208.100000000002	1007.9663459670528	1015996.1546021724	758.0	274.00487012987014	269.0	256.0	258.0	261.0	282.0	297.0	18.18237159734451	330.5986369039203	758.0	214.67344992050877	264.0	0.0	0.0	256.0	277.0	293.0	114.00247637280704	12996.56461913243	562.2	270.8325357819264	268.0	256.0	258.0	261.0	277.0	288.0	13.31215754449358	177.21353848941737											562.2	212.18803439321672	264.0	0.0	0.0	256.0	274.0	285.25	112.17468373253824	12583.15967049498	409.0	268.09618506493507	264.0	256.0	257.0	259.0	273.0	285.0	12.296807484775831	151.21147431763893	409.0	210.0441971383148	261.0	0.0	0.0	256.0	270.0	282.0	110.96214084265888	12312.596700386064					973830	31968.662750856583	4434.0	6	54.0	274.0	25389.5	52257.0	103025.7264587816	10614300312.359692	48373.975	1588.3039706314244	220.4045	0.298	2.685	13.591	1261.543	2597.2815	5117.138002442356	26185101.336039748	76979.548	1147.009545031816	20.0	0.0	0.0	0.0	142.667	526.0	6736.485823508401	45380241.25032967	166373	5389.112334801762	740.0	1	9.0	46.0	4249.25	8735.5	17517.686510017957	306869340.66326505																					14783.0	7391.5	7391.5	0.0	1478.3000000000002	3695.75	11087.25	13304.7	4267.91752497632	18215120.0	255	127.5	127.5	0	25.5	63.75	191.25	229.5	74.04503134354572	5482.666666666667	4085	2042.5	2042.5	0	408.5	1021.25	3063.75	3676.5	1179.6709286915568	1391623.5	18869	9434.5	9434.5	0	1886.9	4717.25	14151.75	16982.100000000002	5447.444125459205	29674647.5											255.0	127.5	127.5	0.0	25.5	63.75	191.25	229.5	74.04503134354572	5482.666666666667	166373.0	1166.9367249602544	0.0	0.0	0.0	0.0	0.0	1027.2000000000044	8447.615954929564	71362215.32198055	1444.795	10.133758982511925	0.0	0.0	0.0	0.0	0.0	8.920700000000037	73.35967986093252	5381.642629298509	19115
23052023--s--Lm--st--19115--p--G03--pos004--tm--24--ch--Syto9--z--21	14377.0	7189.0	7189.0	1.0	1438.6	3595.0	10783.0	12939.4	4150.42674512714	17226042.166666668	256.0	128.5	128.5	1.0	26.5	64.75	192.25	230.5	74.04503134354572	5482.666666666667	4078	2039.5	2039.5	1	408.7000000000001	1020.25	3058.75	3670.3	1177.361527597478	1386180.1666666667	18455.0	9228.0	9228.0	1.0	1846.4	4614.5	13841.5	16609.600000000002	5327.643944559359	28383790.0																					0.087	0.0253872852472699	0.017	0.017	0.017	0.017	0.035	0.052	0.0166978400641841	0.000278817862809	0.087	0.0197774586832836	0.017	0.0	0.0	0.017	0.017	0.035	0.0181151397097216	0.0003281582867027																																																			13431.0	4096.0	1034.5	0.0	5.0	24.5	8823.5	12025.5	4846.810107648932	23491568.21960785	23052023_s_Lm_st_19115_p_G03_pos004_tm_24_ch_Syto9_z_21.tif	23052023_s_Lm_st_19115_p_G03_pos004_tm_24_ch_Syto9_z_21.tif	4095	2048.8371750858264	2048.5	10	417.7000000000001	1029.25	3067.75	3679.3	1177.9163479249771	1387486.922708916	4095.0	452.73140070441616	0.0	0.0	0.0	0.0	0.0	2241.600000000002	1014.485422069584	1029180.671591702	806.0	274.35285525492105	269.0	256.0	258.0	261.0	282.0	298.0	18.918878616135927	357.92396809208526	806.0	213.72912489840152	264.0	0.0	0.0	256.0	277.0	293.0	115.05037250563808	13236.588213686078	531.333	270.9538196424845	268.0	256.0	258.0	261.0	277.0	288.0	13.559976901064816	183.8729735574113											531.333	211.0811739366025	264.0	0.0	0.0	256.0	274.0	285.0	113.05712517997412	12781.913553960338	377.0	268.0102246643945	264.0	256.0	257.0	259.0	273.0	284.39999999999964	12.319835455221568	151.7783456437344	377.0	208.78802492549443	261.0	0.0	0.0	256.0	270.0	281.0	111.7309009710064	12483.79423179284					995894	32013.70377636096	3396.0	6	36.0	162.0	24429.5	51650.00000000003	106097.85321246086	11256754456.29289	49474.982	1590.6440338401178	168.79649999999998	0.298	1.79	8.054	1214.41925	2567.0955000000013	5270.336863291419	27776450.65256844	79519.734	1201.415124570868	13.333	0.0	0.0	0.0	144.66649999999998	523.8670000000008	7055.991717049097	49787019.11106547	170103	5399.645659637077	566.5	1	6.0	27.0	4080.0	8634.100000000006	18046.84340674304	325688556.94750464																					14376.0	7188.0	7188.0	0.0	1437.6	3594.0	10782.0	12938.4	4150.42674512714	17226042.166666668	255	127.5	127.5	0	25.5	63.75	191.25	229.5	74.04503134354572	5482.666666666667	4077	2038.5	2038.5	0	407.7000000000001	1019.25	3057.75	3669.3	1177.361527597478	1386180.1666666667	18454	9227.0	9227.0	0	1845.4	4613.5	13840.5	16608.600000000002	5327.643944559359	28383790.0											255.0	127.5	127.5	0.0	25.5	63.75	191.25	229.5	74.04503134354572	5482.666666666667	170103.0	1193.177783798429	0.0	0.0	0.0	0.0	0.0	903.4000000000088	8773.421841784357	76972930.8138988	1477.186	10.361636196152803	0.0	0.0	0.0	0.0	0.0	7.845000000000076	76.1890006791005	5804.763824479976	19115
23052023--s--Lm--st--19115--p--G03--pos005--tm--24--ch--Syto9--z--21	9515.0	4758.0	4758.0	1.0	952.4	2379.5	7136.5	8563.6	2746.8882394447724	7545395.0	256.0	128.5	128.5	1.0	26.5	64.75	192.25	230.5	74.04503134354572	5482.666666666667	3819	1910.0	1910.0	1	382.8	955.5	2864.5	3437.2000000000003	1102.5946671374754	1215715.0	13334.0	6667.5	6667.5	1.0	1334.3000000000002	3334.25	10000.75	12000.7	3849.33857954844	14817407.5																					0.087	0.0273225433526011	0.017	0.017	0.017	0.017	0.035	0.052	0.0183264923853471	0.0003358603231501	0.087	0.0194970751462426	0.017	0.0	0.0	0.0	0.017	0.052	0.0198051586727437	0.0003922443100525																																																			19002.0	4096.0	91.5	0.0	1.0	4.0	8123.0	15177.5	6086.606687203132	37046780.96470589	23052023_s_Lm_st_19115_p_G03_pos005_tm_24_ch_Syto9_z_21.tif	23052023_s_Lm_st_19115_p_G03_pos005_tm_24_ch_Syto9_z_21.tif	4095	1936.9790521078817	1918.0	9	390.8	963.5	2872.5	3512.2000000000003	1132.7596175067329	1283144.3510539995	4095.0	554.7714864256787	0.0	0.0	0.0	0.0	493.75	2493.7000000000007	1065.0372898470066	1134304.428764657	593.0	276.30183920126115	271.0	256.0	258.0	262.0	285.0	302.0	19.53169703777213	381.4871891753164	593.0	197.1660416979151	264.0	0.0	0.0	0.0	278.0	296.0	126.00110787511136	15876.279185755451	426.6	271.9834429847609	269.0	256.0	258.0	262.0	278.8	290.333	13.842718700569804	191.6208610231049											426.6	194.0844802759862	263.0	0.0	0.0	0.0	274.0	286.0	123.51861449571784	15256.848126941752	373.0	268.3100367840252	264.0	256.0	257.0	259.0	273.0	285.0	12.773406390399032	163.15991081428683	373.0	191.46317684115797	260.0	0.0	0.0	0.0	269.0	281.0	121.78207227796536	14830.87312831558					1779934	33990.756742602774	912.0	6	12.0	30.0	17088.0	45215.20000000005	155821.65001350286	24280386612.930576	88438.774	1688.8286300078553	45.344	0.298	0.597	1.492	849.5464999999999	2247.3530000000023	7741.161562300708	59925582.33364195	188796.735	1852.876465828751	0.0	0.0	0.0	0.0	120.0	476.8000000000011	13854.33304899926	191942544.23259315	306748	5765.918041372087	152.0	1	2.0	5.0	2853.0	7558.200000000008	26709.493844284003	713397061.417845																					9514.0	4757.0	4757.0	0.0	951.4	2378.5	7135.5	8562.6	2746.8882394447724	7545395.0	255	127.5	127.5	0	25.5	63.75	191.25	229.5	74.04503134354572	5482.666666666667	3818	1909.0	1909.0	0	381.8	954.5	2863.5	3436.2000000000003	1102.5946671374754	1215715.0	13333	6666.5	6666.5	0	1333.3000000000002	3333.25	9999.75	11999.7	3849.33857954844	14817407.5											255.0	127.5	127.5	0.0	25.5	63.75	191.25	229.5	74.04503134354572	5482.666666666667	306748.0	1651.4246287685617	0.0	0.0	0.0	0.0	2.0	1102.1000000000022	14528.648296332054	211081621.31851232	2663.821	14.341084745762712	0.0	0.0	0.0	0.0	0.017	9.57090000000002	126.16778473603136	15918.309905197544	19115
23052023--s--Lm--st--19115--p--G04--pos001--tm--24--ch--Syto9--z--21	8730.0	4365.5	4365.5	1.0	873.9000000000001	2183.25	6547.75	7857.1	2520.2782584468723	6351802.5	256.0	128.5	128.5	1.0	26.5	64.75	192.25	230.5	74.04503134354572	5482.666666666667	3167	1584.0	1584.0	1	317.6	792.5	2375.5	2850.4	914.3784774369964	836088.0	11897.0	5949.0	5949.0	1.0	1190.6	2975.0	8923.0	10707.4	3434.512410808847	11795875.5																					0.087	0.02945578465063	0.017	0.017	0.017	0.017	0.035	0.069	0.0201861977373113	0.0004074825790898	0.087	0.0216146087248886	0.017	0.0	0.0	0.0	0.035	0.052	0.0216448413665805	0.0004684991577844																																																			28221.0	4096.0	18.5	0.0	0.0	1.0	3901.75	19626.0	7425.325620641091	55135460.57254899	23052023_s_Lm_st_19115_p_G04_pos001_tm_24_ch_Syto9_z_21.tif	23052023_s_Lm_st_19115_p_G04_pos001_tm_24_ch_Syto9_z_21.tif	4095	1636.523839595832	1592.0	9	325.6	800.5	2388.5	2997.4	989.3972481784702	978906.9147031296	4095.0	435.6452046734471	0.0	0.0	0.0	0.0	201.0	1985.4	885.2836630363636	783727.1640390818	463.0	278.32554410080184	272.0	256.0	258.0	263.0	288.0	307.0	21.1178463072656	445.9634326572914	463.0	204.2348491216273	265.0	0.0	0.0	0.0	281.0	301.0	124.3399019482717	15460.41121650582	365.0	272.9147179839633	270.0	256.0	258.0	262.0	280.0	291.8	14.107948929822934	199.03422300649208											365.0	200.26439337648145	264.0	0.0	0.0	0.0	276.0	288.0	121.22929832769688	14696.542773025723	365.0	268.3335624284078	264.0	256.0	257.0	259.0	273.0	285.0	12.700325890264514	161.29827771892312	365.0	196.90274859208205	261.0	0.0	0.0	0.0	269.0	281.0	119.09854204350997	14184.462716889706					2374704	40822.59488474897	642.0	6	6.0	24.0	16470.0	53572.80000000001	200746.3807206229	40299109372.42928	117980.644	2028.2196542469208	31.919	0.298	0.298	1.193	818.8199999999999	2661.905400000001	9972.99389807514	99460607.29104398	300149.831	2699.453913167035	0.0	0.0	0.0	0.0	133.333	692.5332000000001	21230.01357388054	450713476.34715205	412840	6952.982633407009	107.0	1	1.0	4.0	2752.0	8962.400000000001	34613.50300574187	1198094590.3285017																					8729.0	4364.5	4364.5	0.0	872.9000000000001	2182.25	6546.75	7856.1	2520.2782584468723	6351802.5	255	127.5	127.5	0	25.5	63.75	191.25	229.5	74.04503134354572	5482.666666666667	3166	1583.0	1583.0	0	316.6	791.5	2374.5	2849.4	914.3784774369964	836088.0	11896	5948.0	5948.0	0	1189.6	2974.0	8922.0	10706.4	3434.512410808847	11795875.5											255.0	127.5	127.5	0.0	25.5	63.75	191.25	229.5	74.04503134354572	5482.666666666667	412840.0	1850.8948474405315	0.0	0.0	0.0	0.0	1.0	646.3999999999996	18119.18792518616	328304971.06821185	3585.131	16.073302849457846	0.0	0.0	0.0	0.0	0.009	5.613599999999997	157.34827487194292	24758.4796051765	19115
23052023--s--Lm--st--19115--p--G04--pos002--tm--24--ch--Syto9--z--21	10530.0	5265.5	5265.5	1.0	1053.9	2633.25	7897.75	9477.1	3039.893501424022	9240952.5	256.0	128.5	128.5	1.0	26.5	64.75	192.25	230.5	74.04503134354572	5482.666666666667	3120	1560.5	1560.5	1	312.90000000000003	780.75	2340.25	2808.1	900.8107459394564	811460.0	13650.0	6825.5	6825.5	1.0	1365.9	3413.25	10237.75	12285.1	3940.559922143045	15528012.5																					0.087	0.0302866096866096	0.017	0.017	0.017	0.017	0.035	0.069	0.0206490260946053	0.0004263822786556	0.087	0.023363956043956	0.017	0.0	0.0	0.017	0.035	0.052	0.0221510441549024	0.0004906687571524																																																			29072.0	4096.0	13.0	0.0	0.0	1.0	1914.5	22006.5	8085.615591295207	65377179.49019615	23052023_s_Lm_st_19115_p_G04_pos002_tm_24_ch_Syto9_z_21.tif	23052023_s_Lm_st_19115_p_G04_pos002_tm_24_ch_Syto9_z_21.tif	4095	1629.445512820513	1568.5	9	320.90000000000003	788.75	2361.25	3022.2	1003.2991775817384	1006609.2397361924	4095.0	372.4446886446887	0.0	0.0	0.0	0.0	0.0	1763.1000000000004	835.5972714847886	698222.8001128235	458.0	279.4654320987654	273.0	256.0	258.0	263.0	290.0	309.0	21.72484821671522	471.9690300393145	458.0	215.58761904761903	267.0	0.0	0.0	256.0	284.0	304.0	118.89641321056143	14136.35707433657	369.5	273.48807587844254	270.5	256.0	258.0	262.0	281.0	292.0	14.363649932640424	206.31443938744124											369.5	210.97651567765567	265.6335	0.0	0.0	256.0	277.5	289.0200000000001	115.5361017955351	13348.59081810825	368.0	268.4396961063628	264.0	256.0	257.0	259.0	273.0	286.0	12.955010321610937	167.83229243304592	368.0	207.08205128205128	261.0	0.0	0.0	256.0	270.0	282.0	113.29812744549452	12836.465682655518					2304346	41437.24423076923	228.0	6	6.0	18.0	15083.0	64575.59999999999	195606.92486969635	38262069056.97904	114479.1	2058.863595192308	11.336	0.298	0.298	0.895	749.8922500000001	3210.2224	9717.496513941933	94429738.49847364	304291.008	2732.523992628205	0.0	0.0	0.0	0.0	134.99975	888.5332999999995	21207.35451613604	449751885.5730758	401112	7057.718269230769	38.0	1	1.0	3.0	2521.0	10808.499999999998	33756.31362969626	1139488709.8664176																					10529.0	5264.5	5264.5	0.0	1052.9	2632.25	7896.75	9476.1	3039.893501424022	9240952.5	255	127.5	127.5	0	25.5	63.75	191.25	229.5	74.04503134354572	5482.666666666667	3119	1559.5	1559.5	0	311.90000000000003	779.75	2339.25	2807.1	900.8107459394564	811460.0	13649	6824.5	6824.5	0	1364.9	3412.25	10236.75	12284.1	3940.559922143045	15528012.5											255.0	127.5	127.5	0.0	25.5	63.75	191.25	229.5	74.04503134354572	5482.666666666667	401112.0	1613.1938461538462	0.0	0.0	0.0	0.0	0.0	116.10000000000036	16406.51909067414	269173868.67265505	3483.284	14.009091428571429	0.0	0.0	0.0	0.0	0.0	1.0079000000000031	142.4753418904335	20299.223046795916	19115
23052023--s--Lm--st--19115--p--G04--pos003--tm--24--ch--Syto9--z--21	11439.0	5720.0	5720.0	1.0	1144.8	2860.5	8579.5	10295.2	3302.299199042994	10905180.0	256.0	128.5	128.5	1.0	26.5	64.75	192.25	230.5	74.04503134354572	5482.666666666667	3584	1792.5	1792.5	1	359.3	896.75	2688.25	3225.7000000000003	1034.7560098883214	1070720.0	15023.0	7512.0	7512.0	1.0	1503.2	3756.5	11267.5	13520.8	4336.910882183308	18808796.0																					0.087	0.0276949908208759	0.017	0.017	0.017	0.017	0.035	0.052	0.0189621124509014	0.0003595617086006	0.087	0.0210878652732476	0.017	0.0	0.0	0.017	0.017	0.052	0.0203252478008341	0.0004131156981653																																																			22642.0	4096.0	26.0	0.0	0.0	1.0	5198.5	17672.5	7078.26483389987	50101833.05882356	23052023_s_Lm_st_19115_p_G04_pos003_tm_24_ch_Syto9_z_21.tif	23052023_s_Lm_st_19115_p_G04_pos003_tm_24_ch_Syto9_z_21.tif	4095	1826.544642857143	1800.5	9	367.3	904.75	2698.25	3292.4000000000005	1078.1901875915948	1162494.0806187987	4095.0	435.75424349331024	0.0	0.0	0.0	0.0	0.0	2089.800000000001	939.871043776062	883357.578928704	446.0	276.3022117317947	271.0	256.0	258.0	262.0	285.0	302.0	19.45594207282642	378.5336819411773	446.0	210.38547560407372	265.0	0.0	0.0	256.0	279.0	297.0	118.98348154132574	14157.068879695003	377.667	271.80357872191627	269.0	256.0	258.0	261.5	278.3665	290.0	13.533391742353713	183.1526920520077											377.667	206.9600703587832	264.0	0.0	0.0	256.0	275.0	286.5	116.44898414644496	13560.365908738988	371.0	268.02744995191887	264.0	256.0	257.0	259.0	273.0	284.0	12.507753778807908	156.44390459128348	371.0	204.0848033016042	261.0	0.0	0.0	256.0	269.0	281.0	114.7593575958452	13169.71015581107					1345036	36322.279017857145	640.0	6	6.0	24.0	24569.0	71921.20000000007	130164.63502790556	16942832211.947857	66809.863	1804.7323334263397	31.788	0.298	0.298	1.193	1221.549	3574.7930000000038	6465.839511659276	41807080.590534255	135653.461	1673.848322265625	0.0	0.0	0.0	0.0	196.0	936.5332000000008	10793.802810503332	116506179.11202964	231488	6143.999441964285	107.0	1	1.0	4.0	4104.0	12032.400000000014	22259.366807427275	495479410.6675952																					11438.0	5719.0	5719.0	0.0	1143.8	2859.5	8578.5	10294.2	3302.299199042994	10905180.0	255	127.5	127.5	0	25.5	63.75	191.25	229.5	74.04503134354572	5482.666666666667	3583	1791.5	1791.5	0	358.3	895.75	2687.25	3224.7000000000003	1034.7560098883214	1070720.0	15022	7511.0	7511.0	0	1502.2	3755.5	11266.5	13519.8	4336.910882183308	18808796.0											255.0	127.5	127.5	0.0	25.5	63.75	191.25	229.5	74.04503134354572	5482.666666666667	231488.0	1465.7589030153763	0.0	0.0	0.0	0.0	0.0	406.8000000000011	11182.030794632152	125037812.69210176	2010.258	12.728752845636691	0.0	0.0	0.0	0.0	0.0	3.5324000000000084	97.10552926044883	9429.483812951885	19115
23052023--s--Lm--st--19115--p--G04--pos004--tm--24--ch--Syto9--z--21	11802.0	5901.5	5901.5	1.0	1181.1	2951.25	8851.75	10621.9	3407.088272997928	11608250.5	256.0	128.5	128.5	1.0	26.5	64.75	192.25	230.5	74.04503134354572	5482.666666666667	3969	1985.0	1985.0	1	397.8	993.0	2977.0	3572.2000000000003	1145.8959376836974	1313077.5	15771.0	7886.0	7886.0	1.0	1578.0	3943.5	11828.5	14194.0	4552.839882974142	20728351.0																					0.087	0.0268979833926453	0.017	0.017	0.017	0.017	0.035	0.052	0.018053961550517	0.0003259455276675	0.087	0.0201287172658677	0.017	0.0	0.0	0.0	0.017	0.052	0.0194981206579383	0.0003801767091915																																																			20126.0	4096.0	42.0	0.0	0.0	3.0	6617.5	16764.0	6645.168316374019	44158261.95294112	23052023_s_Lm_st_19115_p_G04_pos004_tm_24_ch_Syto9_z_21.tif	23052023_s_Lm_st_19115_p_G04_pos004_tm_24_ch_Syto9_z_21.tif	4095	2001.432098765432	1993.0	9	405.8	1001.0	2985.0	3610.2	1159.2444411696426	1343847.6743827169	4095.0	503.6893031513537	0.0	0.0	0.0	0.0	34.5	2400.0	1045.26540893516	1092579.7751163873	496.0	275.7958820538892	270.0	256.0	258.0	262.0	284.0	301.0	18.79953537412142	353.42253028284256	496.0	206.3878638006468	264.0	0.0	0.0	0.0	278.0	296.0	120.79053767137644	14590.353990940212	384.0	271.6809144212845	269.0	256.0	258.0	261.0	278.25	289.39329999999995	13.35323281725333	178.3088266717713											384.0	203.30848722338467	264.0	0.0	0.0	0.0	275.0	286.0	118.46943991882654	14035.00819468045	384.0	268.1437044568717	264.0	256.0	257.0	259.0	273.0	285.0	12.412112102305407	154.0605268401964	384.0	200.66146725001585	261.0	0.0	0.0	0.0	269.0	281.0	116.8641514888615	13657.229903211568					1319664	32820.925170068025	948.0	6	12.0	42.0	19954.0	58340.8	125592.90230000994	15773577108.139845	65554.351	1630.5857258755354	47.133	0.298	0.597	2.088	991.377	2899.4562	6237.886952608137	38911233.63351883	121539.837	1449.7751630133537	0.0	0.0	0.0	0.0	140.0	662.667	9638.445563624267	92899632.88294832	226366	5548.0050390526585	158.0	1	2.0	7.0	3336.0	9758.2	21435.430135154973	459477665.0791099																					11801.0	5900.5	5900.5	0.0	1180.1	2950.25	8850.75	10620.9	3407.088272997928	11608250.5	255	127.5	127.5	0	25.5	63.75	191.25	229.5	74.04503134354572	5482.666666666667	3968	1984.0	1984.0	0	396.8	992.0	2976.0	3571.2000000000003	1145.8959376836974	1313077.5	15770	7885.0	7885.0	0	1577.0	3942.5	11827.5	14193.0	4552.839882974142	20728351.0											255.0	127.5	127.5	0.0	25.5	63.75	191.25	229.5	74.04503134354572	5482.666666666667	226366.0	1396.2396804260986	0.0	0.0	0.0	0.0	1.0	602.0	11018.60243881938	121409599.7047564	1965.778	12.125039376070005	0.0	0.0	0.0	0.0	0.009	5.228	95.68630039875252	9155.868084000307	19115
23052023--s--Lm--st--19115--p--G04--pos005--tm--24--ch--Syto9--z--21	10016.0	5008.5	5008.5	1.0	1002.5	2504.75	7512.25	9014.5	2891.514482066448	8360856.0	256.0	128.5	128.5	1.0	26.5	64.75	192.25	230.5	74.04503134354572	5482.666666666667	3435	1718.0	1718.0	1	344.40000000000003	859.5	2576.5	3091.6	991.7434143970908	983555.0	13451.0	6726.0	6726.0	1.0	1346.0	3363.5	10088.5	12106.0	3883.11357031957	15078571.0																					0.087	0.0293440495207667	0.017	0.017	0.017	0.017	0.035	0.069	0.0200728936366116	0.0004029210589467	0.087	0.0218504200431194	0.017	0.0	0.0	0.0	0.035	0.052	0.0215353207668209	0.0004637700405298																																																			24064.0	4096.0	12.0	0.0	0.0	1.0	3285.75	18626.5	7495.1752711393	56177652.34509808	23052023_s_Lm_st_19115_p_G04_pos005_tm_24_ch_Syto9_z_21.tif	23052023_s_Lm_st_19115_p_G04_pos005_tm_24_ch_Syto9_z_21.tif	4095	1781.6457059679767	1726.0	9	352.40000000000003	867.5	2603.5	3325.6	1079.750858068272	1165861.9154991698	4095.0	454.9812653334325	0.0	0.0	0.0	0.0	80.5	2098.0	949.376388600764	901315.5272326288	445.0	278.328374600639	272.0	256.0	258.0	263.0	289.0	307.0	20.65334009085423	426.5604569084865	445.0	207.2512824325329	265.0	0.0	0.0	0.0	282.0	301.0	122.67654531596526	15049.534770660077	377.0	272.9362150559105	270.0	256.0	258.0	262.0	280.0625	291.0	14.058874120944164	197.65194154855357											377.0	203.23612593859195	264.5	0.0	0.0	0.0	276.0	288.0	119.64030607838409	14313.802838529427	377.0	268.37589856230034	264.0	256.0	257.0	259.0	273.0	285.0	12.929818401101608	167.18020388546574	377.0	199.84038361460117	261.0	0.0	0.0	0.0	269.0	281.0	117.5655812565053	13821.66589617995					2048510	37712.50887918486	198.0	6	6.0	18.0	14087.0	57522.0	177161.10900684554	31386058544.535408	101767.17	1873.729291411936	9.844	0.298	0.298	0.895	700.13	2858.6238	8801.445414859827	77465441.39075708	239397.891	2279.540904803493	0.0	0.0	0.0	0.0	113.333	710.9331999999997	17309.604573516124	299622410.4914903	354307	6410.504221251819	33.0	1	1.0	3.0	2354.0	9628.4	30459.70179249811	927793433.2879124																					10015.0	5007.5	5007.5	0.0	1001.5	2503.75	7511.25	9013.5	2891.514482066448	8360856.0	255	127.5	127.5	0	25.5	63.75	191.25	229.5	74.04503134354572	5482.666666666667	3434	1717.0	1717.0	0	343.40000000000003	858.5	2575.5	3090.6	991.7434143970908	983555.0	13450	6725.0	6725.0	0	1345.0	3362.5	10087.5	12105.0	3883.11357031957	15078571.0											255.0	127.5	127.5	0.0	25.5	63.75	191.25	229.5	74.04503134354572	5482.666666666667	354307.0	1637.060144227195	0.0	0.0	0.0	0.0	1.0	236.0	15642.745416645655	244695484.16998872	3076.826	14.216348003865884	0.0	0.0	0.0	0.0	0.009	2.049	135.84268264069863	18453.234427021565	19115
23052023--s--Lm--st--L628--p--C03--pos001--tm--24--ch--Syto9--z--21	60117.0	30059.0	30059.0	1.0	6012.6	15030.0	45088.0	54105.4	17354.42740340343	301176150.5	256.0	128.5	128.5	1.0	26.5	64.75	192.25	230.5	74.04503134354572	5482.666666666667	4079	2040.0	2040.0	1	408.8	1020.5	3059.5	3671.2	1177.6502027342417	1386860.0	64196.0	32098.5	32098.5	1.0	6420.5	16049.75	48147.25	57776.5	18531.93327745381	343432551.0																					0.087	0.0239041535672106	0.017	0.017	0.017	0.017	0.017	0.035	0.0142158405067386	0.000202090121313	0.087	0.0223852888030406	0.017	0.0	0.017	0.017	0.017	0.035	0.0149415499391596	0.0002232499145844																																																			11365.0	4096.0	2250.5	7.0	50.0	228.25	8370.5	10397.5	4126.0423728732	17024225.662745107	23052023_s_Lm_st_L628_p_C03_pos001_tm_24_ch_Syto9_z_21.tif	23052023_s_Lm_st_L628_p_C03_pos001_tm_24_ch_Syto9_z_21.tif	4095	2055.999754841873	2056.0	16	424.8	1036.5	3075.5	3687.2	1177.650627412539	1386861.000245147	4095.0	130.63778117016636	0.0	0.0	0.0	0.0	0.0	0.0	582.7774464748292	339629.5521197224	575.0	274.1287323053379	270.0	256.0	258.0	262.0	282.0	296.0	16.274692178579098	264.86560550750363	575.0	256.7106517540034	269.0	0.0	256.0	260.0	281.0	295.0	68.69870671283657	4719.512304016335	416.5	271.4092572483657	268.0	256.0	258.0	261.0	278.0	289.0	13.33371051790314	177.78783617524078											416.5	254.16397155586017	267.0	0.0	256.0	260.0	277.0	288.0	67.45138723568753	4549.689640018672	405.0	269.01555300497364	265.0	256.0	257.0	259.0	274.0	287.0	13.189017045852156	173.95017063577876	405.0	251.92236276403517	264.0	0.0	256.0	259.0	274.0	286.0	66.8514861024941	4469.121194111962					287670	32176.449620004903	8954.0	6	864.0	2127.0	32343.0	95184.00000000004	55837.07373934693	3117778803.773267	14287.949	1598.7716915910764	445.117	0.298	42.957	105.703	1607.5700000000002	4730.142600000001	2773.76615366018	7693778.67519079	65684.819	601.3489911743075	33.333	0.0	0.0	6.667	202.667	1361.333	1986.3739732313236	3945681.5615307945	48501	5397.226771267468	1494.0	1	144.0	355.0	5401.5	15934.400000000003	9398.474250649768	88331318.2401267																					60116.0	30058.0	30058.0	0.0	6011.6	15029.0	45087.0	54104.4	17354.42740340343	301176150.5	255	127.5	127.5	0	25.5	63.75	191.25	229.5	74.04503134354572	5482.666666666667	4078	2039.0	2039.0	0	407.8	1019.5	3058.5	3670.2	1177.6502027342417	1386860.0	64195	32097.5	32097.5	0	6419.5	16048.75	48146.25	57775.5	18531.93327745381	343432551.0											255.0	127.5	127.5	0.0	25.5	63.75	191.25	229.5	74.04503134354572	5482.666666666667	48501.0	343.0135210916568	0.0	0.0	0.0	0.0	0.0	0.0	2711.1439178886017	7350301.343504358	421.186	2.9787526948719547	0.0	0.0	0.0	0.0	0.0	0.0	23.543760519826435	554.3086594149379	L628
23052023--s--Lm--st--L628--p--C03--pos002--tm--24--ch--Syto9--z--21	39305.0	19653.0	19653.0	1.0	3931.4	9827.0	29479.0	35374.6	11346.520501898369	128743527.5	256.0	128.5	128.5	1.0	26.5	64.75	192.25	230.5	74.04503134354572	5482.666666666667	4084	2042.5	2042.5	1	409.3	1021.75	3063.25	3675.7	1179.0935784180435	1390261.6666666667	43389.0	21695.0	21695.0	1.0	4339.8	10848.0	32542.0	39050.2	12525.469751669994	156887392.5																					0.087	0.0235219946571683	0.017	0.017	0.017	0.017	0.017	0.035	0.0140529019572463	0.0001974840534199	0.087	0.0213079812855792	0.017	0.0	0.017	0.017	0.017	0.035	0.0150357119568094	0.0002260726340481																																																			15862.0	4096.0	475.0	0.0	3.0	20.0	8109.5	14240.5	5606.702236486923	31435109.968627464	23052023_s_Lm_st_L628_p_C03_pos002_tm_24_ch_Syto9_z_21.tif	23052023_s_Lm_st_L628_p_C03_pos002_tm_24_ch_Syto9_z_21.tif	4095	2053.5	2053.5	12	420.3	1032.75	3074.25	3686.7	1179.0935784180435	1390261.6666666667	4095.0	193.28617852451083	0.0	0.0	0.0	0.0	0.0	0.0	700.2796534314555	490391.59301007946	435.0	273.8477292965272	269.0	256.0	258.0	261.0	282.0	296.0	16.435093411252346	270.1122954365903	435.0	248.07174629514392	267.0	0.0	256.0	259.0	280.0	295.0	81.48084324172015	6639.127815381772	384.0	271.2403033201883	268.0	256.0	258.0	261.0	278.0	289.0	13.419618170728798	180.08615184815451											384.0	245.70974491230496	266.0	0.0	256.0	259.0	276.0	288.0	80.2270944541176	6436.386684549909	384.0	268.957766187508	265.0	256.0	257.0	259.0	274.0	287.0	13.196818249256474	174.1560119039087	384.0	243.6420521330291	264.0	0.0	256.0	258.0	273.0	285.0	79.53538734276768	6325.87783976409					459436	32111.51567091087	4242.0	18	114.0	426.0	30414.5	84229.20000000008	70757.1242441494	5006570631.301993	22817.239	1595.616711802155	210.90750000000003	0.895	5.668	21.18	1512.01075	4186.036700000003	3514.757345306012	12353519.196382562	23980.606	763.1150756611165	13.333	0.0	0.0	0.0	193.333	1096.9331000000004	2913.149560532692	8486440.362031816	77802	5391.7416748286	707.5	3	19.0	71.0	5080.0	14092.900000000012	11934.654599100078	142435980.39982066																					39304.0	19652.0	19652.0	0.0	3930.4	9826.0	29478.0	35373.6	11346.520501898369	128743527.5	255	127.5	127.5	0	25.5	63.75	191.25	229.5	74.04503134354572	5482.666666666667	4083	2041.5	2041.5	0	408.3	1020.75	3062.25	3674.7	1179.0935784180435	1390261.6666666667	43388	21694.0	21694.0	0	4338.8	10847.0	32541.0	39049.2	12525.469751669994	156887392.5											255.0	127.5	127.5	0.0	25.5	63.75	191.25	229.5	74.04503134354572	5482.666666666667	77802.0	507.504113945931	0.0	0.0	0.0	0.0	0.0	0.0	3985.307901748221	15882679.071736809	675.638	4.4072015257323285	0.0	0.0	0.0	0.0	0.0	0.0	34.608687056415086	1197.7612197688732	L628
23052023--s--Lm--st--L628--p--C03--pos003--tm--24--ch--Syto9--z--21	58265.0	29133.0	29133.0	1.0	5827.400000000001	14567.0	43699.0	52438.6	16819.80105411476	282905707.5	256.0	128.5	128.5	1.0	26.5	64.75	192.25	230.5	74.04503134354572	5482.666666666667	4077	2039.0	2039.0	1	408.6	1020.0	3058.0	3669.4	1177.0728524607132	1385500.5	62342.0	31171.5	31171.5	1.0	6235.1	15586.25	46756.75	56107.9	17996.729577898313	323882275.5																					0.087	0.0237199347807431	0.017	0.017	0.017	0.017	0.017	0.035	0.0140310799702301	0.0001968712051309	0.087	0.0221687145102819	0.017	0.0	0.017	0.017	0.017	0.035	0.0147778638331997	0.0002183852594725																																																			14274.0	4096.0	1267.5	7.0	21.5	102.0	8447.25	12520.0	4906.8512590490645	24077189.27843139	23052023_s_Lm_st_L628_p_C03_pos003_tm_24_ch_Syto9_z_21.tif	23052023_s_Lm_st_L628_p_C03_pos003_tm_24_ch_Syto9_z_21.tif	4095	2057.0	2057.0	19	426.6	1038.0	3076.0	3687.4	1177.0728524607132	1385500.5	4095.0	134.52229636521125	0.0	0.0	0.0	0.0	0.0	0.0	590.9378295547979	349207.5183989354	400.0	273.9975628593495	270.0	256.0	258.0	262.0	282.0	296.0	16.081679373456307	258.6204114706501	400.0	256.0788553463155	268.0	0.0	256.0	260.0	281.0	295.0	69.5009551828183	4830.382771324118	398.0	271.39011583283275	268.0	256.0	258.0	261.0	278.0	289.0	13.384357103758392	179.14101508092776											398.0	253.641928378942	267.0	0.0	256.0	260.0	277.0	288.0	68.33141434044768	4669.182185765939	398.0	269.08957350038617	265.0	256.0	257.0	259.0	275.0	287.0	13.301228829781806	176.92268838221867	398.0	251.49183535978955	264.0	0.0	256.0	258.0	274.0	286.0	67.7577352565393	4591.110687095269					249264	32219.636006867797	7308.0	6	514.0	1372.0	35602.0	103909.2	54123.39963012329	2929342387.52203	12379.905	1600.9708834927644	363.248	0.298	25.523	68.182	1769.571	5163.6	2688.7971656539635	7229630.198028787	38517.162	563.0536134412558	26.667	0.0	0.0	0.0	226.667	1480.266800000001	1618.5279837552764	2619632.83419892	41948	5400.632572970321	1219.0	1	86.0	229.0	5945.0	17407.600000000002	9094.576296003368	82711318.00382635																					58264.0	29132.0	29132.0	0.0	5826.400000000001	14566.0	43698.0	52437.6	16819.80105411476	282905707.5	255	127.5	127.5	0	25.5	63.75	191.25	229.5	74.04503134354572	5482.666666666667	4076	2038.0	2038.0	0	407.6	1019.0	3057.0	3668.4	1177.0728524607132	1385500.5	62341	31170.5	31170.5	0	6234.1	15585.25	46755.75	56106.9	17996.729577898313	323882275.5											255.0	127.5	127.5	0.0	25.5	63.75	191.25	229.5	74.04503134354572	5482.666666666667	41948.0	353.2144621603413	0.0	0.0	0.0	0.0	0.0	0.0	2681.736288883945	7191709.523117033	364.279	3.0673390170350645	0.0	0.0	0.0	0.0	0.0	0.0	23.288383675472332	542.3488142160064	L628
23052023--s--Lm--st--L628--p--C03--pos004--tm--24--ch--Syto9--z--21	51163.0	25582.0	25582.0	1.0	5117.200000000001	12791.5	38372.5	46046.8	14769.630248136433	218141977.66666663	256.0	128.5	128.5	1.0	26.5	64.75	192.25	230.5	74.04503134354572	5482.666666666667	4078	2039.5	2039.5	1	408.7000000000001	1020.25	3058.75	3670.3	1177.361527597478	1386180.1666666667	55241.0	27621.0	27621.0	1.0	5525.0	13811.0	41431.0	49717.0	15946.847447066144	254301943.5																					0.087	0.0236546918671696	0.017	0.017	0.017	0.017	0.017	0.035	0.0139644601038315	0.0001950061459915	0.087	0.0219084556760377	0.017	0.0	0.017	0.017	0.017	0.035	0.014794194007377	0.0002188681763279																																																			10104.0	4096.0	3126.5	8.0	213.5	620.0	7642.75	9265.5	3519.6731321051334	12388098.95686276	23052023_s_Lm_st_L628_p_C03_pos004_tm_24_ch_Syto9_z_21.tif	23052023_s_Lm_st_L628_p_C03_pos004_tm_24_ch_Syto9_z_21.tif	4095	2056.499019127023	2056.5	14	425.7000000000001	1037.25	3075.75	3687.3	1177.3632279760368	1386184.170590153	4095.0	151.814829564997	0.0	0.0	0.0	0.0	0.0	0.0	625.6773601716357	391472.15903134673	422.0	273.9282098391416	270.0	256.0	258.0	262.0	282.0	296.0	16.042748901645155	257.36979232123684	422.0	253.70628699697687	268.0	0.0	256.0	260.0	281.0	295.0	73.27272163758434	5368.89173617892	394.0	271.3058476438051	268.0	256.0	258.0	261.0	278.0	289.0	13.184977555990573	173.84363315197513											394.0	251.2775127713112	267.0	0.0	256.0	260.0	277.0	288.0	72.0678235890671	5193.771196864897	394.0	269.0067822449817	265.0	256.0	257.0	259.0	274.0	287.0	13.049045998577334	170.27760147298716	394.0	249.1481689324958	264.0	0.0	256.0	258.0	273.0	286.0	71.45301852669701	5105.533856576505					251594	32180.06032368808	10335.0	6	1219.4	2730.0	36134.5	94175.80000000005	50801.76102623295	2580818923.366481	12496.656	1598.7720796959295	513.8435	0.298	60.5815	135.732	1796.36175	4679.7314000000015	2522.8960083632314	6365004.269015126	115452.139	556.981308239333	33.333	0.0	0.0	6.667	222.667	1293.599900000001	2325.692922241311	5408847.568563329	62004	5398.071113290829	1724.5	1	203.70000000000005	455.0	6032.25	15748.600000000006	8573.329660699308	73501981.47102651																					51162.0	25581.0	25581.0	0.0	5116.200000000001	12790.5	38371.5	46045.8	14769.630248136433	218141977.66666663	255	127.5	127.5	0	25.5	63.75	191.25	229.5	74.04503134354572	5482.666666666667	4077	2038.5	2038.5	0	407.7000000000001	1019.25	3057.75	3669.3	1177.361527597478	1386180.1666666667	55240	27620.0	27620.0	0	5524.0	13810.0	41430.0	49716.0	15946.847447066144	254301943.5											255.0	127.5	127.5	0.0	25.5	63.75	191.25	229.5	74.04503134354572	5482.666666666667	68766.0	398.6187071197118	0.0	0.0	0.0	0.0	0.0	0.0	2726.368961625258	7433087.714913588	597.169	3.461632392606941	0.0	0.0	0.0	0.0	0.0	0.0	23.6759749669978	560.5517906379064	L628
23052023--s--Lm--st--L628--p--C03--pos005--tm--24--ch--Syto9--z--21	59601.0	29801.0	29801.0	1.0	5961.0	14901.0	44701.0	53641.0	17205.471033947313	296028233.5	256.0	128.5	128.5	1.0	26.5	64.75	192.25	230.5	74.04503134354572	5482.666666666667	4072	2036.5	2036.5	1	408.1	1018.75	3054.25	3664.9	1175.629476776874	1382104.6666666667	63673.0	31837.0	31837.0	1.0	6368.200000000001	15919.0	47755.0	57305.8	18380.95618205611	337859550.1666667																					0.087	0.0241710877334272	0.017	0.017	0.017	0.017	0.035	0.035	0.014400159871865	0.0002073646043352	0.087	0.0226253042891021	0.017	0.0	0.017	0.017	0.017	0.035	0.0151353042940802	0.0002290774360744																																																			12968.0	4096.0	1510.0	7.0	34.0	132.5	8320.5	11835.5	4628.995101213528	21427595.64705884	23052023_s_Lm_st_L628_p_C03_pos005_tm_24_ch_Syto9_z_21.tif	23052023_s_Lm_st_L628_p_C03_pos005_tm_24_ch_Syto9_z_21.tif	4095	2059.4972986247544	2059.5	20	431.1	1041.75	3077.25	3687.9	1175.634156049461	1382115.6688701282	4095.0	131.70846355598135	0.0	0.0	0.0	0.0	0.0	0.0	585.0457205908754	342278.49518169655	409.0	274.3022768074361	270.0	256.0	258.0	262.0	282.0	297.0	16.09555473514865	259.06688223216617	409.0	256.76016521916665	269.0	0.0	256.0	260.0	281.0	296.0	68.89619038580766	4746.685049677455	400.0	271.53171430009564	268.2	256.0	258.0	262.0	278.0	289.0	13.303637020388589	176.9867579702537											400.0	254.16678504232564	267.0	0.0	256.0	260.0	277.0	288.0	67.67071394770872	4579.32552619262	400.0	269.0942266069361	265.0	256.0	257.0	259.0	275.0	287.0	13.252537317761073	175.6297453586498	400.0	251.88517896125515	264.0	0.0	256.0	258.0	274.0	286.0	67.07585156683038	4499.169863415462					209616	32274.59332023576	7386.0	6	360.0	1133.5	36306.5	113979.0	51982.366958397964	2702166474.5975447	10413.993	1603.9336262278978	367.223	0.298	17.899	56.36375	1804.75975	5660.7834	2582.9122272574537	6671435.57371606	22377.282	529.4097060412573	26.667	0.0	0.0	0.0	233.333	1728.7997000000005	1306.8263169552536	1707795.022686833	35240	5407.320726915521	1231.5	1	60.0	189.0	6063.0	19083.9	8724.188304950398	76111461.58023329																					59600.0	29800.0	29800.0	0.0	5960.0	14900.0	44700.0	53640.0	17205.471033947313	296028233.5	255	127.5	127.5	0	25.5	63.75	191.25	229.5	74.04503134354572	5482.666666666667	4071	2035.5	2035.5	0	407.1	1017.75	3053.25	3663.9	1175.629476776874	1382104.6666666667	63672	31836.0	31836.0	0	6367.200000000001	15918.0	47754.0	57304.8	18380.95618205611	337859550.1666667											255.0	127.5	127.5	0.0	25.5	63.75	191.25	229.5	74.04503134354572	5482.666666666667	35240.0	345.83098016427687	0.0	0.0	0.0	0.0	0.0	0.0	2572.404635711233	6617265.609828641	306.027	3.0032197477737816	0.0	0.0	0.0	0.0	0.0	0.0	22.33893969462236	499.0282266799746	L628
23052023--s--Lm--st--L628--p--C04--pos001--tm--24--ch--Syto9--z--21	24665.0	12333.0	12333.0	1.0	2467.4	6167.0	18499.0	22198.6	7120.316530885407	50698907.5	256.0	128.5	128.5	1.0	26.5	64.75	192.25	230.5	74.04503134354572	5482.666666666667	2670	1335.5	1335.5	1	267.90000000000003	668.25	2002.75	2403.1	770.9069334232246	594297.5	27335.0	13668.0	13668.0	1.0	2734.4	6834.5	20501.5	24601.6	7891.079140396451	62269130.0																					0.087	0.0253787147780255	0.017	0.017	0.017	0.017	0.035	0.052	0.016460882361559	0.000270960648121	0.087	0.0228997987927565	0.017	0.0	0.017	0.017	0.017	0.052	0.0173568954186425	0.0003012618185736																																																			20099.0	4096.0	138.0	0.0	1.0	3.0	6307.5	16694.0	6490.143222082029	42121959.0431373	23052023_s_Lm_st_L628_p_C04_pos001_tm_24_ch_Syto9_z_21.tif	23052023_s_Lm_st_L628_p_C04_pos001_tm_24_ch_Syto9_z_21.tif	4095	1387.9756554307116	1344.5	10	276.90000000000003	677.25	2012.75	2518.1	850.5637518273795	723458.695922668	4095.0	135.57325772818731	0.0	0.0	0.0	0.0	0.0	0.0	490.3466699188416	240439.85670049736	454.0	275.542469085749	271.0	256.0	258.0	262.0	284.0	300.0	18.206205883723747	331.46593268053715	454.0	248.6283153466252	268.0	0.0	256.0	260.0	282.0	299.0	83.61192302831451	6990.95367249279	378.667	272.00952831948103	269.0	256.0	258.0	262.0	279.0	290.333	13.699766858907672	187.683611988425											378.667	245.44046153283333	267.0	0.0	256.0	259.5	277.0	289.0	81.79677964992955	6690.713161099128	378.0	268.9930265558484	265.0	256.0	257.0	259.0	274.0	287.0	13.1306664560463	172.4144015799395	378.0	242.71860252423636	264.0	0.0	256.0	258.0	273.0	285.0	80.82757983453963	6533.097661908877					1343496	48747.292883895134	821.0	6	6.0	24.0	23382.0	100381.39999999997	159921.00193071642	25574726858.5242	66703.631	2421.3284936329587	40.803	0.298	0.298	1.193	1161.8455	4987.477299999999	7941.418251614648	63066123.84707826	127513.123	2287.8038191011237	6.667	0.0	0.0	0.0	218.00025	1663.7329999999945	12070.393375349016	145694396.23566943	230630	8247.226966292135	137.0	1	1.0	4.0	3907.0	16820.699999999997	27276.298055464074	743996435.6105133																					24664.0	12332.0	12332.0	0.0	2466.4	6166.0	18498.0	22197.6	7120.316530885407	50698907.5	255	127.5	127.5	0	25.5	63.75	191.25	229.5	74.04503134354572	5482.666666666667	2669	1334.5	1334.5	0	266.90000000000003	667.25	2001.75	2402.1	770.9069334232246	594297.5	27334	13667.0	13667.0	0	2733.4	6833.5	20500.5	24600.6	7891.079140396451	62269130.0											255.0	127.5	127.5	0.0	25.5	63.75	191.25	229.5	74.04503134354572	5482.666666666667	230630.0	805.5641485275288	0.0	0.0	0.0	0.0	0.0	0.0	8868.016362904873	78641714.21274856	2002.807	6.995575379550027	0.0	0.0	0.0	0.0	0.0	0.0	77.01046167801518	5930.611207861045	L628
23052023--s--Lm--st--L628--p--C04--pos002--tm--24--ch--Syto9--z--21	33711.0	16856.0	16856.0	1.0	3372.0	8428.5	25283.5	30340.0	9731.671798822646	94705436.0	256.0	128.5	128.5	1.0	26.5	64.75	192.25	230.5	74.04503134354572	5482.666666666667	2248	1124.5	1124.5	1	225.7	562.75	1686.25	2023.3	649.0860240882303	421312.6666666667	35959.0	17980.0	17980.0	1.0	3596.8	8990.5	26969.5	32363.2	10380.613501458702	107757136.66666669																					0.087	0.0251064637655364	0.017	0.017	0.017	0.017	0.035	0.052	0.0160943993840109	0.000259029691532	0.087	0.0235369170444116	0.017	0.0	0.017	0.017	0.017	0.052	0.0167266001285723	0.0002797791518611																																																			26787.0	4096.0	41.0	0.0	0.0	1.0	4492.0	17760.5	7263.739063616873	52761905.18431373	23052023_s_Lm_st_L628_p_C04_pos002_tm_24_ch_Syto9_z_21.tif	23052023_s_Lm_st_L628_p_C04_pos002_tm_24_ch_Syto9_z_21.tif	3606	1163.7669039145908	1132.5	9	233.7	570.75	1694.25	2091.6	706.8361217477573	499617.3030074103	3606.0	72.75363608554187	0.0	0.0	0.0	0.0	0.0	0.0	332.5631679935128	110598.2607058814	548.0	275.3477796564919	270.0	256.0	258.0	262.0	284.0	300.0	17.974058097724182	323.0667645003643	548.0	258.13423621346533	269.0	0.0	256.0	261.0	283.0	299.0	68.89410669748045	4746.397937643821	404.0	271.9425605292041	269.0	256.0	258.0	261.55	279.0	290.0	13.7095558036798	187.95192033421048											404.0	254.9418965488473	268.0	0.0	256.0	260.0	278.0	289.4200000000001	67.16028373037429	4510.503710744378	371.0	268.9992584023019	265.0	256.0	257.0	259.0	274.0	287.0	13.223199704534014	174.85301042598846	371.0	252.1825968464084	264.0	0.0	256.0	258.0	273.0	286.0	66.36948831399714	4404.908979061803					1181592	57947.42170818505	975.0	6	6.0	36.0	32725.5	161172.8	157457.53855659865	24792876448.302757	58678.611	2878.389382117438	48.476	0.298	0.298	1.79	1626.587	8008.496399999999	7819.082551034271	61138051.93988861	113146.48	2573.500698843416	6.667	0.0	0.0	0.0	363.3335	3304.933199999999	11528.41861699638	132904435.80870876	202780	9795.41637010676	162.5	1	1.0	6.0	5470.75	27035.7	26827.83465463557	719732712.2564656																					33710.0	16855.0	16855.0	0.0	3371.0	8427.5	25282.5	30339.0	9731.671798822646	94705436.0	255	127.5	127.5	0	25.5	63.75	191.25	229.5	74.04503134354572	5482.666666666667	2247	1123.5	1123.5	0	224.7	561.75	1685.25	2022.3	649.0860240882303	421312.6666666667	35958	17979.0	17979.0	0	3595.8	8989.5	26968.5	32362.2	10380.613501458702	107757136.66666669											255.0	127.5	127.5	0.0	25.5	63.75	191.25	229.5	74.04503134354572	5482.666666666667	202780.0	612.3667510219973	0.0	0.0	0.0	0.0	0.0	0.0	7113.321248957443	50599339.19086947	1760.955	5.317835924247059	0.0	0.0	0.0	0.0	0.0	0.0	61.77257115913528	3815.850547610432	L628
23052023--s--Lm--st--L628--p--C04--pos003--tm--24--ch--Syto9--z--21	39052.0	19526.5	19526.5	1.0	3906.1	9763.75	29289.25	35146.9	11273.485692839931	127091479.66666669											4079	2040.0	2040.0	1	408.8	1020.5	3059.5	3671.2	1177.6502027342417	1386860.0	43131.0	21566.0	21566.0	1.0	4314.0	10783.5	32348.5	38818.0	12450.991566939558	155027191.0	0.572	0.2417142857142857	0.179	0.005	0.008	0.068	0.421	0.512	0.19689061502701	0.0387659142857142											0.087	0.0234126037078766	0.017	0.017	0.017	0.017	0.017	0.035	0.0137364101413769	0.0001886889635721	0.087	0.0211984187707217	0.017	0.0	0.017	0.017	0.017	0.035	0.0147574421582162	0.000217782099053	0.024	0.0227142857142857	0.023	0.02	0.02	0.023	0.024	0.024	0.0015212776585113	2.3142857142857157e-06											4328.0	1859.619047619048	1396.0	46.0	69.0	545.0	3240.0	3904.0	1484.845462537785	2204766.047619048																															23052023_s_Lm_st_L628_p_C04_pos003_tm_24_ch_Syto9_z_21.tif	23052023_s_Lm_st_L628_p_C04_pos003_tm_24_ch_Syto9_z_21.tif	4095	2055.999754841873	2056.0	16	424.8	1036.5	3075.5	3687.2	1177.650627412539	1386861.000245147	4095.0	194.44072708724585	0.0	0.0	0.0	0.0	0.0	0.0	702.2114153899691	493100.8719039838	477.0	273.6909505275018	269.0	256.0	258.0	262.0	281.0	295.0	15.910131697865491	253.13229064342423	477.0	247.80735433910644	268.0	0.0	256.0	260.0	280.0	294.0	81.50758632767578	6643.48662896352	404.667	271.19717604732153	268.0	256.0	258.0	261.0	277.667	289.0	13.143744358062053	172.75801575008802	272.308	270.98004761904764	271.112	266.659	270.648	270.834	271.52	271.844	1.141134149703274	1.3021871476190137	404.667	245.54942197027663	266.5	0.0	256.0	259.0	276.0	288.0	80.33901115138093	6454.35671278171	382.0	268.9823312506402	265.0	256.0	257.0	259.0	274.0	287.0	12.964643860792936	168.08199043719597	382.0	243.54404024947252	264.0	0.0	256.0	258.0	273.0	285.0	79.67228830732641	6347.673524125741	slice_0021	slice_0001			266556	32204.50894827164	8476.0	12	474.0	1410.0	41568.0	94997.2	51185.499322430864	2619955340.8865705	13241.098	1600.2713792596226	421.578	0.597	23.567	70.103	2066.08	4721.91	2542.754494043448	6465600.416978149	29504.008	573.4726317724933	33.333	0.0	0.0	0.0	260.0	1280.0	1706.3878473007337	2911759.4854156314	45024	5398.168913949497	1414.0	2	79.0	235.0	6941.0	15897.4	8608.564340929464	74107380.01192233	104.226	44.02	32.652	0.973	1.407	12.453	76.75	93.284	35.86156270019476	1286.0516793											39051.0	19525.5	19525.5	0.0	3905.1	9762.75	29288.25	35145.9	11273.485692839931	127091479.66666669	20	10.0	10.0	0	2.0	5.0	15.0	18.0	6.2048368229954285	38.5	4078	2039.0	2039.0	0	407.8	1019.5	3058.5	3670.2	1177.6502027342417	1386860.0	43130	21565.0	21565.0	0	4313.0	10782.5	32347.5	38817.0	12450.991566939558	155027191.0																					45024.0	510.53989010224666	0.0	0.0	0.0	0.0	0.0	0.0	3082.67874675498	9502908.255694851	390.992	4.4335629361712	0.0	0.0	0.0	0.0	0.0	0.0	26.770192365841268	716.643199304146	L628
23052023--s--Lm--st--L628--p--C04--pos004--tm--24--ch--Syto9--z--21	256.0	128.5	128.5	1.0	26.5	64.75	192.25	230.5	74.04503134354572	5482.666666666667	256.0	128.5	128.5	1.0	26.5	64.75	192.25	230.5	74.04503134354572	5482.666666666667	4075	2038.0	2038.0	1	408.4	1019.5	3056.5	3667.6	1176.4955021871808	1384141.6666666667																					0.464	0.2288571428571428	0.249	0.002	0.006	0.018	0.363	0.445	0.1717845411305353	0.0295099285714285																															0.025	0.0227142857142857	0.023	0.019	0.02	0.021	0.024	0.024	0.0016775832957816	2.8142857142857186e-06											3494.0	1761.2380952380952	2003.0	20.0	55.0	157.0	2834.0	3303.0	1302.4275759043917	1696317.5904761902	15262.0	4096.0	936.5	1.0	4.5	41.0	8052.5	13444.5	5223.000655096383	27279735.84313724	11413.0	4096.0	2372.5	7.0	97.0	366.5	8191.25	10452.0	4038.311676926385	16307961.199999992	23052023_s_Lm_st_L628_p_C04_pos004_tm_24_ch_Syto9_z_21.tif	23052023_s_Lm_st_L628_p_C04_pos004_tm_24_ch_Syto9_z_21.tif	4095	2057.999509202454	2058.0	20	428.4	1039.5	3076.5	3687.6	1176.4963521687705	1384143.6666664237																																																			272.1	271.07942857142854	271.188	269.139	270.464	270.832	271.533	271.643	0.6303245649210019	0.3973090571428502																							slice_0021	slice_0001	182190	32242.961963190184	12902.0	12	1086.0	2818.0	46095.0	96445.2	41828.58645561775	1749630644.8750885	9050.543	1602.2006905521473	641.31	0.597	53.995	140.075	2291.4615	4792.965	2077.8007931354105	4317256.135954141	80899.102	483.65969595092025	46.667	0.0	0.0	6.667	296.0	1325.6001999999996	1672.0009167593678	2795587.0656441664	42732	5402.641717791411	2152.0	2	181.0	470.0	7699.5	16133.0	7040.620472196119	49570336.633507095											84.531	41.68938095238095	45.279	0.399	1.094	3.317	66.034	80.953	31.27916908179658	978.3864184476192	255.0	127.5	127.5	0.0	25.5	63.75	191.25	229.5	74.04503134354572	5482.666666666667	255	127.5	127.5	0	25.5	63.75	191.25	229.5	74.04503134354572	5482.666666666667	4074	2037.0	2037.0	0	407.4	1018.5	3055.5	3666.6	1176.4955021871808	1384141.6666666667	20	10.0	10.0	0	2.0	5.0	15.0	18.0	6.2048368229954285	38.5	255.0	127.5	127.5	0.0	25.5	63.75	191.25	229.5	74.04503134354572	5482.666666666667	255.0	127.5	127.5	0.0	25.5	63.75	191.25	229.5	74.04503134354572	5482.666666666667																					L628
23052023--s--Lm--st--L628--p--C04--pos005--tm--24--ch--Syto9--z--21	256.0	128.5	128.5	1.0	26.5	64.75	192.25	230.5	74.04503134354572	5482.666666666667	256.0	128.5	128.5	1.0	26.5	64.75	192.25	230.5	74.04503134354572	5482.666666666667	3585	1793.0	1793.0	1	359.40000000000003	897.0	2689.0	3226.6	1035.044685025724	1071317.5																					0.591	0.2828095238095238	0.235	0.041	0.045	0.167	0.391	0.537	0.1793448128738657	0.0321645619047619																															0.025	0.0237142857142857	0.024	0.021	0.022	0.023	0.024	0.025	0.0011892374507581	1.4142857142857174e-06											4336.0	2125.285714285714	1796.0	358.0	397.0	1260.0	2914.0	4023.0	1305.9607246336752	1705533.4142857145	11413.0	4096.0	2372.5	7.0	97.0	366.5	8191.25	10452.0	4038.311676926385	16307961.199999992	25856.0	4096.0	63.5	0.0	0.0	2.0	3805.25	18108.5	7399.341589681091	54750255.9607843	23052023_s_Lm_st_L628_p_C04_pos005_tm_24_ch_Syto9_z_21.tif	23052023_s_Lm_st_L628_p_C04_pos005_tm_24_ch_Syto9_z_21.tif	4095	1824.52580195258	1802.0	10	368.4	906.0	2698.0	3286.6	1073.0500231034898	1151436.3520824																																																			272.151	271.1357142857143	271.212	268.956	270.625	271.059	271.357	271.733	0.6454851774329997	0.4166511142857111																							slice_0021	slice_0001	522104	36521.689260808926	1080.0	6	12.0	42.0	24262.0	112030.4	86901.58962478906	7551886279.315247	25932.692	1814.6760343096232	53.696	0.298	0.597	2.088	1205.857	5568.1266	4316.999540758856	18636485.034912173	31547.176	1061.7160571827058	6.667	0.0	0.0	0.0	180.0	1748.7998	3930.7564081129194	15450845.939920772	88565	6142.284239888424	180.0	1	2.0	7.0	4050.0	18756.2	14675.004478519835	215355756.44457728											107.561	51.50904761904762	42.865	7.486	8.25	30.394	71.192	97.783	32.64303627494873	1065.567817247619	255.0	127.5	127.5	0.0	25.5	63.75	191.25	229.5	74.04503134354572	5482.666666666667	255	127.5	127.5	0	25.5	63.75	191.25	229.5	74.04503134354572	5482.666666666667	3584	1792.0	1792.0	0	358.40000000000003	896.0	2688.0	3225.6	1035.044685025724	1071317.5	20	10.0	10.0	0	2.0	5.0	15.0	18.0	6.2048368229954285	38.5	255.0	127.5	127.5	0.0	25.5	63.75	191.25	229.5	74.04503134354572	5482.666666666667	255.0	127.5	127.5	0.0	25.5	63.75	191.25	229.5	74.04503134354572	5482.666666666667																					L628
23052023--s--Lm--st--L628--p--C05--pos001--tm--24--ch--Syto9--z--21	256.0	128.5	128.5	1.0	26.5	64.75	192.25	230.5	74.04503134354572	5482.666666666667	256.0	128.5	128.5	1.0	26.5	64.75	192.25	230.5	74.04503134354572	5482.666666666667	4062	2031.5	2031.5	1	407.1	1016.25	3046.75	3655.9	1172.7427254091156	1375325.5																					0.626	0.2894285714285714	0.222	0.02	0.046	0.158	0.44	0.566	0.1909069331974539	0.0364454571428571																															0.024	0.0235238095238095	0.024	0.02	0.022	0.024	0.024	0.024	0.0011233453440081	1.261904761904762e-06											4751.0	2199.190476190476	1710.0	181.0	382.0	1227.0	3299.0	4289.0	1434.2354276424642	2057031.2619047624	25856.0	4096.0	63.5	0.0	0.0	2.0	3805.25	18108.5	7399.341589681091	54750255.9607843	17936.0	4096.0	254.0	0.0	1.0	7.0	7592.75	15583.5	6057.776848407178	36696660.345098	23052023_s_Lm_st_L628_p_C05_pos001_tm_24_ch_Syto9_z_21.tif	23052023_s_Lm_st_L628_p_C05_pos001_tm_24_ch_Syto9_z_21.tif	4095	2041.841211225997	2040.5	10	416.1	1025.25	3055.75	3667.9	1174.8806798203511	1380344.6118151306																																																			272.854	272.2899523809524	272.242	271.382	272.023	272.184	272.593	272.677	0.3346534739383987	0.1119929476190385																							Ch1	Ch1	496924	32279.35745937961	2091.0	6	24.0	138.0	27355.5	89887.8	75370.49012570786	5680710781.789426	24681.388	1603.8548197932053	103.962	0.298	1.193	6.861	1359.71825	4466.8999	3743.907984045824	14016846.993002066	26769.527	791.4225384047267	6.667	0.0	0.0	0.0	175.33325	1171.5997000000016	3090.17138418796	9549159.18365413	84146	5420.990645002462	349.0	1	4.0	23.0	4567.0	15036.0	12711.792587510869	161589670.78789628											114.091	52.71395238095238	40.468	3.647	8.371	28.796	80.171	103.028	34.79223718658544	1210.4997684476189	255.0	127.5	127.5	0.0	25.5	63.75	191.25	229.5	74.04503134354572	5482.666666666667	255	127.5	127.5	0	25.5	63.75	191.25	229.5	74.04503134354572	5482.666666666667	4061	2030.5	2030.5	0	406.1	1015.25	3045.75	3654.9	1172.7427254091156	1375325.5	20	10.0	10.0	0	2.0	5.0	15.0	18.0	6.2048368229954285	38.5	255.0	127.5	127.5	0.0	25.5	63.75	191.25	229.5	74.04503134354572	5482.666666666667	255.0	127.5	127.5	0.0	25.5	63.75	191.25	229.5	74.04503134354572	5482.666666666667																					L628
23052023--s--Lm--st--L628--p--C05--pos002--tm--24--ch--Syto9--z--21	256.0	128.5	128.5	1.0	26.5	64.75	192.25	230.5	74.04503134354572	5482.666666666667	256.0	128.5	128.5	1.0	26.5	64.75	192.25	230.5	74.04503134354572	5482.666666666667	3906	1953.5	1953.5	1	391.5	977.25	2929.75	3515.5	1127.7094040576233	1271728.5																					0.585	0.2338571428571428	0.159	0.019	0.033	0.101	0.358	0.498	0.1833489257438629	0.0336168285714285																															0.025	0.0236666666666666	0.024	0.021	0.021	0.024	0.024	0.025	0.0011972189997378	1.4333333333333284e-06											4397.0	1764.857142857143	1183.0	161.0	278.0	749.0	2647.0	3734.0	1376.0040074692474	1893387.0285714287	17936.0	4096.0	254.0	0.0	1.0	7.0	7592.75	15583.5	6057.776848407178	36696660.345098	18783.0	4096.0	198.0	0.0	0.0	6.0	6700.0	16180.5	6245.838652301884	39010500.470588215	23052023_s_Lm_st_L628_p_C05_pos002_tm_24_ch_Syto9_z_21.tif	23052023_s_Lm_st_L628_p_C05_pos002_tm_24_ch_Syto9_z_21.tif	4095	1968.604710701485	1962.5	10	400.5	986.25	2938.75	3531.5	1137.8496012888595	1294701.7151532169																																																			273.63	272.4590476190476	272.499	270.011	271.913	272.311	272.748	273.344	0.7513527451330614	0.564530947618987																							slice_0021	slice_0001	713836	33512.7808499744	1830.0	6	18.0	96.0	25218.5	81051.0	90499.28814637657	8190121155.000894	35462.011	1665.1018958013312	90.985	0.298	0.895	4.773	1253.8415	4028.2045	4495.330436377747	20207995.732224148	47165.729	994.1142903225808	6.667	0.0	0.0	0.0	166.667	1031.333	4663.872115380111	21751703.108620144	121310	5637.504352278545	305.0	1	3.0	16.0	4212.75	13560.0	15314.543402874342	234535239.6385221											106.623	42.58423809523809	28.953	3.422	5.94	18.306	65.165	90.644	33.4062680479349	1115.9787448904765	255.0	127.5	127.5	0.0	25.5	63.75	191.25	229.5	74.04503134354572	5482.666666666667	255	127.5	127.5	0	25.5	63.75	191.25	229.5	74.04503134354572	5482.666666666667	3905	1952.5	1952.5	0	390.5	976.25	2928.75	3514.5	1127.7094040576233	1271728.5	20	10.0	10.0	0	2.0	5.0	15.0	18.0	6.2048368229954285	38.5	255.0	127.5	127.5	0.0	25.5	63.75	191.25	229.5	74.04503134354572	5482.666666666667	255.0	127.5	127.5	0.0	25.5	63.75	191.25	229.5	74.04503134354572	5482.666666666667																					L628
23052023--s--Lm--st--L628--p--C05--pos003--tm--24--ch--Syto9--z--21	256.0	128.5	128.5	1.0	26.5	64.75	192.25	230.5	74.04503134354572	5482.666666666667	256.0	128.5	128.5	1.0	26.5	64.75	192.25	230.5	74.04503134354572	5482.666666666667	4084	2042.5	2042.5	1	409.3	1021.75	3063.25	3675.7	1179.0935784180435	1390261.6666666667																					0.905	0.417047619047619	0.39	0.009	0.021	0.29	0.617	0.86	0.2905111832942884	0.0843967476190476																															0.025	0.0234285714285714	0.024	0.02	0.021	0.023	0.024	0.025	0.0014687215042828	2.157142857142857e-06											6674.0	3141.619047619048	3037.0	81.0	186.0	2228.0	4666.0	6279.0	2124.785835706518	4514714.847619046	18783.0	4096.0	198.0	0.0	0.0	6.0	6700.0	16180.5	6245.838652301884	39010500.470588215	14729.0	4096.0	843.0	2.0	9.0	47.5	8328.25	13235.5	5195.626758319413	26994537.411764693	23052023_s_Lm_st_L628_p_C05_pos003_tm_24_ch_Syto9_z_21.tif	23052023_s_Lm_st_L628_p_C05_pos003_tm_24_ch_Syto9_z_21.tif	4095	2053.5	2053.5	12	420.3	1032.75	3074.25	3686.7	1179.0935784180435	1390261.6666666667																																																			275.858	272.49438095238094	272.3	271.61	271.752	271.91	272.742	273.039	0.9244260639007628	0.8545635476190572																							slice_0021	slice_0001	296996	32155.91625857003	4900.0	12	162.0	600.0	30678.0	104377.60000000003	60726.7445474537	3687737503.331698	14750.689	1597.8997037218412	243.5415	0.597	8.054	29.831	1524.80875	5186.7494000000015	3017.115871831736	9102988.184058975	11703.588	624.0824813907933	20.0	0.0	0.0	0.0	189.99975	1484.5332000000008	1827.3355303843732	3339155.140605139	50094	5391.733839373163	817.5	2	27.0	100.0	5122.0	17521.70000000002	10208.306601861608	104209523.67761128											164.858	75.94590476190476	71.036	1.719	3.838	52.747	112.285	156.608	52.89542518205593	2797.9260051904766	255.0	127.5	127.5	0.0	25.5	63.75	191.25	229.5	74.04503134354572	5482.666666666667	255	127.5	127.5	0	25.5	63.75	191.25	229.5	74.04503134354572	5482.666666666667	4083	2041.5	2041.5	0	408.3	1020.75	3062.25	3674.7	1179.0935784180435	1390261.6666666667	20	10.0	10.0	0	2.0	5.0	15.0	18.0	6.2048368229954285	38.5	255.0	127.5	127.5	0.0	25.5	63.75	191.25	229.5	74.04503134354572	5482.666666666667	255.0	127.5	127.5	0.0	25.5	63.75	191.25	229.5	74.04503134354572	5482.666666666667																					L628
23052023--s--Lm--st--L628--p--C05--pos004--tm--24--ch--Syto9--z--21	256.0	128.5	128.5	1.0	26.5	64.75	192.25	230.5	74.04503134354572	5482.666666666667	256.0	128.5	128.5	1.0	26.5	64.75	192.25	230.5	74.04503134354572	5482.666666666667	4082	2041.5	2041.5	1	409.1	1021.25	3061.75	3673.9	1178.5162281445257	1388900.5																					0.813	0.3921428571428571	0.406	0.008	0.02	0.212	0.631	0.761	0.2749060358948646	0.0755733285714285																															0.025	0.0234285714285714	0.024	0.02	0.021	0.023	0.024	0.025	0.0013989792196965	1.957142857142856e-06											6016.0	2966.0	3065.0	67.0	161.0	1622.0	4684.0	5582.0	2043.199353954479	4174663.6	14729.0	4096.0	843.0	2.0	9.0	47.5	8328.25	13235.5	5195.626758319413	26994537.411764693	13676.0	4096.0	1335.5	5.0	17.5	86.0	8363.0	12310.5	4842.308376764771	23447950.415686272	23052023_s_Lm_st_L628_p_C05_pos004_tm_24_ch_Syto9_z_21.tif	23052023_s_Lm_st_L628_p_C05_pos004_tm_24_ch_Syto9_z_21.tif	4095	2054.5	2054.5	14	422.1	1034.25	3074.75	3686.9	1178.5162281445257	1388900.5																																																			274.413	272.3599523809524	272.334	270.9	271.548	272.099	272.562	272.909	0.6852386063401927	0.4695519476190496																							slice_0021	slice_0001	273872	32180.83586477217	6179.0	18	276.0	924.0	32515.5	106016.40000000004	57469.05892312333	3302692733.5094204	13604.927	1599.1702824595786	307.262	0.895	13.722	45.94	1616.534	5268.968600000002	2855.3333590307047	8152928.591193567	14265.021	589.3837236648701	20.0	0.0	0.0	0.0	206.667	1490.2670000000005	1676.6885859070492	2811284.61411098	46163	5394.331210191082	1031.0	3	46.0	154.0	5449.75	17744.000000000007	9657.365761310604	93264713.44773434											148.098	71.40204761904762	73.901	1.407	3.613	38.54	114.855	138.546	50.08548522623715	2508.55583034762	255.0	127.5	127.5	0.0	25.5	63.75	191.25	229.5	74.04503134354572	5482.666666666667	255	127.5	127.5	0	25.5	63.75	191.25	229.5	74.04503134354572	5482.666666666667	4081	2040.5	2040.5	0	408.1	1020.25	3060.75	3672.9	1178.5162281445257	1388900.5	20	10.0	10.0	0	2.0	5.0	15.0	18.0	6.2048368229954285	38.5	255.0	127.5	127.5	0.0	25.5	63.75	191.25	229.5	74.04503134354572	5482.666666666667	255.0	127.5	127.5	0.0	25.5	63.75	191.25	229.5	74.04503134354572	5482.666666666667																					L628
23052023--s--Lm--st--L628--p--C05--pos005--tm--24--ch--Syto9--z--21	256.0	128.5	128.5	1.0	26.5	64.75	192.25	230.5	74.04503134354572	5482.666666666667	256.0	128.5	128.5	1.0	26.5	64.75	192.25	230.5	74.04503134354572	5482.666666666667	4085	2043.0	2043.0	1	409.4	1022.0	3064.0	3676.6	1179.3822535548006	1390942.5																					0.816	0.4021904761904761	0.423	0.008	0.021	0.237	0.586	0.773	0.2720234583721814	0.0739967619047619																															0.025	0.0234285714285714	0.024	0.021	0.021	0.023	0.024	0.024	0.0012478553029669	1.5571428571428591e-06											6088.0	3037.4761904761904	3215.0	73.0	178.0	1816.0	4335.0	5733.0	2026.448830319868	4106494.8619047618	13676.0	4096.0	1335.5	5.0	17.5	86.0	8363.0	12310.5	4842.308376764771	23447950.415686272	15083.0	4096.0	830.0	3.0	12.0	57.75	8089.75	13444.5	5249.728043002816	27559644.52549018	23052023_s_Lm_st_L628_p_C05_pos005_tm_24_ch_Syto9_z_21.tif	23052023_s_Lm_st_L628_p_C05_pos005_tm_24_ch_Syto9_z_21.tif	4095	2053.0	2053.0	11	419.4	1032.0	3074.0	3686.6	1179.3822535548006	1390942.5																																																			274.071	272.20476190476194	272.165	270.867	271.651	271.856	272.489	272.877	0.6998874841545424	0.4898424904761748																							slice_0021	slice_0001	339330	32134.683965728276	4966.0	6	192.0	642.0	29650.0	96286.39999999998	63986.76606045096	4094306230.874879	16860.789	1596.8872966952265	246.774	0.298	9.546	31.919	1473.839	4781.9768	3179.0940046352084	10106638.690307526	14394.667	662.5383214198287	20.0	0.0	0.0	0.0	185.333	1314.1334	2106.586055854156	4437704.810719166	57215	5390.361566707466	828.0	1	32.0	107.0	4955.0	16119.399999999994	10765.696410519313	115900219.2034684											148.602	73.26538095238095	76.993	1.528	3.821	43.09	106.658	140.856	49.54059177732558	2454.2702336476186	255.0	127.5	127.5	0.0	25.5	63.75	191.25	229.5	74.04503134354572	5482.666666666667	255	127.5	127.5	0	25.5	63.75	191.25	229.5	74.04503134354572	5482.666666666667	4084	2042.0	2042.0	0	408.4	1021.0	3063.0	3675.6	1179.3822535548006	1390942.5	20	10.0	10.0	0	2.0	5.0	15.0	18.0	6.2048368229954285	38.5	255.0	127.5	127.5	0.0	25.5	63.75	191.25	229.5	74.04503134354572	5482.666666666667	255.0	127.5	127.5	0.0	25.5	63.75	191.25	229.5	74.04503134354572	5482.666666666667																					L628
23052023--s--Lm--st--L628--p--C06--pos001--tm--24--ch--Syto9--z--21	256.0	128.5	128.5	1.0	26.5	64.75	192.25	230.5	74.04503134354572	5482.666666666667	256.0	128.5	128.5	1.0	26.5	64.75	192.25	230.5	74.04503134354572	5482.666666666667	4083	2042.0	2042.0	1	409.2000000000001	1021.5	3062.5	3674.8	1178.804903281285	1389581.0																					0.681	0.2902380952380952	0.237	0.025	0.077	0.128	0.44	0.596	0.2033285284365932	0.0413424904761904																															0.025	0.0236666666666666	0.024	0.021	0.022	0.024	0.024	0.024	0.0010645812948447	1.1333333333333362e-06											5089.0	2198.809523809524	1797.0	216.0	627.0	963.0	3288.0	4504.0	1518.2231923879845	2305001.661904763	15083.0	4096.0	830.0	3.0	12.0	57.75	8089.75	13444.5	5249.728043002816	27559644.52549018	16444.0	4096.0	443.5	1.0	7.0	27.25	7647.0	14827.0	5739.62576903995	32943303.96862743	23052023_s_Lm_st_L628_p_C06_pos001_tm_24_ch_Syto9_z_21.tif	23052023_s_Lm_st_L628_p_C06_pos001_tm_24_ch_Syto9_z_21.tif	4095	2051.16850355131	2051.0	10	418.2000000000001	1030.5	3071.5	3683.8	1179.0771233593616	1390222.8628293872																																																			272.793	272.13038095238096	272.105	271.655	271.743	271.877	272.37	272.606	0.33748932963732	0.1138990476190476																							slice_0021	slice_0001	562974	32091.689933872152	2296.0	6	36.0	156.0	22430.0	81472.0000000001	81802.60233659808	6691665749.039602	27966.802	1594.4645635562088	114.122	0.298	1.79	7.756	1114.6425	4049.531000000005	4063.304691894092	16510445.019168545	31486.764	854.447216997306	6.667	0.0	0.0	0.0	140.0	1022.933400000001	3569.3236259684254	12740071.146896388	95398	5393.1060494734265	383.0	1	6.0	26.0	3746.0	13631.200000000015	13809.007499448117	190688688.1198143											124.113	52.85871428571428	43.073	4.637	13.964	23.291	80.154	108.533	37.052742472242	1372.905724714286	255.0	127.5	127.5	0.0	25.5	63.75	191.25	229.5	74.04503134354572	5482.666666666667	255	127.5	127.5	0	25.5	63.75	191.25	229.5	74.04503134354572	5482.666666666667	4082	2041.0	2041.0	0	408.2000000000001	1020.5	3061.5	3673.8	1178.804903281285	1389581.0	20	10.0	10.0	0	2.0	5.0	15.0	18.0	6.2048368229954285	38.5	255.0	127.5	127.5	0.0	25.5	63.75	191.25	229.5	74.04503134354572	5482.666666666667	255.0	127.5	127.5	0.0	25.5	63.75	191.25	229.5	74.04503134354572	5482.666666666667																					L628
23052023--s--Lm--st--L628--p--C06--pos002--tm--24--ch--Syto9--z--21	256.0	128.5	128.5	1.0	26.5	64.75	192.25	230.5	74.04503134354572	5482.666666666667	256.0	128.5	128.5	1.0	26.5	64.75	192.25	230.5	74.04503134354572	5482.666666666667	3977	1989.0	1989.0	1	398.6	995.0	2983.0	3579.4	1148.2053387787396	1318375.5																					0.592	0.2417619047619047	0.188	0.031	0.036	0.115	0.364	0.564	0.1837778291203552	0.0337742904761904																															0.025	0.0234761904761904	0.024	0.021	0.021	0.023	0.024	0.025	0.0013273676061682	1.7619047619047585e-06											4414.0	1822.6666666666667	1409.0	273.0	307.0	828.0	2772.0	4237.0	1369.0476738716347	1874291.5333333337	16444.0	4096.0	443.5	1.0	7.0	27.25	7647.0	14827.0	5739.62576903995	32943303.96862743	21440.0	4096.0	119.0	0.0	0.0	3.0	5648.5	17018.0	6724.430925991538	45217971.27843141	23052023_s_Lm_st_L628_p_C06_pos002_tm_24_ch_Syto9_z_21.tif	23052023_s_Lm_st_L628_p_C06_pos002_tm_24_ch_Syto9_z_21.tif	4095	2003.9155142066884	1998.0	10	407.6	1004.0	2992.0	3602.4	1157.7520914838394	1340389.9053352044																																																			273.382	272.261	272.375	269.783	271.979	272.057	272.521	272.853	0.7196212892904248	0.5178548000000133																							slice_0021	slice_0001	554596	32946.71058586874	1222.0	6	18.0	60.0	25354.0	93050.0	80575.67971356376	6492440161.30281	27550.517	1637.082832788534	60.724	0.298	0.895	2.983	1260.538	4624.8714	4002.466923960111	16019741.47739471	32572.291	878.5807578576816	6.667	0.0	0.0	0.0	186.667	1237.8670000000006	3609.642956951697	13029522.276670992	94043	5536.85692733216	204.0	1	3.0	10.0	4232.0	15573.800000000005	13604.890731749165	185093051.82283425											107.839	44.020809523809525	34.25	5.61	6.478	20.859	66.277	102.75	33.48670448942244	1121.3593775619047	255.0	127.5	127.5	0.0	25.5	63.75	191.25	229.5	74.04503134354572	5482.666666666667	255	127.5	127.5	0	25.5	63.75	191.25	229.5	74.04503134354572	5482.666666666667	3976	1988.0	1988.0	0	397.6	994.0	2982.0	3578.4	1148.2053387787396	1318375.5	20	10.0	10.0	0	2.0	5.0	15.0	18.0	6.2048368229954285	38.5	255.0	127.5	127.5	0.0	25.5	63.75	191.25	229.5	74.04503134354572	5482.666666666667	255.0	127.5	127.5	0.0	25.5	63.75	191.25	229.5	74.04503134354572	5482.666666666667																					L628
23052023--s--Lm--st--L628--p--C06--pos003--tm--24--ch--Syto9--z--21	256.0	128.5	128.5	1.0	26.5	64.75	192.25	230.5	74.04503134354572	5482.666666666667	256.0	128.5	128.5	1.0	26.5	64.75	192.25	230.5	74.04503134354572	5482.666666666667	4083	2042.0	2042.0	1	409.2000000000001	1021.5	3062.5	3674.8	1178.804903281285	1389581.0																					1.037	0.4721428571428571	0.45	0.014	0.028	0.202	0.697	0.921	0.3418244119009474	0.1168439285714285																															0.025	0.0235714285714285	0.024	0.021	0.022	0.023	0.024	0.025	0.0012071217242444	1.4571428571428592e-06											7500.0	3552.7619047619046	3466.0	126.0	225.0	1596.0	5278.0	6871.0	2508.547047690394	6292808.29047619	21440.0	4096.0	119.0	0.0	0.0	3.0	5648.5	17018.0	6724.430925991538	45217971.27843141	15410.0	4096.0	703.0	2.0	12.0	45.25	8049.0	13793.5	5392.082273765751	29074551.24705883	23052023_s_Lm_st_L628_p_C06_pos003_tm_24_ch_Syto9_z_21.tif	23052023_s_Lm_st_L628_p_C06_pos003_tm_24_ch_Syto9_z_21.tif	4095	2054.0	2054.0	13	421.2000000000001	1033.5	3074.5	3686.8	1178.804903281285	1389581.0																																																			273.363	272.24161904761905	272.176	270.796	271.874	271.939	272.51	272.912	0.5350010725401002	0.2862261476190576																							slice_0021	slice_0001	289640	32161.881949546903	4324.0	42	156.0	518.0	29997.0	105542.00000000004	61966.49704370499	3839846755.8674994	14388.548	1598.243747244673	214.952	2.088	7.756	25.7865	1491.366	5245.220600000002	3078.822594132855	9479148.566142963	10998.667	627.2241111927505	13.333	0.0	0.0	0.0	189.333	1484.266600000003	1819.767320704492	3311553.101504005	48775	5393.006367866765	721.0	7	26.0	86.5	5020.0	17672.600000000002	10414.741624651058	108466843.10823938											188.774	85.99966666666667	81.926	2.64	5.176	36.716	126.996	167.811	62.239983206403046	3873.8155095333336	255.0	127.5	127.5	0.0	25.5	63.75	191.25	229.5	74.04503134354572	5482.666666666667	255	127.5	127.5	0	25.5	63.75	191.25	229.5	74.04503134354572	5482.666666666667	4082	2041.0	2041.0	0	408.2000000000001	1020.5	3061.5	3673.8	1178.804903281285	1389581.0	20	10.0	10.0	0	2.0	5.0	15.0	18.0	6.2048368229954285	38.5	255.0	127.5	127.5	0.0	25.5	63.75	191.25	229.5	74.04503134354572	5482.666666666667	255.0	127.5	127.5	0.0	25.5	63.75	191.25	229.5	74.04503134354572	5482.666666666667																					L628
23052023--s--Lm--st--L628--p--C06--pos004--tm--24--ch--Syto9--z--21	256.0	128.5	128.5	1.0	26.5	64.75	192.25	230.5	74.04503134354572	5482.666666666667	256.0	128.5	128.5	1.0	26.5	64.75	192.25	230.5	74.04503134354572	5482.666666666667	4076	2038.5	2038.5	1	408.5	1019.75	3057.25	3668.5	1176.7841773239477	1384821.0																					0.991	0.4929047619047618	0.51	0.008	0.016	0.125	0.795	0.92	0.3422534009709626	0.1171373904761904																															0.025	0.0234761904761904	0.024	0.02	0.022	0.023	0.024	0.025	0.0013645163106041	1.8619047619047664e-06											7220.0	3686.5238095238096	3934.0	70.0	134.0	980.0	5962.0	6739.0	2505.257524069085	6276315.261904762	15410.0	4096.0	703.0	2.0	12.0	45.25	8049.0	13793.5	5392.082273765751	29074551.24705883	15099.0	4096.0	793.0	2.0	10.0	52.0	8204.25	13517.5	5284.8700386566015	27929851.32549023	23052023_s_Lm_st_L628_p_C06_pos004_tm_24_ch_Syto9_z_21.tif	23052023_s_Lm_st_L628_p_C06_pos004_tm_24_ch_Syto9_z_21.tif	4095	2057.498773307164	2057.5	17	427.5	1038.75	3076.25	3687.5	1176.786302276462	1384826.0012255087																																																			274.535	272.4757619047619	272.229	271.43	271.771	271.925	272.979	273.315	0.730250635382274	0.5332659904762149																							slice_0021	slice_0001	253666	32239.623159960745	5567.0	6	270.0	828.0	33595.5	108502.0	57011.61219648999	3250323925.242966	12603.199	1602.1979045632972	276.67150000000004	0.298	13.424	41.167	1670.20625	5391.4015	2832.938314786993	8025539.495388169	17643.577	550.8001229146222	20.0	0.0	0.0	0.0	206.667	1521.3335	1461.934855102857	2137253.5205646115	42650	5402.222276741903	929.5	1	45.0	138.0	5613.5	18153.0	9571.14118988512	91606743.67671555											180.524	89.79076190476191	92.85	1.546	2.831	22.77	144.868	167.516	62.32967690105955	3884.988622590477	255.0	127.5	127.5	0.0	25.5	63.75	191.25	229.5	74.04503134354572	5482.666666666667	255	127.5	127.5	0	25.5	63.75	191.25	229.5	74.04503134354572	5482.666666666667	4075	2037.5	2037.5	0	407.5	1018.75	3056.25	3667.5	1176.7841773239477	1384821.0	20	10.0	10.0	0	2.0	5.0	15.0	18.0	6.2048368229954285	38.5	255.0	127.5	127.5	0.0	25.5	63.75	191.25	229.5	74.04503134354572	5482.666666666667	255.0	127.5	127.5	0.0	25.5	63.75	191.25	229.5	74.04503134354572	5482.666666666667																					L628
23052023--s--Lm--st--L628--p--C06--pos005--tm--24--ch--Syto9--z--21	256.0	128.5	128.5	1.0	26.5	64.75	192.25	230.5	74.04503134354572	5482.666666666667	256.0	128.5	128.5	1.0	26.5	64.75	192.25	230.5	74.04503134354572	5482.666666666667	4079	2040.0	2040.0	1	408.8	1020.5	3059.5	3671.2	1177.6502027342417	1386860.0																					0.723	0.2754285714285714	0.199	0.027	0.04	0.129	0.412	0.593	0.2170213287740565	0.0470982571428571																															0.025	0.0236666666666666	0.024	0.021	0.022	0.024	0.024	0.025	0.0011105554165971	1.2333333333333356e-06											5327.0	2091.190476190476	1504.0	231.0	337.0	948.0	3146.0	4486.0	1620.5254894338325	2626102.861904762	15099.0	4096.0	793.0	2.0	10.0	52.0	8204.25	13517.5	5284.8700386566015	27929851.32549023	18290.0	4096.0	299.5	0.0	4.5	21.0	6718.0	16003.0	6143.718952288259	37745282.564705946	23052023_s_Lm_st_L628_p_C06_pos005_tm_24_ch_Syto9_z_21.tif	23052023_s_Lm_st_L628_p_C06_pos005_tm_24_ch_Syto9_z_21.tif	4095	2049.27139004658	2049.0	10	417.8	1029.5	3068.5	3680.2	1178.093444071813	1387904.1629649869																																																			273.148	272.19766666666663	272.163	270.985	271.588	271.881	272.654	272.873	0.5663262605012539	0.3207254333333341																							slice_0021	slice_0001	512406	32130.01618043638	1702.0	6	36.0	126.0	22562.0	92230.40000000004	77895.15842686857	6067655706.346953	25448.352	1596.4220607992156	84.589	0.298	1.79	6.265	1121.545	4584.102400000002	3869.246859139149	14971071.25695817	29142.352	832.9913353763178	6.667	0.0	0.0	0.0	140.0	1166.4000000000033	3333.1099099430007	11109621.67176024	86820	5398.383182152488	284.0	1	6.0	21.0	3767.5	15432.600000000006	13143.955252893447	172763559.69006526											131.581	50.15019047619048	36.178	4.95	7.347	23.464	75.048	108.03	39.52616157764253	1562.3174490619049	255.0	127.5	127.5	0.0	25.5	63.75	191.25	229.5	74.04503134354572	5482.666666666667	255	127.5	127.5	0	25.5	63.75	191.25	229.5	74.04503134354572	5482.666666666667	4078	2039.0	2039.0	0	407.8	1019.5	3058.5	3670.2	1177.6502027342417	1386860.0	20	10.0	10.0	0	2.0	5.0	15.0	18.0	6.2048368229954285	38.5	255.0	127.5	127.5	0.0	25.5	63.75	191.25	229.5	74.04503134354572	5482.666666666667	255.0	127.5	127.5	0.0	25.5	63.75	191.25	229.5	74.04503134354572	5482.666666666667																					L628
23052023--s--Lm--st--L628--p--C08--pos001--tm--24--ch--Syto9--z--21	256.0	128.5	128.5	1.0	26.5	64.75	192.25	230.5	74.04503134354572	5482.666666666667	256.0	128.5	128.5	1.0	26.5	64.75	192.25	230.5	74.04503134354572	5482.666666666667	4084	2042.5	2042.5	1	409.3	1021.75	3063.25	3675.7	1179.0935784180435	1390261.6666666667																					0.692	0.3532380952380952	0.329	0.01	0.03	0.196	0.55	0.633	0.2252394070232615	0.0507327904761904																															0.025	0.0234285714285714	0.024	0.02	0.022	0.023	0.024	0.024	0.0012873006086935	1.6571428571428618e-06											5206.0	2691.1428571428573	2544.0	94.0	276.0	1535.0	4197.0	4814.0	1681.4838472526071	2827387.9285714286	18290.0	4096.0	299.5	0.0	4.5	21.0	6718.0	16003.0	6143.718952288259	37745282.564705946	11374.0	4096.0	2098.5	5.0	46.0	214.5	8510.0	10667.5	4216.0419045802255	17775009.341176454	23052023_s_Lm_st_L628_p_C08_pos001_tm_24_ch_Syto9_z_21.tif	23052023_s_Lm_st_L628_p_C08_pos001_tm_24_ch_Syto9_z_21.tif	4095	2053.5	2053.5	12	420.3	1032.75	3074.25	3686.7	1179.0935784180435	1390261.6666666667																																																			272.735	272.1537619047619	272.233	270.688	271.731	272.027	272.362	272.699	0.450040765349309	0.2025366904761918																							Ch1	Ch1	334318	32142.38393731636	6210.0	6	300.0	1007.5	28539.0	97565.40000000004	62424.32485654318	3896796333.795234	16607.878	1597.1434899608228	308.8025	0.298	14.916	50.084	1417.1715	4848.562400000002	3101.1363385688355	9617046.590392124	15437.333	659.6379123408424	20.0	0.0	0.0	0.0	166.667	1333.6094000000037	2118.259521704679	4487023.401292536	56430	5391.67556317336	1036.0	1	50.0	168.0	4772.0	16331.000000000007	10505.022095727443	110355489.23172183											125.988	64.32161904761904	59.903	1.841	5.436	35.657	100.11	115.307	41.01130717921119	1681.9273165476193	255.0	127.5	127.5	0.0	25.5	63.75	191.25	229.5	74.04503134354572	5482.666666666667	255	127.5	127.5	0	25.5	63.75	191.25	229.5	74.04503134354572	5482.666666666667	4083	2041.5	2041.5	0	408.3	1020.75	3062.25	3674.7	1179.0935784180435	1390261.6666666667	20	10.0	10.0	0	2.0	5.0	15.0	18.0	6.2048368229954285	38.5	255.0	127.5	127.5	0.0	25.5	63.75	191.25	229.5	74.04503134354572	5482.666666666667	255.0	127.5	127.5	0.0	25.5	63.75	191.25	229.5	74.04503134354572	5482.666666666667																					L628
23052023--s--Lm--st--L628--p--C08--pos002--tm--24--ch--Syto9--z--21	256.0	128.5	128.5	1.0	26.5	64.75	192.25	230.5	74.04503134354572	5482.666666666667	256.0	128.5	128.5	1.0	26.5	64.75	192.25	230.5	74.04503134354572	5482.666666666667	3803	1902.0	1902.0	1	381.2000000000001	951.5	2852.5	3422.8	1097.9758649442165	1205551.0																					0.579	0.2734285714285714	0.254	0.02	0.038	0.126	0.45	0.541	0.1823141715359975	0.0332384571428571																															0.025	0.0236190476190476	0.024	0.021	0.021	0.024	0.024	0.025	0.0012031704150364	1.4476190476190507e-06											4309.0	2067.7619047619046	1915.0	174.0	326.0	956.0	3375.0	4047.0	1358.41171611415	1845282.39047619	11374.0	4096.0	2098.5	5.0	46.0	214.5	8510.0	10667.5	4216.0419045802255	17775009.341176454	18107.0	4096.0	254.0	0.0	1.0	6.0	7016.0	15478.5	6070.506522135869	36851049.43529412	23052023_s_Lm_st_L628_p_C08_pos002_tm_24_ch_Syto9_z_21.tif	23052023_s_Lm_st_L628_p_C08_pos002_tm_24_ch_Syto9_z_21.tif	4095	1921.6602682093085	1911.0	10	390.2000000000001	960.5	2861.5	3444.8	1115.869857058743	1245165.5378922997																																																			273.279	272.1594761904762	272.153	270.548	271.811	272.066	272.381	272.859	0.6122549811187692	0.3748561619047444																							slice_0021	slice_0001	527186	34449.835393110705	2062.0	6	12.0	90.0	27753.0	100704.80000000006	80235.81857847335	6437786582.957688	26185.46	1711.727023139627	102.488	0.298	0.597	4.475	1379.4575	5004.662400000003	3985.564801925325	15884726.790346054	32766.861	932.1197467788588	6.667	0.0	0.0	0.0	196.0	1447.7334000000003	3666.218851510999	13441160.667174626	89435	5790.189324217723	344.0	1	2.0	15.0	4637.0	16859.00000000001	13550.306297899042	183610800.7668824											105.494	49.78866666666666	46.217	3.613	6.895	23.03	81.978	98.495	33.20123311163808	1102.321880133333	255.0	127.5	127.5	0.0	25.5	63.75	191.25	229.5	74.04503134354572	5482.666666666667	255	127.5	127.5	0	25.5	63.75	191.25	229.5	74.04503134354572	5482.666666666667	3802	1901.0	1901.0	0	380.2000000000001	950.5	2851.5	3421.8	1097.9758649442165	1205551.0	20	10.0	10.0	0	2.0	5.0	15.0	18.0	6.2048368229954285	38.5	255.0	127.5	127.5	0.0	25.5	63.75	191.25	229.5	74.04503134354572	5482.666666666667	255.0	127.5	127.5	0.0	25.5	63.75	191.25	229.5	74.04503134354572	5482.666666666667																					L628
23052023--s--Lm--st--L628--p--C08--pos003--tm--24--ch--Syto9--z--21	256.0	128.5	128.5	1.0	26.5	64.75	192.25	230.5	74.04503134354572	5482.666666666667	256.0	128.5	128.5	1.0	26.5	64.75	192.25	230.5	74.04503134354572	5482.666666666667	4083	2042.0	2042.0	1	409.2000000000001	1021.5	3062.5	3674.8	1178.804903281285	1389581.0																					0.796	0.3767142857142856	0.366	0.009	0.019	0.218	0.596	0.715	0.2574605101480891	0.0662859142857142																															0.025	0.0231904761904761	0.024	0.02	0.021	0.023	0.024	0.024	0.0013645163106041	1.86190476190476e-06											5847.0	2864.0	2876.0	80.0	170.0	1679.0	4491.0	5371.0	1906.3281459392028	3634086.999999999	18107.0	4096.0	254.0	0.0	1.0	6.0	7016.0	15478.5	6070.506522135869	36851049.43529412	13140.0	4096.0	1420.5	4.0	30.0	121.25	8434.25	11958.0	4708.7491465876765	22172318.52549017	23052023_s_Lm_st_L628_p_C08_pos003_tm_24_ch_Syto9_z_21.tif	23052023_s_Lm_st_L628_p_C08_pos003_tm_24_ch_Syto9_z_21.tif	4095	2053.9992652461424	2054.0	12	421.2000000000001	1033.5	3074.5	3686.8	1178.806175443853	1389583.999264564																																																			273.49	272.31309523809523	272.394	271.707	271.772	271.869	272.584	272.963	0.4824896791395599	0.2327962904761954																							slice_0021	slice_0001	274110	32172.37668381092	5968.0	6	264.0	858.0	32613.0	105948.0	57608.25629170089	3318711192.970295	13617.353	1598.6901026206222	296.689	0.298	13.126	42.659	1621.285	5265.3544	2862.105302351032	8191646.76174589	15237.244	590.0911942199363	20.0	0.0	0.0	0.0	200.0	1499.7334000000003	1681.2186733744566	2826496.227702968	46178	5392.987754102376	995.0	1	44.0	143.0	5463.5	17732.0	9680.576045089922	93713552.56476884											144.902	68.60904761904762	66.746	1.702	3.456	39.651	108.586	130.139	46.8914808984278	2198.8109808476192	255.0	127.5	127.5	0.0	25.5	63.75	191.25	229.5	74.04503134354572	5482.666666666667	255	127.5	127.5	0	25.5	63.75	191.25	229.5	74.04503134354572	5482.666666666667	4082	2041.0	2041.0	0	408.2000000000001	1020.5	3061.5	3673.8	1178.804903281285	1389581.0	20	10.0	10.0	0	2.0	5.0	15.0	18.0	6.2048368229954285	38.5	255.0	127.5	127.5	0.0	25.5	63.75	191.25	229.5	74.04503134354572	5482.666666666667	255.0	127.5	127.5	0.0	25.5	63.75	191.25	229.5	74.04503134354572	5482.666666666667																					L628
23052023--s--Lm--st--L628--p--C08--pos004--tm--24--ch--Syto9--z--21	256.0	128.5	128.5	1.0	26.5	64.75	192.25	230.5	74.04503134354572	5482.666666666667	256.0	128.5	128.5	1.0	26.5	64.75	192.25	230.5	74.04503134354572	5482.666666666667	4081	2041.0	2041.0	1	409.0	1021.0	3061.0	3673.0	1178.2275530077654	1388220.1666666667																					0.727	0.3920476190476191	0.482	0.003	0.009	0.082	0.64	0.701	0.2765166317223028	0.0764614476190476																															0.025	0.0234285714285714	0.024	0.019	0.02	0.023	0.025	0.025	0.0020142350550873	4.0571428571428525e-06											5276.0	2899.7619047619046	3673.0	32.0	82.0	651.0	4736.0	5080.0	2018.5495759272767	4074542.3904761914	13140.0	4096.0	1420.5	4.0	30.0	121.25	8434.25	11958.0	4708.7491465876765	22172318.52549017	8498.0	4096.0	3813.0	4.0	405.5	1064.0	7282.5	8062.0	2987.530840927037	8925340.525490208	23052023_s_Lm_st_L628_p_C08_pos004_tm_24_ch_Syto9_z_21.tif	23052023_s_Lm_st_L628_p_C08_pos004_tm_24_ch_Syto9_z_21.tif	4095	2054.99975496202	2055.0	14	423.0	1035.0	3075.0	3687.0	1178.227977477913	1388221.1669116935																																																			273.992	272.60480952380954	272.537	271.569	272.183	272.314	272.753	273.113	0.4855885726669879	0.2357962619047626																							slice_0021	slice_0001	199040	32154.868414604265	10516.0	6	1450.0	3084.0	34364.0	105828.0	48501.35892570207	2352381817.63978	9887.714	1597.915127174712	522.907	0.298	72.06	153.333	1708.375	5258.728	2409.6465349337022	5806396.423317998	113275.211	534.9959328595932	33.333	0.0	0.0	6.667	220.0	1597.333	2152.8016738390143	4634555.046884062	63692	5393.141386914972	1753.0	1	242.0	514.0	5753.0	17708.0	8183.231584678848	66965279.168485485											132.415	71.38390476190476	87.848	0.608	1.598	15.006	116.627	127.586	50.355797505257286	2535.706342390476	255.0	127.5	127.5	0.0	25.5	63.75	191.25	229.5	74.04503134354572	5482.666666666667	255	127.5	127.5	0	25.5	63.75	191.25	229.5	74.04503134354572	5482.666666666667	4080	2040.0	2040.0	0	408.0	1020.0	3060.0	3672.0	1178.2275530077654	1388220.1666666667	20	10.0	10.0	0	2.0	5.0	15.0	18.0	6.2048368229954285	38.5	255.0	127.5	127.5	0.0	25.5	63.75	191.25	229.5	74.04503134354572	5482.666666666667	255.0	127.5	127.5	0.0	25.5	63.75	191.25	229.5	74.04503134354572	5482.666666666667																					L628
23052023--s--Lm--st--L628--p--C08--pos005--tm--24--ch--Syto9--z--21	256.0	128.5	128.5	1.0	26.5	64.75	192.25	230.5	74.04503134354572	5482.666666666667	256.0	128.5	128.5	1.0	26.5	64.75	192.25	230.5	74.04503134354572	5482.666666666667	4074	2037.5	2037.5	1	408.3	1019.25	3055.75	3666.7	1176.206827050413	1383462.5																					0.929	0.547	0.602	0.017	0.074	0.405	0.784	0.898	0.3023425209923341	0.091411																															0.025	0.0239047619047619	0.024	0.022	0.022	0.023	0.025	0.025	0.0010442586798663	1.0904761904761928e-06											6807.0	4071.571428571429	4446.0	142.0	606.0	3147.0	5852.0	6576.0	2195.7027706734025	4821110.657142857	8498.0	4096.0	3813.0	4.0	405.5	1064.0	7282.5	8062.0	2987.530840927037	8925340.525490208	12602.0	4096.0	1812.5	4.0	47.0	183.25	8161.5	11471.5	4462.830512174102	19916856.18039216	23052023_s_Lm_st_L628_p_C08_pos005_tm_24_ch_Syto9_z_21.tif	23052023_s_Lm_st_L628_p_C08_pos005_tm_24_ch_Syto9_z_21.tif	4095	2058.4990181639664	2058.5	20	429.3	1040.25	3076.75	3687.7	1176.2085278474678	1383466.5009811074																																																			273.578	272.3484761904762	272.383	271.224	271.498	272.203	272.587	272.894	0.5496993377335997	0.3021693619047581																							slice_0021	slice_0001	274472	32248.61708394698	4743.0	6	204.0	690.0	27244.5	112482.20000000011	61492.54453051917	3781333032.8378825	13638.587	1602.63782670594	235.816	0.298	10.143	34.306	1353.8355	5589.648500000006	3055.6989432557066	9337296.031814042	11726.481	579.9602393225332	13.333	0.0	0.0	0.0	164.66649999999998	1620.1330000000012	1576.8846514140705	2486565.203865275	46158	5404.946980854197	791.0	1	34.0	115.0	4557.5	18823.00000000002	10324.762532330593	106600721.3490176											169.27	99.61695238095238	109.715	3.074	13.46	73.762	142.783	163.469	55.07865028436715	3033.657717147618	255.0	127.5	127.5	0.0	25.5	63.75	191.25	229.5	74.04503134354572	5482.666666666667	255	127.5	127.5	0	25.5	63.75	191.25	229.5	74.04503134354572	5482.666666666667	4073	2036.5	2036.5	0	407.3	1018.25	3054.75	3665.7	1176.206827050413	1383462.5	20	10.0	10.0	0	2.0	5.0	15.0	18.0	6.2048368229954285	38.5	255.0	127.5	127.5	0.0	25.5	63.75	191.25	229.5	74.04503134354572	5482.666666666667	255.0	127.5	127.5	0.0	25.5	63.75	191.25	229.5	74.04503134354572	5482.666666666667																					L628
23052023--s--Lm--st--L628--p--C09--pos001--tm--24--ch--Syto9--z--21	256.0	128.5	128.5	1.0	26.5	64.75	192.25	230.5	74.04503134354572	5482.666666666667	256.0	128.5	128.5	1.0	26.5	64.75	192.25	230.5	74.04503134354572	5482.666666666667	3877	1939.0	1939.0	1	388.6	970.0	2908.0	3489.4	1119.3378250852898	1252917.1666666667																					0.474	0.181	0.135	0.033	0.064	0.074	0.264	0.357	0.1344778792218259	0.0180842999999999																															0.025	0.0242380952380952	0.024	0.022	0.024	0.024	0.025	0.025	0.0008890872794479	7.904761904761926e-07											3523.0	1360.0	1020.0	280.0	472.0	541.0	2002.0	2739.0	1009.5725333030808	1019236.7000000002	12602.0	4096.0	1812.5	4.0	47.0	183.25	8161.5	11471.5	4462.830512174102	19916856.18039216	19121.0	4096.0	150.5	0.0	1.0	7.0	6306.75	16732.0	6420.383776324753	41221327.83529409	23052023_s_Lm_st_L628_p_C09_pos001_tm_24_ch_Syto9_z_21.tif	23052023_s_Lm_st_L628_p_C09_pos001_tm_24_ch_Syto9_z_21.tif	4095	1961.139025019345	1948.0	10	397.6	979.0	2917.0	3536.4	1140.471782194463	1300675.8859818145																																																			273.304	272.5698571428572	272.71	271.278	271.829	272.313	273.02	273.192	0.544014640034096	0.2959519285714271																							slice_0021	slice_0001	922026	33719.69254578282	1228.0	6	12.0	48.0	19050.0	70266.0	107801.7732867946	11621222323.777464	45794.364	1675.2422878514317	60.856	0.298	0.597	2.387	947.143	3492.7056	5354.453732915422	28670174.77793189	64760.081	1135.935200928553	6.667	0.0	0.0	0.0	120.0	848.0	6009.937958652967	36119354.26685779	156975	5679.669331957699	205.0	1	2.0	8.0	3182.0	11749.8	18270.409903144377	333807878.0289161											86.389	32.96223809523809	24.559	6.027	11.637	13.408	48.04	65.061	24.510812399642653	600.7799244904761	255.0	127.5	127.5	0.0	25.5	63.75	191.25	229.5	74.04503134354572	5482.666666666667	255	127.5	127.5	0	25.5	63.75	191.25	229.5	74.04503134354572	5482.666666666667	3876	1938.0	1938.0	0	387.6	969.0	2907.0	3488.4	1119.3378250852898	1252917.1666666667	20	10.0	10.0	0	2.0	5.0	15.0	18.0	6.2048368229954285	38.5	255.0	127.5	127.5	0.0	25.5	63.75	191.25	229.5	74.04503134354572	5482.666666666667	255.0	127.5	127.5	0.0	25.5	63.75	191.25	229.5	74.04503134354572	5482.666666666667																					L628
23052023--s--Lm--st--L628--p--C09--pos002--tm--24--ch--Syto9--z--21	256.0	128.5	128.5	1.0	26.5	64.75	192.25	230.5	74.04503134354572	5482.666666666667	256.0	128.5	128.5	1.0	26.5	64.75	192.25	230.5	74.04503134354572	5482.666666666667	3354	1677.5	1677.5	1	336.3	839.25	2515.75	3018.7000000000003	968.3607282412892	937722.5																					0.464	0.2005714285714285	0.165	0.038	0.06	0.081	0.273	0.443	0.1442887977039698	0.0208192571428571																															0.027	0.0244761904761904	0.025	0.021	0.023	0.024	0.025	0.025	0.001209092536535	1.4619047619047607e-06											3437.0	1484.2857142857142	1216.0	324.0	446.0	589.0	2046.0	3253.0	1062.7553877942537	1129449.0142857144	19121.0	4096.0	150.5	0.0	1.0	7.0	6306.75	16732.0	6420.383776324753	41221327.83529409	22580.0	4096.0	64.0	0.0	0.0	2.0	4658.0	18162.5	7071.291356674567	50003161.450980425	23052023_s_Lm_st_L628_p_C09_pos002_tm_24_ch_Syto9_z_21.tif	23052023_s_Lm_st_L628_p_C09_pos002_tm_24_ch_Syto9_z_21.tif	4095	1708.9311270125224	1686.5	10	345.3	848.25	2524.75	3060.7000000000003	1007.7366390275944	1015533.1336386324																																																			274.698	272.6482857142857	272.607	271.766	272.275	272.379	272.711	272.912	0.5573267571951854	0.3106131142857011																							slice_0021	slice_0001	888374	38964.09063804412	1311.0	6	6.0	48.0	23973.5	89375.60000000003	113252.01146641187	12826018101.188288	44115.145	1935.8620837805604	65.1815	0.298	0.298	2.387	1191.74725	4442.019500000002	5625.27038591938	31643666.91470157	64156.485	1354.3927617769828	6.667	0.0	0.0	0.0	180.0	1278.5331000000026	6492.240887059073	42149191.73560158	151438	6565.323792486583	219.0	1	1.0	8.0	4003.25	14998.600000000011	19201.56012686999	368699911.3058035											84.583	36.50538095238095	29.995	6.843	10.925	14.728	49.656	80.588	26.2913493538772	691.235050847619	255.0	127.5	127.5	0.0	25.5	63.75	191.25	229.5	74.04503134354572	5482.666666666667	255	127.5	127.5	0	25.5	63.75	191.25	229.5	74.04503134354572	5482.666666666667	3353	1676.5	1676.5	0	335.3	838.25	2514.75	3017.7000000000003	968.3607282412892	937722.5	20	10.0	10.0	0	2.0	5.0	15.0	18.0	6.2048368229954285	38.5	255.0	127.5	127.5	0.0	25.5	63.75	191.25	229.5	74.04503134354572	5482.666666666667	255.0	127.5	127.5	0.0	25.5	63.75	191.25	229.5	74.04503134354572	5482.666666666667																					L628
23052023--s--Lm--st--L628--p--C09--pos003--tm--24--ch--Syto9--z--21	256.0	128.5	128.5	1.0	26.5	64.75	192.25	230.5	74.04503134354572	5482.666666666667	256.0	128.5	128.5	1.0	26.5	64.75	192.25	230.5	74.04503134354572	5482.666666666667	4085	2043.0	2043.0	1	409.4	1022.0	3064.0	3676.6	1179.3822535548006	1390942.5																					0.89	0.3943333333333333	0.299	0.016	0.035	0.198	0.616	0.84	0.2784766297794724	0.0775492333333333																															0.025	0.0233809523809523	0.024	0.021	0.021	0.023	0.024	0.024	0.0011608699529314	1.347619047619045e-06											6633.0	2988.285714285714	2327.0	138.0	307.0	1571.0	4627.0	6215.0	2050.1367062432	4203060.514285715	22580.0	4096.0	64.0	0.0	0.0	2.0	4658.0	18162.5	7071.291356674567	50003161.450980425	17549.0	4096.0	428.0	0.0	6.0	26.0	7022.25	15423.0	5907.364556876706	34896956.00784312	23052023_s_Lm_st_L628_p_C09_pos003_tm_24_ch_Syto9_z_21.tif	23052023_s_Lm_st_L628_p_C09_pos003_tm_24_ch_Syto9_z_21.tif	4095	2053.0	2053.0	11	419.4	1032.0	3074.0	3686.6	1179.3822535548006	1390942.5																																																			272.818	272.16742857142856	272.168	271.269	271.662	271.979	272.491	272.671	0.4105676036207267	0.1685657571428661																							slice_0021	slice_0001	349984	32129.23769889841	2776.0	6	72.0	294.0	25334.0	104445.19999999995	67915.97558100757	4612579739.120016	17385.123	1596.4442418604651	138.084	0.298	3.58	14.617	1259.511	5190.455999999999	3373.9864545125297	11383784.59523403	15711.273	686.760405875153	6.667	0.0	0.0	0.0	146.667	1428.7999999999993	2226.343678608896	4956606.175281791	59077	5390.448714810282	463.0	1	12.0	49.0	4228.0	17472.799999999996	11425.99017788733	130553251.54517771											162.097	71.8082380952381	54.536	2.918	6.357	36.091	112.129	152.996	50.70761598409529	2571.2623187904765	255.0	127.5	127.5	0.0	25.5	63.75	191.25	229.5	74.04503134354572	5482.666666666667	255	127.5	127.5	0	25.5	63.75	191.25	229.5	74.04503134354572	5482.666666666667	4084	2042.0	2042.0	0	408.4	1021.0	3063.0	3675.6	1179.3822535548006	1390942.5	20	10.0	10.0	0	2.0	5.0	15.0	18.0	6.2048368229954285	38.5	255.0	127.5	127.5	0.0	25.5	63.75	191.25	229.5	74.04503134354572	5482.666666666667	255.0	127.5	127.5	0.0	25.5	63.75	191.25	229.5	74.04503134354572	5482.666666666667																					L628
23052023--s--Lm--st--L628--p--C09--pos004--tm--24--ch--Syto9--z--21	256.0	128.5	128.5	1.0	26.5	64.75	192.25	230.5	74.04503134354572	5482.666666666667	256.0	128.5	128.5	1.0	26.5	64.75	192.25	230.5	74.04503134354572	5482.666666666667	4080	2040.5	2040.5	1	408.9	1020.75	3060.25	3672.1	1177.938877871004	1387540.0																					0.955	0.5042857142857142	0.538	0.012	0.022	0.245	0.753	0.901	0.3290735697161264	0.1082894142857143																															0.025	0.0236666666666666	0.024	0.019	0.021	0.024	0.025	0.025	0.001622754859285	2.6333333333333324e-06											7020.0	3769.857142857143	3949.0	112.0	191.0	1841.0	5640.0	6602.0	2409.9471630248304	5807845.328571429	17549.0	4096.0	428.0	0.0	6.0	26.0	7022.25	15423.0	5907.364556876706	34896956.00784312	15305.0	4096.0	638.0	0.0	8.0	42.75	8059.0	13811.0	5420.69253516415	29383907.560784347	23052023_s_Lm_st_L628_p_C09_pos004_tm_24_ch_Syto9_z_21.tif	23052023_s_Lm_st_L628_p_C09_pos004_tm_24_ch_Syto9_z_21.tif	4095	2055.4995098039217	2055.5	15	423.9	1035.75	3075.25	3687.1	1177.939726811078	1387541.9999997574																																																			273.111	272.2702857142857	272.387	271.36	271.652	272.003	272.499	272.843	0.4532432175837989	0.2054294142857148																							slice_0021	slice_0001	269336	32200.223039215685	4463.0	6	162.0	562.5	30468.0	111746.59999999996	60003.45303513388	3600414376.139518	13381.096	1600.2264291666668	221.9275	0.298	8.054	27.9665	1514.34375	5554.521099999998	2981.58992678512	8889878.491506496	9568.449	583.7672426470589	13.333	0.0	0.0	0.0	193.333	1658.532999999999	1589.0457552578148	2525066.4123028787	45304	5397.011764705882	744.5	1	27.0	93.75	5087.0	18769.3	10076.576811261422	101537400.23325142											173.959	91.87090476190475	98.026	2.102	4.047	44.636	137.191	164.164	59.939359396730914	3592.726804890475	255.0	127.5	127.5	0.0	25.5	63.75	191.25	229.5	74.04503134354572	5482.666666666667	255	127.5	127.5	0	25.5	63.75	191.25	229.5	74.04503134354572	5482.666666666667	4079	2039.5	2039.5	0	407.9	1019.75	3059.25	3671.1	1177.938877871004	1387540.0	20	10.0	10.0	0	2.0	5.0	15.0	18.0	6.2048368229954285	38.5	255.0	127.5	127.5	0.0	25.5	63.75	191.25	229.5	74.04503134354572	5482.666666666667	255.0	127.5	127.5	0.0	25.5	63.75	191.25	229.5	74.04503134354572	5482.666666666667																					L628
23052023--s--Lm--st--L628--p--C09--pos005--tm--24--ch--Syto9--z--21	256.0	128.5	128.5	1.0	26.5	64.75	192.25	230.5	74.04503134354572	5482.666666666667	256.0	128.5	128.5	1.0	26.5	64.75	192.25	230.5	74.04503134354572	5482.666666666667	4012	2006.5	2006.5	1	402.1	1003.75	3009.25	3610.9	1158.308968568692	1341679.6666666667																					0.891	0.4314761904761904	0.38	0.035	0.067	0.246	0.606	0.82	0.2739318563160588	0.0750386619047618																															0.025	0.0235238095238095	0.024	0.021	0.022	0.023	0.024	0.024	0.0010304876330673	1.0619047619047635e-06											6613.0	3264.5238095238096	2879.0	306.0	579.0	1934.0	4514.0	6139.0	2017.9422593089137	4072090.961904763	15305.0	4096.0	638.0	0.0	8.0	42.75	8059.0	13811.0	5420.69253516415	29383907.560784347	18357.0	4096.0	203.5	0.0	1.5	9.75	6475.5	16750.5	6332.618605284864	40102058.40000002	23052023_s_Lm_st_L628_p_C09_pos005_tm_24_ch_Syto9_z_21.tif	23052023_s_Lm_st_L628_p_C09_pos005_tm_24_ch_Syto9_z_21.tif	4095	2020.2337986041875	2016.5	11	412.1	1013.75	3019.25	3627.9	1164.355464042639	1355723.646645949																																																			272.518	272.1652380952381	272.148	271.756	271.859	271.958	272.391	272.478	0.2440282575362744	0.0595497904761903																							slice_0021	slice_0001	378810	32696.93569292124	1559.0	6	18.0	95.5	21556.5	105750.60000000002	73827.29395491797	5450469332.705869	18818.058	1624.7177462612165	77.544	0.298	0.895	4.74	1071.66625	5254.957800000001	3667.9470672992943	13453835.688509492	16831.176	756.2710216849453	6.667	0.0	0.0	0.0	129.99975	1504.0	2482.811579054658	6164353.337087884	63963	5488.554087736789	260.5	1	3.0	16.0	3599.75	17708.600000000006	12424.57615019155	154370092.51190865											162.253	78.59909523809523	69.195	6.426	12.227	44.723	110.357	149.401	49.89574095742518	2489.584965690477	255.0	127.5	127.5	0.0	25.5	63.75	191.25	229.5	74.04503134354572	5482.666666666667	255	127.5	127.5	0	25.5	63.75	191.25	229.5	74.04503134354572	5482.666666666667	4011	2005.5	2005.5	0	401.1	1002.75	3008.25	3609.9	1158.308968568692	1341679.6666666667	20	10.0	10.0	0	2.0	5.0	15.0	18.0	6.2048368229954285	38.5	255.0	127.5	127.5	0.0	25.5	63.75	191.25	229.5	74.04503134354572	5482.666666666667	255.0	127.5	127.5	0.0	25.5	63.75	191.25	229.5	74.04503134354572	5482.666666666667																					L628
23052023--s--Lm--st--L628--p--C10--pos001--tm--24--ch--Syto9--z--21	256.0	128.5	128.5	1.0	26.5	64.75	192.25	230.5	74.04503134354572	5482.666666666667	256.0	128.5	128.5	1.0	26.5	64.75	192.25	230.5	74.04503134354572	5482.666666666667	4086	2043.5	2043.5	1	409.5	1022.25	3064.75	3677.5	1179.6709286915568	1391623.5																					0.54	0.2335238095238095	0.179	0.026	0.071	0.128	0.349	0.488	0.1581226166769381	0.0250027619047619																															0.024	0.0233809523809523	0.024	0.021	0.023	0.023	0.024	0.024	0.0008047478161629	6.476190476190467e-07											4078.0	1799.3809523809523	1364.0	218.0	545.0	986.0	2709.0	3763.0	1203.1123586843617	1447479.347619048	18357.0	4096.0	203.5	0.0	1.5	9.75	6475.5	16750.5	6332.618605284864	40102058.40000002	14682.0	4096.0	962.5	4.0	13.5	72.0	8185.0	13284.5	5165.496186708688	26682350.854902	23052023_s_Lm_st_L628_p_C10_pos001_tm_24_ch_Syto9_z_21.tif	23052023_s_Lm_st_L628_p_C10_pos001_tm_24_ch_Syto9_z_21.tif	4095	2052.5	2052.5	10	418.5	1031.25	3073.75	3686.5	1179.6709286915568	1391623.5																																																			273.629	272.12119047619046	272.081	270.186	271.533	271.814	272.432	272.82	0.7167657650200344	0.5137531619047552																							slice_0021	slice_0001	533680	32089.797356828192	3565.0	12	96.0	372.0	26072.5	88441.0	75378.98056415719	5681990710.891587	26502.349	1594.3559559471364	177.21550000000002	0.597	4.773	18.495	1296.115	4395.3935	3744.0810945782455	14018143.242778232	29769.94	782.9252393538914	13.333	0.0	0.0	0.0	153.333	1091.3335	3237.742864672469	10482978.857737483	90458	5389.132892804699	594.5	2	16.0	62.0	4353.75	14793.5	12720.801457346137	161818789.7172196											98.338	42.5212380952381	32.6	4.707	12.87	23.36	63.498	88.838	28.786557338286848	828.6658833904763	255.0	127.5	127.5	0.0	25.5	63.75	191.25	229.5	74.04503134354572	5482.666666666667	255	127.5	127.5	0	25.5	63.75	191.25	229.5	74.04503134354572	5482.666666666667	4085	2042.5	2042.5	0	408.5	1021.25	3063.75	3676.5	1179.6709286915568	1391623.5	20	10.0	10.0	0	2.0	5.0	15.0	18.0	6.2048368229954285	38.5	255.0	127.5	127.5	0.0	25.5	63.75	191.25	229.5	74.04503134354572	5482.666666666667	255.0	127.5	127.5	0.0	25.5	63.75	191.25	229.5	74.04503134354572	5482.666666666667																					L628
23052023--s--Lm--st--L628--p--C10--pos002--tm--24--ch--Syto9--z--21	256.0	128.5	128.5	1.0	26.5	64.75	192.25	230.5	74.04503134354572	5482.666666666667	256.0	128.5	128.5	1.0	26.5	64.75	192.25	230.5	74.04503134354572	5482.666666666667	4084	2042.5	2042.5	1	409.3	1021.75	3063.25	3675.7	1179.0935784180435	1390261.6666666667																					0.741	0.3219047619047619	0.232	0.026	0.058	0.158	0.494	0.7	0.2368611206513016	0.0561031904761904																															0.024	0.0233809523809523	0.024	0.021	0.022	0.023	0.024	0.024	0.0008646496675642	7.476190476190503e-07											5614.0	2459.0476190476197	1828.0	219.0	469.0	1214.0	3772.0	5296.0	1779.3602635832483	3166122.9476190475	14682.0	4096.0	962.5	4.0	13.5	72.0	8185.0	13284.5	5165.496186708688	26682350.854902	16235.0	4096.0	522.5	0.0	9.0	37.75	7815.0	14547.0	5647.359741247127	31892672.04705882	23052023_s_Lm_st_L628_p_C10_pos002_tm_24_ch_Syto9_z_21.tif	23052023_s_Lm_st_L628_p_C10_pos002_tm_24_ch_Syto9_z_21.tif	4095	2052.5457884427037	2052.5	11	419.3	1031.75	3073.25	3685.7	1179.16928031263	1390440.1916330056																																																			273.258	272.14647619047616	272.248	269.845	271.684	271.843	272.643	272.844	0.7067441276054238	0.4994872619047515																							slice_0021	slice_0001	445780	32115.931439764936	2504.0	6	54.0	210.0	23822.5	96103.80000000006	73423.64568073039	5391031745.049438	22140.608	1595.654333006856	124.4795	0.298	2.685	10.441	1184.199	4776.039200000003	3647.1072090293433	13301390.994153809	22906.764	754.1135078354555	6.667	0.0	0.0	0.0	130.333	1278.133200000003	2788.549982318954	7776011.003891038	75395	5391.78721841332	417.5	1	9.0	35.0	3976.25	16119.400000000012	12371.91863768074	153064370.77739203											134.881	58.603476190476194	42.257	4.655	10.508	28.796	89.95	127.569	43.14921282320113	1861.854567261905	255.0	127.5	127.5	0.0	25.5	63.75	191.25	229.5	74.04503134354572	5482.666666666667	255	127.5	127.5	0	25.5	63.75	191.25	229.5	74.04503134354572	5482.666666666667	4083	2041.5	2041.5	0	408.3	1020.75	3062.25	3674.7	1179.0935784180435	1390261.6666666667	20	10.0	10.0	0	2.0	5.0	15.0	18.0	6.2048368229954285	38.5	255.0	127.5	127.5	0.0	25.5	63.75	191.25	229.5	74.04503134354572	5482.666666666667	255.0	127.5	127.5	0.0	25.5	63.75	191.25	229.5	74.04503134354572	5482.666666666667																					L628
23052023--s--Lm--st--L628--p--C10--pos003--tm--24--ch--Syto9--z--21	256.0	128.5	128.5	1.0	26.5	64.75	192.25	230.5	74.04503134354572	5482.666666666667	256.0	128.5	128.5	1.0	26.5	64.75	192.25	230.5	74.04503134354572	5482.666666666667	4077	2039.0	2039.0	1	408.6	1020.0	3058.0	3669.4	1177.0728524607132	1385500.5																					0.817	0.4366666666666666	0.471	0.012	0.024	0.159	0.69	0.795	0.2858893725435301	0.0817327333333333																															0.025	0.0236666666666666	0.024	0.021	0.022	0.023	0.024	0.025	0.0011105554165971	1.2333333333333378e-06											6012.0	3278.714285714286	3660.0	102.0	194.0	1270.0	5057.0	5776.0	2096.4210012031726	4394981.014285713	16235.0	4096.0	522.5	0.0	9.0	37.75	7815.0	14547.0	5647.359741247127	31892672.04705882	12039.0	4096.0	1687.5	7.0	50.5	178.5	8574.25	11271.5	4493.735926864434	20193662.580392152	23052023_s_Lm_st_L628_p_C10_pos003_tm_24_ch_Syto9_z_21.tif	23052023_s_Lm_st_L628_p_C10_pos003_tm_24_ch_Syto9_z_21.tif	4095	2056.999509443218	2057.0	18	426.6	1038.0	3076.0	3687.4	1177.0737020253905	1385502.4999997572																																																			275.991	272.3974285714286	272.409	271.606	271.707	271.859	272.535	272.688	0.9098599656776049	0.8278451571428521																							slice_0021	slice_0001	229346	32230.96934020113	6810.0	6	414.0	1182.0	33878.0	112763.6	54145.06748421089	2931688332.869752	11394.685	1601.7905015943095	338.488	0.298	20.584	58.768	1683.664	5604.4446	2690.538424830741	7238997.015490686	29253.638	534.7716754966887	20.0	0.0	0.0	0.0	205.333	1646.933400000001	1409.725756507343	1987326.7085602009	38563	5400.640421878832	1136.0	1	69.0	197.0	5654.0	18868.4	9089.062436073604	82611055.96684422											148.793	79.54685714285714	85.799	2.24	4.446	29.04	125.641	144.694	52.048444574536255	2709.0405826285723	255.0	127.5	127.5	0.0	25.5	63.75	191.25	229.5	74.04503134354572	5482.666666666667	255	127.5	127.5	0	25.5	63.75	191.25	229.5	74.04503134354572	5482.666666666667	4076	2038.0	2038.0	0	407.6	1019.0	3057.0	3668.4	1177.0728524607132	1385500.5	20	10.0	10.0	0	2.0	5.0	15.0	18.0	6.2048368229954285	38.5	255.0	127.5	127.5	0.0	25.5	63.75	191.25	229.5	74.04503134354572	5482.666666666667	255.0	127.5	127.5	0.0	25.5	63.75	191.25	229.5	74.04503134354572	5482.666666666667																					L628
23052023--s--Lm--st--L628--p--C10--pos004--tm--24--ch--Syto9--z--21	256.0	128.5	128.5	1.0	26.5	64.75	192.25	230.5	74.04503134354572	5482.666666666667	256.0	128.5	128.5	1.0	26.5	64.75	192.25	230.5	74.04503134354572	5482.666666666667	4079	2040.0	2040.0	1	408.8	1020.5	3059.5	3671.2	1177.6502027342417	1386860.0																					0.714	0.3619047619047619	0.333	0.016	0.04	0.24	0.531	0.641	0.2202979584022296	0.0485311904761904																															0.025	0.0234285714285714	0.023	0.02	0.022	0.023	0.024	0.025	0.0012071217242444	1.4571428571428611e-06											5324.0	2751.4761904761904	2617.0	145.0	330.0	1873.0	4019.0	4748.0	1629.9958472047597	2656886.4619047614	12039.0	4096.0	1687.5	7.0	50.5	178.5	8574.25	11271.5	4493.735926864434	20193662.580392152	12832.0	4096.0	1945.5	34.0	73.5	261.75	7976.75	11119.0	4340.179211082617	18837155.584313728	23052023_s_Lm_st_L628_p_C10_pos004_tm_24_ch_Syto9_z_21.tif	23052023_s_Lm_st_L628_p_C10_pos004_tm_24_ch_Syto9_z_21.tif	4095	2056.0	2056.0	17	424.8	1036.5	3075.5	3687.2	1177.6502027342417	1386860.0																																																			272.775	272.00623809523813	272.07	269.805	271.46	271.878	272.246	272.547	0.6309178951941238	0.3980573904761834																							slice_0021	slice_0001	249548	32209.71512625644	6334.0	12	372.0	1098.0	32773.0	111435.20000000004	55584.96879556711	3089688756.004169	12396.387	1600.524762441775	314.789	0.597	18.495	54.591	1629.1585	5537.777000000002	2761.6221073528945	7626556.663820243	26288.665	561.5280061289533	20.0	0.0	0.0	0.0	196.0	1571.7336000000014	1563.0055622462053	2442986.387612576	42047	5398.191958813434	1057.0	2	62.0	183.0	5472.0	18646.800000000007	9336.182741890269	87164308.18996966											130.035	65.8972380952381	60.58	2.953	7.243	43.629	96.619	116.766	40.13567580582737	1610.8724723904763	255.0	127.5	127.5	0.0	25.5	63.75	191.25	229.5	74.04503134354572	5482.666666666667	255	127.5	127.5	0	25.5	63.75	191.25	229.5	74.04503134354572	5482.666666666667	4078	2039.0	2039.0	0	407.8	1019.5	3058.5	3670.2	1177.6502027342417	1386860.0	20	10.0	10.0	0	2.0	5.0	15.0	18.0	6.2048368229954285	38.5	255.0	127.5	127.5	0.0	25.5	63.75	191.25	229.5	74.04503134354572	5482.666666666667	255.0	127.5	127.5	0.0	25.5	63.75	191.25	229.5	74.04503134354572	5482.666666666667																					L628
23052023--s--Lm--st--L628--p--C10--pos005--tm--24--ch--Syto9--z--21	256.0	128.5	128.5	1.0	26.5	64.75	192.25	230.5	74.04503134354572	5482.666666666667	256.0	128.5	128.5	1.0	26.5	64.75	192.25	230.5	74.04503134354572	5482.666666666667	4084	2042.5	2042.5	1	409.3	1021.75	3063.25	3675.7	1179.0935784180435	1390261.6666666667																					0.572	0.2809523809523809	0.245	0.023	0.056	0.178	0.413	0.493	0.1668911250457843	0.0278526476190476																															0.024	0.0231428571428571	0.023	0.021	0.021	0.023	0.024	0.024	0.0010141851056742	1.028571428571426e-06											4306.0	2174.0	1953.0	195.0	482.0	1438.0	3177.0	3789.0	1251.6706036334	1566679.2999999998	12832.0	4096.0	1945.5	34.0	73.5	261.75	7976.75	11119.0	4340.179211082617	18837155.584313728	14136.0	4096.0	1619.5	18.0	62.5	224.0	7724.75	12263.0	4690.634903302367	22002055.796078406	23052023_s_Lm_st_L628_p_C10_pos005_tm_24_ch_Syto9_z_21.tif	23052023_s_Lm_st_L628_p_C10_pos005_tm_24_ch_Syto9_z_21.tif	4095	2053.5	2053.5	12	420.3	1032.75	3074.25	3686.7	1179.0935784180435	1390261.6666666667																																																			272.638	271.9929523809524	272.069	270.584	271.558	271.824	272.268	272.517	0.4686492799728209	0.2196321476190435																							slice_0021	slice_0001	309224	32151.077864838397	5597.0	84	294.0	894.0	31240.5	105781.60000000012	59385.40914301125	3526626819.0828447	15355.641	1597.4777999510284	278.2285	4.176	14.617	44.449	1552.852	5256.660700000006	2950.005436073702	8702532.072864396	21933.249	629.216889324192	20.0	0.0	0.0	0.0	176.0	1420.6669000000018	1987.4624982706127	3950007.1820320655	52215	5391.701762977473	934.0	14	49.0	149.0	5234.75	17694.800000000017	9989.72359713142	99794577.54708432											104.122	51.17657142857144	44.671	4.186	10.265	32.409	75.274	89.828	30.38639919202575	923.3332558571432	255.0	127.5	127.5	0.0	25.5	63.75	191.25	229.5	74.04503134354572	5482.666666666667	255	127.5	127.5	0	25.5	63.75	191.25	229.5	74.04503134354572	5482.666666666667	4083	2041.5	2041.5	0	408.3	1020.75	3062.25	3674.7	1179.0935784180435	1390261.6666666667	20	10.0	10.0	0	2.0	5.0	15.0	18.0	6.2048368229954285	38.5	255.0	127.5	127.5	0.0	25.5	63.75	191.25	229.5	74.04503134354572	5482.666666666667	255.0	127.5	127.5	0.0	25.5	63.75	191.25	229.5	74.04503134354572	5482.666666666667																					L628
23052023--s--Lm--st--L628--p--D03--pos001--tm--24--ch--Syto9--z--21	256.0	128.5	128.5	1.0	26.5	64.75	192.25	230.5	74.04503134354572	5482.666666666667	256.0	128.5	128.5	1.0	26.5	64.75	192.25	230.5	74.04503134354572	5482.666666666667	4085	2043.0	2043.0	1	409.4	1022.0	3064.0	3676.6	1179.3822535548006	1390942.5																					0.943	0.4607142857142857	0.403	0.016	0.083	0.265	0.714	0.871	0.2880909826525542	0.0829964142857142																															0.025	0.0239523809523809	0.024	0.021	0.022	0.024	0.025	0.025	0.0011169686869465	1.2476190476190507e-06											6965.0	3442.9523809523807	3071.0	143.0	672.0	2014.0	5297.0	6391.0	2097.9739387368586	4401494.647619047	14136.0	4096.0	1619.5	18.0	62.5	224.0	7724.75	12263.0	4690.634903302367	22002055.796078406	13453.0	4096.0	1988.5	10.0	85.0	299.25	7744.5	11181.5	4390.959469048141	19280525.05882353	23052023_s_Lm_st_L628_p_D03_pos001_tm_24_ch_Syto9_z_21.tif	23052023_s_Lm_st_L628_p_D03_pos001_tm_24_ch_Syto9_z_21.tif	4095	2053.0	2053.0	11	419.4	1032.0	3074.0	3686.6	1179.3822535548006	1390942.5																																																			273.896	272.3477142857143	272.235	271.392	271.828	272.095	272.422	273.148	0.5873522914620551	0.344982714285727																							Ch1	Ch1	379594	32116.800489596084	4724.0	6	246.0	772.0	24120.0	93974.4	69030.4002367281	4765196156.842872	18854.482	1595.8444141982864	234.904	0.298	12.231	38.351	1199.093	4669.4398	3429.513393056441	11761562.113153502	16445.43	716.576900367197	13.333	0.0	0.0	0.0	146.667	1343.199999999997	2382.290662004686	5675308.798274725	64073	5390.3652386780905	789.0	1	41.0	129.0	4029.0	15729.8	11620.827989387348	135043643.1589284											171.736	83.92704761904763	73.485	3.005	15.076	48.249	130.122	158.641	52.46543295778296	2752.6216554476187	255.0	127.5	127.5	0.0	25.5	63.75	191.25	229.5	74.04503134354572	5482.666666666667	255	127.5	127.5	0	25.5	63.75	191.25	229.5	74.04503134354572	5482.666666666667	4084	2042.0	2042.0	0	408.4	1021.0	3063.0	3675.6	1179.3822535548006	1390942.5	20	10.0	10.0	0	2.0	5.0	15.0	18.0	6.2048368229954285	38.5	255.0	127.5	127.5	0.0	25.5	63.75	191.25	229.5	74.04503134354572	5482.666666666667	255.0	127.5	127.5	0.0	25.5	63.75	191.25	229.5	74.04503134354572	5482.666666666667																					L628
23052023--s--Lm--st--L628--p--D03--pos002--tm--24--ch--Syto9--z--21	256.0	128.5	128.5	1.0	26.5	64.75	192.25	230.5	74.04503134354572	5482.666666666667	256.0	128.5	128.5	1.0	26.5	64.75	192.25	230.5	74.04503134354572	5482.666666666667	4084	2042.5	2042.5	1	409.3	1021.75	3063.25	3675.7	1179.0935784180435	1390261.6666666667																					0.823	0.3911904761904762	0.39	0.017	0.036	0.222	0.581	0.771	0.2698834228046656	0.0728370619047618																															0.025	0.0233809523809523	0.024	0.021	0.022	0.023	0.024	0.024	0.0009734572654303	9.4761904761905e-07											6193.0	2968.3809523809523	2974.0	141.0	292.0	1725.0	4389.0	5714.0	2010.7074495358709	4042944.447619047	13453.0	4096.0	1988.5	10.0	85.0	299.25	7744.5	11181.5	4390.959469048141	19280525.05882353	12656.0	4096.0	1469.5	9.0	24.0	113.0	8752.25	11825.5	4671.920449060847	21826840.68235291	23052023_s_Lm_st_L628_p_D03_pos002_tm_24_ch_Syto9_z_21.tif	23052023_s_Lm_st_L628_p_D03_pos002_tm_24_ch_Syto9_z_21.tif	4095	2053.5	2053.5	12	420.3	1032.75	3074.25	3686.7	1179.0935784180435	1390261.6666666667																																																			274.182	272.3179523809524	272.243	271.685	271.86	272.08	272.369	272.729	0.5091170274298932	0.2592001476190506																							slice_0021	slice_0001	384896	32135.88834476004	5403.0	6	234.0	780.0	27962.0	90464.60000000003	66745.73846990164	4454993603.8925085	19120.388	1596.9116167972577	268.582	0.298	11.634	38.781	1390.19675	4495.667800000002	3316.002903184205	10995875.253926074	16365.842	681.8010869245837	20.0	0.0	0.0	0.0	173.333	1205.866900000001	2281.622656402262	5205801.946208114	64963	5391.671155729677	901.0	1	39.0	130.0	4676.25	15140.50000000001	11235.100201497233	126227476.53768316											149.8	71.22423809523809	71.001	3.109	6.496	40.346	105.772	140.404	49.1500017252337	2415.722669590476	255.0	127.5	127.5	0.0	25.5	63.75	191.25	229.5	74.04503134354572	5482.666666666667	255	127.5	127.5	0	25.5	63.75	191.25	229.5	74.04503134354572	5482.666666666667	4083	2041.5	2041.5	0	408.3	1020.75	3062.25	3674.7	1179.0935784180435	1390261.6666666667	20	10.0	10.0	0	2.0	5.0	15.0	18.0	6.2048368229954285	38.5	255.0	127.5	127.5	0.0	25.5	63.75	191.25	229.5	74.04503134354572	5482.666666666667	255.0	127.5	127.5	0.0	25.5	63.75	191.25	229.5	74.04503134354572	5482.666666666667																					L628
23052023--s--Lm--st--L628--p--D03--pos003--tm--24--ch--Syto9--z--21	256.0	128.5	128.5	1.0	26.5	64.75	192.25	230.5	74.04503134354572	5482.666666666667	256.0	128.5	128.5	1.0	26.5	64.75	192.25	230.5	74.04503134354572	5482.666666666667	4077	2039.0	2039.0	1	408.6	1020.0	3058.0	3669.4	1177.0728524607132	1385500.5																					0.937	0.4236666666666667	0.394	0.025	0.037	0.253	0.593	0.814	0.290548332181297	0.0844183333333333																															0.025	0.0236190476190476	0.024	0.021	0.021	0.024	0.024	0.024	0.0011608699529314	1.347619047619045e-06											6920.0	3196.5238095238096	3018.0	212.0	315.0	1954.0	4517.0	6100.0	2148.4684689109968	4615916.761904763	12656.0	4096.0	1469.5	9.0	24.0	113.0	8752.25	11825.5	4671.920449060847	21826840.68235291	17379.0	4096.0	483.0	1.0	9.0	30.0	7062.25	15480.5	5886.307979656903	34648621.63137253	23052023_s_Lm_st_L628_p_D03_pos003_tm_24_ch_Syto9_z_21.tif	23052023_s_Lm_st_L628_p_D03_pos003_tm_24_ch_Syto9_z_21.tif	4095	2049.3134657836645	2049.0	11	418.6	1030.0	3068.0	3679.4	1177.5846168245523	1386705.5297818277																																																			273.111	271.9720952380952	272.0	269.582	271.225	271.884	272.315	272.898	0.7579234067346124	0.5744478904762007																							slice_0021	slice_0001	383066	32175.4456708364	2208.0	6	36.0	156.0	23936.0	100826.00000000004	71135.09919696003	5060202337.761343	19031.538	1598.8846325729703	109.779	0.298	1.79	7.756	1189.81	5010.844000000001	3534.3648311282554	12491734.759516262	17092.097	743.3199639440764	6.667	0.0	0.0	0.0	153.333	1442.9330000000004	2461.804859422048	6060483.165874007	64633	5401.033603139564	369.0	1	6.0	26.0	3998.0	16867.200000000004	11975.27127869474	143407122.1983312											170.711	77.16819047619049	71.73	4.55	6.756	46.112	107.978	148.324	52.927408995358014	2801.3106229619048	255.0	127.5	127.5	0.0	25.5	63.75	191.25	229.5	74.04503134354572	5482.666666666667	255	127.5	127.5	0	25.5	63.75	191.25	229.5	74.04503134354572	5482.666666666667	4076	2038.0	2038.0	0	407.6	1019.0	3057.0	3668.4	1177.0728524607132	1385500.5	20	10.0	10.0	0	2.0	5.0	15.0	18.0	6.2048368229954285	38.5	255.0	127.5	127.5	0.0	25.5	63.75	191.25	229.5	74.04503134354572	5482.666666666667	255.0	127.5	127.5	0.0	25.5	63.75	191.25	229.5	74.04503134354572	5482.666666666667																					L628
23052023--s--Lm--st--L628--p--D03--pos004--tm--24--ch--Syto9--z--21	256.0	128.5	128.5	1.0	26.5	64.75	192.25	230.5	74.04503134354572	5482.666666666667	256.0	128.5	128.5	1.0	26.5	64.75	192.25	230.5	74.04503134354572	5482.666666666667	4074	2037.5	2037.5	1	408.3	1019.25	3055.75	3666.7	1176.206827050413	1383462.5																					1.146	0.5951428571428571	0.638	0.01	0.029	0.17	0.902	1.052	0.4049827509554309	0.1640110285714285																															0.025	0.0239523809523809	0.024	0.021	0.023	0.023	0.025	0.025	0.0011169686869465	1.247619047619051e-06											8305.0	4398.285714285715	4689.0	79.0	227.0	1346.0	6650.0	7751.0	2937.7036294163017	8630102.614285713	17379.0	4096.0	483.0	1.0	9.0	30.0	7062.25	15480.5	5886.307979656903	34648621.63137253	12614.0	4096.0	1572.5	6.0	22.5	107.75	8695.75	11609.0	4587.916625736116	21048978.96470587	23052023_s_Lm_st_L628_p_D03_pos004_tm_24_ch_Syto9_z_21.tif	23052023_s_Lm_st_L628_p_D03_pos004_tm_24_ch_Syto9_z_21.tif	4095	2058.4990181639664	2058.5	21	429.3	1040.25	3076.75	3687.7	1176.2085265950404	1383466.498034876																																																			273.583	272.2543809523809	272.2	271.084	271.684	271.845	272.569	272.907	0.6110384992936613	0.3733680476190496																							slice_0021	slice_0001	288460	32246.026018654884	5223.0	6	192.0	700.5	28062.0	106830.80000000006	61754.300715374375	3813593656.844888	14332.824	1602.5854798723612	259.6325	0.298	9.546	34.7795	1394.55675	5310.491900000003	3068.799194159644	9417528.49407488	9997.775	588.5034347079037	20.0	0.0	0.0	0.0	180.0	1551.6001000000003	1635.546944242672	2675013.806821542	48496	5404.915562101129	871.0	1	32.0	117.25	4687.0	17876.000000000007	10371.641884747774	107570955.38545436											208.678	108.39866666666666	116.262	1.806	5.245	31.002	164.285	191.623	73.75173889701404	5439.318990333332	255.0	127.5	127.5	0.0	25.5	63.75	191.25	229.5	74.04503134354572	5482.666666666667	255	127.5	127.5	0	25.5	63.75	191.25	229.5	74.04503134354572	5482.666666666667	4073	2036.5	2036.5	0	407.3	1018.25	3054.75	3665.7	1176.206827050413	1383462.5	20	10.0	10.0	0	2.0	5.0	15.0	18.0	6.2048368229954285	38.5	255.0	127.5	127.5	0.0	25.5	63.75	191.25	229.5	74.04503134354572	5482.666666666667	255.0	127.5	127.5	0.0	25.5	63.75	191.25	229.5	74.04503134354572	5482.666666666667																					L628
23052023--s--Lm--st--L628--p--D03--pos005--tm--24--ch--Syto9--z--21	256.0	128.5	128.5	1.0	26.5	64.75	192.25	230.5	74.04503134354572	5482.666666666667	256.0	128.5	128.5	1.0	26.5	64.75	192.25	230.5	74.04503134354572	5482.666666666667	4081	2041.0	2041.0	1	409.0	1021.0	3061.0	3673.0	1178.2275530077654	1388220.1666666667																					1.095	0.5351904761904761	0.472	0.035	0.077	0.277	0.834	1.023	0.3465194971495282	0.1200757619047619																															0.025	0.0238095238095238	0.024	0.021	0.022	0.024	0.024	0.025	0.0010779168622415	1.1619047619047642e-06											8057.0	4032.714285714286	3612.0	293.0	652.0	2128.0	6279.0	7537.0	2534.396696313684	6423166.614285713	12614.0	4096.0	1572.5	6.0	22.5	107.75	8695.75	11609.0	4587.916625736116	21048978.96470587	17644.0	4096.0	346.5	0.0	4.0	17.75	6929.25	15696.0	6024.384408873852	36293207.50588235	23052023_s_Lm_st_L628_p_D03_pos005_tm_24_ch_Syto9_z_21.tif	23052023_s_Lm_st_L628_p_D03_pos005_tm_24_ch_Syto9_z_21.tif	4095	2052.086498407253	2052.0	12	420.0	1032.0	3072.0	3684.0	1178.3731320551765	1388563.2383495264																																																			272.79	271.9936666666667	272.054	271.125	271.524	271.689	272.291	272.524	0.4369278353839763	0.1909059333333271																							slice_0021	slice_0001	419156	32140.17740749816	1948.0	6	36.0	132.0	20184.0	89754.0	77515.03815643785	6008581140.394015	20824.821	1597.0432631707915	96.82	0.298	1.79	6.563	1003.427	4460.034	3851.2655276328064	14832246.1643328	17481.842	754.8038164665523	6.667	0.0	0.0	0.0	126.667	1245.333	2589.3727711857423	6704851.3481581295	70658	5395.7439353099735	325.0	1	6.0	22.0	3370.0	15015.0	13046.635128974109	170214688.1885812											199.49	97.48319047619049	85.938	6.461	13.964	50.42	151.902	186.343	63.11392601052405	3983.367656461905	255.0	127.5	127.5	0.0	25.5	63.75	191.25	229.5	74.04503134354572	5482.666666666667	255	127.5	127.5	0	25.5	63.75	191.25	229.5	74.04503134354572	5482.666666666667	4080	2040.0	2040.0	0	408.0	1020.0	3060.0	3672.0	1178.2275530077654	1388220.1666666667	20	10.0	10.0	0	2.0	5.0	15.0	18.0	6.2048368229954285	38.5	255.0	127.5	127.5	0.0	25.5	63.75	191.25	229.5	74.04503134354572	5482.666666666667	255.0	127.5	127.5	0.0	25.5	63.75	191.25	229.5	74.04503134354572	5482.666666666667																					L628
23052023--s--Lm--st--L628--p--D04--pos001--tm--24--ch--Syto9--z--21	256.0	128.5	128.5	1.0	26.5	64.75	192.25	230.5	74.04503134354572	5482.666666666667	256.0	128.5	128.5	1.0	26.5	64.75	192.25	230.5	74.04503134354572	5482.666666666667	4085	2043.0	2043.0	1	409.4	1022.0	3064.0	3676.6	1179.3822535548006	1390942.5																					0.591	0.2672857142857142	0.225	0.016	0.036	0.131	0.413	0.528	0.1808145853788191	0.0326939142857142																															0.024	0.0232857142857142	0.024	0.02	0.021	0.023	0.024	0.024	0.0011892374507581	1.4142857142857148e-06											4480.0	2054.5714285714284	1757.0	146.0	304.0	991.0	3157.0	4113.0	1378.2756462851894	1899643.7571428567	17644.0	4096.0	346.5	0.0	4.0	17.75	6929.25	15696.0	6024.384408873852	36293207.50588235	15400.0	4096.0	632.5	3.0	8.5	36.75	7959.0	13910.5	5436.616574708226	29556799.780392207	23052023_s_Lm_st_L628_p_D04_pos001_tm_24_ch_Syto9_z_21.tif	23052023_s_Lm_st_L628_p_D04_pos001_tm_24_ch_Syto9_z_21.tif	4095	2053.0	2053.0	11	419.4	1032.0	3074.0	3686.6	1179.3822535548006	1390942.5																																																			272.743	272.0644761904762	272.128	271.443	271.696	271.886	272.255	272.473	0.3256376236013956	0.1060398619047642																							slice_0021	slice_0001	535822	32091.87564259486	3858.0	18	96.0	390.0	26356.0	78315.19999999998	77507.86618936431	6007469321.228405	26614.573	1594.5528310893517	191.815	0.895	4.773	19.39	1310.162	3891.828599999999	3850.14383079258	14823607.517790165	28336.509	800.725058996328	13.333	0.0	0.0	0.0	160.0	970.1334	3284.6264757011045	10788771.084876658	90699	5390.438188494492	643.0	3	16.0	65.0	4402.0	13098.399999999996	13079.582457138877	171075477.253095											107.7	48.67133333333333	41.058	2.987	6.513	23.933	75.169	96.115	32.92444750839918	1084.019243733333	255.0	127.5	127.5	0.0	25.5	63.75	191.25	229.5	74.04503134354572	5482.666666666667	255	127.5	127.5	0	25.5	63.75	191.25	229.5	74.04503134354572	5482.666666666667	4084	2042.0	2042.0	0	408.4	1021.0	3063.0	3675.6	1179.3822535548006	1390942.5	20	10.0	10.0	0	2.0	5.0	15.0	18.0	6.2048368229954285	38.5	255.0	127.5	127.5	0.0	25.5	63.75	191.25	229.5	74.04503134354572	5482.666666666667	255.0	127.5	127.5	0.0	25.5	63.75	191.25	229.5	74.04503134354572	5482.666666666667																					L628
23052023--s--Lm--st--L628--p--D04--pos002--tm--24--ch--Syto9--z--21	256.0	128.5	128.5	1.0	26.5	64.75	192.25	230.5	74.04503134354572	5482.666666666667	256.0	128.5	128.5	1.0	26.5	64.75	192.25	230.5	74.04503134354572	5482.666666666667	4085	2043.0	2043.0	1	409.4	1022.0	3064.0	3676.6	1179.3822535548006	1390942.5																					0.585	0.2706190476190476	0.235	0.029	0.073	0.144	0.368	0.563	0.1755313294516042	0.0308112476190476																															0.024	0.0236190476190476	0.024	0.021	0.022	0.024	0.024	0.024	0.0008646496675642	7.476190476190504e-07											4444.0	2066.1428571428573	1784.0	258.0	593.0	1107.0	2769.0	4272.0	1325.4369953232135	1756783.2285714285	15400.0	4096.0	632.5	3.0	8.5	36.75	7959.0	13910.5	5436.616574708226	29556799.780392207	14366.0	4096.0	833.0	4.0	14.0	49.75	8515.5	13316.5	5201.892285411113	27059683.349019658	23052023_s_Lm_st_L628_p_D04_pos002_tm_24_ch_Syto9_z_21.tif	23052023_s_Lm_st_L628_p_D04_pos002_tm_24_ch_Syto9_z_21.tif	4095	2053.0	2053.0	11	419.4	1032.0	3074.0	3686.6	1179.3822535548006	1390942.5																																																			272.797	272.00290476190474	272.071	270.309	271.736	271.796	272.314	272.683	0.5607723160750597	0.3144655904761866																							slice_0021	slice_0001	578916	32076.567441860465	3660.0	18	114.0	396.0	23592.0	75140.4	81824.69540470435	6695280778.072646	28755.149	1593.8211816401467	181.874	0.895	5.668	19.689	1172.834	3734.5896	4064.674513646746	16521578.901889414	32420.703	846.1904479804161	13.333	0.0	0.0	0.0	133.333	910.9331999999996	3608.070875661761	13018175.443798628	98133	5390.411015911873	611.0	3	19.0	66.0	3939.0	12569.4	13815.724191073949	190874234.92382583											106.519	49.28333333333334	42.847	5.367	13.304	26.295	66.972	102.524	31.9529870064339	1020.9933786333336	255.0	127.5	127.5	0.0	25.5	63.75	191.25	229.5	74.04503134354572	5482.666666666667	255	127.5	127.5	0	25.5	63.75	191.25	229.5	74.04503134354572	5482.666666666667	4084	2042.0	2042.0	0	408.4	1021.0	3063.0	3675.6	1179.3822535548006	1390942.5	20	10.0	10.0	0	2.0	5.0	15.0	18.0	6.2048368229954285	38.5	255.0	127.5	127.5	0.0	25.5	63.75	191.25	229.5	74.04503134354572	5482.666666666667	255.0	127.5	127.5	0.0	25.5	63.75	191.25	229.5	74.04503134354572	5482.666666666667																					L628
23052023--s--Lm--st--L628--p--D04--pos003--tm--24--ch--Syto9--z--21	256.0	128.5	128.5	1.0	26.5	64.75	192.25	230.5	74.04503134354572	5482.666666666667	256.0	128.5	128.5	1.0	26.5	64.75	192.25	230.5	74.04503134354572	5482.666666666667	4082	2041.5	2041.5	1	409.1	1021.25	3061.75	3673.9	1178.5162281445257	1388900.5																					1.008	0.4576666666666667	0.395	0.023	0.035	0.242	0.662	0.906	0.3207250120170445	0.1028645333333333																															0.025	0.0233333333333333	0.024	0.021	0.021	0.023	0.024	0.025	0.0013165611772087	1.7333333333333323e-06											7464.0	3473.428571428572	3092.0	194.0	297.0	1889.0	5000.0	6832.0	2367.0258885662524	5602811.557142857	14366.0	4096.0	833.0	4.0	14.0	49.75	8515.5	13316.5	5201.892285411113	27059683.349019658	14516.0	4096.0	944.0	1.0	19.0	80.25	8030.0	13521.0	5197.82051006977	27017338.05490196	23052023_s_Lm_st_L628_p_D04_pos003_tm_24_ch_Syto9_z_21.tif	23052023_s_Lm_st_L628_p_D04_pos003_tm_24_ch_Syto9_z_21.tif	4095	2054.499755022048	2054.5	13	422.1	1034.25	3074.75	3686.9	1178.516652510675	1388901.5002449667																																																			272.96	272.1018095238095	271.963	271.552	271.712	271.849	272.338	272.693	0.4015835677723504	0.1612693619047699																							slice_0021	slice_0001	347460	32156.18226359628	3706.0	6	108.0	420.0	25953.5	97776.0	67716.52968174983	4585528392.139306	17263.062	1597.9952689857912	184.2255	0.298	5.37	20.882	1290.36025	4857.4305	3364.644998834825	11320835.9681842	14551.588	676.3604666829984	13.333	0.0	0.0	0.0	162.00025	1310.1628000000003	2153.356173543739	4636942.810138932	58619	5394.400048995591	618.5	1	18.0	70.0	4334.5	16360.6	11390.427057737445	129741828.55763724											183.581	83.36119047619047	71.991	4.168	6.374	44.063	120.535	165.032	58.42021059498078	3412.9210059619045	255.0	127.5	127.5	0.0	25.5	63.75	191.25	229.5	74.04503134354572	5482.666666666667	255	127.5	127.5	0	25.5	63.75	191.25	229.5	74.04503134354572	5482.666666666667	4081	2040.5	2040.5	0	408.1	1020.25	3060.75	3672.9	1178.5162281445257	1388900.5	20	10.0	10.0	0	2.0	5.0	15.0	18.0	6.2048368229954285	38.5	255.0	127.5	127.5	0.0	25.5	63.75	191.25	229.5	74.04503134354572	5482.666666666667	255.0	127.5	127.5	0.0	25.5	63.75	191.25	229.5	74.04503134354572	5482.666666666667																					L628
23052023--s--Lm--st--L628--p--D04--pos004--tm--24--ch--Syto9--z--21	256.0	128.5	128.5	1.0	26.5	64.75	192.25	230.5	74.04503134354572	5482.666666666667	256.0	128.5	128.5	1.0	26.5	64.75	192.25	230.5	74.04503134354572	5482.666666666667	4084	2042.5	2042.5	1	409.3	1021.75	3063.25	3675.7	1179.0935784180435	1390261.6666666667																					0.968	0.4362380952380952	0.389	0.027	0.055	0.21	0.663	0.877	0.303355386430158	0.0920244904761904																															0.025	0.0234285714285714	0.024	0.021	0.022	0.023	0.024	0.024	0.0009783367810436	9.571428571428596e-07											7131.0	3309.8571428571427	3023.0	224.0	443.0	1658.0	5042.0	6607.0	2231.0791623273767	4977714.228571429	14516.0	4096.0	944.0	1.0	19.0	80.25	8030.0	13521.0	5197.82051006977	27017338.05490196	15274.0	4096.0	984.0	11.0	24.0	97.25	7940.25	13658.5	5250.753247177505	27570409.66274511	23052023_s_Lm_st_L628_p_D04_pos004_tm_24_ch_Syto9_z_21.tif	23052023_s_Lm_st_L628_p_D04_pos004_tm_24_ch_Syto9_z_21.tif	4095	2053.5	2053.5	12	420.3	1032.75	3074.25	3686.7	1179.0935784180435	1390261.6666666667																																																			272.957	272.0019047619048	271.971	271.436	271.532	271.73	272.23	272.39	0.3727490985585233	0.1389418904761917																							slice_0021	slice_0001	356124	32140.80803134182	3598.0	6	126.0	431.5	25733.5	100327.40000000004	67541.73329900508	4561885737.033931	17690.72	1597.1275526444665	178.90449999999998	0.298	6.265	21.47025	1279.18775	4985.695100000003	3355.737875643588	11260976.690028936	14905.333	671.8783131733594	13.333	0.0	0.0	0.0	160.0	1375.0670000000032	2156.627568835132	4651042.47065973	60045	5391.728942213516	600.0	1	21.0	72.0	4295.0	16785.90000000001	11361.174409151748	129076283.95516458											176.321	79.44190476190477	70.758	4.933	9.969	38.158	120.691	159.683	55.24703029476314	3052.2343563904765	255.0	127.5	127.5	0.0	25.5	63.75	191.25	229.5	74.04503134354572	5482.666666666667	255	127.5	127.5	0	25.5	63.75	191.25	229.5	74.04503134354572	5482.666666666667	4083	2041.5	2041.5	0	408.3	1020.75	3062.25	3674.7	1179.0935784180435	1390261.6666666667	20	10.0	10.0	0	2.0	5.0	15.0	18.0	6.2048368229954285	38.5	255.0	127.5	127.5	0.0	25.5	63.75	191.25	229.5	74.04503134354572	5482.666666666667	255.0	127.5	127.5	0.0	25.5	63.75	191.25	229.5	74.04503134354572	5482.666666666667																					L628
23052023--s--Lm--st--L628--p--D04--pos005--tm--24--ch--Syto9--z--21	256.0	128.5	128.5	1.0	26.5	64.75	192.25	230.5	74.04503134354572	5482.666666666667	256.0	128.5	128.5	1.0	26.5	64.75	192.25	230.5	74.04503134354572	5482.666666666667	4083	2042.0	2042.0	1	409.2000000000001	1021.5	3062.5	3674.8	1178.804903281285	1389581.0																					0.719	0.3301428571428571	0.272	0.033	0.058	0.184	0.5	0.668	0.2184653944482479	0.0477271285714285																															0.024	0.0231904761904761	0.023	0.021	0.022	0.023	0.024	0.024	0.0008728715609439	7.619047619047628e-07											5425.0	2538.4761904761904	2174.0	274.0	487.0	1446.0	3865.0	4994.0	1624.5901827552575	2639293.261904761	15274.0	4096.0	984.0	11.0	24.0	97.25	7940.25	13658.5	5250.753247177505	27570409.66274511	15761.0	4096.0	971.0	6.0	18.0	72.0	7603.0	13491.0	5233.040028248867	27384707.937254906	23052023_s_Lm_st_L628_p_D04_pos005_tm_24_ch_Syto9_z_21.tif	23052023_s_Lm_st_L628_p_D04_pos005_tm_24_ch_Syto9_z_21.tif	4095	2054.0	2054.0	13	421.2000000000001	1033.5	3074.5	3686.8	1178.804903281285	1389581.0																																																			272.322	271.9217619047619	271.944	270.654	271.74	271.833	272.099	272.277	0.3528058821451113	0.1244719904761901																							slice_0021	slice_0001	339852	32152.37668381092	4054.0	18	126.0	444.0	28969.0	107326.40000000008	63459.40219389587	4027095726.806636	16883.055	1597.8053103110458	201.528	0.895	6.265	22.075	1440.126	5333.802600000003	3153.066697371303	9941829.598071974	15725.018	659.9998359049719	13.333	0.0	0.0	0.0	173.333	1500.5336000000018	2095.9301021650112	4392922.993161434	57381	5393.047514082782	676.0	3	21.0	74.0	4835.0	17957.20000000001	10676.249335569742	113982299.87525336											130.938	60.1127619047619	49.499	5.992	10.542	33.555	91.009	121.612	39.78226850231741	1582.6288871904756	255.0	127.5	127.5	0.0	25.5	63.75	191.25	229.5	74.04503134354572	5482.666666666667	255	127.5	127.5	0	25.5	63.75	191.25	229.5	74.04503134354572	5482.666666666667	4082	2041.0	2041.0	0	408.2000000000001	1020.5	3061.5	3673.8	1178.804903281285	1389581.0	20	10.0	10.0	0	2.0	5.0	15.0	18.0	6.2048368229954285	38.5	255.0	127.5	127.5	0.0	25.5	63.75	191.25	229.5	74.04503134354572	5482.666666666667	255.0	127.5	127.5	0.0	25.5	63.75	191.25	229.5	74.04503134354572	5482.666666666667																					L628
23052023--s--Lm--st--L628--p--D05--pos001--tm--24--ch--Syto9--z--21	256.0	128.5	128.5	1.0	26.5	64.75	192.25	230.5	74.04503134354572	5482.666666666667	256.0	128.5	128.5	1.0	26.5	64.75	192.25	230.5	74.04503134354572	5482.666666666667	3955	1978.0	1978.0	1	396.4	989.5	2966.5	3559.6	1141.8544857671957	1303831.6666666667																					0.305	0.1365714285714285	0.115	0.024	0.047	0.077	0.177	0.268	0.0799697264147948	0.0063951571428571																															0.028	0.025	0.025	0.022	0.024	0.024	0.025	0.027	0.0013416407864998	1.8000000000000008e-06											2293.0	1001.7142857142856	830.0	199.0	347.0	520.0	1288.0	1995.0	604.9302557202064	365940.6142857144	15761.0	4096.0	971.0	6.0	18.0	72.0	7603.0	13491.0	5233.040028248867	27384707.937254906	15635.0	4096.0	465.0	0.0	1.0	8.0	8114.25	14253.0	5551.63401347818	30820640.21960785	23052023_s_Lm_st_L628_p_D05_pos001_tm_24_ch_Syto9_z_21.tif	23052023_s_Lm_st_L628_p_D05_pos001_tm_24_ch_Syto9_z_21.tif	4095	1991.8867256637168	1987.0	10	405.4	998.5	2975.5	3573.6	1149.9407439213442	1322363.7145303744																																																			273.785	272.5489523809524	272.381	271.622	271.822	272.239	273.119	273.414	0.6366318776334351	0.405300147619073																							slice_0021	slice_0001	1024312	33043.80581542351	2372.0	6	18.0	108.0	21304.0	56929.6	112696.70375854045	12700547038.04022	50868.707	1641.601821238938	117.965	0.298	0.895	5.37	1058.948	2828.9248	5597.307706475251	31329853.56096723	72279.661	1144.6107337547407	6.667	0.0	0.0	0.0	126.667	614.1333999999999	6587.13966620774	43390408.98212743	174558	5567.658912768648	396.0	1	3.0	18.0	3556.5	9521.8	19118.946455287754	365534113.56016016											55.543	24.85214285714285	20.929	4.325	8.562	13.947	32.235	48.822	14.571400276863288	212.32570602857143	255.0	127.5	127.5	0.0	25.5	63.75	191.25	229.5	74.04503134354572	5482.666666666667	255	127.5	127.5	0	25.5	63.75	191.25	229.5	74.04503134354572	5482.666666666667	3954	1977.0	1977.0	0	395.4	988.5	2965.5	3558.6	1141.8544857671957	1303831.6666666667	20	10.0	10.0	0	2.0	5.0	15.0	18.0	6.2048368229954285	38.5	255.0	127.5	127.5	0.0	25.5	63.75	191.25	229.5	74.04503134354572	5482.666666666667	255.0	127.5	127.5	0.0	25.5	63.75	191.25	229.5	74.04503134354572	5482.666666666667																					L628
23052023--s--Lm--st--L628--p--D05--pos002--tm--24--ch--Syto9--z--21	256.0	128.5	128.5	1.0	26.5	64.75	192.25	230.5	74.04503134354572	5482.666666666667	256.0	128.5	128.5	1.0	26.5	64.75	192.25	230.5	74.04503134354572	5482.666666666667	3825	1913.0	1913.0	1	383.4	957.0	2869.0	3442.6	1104.3267179598618	1219537.5																					0.284	0.1189523809523809	0.087	0.03	0.038	0.064	0.17	0.234	0.0798207217397063	0.0063713476190476																															0.028	0.0255238095238095	0.025	0.022	0.024	0.025	0.026	0.027	0.001400680106914	1.9619047619047617e-06											2053.0	857.952380952381	629.0	235.0	293.0	433.0	1232.0	1712.0	586.3738121872834	343834.2476190476	15635.0	4096.0	465.0	0.0	1.0	8.0	8114.25	14253.0	5551.63401347818	30820640.21960785	18196.0	4096.0	120.5	0.0	0.0	1.0	6946.5	16077.5	6245.273519497232	39003441.33333334	23052023_s_Lm_st_L628_p_D05_pos002_tm_24_ch_Syto9_z_21.tif	23052023_s_Lm_st_L628_p_D05_pos002_tm_24_ch_Syto9_z_21.tif	4095	1931.7288888888888	1922.0	10	392.4	966.0	2878.0	3465.2	1120.611636714244	1255770.440339377																																																			274.901	272.9907142857143	272.753	270.986	272.116	272.428	273.465	274.415	0.9444225824734028	0.8919340142857315																							slice_0021	slice_0001	1076228	34151.480784313724	1880.0	6	12.0	90.0	22064.0	63260.0	116208.3360002765	13504377355.953156	53460.842	1696.796654117647	93.504	0.298	0.597	4.475	1096.737	3143.8844	5772.465311472106	33321355.772148754	81110.02	1229.5879009150326	6.667	0.0	0.0	0.0	133.333	697.0669999999997	7166.34965431033	51356567.367833786	183521	5756.887843137255	314.0	1	2.0	15.0	3685.0	10579.8	19734.47690049875	389449578.5363187											51.635	21.680333333333333	15.909	5.436	6.999	11.741	30.985	42.656	14.521348733273136	210.8695690333333	255.0	127.5	127.5	0.0	25.5	63.75	191.25	229.5	74.04503134354572	5482.666666666667	255	127.5	127.5	0	25.5	63.75	191.25	229.5	74.04503134354572	5482.666666666667	3824	1912.0	1912.0	0	382.4	956.0	2868.0	3441.6	1104.3267179598618	1219537.5	20	10.0	10.0	0	2.0	5.0	15.0	18.0	6.2048368229954285	38.5	255.0	127.5	127.5	0.0	25.5	63.75	191.25	229.5	74.04503134354572	5482.666666666667	255.0	127.5	127.5	0.0	25.5	63.75	191.25	229.5	74.04503134354572	5482.666666666667																					L628
23052023--s--Lm--st--L628--p--D05--pos003--tm--24--ch--Syto9--z--21	256.0	128.5	128.5	1.0	26.5	64.75	192.25	230.5	74.04503134354572	5482.666666666667	256.0	128.5	128.5	1.0	26.5	64.75	192.25	230.5	74.04503134354572	5482.666666666667	4081	2041.0	2041.0	1	409.0	1021.0	3061.0	3673.0	1178.2275530077654	1388220.1666666667																					0.715	0.2852857142857142	0.234	0.024	0.028	0.138	0.414	0.633	0.2190045987775469	0.0479630142857143																															0.025	0.023047619047619	0.023	0.02	0.021	0.023	0.024	0.024	0.0012835961388299	1.6476190476190465e-06											5413.0	2187.3809523809523	1818.0	209.0	241.0	1085.0	3141.0	4704.0	1639.9600140305397	2689468.847619048	18196.0	4096.0	120.5	0.0	0.0	1.0	6946.5	16077.5	6245.273519497232	39003441.33333334	18173.0	4096.0	362.0	0.0	3.0	15.75	6797.5	15895.0	6086.81212355458	37049281.82745101	23052023_s_Lm_st_L628_p_D05_pos003_tm_24_ch_Syto9_z_21.tif	23052023_s_Lm_st_L628_p_D05_pos003_tm_24_ch_Syto9_z_21.tif	4095	2049.214898309238	2049.0	9	417.0	1029.0	3069.0	3681.0	1178.5821413276278	1389055.863856417																																																			272.986	272.01300000000003	271.984	271.265	271.503	271.768	272.261	272.526	0.418824664985274	0.175414100000027																							slice_0021	slice_0001	453212	32130.443028669444	2048.0	6	42.0	168.0	24250.0	97816.0	73530.12410936732	5406679151.538961	22514.675	1596.5271727517766	101.759	0.298	2.088	8.353	1205.551	4861.029	3652.7283633067486	13342424.496105598	25116.517	782.9411359960794	6.667	0.0	0.0	0.0	149.333	1269.333	2943.116245025022	8661933.231730185	76774	5395.753491791228	342.0	1	7.0	28.0	4048.0	16365.0	12396.612244765172	153675995.1470618											130.226	51.95385714285714	42.656	4.29	5.106	25.114	75.378	115.272	39.89979309631281	1591.9934891285714	255.0	127.5	127.5	0.0	25.5	63.75	191.25	229.5	74.04503134354572	5482.666666666667	255	127.5	127.5	0	25.5	63.75	191.25	229.5	74.04503134354572	5482.666666666667	4080	2040.0	2040.0	0	408.0	1020.0	3060.0	3672.0	1178.2275530077654	1388220.1666666667	20	10.0	10.0	0	2.0	5.0	15.0	18.0	6.2048368229954285	38.5	255.0	127.5	127.5	0.0	25.5	63.75	191.25	229.5	74.04503134354572	5482.666666666667	255.0	127.5	127.5	0.0	25.5	63.75	191.25	229.5	74.04503134354572	5482.666666666667																					L628
23052023--s--Lm--st--L628--p--D05--pos004--tm--24--ch--Syto9--z--21	256.0	128.5	128.5	1.0	26.5	64.75	192.25	230.5	74.04503134354572	5482.666666666667	256.0	128.5	128.5	1.0	26.5	64.75	192.25	230.5	74.04503134354572	5482.666666666667	4084	2042.5	2042.5	1	409.3	1021.75	3063.25	3675.7	1179.0935784180435	1390261.6666666667																					0.689	0.3425238095238095	0.311	0.018	0.03	0.212	0.534	0.632	0.2190891642796646	0.0480000619047619																															0.025	0.0232857142857142	0.024	0.02	0.022	0.023	0.024	0.024	0.0013093073414159	1.7142857142857155e-06											5155.0	2608.095238095238	2410.0	160.0	251.0	1640.0	4062.0	4728.0	1627.2823020226672	2648047.6904761908	18173.0	4096.0	362.0	0.0	3.0	15.75	6797.5	15895.0	6086.81212355458	37049281.82745101	15069.0	4096.0	954.0	4.0	16.5	73.25	8229.25	13511.5	5213.9124649496025	27184883.19215684	23052023_s_Lm_st_L628_p_D05_pos004_tm_24_ch_Syto9_z_21.tif	23052023_s_Lm_st_L628_p_D05_pos004_tm_24_ch_Syto9_z_21.tif	4095	2053.5	2053.5	12	420.3	1032.75	3074.25	3686.7	1179.0935784180435	1390261.6666666667																																																			273.01	272.1081904761905	272.096	271.243	271.682	271.829	272.355	272.586	0.4074487230373575	0.1660144619047732																							slice_0021	slice_0001	297674	32148.99461312439	3714.0	18	84.0	347.5	30325.5	109542.2	61415.52201162022	3771866343.959808	14786.921	1597.5266471596474	184.607	0.895	4.176	17.269	1507.62575	5444.2901	3051.2347050024464	9310033.225011364	13830.255	648.0438856513222	13.333	0.0	0.0	0.0	190.333	1514.5331000000026	1961.3960010346009	3847074.272874523	50234	5391.756121449559	619.5	3	14.0	58.0	5063.25	18325.4	10328.175123923043	106671201.39042276											125.45	62.37642857142857	56.707	3.23	5.54	38.592	97.192	115.185	39.88821337509544	1591.069566257143	255.0	127.5	127.5	0.0	25.5	63.75	191.25	229.5	74.04503134354572	5482.666666666667	255	127.5	127.5	0	25.5	63.75	191.25	229.5	74.04503134354572	5482.666666666667	4083	2041.5	2041.5	0	408.3	1020.75	3062.25	3674.7	1179.0935784180435	1390261.6666666667	20	10.0	10.0	0	2.0	5.0	15.0	18.0	6.2048368229954285	38.5	255.0	127.5	127.5	0.0	25.5	63.75	191.25	229.5	74.04503134354572	5482.666666666667	255.0	127.5	127.5	0.0	25.5	63.75	191.25	229.5	74.04503134354572	5482.666666666667																					L628
23052023--s--Lm--st--L628--p--D05--pos005--tm--24--ch--Syto9--z--21	256.0	128.5	128.5	1.0	26.5	64.75	192.25	230.5	74.04503134354572	5482.666666666667	256.0	128.5	128.5	1.0	26.5	64.75	192.25	230.5	74.04503134354572	5482.666666666667	4064	2032.5	2032.5	1	407.3	1016.75	3048.25	3657.7	1173.3200756826757	1376680.0																					0.348	0.1533809523809524	0.135	0.012	0.058	0.073	0.219	0.307	0.1012672090019647	0.0102550476190476																															0.025	0.0238095238095238	0.024	0.02	0.023	0.024	0.024	0.025	0.0012497618820818	1.5619047619047596e-06											2607.0	1157.2857142857142	1016.0	108.0	417.0	563.0	1666.0	2316.0	755.9836732930906	571511.3142857144	15069.0	4096.0	954.0	4.0	16.5	73.25	8229.25	13511.5	5213.9124649496025	27184883.19215684	16584.0	4096.0	467.0	0.0	3.5	13.0	7731.25	14517.5	5691.433125286447	32392411.01960785	23052023_s_Lm_st_L628_p_D05_pos005_tm_24_ch_Syto9_z_21.tif	23052023_s_Lm_st_L628_p_D05_pos005_tm_24_ch_Syto9_z_21.tif	4095	2041.4493110236224	2040.5	9	415.3	1024.75	3056.25	3666.7	1174.86108578754	1380298.5708978777																																																			274.342	272.3871904761905	272.345	270.201	271.753	272.204	272.562	273.216	0.7775279171224123	0.6045496619047168																							slice_0021	slice_0001	784422	32198.85531496063	2557.0	6	30.0	132.0	24747.5	69973.8	92494.76153817936	8555280912.004664	38954.413	1599.8104185531497	126.5195	0.298	1.492	6.563	1230.3025	3477.751	4594.389425743923	21108414.19538758	53659.37	986.5054458661418	6.667	0.0	0.0	0.0	156.0	817.4670000000011	5084.843732887363	25855635.787883896	133482	5418.318159448819	426.5	1	5.0	22.0	4130.75	11700.2	15670.754958823096	245572560.97947863											63.446	27.952809523809524	24.628	2.119	10.56	13.339	39.964	55.978	18.457204315982004	340.6683911619047	255.0	127.5	127.5	0.0	25.5	63.75	191.25	229.5	74.04503134354572	5482.666666666667	255	127.5	127.5	0	25.5	63.75	191.25	229.5	74.04503134354572	5482.666666666667	4063	2031.5	2031.5	0	406.3	1015.75	3047.25	3656.7	1173.3200756826757	1376680.0	20	10.0	10.0	0	2.0	5.0	15.0	18.0	6.2048368229954285	38.5	255.0	127.5	127.5	0.0	25.5	63.75	191.25	229.5	74.04503134354572	5482.666666666667	255.0	127.5	127.5	0.0	25.5	63.75	191.25	229.5	74.04503134354572	5482.666666666667																					L628
