group	name	true	predicted	decision makers
('L628', 'C04', '24')	23052023--s--Lm--st--L628--p--C04--pos001--tm--24--ch--Syto9--z--21	L628	19115	[('mean-SUMMARYCustomAlgos.tsv_q10.txt', 35.16278147713835), ('mean-SUMMARYCustomAlgos.tsv_q25.txt', 23.14850351540959), ('minProp-SUMMARYCustomAlgos.tsv_q25.txt', 12.77793615176889), ('minProp-SUMMARYCustomAlgos.tsv_median.txt', 8.83008420569448), ('std-SUMMARYCustomAlgos.tsv_var.txt', 3.7380500040155606), ('std-SUMMARYCustomAlgos.tsv_std.txt', 3.735401048998928), ('mean-SUMMARYCustomAlgos.tsv_min.txt', 2.284338766554444), ('minProp-SUMMARYCustomAlgos.tsv_min.txt', 1.9389269042685202), ('med-SUMMARYCustomAlgos.tsv_max.txt', 1.4784885255695692), ('min-SUMMARYCustomAlgos.tsv_var.txt', 0.9282800090761792), ('minProp-SUMMARYCustomAlgos.tsv_std.txt', 0.8043173890409967), ('min-SUMMARYCustomAlgos.tsv_std.txt', 0.7848523643317403), ('diff-SUMMARYCustomAlgos.tsv_q75.txt', 0.7841153322868392), ('minProp-SUMMARYCustomAlgos.tsv_var.txt', 0.6779409573143276), ('minProp-SUMMARYCustomAlgos.tsv_q75.txt', 0.37666393440339474), ('diff-SUMMARYCustomAlgos.tsv_q90.txt', 0.36887680154684177), ('med-SUMMARYCustomAlgos.tsv_var.txt', 0.35980184607562793), ('med-SUMMARYCustomAlgos.tsv_std.txt', 0.321945423265689), ('std-SUMMARYCustomAlgos.tsv_q10.txt', 0.26508039607819534), ('min-SUMMARYCustomAlgos.tsv_max.txt', 0.2145734200841512), ('minProp-SUMMARYCustomAlgos.tsv_mean.txt', 0.2097206779946288), ('max-SUMMARYCustomAlgos.tsv_mean.txt', 0.18964108864735085), ('diff-SUMMARYCustomAlgos.tsv_median.txt', 0.18951628392949116), ('diff-SUMMARYCustomAlgos.tsv_mean.txt', 0.1871549087816065), ('minProp-SUMMARYCustomAlgos.tsv_q10.txt', 0.1671727896904283), ('std-SUMMARYCustomAlgos.tsv_q25.txt', 0.1385343175308414), ('max-SUMMARYCustomAlgos.tsv_std.txt', 0.13549196513359846), ('std-SUMMARYCustomAlgos.tsv_min.txt', 0.11364896861123767), ('min-SUMMARYCustomAlgos.tsv_q90.txt', 0.1090454697456268), ('mean-SUMMARYCustomAlgos.tsv_q90.txt', 0.10412257841677706), ('minProp-SUMMARYCustomAlgos.tsv_max.txt', 0.07932601586873986), ('diff-SUMMARYCustomAlgos.tsv_std.txt', 0.07705667570171063), ('max-SUMMARYCustomAlgos.tsv_var.txt', 0.07331706079968041), ('diff-SUMMARYCustomAlgos.tsv_q25.txt', 0.07220019347401022), ('mean-SUMMARYCustomAlgos.tsv_max.txt', 0.07213171318395081), ('med-SUMMARYCustomAlgos.tsv_q10.txt', 0.06819209238495155), ('min-SUMMARYCustomAlgos.tsv_q10.txt', 0.05745179063360881), ('med-SUMMARYCustomAlgos.tsv_q75.txt', 0.05667235268989118), ('min-SUMMARYCustomAlgos.tsv_q25.txt', 0.05376383745485258), ('diff-SUMMARYCustomAlgos.tsv_q10.txt', 0.05340504531213028), ('mean-SUMMARYCustomAlgos.tsv_var.txt', 0.051502364209854726), ('med-SUMMARYCustomAlgos.tsv_min.txt', 0.05126466641784228), ('diff-SUMMARYCustomAlgos.tsv_min.txt', 0.04778393173924063), ('min-SUMMARYCustomAlgos.tsv_mean.txt', 0.042272885393826946), ('med-SUMMARYCustomAlgos.tsv_median.txt', 0.039177372161794954), ('std-SUMMARYCustomAlgos.tsv_median.txt', 0.03720258333341294), ('minProp-SUMMARYCustomAlgos.tsv_q90.txt', 0.0293428490220698), ('max-SUMMARYCustomAlgos.tsv_min.txt', 0.02925170068027211), ('diff-SUMMARYCustomAlgos.tsv_max.txt', 0.02760469118705512), ('mean-SUMMARYCustomAlgos.tsv_q75.txt', 0.02498512396694215), ('mean-SUMMARYCustomAlgos.tsv_mean.txt', 0.024166666666666666), ('med-SUMMARYCustomAlgos.tsv_q90.txt', 0.022450608003898), ('med-SUMMARYCustomAlgos.tsv_q25.txt', 0.02069197898132399), ('min-SUMMARYCustomAlgos.tsv_median.txt', 0.018868602987921188), ('min-SUMMARYCustomAlgos.tsv_min.txt', 0.012482638888888887), ('max-SUMMARYCustomAlgos.tsv_q10.txt', 0.012197025822573917), ('max-SUMMARYCustomAlgos.tsv_median.txt', 0.008888888888888889), ('mean-SUMMARYCustomAlgos.tsv_std.txt', 0.00875), ('max-SUMMARYCustomAlgos.tsv_q75.txt', 0.0072), ('min-SUMMARYCustomAlgos.tsv_q75.txt', 0.0072), ('diff-SUMMARYCustomAlgos.tsv_var.txt', 0.0060397777201389195), ('std-SUMMARYCustomAlgos.tsv_max.txt', 0.004132231404958678)]
('L628', 'C04', '24')	23052023--s--Lm--st--L628--p--C04--pos002--tm--24--ch--Syto9--z--21	L628	L455	[('mean-SUMMARYCustomAlgos.tsv_q10.txt', 34.8829341471523), ('mean-SUMMARYCustomAlgos.tsv_q25.txt', 23.141461014659537), ('minProp-SUMMARYCustomAlgos.tsv_q25.txt', 15.030945396604153), ('minProp-SUMMARYCustomAlgos.tsv_median.txt', 11.89358965300045), ('std-SUMMARYCustomAlgos.tsv_var.txt', 4.616321950314934), ('std-SUMMARYCustomAlgos.tsv_std.txt', 4.291511652936039), ('minProp-SUMMARYCustomAlgos.tsv_min.txt', 2.447688546158401), ('mean-SUMMARYCustomAlgos.tsv_min.txt', 2.351054815508401), ('med-SUMMARYCustomAlgos.tsv_max.txt', 1.6205791302527628), ('min-SUMMARYCustomAlgos.tsv_var.txt', 1.1441327289829597), ('minProp-SUMMARYCustomAlgos.tsv_std.txt', 1.0190793250948238), ('diff-SUMMARYCustomAlgos.tsv_q75.txt', 1.0107130263237267), ('min-SUMMARYCustomAlgos.tsv_std.txt', 0.9942615364444657), ('minProp-SUMMARYCustomAlgos.tsv_var.txt', 0.7042868674534715), ('minProp-SUMMARYCustomAlgos.tsv_q75.txt', 0.553973630607665), ('std-SUMMARYCustomAlgos.tsv_q10.txt', 0.4789149223845698), ('diff-SUMMARYCustomAlgos.tsv_q90.txt', 0.46036259354439807), ('med-SUMMARYCustomAlgos.tsv_var.txt', 0.40243160386109506), ('med-SUMMARYCustomAlgos.tsv_std.txt', 0.361197326765449), ('diff-SUMMARYCustomAlgos.tsv_mean.txt', 0.3377559674531295), ('minProp-SUMMARYCustomAlgos.tsv_q10.txt', 0.2586493454351014), ('diff-SUMMARYCustomAlgos.tsv_median.txt', 0.23964108121079125), ('max-SUMMARYCustomAlgos.tsv_std.txt', 0.23680063222277925), ('min-SUMMARYCustomAlgos.tsv_max.txt', 0.21254572593784332), ('minProp-SUMMARYCustomAlgos.tsv_mean.txt', 0.2097206779946288), ('max-SUMMARYCustomAlgos.tsv_mean.txt', 0.20032444017726322), ('mean-SUMMARYCustomAlgos.tsv_max.txt', 0.1919423495416977), ('std-SUMMARYCustomAlgos.tsv_q25.txt', 0.1584897957984677), ('std-SUMMARYCustomAlgos.tsv_min.txt', 0.14153801176231776), ('min-SUMMARYCustomAlgos.tsv_q90.txt', 0.12797240110912325), ('min-SUMMARYCustomAlgos.tsv_q10.txt', 0.11490208492340025), ('med-SUMMARYCustomAlgos.tsv_median.txt', 0.10481696678218491), ('mean-SUMMARYCustomAlgos.tsv_q90.txt', 0.10412257841677706), ('std-SUMMARYCustomAlgos.tsv_median.txt', 0.10351053914447794), ('max-SUMMARYCustomAlgos.tsv_var.txt', 0.09096558150973957), ('min-SUMMARYCustomAlgos.tsv_mean.txt', 0.08333916682640875), ('med-SUMMARYCustomAlgos.tsv_q75.txt', 0.07520675457047812), ('max-SUMMARYCustomAlgos.tsv_q25.txt', 0.07516210927774572), ('diff-SUMMARYCustomAlgos.tsv_std.txt', 0.07221210814246162), ('diff-SUMMARYCustomAlgos.tsv_q25.txt', 0.07220019347401022), ('med-SUMMARYCustomAlgos.tsv_min.txt', 0.0703155923437682), ('diff-SUMMARYCustomAlgos.tsv_min.txt', 0.06789178972582802), ('mean-SUMMARYCustomAlgos.tsv_q75.txt', 0.06513401936964898), ('min-SUMMARYCustomAlgos.tsv_q25.txt', 0.06408133402516422), ('med-SUMMARYCustomAlgos.tsv_q10.txt', 0.06204583038220805), ('diff-SUMMARYCustomAlgos.tsv_q10.txt', 0.057849489756574723), ('minProp-SUMMARYCustomAlgos.tsv_max.txt', 0.05661112586955287), ('std-SUMMARYCustomAlgos.tsv_mean.txt', 0.04580402891960407), ('minProp-SUMMARYCustomAlgos.tsv_q90.txt', 0.04124765833085081), ('mean-SUMMARYCustomAlgos.tsv_median.txt', 0.038514378244654465), ('mean-SUMMARYCustomAlgos.tsv_std.txt', 0.03762725), ('min-SUMMARYCustomAlgos.tsv_median.txt', 0.03440037733063488), ('max-SUMMARYCustomAlgos.tsv_q10.txt', 0.03139350330689155), ('med-SUMMARYCustomAlgos.tsv_q25.txt', 0.03135131721416912), ('diff-SUMMARYCustomAlgos.tsv_max.txt', 0.02760469118705512), ('mean-SUMMARYCustomAlgos.tsv_mean.txt', 0.024166666666666666), ('med-SUMMARYCustomAlgos.tsv_q90.txt', 0.022157030724834364), ('std-SUMMARYCustomAlgos.tsv_q90.txt', 0.021597222222222223), ('max-SUMMARYCustomAlgos.tsv_min.txt', 0.018333333333333333), ('min-SUMMARYCustomAlgos.tsv_min.txt', 0.014700000000000001), ('min-SUMMARYCustomAlgos.tsv_q75.txt', 0.0144), ('max-SUMMARYCustomAlgos.tsv_q75.txt', 0.013500000000000002), ('diff-SUMMARYCustomAlgos.tsv_var.txt', 0.012706444386805585), ('max-SUMMARYCustomAlgos.tsv_median.txt', 0.008888888888888889), ('mean-SUMMARYCustomAlgos.tsv_var.txt', 0.005278401608025494), ('std-SUMMARYCustomAlgos.tsv_max.txt', 0.004132231404958678)]
('L628', 'C04', '24')	23052023--s--Lm--st--L628--p--C04--pos005--tm--24--ch--Syto9--z--21	L628	L455	[('mean-SUMMARYCustomAlgos.tsv_q10.txt', 34.92391533998505), ('mean-SUMMARYCustomAlgos.tsv_q25.txt', 23.715198268178575), ('minProp-SUMMARYCustomAlgos.tsv_q25.txt', 17.71931534860465), ('minProp-SUMMARYCustomAlgos.tsv_median.txt', 16.284591908017383), ('std-SUMMARYCustomAlgos.tsv_var.txt', 6.4109677462121635), ('std-SUMMARYCustomAlgos.tsv_std.txt', 5.968963281168628), ('minProp-SUMMARYCustomAlgos.tsv_min.txt', 3.13281493821536), ('med-SUMMARYCustomAlgos.tsv_max.txt', 2.44292192139756), ('mean-SUMMARYCustomAlgos.tsv_min.txt', 2.2467118551079537), ('minProp-SUMMARYCustomAlgos.tsv_std.txt', 1.4042327070043032), ('min-SUMMARYCustomAlgos.tsv_var.txt', 1.3161662751656795), ('diff-SUMMARYCustomAlgos.tsv_q75.txt', 1.0773314612305638), ('min-SUMMARYCustomAlgos.tsv_std.txt', 0.9427438716743545), ('minProp-SUMMARYCustomAlgos.tsv_var.txt', 0.8973993519669855), ('minProp-SUMMARYCustomAlgos.tsv_q75.txt', 0.6826420437346618), ('med-SUMMARYCustomAlgos.tsv_var.txt', 0.6070864717240297), ('std-SUMMARYCustomAlgos.tsv_q10.txt', 0.5899111023676185), ('med-SUMMARYCustomAlgos.tsv_std.txt', 0.49126201452547014), ('diff-SUMMARYCustomAlgos.tsv_q90.txt', 0.47027247410304435), ('diff-SUMMARYCustomAlgos.tsv_mean.txt', 0.3968883489193499), ('diff-SUMMARYCustomAlgos.tsv_median.txt', 0.3850256093313662), ('minProp-SUMMARYCustomAlgos.tsv_q10.txt', 0.3753347604018702), ('std-SUMMARYCustomAlgos.tsv_q25.txt', 0.3090282538150614), ('std-SUMMARYCustomAlgos.tsv_min.txt', 0.30023405353704724), ('max-SUMMARYCustomAlgos.tsv_std.txt', 0.2509287186425323), ('mean-SUMMARYCustomAlgos.tsv_max.txt', 0.2145462276580412), ('diff-SUMMARYCustomAlgos.tsv_std.txt', 0.18071103663724442), ('max-SUMMARYCustomAlgos.tsv_mean.txt', 0.1782203103697922), ('minProp-SUMMARYCustomAlgos.tsv_mean.txt', 0.1597993174057187), ('min-SUMMARYCustomAlgos.tsv_q90.txt', 0.15932603920176375), ('mean-SUMMARYCustomAlgos.tsv_q90.txt', 0.15236881325260934), ('min-SUMMARYCustomAlgos.tsv_max.txt', 0.1482542542220205), ('diff-SUMMARYCustomAlgos.tsv_q25.txt', 0.12125241070948131), ('std-SUMMARYCustomAlgos.tsv_median.txt', 0.11904138466627429), ('min-SUMMARYCustomAlgos.tsv_mean.txt', 0.1158325147145048), ('diff-SUMMARYCustomAlgos.tsv_max.txt', 0.11189691098724212), ('minProp-SUMMARYCustomAlgos.tsv_max.txt', 0.11112984095047827), ('max-SUMMARYCustomAlgos.tsv_q25.txt', 0.10696226021359345), ('mean-SUMMARYCustomAlgos.tsv_var.txt', 0.0986760757070172), ('diff-SUMMARYCustomAlgos.tsv_q10.txt', 0.0934729171682002), ('diff-SUMMARYCustomAlgos.tsv_var.txt', 0.08700289481539764), ('max-SUMMARYCustomAlgos.tsv_var.txt', 0.08483224817640625), ('diff-SUMMARYCustomAlgos.tsv_min.txt', 0.08038867745783346), ('minProp-SUMMARYCustomAlgos.tsv_q90.txt', 0.07543207174819729), ('mean-SUMMARYCustomAlgos.tsv_q75.txt', 0.06893818519143194), ('med-SUMMARYCustomAlgos.tsv_q90.txt', 0.0659521734610609), ('mean-SUMMARYCustomAlgos.tsv_std.txt', 0.05358185428361424), ('med-SUMMARYCustomAlgos.tsv_q75.txt', 0.053309332803354946), ('min-SUMMARYCustomAlgos.tsv_q10.txt', 0.05245179063360881), ('med-SUMMARYCustomAlgos.tsv_median.txt', 0.04431109617971568), ('med-SUMMARYCustomAlgos.tsv_q25.txt', 0.04139429642445214), ('std-SUMMARYCustomAlgos.tsv_mean.txt', 0.03974044194333068), ('med-SUMMARYCustomAlgos.tsv_min.txt', 0.038967592592592595), ('min-SUMMARYCustomAlgos.tsv_min.txt', 0.03291923545706371), ('min-SUMMARYCustomAlgos.tsv_median.txt', 0.02824360298792119), ('min-SUMMARYCustomAlgos.tsv_q25.txt', 0.022554066818245518), ('max-SUMMARYCustomAlgos.tsv_q10.txt', 0.01919647748431763), ('mean-SUMMARYCustomAlgos.tsv_mean.txt', 0.01621673553719008), ('mean-SUMMARYCustomAlgos.tsv_median.txt', 0.01111111111111111), ('max-SUMMARYCustomAlgos.tsv_median.txt', 0.008888888888888889), ('max-SUMMARYCustomAlgos.tsv_min.txt', 0.0075), ('min-SUMMARYCustomAlgos.tsv_q75.txt', 0.0072), ('max-SUMMARYCustomAlgos.tsv_q75.txt', 0.006300000000000001), ('med-SUMMARYCustomAlgos.tsv_mean.txt', 0.0048)]
('L628', 'D03', '24')	13042023--s--Lm--st--L628--p--D03--pos001--tm--24--ch--Syto9--z--21	L628	L455	[('mean-SUMMARYCustomAlgos.tsv_q10.txt', 47.51051238926504), ('minProp-SUMMARYCustomAlgos.tsv_q25.txt', 20.115517868465272), ('minProp-SUMMARYCustomAlgos.tsv_median.txt', 12.286830660300703), ('std-SUMMARYCustomAlgos.tsv_var.txt', 6.502427462810492), ('mean-SUMMARYCustomAlgos.tsv_q25.txt', 6.209334704043423), ('std-SUMMARYCustomAlgos.tsv_std.txt', 5.605418745629767), ('minProp-SUMMARYCustomAlgos.tsv_min.txt', 4.712824019140022), ('mean-SUMMARYCustomAlgos.tsv_min.txt', 4.60179034464905), ('std-SUMMARYCustomAlgos.tsv_q25.txt', 1.6705205451909122), ('minProp-SUMMARYCustomAlgos.tsv_mean.txt', 1.6430715047254327), ('diff-SUMMARYCustomAlgos.tsv_q75.txt', 1.5015002471218737), ('minProp-SUMMARYCustomAlgos.tsv_q75.txt', 1.0212435244103963), ('med-SUMMARYCustomAlgos.tsv_median.txt', 0.9596426000100104), ('diff-SUMMARYCustomAlgos.tsv_q90.txt', 0.8152337972628045), ('min-SUMMARYCustomAlgos.tsv_mean.txt', 0.7575521527115806), ('std-SUMMARYCustomAlgos.tsv_q10.txt', 0.7397226584067963), ('minProp-SUMMARYCustomAlgos.tsv_var.txt', 0.7086970107246501), ('min-SUMMARYCustomAlgos.tsv_std.txt', 0.5002420365635911), ('med-SUMMARYCustomAlgos.tsv_q75.txt', 0.47216531152042535), ('min-SUMMARYCustomAlgos.tsv_q10.txt', 0.4374835788137217), ('med-SUMMARYCustomAlgos.tsv_q25.txt', 0.4365239141346868), ('min-SUMMARYCustomAlgos.tsv_var.txt', 0.4168597649522733), ('std-SUMMARYCustomAlgos.tsv_mean.txt', 0.4091181476605154), ('diff-SUMMARYCustomAlgos.tsv_median.txt', 0.3589956984776658), ('std-SUMMARYCustomAlgos.tsv_median.txt', 0.32470385495193516), ('minProp-SUMMARYCustomAlgos.tsv_std.txt', 0.3172578298989262), ('minProp-SUMMARYCustomAlgos.tsv_q10.txt', 0.30326973366498583), ('min-SUMMARYCustomAlgos.tsv_q25.txt', 0.2832136501814165), ('std-SUMMARYCustomAlgos.tsv_min.txt', 0.2428159566203362), ('min-SUMMARYCustomAlgos.tsv_min.txt', 0.2225118734871118), ('min-SUMMARYCustomAlgos.tsv_median.txt', 0.18624518357368086), ('diff-SUMMARYCustomAlgos.tsv_max.txt', 0.13390534845502702), ('diff-SUMMARYCustomAlgos.tsv_q10.txt', 0.12734798988395207), ('minProp-SUMMARYCustomAlgos.tsv_max.txt', 0.10003286465799349), ('min-SUMMARYCustomAlgos.tsv_q90.txt', 0.09882065494033114), ('minProp-SUMMARYCustomAlgos.tsv_q90.txt', 0.09813565648972881), ('mean-SUMMARYCustomAlgos.tsv_median.txt', 0.09334630317715086), ('std-SUMMARYCustomAlgos.tsv_q75.txt', 0.08854046655263195), ('diff-SUMMARYCustomAlgos.tsv_min.txt', 0.08370443496602226), ('diff-SUMMARYCustomAlgos.tsv_q25.txt', 0.07952346576906924), ('med-SUMMARYCustomAlgos.tsv_var.txt', 0.07125745909369159), ('min-SUMMARYCustomAlgos.tsv_max.txt', 0.0629592237045336), ('std-SUMMARYCustomAlgos.tsv_q90.txt', 0.05792794600277627), ('med-SUMMARYCustomAlgos.tsv_std.txt', 0.05111996882086169), ('diff-SUMMARYCustomAlgos.tsv_std.txt', 0.045781812794007545), ('med-SUMMARYCustomAlgos.tsv_max.txt', 0.04568080415943872), ('diff-SUMMARYCustomAlgos.tsv_mean.txt', 0.045126537161184546), ('diff-SUMMARYCustomAlgos.tsv_var.txt', 0.0383484828979902), ('med-SUMMARYCustomAlgos.tsv_q10.txt', 0.033954744105078406), ('mean-SUMMARYCustomAlgos.tsv_std.txt', 0.0313561851813996), ('mean-SUMMARYCustomAlgos.tsv_mean.txt', 0.012097147958406048), ('med-SUMMARYCustomAlgos.tsv_min.txt', 0.010340136054421769), ('max-SUMMARYCustomAlgos.tsv_std.txt', 0.007133058984910834), ('mean-SUMMARYCustomAlgos.tsv_q75.txt', 0.006666666666666666), ('med-SUMMARYCustomAlgos.tsv_mean.txt', 0.006632653061224491), ('max-SUMMARYCustomAlgos.tsv_min.txt', 0.005804587300652881), ('mean-SUMMARYCustomAlgos.tsv_var.txt', 0.004360584973477204)]
('L628', 'D03', '24')	13042023--s--Lm--st--L628--p--D03--pos002--tm--24--ch--Syto9--z--21	L628	L455	[('mean-SUMMARYCustomAlgos.tsv_q10.txt', 46.9546724389993), ('minProp-SUMMARYCustomAlgos.tsv_q25.txt', 21.46903496537168), ('minProp-SUMMARYCustomAlgos.tsv_median.txt', 11.84962475170359), ('mean-SUMMARYCustomAlgos.tsv_q25.txt', 6.322247510274949), ('std-SUMMARYCustomAlgos.tsv_var.txt', 6.310933649790164), ('std-SUMMARYCustomAlgos.tsv_std.txt', 5.661313357995339), ('minProp-SUMMARYCustomAlgos.tsv_min.txt', 5.324090902120475), ('mean-SUMMARYCustomAlgos.tsv_min.txt', 4.623259799343048), ('std-SUMMARYCustomAlgos.tsv_q25.txt', 1.9290763477121307), ('minProp-SUMMARYCustomAlgos.tsv_mean.txt', 1.5467939801235817), ('diff-SUMMARYCustomAlgos.tsv_q75.txt', 1.511718469344096), ('minProp-SUMMARYCustomAlgos.tsv_q75.txt', 1.0657833547544195), ('std-SUMMARYCustomAlgos.tsv_q10.txt', 0.9786696537352484), ('med-SUMMARYCustomAlgos.tsv_median.txt', 0.8848962183063727), ('diff-SUMMARYCustomAlgos.tsv_q90.txt', 0.8619193426426889), ('min-SUMMARYCustomAlgos.tsv_mean.txt', 0.6887613535761038), ('minProp-SUMMARYCustomAlgos.tsv_var.txt', 0.6585866140487083), ('std-SUMMARYCustomAlgos.tsv_median.txt', 0.5611646191355961), ('min-SUMMARYCustomAlgos.tsv_std.txt', 0.5391388626039507), ('med-SUMMARYCustomAlgos.tsv_q75.txt', 0.47715879256152044), ('std-SUMMARYCustomAlgos.tsv_mean.txt', 0.4590986509961586), ('min-SUMMARYCustomAlgos.tsv_q10.txt', 0.44090090742101345), ('med-SUMMARYCustomAlgos.tsv_q25.txt', 0.4365239141346868), ('min-SUMMARYCustomAlgos.tsv_var.txt', 0.43614745433273616), ('minProp-SUMMARYCustomAlgos.tsv_std.txt', 0.3417029313372837), ('diff-SUMMARYCustomAlgos.tsv_median.txt', 0.3359123313802157), ('min-SUMMARYCustomAlgos.tsv_q25.txt', 0.330870810390629), ('std-SUMMARYCustomAlgos.tsv_min.txt', 0.31240932984624914), ('minProp-SUMMARYCustomAlgos.tsv_q10.txt', 0.20767615504648795), ('min-SUMMARYCustomAlgos.tsv_median.txt', 0.1962073585494607), ('min-SUMMARYCustomAlgos.tsv_min.txt', 0.16425112172960316), ('diff-SUMMARYCustomAlgos.tsv_max.txt', 0.16157524948553412), ('min-SUMMARYCustomAlgos.tsv_max.txt', 0.13532921196758713), ('minProp-SUMMARYCustomAlgos.tsv_q90.txt', 0.10913533271677299), ('diff-SUMMARYCustomAlgos.tsv_min.txt', 0.09981255349875105), ('std-SUMMARYCustomAlgos.tsv_q75.txt', 0.08854046655263195), ('med-SUMMARYCustomAlgos.tsv_var.txt', 0.08494634798258048), ('diff-SUMMARYCustomAlgos.tsv_q10.txt', 0.08221835907329447), ('mean-SUMMARYCustomAlgos.tsv_median.txt', 0.08036019206603975), ('diff-SUMMARYCustomAlgos.tsv_std.txt', 0.07743402924357266), ('diff-SUMMARYCustomAlgos.tsv_q25.txt', 0.06691467879050729), ('med-SUMMARYCustomAlgos.tsv_max.txt', 0.0661107129335564), ('min-SUMMARYCustomAlgos.tsv_q90.txt', 0.06499418303006804), ('std-SUMMARYCustomAlgos.tsv_q90.txt', 0.05792794600277627), ('diff-SUMMARYCustomAlgos.tsv_var.txt', 0.05590386992905256), ('mean-SUMMARYCustomAlgos.tsv_std.txt', 0.04176940832189547), ('diff-SUMMARYCustomAlgos.tsv_mean.txt', 0.04014261263478021), ('minProp-SUMMARYCustomAlgos.tsv_max.txt', 0.03895050064134785), ('mean-SUMMARYCustomAlgos.tsv_var.txt', 0.03754723775342837), ('med-SUMMARYCustomAlgos.tsv_q10.txt', 0.023848953496742632), ('max-SUMMARYCustomAlgos.tsv_min.txt', 0.021993668562369017), ('mean-SUMMARYCustomAlgos.tsv_mean.txt', 0.017926286094287668), ('med-SUMMARYCustomAlgos.tsv_std.txt', 0.01640625), ('mean-SUMMARYCustomAlgos.tsv_max.txt', 0.013625139467551721), ('med-SUMMARYCustomAlgos.tsv_mean.txt', 0.012828571428571432), ('max-SUMMARYCustomAlgos.tsv_std.txt', 0.012133058984910834), ('max-SUMMARYCustomAlgos.tsv_mean.txt', 0.009922202121845976), ('max-SUMMARYCustomAlgos.tsv_q25.txt', 0.00691358024691358), ('med-SUMMARYCustomAlgos.tsv_q90.txt', 0.006284637384365508), ('std-SUMMARYCustomAlgos.tsv_max.txt', 0.005555555555555556), ('max-SUMMARYCustomAlgos.tsv_q10.txt', 0.001587461252846063)]
('L628', 'D03', '24')	13042023--s--Lm--st--L628--p--D03--pos005--tm--24--ch--Syto9--z--21	L628	L455	[('mean-SUMMARYCustomAlgos.tsv_q10.txt', 46.99458088266434), ('minProp-SUMMARYCustomAlgos.tsv_q25.txt', 21.84849527915318), ('minProp-SUMMARYCustomAlgos.tsv_median.txt', 11.91583368075299), ('mean-SUMMARYCustomAlgos.tsv_q25.txt', 6.676786136087705), ('std-SUMMARYCustomAlgos.tsv_var.txt', 6.521329413821427), ('minProp-SUMMARYCustomAlgos.tsv_min.txt', 5.947568002040296), ('std-SUMMARYCustomAlgos.tsv_std.txt', 5.649640035756301), ('mean-SUMMARYCustomAlgos.tsv_min.txt', 4.639766136120527), ('std-SUMMARYCustomAlgos.tsv_q25.txt', 1.9870014024978306), ('minProp-SUMMARYCustomAlgos.tsv_mean.txt', 1.5369107101283368), ('diff-SUMMARYCustomAlgos.tsv_q75.txt', 1.4116334479418966), ('std-SUMMARYCustomAlgos.tsv_q10.txt', 1.1390325340701577), ('minProp-SUMMARYCustomAlgos.tsv_q75.txt', 1.0668871436771228), ('diff-SUMMARYCustomAlgos.tsv_q90.txt', 0.9301889618790667), ('med-SUMMARYCustomAlgos.tsv_median.txt', 0.8234958063486801), ('minProp-SUMMARYCustomAlgos.tsv_var.txt', 0.7187289533783724), ('std-SUMMARYCustomAlgos.tsv_median.txt', 0.6023190037868006), ('min-SUMMARYCustomAlgos.tsv_std.txt', 0.5913269998640471), ('min-SUMMARYCustomAlgos.tsv_mean.txt', 0.5560080375904926), ('minProp-SUMMARYCustomAlgos.tsv_std.txt', 0.5106487955036058), ('std-SUMMARYCustomAlgos.tsv_mean.txt', 0.4904068566980991), ('min-SUMMARYCustomAlgos.tsv_var.txt', 0.4755544566269615), ('min-SUMMARYCustomAlgos.tsv_q10.txt', 0.4529996728531122), ('med-SUMMARYCustomAlgos.tsv_q25.txt', 0.4365239141346868), ('diff-SUMMARYCustomAlgos.tsv_median.txt', 0.35748331584504184), ('med-SUMMARYCustomAlgos.tsv_q75.txt', 0.35175841653808815), ('std-SUMMARYCustomAlgos.tsv_min.txt', 0.3414516261828976), ('min-SUMMARYCustomAlgos.tsv_q25.txt', 0.31604973612759046), ('minProp-SUMMARYCustomAlgos.tsv_q10.txt', 0.20514954382641296), ('min-SUMMARYCustomAlgos.tsv_median.txt', 0.1962073585494607), ('min-SUMMARYCustomAlgos.tsv_min.txt', 0.17659680074194883), ('diff-SUMMARYCustomAlgos.tsv_max.txt', 0.17295719659989184), ('minProp-SUMMARYCustomAlgos.tsv_q90.txt', 0.1630559179516606), ('diff-SUMMARYCustomAlgos.tsv_min.txt', 0.11047094598605972), ('diff-SUMMARYCustomAlgos.tsv_mean.txt', 0.10377270702780875), ('std-SUMMARYCustomAlgos.tsv_q75.txt', 0.08854046655263195), ('diff-SUMMARYCustomAlgos.tsv_q10.txt', 0.08704457489475448), ('std-SUMMARYCustomAlgos.tsv_q90.txt', 0.0837347286673382), ('mean-SUMMARYCustomAlgos.tsv_median.txt', 0.08036019206603975), ('med-SUMMARYCustomAlgos.tsv_max.txt', 0.07445154101717957), ('diff-SUMMARYCustomAlgos.tsv_var.txt', 0.06791958066272126), ('med-SUMMARYCustomAlgos.tsv_var.txt', 0.06642344260895112), ('diff-SUMMARYCustomAlgos.tsv_std.txt', 0.06404559949150655), ('min-SUMMARYCustomAlgos.tsv_q90.txt', 0.05647359951195781), ('max-SUMMARYCustomAlgos.tsv_min.txt', 0.05329565475988523), ('std-SUMMARYCustomAlgos.tsv_max.txt', 0.04964931016785414), ('mean-SUMMARYCustomAlgos.tsv_q90.txt', 0.02981790974587159), ('med-SUMMARYCustomAlgos.tsv_mean.txt', 0.029463208620653013), ('min-SUMMARYCustomAlgos.tsv_max.txt', 0.02859420866746873), ('min-SUMMARYCustomAlgos.tsv_q75.txt', 0.02713922151915625), ('med-SUMMARYCustomAlgos.tsv_q10.txt', 0.023848953496742632), ('max-SUMMARYCustomAlgos.tsv_std.txt', 0.023568716581282723), ('mean-SUMMARYCustomAlgos.tsv_std.txt', 0.01910922337584404), ('minProp-SUMMARYCustomAlgos.tsv_max.txt', 0.01847777096983364), ('max-SUMMARYCustomAlgos.tsv_q25.txt', 0.01813956513304549), ('med-SUMMARYCustomAlgos.tsv_std.txt', 0.01640625), ('mean-SUMMARYCustomAlgos.tsv_max.txt', 0.013625139467551721), ('diff-SUMMARYCustomAlgos.tsv_q25.txt', 0.01188861479453852), ('mean-SUMMARYCustomAlgos.tsv_mean.txt', 0.011803837114695827), ('med-SUMMARYCustomAlgos.tsv_min.txt', 0.011721339322465853), ('med-SUMMARYCustomAlgos.tsv_q90.txt', 0.006284637384365508), ('max-SUMMARYCustomAlgos.tsv_var.txt', 0.00532115022843321), ('max-SUMMARYCustomAlgos.tsv_q10.txt', 0.001587461252846063), ('max-SUMMARYCustomAlgos.tsv_mean.txt', 0.0012619741774260772), ('mean-SUMMARYCustomAlgos.tsv_var.txt', -0.0015867202268431125)]
('L628', 'D03', '24')	23052023--s--Lm--st--L628--p--D03--pos002--tm--24--ch--Syto9--z--21	L628	L455	[('mean-SUMMARYCustomAlgos.tsv_q10.txt', 47.287406910882396), ('minProp-SUMMARYCustomAlgos.tsv_q25.txt', 22.121301515811894), ('minProp-SUMMARYCustomAlgos.tsv_median.txt', 12.747898156747668), ('mean-SUMMARYCustomAlgos.tsv_q25.txt', 6.736969422228293), ('std-SUMMARYCustomAlgos.tsv_var.txt', 6.323624718418907), ('std-SUMMARYCustomAlgos.tsv_std.txt', 5.604115827713185), ('minProp-SUMMARYCustomAlgos.tsv_min.txt', 5.587812342484807), ('mean-SUMMARYCustomAlgos.tsv_min.txt', 4.607111815132872), ('std-SUMMARYCustomAlgos.tsv_q25.txt', 2.1513503375460377), ('minProp-SUMMARYCustomAlgos.tsv_mean.txt', 1.4575643474880777), ('diff-SUMMARYCustomAlgos.tsv_q75.txt', 1.4243516701641188), ('std-SUMMARYCustomAlgos.tsv_q10.txt', 1.133455163008556), ('minProp-SUMMARYCustomAlgos.tsv_q75.txt', 1.1251593136876148), ('med-SUMMARYCustomAlgos.tsv_median.txt', 0.8780092001295875), ('diff-SUMMARYCustomAlgos.tsv_q90.txt', 0.8710442760017402), ('std-SUMMARYCustomAlgos.tsv_median.txt', 0.7574684691146578), ('minProp-SUMMARYCustomAlgos.tsv_var.txt', 0.7108278590771808), ('min-SUMMARYCustomAlgos.tsv_mean.txt', 0.6734610515045344), ('std-SUMMARYCustomAlgos.tsv_mean.txt', 0.5648849747062753), ('min-SUMMARYCustomAlgos.tsv_std.txt', 0.5490354306293491), ('min-SUMMARYCustomAlgos.tsv_var.txt', 0.5257978786260319), ('med-SUMMARYCustomAlgos.tsv_q25.txt', 0.4365239141346868), ('min-SUMMARYCustomAlgos.tsv_q10.txt', 0.3951056497989786), ('minProp-SUMMARYCustomAlgos.tsv_std.txt', 0.3621011239587888), ('diff-SUMMARYCustomAlgos.tsv_median.txt', 0.35865121921927734), ('min-SUMMARYCustomAlgos.tsv_q25.txt', 0.3540539811212792), ('med-SUMMARYCustomAlgos.tsv_q75.txt', 0.3502544717649126), ('std-SUMMARYCustomAlgos.tsv_min.txt', 0.2903849138759653), ('min-SUMMARYCustomAlgos.tsv_min.txt', 0.21806742904266735), ('min-SUMMARYCustomAlgos.tsv_median.txt', 0.20809806524536223), ('minProp-SUMMARYCustomAlgos.tsv_q10.txt', 0.18384190921438273), ('minProp-SUMMARYCustomAlgos.tsv_q90.txt', 0.14633345672869397), ('diff-SUMMARYCustomAlgos.tsv_min.txt', 0.11047094598605972), ('diff-SUMMARYCustomAlgos.tsv_q10.txt', 0.09876829682366585), ('std-SUMMARYCustomAlgos.tsv_q75.txt', 0.08854046655263195), ('med-SUMMARYCustomAlgos.tsv_q10.txt', 0.08082012280185893), ('mean-SUMMARYCustomAlgos.tsv_median.txt', 0.08036019206603975), ('diff-SUMMARYCustomAlgos.tsv_var.txt', 0.07837200149883394), ('med-SUMMARYCustomAlgos.tsv_max.txt', 0.07445154101717957), ('diff-SUMMARYCustomAlgos.tsv_mean.txt', 0.0691261320326146), ('std-SUMMARYCustomAlgos.tsv_q90.txt', 0.06877012620270298), ('med-SUMMARYCustomAlgos.tsv_var.txt', 0.06642344260895112), ('diff-SUMMARYCustomAlgos.tsv_max.txt', 0.0657239098156662), ('diff-SUMMARYCustomAlgos.tsv_std.txt', 0.06404559949150655), ('std-SUMMARYCustomAlgos.tsv_max.txt', 0.0639404254797634), ('minProp-SUMMARYCustomAlgos.tsv_max.txt', 0.061841887491655895), ('min-SUMMARYCustomAlgos.tsv_q90.txt', 0.05647359951195781), ('max-SUMMARYCustomAlgos.tsv_min.txt', 0.05329565475988523), ('min-SUMMARYCustomAlgos.tsv_max.txt', 0.038886989812457556), ('mean-SUMMARYCustomAlgos.tsv_q90.txt', 0.02981790974587159), ('min-SUMMARYCustomAlgos.tsv_q75.txt', 0.02713922151915625), ('mean-SUMMARYCustomAlgos.tsv_mean.txt', 0.02023157148969583), ('med-SUMMARYCustomAlgos.tsv_std.txt', 0.02015625000000001), ('mean-SUMMARYCustomAlgos.tsv_std.txt', 0.01910922337584404), ('max-SUMMARYCustomAlgos.tsv_std.txt', 0.01643565759637189), ('diff-SUMMARYCustomAlgos.tsv_q25.txt', 0.01188861479453852), ('med-SUMMARYCustomAlgos.tsv_min.txt', 0.011721339322465853), ('max-SUMMARYCustomAlgos.tsv_q25.txt', 0.011225984886131912), ('max-SUMMARYCustomAlgos.tsv_q75.txt', 0.006737394225367137), ('med-SUMMARYCustomAlgos.tsv_q90.txt', 0.006284637384365508), ('mean-SUMMARYCustomAlgos.tsv_max.txt', 0.006278200692041516), ('med-SUMMARYCustomAlgos.tsv_mean.txt', 0.00619591836734694), ('max-SUMMARYCustomAlgos.tsv_var.txt', 0.00532115022843321), ('max-SUMMARYCustomAlgos.tsv_q10.txt', 0.001587461252846063), ('max-SUMMARYCustomAlgos.tsv_mean.txt', 0.0012619741774260772), ('mean-SUMMARYCustomAlgos.tsv_var.txt', -0.0015867202268431125)]
('L628', 'D04', '24')	13042023--s--Lm--st--L628--p--D04--pos002--tm--24--ch--Syto9--z--21	L628	L455	[('mean-SUMMARYCustomAlgos.tsv_q10.txt', 46.486434343054384), ('minProp-SUMMARYCustomAlgos.tsv_q25.txt', 21.775415169974163), ('minProp-SUMMARYCustomAlgos.tsv_median.txt', 12.805161935487924), ('mean-SUMMARYCustomAlgos.tsv_q25.txt', 6.044351068569343), ('minProp-SUMMARYCustomAlgos.tsv_min.txt', 5.007022333627853), ('std-SUMMARYCustomAlgos.tsv_var.txt', 4.849438300728774), ('mean-SUMMARYCustomAlgos.tsv_min.txt', 4.57613416630509), ('std-SUMMARYCustomAlgos.tsv_std.txt', 4.4103530930705634), ('diff-SUMMARYCustomAlgos.tsv_q75.txt', 2.0035117137327565), ('std-SUMMARYCustomAlgos.tsv_q25.txt', 1.6794483679195598), ('minProp-SUMMARYCustomAlgos.tsv_var.txt', 1.2332079359430583), ('minProp-SUMMARYCustomAlgos.tsv_q75.txt', 1.1619080509920279), ('std-SUMMARYCustomAlgos.tsv_q10.txt', 0.9919376923179004), ('diff-SUMMARYCustomAlgos.tsv_q90.txt', 0.9239051275071273), ('med-SUMMARYCustomAlgos.tsv_median.txt', 0.894678710966396), ('min-SUMMARYCustomAlgos.tsv_std.txt', 0.7746864460774294), ('minProp-SUMMARYCustomAlgos.tsv_std.txt', 0.7483290005123571), ('std-SUMMARYCustomAlgos.tsv_median.txt', 0.6949578382738788), ('min-SUMMARYCustomAlgos.tsv_var.txt', 0.66502501914381), ('med-SUMMARYCustomAlgos.tsv_q75.txt', 0.6119857160210008), ('minProp-SUMMARYCustomAlgos.tsv_mean.txt', 0.5733744291509986), ('diff-SUMMARYCustomAlgos.tsv_median.txt', 0.5629729173563702), ('med-SUMMARYCustomAlgos.tsv_q25.txt', 0.5095798323184869), ('min-SUMMARYCustomAlgos.tsv_mean.txt', 0.45057523880540545), ('std-SUMMARYCustomAlgos.tsv_mean.txt', 0.4472132499780899), ('minProp-SUMMARYCustomAlgos.tsv_q90.txt', 0.3920411122364822), ('min-SUMMARYCustomAlgos.tsv_q25.txt', 0.3777768652848716), ('min-SUMMARYCustomAlgos.tsv_q90.txt', 0.370291182946405), ('minProp-SUMMARYCustomAlgos.tsv_q10.txt', 0.32549320761447287), ('min-SUMMARYCustomAlgos.tsv_q10.txt', 0.2692480477410571), ('std-SUMMARYCustomAlgos.tsv_min.txt', 0.25449904196374973), ('std-SUMMARYCustomAlgos.tsv_q75.txt', 0.23591990692047118), ('min-SUMMARYCustomAlgos.tsv_min.txt', 0.19926772270804446), ('diff-SUMMARYCustomAlgos.tsv_q25.txt', 0.19274904672797966), ('med-SUMMARYCustomAlgos.tsv_q90.txt', 0.17827730940061065), ('diff-SUMMARYCustomAlgos.tsv_q10.txt', 0.14890326718398025), ('diff-SUMMARYCustomAlgos.tsv_var.txt', 0.13836014934040283), ('diff-SUMMARYCustomAlgos.tsv_min.txt', 0.12663673115259022), ('min-SUMMARYCustomAlgos.tsv_q75.txt', 0.11566284224412486), ('diff-SUMMARYCustomAlgos.tsv_mean.txt', 0.11360251452118528), ('med-SUMMARYCustomAlgos.tsv_max.txt', 0.11150130095352506), ('med-SUMMARYCustomAlgos.tsv_mean.txt', 0.11105217315344243), ('std-SUMMARYCustomAlgos.tsv_max.txt', 0.10938371508105717), ('minProp-SUMMARYCustomAlgos.tsv_max.txt', 0.10500202488797464), ('mean-SUMMARYCustomAlgos.tsv_median.txt', 0.09206081040420314), ('med-SUMMARYCustomAlgos.tsv_q10.txt', 0.0816132927722237), ('max-SUMMARYCustomAlgos.tsv_min.txt', 0.07812346442132895), ('diff-SUMMARYCustomAlgos.tsv_std.txt', 0.07139610268208713), ('std-SUMMARYCustomAlgos.tsv_q90.txt', 0.06540532135782737), ('min-SUMMARYCustomAlgos.tsv_median.txt', 0.06257504404838427), ('diff-SUMMARYCustomAlgos.tsv_max.txt', 0.06034379917994234), ('mean-SUMMARYCustomAlgos.tsv_mean.txt', 0.05457226587400807), ('med-SUMMARYCustomAlgos.tsv_var.txt', 0.04913711643998433), ('max-SUMMARYCustomAlgos.tsv_var.txt', 0.04675962686787205), ('mean-SUMMARYCustomAlgos.tsv_q75.txt', 0.03339523842167469), ('med-SUMMARYCustomAlgos.tsv_min.txt', 0.027387582754870292), ('mean-SUMMARYCustomAlgos.tsv_var.txt', 0.025247544855875582), ('min-SUMMARYCustomAlgos.tsv_max.txt', 0.025062349759615382), ('mean-SUMMARYCustomAlgos.tsv_std.txt', 0.02461411078310571), ('max-SUMMARYCustomAlgos.tsv_std.txt', 0.021274504579188124), ('mean-SUMMARYCustomAlgos.tsv_q90.txt', 0.016944159458491193), ('med-SUMMARYCustomAlgos.tsv_std.txt', 0.008619805466527302), ('max-SUMMARYCustomAlgos.tsv_q90.txt', 0.006422800151496011), ('max-SUMMARYCustomAlgos.tsv_q25.txt', 0.004508181425322346)]
('L628', 'D05', '24')	13042023--s--Lm--st--L628--p--D05--pos001--tm--24--ch--Syto9--z--21	L628	L455	[('mean-SUMMARYCustomAlgos.tsv_q10.txt', 46.72693900847745), ('minProp-SUMMARYCustomAlgos.tsv_q25.txt', 22.539105146074323), ('minProp-SUMMARYCustomAlgos.tsv_median.txt', 13.617013464671993), ('mean-SUMMARYCustomAlgos.tsv_q25.txt', 7.170093694902503), ('std-SUMMARYCustomAlgos.tsv_var.txt', 6.205137351067949), ('std-SUMMARYCustomAlgos.tsv_std.txt', 5.57452809649744), ('mean-SUMMARYCustomAlgos.tsv_min.txt', 4.9045694120034815), ('minProp-SUMMARYCustomAlgos.tsv_min.txt', 3.656973840355611), ('diff-SUMMARYCustomAlgos.tsv_q75.txt', 1.6448412777709347), ('std-SUMMARYCustomAlgos.tsv_q10.txt', 1.1699772316319021), ('std-SUMMARYCustomAlgos.tsv_q25.txt', 0.977053992151892), ('min-SUMMARYCustomAlgos.tsv_std.txt', 0.9252963566091581), ('minProp-SUMMARYCustomAlgos.tsv_mean.txt', 0.8945670110020005), ('min-SUMMARYCustomAlgos.tsv_mean.txt', 0.8478475682686273), ('minProp-SUMMARYCustomAlgos.tsv_var.txt', 0.8368878127615029), ('med-SUMMARYCustomAlgos.tsv_q25.txt', 0.7921908055521135), ('std-SUMMARYCustomAlgos.tsv_min.txt', 0.7833177261050599), ('diff-SUMMARYCustomAlgos.tsv_median.txt', 0.6831064690856721), ('std-SUMMARYCustomAlgos.tsv_median.txt', 0.6629201172380865), ('min-SUMMARYCustomAlgos.tsv_var.txt', 0.6435920552530499), ('med-SUMMARYCustomAlgos.tsv_median.txt', 0.5962908943417112), ('med-SUMMARYCustomAlgos.tsv_q75.txt', 0.5916944980569425), ('diff-SUMMARYCustomAlgos.tsv_mean.txt', 0.5769955287683405), ('minProp-SUMMARYCustomAlgos.tsv_q75.txt', 0.5386687659251344), ('std-SUMMARYCustomAlgos.tsv_mean.txt', 0.5367972133218253), ('diff-SUMMARYCustomAlgos.tsv_q10.txt', 0.41260846652484107), ('diff-SUMMARYCustomAlgos.tsv_q25.txt', 0.3253608164040316), ('minProp-SUMMARYCustomAlgos.tsv_std.txt', 0.31628143510766865), ('min-SUMMARYCustomAlgos.tsv_q90.txt', 0.21592892653227558), ('mean-SUMMARYCustomAlgos.tsv_var.txt', 0.1922642936334222), ('diff-SUMMARYCustomAlgos.tsv_min.txt', 0.18934219579696546), ('mean-SUMMARYCustomAlgos.tsv_median.txt', 0.17448558106576356), ('diff-SUMMARYCustomAlgos.tsv_std.txt', 0.16813412520368892), ('diff-SUMMARYCustomAlgos.tsv_q90.txt', 0.16770253312935984), ('minProp-SUMMARYCustomAlgos.tsv_q10.txt', 0.1497708656201326), ('med-SUMMARYCustomAlgos.tsv_mean.txt', 0.1366292708182689), ('med-SUMMARYCustomAlgos.tsv_q90.txt', 0.12717807108730625), ('max-SUMMARYCustomAlgos.tsv_min.txt', 0.12484208378238901), ('min-SUMMARYCustomAlgos.tsv_q25.txt', 0.1032227069580714), ('diff-SUMMARYCustomAlgos.tsv_var.txt', 0.09712262745201936), ('med-SUMMARYCustomAlgos.tsv_max.txt', 0.09699095706692741), ('min-SUMMARYCustomAlgos.tsv_median.txt', 0.09486867591258283), ('min-SUMMARYCustomAlgos.tsv_q75.txt', 0.0909061010644082), ('std-SUMMARYCustomAlgos.tsv_max.txt', 0.08635418698188227), ('mean-SUMMARYCustomAlgos.tsv_max.txt', 0.0721400250546479), ('med-SUMMARYCustomAlgos.tsv_std.txt', 0.0687402817418329), ('std-SUMMARYCustomAlgos.tsv_q75.txt', 0.06626870003853974), ('min-SUMMARYCustomAlgos.tsv_max.txt', 0.06421534886006855), ('min-SUMMARYCustomAlgos.tsv_min.txt', 0.04676466941211875), ('med-SUMMARYCustomAlgos.tsv_q10.txt', 0.03892235404574589), ('minProp-SUMMARYCustomAlgos.tsv_max.txt', 0.03840420171566545), ('std-SUMMARYCustomAlgos.tsv_q90.txt', 0.031104230454815696), ('minProp-SUMMARYCustomAlgos.tsv_q90.txt', 0.025742236613703437), ('min-SUMMARYCustomAlgos.tsv_q10.txt', 0.02001658421586103), ('mean-SUMMARYCustomAlgos.tsv_std.txt', 0.01981950378405592), ('max-SUMMARYCustomAlgos.tsv_q10.txt', 0.018052157743132846), ('med-SUMMARYCustomAlgos.tsv_var.txt', 0.017195175197752065), ('diff-SUMMARYCustomAlgos.tsv_max.txt', 0.01315367977090326), ('max-SUMMARYCustomAlgos.tsv_var.txt', 0.01141602252932406), ('mean-SUMMARYCustomAlgos.tsv_q75.txt', 0.011382102058103076), ('max-SUMMARYCustomAlgos.tsv_mean.txt', 0.006502603999759657), ('max-SUMMARYCustomAlgos.tsv_std.txt', 0.006248760166633604)]
('L394', 'D05', '24')	16052023--s--Lm--st--L394--p--D05--pos004--tm--24--ch--Syto9--z--21	L394	19115	[('mean-SUMMARYCustomAlgos.tsv_q10.txt', 39.545297527123466), ('mean-SUMMARYCustomAlgos.tsv_min.txt', 14.2566623453267), ('mean-SUMMARYCustomAlgos.tsv_q25.txt', 6.734553492558541), ('minProp-SUMMARYCustomAlgos.tsv_median.txt', 1.984994553236775), ('minProp-SUMMARYCustomAlgos.tsv_q25.txt', 1.3109085713654671), ('minProp-SUMMARYCustomAlgos.tsv_min.txt', 0.4214908612273162), ('std-SUMMARYCustomAlgos.tsv_q10.txt', 0.36546224809576183), ('std-SUMMARYCustomAlgos.tsv_var.txt', 0.33699659435671225), ('std-SUMMARYCustomAlgos.tsv_std.txt', 0.29137773976905396), ('min-SUMMARYCustomAlgos.tsv_var.txt', 0.17343948796146832), ('minProp-SUMMARYCustomAlgos.tsv_q10.txt', 0.1524501623886265), ('min-SUMMARYCustomAlgos.tsv_std.txt', 0.13436618279304433), ('min-SUMMARYCustomAlgos.tsv_max.txt', 0.09215733062377399), ('diff-SUMMARYCustomAlgos.tsv_q25.txt', 0.08832172605480912), ('minProp-SUMMARYCustomAlgos.tsv_q75.txt', 0.062242769192123217), ('std-SUMMARYCustomAlgos.tsv_q25.txt', 0.041868945605018554), ('std-SUMMARYCustomAlgos.tsv_min.txt', 0.03172686980609416), ('minProp-SUMMARYCustomAlgos.tsv_std.txt', 0.025567097056687672), ('std-SUMMARYCustomAlgos.tsv_mean.txt', 0.024618639503015863), ('med-SUMMARYCustomAlgos.tsv_std.txt', 0.02349433263159051), ('max-SUMMARYCustomAlgos.tsv_q10.txt', 0.02255126426410123), ('mean-SUMMARYCustomAlgos.tsv_var.txt', 0.02), ('minProp-SUMMARYCustomAlgos.tsv_var.txt', 0.013498436081371405), ('med-SUMMARYCustomAlgos.tsv_q10.txt', 0.013205340264650287), ('med-SUMMARYCustomAlgos.tsv_var.txt', 0.01301775147928994), ('min-SUMMARYCustomAlgos.tsv_median.txt', 0.012674074074074075), ('minProp-SUMMARYCustomAlgos.tsv_mean.txt', 0.010613529122009911), ('diff-SUMMARYCustomAlgos.tsv_mean.txt', 0.010508869923727049), ('med-SUMMARYCustomAlgos.tsv_q25.txt', 0.006300000000000001), ('diff-SUMMARYCustomAlgos.tsv_var.txt', 0.0059085935527312585), ('diff-SUMMARYCustomAlgos.tsv_q75.txt', 0.0055619115331547895), ('diff-SUMMARYCustomAlgos.tsv_q90.txt', 0.0042173374835634434)]
('L394', 'D08', '24')	18042023--s--Lm--st--L394--p--D08--pos001--tm--24--ch--Syto9--z--21	L394	L628	[('mean-SUMMARYCustomAlgos.tsv_q10.txt', 48.454024165741615), ('minProp-SUMMARYCustomAlgos.tsv_q25.txt', 19.664432994503475), ('minProp-SUMMARYCustomAlgos.tsv_median.txt', 14.729149396773696), ('mean-SUMMARYCustomAlgos.tsv_q25.txt', 6.746045064086086), ('mean-SUMMARYCustomAlgos.tsv_min.txt', 4.584338795296895), ('std-SUMMARYCustomAlgos.tsv_std.txt', 3.9007158843575835), ('std-SUMMARYCustomAlgos.tsv_var.txt', 3.5345364361154976), ('minProp-SUMMARYCustomAlgos.tsv_min.txt', 3.4413244863296804), ('std-SUMMARYCustomAlgos.tsv_q25.txt', 1.24969383195557), ('diff-SUMMARYCustomAlgos.tsv_q75.txt', 1.209534158662877), ('minProp-SUMMARYCustomAlgos.tsv_q10.txt', 1.0345082322417547), ('std-SUMMARYCustomAlgos.tsv_q10.txt', 0.9338158012443136), ('minProp-SUMMARYCustomAlgos.tsv_var.txt', 0.8530400465688621), ('minProp-SUMMARYCustomAlgos.tsv_q75.txt', 0.7260178118492961), ('std-SUMMARYCustomAlgos.tsv_min.txt', 0.7173336972529087), ('min-SUMMARYCustomAlgos.tsv_mean.txt', 0.6951332898100171), ('min-SUMMARYCustomAlgos.tsv_std.txt', 0.6226833647335701), ('std-SUMMARYCustomAlgos.tsv_median.txt', 0.5957756746457474), ('min-SUMMARYCustomAlgos.tsv_var.txt', 0.5945057360105084), ('minProp-SUMMARYCustomAlgos.tsv_std.txt', 0.4464931058430355), ('med-SUMMARYCustomAlgos.tsv_q75.txt', 0.36977229629848013), ('med-SUMMARYCustomAlgos.tsv_median.txt', 0.3562392001472312), ('med-SUMMARYCustomAlgos.tsv_q25.txt', 0.3253420180276323), ('diff-SUMMARYCustomAlgos.tsv_median.txt', 0.31054894818556855), ('minProp-SUMMARYCustomAlgos.tsv_mean.txt', 0.2840538858774896), ('med-SUMMARYCustomAlgos.tsv_max.txt', 0.2788354610728804), ('std-SUMMARYCustomAlgos.tsv_mean.txt', 0.2684622521244127), ('min-SUMMARYCustomAlgos.tsv_q90.txt', 0.24208719937489087), ('diff-SUMMARYCustomAlgos.tsv_q90.txt', 0.20296428833879024), ('max-SUMMARYCustomAlgos.tsv_min.txt', 0.19037042369441204), ('diff-SUMMARYCustomAlgos.tsv_q10.txt', 0.18683411660945548), ('mean-SUMMARYCustomAlgos.tsv_std.txt', 0.13860879385546948), ('min-SUMMARYCustomAlgos.tsv_max.txt', 0.12021766259076222), ('minProp-SUMMARYCustomAlgos.tsv_q90.txt', 0.11726122472483592), ('mean-SUMMARYCustomAlgos.tsv_var.txt', 0.11454997247653961), ('diff-SUMMARYCustomAlgos.tsv_mean.txt', 0.10548743418088682), ('med-SUMMARYCustomAlgos.tsv_q90.txt', 0.09856550467534937), ('diff-SUMMARYCustomAlgos.tsv_max.txt', 0.09805535249770561), ('min-SUMMARYCustomAlgos.tsv_median.txt', 0.06473099126856735), ('minProp-SUMMARYCustomAlgos.tsv_max.txt', 0.06202360153090655), ('diff-SUMMARYCustomAlgos.tsv_min.txt', 0.06192375556549641), ('med-SUMMARYCustomAlgos.tsv_var.txt', 0.0599236197031646), ('std-SUMMARYCustomAlgos.tsv_q90.txt', 0.05649481777653641), ('mean-SUMMARYCustomAlgos.tsv_median.txt', 0.051530874644583544), ('diff-SUMMARYCustomAlgos.tsv_std.txt', 0.04980414341374829), ('med-SUMMARYCustomAlgos.tsv_min.txt', 0.047057034271637835), ('diff-SUMMARYCustomAlgos.tsv_q25.txt', 0.039620181405895696), ('diff-SUMMARYCustomAlgos.tsv_var.txt', 0.039409282879610874), ('med-SUMMARYCustomAlgos.tsv_std.txt', 0.03411848773401091), ('max-SUMMARYCustomAlgos.tsv_q25.txt', 0.03243578130511465), ('med-SUMMARYCustomAlgos.tsv_mean.txt', 0.030969271070849593), ('min-SUMMARYCustomAlgos.tsv_q75.txt', 0.02383387865238103), ('std-SUMMARYCustomAlgos.tsv_max.txt', 0.019328633807766112), ('max-SUMMARYCustomAlgos.tsv_var.txt', 0.012752144336880898), ('mean-SUMMARYCustomAlgos.tsv_max.txt', 0.0125), ('mean-SUMMARYCustomAlgos.tsv_mean.txt', 0.012291666666666666), ('min-SUMMARYCustomAlgos.tsv_q10.txt', 0.011046341535238265), ('max-SUMMARYCustomAlgos.tsv_std.txt', 0.009987244897959182), ('min-SUMMARYCustomAlgos.tsv_q25.txt', 0.007999999999999998), ('mean-SUMMARYCustomAlgos.tsv_q90.txt', 0.006666666666666666), ('max-SUMMARYCustomAlgos.tsv_mean.txt', 0.0057670126874279195), ('mean-SUMMARYCustomAlgos.tsv_q75.txt', 0.005)]
('L455', 'F03', '24')	16052023--s--Lm--st--L455--p--F03--pos005--tm--24--ch--Syto9--z--21	L455	L628	[('mean-SUMMARYCustomAlgos.tsv_q10.txt', 50.24208337727657), ('minProp-SUMMARYCustomAlgos.tsv_q25.txt', 24.526975763953065), ('minProp-SUMMARYCustomAlgos.tsv_median.txt', 9.959488432189811), ('std-SUMMARYCustomAlgos.tsv_std.txt', 5.650135975778245), ('std-SUMMARYCustomAlgos.tsv_var.txt', 5.011315164810914), ('mean-SUMMARYCustomAlgos.tsv_q25.txt', 4.956468912845769), ('minProp-SUMMARYCustomAlgos.tsv_min.txt', 3.562021429103523), ('mean-SUMMARYCustomAlgos.tsv_min.txt', 3.4156713675770987), ('std-SUMMARYCustomAlgos.tsv_q10.txt', 1.7441835734531177), ('std-SUMMARYCustomAlgos.tsv_q25.txt', 1.3754831124858773), ('min-SUMMARYCustomAlgos.tsv_std.txt', 0.9965349135717005), ('minProp-SUMMARYCustomAlgos.tsv_var.txt', 0.9492381479955265), ('diff-SUMMARYCustomAlgos.tsv_q75.txt', 0.8721317552510536), ('min-SUMMARYCustomAlgos.tsv_var.txt', 0.8070853936664542), ('diff-SUMMARYCustomAlgos.tsv_median.txt', 0.7937200561324294), ('minProp-SUMMARYCustomAlgos.tsv_std.txt', 0.7368425295642741), ('min-SUMMARYCustomAlgos.tsv_mean.txt', 0.6455285739840367), ('diff-SUMMARYCustomAlgos.tsv_q90.txt', 0.6265175249810073), ('minProp-SUMMARYCustomAlgos.tsv_q75.txt', 0.5823880031107359), ('diff-SUMMARYCustomAlgos.tsv_mean.txt', 0.5142647089410898), ('med-SUMMARYCustomAlgos.tsv_median.txt', 0.5072813975840508), ('minProp-SUMMARYCustomAlgos.tsv_q90.txt', 0.4785661021150588), ('std-SUMMARYCustomAlgos.tsv_min.txt', 0.4690651769294094), ('std-SUMMARYCustomAlgos.tsv_median.txt', 0.27926445520177734), ('minProp-SUMMARYCustomAlgos.tsv_q10.txt', 0.27472374081910866), ('med-SUMMARYCustomAlgos.tsv_q75.txt', 0.2542098065907046), ('min-SUMMARYCustomAlgos.tsv_max.txt', 0.25100789618467395), ('med-SUMMARYCustomAlgos.tsv_q25.txt', 0.2357495573029792), ('std-SUMMARYCustomAlgos.tsv_mean.txt', 0.22183740657442583), ('med-SUMMARYCustomAlgos.tsv_max.txt', 0.21181441343335072), ('diff-SUMMARYCustomAlgos.tsv_q10.txt', 0.20436345753087912), ('min-SUMMARYCustomAlgos.tsv_q25.txt', 0.2034665285336893), ('diff-SUMMARYCustomAlgos.tsv_max.txt', 0.19672301014493623), ('min-SUMMARYCustomAlgos.tsv_median.txt', 0.18916369457338603), ('mean-SUMMARYCustomAlgos.tsv_var.txt', 0.1473052212519113), ('med-SUMMARYCustomAlgos.tsv_var.txt', 0.1406908680989358), ('minProp-SUMMARYCustomAlgos.tsv_mean.txt', 0.13010826865324732), ('diff-SUMMARYCustomAlgos.tsv_var.txt', 0.1200402754754855), ('min-SUMMARYCustomAlgos.tsv_q10.txt', 0.11828976228866628), ('diff-SUMMARYCustomAlgos.tsv_std.txt', 0.115732797589353), ('min-SUMMARYCustomAlgos.tsv_q90.txt', 0.11503293144428683), ('med-SUMMARYCustomAlgos.tsv_std.txt', 0.11171212912087666), ('mean-SUMMARYCustomAlgos.tsv_max.txt', 0.10456071911965081), ('min-SUMMARYCustomAlgos.tsv_min.txt', 0.09555140937451906), ('min-SUMMARYCustomAlgos.tsv_q75.txt', 0.08780429604891699), ('med-SUMMARYCustomAlgos.tsv_q10.txt', 0.08265073105791092), ('med-SUMMARYCustomAlgos.tsv_q90.txt', 0.078205102557929), ('diff-SUMMARYCustomAlgos.tsv_min.txt', 0.07549879058033326), ('max-SUMMARYCustomAlgos.tsv_min.txt', 0.06636151996320896), ('minProp-SUMMARYCustomAlgos.tsv_max.txt', 0.06184431985223315), ('diff-SUMMARYCustomAlgos.tsv_q25.txt', 0.06008480662140127), ('mean-SUMMARYCustomAlgos.tsv_std.txt', 0.05298773270234465), ('mean-SUMMARYCustomAlgos.tsv_q75.txt', 0.049018035602494014), ('med-SUMMARYCustomAlgos.tsv_mean.txt', 0.04792998341759654), ('max-SUMMARYCustomAlgos.tsv_var.txt', 0.04752204372605248), ('mean-SUMMARYCustomAlgos.tsv_median.txt', 0.04709843511573943), ('mean-SUMMARYCustomAlgos.tsv_q90.txt', 0.02968873381664626), ('std-SUMMARYCustomAlgos.tsv_q75.txt', 0.018451128181057302), ('max-SUMMARYCustomAlgos.tsv_std.txt', 0.018053530092592588), ('max-SUMMARYCustomAlgos.tsv_mean.txt', 0.010698356236500065), ('max-SUMMARYCustomAlgos.tsv_q90.txt', 0.006882488794406031), ('max-SUMMARYCustomAlgos.tsv_q25.txt', 0.006167142845330098), ('med-SUMMARYCustomAlgos.tsv_min.txt', 0.0061362542205417436), ('std-SUMMARYCustomAlgos.tsv_q90.txt', 0.0044444444444444444)]
('L455', 'F05', '24')	16052023--s--Lm--st--L455--p--F05--pos001--tm--24--ch--Syto9--z--21	L455	L628	[('mean-SUMMARYCustomAlgos.tsv_q10.txt', 50.42800421541273), ('minProp-SUMMARYCustomAlgos.tsv_q25.txt', 19.174905001397292), ('minProp-SUMMARYCustomAlgos.tsv_median.txt', 10.7274855760508), ('std-SUMMARYCustomAlgos.tsv_var.txt', 5.435505970466031), ('std-SUMMARYCustomAlgos.tsv_std.txt', 5.173809281114832), ('mean-SUMMARYCustomAlgos.tsv_q25.txt', 4.7199012474706015), ('mean-SUMMARYCustomAlgos.tsv_min.txt', 3.4139351183419526), ('minProp-SUMMARYCustomAlgos.tsv_min.txt', 2.795999403309874), ('diff-SUMMARYCustomAlgos.tsv_q75.txt', 2.0782640759972333), ('std-SUMMARYCustomAlgos.tsv_q10.txt', 1.5951437826622519), ('minProp-SUMMARYCustomAlgos.tsv_q10.txt', 0.8439822804009096), ('diff-SUMMARYCustomAlgos.tsv_median.txt', 0.7275589802848006), ('minProp-SUMMARYCustomAlgos.tsv_var.txt', 0.7251954498607862), ('minProp-SUMMARYCustomAlgos.tsv_q75.txt', 0.6777169650804566), ('diff-SUMMARYCustomAlgos.tsv_mean.txt', 0.662988220675527), ('std-SUMMARYCustomAlgos.tsv_q25.txt', 0.6580529207818218), ('min-SUMMARYCustomAlgos.tsv_std.txt', 0.6114864486148592), ('diff-SUMMARYCustomAlgos.tsv_q90.txt', 0.5919860333403244), ('min-SUMMARYCustomAlgos.tsv_mean.txt', 0.5508224828168499), ('min-SUMMARYCustomAlgos.tsv_var.txt', 0.5348404337042432), ('std-SUMMARYCustomAlgos.tsv_min.txt', 0.5255862094869485), ('minProp-SUMMARYCustomAlgos.tsv_mean.txt', 0.5167486594816604), ('diff-SUMMARYCustomAlgos.tsv_q10.txt', 0.4389398468691896), ('minProp-SUMMARYCustomAlgos.tsv_std.txt', 0.4052647224028918), ('med-SUMMARYCustomAlgos.tsv_q75.txt', 0.3567663045446696), ('diff-SUMMARYCustomAlgos.tsv_max.txt', 0.32387059360645304), ('minProp-SUMMARYCustomAlgos.tsv_q90.txt', 0.3018698300572302), ('min-SUMMARYCustomAlgos.tsv_q90.txt', 0.2797405044344174), ('min-SUMMARYCustomAlgos.tsv_q10.txt', 0.22478130026794202), ('med-SUMMARYCustomAlgos.tsv_median.txt', 0.2058141307135285), ('std-SUMMARYCustomAlgos.tsv_median.txt', 0.20102652913192595), ('med-SUMMARYCustomAlgos.tsv_var.txt', 0.1987915057064646), ('min-SUMMARYCustomAlgos.tsv_median.txt', 0.187205237636809), ('med-SUMMARYCustomAlgos.tsv_max.txt', 0.16985864697148914), ('med-SUMMARYCustomAlgos.tsv_q25.txt', 0.15090975516091548), ('min-SUMMARYCustomAlgos.tsv_max.txt', 0.1358862378803051), ('min-SUMMARYCustomAlgos.tsv_min.txt', 0.13090585318538278), ('std-SUMMARYCustomAlgos.tsv_mean.txt', 0.12357837997510152), ('med-SUMMARYCustomAlgos.tsv_std.txt', 0.10853737136843719), ('minProp-SUMMARYCustomAlgos.tsv_max.txt', 0.09972102133586952), ('mean-SUMMARYCustomAlgos.tsv_var.txt', 0.07172695914225634), ('mean-SUMMARYCustomAlgos.tsv_median.txt', 0.06906385148398714), ('diff-SUMMARYCustomAlgos.tsv_q25.txt', 0.06832178464320873), ('mean-SUMMARYCustomAlgos.tsv_max.txt', 0.06334494212064332), ('min-SUMMARYCustomAlgos.tsv_q25.txt', 0.05869579750984421), ('diff-SUMMARYCustomAlgos.tsv_std.txt', 0.05392377207371341), ('max-SUMMARYCustomAlgos.tsv_q25.txt', 0.04473472950829656), ('std-SUMMARYCustomAlgos.tsv_max.txt', 0.042377417200854674), ('diff-SUMMARYCustomAlgos.tsv_var.txt', 0.039083993048789234), ('diff-SUMMARYCustomAlgos.tsv_min.txt', 0.037433734423698524), ('med-SUMMARYCustomAlgos.tsv_q90.txt', 0.03462305695079773), ('std-SUMMARYCustomAlgos.tsv_q75.txt', 0.029361624734673342), ('max-SUMMARYCustomAlgos.tsv_min.txt', 0.0263192069253263), ('min-SUMMARYCustomAlgos.tsv_q75.txt', 0.025471793611001402), ('std-SUMMARYCustomAlgos.tsv_q90.txt', 0.019065315798993714), ('mean-SUMMARYCustomAlgos.tsv_q90.txt', 0.018507727193441466), ('med-SUMMARYCustomAlgos.tsv_q10.txt', 0.016790123456790124), ('mean-SUMMARYCustomAlgos.tsv_std.txt', 0.013895857735402544), ('med-SUMMARYCustomAlgos.tsv_min.txt', 0.012100694444444445), ('mean-SUMMARYCustomAlgos.tsv_q75.txt', 0.011175116945827695), ('max-SUMMARYCustomAlgos.tsv_std.txt', 0.011111111111111112), ('med-SUMMARYCustomAlgos.tsv_mean.txt', 0.010088154269972456), ('max-SUMMARYCustomAlgos.tsv_mean.txt', 0.008402222597136124), ('max-SUMMARYCustomAlgos.tsv_var.txt', -8.55254050858778e-05)]
('L455', 'F06', '24')	16052023--s--Lm--st--L455--p--F06--pos004--tm--24--ch--Syto9--z--21	L455	L394	[('mean-SUMMARYCustomAlgos.tsv_q10.txt', 51.58376805555105), ('minProp-SUMMARYCustomAlgos.tsv_q25.txt', 18.4872681595071), ('minProp-SUMMARYCustomAlgos.tsv_median.txt', 14.193627765139057), ('mean-SUMMARYCustomAlgos.tsv_q25.txt', 4.914707138571139), ('mean-SUMMARYCustomAlgos.tsv_min.txt', 3.4455186693258972), ('minProp-SUMMARYCustomAlgos.tsv_q10.txt', 3.367973436855616), ('minProp-SUMMARYCustomAlgos.tsv_min.txt', 2.2956272123822985), ('std-SUMMARYCustomAlgos.tsv_std.txt', 1.4130557772862589), ('std-SUMMARYCustomAlgos.tsv_q10.txt', 1.3261970492958772), ('std-SUMMARYCustomAlgos.tsv_var.txt', 0.7152980002777084), ('std-SUMMARYCustomAlgos.tsv_min.txt', 0.6201209611805035), ('std-SUMMARYCustomAlgos.tsv_q25.txt', 0.4863958409390014), ('min-SUMMARYCustomAlgos.tsv_std.txt', 0.38221598451812966), ('diff-SUMMARYCustomAlgos.tsv_q75.txt', 0.3487337320039041), ('min-SUMMARYCustomAlgos.tsv_var.txt', 0.3004891406857956), ('minProp-SUMMARYCustomAlgos.tsv_var.txt', 0.2752072910554335), ('minProp-SUMMARYCustomAlgos.tsv_std.txt', 0.25035917738137964), ('diff-SUMMARYCustomAlgos.tsv_median.txt', 0.2442653242522569), ('minProp-SUMMARYCustomAlgos.tsv_q75.txt', 0.22377852728657485), ('min-SUMMARYCustomAlgos.tsv_mean.txt', 0.2190960787172764), ('diff-SUMMARYCustomAlgos.tsv_q90.txt', 0.17631644915031947), ('med-SUMMARYCustomAlgos.tsv_q25.txt', 0.16884596330290952), ('med-SUMMARYCustomAlgos.tsv_median.txt', 0.15254352155576864), ('std-SUMMARYCustomAlgos.tsv_mean.txt', 0.15141334413489418), ('min-SUMMARYCustomAlgos.tsv_max.txt', 0.12466986762907571), ('minProp-SUMMARYCustomAlgos.tsv_mean.txt', 0.12000298543112649), ('std-SUMMARYCustomAlgos.tsv_median.txt', 0.1148167729255371), ('diff-SUMMARYCustomAlgos.tsv_mean.txt', 0.10568659818635198), ('med-SUMMARYCustomAlgos.tsv_max.txt', 0.08522709209599832), ('mean-SUMMARYCustomAlgos.tsv_max.txt', 0.0849750383277406), ('med-SUMMARYCustomAlgos.tsv_var.txt', 0.07679919677586308), ('diff-SUMMARYCustomAlgos.tsv_q10.txt', 0.07449523715647986), ('med-SUMMARYCustomAlgos.tsv_std.txt', 0.07357885432456379), ('min-SUMMARYCustomAlgos.tsv_q90.txt', 0.06769012102960456), ('min-SUMMARYCustomAlgos.tsv_q75.txt', 0.05622323938968794), ('mean-SUMMARYCustomAlgos.tsv_var.txt', 0.04438702611380671), ('med-SUMMARYCustomAlgos.tsv_q75.txt', 0.03488165151046643), ('min-SUMMARYCustomAlgos.tsv_median.txt', 0.033643390910197926), ('diff-SUMMARYCustomAlgos.tsv_q25.txt', 0.03296305602693093), ('diff-SUMMARYCustomAlgos.tsv_std.txt', 0.019217466492645306), ('med-SUMMARYCustomAlgos.tsv_q10.txt', 0.019171597633136094), ('minProp-SUMMARYCustomAlgos.tsv_q90.txt', 0.018286300637377795), ('diff-SUMMARYCustomAlgos.tsv_var.txt', 0.016930647040291274), ('mean-SUMMARYCustomAlgos.tsv_median.txt', 0.015144230769230771), ('minProp-SUMMARYCustomAlgos.tsv_max.txt', 0.011796599550196818), ('diff-SUMMARYCustomAlgos.tsv_min.txt', 0.011776689582487988), ('std-SUMMARYCustomAlgos.tsv_q75.txt', 0.011542263587932951), ('min-SUMMARYCustomAlgos.tsv_q25.txt', 0.01153221930955573), ('max-SUMMARYCustomAlgos.tsv_std.txt', 0.01037037037037037), ('med-SUMMARYCustomAlgos.tsv_q90.txt', 0.00987029688418577), ('std-SUMMARYCustomAlgos.tsv_q90.txt', 0.006370828694174322), ('diff-SUMMARYCustomAlgos.tsv_max.txt', 0.006089965397923878), ('med-SUMMARYCustomAlgos.tsv_min.txt', 0.005625), ('mean-SUMMARYCustomAlgos.tsv_q75.txt', 0.005602529338793069), ('max-SUMMARYCustomAlgos.tsv_q90.txt', 0.0008655953250547755)]
('L455', 'G03', '24')	16052023--s--Lm--st--L455--p--G03--pos001--tm--24--ch--Syto9--z--21	L455	L394	[('mean-SUMMARYCustomAlgos.tsv_q10.txt', 50.106429280595336), ('minProp-SUMMARYCustomAlgos.tsv_q25.txt', 23.634164106900535), ('minProp-SUMMARYCustomAlgos.tsv_median.txt', 10.841205500873794), ('std-SUMMARYCustomAlgos.tsv_std.txt', 7.042308452308585), ('std-SUMMARYCustomAlgos.tsv_var.txt', 5.37672547772657), ('mean-SUMMARYCustomAlgos.tsv_q25.txt', 4.8555616590824116), ('mean-SUMMARYCustomAlgos.tsv_min.txt', 3.38188136803924), ('minProp-SUMMARYCustomAlgos.tsv_min.txt', 3.0111188312593633), ('min-SUMMARYCustomAlgos.tsv_std.txt', 2.466800340221369), ('min-SUMMARYCustomAlgos.tsv_var.txt', 2.3232160327115454), ('std-SUMMARYCustomAlgos.tsv_q10.txt', 1.353116397346441), ('minProp-SUMMARYCustomAlgos.tsv_q10.txt', 1.1248126274080803), ('med-SUMMARYCustomAlgos.tsv_min.txt', 0.31105882896240944), ('minProp-SUMMARYCustomAlgos.tsv_var.txt', 0.26515904982682253), ('minProp-SUMMARYCustomAlgos.tsv_std.txt', 0.23626890368523243), ('med-SUMMARYCustomAlgos.tsv_std.txt', 0.23574947811873612), ('std-SUMMARYCustomAlgos.tsv_q25.txt', 0.18264458611850265), ('std-SUMMARYCustomAlgos.tsv_min.txt', 0.17113274568523237), ('mean-SUMMARYCustomAlgos.tsv_std.txt', 0.16811506484491834), ('max-SUMMARYCustomAlgos.tsv_min.txt', 0.1465394383695007), ('med-SUMMARYCustomAlgos.tsv_median.txt', 0.1373133104009385), ('med-SUMMARYCustomAlgos.tsv_var.txt', 0.13224057547677975), ('diff-SUMMARYCustomAlgos.tsv_q75.txt', 0.11235230419454294), ('min-SUMMARYCustomAlgos.tsv_q10.txt', 0.10152447318879429), ('diff-SUMMARYCustomAlgos.tsv_mean.txt', 0.10034605555746659), ('min-SUMMARYCustomAlgos.tsv_median.txt', 0.09935660289097899), ('min-SUMMARYCustomAlgos.tsv_mean.txt', 0.09704625020963718), ('diff-SUMMARYCustomAlgos.tsv_q90.txt', 0.0965051697811046), ('minProp-SUMMARYCustomAlgos.tsv_mean.txt', 0.08965690049503747), ('diff-SUMMARYCustomAlgos.tsv_q25.txt', 0.08726072827217218), ('min-SUMMARYCustomAlgos.tsv_max.txt', 0.0833705053674286), ('min-SUMMARYCustomAlgos.tsv_q25.txt', 0.07971794602264554), ('minProp-SUMMARYCustomAlgos.tsv_q90.txt', 0.07241122176952866), ('mean-SUMMARYCustomAlgos.tsv_var.txt', 0.06965873870517661), ('mean-SUMMARYCustomAlgos.tsv_q90.txt', 0.06647755161222789), ('max-SUMMARYCustomAlgos.tsv_mean.txt', 0.05822929166266522), ('mean-SUMMARYCustomAlgos.tsv_max.txt', 0.05595966864088991), ('diff-SUMMARYCustomAlgos.tsv_min.txt', 0.05237697848430741), ('std-SUMMARYCustomAlgos.tsv_q75.txt', 0.048452175455695766), ('std-SUMMARYCustomAlgos.tsv_max.txt', 0.04198718781494079), ('max-SUMMARYCustomAlgos.tsv_var.txt', 0.041115124953796246), ('std-SUMMARYCustomAlgos.tsv_q90.txt', 0.04111111111111111), ('diff-SUMMARYCustomAlgos.tsv_var.txt', 0.04074669160158277), ('diff-SUMMARYCustomAlgos.tsv_q10.txt', 0.040049784871407944), ('std-SUMMARYCustomAlgos.tsv_mean.txt', 0.035979749818345064), ('max-SUMMARYCustomAlgos.tsv_std.txt', 0.032441421012849594), ('diff-SUMMARYCustomAlgos.tsv_std.txt', 0.030341201702199637), ('std-SUMMARYCustomAlgos.tsv_median.txt', 0.029659527089072546), ('med-SUMMARYCustomAlgos.tsv_max.txt', 0.027116948317899556), ('minProp-SUMMARYCustomAlgos.tsv_max.txt', 0.027091358024691363), ('diff-SUMMARYCustomAlgos.tsv_median.txt', 0.0253099173553719), ('med-SUMMARYCustomAlgos.tsv_q90.txt', 0.025278271604938268), ('max-SUMMARYCustomAlgos.tsv_q10.txt', 0.023762912572436384), ('mean-SUMMARYCustomAlgos.tsv_q75.txt', 0.021451127435975926), ('max-SUMMARYCustomAlgos.tsv_q25.txt', 0.021294491690443396), ('diff-SUMMARYCustomAlgos.tsv_max.txt', 0.01853335455806094), ('med-SUMMARYCustomAlgos.tsv_mean.txt', 0.017570370370370368), ('med-SUMMARYCustomAlgos.tsv_q10.txt', 0.017069160997732428), ('mean-SUMMARYCustomAlgos.tsv_median.txt', 0.014044444444444443), ('med-SUMMARYCustomAlgos.tsv_q75.txt', 0.01326388888888889), ('med-SUMMARYCustomAlgos.tsv_q25.txt', 0.00816326530612245), ('min-SUMMARYCustomAlgos.tsv_q90.txt', 0.007765283897764642), ('mean-SUMMARYCustomAlgos.tsv_mean.txt', 0.005), ('minProp-SUMMARYCustomAlgos.tsv_q75.txt', 0.002933333333333332)]
('L455', 'G03', '24')	16052023--s--Lm--st--L455--p--G03--pos002--tm--24--ch--Syto9--z--21	L455	L394	[('mean-SUMMARYCustomAlgos.tsv_q10.txt', 50.106429280595336), ('minProp-SUMMARYCustomAlgos.tsv_q25.txt', 23.793419747004336), ('minProp-SUMMARYCustomAlgos.tsv_median.txt', 10.514892719325172), ('std-SUMMARYCustomAlgos.tsv_std.txt', 8.04123543607671), ('std-SUMMARYCustomAlgos.tsv_var.txt', 6.0210414740025895), ('mean-SUMMARYCustomAlgos.tsv_q25.txt', 4.919554633023891), ('mean-SUMMARYCustomAlgos.tsv_min.txt', 3.38188136803924), ('minProp-SUMMARYCustomAlgos.tsv_min.txt', 3.315162290635762), ('min-SUMMARYCustomAlgos.tsv_std.txt', 2.384904773628219), ('min-SUMMARYCustomAlgos.tsv_var.txt', 2.3828845986125358), ('std-SUMMARYCustomAlgos.tsv_q10.txt', 1.418363724268291), ('minProp-SUMMARYCustomAlgos.tsv_q10.txt', 0.7914225887135782), ('med-SUMMARYCustomAlgos.tsv_min.txt', 0.31105882896240944), ('minProp-SUMMARYCustomAlgos.tsv_var.txt', 0.25861575049257624), ('minProp-SUMMARYCustomAlgos.tsv_std.txt', 0.23626890368523243), ('med-SUMMARYCustomAlgos.tsv_std.txt', 0.21751988404479625), ('std-SUMMARYCustomAlgos.tsv_q25.txt', 0.2140025690220097), ('min-SUMMARYCustomAlgos.tsv_median.txt', 0.1773795530433398), ('mean-SUMMARYCustomAlgos.tsv_std.txt', 0.16811506484491834), ('med-SUMMARYCustomAlgos.tsv_var.txt', 0.16606040325859175), ('std-SUMMARYCustomAlgos.tsv_min.txt', 0.16489862681696377), ('max-SUMMARYCustomAlgos.tsv_min.txt', 0.1465394383695007), ('med-SUMMARYCustomAlgos.tsv_median.txt', 0.14376331040093848), ('diff-SUMMARYCustomAlgos.tsv_q75.txt', 0.11075230419454295), ('diff-SUMMARYCustomAlgos.tsv_mean.txt', 0.10438564808004586), ('min-SUMMARYCustomAlgos.tsv_q10.txt', 0.10152447318879429), ('mean-SUMMARYCustomAlgos.tsv_var.txt', 0.09490363666436029), ('min-SUMMARYCustomAlgos.tsv_mean.txt', 0.09224625020963718), ('min-SUMMARYCustomAlgos.tsv_max.txt', 0.09218142728357731), ('minProp-SUMMARYCustomAlgos.tsv_mean.txt', 0.08965690049503747), ('std-SUMMARYCustomAlgos.tsv_q75.txt', 0.08685217545569576), ('diff-SUMMARYCustomAlgos.tsv_q90.txt', 0.08301504270071483), ('diff-SUMMARYCustomAlgos.tsv_q25.txt', 0.08246072827217218), ('min-SUMMARYCustomAlgos.tsv_q25.txt', 0.07971794602264554), ('minProp-SUMMARYCustomAlgos.tsv_q90.txt', 0.07324455510286199), ('max-SUMMARYCustomAlgos.tsv_mean.txt', 0.06843337329531828), ('diff-SUMMARYCustomAlgos.tsv_min.txt', 0.06690395973582919), ('mean-SUMMARYCustomAlgos.tsv_q90.txt', 0.06157959242855442), ('mean-SUMMARYCustomAlgos.tsv_max.txt', 0.05595966864088991), ('max-SUMMARYCustomAlgos.tsv_std.txt', 0.05257063620844844), ('mean-SUMMARYCustomAlgos.tsv_q75.txt', 0.049569337312519134), ('diff-SUMMARYCustomAlgos.tsv_var.txt', 0.046121941494400756), ('diff-SUMMARYCustomAlgos.tsv_q10.txt', 0.04610488691222427), ('std-SUMMARYCustomAlgos.tsv_max.txt', 0.04198718781494079), ('max-SUMMARYCustomAlgos.tsv_var.txt', 0.04169263572435722), ('diff-SUMMARYCustomAlgos.tsv_std.txt', 0.03667463022414704), ('med-SUMMARYCustomAlgos.tsv_max.txt', 0.03645028165123289), ('std-SUMMARYCustomAlgos.tsv_mean.txt', 0.035979749818345064), ('std-SUMMARYCustomAlgos.tsv_q90.txt', 0.035), ('std-SUMMARYCustomAlgos.tsv_median.txt', 0.03153452708907255), ('minProp-SUMMARYCustomAlgos.tsv_max.txt', 0.027091358024691363), ('diff-SUMMARYCustomAlgos.tsv_median.txt', 0.0253099173553719), ('max-SUMMARYCustomAlgos.tsv_q10.txt', 0.023762912572436384), ('med-SUMMARYCustomAlgos.tsv_q25.txt', 0.02344104308390023), ('med-SUMMARYCustomAlgos.tsv_q75.txt', 0.021905864197530864), ('max-SUMMARYCustomAlgos.tsv_q25.txt', 0.02122915638472348), ('diff-SUMMARYCustomAlgos.tsv_max.txt', 0.01853335455806094), ('med-SUMMARYCustomAlgos.tsv_mean.txt', 0.017570370370370368), ('med-SUMMARYCustomAlgos.tsv_q10.txt', 0.017069160997732428), ('minProp-SUMMARYCustomAlgos.tsv_q75.txt', 0.01597444321329639), ('med-SUMMARYCustomAlgos.tsv_q90.txt', 0.014938271604938273), ('min-SUMMARYCustomAlgos.tsv_q75.txt', 0.013125), ('mean-SUMMARYCustomAlgos.tsv_mean.txt', 0.0098), ('min-SUMMARYCustomAlgos.tsv_q90.txt', 0.007765283897764642), ('max-SUMMARYCustomAlgos.tsv_q75.txt', 0.006666666666666666), ('mean-SUMMARYCustomAlgos.tsv_median.txt', 0.0044444444444444444)]
('L455', 'G03', '24')	16052023--s--Lm--st--L455--p--G03--pos003--tm--24--ch--Syto9--z--21	L455	L394	[('mean-SUMMARYCustomAlgos.tsv_q10.txt', 51.02394813998893), ('minProp-SUMMARYCustomAlgos.tsv_q25.txt', 24.776934729926303), ('minProp-SUMMARYCustomAlgos.tsv_median.txt', 12.545873717116693), ('mean-SUMMARYCustomAlgos.tsv_q25.txt', 4.877688138372352), ('mean-SUMMARYCustomAlgos.tsv_min.txt', 3.417455041844429), ('std-SUMMARYCustomAlgos.tsv_std.txt', 2.8320809807812215), ('minProp-SUMMARYCustomAlgos.tsv_q10.txt', 2.5762570531366458), ('min-SUMMARYCustomAlgos.tsv_std.txt', 2.0644594580703326), ('min-SUMMARYCustomAlgos.tsv_var.txt', 1.508589270531241), ('std-SUMMARYCustomAlgos.tsv_q10.txt', 1.2299487913640745), ('std-SUMMARYCustomAlgos.tsv_var.txt', 1.1810813955324309), ('minProp-SUMMARYCustomAlgos.tsv_min.txt', 0.8232924693709721), ('med-SUMMARYCustomAlgos.tsv_min.txt', 0.3098697758010379), ('std-SUMMARYCustomAlgos.tsv_min.txt', 0.2251891962978677), ('minProp-SUMMARYCustomAlgos.tsv_var.txt', 0.22288145453821948), ('std-SUMMARYCustomAlgos.tsv_q25.txt', 0.14920679685149255), ('mean-SUMMARYCustomAlgos.tsv_std.txt', 0.14910987325196323), ('max-SUMMARYCustomAlgos.tsv_min.txt', 0.1465394383695007), ('med-SUMMARYCustomAlgos.tsv_std.txt', 0.11329342472360153), ('std-SUMMARYCustomAlgos.tsv_q90.txt', 0.10383282660640365), ('min-SUMMARYCustomAlgos.tsv_mean.txt', 0.08598746251508023), ('diff-SUMMARYCustomAlgos.tsv_q25.txt', 0.08435921110197472), ('med-SUMMARYCustomAlgos.tsv_var.txt', 0.07769480404155729), ('diff-SUMMARYCustomAlgos.tsv_q90.txt', 0.07148883421902655), ('diff-SUMMARYCustomAlgos.tsv_mean.txt', 0.0651280238372031), ('minProp-SUMMARYCustomAlgos.tsv_mean.txt', 0.06283929845422115), ('minProp-SUMMARYCustomAlgos.tsv_max.txt', 0.06117663648181197), ('diff-SUMMARYCustomAlgos.tsv_var.txt', 0.056654356184884326), ('min-SUMMARYCustomAlgos.tsv_max.txt', 0.05416995464852607), ('diff-SUMMARYCustomAlgos.tsv_min.txt', 0.05282254748774954), ('minProp-SUMMARYCustomAlgos.tsv_std.txt', 0.0518686072263449), ('min-SUMMARYCustomAlgos.tsv_median.txt', 0.046111012859172226), ('diff-SUMMARYCustomAlgos.tsv_q75.txt', 0.044262105918843955), ('max-SUMMARYCustomAlgos.tsv_mean.txt', 0.0416655407945368), ('max-SUMMARYCustomAlgos.tsv_std.txt', 0.0412785336356765), ('mean-SUMMARYCustomAlgos.tsv_var.txt', 0.0412595700930779), ('med-SUMMARYCustomAlgos.tsv_max.txt', 0.025766376217316783), ('mean-SUMMARYCustomAlgos.tsv_mean.txt', 0.025559715010264463), ('max-SUMMARYCustomAlgos.tsv_q25.txt', 0.022186948853615517), ('diff-SUMMARYCustomAlgos.tsv_std.txt', 0.021892976529777723), ('min-SUMMARYCustomAlgos.tsv_q90.txt', 0.020740411448785048), ('max-SUMMARYCustomAlgos.tsv_q10.txt', 0.018113580246913577), ('max-SUMMARYCustomAlgos.tsv_var.txt', 0.016950040496053562), ('std-SUMMARYCustomAlgos.tsv_max.txt', 0.016827168367346938), ('min-SUMMARYCustomAlgos.tsv_q75.txt', 0.01521322314049587), ('med-SUMMARYCustomAlgos.tsv_mean.txt', 0.012244897959183675), ('diff-SUMMARYCustomAlgos.tsv_max.txt', 0.011762378371517595), ('min-SUMMARYCustomAlgos.tsv_q25.txt', 0.01125), ('mean-SUMMARYCustomAlgos.tsv_q90.txt', 0.01102040816326531), ('std-SUMMARYCustomAlgos.tsv_q75.txt', 0.0096), ('med-SUMMARYCustomAlgos.tsv_q75.txt', 0.0096), ('std-SUMMARYCustomAlgos.tsv_mean.txt', 0.00807277318640954), ('std-SUMMARYCustomAlgos.tsv_median.txt', 0.007346938775510204), ('mean-SUMMARYCustomAlgos.tsv_max.txt', 0.006666666666666666), ('diff-SUMMARYCustomAlgos.tsv_q10.txt', 0.0063999999999999994), ('min-SUMMARYCustomAlgos.tsv_q10.txt', 0.005870741500978835), ('max-SUMMARYCustomAlgos.tsv_median.txt', 0.005306122448979593), ('med-SUMMARYCustomAlgos.tsv_median.txt', 0.0048), ('minProp-SUMMARYCustomAlgos.tsv_q75.txt', 0.00375)]
('L455', 'G03', '24')	16052023--s--Lm--st--L455--p--G03--pos004--tm--24--ch--Syto9--z--21	L455	L628	[('mean-SUMMARYCustomAlgos.tsv_q10.txt', 50.41854268920807), ('minProp-SUMMARYCustomAlgos.tsv_q25.txt', 21.21101963200553), ('minProp-SUMMARYCustomAlgos.tsv_median.txt', 10.816333304205207), ('std-SUMMARYCustomAlgos.tsv_std.txt', 8.359785459372722), ('std-SUMMARYCustomAlgos.tsv_var.txt', 5.962472472127469), ('mean-SUMMARYCustomAlgos.tsv_q25.txt', 4.93330463302389), ('mean-SUMMARYCustomAlgos.tsv_min.txt', 3.397170256928129), ('minProp-SUMMARYCustomAlgos.tsv_min.txt', 3.2247980172681925), ('min-SUMMARYCustomAlgos.tsv_var.txt', 2.4184412504780997), ('min-SUMMARYCustomAlgos.tsv_std.txt', 2.315546807119574), ('std-SUMMARYCustomAlgos.tsv_q10.txt', 1.4401712232365615), ('minProp-SUMMARYCustomAlgos.tsv_q10.txt', 0.7824548349868824), ('med-SUMMARYCustomAlgos.tsv_min.txt', 0.3044152303464925), ('std-SUMMARYCustomAlgos.tsv_q25.txt', 0.28632305002076996), ('minProp-SUMMARYCustomAlgos.tsv_var.txt', 0.26611575049257624), ('minProp-SUMMARYCustomAlgos.tsv_std.txt', 0.2378653203609967), ('std-SUMMARYCustomAlgos.tsv_min.txt', 0.22706078756196554), ('med-SUMMARYCustomAlgos.tsv_std.txt', 0.2230739182298658), ('min-SUMMARYCustomAlgos.tsv_median.txt', 0.1767545530433398), ('mean-SUMMARYCustomAlgos.tsv_std.txt', 0.17478173151158502), ('min-SUMMARYCustomAlgos.tsv_q10.txt', 0.1467953029714361), ('max-SUMMARYCustomAlgos.tsv_min.txt', 0.1409144383695007), ('med-SUMMARYCustomAlgos.tsv_median.txt', 0.13931886595649406), ('diff-SUMMARYCustomAlgos.tsv_mean.txt', 0.12783935599328214), ('med-SUMMARYCustomAlgos.tsv_var.txt', 0.1262471009811591), ('min-SUMMARYCustomAlgos.tsv_q25.txt', 0.12414213583746032), ('std-SUMMARYCustomAlgos.tsv_q75.txt', 0.0976450473565222), ('max-SUMMARYCustomAlgos.tsv_mean.txt', 0.09520219089823784), ('min-SUMMARYCustomAlgos.tsv_mean.txt', 0.09224625020963718), ('diff-SUMMARYCustomAlgos.tsv_min.txt', 0.08921592997246393), ('min-SUMMARYCustomAlgos.tsv_max.txt', 0.0878064272835773), ('diff-SUMMARYCustomAlgos.tsv_q25.txt', 0.08467686640708215), ('mean-SUMMARYCustomAlgos.tsv_q75.txt', 0.08093154967280844), ('diff-SUMMARYCustomAlgos.tsv_q75.txt', 0.07471612816931242), ('diff-SUMMARYCustomAlgos.tsv_q10.txt', 0.068772354908879), ('mean-SUMMARYCustomAlgos.tsv_var.txt', 0.06603373870517662), ('minProp-SUMMARYCustomAlgos.tsv_q90.txt', 0.06574455510286199), ('diff-SUMMARYCustomAlgos.tsv_q90.txt', 0.06367556724110947), ('mean-SUMMARYCustomAlgos.tsv_q90.txt', 0.06157959242855442), ('max-SUMMARYCustomAlgos.tsv_var.txt', 0.05393753368354089), ('mean-SUMMARYCustomAlgos.tsv_max.txt', 0.053687446418667684), ('diff-SUMMARYCustomAlgos.tsv_var.txt', 0.052079792734070186), ('std-SUMMARYCustomAlgos.tsv_mean.txt', 0.05127399059033041), ('std-SUMMARYCustomAlgos.tsv_max.txt', 0.04761218781494079), ('min-SUMMARYCustomAlgos.tsv_q75.txt', 0.044545167584940315), ('med-SUMMARYCustomAlgos.tsv_max.txt', 0.04128361498456622), ('minProp-SUMMARYCustomAlgos.tsv_max.txt', 0.041206266111441604), ('max-SUMMARYCustomAlgos.tsv_std.txt', 0.04032573824926477), ('std-SUMMARYCustomAlgos.tsv_median.txt', 0.038947580500272416), ('diff-SUMMARYCustomAlgos.tsv_std.txt', 0.03667463022414704), ('max-SUMMARYCustomAlgos.tsv_q25.txt', 0.03377089613434186), ('max-SUMMARYCustomAlgos.tsv_q10.txt', 0.030676492819349963), ('diff-SUMMARYCustomAlgos.tsv_max.txt', 0.030294582982939088), ('med-SUMMARYCustomAlgos.tsv_q25.txt', 0.02344104308390023), ('med-SUMMARYCustomAlgos.tsv_q10.txt', 0.023091433832519274), ('minProp-SUMMARYCustomAlgos.tsv_mean.txt', 0.023083115721610026), ('mean-SUMMARYCustomAlgos.tsv_mean.txt', 0.022396449704142014), ('minProp-SUMMARYCustomAlgos.tsv_q75.txt', 0.019596665435518613), ('std-SUMMARYCustomAlgos.tsv_q90.txt', 0.01875), ('med-SUMMARYCustomAlgos.tsv_q75.txt', 0.017530864197530863), ('diff-SUMMARYCustomAlgos.tsv_median.txt', 0.016091167355371902), ('min-SUMMARYCustomAlgos.tsv_min.txt', 0.011111111111111112), ('med-SUMMARYCustomAlgos.tsv_mean.txt', 0.01037037037037037), ('med-SUMMARYCustomAlgos.tsv_q90.txt', 0.01), ('min-SUMMARYCustomAlgos.tsv_q90.txt', 0.007765283897764642)]
('L455', 'G03', '24')	16052023--s--Lm--st--L455--p--G03--pos005--tm--24--ch--Syto9--z--21	L455	L628	[('mean-SUMMARYCustomAlgos.tsv_q10.txt', 51.003887916523794), ('minProp-SUMMARYCustomAlgos.tsv_q25.txt', 20.13214197300117), ('minProp-SUMMARYCustomAlgos.tsv_median.txt', 9.634568343986937), ('std-SUMMARYCustomAlgos.tsv_std.txt', 9.478446631603127), ('std-SUMMARYCustomAlgos.tsv_var.txt', 6.925817419403424), ('mean-SUMMARYCustomAlgos.tsv_q25.txt', 4.947793521912779), ('mean-SUMMARYCustomAlgos.tsv_min.txt', 3.397170256928129), ('minProp-SUMMARYCustomAlgos.tsv_min.txt', 2.409566929502409), ('min-SUMMARYCustomAlgos.tsv_var.txt', 1.6687342679799544), ('min-SUMMARYCustomAlgos.tsv_std.txt', 1.4819760055589726), ('std-SUMMARYCustomAlgos.tsv_q10.txt', 1.433541649015376), ('med-SUMMARYCustomAlgos.tsv_min.txt', 0.31847773034649246), ('med-SUMMARYCustomAlgos.tsv_std.txt', 0.26726571203915445), ('std-SUMMARYCustomAlgos.tsv_min.txt', 0.2457871384555401), ('minProp-SUMMARYCustomAlgos.tsv_var.txt', 0.24144745124449313), ('std-SUMMARYCustomAlgos.tsv_q25.txt', 0.23659246750842886), ('minProp-SUMMARYCustomAlgos.tsv_std.txt', 0.22064440076727754), ('minProp-SUMMARYCustomAlgos.tsv_q10.txt', 0.20317530555337077), ('max-SUMMARYCustomAlgos.tsv_min.txt', 0.16058994932636067), ('diff-SUMMARYCustomAlgos.tsv_mean.txt', 0.1338497642680504), ('min-SUMMARYCustomAlgos.tsv_q10.txt', 0.12912362087267065), ('min-SUMMARYCustomAlgos.tsv_q25.txt', 0.1155636210982313), ('std-SUMMARYCustomAlgos.tsv_q75.txt', 0.1152450473565222), ('diff-SUMMARYCustomAlgos.tsv_q10.txt', 0.10617193141769204), ('med-SUMMARYCustomAlgos.tsv_max.txt', 0.09969641935354746), ('min-SUMMARYCustomAlgos.tsv_max.txt', 0.09629123691262655), ('max-SUMMARYCustomAlgos.tsv_mean.txt', 0.09520219089823784), ('mean-SUMMARYCustomAlgos.tsv_std.txt', 0.08988244070305307), ('minProp-SUMMARYCustomAlgos.tsv_q90.txt', 0.08838832241588138), ('diff-SUMMARYCustomAlgos.tsv_q25.txt', 0.08797793045613936), ('std-SUMMARYCustomAlgos.tsv_mean.txt', 0.08536147617279867), ('min-SUMMARYCustomAlgos.tsv_median.txt', 0.0830229501523608), ('diff-SUMMARYCustomAlgos.tsv_var.txt', 0.08181271828903704), ('diff-SUMMARYCustomAlgos.tsv_min.txt', 0.0811572618332343), ('mean-SUMMARYCustomAlgos.tsv_q75.txt', 0.08093154967280844), ('minProp-SUMMARYCustomAlgos.tsv_mean.txt', 0.08000225842009577), ('mean-SUMMARYCustomAlgos.tsv_var.txt', 0.07827863666436029), ('diff-SUMMARYCustomAlgos.tsv_std.txt', 0.07778000598181842), ('diff-SUMMARYCustomAlgos.tsv_max.txt', 0.0777716564633179), ('mean-SUMMARYCustomAlgos.tsv_max.txt', 0.06803730967952491), ('max-SUMMARYCustomAlgos.tsv_std.txt', 0.06493809202454565), ('med-SUMMARYCustomAlgos.tsv_var.txt', 0.06230818952058739), ('mean-SUMMARYCustomAlgos.tsv_q90.txt', 0.06157959242855442), ('max-SUMMARYCustomAlgos.tsv_q10.txt', 0.05345663796127048), ('std-SUMMARYCustomAlgos.tsv_median.txt', 0.04817886319487528), ('std-SUMMARYCustomAlgos.tsv_max.txt', 0.04802035108024691), ('min-SUMMARYCustomAlgos.tsv_q75.txt', 0.044545167584940315), ('min-SUMMARYCustomAlgos.tsv_q90.txt', 0.0305687515037655), ('minProp-SUMMARYCustomAlgos.tsv_q75.txt', 0.030096665435518616), ('max-SUMMARYCustomAlgos.tsv_var.txt', 0.029069125840548556), ('max-SUMMARYCustomAlgos.tsv_q25.txt', 0.025138439036276293), ('med-SUMMARYCustomAlgos.tsv_q90.txt', 0.02493827160493827), ('min-SUMMARYCustomAlgos.tsv_min.txt', 0.023209876543209877), ('mean-SUMMARYCustomAlgos.tsv_mean.txt', 0.022396449704142014), ('diff-SUMMARYCustomAlgos.tsv_q90.txt', 0.021905611752802985), ('std-SUMMARYCustomAlgos.tsv_q90.txt', 0.01875), ('minProp-SUMMARYCustomAlgos.tsv_max.txt', 0.015555555555555553), ('med-SUMMARYCustomAlgos.tsv_median.txt', 0.01125), ('med-SUMMARYCustomAlgos.tsv_mean.txt', 0.01037037037037037), ('med-SUMMARYCustomAlgos.tsv_q10.txt', 0.009722222222222222), ('med-SUMMARYCustomAlgos.tsv_q75.txt', 0.008641975308641974), ('med-SUMMARYCustomAlgos.tsv_q25.txt', 0.00816326530612245), ('mean-SUMMARYCustomAlgos.tsv_median.txt', 0.0063999999999999994), ('diff-SUMMARYCustomAlgos.tsv_q75.txt', 0.0063999999999999994), ('min-SUMMARYCustomAlgos.tsv_mean.txt', 0.006258787694556958)]
('L455', 'G04', '24')	16052023--s--Lm--st--L455--p--G04--pos001--tm--24--ch--Syto9--z--21	L455	L628	[('mean-SUMMARYCustomAlgos.tsv_q10.txt', 50.077914531388), ('minProp-SUMMARYCustomAlgos.tsv_q25.txt', 24.717439094889766), ('minProp-SUMMARYCustomAlgos.tsv_median.txt', 12.748948695304641), ('std-SUMMARYCustomAlgos.tsv_std.txt', 7.8920233048549395), ('std-SUMMARYCustomAlgos.tsv_var.txt', 6.229734506140521), ('mean-SUMMARYCustomAlgos.tsv_q25.txt', 4.9254807572690025), ('mean-SUMMARYCustomAlgos.tsv_min.txt', 3.36599076853062), ('minProp-SUMMARYCustomAlgos.tsv_min.txt', 2.0529262235038486), ('std-SUMMARYCustomAlgos.tsv_q10.txt', 1.2735196660945083), ('min-SUMMARYCustomAlgos.tsv_std.txt', 1.2141660409102093), ('min-SUMMARYCustomAlgos.tsv_var.txt', 0.9654336984163995), ('med-SUMMARYCustomAlgos.tsv_std.txt', 0.5892187953213797), ('med-SUMMARYCustomAlgos.tsv_var.txt', 0.5769743397213578), ('minProp-SUMMARYCustomAlgos.tsv_std.txt', 0.5442334423679229), ('diff-SUMMARYCustomAlgos.tsv_q75.txt', 0.4644931243273768), ('diff-SUMMARYCustomAlgos.tsv_q90.txt', 0.29804715008931454), ('med-SUMMARYCustomAlgos.tsv_q10.txt', 0.2940020072059966), ('diff-SUMMARYCustomAlgos.tsv_median.txt', 0.2908459049954216), ('std-SUMMARYCustomAlgos.tsv_q25.txt', 0.2869973939903459), ('med-SUMMARYCustomAlgos.tsv_max.txt', 0.27680640942259943), ('minProp-SUMMARYCustomAlgos.tsv_q75.txt', 0.2711379542140764), ('diff-SUMMARYCustomAlgos.tsv_mean.txt', 0.22722655480605508), ('std-SUMMARYCustomAlgos.tsv_min.txt', 0.21929749505583984), ('minProp-SUMMARYCustomAlgos.tsv_var.txt', 0.20787921869256853), ('minProp-SUMMARYCustomAlgos.tsv_q10.txt', 0.20245959139422684), ('min-SUMMARYCustomAlgos.tsv_mean.txt', 0.19904698634934526), ('mean-SUMMARYCustomAlgos.tsv_var.txt', 0.17802562082854406), ('max-SUMMARYCustomAlgos.tsv_std.txt', 0.1739312069951189), ('min-SUMMARYCustomAlgos.tsv_q25.txt', 0.17183591862627684), ('min-SUMMARYCustomAlgos.tsv_max.txt', 0.15361905904899617), ('minProp-SUMMARYCustomAlgos.tsv_mean.txt', 0.1298835417023316), ('max-SUMMARYCustomAlgos.tsv_min.txt', 0.10028420323883291), ('max-SUMMARYCustomAlgos.tsv_q10.txt', 0.09511138771001651), ('min-SUMMARYCustomAlgos.tsv_q90.txt', 0.08704238995861485), ('diff-SUMMARYCustomAlgos.tsv_var.txt', 0.07739692715750068), ('minProp-SUMMARYCustomAlgos.tsv_max.txt', 0.07479529965955814), ('std-SUMMARYCustomAlgos.tsv_median.txt', 0.0741320240718316), ('mean-SUMMARYCustomAlgos.tsv_std.txt', 0.0722147001008433), ('max-SUMMARYCustomAlgos.tsv_q25.txt', 0.06976448159149559), ('diff-SUMMARYCustomAlgos.tsv_min.txt', 0.06968937482367453), ('diff-SUMMARYCustomAlgos.tsv_max.txt', 0.0685175415708491), ('med-SUMMARYCustomAlgos.tsv_median.txt', 0.06105007272190546), ('max-SUMMARYCustomAlgos.tsv_var.txt', 0.05991443183517296), ('min-SUMMARYCustomAlgos.tsv_min.txt', 0.05101211358289878), ('mean-SUMMARYCustomAlgos.tsv_max.txt', 0.049800071812757606), ('diff-SUMMARYCustomAlgos.tsv_q25.txt', 0.04820442844321437), ('min-SUMMARYCustomAlgos.tsv_median.txt', 0.046698460698952074), ('med-SUMMARYCustomAlgos.tsv_q90.txt', 0.04096097569031576), ('max-SUMMARYCustomAlgos.tsv_mean.txt', 0.03710178092474292), ('mean-SUMMARYCustomAlgos.tsv_q75.txt', 0.03621587097065827), ('diff-SUMMARYCustomAlgos.tsv_q10.txt', 0.03587402298129476), ('minProp-SUMMARYCustomAlgos.tsv_q90.txt', 0.035605804147940345), ('min-SUMMARYCustomAlgos.tsv_q10.txt', 0.03529950530057065), ('med-SUMMARYCustomAlgos.tsv_q75.txt', 0.023889527338790243), ('mean-SUMMARYCustomAlgos.tsv_q90.txt', 0.011442054705903664), ('std-SUMMARYCustomAlgos.tsv_mean.txt', 0.011249357328954735), ('mean-SUMMARYCustomAlgos.tsv_median.txt', 0.010069444444444443), ('med-SUMMARYCustomAlgos.tsv_min.txt', 0.008229166666666666), ('med-SUMMARYCustomAlgos.tsv_mean.txt', 0.0072), ('min-SUMMARYCustomAlgos.tsv_q75.txt', 0.005925925925925926), ('mean-SUMMARYCustomAlgos.tsv_mean.txt', 0.005625), ('max-SUMMARYCustomAlgos.tsv_q75.txt', 0.005575270993781332), ('std-SUMMARYCustomAlgos.tsv_q90.txt', 0.005555555555555556)]
('L455', 'G04', '24')	16052023--s--Lm--st--L455--p--G04--pos003--tm--24--ch--Syto9--z--21	L455	L394	[('mean-SUMMARYCustomAlgos.tsv_q10.txt', 50.81740497246071), ('minProp-SUMMARYCustomAlgos.tsv_q25.txt', 22.105933231569576), ('minProp-SUMMARYCustomAlgos.tsv_median.txt', 16.68472458995662), ('mean-SUMMARYCustomAlgos.tsv_q25.txt', 4.8555616590824116), ('mean-SUMMARYCustomAlgos.tsv_min.txt', 3.4332682327255952), ('std-SUMMARYCustomAlgos.tsv_std.txt', 2.7005140670343755), ('std-SUMMARYCustomAlgos.tsv_var.txt', 2.5699508772726043), ('std-SUMMARYCustomAlgos.tsv_q10.txt', 1.4870123492263063), ('minProp-SUMMARYCustomAlgos.tsv_q10.txt', 1.312911985586604), ('minProp-SUMMARYCustomAlgos.tsv_min.txt', 1.2896404410278088), ('std-SUMMARYCustomAlgos.tsv_min.txt', 1.2033555384090042), ('min-SUMMARYCustomAlgos.tsv_var.txt', 1.123996749050079), ('min-SUMMARYCustomAlgos.tsv_std.txt', 1.053101769648687), ('med-SUMMARYCustomAlgos.tsv_q10.txt', 0.3051572109596436), ('med-SUMMARYCustomAlgos.tsv_std.txt', 0.2950064062576957), ('med-SUMMARYCustomAlgos.tsv_var.txt', 0.2840112665633664), ('std-SUMMARYCustomAlgos.tsv_q25.txt', 0.22491742993200323), ('mean-SUMMARYCustomAlgos.tsv_var.txt', 0.22418405998073176), ('med-SUMMARYCustomAlgos.tsv_max.txt', 0.18402672970677666), ('mean-SUMMARYCustomAlgos.tsv_std.txt', 0.1586413682626614), ('std-SUMMARYCustomAlgos.tsv_mean.txt', 0.1554464674058716), ('diff-SUMMARYCustomAlgos.tsv_median.txt', 0.130077774160961), ('minProp-SUMMARYCustomAlgos.tsv_std.txt', 0.11388028109231416), ('diff-SUMMARYCustomAlgos.tsv_mean.txt', 0.1134669646632819), ('max-SUMMARYCustomAlgos.tsv_std.txt', 0.10010906498071409), ('minProp-SUMMARYCustomAlgos.tsv_mean.txt', 0.09835113130339818), ('diff-SUMMARYCustomAlgos.tsv_q90.txt', 0.0916135981147573), ('minProp-SUMMARYCustomAlgos.tsv_q90.txt', 0.08236504521719212), ('diff-SUMMARYCustomAlgos.tsv_q25.txt', 0.08106118792800919), ('min-SUMMARYCustomAlgos.tsv_mean.txt', 0.07640953363867552), ('min-SUMMARYCustomAlgos.tsv_max.txt', 0.07300593309963616), ('max-SUMMARYCustomAlgos.tsv_q25.txt', 0.06976448159149559), ('mean-SUMMARYCustomAlgos.tsv_max.txt', 0.0679402046617212), ('mean-SUMMARYCustomAlgos.tsv_mean.txt', 0.059280674534157286), ('min-SUMMARYCustomAlgos.tsv_q75.txt', 0.053072921241110294), ('diff-SUMMARYCustomAlgos.tsv_min.txt', 0.053045786646885), ('max-SUMMARYCustomAlgos.tsv_q10.txt', 0.053011854307506594), ('std-SUMMARYCustomAlgos.tsv_median.txt', 0.04810136104719628), ('med-SUMMARYCustomAlgos.tsv_median.txt', 0.04672945108160838), ('med-SUMMARYCustomAlgos.tsv_q90.txt', 0.04547561142950063), ('min-SUMMARYCustomAlgos.tsv_median.txt', 0.041910322578105313), ('diff-SUMMARYCustomAlgos.tsv_q10.txt', 0.033208891787482625), ('diff-SUMMARYCustomAlgos.tsv_var.txt', 0.029980906484614614), ('diff-SUMMARYCustomAlgos.tsv_q75.txt', 0.027459759255615432), ('min-SUMMARYCustomAlgos.tsv_q25.txt', 0.026530817235979044), ('std-SUMMARYCustomAlgos.tsv_q75.txt', 0.02545204166462908), ('minProp-SUMMARYCustomAlgos.tsv_q75.txt', 0.0250516212456662), ('mean-SUMMARYCustomAlgos.tsv_median.txt', 0.018458049886621315), ('max-SUMMARYCustomAlgos.tsv_mean.txt', 0.016688888888888885), ('max-SUMMARYCustomAlgos.tsv_var.txt', 0.01625578231292517), ('min-SUMMARYCustomAlgos.tsv_min.txt', 0.013222437673130192), ('min-SUMMARYCustomAlgos.tsv_q90.txt', 0.012600988850442136), ('mean-SUMMARYCustomAlgos.tsv_q90.txt', 0.011609579491374183), ('med-SUMMARYCustomAlgos.tsv_q75.txt', 0.008508391061878461), ('min-SUMMARYCustomAlgos.tsv_q10.txt', 0.007999999999999998), ('std-SUMMARYCustomAlgos.tsv_q90.txt', 0.005), ('diff-SUMMARYCustomAlgos.tsv_max.txt', 0.0032818408435281075), ('minProp-SUMMARYCustomAlgos.tsv_max.txt', -0.0003994490358126823)]
('L455', 'G04', '24')	16052023--s--Lm--st--L455--p--G04--pos005--tm--24--ch--Syto9--z--21	L455	L394	[('mean-SUMMARYCustomAlgos.tsv_q10.txt', 51.04484840480791), ('minProp-SUMMARYCustomAlgos.tsv_q25.txt', 22.42159241461966), ('minProp-SUMMARYCustomAlgos.tsv_median.txt', 17.508780032272437), ('mean-SUMMARYCustomAlgos.tsv_q25.txt', 4.8555616590824116), ('mean-SUMMARYCustomAlgos.tsv_min.txt', 3.411966457577666), ('minProp-SUMMARYCustomAlgos.tsv_q10.txt', 2.508930755947594), ('std-SUMMARYCustomAlgos.tsv_q10.txt', 1.2884206179642141), ('std-SUMMARYCustomAlgos.tsv_min.txt', 1.1271683951136857), ('min-SUMMARYCustomAlgos.tsv_std.txt', 0.8434038355923783), ('min-SUMMARYCustomAlgos.tsv_var.txt', 0.6801251949263889), ('std-SUMMARYCustomAlgos.tsv_std.txt', 0.5618825259081316), ('minProp-SUMMARYCustomAlgos.tsv_min.txt', 0.39940787984570975), ('std-SUMMARYCustomAlgos.tsv_var.txt', 0.33079494115284486), ('med-SUMMARYCustomAlgos.tsv_q10.txt', 0.3051572109596436), ('std-SUMMARYCustomAlgos.tsv_q25.txt', 0.21130698481564897), ('minProp-SUMMARYCustomAlgos.tsv_q75.txt', 0.18054925729354654), ('std-SUMMARYCustomAlgos.tsv_mean.txt', 0.1565569416232342), ('minProp-SUMMARYCustomAlgos.tsv_mean.txt', 0.14151758538503084), ('med-SUMMARYCustomAlgos.tsv_var.txt', 0.13306726723936962), ('mean-SUMMARYCustomAlgos.tsv_var.txt', 0.1166003221953233), ('diff-SUMMARYCustomAlgos.tsv_mean.txt', 0.10560240162646262), ('diff-SUMMARYCustomAlgos.tsv_median.txt', 0.10310395340027949), ('minProp-SUMMARYCustomAlgos.tsv_std.txt', 0.09785288236161872), ('med-SUMMARYCustomAlgos.tsv_max.txt', 0.08804180551681576), ('mean-SUMMARYCustomAlgos.tsv_std.txt', 0.0864266681618181), ('mean-SUMMARYCustomAlgos.tsv_max.txt', 0.0679402046617212), ('std-SUMMARYCustomAlgos.tsv_q90.txt', 0.05278948331047099), ('min-SUMMARYCustomAlgos.tsv_mean.txt', 0.050483607712749595), ('minProp-SUMMARYCustomAlgos.tsv_q90.txt', 0.04685076020349176), ('diff-SUMMARYCustomAlgos.tsv_q10.txt', 0.04385450956382476), ('diff-SUMMARYCustomAlgos.tsv_q90.txt', 0.03885665680473373), ('med-SUMMARYCustomAlgos.tsv_q90.txt', 0.03455115173306433), ('diff-SUMMARYCustomAlgos.tsv_q75.txt', 0.029283848196793336), ('diff-SUMMARYCustomAlgos.tsv_min.txt', 0.028953775534916147), ('std-SUMMARYCustomAlgos.tsv_median.txt', 0.02450691005425605), ('min-SUMMARYCustomAlgos.tsv_median.txt', 0.022691687225294077), ('mean-SUMMARYCustomAlgos.tsv_mean.txt', 0.02258614958448752), ('min-SUMMARYCustomAlgos.tsv_q75.txt', 0.02073821049730864), ('diff-SUMMARYCustomAlgos.tsv_q25.txt', 0.020455250783363133), ('med-SUMMARYCustomAlgos.tsv_q75.txt', 0.019291409768489046), ('med-SUMMARYCustomAlgos.tsv_std.txt', 0.017772918333722153), ('max-SUMMARYCustomAlgos.tsv_std.txt', 0.012656445567757631), ('med-SUMMARYCustomAlgos.tsv_median.txt', 0.012164795026369593), ('mean-SUMMARYCustomAlgos.tsv_q90.txt', 0.011609579491374183), ('minProp-SUMMARYCustomAlgos.tsv_var.txt', 0.010961484433417903), ('min-SUMMARYCustomAlgos.tsv_q10.txt', 0.007999999999999998), ('diff-SUMMARYCustomAlgos.tsv_std.txt', 0.0075), ('min-SUMMARYCustomAlgos.tsv_q90.txt', 0.005934322183775469), ('min-SUMMARYCustomAlgos.tsv_q25.txt', 0.005789113352209476), ('minProp-SUMMARYCustomAlgos.tsv_max.txt', -0.0003994490358126823), ('diff-SUMMARYCustomAlgos.tsv_max.txt', -0.0004384814132350612)]
('L455', 'G05', '24')	16052023--s--Lm--st--L455--p--G05--pos001--tm--24--ch--Syto9--z--21	L455	L628	[('mean-SUMMARYCustomAlgos.tsv_q10.txt', 50.41795603586483), ('minProp-SUMMARYCustomAlgos.tsv_q25.txt', 23.29538501212107), ('minProp-SUMMARYCustomAlgos.tsv_median.txt', 9.408747581065095), ('std-SUMMARYCustomAlgos.tsv_std.txt', 7.166254331239204), ('std-SUMMARYCustomAlgos.tsv_var.txt', 6.116460705131501), ('mean-SUMMARYCustomAlgos.tsv_q25.txt', 4.980948434531402), ('mean-SUMMARYCustomAlgos.tsv_min.txt', 3.4210225340738547), ('minProp-SUMMARYCustomAlgos.tsv_min.txt', 3.0734981042708345), ('std-SUMMARYCustomAlgos.tsv_q10.txt', 1.5600540364694857), ('min-SUMMARYCustomAlgos.tsv_var.txt', 1.0957675116656138), ('min-SUMMARYCustomAlgos.tsv_std.txt', 1.0954113544157333), ('med-SUMMARYCustomAlgos.tsv_std.txt', 0.47801673464670685), ('minProp-SUMMARYCustomAlgos.tsv_std.txt', 0.4657029799563588), ('diff-SUMMARYCustomAlgos.tsv_q90.txt', 0.40168397791775295), ('diff-SUMMARYCustomAlgos.tsv_median.txt', 0.39142848172704464), ('med-SUMMARYCustomAlgos.tsv_max.txt', 0.39123982239202987), ('diff-SUMMARYCustomAlgos.tsv_max.txt', 0.37022773393967573), ('med-SUMMARYCustomAlgos.tsv_var.txt', 0.35716419770848584), ('diff-SUMMARYCustomAlgos.tsv_q75.txt', 0.3552718635397556), ('std-SUMMARYCustomAlgos.tsv_min.txt', 0.3540448551887154), ('minProp-SUMMARYCustomAlgos.tsv_q75.txt', 0.34713676251782716), ('minProp-SUMMARYCustomAlgos.tsv_var.txt', 0.3191075537341812), ('med-SUMMARYCustomAlgos.tsv_q10.txt', 0.3074450799083286), ('minProp-SUMMARYCustomAlgos.tsv_mean.txt', 0.28187038833975403), ('minProp-SUMMARYCustomAlgos.tsv_q10.txt', 0.26328621092417426), ('min-SUMMARYCustomAlgos.tsv_q10.txt', 0.24462160086025828), ('min-SUMMARYCustomAlgos.tsv_median.txt', 0.22407198347840318), ('diff-SUMMARYCustomAlgos.tsv_q25.txt', 0.20927133652864408), ('max-SUMMARYCustomAlgos.tsv_q25.txt', 0.16586151202034277), ('minProp-SUMMARYCustomAlgos.tsv_max.txt', 0.14401536783955018), ('std-SUMMARYCustomAlgos.tsv_q25.txt', 0.13317633183071861), ('max-SUMMARYCustomAlgos.tsv_var.txt', 0.12652203872639967), ('diff-SUMMARYCustomAlgos.tsv_std.txt', 0.1264427798523878), ('diff-SUMMARYCustomAlgos.tsv_q10.txt', 0.12532717386846298), ('diff-SUMMARYCustomAlgos.tsv_mean.txt', 0.12325466500521368), ('diff-SUMMARYCustomAlgos.tsv_min.txt', 0.10242745267565112), ('diff-SUMMARYCustomAlgos.tsv_var.txt', 0.09089553104492865), ('mean-SUMMARYCustomAlgos.tsv_q90.txt', 0.08533753694397057), ('min-SUMMARYCustomAlgos.tsv_max.txt', 0.08072157139437275), ('minProp-SUMMARYCustomAlgos.tsv_q90.txt', 0.07996901342981327), ('min-SUMMARYCustomAlgos.tsv_min.txt', 0.0721595304825634), ('mean-SUMMARYCustomAlgos.tsv_std.txt', 0.06745960801905859), ('min-SUMMARYCustomAlgos.tsv_q25.txt', 0.06442736149243247), ('mean-SUMMARYCustomAlgos.tsv_max.txt', 0.062089263301045534), ('med-SUMMARYCustomAlgos.tsv_q90.txt', 0.054154442356855494), ('std-SUMMARYCustomAlgos.tsv_median.txt', 0.05077100154904432), ('min-SUMMARYCustomAlgos.tsv_q90.txt', 0.04491064818609032), ('med-SUMMARYCustomAlgos.tsv_q75.txt', 0.044471387720255176), ('max-SUMMARYCustomAlgos.tsv_std.txt', 0.03638940590563952), ('std-SUMMARYCustomAlgos.tsv_mean.txt', 0.03634305373983077), ('min-SUMMARYCustomAlgos.tsv_mean.txt', 0.03145909255688932), ('med-SUMMARYCustomAlgos.tsv_mean.txt', 0.03080946712018141), ('med-SUMMARYCustomAlgos.tsv_min.txt', 0.024786002530693206), ('min-SUMMARYCustomAlgos.tsv_q75.txt', 0.021500826446280992), ('med-SUMMARYCustomAlgos.tsv_median.txt', 0.019922222222222227), ('mean-SUMMARYCustomAlgos.tsv_q75.txt', 0.018101228802277766), ('max-SUMMARYCustomAlgos.tsv_max.txt', 0.014606388989182309), ('max-SUMMARYCustomAlgos.tsv_median.txt', 0.013125), ('mean-SUMMARYCustomAlgos.tsv_median.txt', 0.012777777777777777), ('mean-SUMMARYCustomAlgos.tsv_var.txt', 0.012755275704512882), ('max-SUMMARYCustomAlgos.tsv_min.txt', 0.01238233024691358), ('max-SUMMARYCustomAlgos.tsv_q75.txt', 0.011353165449186213), ('max-SUMMARYCustomAlgos.tsv_q10.txt', 0.009154309746791527), ('mean-SUMMARYCustomAlgos.tsv_mean.txt', 0.006666666666666666), ('std-SUMMARYCustomAlgos.tsv_q75.txt', 0.005625), ('std-SUMMARYCustomAlgos.tsv_q90.txt', 0.005555555555555556), ('max-SUMMARYCustomAlgos.tsv_mean.txt', 0.004997500792431674)]
('L455', 'G05', '24')	16052023--s--Lm--st--L455--p--G05--pos003--tm--24--ch--Syto9--z--21	L455	L394	[('mean-SUMMARYCustomAlgos.tsv_q10.txt', 51.33034962332724), ('minProp-SUMMARYCustomAlgos.tsv_q25.txt', 19.948809007923703), ('minProp-SUMMARYCustomAlgos.tsv_median.txt', 14.639325294855466), ('mean-SUMMARYCustomAlgos.tsv_q25.txt', 4.8608677815313905), ('mean-SUMMARYCustomAlgos.tsv_min.txt', 3.4115632597741277), ('minProp-SUMMARYCustomAlgos.tsv_q10.txt', 1.7398487649210637), ('std-SUMMARYCustomAlgos.tsv_q10.txt', 1.2648169133378444), ('std-SUMMARYCustomAlgos.tsv_min.txt', 0.6902556709711047), ('minProp-SUMMARYCustomAlgos.tsv_min.txt', 0.5804210206347558), ('min-SUMMARYCustomAlgos.tsv_std.txt', 0.33861221676854414), ('med-SUMMARYCustomAlgos.tsv_q10.txt', 0.2995322109596436), ('min-SUMMARYCustomAlgos.tsv_var.txt', 0.21994106728363724), ('std-SUMMARYCustomAlgos.tsv_max.txt', 0.15759327254918057), ('med-SUMMARYCustomAlgos.tsv_max.txt', 0.09616616506045594), ('std-SUMMARYCustomAlgos.tsv_q25.txt', 0.09228540405037214), ('med-SUMMARYCustomAlgos.tsv_var.txt', 0.08887722095379154), ('std-SUMMARYCustomAlgos.tsv_mean.txt', 0.07828022158074999), ('std-SUMMARYCustomAlgos.tsv_q90.txt', 0.07742859239763204), ('mean-SUMMARYCustomAlgos.tsv_max.txt', 0.07427033588266509), ('mean-SUMMARYCustomAlgos.tsv_mean.txt', 0.05927743122920664), ('min-SUMMARYCustomAlgos.tsv_median.txt', 0.058045897342887225), ('diff-SUMMARYCustomAlgos.tsv_q75.txt', 0.03601420118343195), ('min-SUMMARYCustomAlgos.tsv_min.txt', 0.028888888888888888), ('diff-SUMMARYCustomAlgos.tsv_min.txt', 0.024016654743923827), ('diff-SUMMARYCustomAlgos.tsv_q90.txt', 0.01875), ('std-SUMMARYCustomAlgos.tsv_median.txt', 0.0183214656222898), ('minProp-SUMMARYCustomAlgos.tsv_std.txt', 0.01802110032466146), ('minProp-SUMMARYCustomAlgos.tsv_q75.txt', 0.016800000000000002), ('minProp-SUMMARYCustomAlgos.tsv_mean.txt', 0.015), ('std-SUMMARYCustomAlgos.tsv_var.txt', 0.013334699931229932), ('std-SUMMARYCustomAlgos.tsv_q75.txt', 0.013006011082934164), ('diff-SUMMARYCustomAlgos.tsv_mean.txt', 0.011853090758193305), ('diff-SUMMARYCustomAlgos.tsv_max.txt', 0.011111111111111112), ('mean-SUMMARYCustomAlgos.tsv_std.txt', 0.010204081632653062), ('diff-SUMMARYCustomAlgos.tsv_std.txt', 0.0065625), ('diff-SUMMARYCustomAlgos.tsv_median.txt', 0.0065625), ('med-SUMMARYCustomAlgos.tsv_median.txt', 0.0065625), ('diff-SUMMARYCustomAlgos.tsv_q10.txt', 0.006122448979591838), ('diff-SUMMARYCustomAlgos.tsv_q25.txt', 0.006122448979591838), ('std-SUMMARYCustomAlgos.tsv_std.txt', 0.004620975158842819)]
('L455', 'G06', '24')	16052023--s--Lm--st--L455--p--G06--pos001--tm--24--ch--Syto9--z--21	L455	L628	[('mean-SUMMARYCustomAlgos.tsv_q10.txt', 49.03249290684433), ('minProp-SUMMARYCustomAlgos.tsv_q25.txt', 23.534858944657376), ('minProp-SUMMARYCustomAlgos.tsv_median.txt', 10.850341207772237), ('std-SUMMARYCustomAlgos.tsv_std.txt', 6.177725537635355), ('std-SUMMARYCustomAlgos.tsv_var.txt', 5.736602869820646), ('mean-SUMMARYCustomAlgos.tsv_q25.txt', 5.104340552103197), ('mean-SUMMARYCustomAlgos.tsv_min.txt', 2.9476235163789037), ('minProp-SUMMARYCustomAlgos.tsv_min.txt', 2.073316293848226), ('diff-SUMMARYCustomAlgos.tsv_q75.txt', 1.677884125390225), ('minProp-SUMMARYCustomAlgos.tsv_mean.txt', 1.5965669194696313), ('std-SUMMARYCustomAlgos.tsv_q10.txt', 1.4694268521300828), ('diff-SUMMARYCustomAlgos.tsv_median.txt', 0.817566690047252), ('med-SUMMARYCustomAlgos.tsv_q25.txt', 0.7829044348263481), ('minProp-SUMMARYCustomAlgos.tsv_q75.txt', 0.7432660940661707), ('min-SUMMARYCustomAlgos.tsv_mean.txt', 0.7388702744950092), ('diff-SUMMARYCustomAlgos.tsv_mean.txt', 0.7150197597387228), ('diff-SUMMARYCustomAlgos.tsv_q90.txt', 0.6556837508943468), ('min-SUMMARYCustomAlgos.tsv_std.txt', 0.6520016701885281), ('med-SUMMARYCustomAlgos.tsv_median.txt', 0.6507395225113781), ('min-SUMMARYCustomAlgos.tsv_var.txt', 0.6500093812485499), ('std-SUMMARYCustomAlgos.tsv_q25.txt', 0.6084175989851701), ('minProp-SUMMARYCustomAlgos.tsv_q10.txt', 0.6024065641706378), ('min-SUMMARYCustomAlgos.tsv_median.txt', 0.5808858308159123), ('diff-SUMMARYCustomAlgos.tsv_max.txt', 0.5578252346424656), ('med-SUMMARYCustomAlgos.tsv_q75.txt', 0.4387893007941681), ('med-SUMMARYCustomAlgos.tsv_q10.txt', 0.438097439918664), ('minProp-SUMMARYCustomAlgos.tsv_std.txt', 0.40768680329069024), ('minProp-SUMMARYCustomAlgos.tsv_var.txt', 0.3801259739975035), ('diff-SUMMARYCustomAlgos.tsv_q25.txt', 0.3657515252050948), ('min-SUMMARYCustomAlgos.tsv_q90.txt', 0.30438407253209043), ('min-SUMMARYCustomAlgos.tsv_q75.txt', 0.20386177963176288), ('min-SUMMARYCustomAlgos.tsv_q25.txt', 0.17443047394933037), ('diff-SUMMARYCustomAlgos.tsv_q10.txt', 0.15992473085514208), ('minProp-SUMMARYCustomAlgos.tsv_max.txt', 0.1512923788757212), ('min-SUMMARYCustomAlgos.tsv_min.txt', 0.12999320957562535), ('minProp-SUMMARYCustomAlgos.tsv_q90.txt', 0.09886533978871315), ('std-SUMMARYCustomAlgos.tsv_median.txt', 0.09095082208184312), ('min-SUMMARYCustomAlgos.tsv_max.txt', 0.07451310547067548), ('min-SUMMARYCustomAlgos.tsv_q10.txt', 0.07031206369386424), ('std-SUMMARYCustomAlgos.tsv_min.txt', 0.06658622386888036), ('diff-SUMMARYCustomAlgos.tsv_std.txt', 0.05980671855636985), ('mean-SUMMARYCustomAlgos.tsv_var.txt', 0.058657569318655234), ('med-SUMMARYCustomAlgos.tsv_min.txt', 0.05489744572928335), ('diff-SUMMARYCustomAlgos.tsv_var.txt', 0.05082547115080666), ('diff-SUMMARYCustomAlgos.tsv_min.txt', 0.048417657900276176), ('med-SUMMARYCustomAlgos.tsv_q90.txt', 0.045201725050233676), ('med-SUMMARYCustomAlgos.tsv_mean.txt', 0.03936026719973347), ('std-SUMMARYCustomAlgos.tsv_mean.txt', 0.03650473585719714), ('max-SUMMARYCustomAlgos.tsv_std.txt', 0.03283271648533474), ('med-SUMMARYCustomAlgos.tsv_max.txt', 0.02994848157732508), ('mean-SUMMARYCustomAlgos.tsv_max.txt', 0.02771400764486641), ('max-SUMMARYCustomAlgos.tsv_min.txt', 0.027595949784661025), ('std-SUMMARYCustomAlgos.tsv_max.txt', 0.02222222222222222), ('std-SUMMARYCustomAlgos.tsv_q75.txt', 0.01656211159413492), ('mean-SUMMARYCustomAlgos.tsv_std.txt', 0.012532888888888892), ('mean-SUMMARYCustomAlgos.tsv_mean.txt', 0.011900826446280993), ('med-SUMMARYCustomAlgos.tsv_var.txt', 0.011626297577854675), ('max-SUMMARYCustomAlgos.tsv_q10.txt', 0.006143999999999998), ('mean-SUMMARYCustomAlgos.tsv_q90.txt', 0.0060998810939358), ('mean-SUMMARYCustomAlgos.tsv_q75.txt', 0.00020133574263039188)]
('L455', 'G07', '24')	16052023--s--Lm--st--L455--p--G07--pos001--tm--24--ch--Syto9--z--21	L455	L628	[('mean-SUMMARYCustomAlgos.tsv_q10.txt', 50.11458655885167), ('minProp-SUMMARYCustomAlgos.tsv_q25.txt', 23.04401348561911), ('minProp-SUMMARYCustomAlgos.tsv_median.txt', 12.158252897356835), ('std-SUMMARYCustomAlgos.tsv_var.txt', 5.906745579785428), ('mean-SUMMARYCustomAlgos.tsv_q25.txt', 5.313502497670414), ('std-SUMMARYCustomAlgos.tsv_std.txt', 4.918646430572965), ('mean-SUMMARYCustomAlgos.tsv_min.txt', 3.4507201445422715), ('diff-SUMMARYCustomAlgos.tsv_q75.txt', 3.2032422858010854), ('minProp-SUMMARYCustomAlgos.tsv_min.txt', 2.560362989966732), ('std-SUMMARYCustomAlgos.tsv_q10.txt', 1.6976514125113034), ('diff-SUMMARYCustomAlgos.tsv_median.txt', 1.1569198862110075), ('med-SUMMARYCustomAlgos.tsv_q25.txt', 0.960595762509025), ('std-SUMMARYCustomAlgos.tsv_q25.txt', 0.9081028878561266), ('minProp-SUMMARYCustomAlgos.tsv_q10.txt', 0.7811697810405048), ('minProp-SUMMARYCustomAlgos.tsv_q75.txt', 0.7308341622889646), ('minProp-SUMMARYCustomAlgos.tsv_std.txt', 0.7224330387654324), ('minProp-SUMMARYCustomAlgos.tsv_mean.txt', 0.6619856932162056), ('med-SUMMARYCustomAlgos.tsv_q75.txt', 0.6218412527552035), ('min-SUMMARYCustomAlgos.tsv_median.txt', 0.5260455165068282), ('min-SUMMARYCustomAlgos.tsv_mean.txt', 0.47432253753999204), ('diff-SUMMARYCustomAlgos.tsv_mean.txt', 0.4556199497330205), ('med-SUMMARYCustomAlgos.tsv_median.txt', 0.4415466098183524), ('minProp-SUMMARYCustomAlgos.tsv_var.txt', 0.4008008118358488), ('min-SUMMARYCustomAlgos.tsv_std.txt', 0.37960196254551853), ('min-SUMMARYCustomAlgos.tsv_q25.txt', 0.3540715586853751), ('diff-SUMMARYCustomAlgos.tsv_q90.txt', 0.32830982708688405), ('minProp-SUMMARYCustomAlgos.tsv_max.txt', 0.32721905861013245), ('med-SUMMARYCustomAlgos.tsv_q10.txt', 0.31851520165044106), ('diff-SUMMARYCustomAlgos.tsv_max.txt', 0.317525305644207), ('std-SUMMARYCustomAlgos.tsv_min.txt', 0.3046457935671225), ('std-SUMMARYCustomAlgos.tsv_median.txt', 0.29773563629171146), ('min-SUMMARYCustomAlgos.tsv_var.txt', 0.29604081536050336), ('med-SUMMARYCustomAlgos.tsv_max.txt', 0.20167217001290755), ('diff-SUMMARYCustomAlgos.tsv_q25.txt', 0.1881573970016352), ('minProp-SUMMARYCustomAlgos.tsv_q90.txt', 0.186654296086883), ('min-SUMMARYCustomAlgos.tsv_min.txt', 0.1725055563016899), ('diff-SUMMARYCustomAlgos.tsv_q10.txt', 0.1634890337035641), ('std-SUMMARYCustomAlgos.tsv_mean.txt', 0.1627228716222714), ('min-SUMMARYCustomAlgos.tsv_q90.txt', 0.12009682299954255), ('min-SUMMARYCustomAlgos.tsv_max.txt', 0.11367930806426291), ('min-SUMMARYCustomAlgos.tsv_q10.txt', 0.10454024036701422), ('diff-SUMMARYCustomAlgos.tsv_min.txt', 0.09405359265090214), ('diff-SUMMARYCustomAlgos.tsv_var.txt', 0.09162826390059516), ('min-SUMMARYCustomAlgos.tsv_q75.txt', 0.06709686893590577), ('mean-SUMMARYCustomAlgos.tsv_var.txt', 0.05412340923839137), ('med-SUMMARYCustomAlgos.tsv_var.txt', 0.05272070110859908), ('med-SUMMARYCustomAlgos.tsv_q90.txt', 0.05175542062616266), ('mean-SUMMARYCustomAlgos.tsv_median.txt', 0.03588195266272189), ('diff-SUMMARYCustomAlgos.tsv_std.txt', 0.03410063695498539), ('mean-SUMMARYCustomAlgos.tsv_std.txt', 0.03220798123170837), ('max-SUMMARYCustomAlgos.tsv_mean.txt', 0.030095680237115428), ('std-SUMMARYCustomAlgos.tsv_q75.txt', 0.029542941027140987), ('med-SUMMARYCustomAlgos.tsv_std.txt', 0.022910842845572547), ('max-SUMMARYCustomAlgos.tsv_min.txt', 0.02135721088432506), ('max-SUMMARYCustomAlgos.tsv_std.txt', 0.019826183431952662), ('med-SUMMARYCustomAlgos.tsv_mean.txt', 0.01681332199546485), ('med-SUMMARYCustomAlgos.tsv_min.txt', 0.0139531179138322), ('mean-SUMMARYCustomAlgos.tsv_q75.txt', 0.013500000000000003), ('max-SUMMARYCustomAlgos.tsv_var.txt', 0.012302874530204231), ('mean-SUMMARYCustomAlgos.tsv_mean.txt', 0.010204081632653062), ('std-SUMMARYCustomAlgos.tsv_max.txt', 0.007755317743427133), ('max-SUMMARYCustomAlgos.tsv_q10.txt', 0.006944444444444444), ('mean-SUMMARYCustomAlgos.tsv_q90.txt', 0.00620891912320484), ('std-SUMMARYCustomAlgos.tsv_q90.txt', 0.005552685950413222)]
('L455', 'G07', '24')	16052023--s--Lm--st--L455--p--G07--pos003--tm--24--ch--Syto9--z--21	L455	L628	[('mean-SUMMARYCustomAlgos.tsv_q10.txt', 49.670420477110895), ('minProp-SUMMARYCustomAlgos.tsv_q25.txt', 20.734547945769773), ('minProp-SUMMARYCustomAlgos.tsv_median.txt', 15.660737629499069), ('mean-SUMMARYCustomAlgos.tsv_q25.txt', 5.134964854254827), ('mean-SUMMARYCustomAlgos.tsv_min.txt', 3.4329695097741277), ('std-SUMMARYCustomAlgos.tsv_var.txt', 2.980872519074839), ('minProp-SUMMARYCustomAlgos.tsv_min.txt', 2.8509744717315013), ('std-SUMMARYCustomAlgos.tsv_std.txt', 2.8265196656328935), ('std-SUMMARYCustomAlgos.tsv_q10.txt', 1.5995909029981317), ('std-SUMMARYCustomAlgos.tsv_min.txt', 1.324329455113177), ('min-SUMMARYCustomAlgos.tsv_std.txt', 1.0810827557928018), ('minProp-SUMMARYCustomAlgos.tsv_q10.txt', 0.6584764819096575), ('minProp-SUMMARYCustomAlgos.tsv_q75.txt', 0.6530541710377973), ('min-SUMMARYCustomAlgos.tsv_var.txt', 0.614211139007317), ('std-SUMMARYCustomAlgos.tsv_q25.txt', 0.5437837996072953), ('diff-SUMMARYCustomAlgos.tsv_q75.txt', 0.4094171512226148), ('diff-SUMMARYCustomAlgos.tsv_q25.txt', 0.37331596622040253), ('med-SUMMARYCustomAlgos.tsv_q10.txt', 0.3434208618001759), ('minProp-SUMMARYCustomAlgos.tsv_std.txt', 0.3035311910897318), ('med-SUMMARYCustomAlgos.tsv_max.txt', 0.2619195181954117), ('diff-SUMMARYCustomAlgos.tsv_median.txt', 0.24562543468893358), ('med-SUMMARYCustomAlgos.tsv_std.txt', 0.21315914082582563), ('minProp-SUMMARYCustomAlgos.tsv_var.txt', 0.19690674575970013), ('med-SUMMARYCustomAlgos.tsv_q75.txt', 0.15753548000314396), ('std-SUMMARYCustomAlgos.tsv_median.txt', 0.1547868470891548), ('std-SUMMARYCustomAlgos.tsv_mean.txt', 0.1448376989675327), ('diff-SUMMARYCustomAlgos.tsv_q10.txt', 0.14204141879721535), ('min-SUMMARYCustomAlgos.tsv_max.txt', 0.11952288215155951), ('max-SUMMARYCustomAlgos.tsv_q25.txt', 0.1150043912897133), ('diff-SUMMARYCustomAlgos.tsv_mean.txt', 0.10927763929894894), ('mean-SUMMARYCustomAlgos.tsv_var.txt', 0.10135000811643587), ('diff-SUMMARYCustomAlgos.tsv_var.txt', 0.09612187723963449), ('diff-SUMMARYCustomAlgos.tsv_min.txt', 0.09325312754756224), ('minProp-SUMMARYCustomAlgos.tsv_max.txt', 0.08760204585243847), ('minProp-SUMMARYCustomAlgos.tsv_q90.txt', 0.08011713148306406), ('mean-SUMMARYCustomAlgos.tsv_max.txt', 0.07793332130399136), ('minProp-SUMMARYCustomAlgos.tsv_mean.txt', 0.06910685458638738), ('diff-SUMMARYCustomAlgos.tsv_q90.txt', 0.06875132296926108), ('min-SUMMARYCustomAlgos.tsv_mean.txt', 0.06775506562847332), ('med-SUMMARYCustomAlgos.tsv_median.txt', 0.06237425330076803), ('med-SUMMARYCustomAlgos.tsv_var.txt', 0.060275738604847154), ('mean-SUMMARYCustomAlgos.tsv_q90.txt', 0.05905116925026099), ('diff-SUMMARYCustomAlgos.tsv_max.txt', 0.04300295857988165), ('mean-SUMMARYCustomAlgos.tsv_median.txt', 0.03981443541054807), ('std-SUMMARYCustomAlgos.tsv_q90.txt', 0.03951175439206193), ('min-SUMMARYCustomAlgos.tsv_q75.txt', 0.03938449613759947), ('max-SUMMARYCustomAlgos.tsv_std.txt', 0.03544324313204335), ('mean-SUMMARYCustomAlgos.tsv_std.txt', 0.03497367709930746), ('mean-SUMMARYCustomAlgos.tsv_mean.txt', 0.033324120499683), ('max-SUMMARYCustomAlgos.tsv_min.txt', 0.03216691004026726), ('min-SUMMARYCustomAlgos.tsv_median.txt', 0.03009158071860747), ('med-SUMMARYCustomAlgos.tsv_mean.txt', 0.0296), ('min-SUMMARYCustomAlgos.tsv_min.txt', 0.028888888888888888), ('med-SUMMARYCustomAlgos.tsv_q90.txt', 0.028763403077095732), ('med-SUMMARYCustomAlgos.tsv_min.txt', 0.026890710743801657), ('std-SUMMARYCustomAlgos.tsv_q75.txt', 0.0264), ('min-SUMMARYCustomAlgos.tsv_q90.txt', 0.02620037807183364), ('std-SUMMARYCustomAlgos.tsv_max.txt', 0.025833333333333333), ('med-SUMMARYCustomAlgos.tsv_q25.txt', 0.0203), ('diff-SUMMARYCustomAlgos.tsv_std.txt', 0.018684705904244647), ('mean-SUMMARYCustomAlgos.tsv_q75.txt', 0.014357638888888889), ('max-SUMMARYCustomAlgos.tsv_var.txt', 0.013319000268744958)]
('L394', 'C08', '24')	18042023--s--Lm--st--L394--p--C08--pos003--tm--24--ch--Syto9--z--21	L394	L628	[('mean-SUMMARYCustomAlgos.tsv_q10.txt', 49.924133600176525), ('minProp-SUMMARYCustomAlgos.tsv_q25.txt', 23.152683272918658), ('minProp-SUMMARYCustomAlgos.tsv_median.txt', 8.95783376723257), ('std-SUMMARYCustomAlgos.tsv_std.txt', 5.629292279915918), ('mean-SUMMARYCustomAlgos.tsv_q25.txt', 5.0735147821772335), ('std-SUMMARYCustomAlgos.tsv_var.txt', 4.5562369411861114), ('mean-SUMMARYCustomAlgos.tsv_min.txt', 3.5026880703865038), ('std-SUMMARYCustomAlgos.tsv_q10.txt', 1.4541795415869654), ('minProp-SUMMARYCustomAlgos.tsv_min.txt', 0.8858119196018993), ('min-SUMMARYCustomAlgos.tsv_var.txt', 0.8324063711438876), ('min-SUMMARYCustomAlgos.tsv_std.txt', 0.7955333905653946), ('minProp-SUMMARYCustomAlgos.tsv_q10.txt', 0.5864166908822699), ('std-SUMMARYCustomAlgos.tsv_min.txt', 0.5001838593229765), ('med-SUMMARYCustomAlgos.tsv_max.txt', 0.4194929326133433), ('minProp-SUMMARYCustomAlgos.tsv_q75.txt', 0.3530899572170285), ('med-SUMMARYCustomAlgos.tsv_q10.txt', 0.29435947580336086), ('med-SUMMARYCustomAlgos.tsv_std.txt', 0.28521443281072584), ('minProp-SUMMARYCustomAlgos.tsv_std.txt', 0.2636160419252353), ('minProp-SUMMARYCustomAlgos.tsv_var.txt', 0.25654896258163973), ('diff-SUMMARYCustomAlgos.tsv_q75.txt', 0.24201817993420416), ('minProp-SUMMARYCustomAlgos.tsv_q90.txt', 0.2228936256950857), ('std-SUMMARYCustomAlgos.tsv_q25.txt', 0.2064045857053739), ('diff-SUMMARYCustomAlgos.tsv_q25.txt', 0.19949579739235318), ('mean-SUMMARYCustomAlgos.tsv_max.txt', 0.19006106783605936), ('max-SUMMARYCustomAlgos.tsv_q25.txt', 0.17194663620945386), ('diff-SUMMARYCustomAlgos.tsv_var.txt', 0.16887197005304694), ('diff-SUMMARYCustomAlgos.tsv_median.txt', 0.15964454193759167), ('med-SUMMARYCustomAlgos.tsv_var.txt', 0.14763607574793627), ('diff-SUMMARYCustomAlgos.tsv_q90.txt', 0.1393089799484668), ('max-SUMMARYCustomAlgos.tsv_mean.txt', 0.1367225237677897), ('mean-SUMMARYCustomAlgos.tsv_q90.txt', 0.13282135367075956), ('max-SUMMARYCustomAlgos.tsv_var.txt', 0.10319830843990989), ('std-SUMMARYCustomAlgos.tsv_mean.txt', 0.09960610912193586), ('med-SUMMARYCustomAlgos.tsv_mean.txt', 0.09731335851871663), ('diff-SUMMARYCustomAlgos.tsv_min.txt', 0.08378172660471116), ('min-SUMMARYCustomAlgos.tsv_q90.txt', 0.06583075051590963), ('max-SUMMARYCustomAlgos.tsv_std.txt', 0.06464634231868358), ('min-SUMMARYCustomAlgos.tsv_max.txt', 0.05795800268102606), ('max-SUMMARYCustomAlgos.tsv_q10.txt', 0.05448756825044068), ('std-SUMMARYCustomAlgos.tsv_q90.txt', 0.052454604041764455), ('diff-SUMMARYCustomAlgos.tsv_std.txt', 0.046192124320100586), ('min-SUMMARYCustomAlgos.tsv_mean.txt', 0.04532355615634305), ('minProp-SUMMARYCustomAlgos.tsv_mean.txt', 0.04152943449647995), ('minProp-SUMMARYCustomAlgos.tsv_max.txt', 0.04066774376417236), ('diff-SUMMARYCustomAlgos.tsv_mean.txt', 0.03472487461419753), ('mean-SUMMARYCustomAlgos.tsv_median.txt', 0.025), ('med-SUMMARYCustomAlgos.tsv_q90.txt', 0.023806231089058216), ('min-SUMMARYCustomAlgos.tsv_q75.txt', 0.019444444444444445), ('med-SUMMARYCustomAlgos.tsv_min.txt', 0.01528114186851211), ('std-SUMMARYCustomAlgos.tsv_max.txt', 0.014599999999999998), ('diff-SUMMARYCustomAlgos.tsv_q10.txt', 0.011665618549562383), ('diff-SUMMARYCustomAlgos.tsv_max.txt', 0.010975686570924669), ('mean-SUMMARYCustomAlgos.tsv_std.txt', 0.00953703703703704), ('med-SUMMARYCustomAlgos.tsv_q25.txt', 0.00862222222222222), ('std-SUMMARYCustomAlgos.tsv_median.txt', 0.00783034400602627), ('med-SUMMARYCustomAlgos.tsv_q75.txt', 0.006666666666666666), ('min-SUMMARYCustomAlgos.tsv_min.txt', 0.006200000000000001), ('std-SUMMARYCustomAlgos.tsv_q75.txt', 0.005785123966942149), ('mean-SUMMARYCustomAlgos.tsv_mean.txt', 0.005), ('min-SUMMARYCustomAlgos.tsv_q10.txt', 0.004500000000000001), ('mean-SUMMARYCustomAlgos.tsv_q75.txt', -0.0018814878892733588)]
('L628', 'C09', '24')	23052023--s--Lm--st--L628--p--C09--pos002--tm--24--ch--Syto9--z--21	L628	L455	[('mean-SUMMARYCustomAlgos.tsv_q10.txt', 47.962751080232884), ('minProp-SUMMARYCustomAlgos.tsv_q25.txt', 22.563384877558033), ('minProp-SUMMARYCustomAlgos.tsv_median.txt', 12.985766349236188), ('std-SUMMARYCustomAlgos.tsv_std.txt', 5.830268334799629), ('minProp-SUMMARYCustomAlgos.tsv_min.txt', 4.618906178109391), ('std-SUMMARYCustomAlgos.tsv_var.txt', 4.505548350980942), ('mean-SUMMARYCustomAlgos.tsv_q25.txt', 4.503467837709521), ('mean-SUMMARYCustomAlgos.tsv_min.txt', 3.573062483596885), ('std-SUMMARYCustomAlgos.tsv_q10.txt', 2.002095094529801), ('diff-SUMMARYCustomAlgos.tsv_q75.txt', 1.2624529611645718), ('min-SUMMARYCustomAlgos.tsv_var.txt', 0.9122118411327921), ('min-SUMMARYCustomAlgos.tsv_std.txt', 0.8917513599650726), ('diff-SUMMARYCustomAlgos.tsv_q90.txt', 0.8664163820538076), ('minProp-SUMMARYCustomAlgos.tsv_q75.txt', 0.8233038463308014), ('minProp-SUMMARYCustomAlgos.tsv_var.txt', 0.8192975538539463), ('minProp-SUMMARYCustomAlgos.tsv_std.txt', 0.7775810056367428), ('med-SUMMARYCustomAlgos.tsv_var.txt', 0.6469790392824334), ('std-SUMMARYCustomAlgos.tsv_min.txt', 0.6009073441403202), ('diff-SUMMARYCustomAlgos.tsv_median.txt', 0.5229107952338267), ('minProp-SUMMARYCustomAlgos.tsv_q90.txt', 0.46206798827700607), ('med-SUMMARYCustomAlgos.tsv_std.txt', 0.3357477051989065), ('med-SUMMARYCustomAlgos.tsv_q10.txt', 0.3291006722862984), ('minProp-SUMMARYCustomAlgos.tsv_q10.txt', 0.3143949631938025), ('min-SUMMARYCustomAlgos.tsv_max.txt', 0.2998084583002739), ('diff-SUMMARYCustomAlgos.tsv_mean.txt', 0.29840951579307584), ('med-SUMMARYCustomAlgos.tsv_max.txt', 0.29358923613830934), ('std-SUMMARYCustomAlgos.tsv_q25.txt', 0.283776618127335), ('min-SUMMARYCustomAlgos.tsv_median.txt', 0.2756352159721281), ('min-SUMMARYCustomAlgos.tsv_min.txt', 0.27439847166176456), ('diff-SUMMARYCustomAlgos.tsv_max.txt', 0.2487021336974302), ('mean-SUMMARYCustomAlgos.tsv_max.txt', 0.23626284393693003), ('mean-SUMMARYCustomAlgos.tsv_q90.txt', 0.22671076968740678), ('minProp-SUMMARYCustomAlgos.tsv_mean.txt', 0.2171714760527785), ('min-SUMMARYCustomAlgos.tsv_q25.txt', 0.18908911966829772), ('std-SUMMARYCustomAlgos.tsv_median.txt', 0.18338861348829782), ('max-SUMMARYCustomAlgos.tsv_var.txt', 0.17911412437163926), ('diff-SUMMARYCustomAlgos.tsv_var.txt', 0.17235630369127447), ('std-SUMMARYCustomAlgos.tsv_mean.txt', 0.15675135265384663), ('min-SUMMARYCustomAlgos.tsv_mean.txt', 0.15634217706550063), ('med-SUMMARYCustomAlgos.tsv_q25.txt', 0.15083172627669555), ('minProp-SUMMARYCustomAlgos.tsv_max.txt', 0.1454150430508922), ('med-SUMMARYCustomAlgos.tsv_q75.txt', 0.11855521545741045), ('max-SUMMARYCustomAlgos.tsv_min.txt', 0.11822551585953105), ('diff-SUMMARYCustomAlgos.tsv_q10.txt', 0.11152443529440208), ('diff-SUMMARYCustomAlgos.tsv_q25.txt', 0.10724045676045134), ('diff-SUMMARYCustomAlgos.tsv_std.txt', 0.07856466203580323), ('diff-SUMMARYCustomAlgos.tsv_min.txt', 0.07684741311621608), ('mean-SUMMARYCustomAlgos.tsv_var.txt', 0.07242540908762966), ('min-SUMMARYCustomAlgos.tsv_q10.txt', 0.07217550989763646), ('med-SUMMARYCustomAlgos.tsv_q90.txt', 0.07081961938053154), ('max-SUMMARYCustomAlgos.tsv_mean.txt', 0.07047226814486655), ('max-SUMMARYCustomAlgos.tsv_q25.txt', 0.06426860247434112), ('mean-SUMMARYCustomAlgos.tsv_std.txt', 0.054874733805178585), ('mean-SUMMARYCustomAlgos.tsv_median.txt', 0.042761398335757324), ('med-SUMMARYCustomAlgos.tsv_mean.txt', 0.03913727810650887), ('min-SUMMARYCustomAlgos.tsv_q75.txt', 0.03579792899408284), ('mean-SUMMARYCustomAlgos.tsv_q75.txt', 0.03476709849994482), ('med-SUMMARYCustomAlgos.tsv_min.txt', 0.026098470401667122), ('med-SUMMARYCustomAlgos.tsv_median.txt', 0.024053713340789238), ('max-SUMMARYCustomAlgos.tsv_max.txt', 0.021408313981392972), ('std-SUMMARYCustomAlgos.tsv_max.txt', 0.019830555555555556), ('min-SUMMARYCustomAlgos.tsv_q90.txt', 0.016196051423324153), ('std-SUMMARYCustomAlgos.tsv_q75.txt', 0.011473937872539268), ('max-SUMMARYCustomAlgos.tsv_std.txt', 0.010069444444444443), ('max-SUMMARYCustomAlgos.tsv_q10.txt', 0.009795918367346938), ('mean-SUMMARYCustomAlgos.tsv_mean.txt', 0.0010382231404958665)]
('19115', 'C04', '24')	25042023--s--Lm--st--19115--p--C04--pos005--tm--24--ch--Syto9--z--21	19115	L455	[('mean-SUMMARYCustomAlgos.tsv_q10.txt', 48.80412237908445), ('minProp-SUMMARYCustomAlgos.tsv_q25.txt', 24.147188327782796), ('minProp-SUMMARYCustomAlgos.tsv_median.txt', 13.999847941363019), ('std-SUMMARYCustomAlgos.tsv_std.txt', 6.930395540268947), ('std-SUMMARYCustomAlgos.tsv_var.txt', 5.891131709802164), ('mean-SUMMARYCustomAlgos.tsv_q25.txt', 3.7694207849870547), ('mean-SUMMARYCustomAlgos.tsv_min.txt', 3.2899822195399167), ('minProp-SUMMARYCustomAlgos.tsv_min.txt', 3.174013373845132), ('diff-SUMMARYCustomAlgos.tsv_q75.txt', 1.8112789513348657), ('std-SUMMARYCustomAlgos.tsv_q10.txt', 1.8024339419021718), ('minProp-SUMMARYCustomAlgos.tsv_mean.txt', 0.8457015253512947), ('med-SUMMARYCustomAlgos.tsv_q75.txt', 0.8252954491943135), ('min-SUMMARYCustomAlgos.tsv_var.txt', 0.7841810616854877), ('minProp-SUMMARYCustomAlgos.tsv_std.txt', 0.7819563268453413), ('std-SUMMARYCustomAlgos.tsv_q25.txt', 0.7606537670052467), ('min-SUMMARYCustomAlgos.tsv_mean.txt', 0.723086019099742), ('med-SUMMARYCustomAlgos.tsv_q25.txt', 0.6372499025134328), ('med-SUMMARYCustomAlgos.tsv_median.txt', 0.6193559020942809), ('diff-SUMMARYCustomAlgos.tsv_median.txt', 0.5634884556349414), ('diff-SUMMARYCustomAlgos.tsv_q90.txt', 0.5528471190805198), ('min-SUMMARYCustomAlgos.tsv_std.txt', 0.4800033573192019), ('minProp-SUMMARYCustomAlgos.tsv_q75.txt', 0.4743333309322972), ('minProp-SUMMARYCustomAlgos.tsv_var.txt', 0.35955330187151385), ('med-SUMMARYCustomAlgos.tsv_min.txt', 0.3563426715999557), ('diff-SUMMARYCustomAlgos.tsv_q10.txt', 0.3008582364000367), ('std-SUMMARYCustomAlgos.tsv_min.txt', 0.3003534269453786), ('min-SUMMARYCustomAlgos.tsv_median.txt', 0.2942184096678744), ('diff-SUMMARYCustomAlgos.tsv_q25.txt', 0.2869691418966763), ('minProp-SUMMARYCustomAlgos.tsv_q90.txt', 0.2852861273211515), ('std-SUMMARYCustomAlgos.tsv_median.txt', 0.24282807951570318), ('minProp-SUMMARYCustomAlgos.tsv_q10.txt', 0.23983731956311466), ('diff-SUMMARYCustomAlgos.tsv_mean.txt', 0.23111474109257688), ('minProp-SUMMARYCustomAlgos.tsv_max.txt', 0.23064726212937806), ('min-SUMMARYCustomAlgos.tsv_q10.txt', 0.22318980780269976), ('min-SUMMARYCustomAlgos.tsv_q25.txt', 0.1834107714005975), ('min-SUMMARYCustomAlgos.tsv_q75.txt', 0.16011794215183575), ('diff-SUMMARYCustomAlgos.tsv_min.txt', 0.14360255045750092), ('diff-SUMMARYCustomAlgos.tsv_max.txt', 0.13026788588666133), ('med-SUMMARYCustomAlgos.tsv_q10.txt', 0.11567265633468994), ('min-SUMMARYCustomAlgos.tsv_min.txt', 0.11442100109621567), ('min-SUMMARYCustomAlgos.tsv_q90.txt', 0.09723367894685789), ('diff-SUMMARYCustomAlgos.tsv_var.txt', 0.09664014103054062), ('diff-SUMMARYCustomAlgos.tsv_std.txt', 0.09291332904914583), ('min-SUMMARYCustomAlgos.tsv_max.txt', 0.08224809650398791), ('mean-SUMMARYCustomAlgos.tsv_median.txt', 0.08058044795029577), ('max-SUMMARYCustomAlgos.tsv_min.txt', 0.07044400571103349), ('std-SUMMARYCustomAlgos.tsv_q75.txt', 0.06723736271808997), ('mean-SUMMARYCustomAlgos.tsv_std.txt', 0.0559483775180248), ('med-SUMMARYCustomAlgos.tsv_mean.txt', 0.055048980879756126), ('std-SUMMARYCustomAlgos.tsv_mean.txt', 0.05270168070268323), ('std-SUMMARYCustomAlgos.tsv_q90.txt', 0.04302669490915853), ('max-SUMMARYCustomAlgos.tsv_std.txt', 0.029950002994192593), ('med-SUMMARYCustomAlgos.tsv_var.txt', 0.028324936034926904), ('std-SUMMARYCustomAlgos.tsv_max.txt', 0.02512712263764364), ('mean-SUMMARYCustomAlgos.tsv_var.txt', 0.02319048361319463), ('mean-SUMMARYCustomAlgos.tsv_mean.txt', 0.019666666666666666), ('max-SUMMARYCustomAlgos.tsv_var.txt', 0.01540972039782322), ('max-SUMMARYCustomAlgos.tsv_median.txt', 0.013331755424063119), ('mean-SUMMARYCustomAlgos.tsv_q75.txt', 0.013199009349900056), ('med-SUMMARYCustomAlgos.tsv_std.txt', 0.012277777777777775), ('max-SUMMARYCustomAlgos.tsv_max.txt', 0.011166207529843888), ('mean-SUMMARYCustomAlgos.tsv_q90.txt', 0.009444444444444445), ('max-SUMMARYCustomAlgos.tsv_q75.txt', 0.008495842781557066), ('max-SUMMARYCustomAlgos.tsv_mean.txt', 0.0068027210884353765), ('med-SUMMARYCustomAlgos.tsv_q90.txt', 0.006122448979591838)]
('19115', 'C08', '24')	25042023--s--Lm--st--19115--p--C08--pos005--tm--24--ch--Syto9--z--21	19115	L628	[('mean-SUMMARYCustomAlgos.tsv_q10.txt', 49.52309750612344), ('minProp-SUMMARYCustomAlgos.tsv_q25.txt', 23.962246552099934), ('minProp-SUMMARYCustomAlgos.tsv_median.txt', 13.011962729457988), ('std-SUMMARYCustomAlgos.tsv_std.txt', 6.6854077108825125), ('std-SUMMARYCustomAlgos.tsv_var.txt', 6.343155849700884), ('mean-SUMMARYCustomAlgos.tsv_min.txt', 3.258009843710951), ('mean-SUMMARYCustomAlgos.tsv_q25.txt', 3.2057589783586615), ('minProp-SUMMARYCustomAlgos.tsv_min.txt', 2.2390981867608457), ('diff-SUMMARYCustomAlgos.tsv_q75.txt', 2.2091779032656405), ('std-SUMMARYCustomAlgos.tsv_q10.txt', 1.652621666868933), ('minProp-SUMMARYCustomAlgos.tsv_mean.txt', 0.9111252161196556), ('med-SUMMARYCustomAlgos.tsv_q75.txt', 0.8198226162958073), ('minProp-SUMMARYCustomAlgos.tsv_std.txt', 0.7905380883733786), ('diff-SUMMARYCustomAlgos.tsv_q90.txt', 0.7795801603787212), ('med-SUMMARYCustomAlgos.tsv_q25.txt', 0.6802499153962709), ('min-SUMMARYCustomAlgos.tsv_mean.txt', 0.6647606982217923), ('diff-SUMMARYCustomAlgos.tsv_median.txt', 0.6517838650913192), ('min-SUMMARYCustomAlgos.tsv_var.txt', 0.6023156781867952), ('med-SUMMARYCustomAlgos.tsv_median.txt', 0.5259623059291509), ('minProp-SUMMARYCustomAlgos.tsv_q75.txt', 0.49491550754913743), ('min-SUMMARYCustomAlgos.tsv_median.txt', 0.36553362214988006), ('minProp-SUMMARYCustomAlgos.tsv_var.txt', 0.3413409579544108), ('min-SUMMARYCustomAlgos.tsv_std.txt', 0.3383885684150012), ('diff-SUMMARYCustomAlgos.tsv_max.txt', 0.30919080057617426), ('min-SUMMARYCustomAlgos.tsv_q10.txt', 0.28816903174292424), ('minProp-SUMMARYCustomAlgos.tsv_q10.txt', 0.2700697262632723), ('std-SUMMARYCustomAlgos.tsv_min.txt', 0.26265768798838246), ('std-SUMMARYCustomAlgos.tsv_q25.txt', 0.25533677302719393), ('min-SUMMARYCustomAlgos.tsv_q25.txt', 0.2420224965217652), ('diff-SUMMARYCustomAlgos.tsv_q10.txt', 0.2386589548850039), ('minProp-SUMMARYCustomAlgos.tsv_max.txt', 0.23128189566579502), ('min-SUMMARYCustomAlgos.tsv_min.txt', 0.20155560876988418), ('minProp-SUMMARYCustomAlgos.tsv_q90.txt', 0.19604152349401321), ('std-SUMMARYCustomAlgos.tsv_median.txt', 0.1492146371669738), ('min-SUMMARYCustomAlgos.tsv_q75.txt', 0.1489564708223475), ('min-SUMMARYCustomAlgos.tsv_q90.txt', 0.1458947353760007), ('diff-SUMMARYCustomAlgos.tsv_q25.txt', 0.13563493394601933), ('diff-SUMMARYCustomAlgos.tsv_mean.txt', 0.08970315156142926), ('mean-SUMMARYCustomAlgos.tsv_median.txt', 0.08651401391771504), ('diff-SUMMARYCustomAlgos.tsv_min.txt', 0.06113804939209083), ('diff-SUMMARYCustomAlgos.tsv_std.txt', 0.059489392762672726), ('max-SUMMARYCustomAlgos.tsv_min.txt', 0.05271761621641223), ('med-SUMMARYCustomAlgos.tsv_min.txt', 0.04489294733577504), ('std-SUMMARYCustomAlgos.tsv_q75.txt', 0.04204925721248738), ('mean-SUMMARYCustomAlgos.tsv_var.txt', 0.04091562975880269), ('med-SUMMARYCustomAlgos.tsv_q10.txt', 0.03955215419501134), ('max-SUMMARYCustomAlgos.tsv_q25.txt', 0.03349848313052933), ('std-SUMMARYCustomAlgos.tsv_q90.txt', 0.032558024627124545), ('min-SUMMARYCustomAlgos.tsv_max.txt', 0.03157599001800254), ('mean-SUMMARYCustomAlgos.tsv_q90.txt', 0.027913223140495873), ('max-SUMMARYCustomAlgos.tsv_std.txt', 0.027313116599048864), ('std-SUMMARYCustomAlgos.tsv_mean.txt', 0.024684922272434743), ('med-SUMMARYCustomAlgos.tsv_q90.txt', 0.018938649533887623), ('med-SUMMARYCustomAlgos.tsv_max.txt', 0.01882455168365609), ('max-SUMMARYCustomAlgos.tsv_mean.txt', 0.014319526627218936), ('max-SUMMARYCustomAlgos.tsv_var.txt', 0.012322448979591838), ('diff-SUMMARYCustomAlgos.tsv_var.txt', 0.012124240241201739), ('med-SUMMARYCustomAlgos.tsv_mean.txt', 0.011667368960274977), ('mean-SUMMARYCustomAlgos.tsv_max.txt', 0.010340136054421769), ('med-SUMMARYCustomAlgos.tsv_std.txt', 0.010005256731170111), ('max-SUMMARYCustomAlgos.tsv_q75.txt', 0.008495842781557066), ('med-SUMMARYCustomAlgos.tsv_var.txt', 0.006666666666666666), ('mean-SUMMARYCustomAlgos.tsv_std.txt', 0.006666666666666666), ('max-SUMMARYCustomAlgos.tsv_median.txt', 0.006666666666666666), ('max-SUMMARYCustomAlgos.tsv_q10.txt', 0.005)]
('L455', 'C08', '24')	28032023--s--Lm--st--L455--p--C08--pos002--tm--24--ch--Syto9--z--21	L455	L628	[('mean-SUMMARYCustomAlgos.tsv_q10.txt', 50.557708383171), ('minProp-SUMMARYCustomAlgos.tsv_q25.txt', 25.374466427288144), ('minProp-SUMMARYCustomAlgos.tsv_median.txt', 10.726394161184206), ('std-SUMMARYCustomAlgos.tsv_std.txt', 5.632849780431371), ('std-SUMMARYCustomAlgos.tsv_var.txt', 4.738552832032144), ('mean-SUMMARYCustomAlgos.tsv_q25.txt', 3.577179447106083), ('mean-SUMMARYCustomAlgos.tsv_min.txt', 3.228955332711534), ('minProp-SUMMARYCustomAlgos.tsv_min.txt', 2.739476515715896), ('diff-SUMMARYCustomAlgos.tsv_q75.txt', 1.7760527218595146), ('std-SUMMARYCustomAlgos.tsv_q10.txt', 1.5756444686199755), ('med-SUMMARYCustomAlgos.tsv_q75.txt', 0.841034592108266), ('std-SUMMARYCustomAlgos.tsv_q25.txt', 0.7626129669597336), ('med-SUMMARYCustomAlgos.tsv_median.txt', 0.7398246598094075), ('minProp-SUMMARYCustomAlgos.tsv_std.txt', 0.7393563014063267), ('min-SUMMARYCustomAlgos.tsv_median.txt', 0.6807729655769964), ('diff-SUMMARYCustomAlgos.tsv_q90.txt', 0.6473929993499441), ('minProp-SUMMARYCustomAlgos.tsv_q10.txt', 0.6140300605937121), ('diff-SUMMARYCustomAlgos.tsv_median.txt', 0.6018597764714146), ('min-SUMMARYCustomAlgos.tsv_var.txt', 0.5541185176202155), ('minProp-SUMMARYCustomAlgos.tsv_q90.txt', 0.5017107994861661), ('min-SUMMARYCustomAlgos.tsv_q25.txt', 0.4607585712473375), ('minProp-SUMMARYCustomAlgos.tsv_var.txt', 0.3431908864148323), ('diff-SUMMARYCustomAlgos.tsv_mean.txt', 0.34309608855389745), ('minProp-SUMMARYCustomAlgos.tsv_q75.txt', 0.3361752065654975), ('std-SUMMARYCustomAlgos.tsv_min.txt', 0.3192875862484439), ('min-SUMMARYCustomAlgos.tsv_std.txt', 0.3115255251213114), ('minProp-SUMMARYCustomAlgos.tsv_max.txt', 0.30925297171250515), ('med-SUMMARYCustomAlgos.tsv_q25.txt', 0.30703878910051036), ('med-SUMMARYCustomAlgos.tsv_max.txt', 0.2729007781647205), ('diff-SUMMARYCustomAlgos.tsv_q25.txt', 0.25267380853216126), ('min-SUMMARYCustomAlgos.tsv_mean.txt', 0.24899605363625243), ('min-SUMMARYCustomAlgos.tsv_q10.txt', 0.2453578066851641), ('min-SUMMARYCustomAlgos.tsv_q75.txt', 0.24448947609335286), ('diff-SUMMARYCustomAlgos.tsv_max.txt', 0.21175559083779844), ('min-SUMMARYCustomAlgos.tsv_max.txt', 0.19799777358912424), ('min-SUMMARYCustomAlgos.tsv_min.txt', 0.1914902914246969), ('std-SUMMARYCustomAlgos.tsv_median.txt', 0.1896574901356661), ('minProp-SUMMARYCustomAlgos.tsv_mean.txt', 0.18314937698940348), ('mean-SUMMARYCustomAlgos.tsv_max.txt', 0.17346886347913507), ('min-SUMMARYCustomAlgos.tsv_q90.txt', 0.17294002482950876), ('std-SUMMARYCustomAlgos.tsv_mean.txt', 0.15014561827321965), ('std-SUMMARYCustomAlgos.tsv_q75.txt', 0.14286831110120338), ('med-SUMMARYCustomAlgos.tsv_q10.txt', 0.13591261151280196), ('mean-SUMMARYCustomAlgos.tsv_var.txt', 0.12156879199660024), ('diff-SUMMARYCustomAlgos.tsv_std.txt', 0.12016880103695607), ('diff-SUMMARYCustomAlgos.tsv_q10.txt', 0.11437926154642918), ('diff-SUMMARYCustomAlgos.tsv_var.txt', 0.09070841730289055), ('med-SUMMARYCustomAlgos.tsv_min.txt', 0.07809885119551382), ('std-SUMMARYCustomAlgos.tsv_max.txt', 0.07668884784178656), ('med-SUMMARYCustomAlgos.tsv_q90.txt', 0.07461310840120196), ('mean-SUMMARYCustomAlgos.tsv_q90.txt', 0.0626290736680347), ('std-SUMMARYCustomAlgos.tsv_q90.txt', 0.05796168927803798), ('mean-SUMMARYCustomAlgos.tsv_median.txt', 0.05422235652682239), ('diff-SUMMARYCustomAlgos.tsv_min.txt', 0.04700055642360114), ('mean-SUMMARYCustomAlgos.tsv_std.txt', 0.030063641465156627), ('max-SUMMARYCustomAlgos.tsv_min.txt', 0.02735040308986712), ('mean-SUMMARYCustomAlgos.tsv_q75.txt', 0.02620418836565098), ('mean-SUMMARYCustomAlgos.tsv_mean.txt', 0.022361345623730416), ('max-SUMMARYCustomAlgos.tsv_mean.txt', 0.020085840648697163), ('med-SUMMARYCustomAlgos.tsv_var.txt', 0.016291313222605616), ('med-SUMMARYCustomAlgos.tsv_mean.txt', 0.010935516763346791), ('max-SUMMARYCustomAlgos.tsv_q10.txt', 0.0063645694964376285), ('max-SUMMARYCustomAlgos.tsv_max.txt', 0.005531275291941274)]
('L455', 'D03', '24')	28032023--s--Lm--st--L455--p--D03--pos002--tm--24--ch--Syto9--z--21	L455	L394	[('mean-SUMMARYCustomAlgos.tsv_q10.txt', 52.152576573946966), ('minProp-SUMMARYCustomAlgos.tsv_q25.txt', 27.987130501346083), ('minProp-SUMMARYCustomAlgos.tsv_median.txt', 10.15125594467704), ('std-SUMMARYCustomAlgos.tsv_std.txt', 5.210047342110641), ('minProp-SUMMARYCustomAlgos.tsv_min.txt', 4.899060237370323), ('std-SUMMARYCustomAlgos.tsv_var.txt', 4.450608845128121), ('mean-SUMMARYCustomAlgos.tsv_q25.txt', 3.43799140530684), ('mean-SUMMARYCustomAlgos.tsv_min.txt', 3.252041136216101), ('std-SUMMARYCustomAlgos.tsv_q10.txt', 1.7317459183394297), ('diff-SUMMARYCustomAlgos.tsv_q75.txt', 1.2272484536996653), ('std-SUMMARYCustomAlgos.tsv_q25.txt', 1.1557336835703698), ('diff-SUMMARYCustomAlgos.tsv_median.txt', 0.7754944622447021), ('minProp-SUMMARYCustomAlgos.tsv_mean.txt', 0.7690871806642612), ('minProp-SUMMARYCustomAlgos.tsv_std.txt', 0.758048553433551), ('min-SUMMARYCustomAlgos.tsv_mean.txt', 0.5681640622601529), ('med-SUMMARYCustomAlgos.tsv_median.txt', 0.5201919729585099), ('minProp-SUMMARYCustomAlgos.tsv_q75.txt', 0.45569093335321353), ('min-SUMMARYCustomAlgos.tsv_var.txt', 0.4541096559932157), ('med-SUMMARYCustomAlgos.tsv_q75.txt', 0.42023172265074116), ('min-SUMMARYCustomAlgos.tsv_q10.txt', 0.36892826119463884), ('minProp-SUMMARYCustomAlgos.tsv_q10.txt', 0.35657270682866915), ('minProp-SUMMARYCustomAlgos.tsv_var.txt', 0.3267467460897622), ('std-SUMMARYCustomAlgos.tsv_median.txt', 0.29814538708195065), ('min-SUMMARYCustomAlgos.tsv_q25.txt', 0.2563390861550256), ('min-SUMMARYCustomAlgos.tsv_median.txt', 0.25540847046277576), ('med-SUMMARYCustomAlgos.tsv_q25.txt', 0.24817403313141692), ('minProp-SUMMARYCustomAlgos.tsv_q90.txt', 0.22192176057713803), ('std-SUMMARYCustomAlgos.tsv_mean.txt', 0.20947762655440924), ('min-SUMMARYCustomAlgos.tsv_std.txt', 0.19927186220165516), ('diff-SUMMARYCustomAlgos.tsv_q90.txt', 0.17439764148627704), ('diff-SUMMARYCustomAlgos.tsv_q25.txt', 0.14165704720369643), ('std-SUMMARYCustomAlgos.tsv_min.txt', 0.1380762225257938), ('std-SUMMARYCustomAlgos.tsv_q75.txt', 0.1379853748952892), ('diff-SUMMARYCustomAlgos.tsv_q10.txt', 0.13663216061586103), ('diff-SUMMARYCustomAlgos.tsv_max.txt', 0.13347054139303188), ('min-SUMMARYCustomAlgos.tsv_min.txt', 0.11528007493564674), ('minProp-SUMMARYCustomAlgos.tsv_max.txt', 0.1082246799043309), ('std-SUMMARYCustomAlgos.tsv_q90.txt', 0.1016759022195455), ('min-SUMMARYCustomAlgos.tsv_q90.txt', 0.09286059829260697), ('diff-SUMMARYCustomAlgos.tsv_mean.txt', 0.08546171886796462), ('med-SUMMARYCustomAlgos.tsv_q90.txt', 0.08257127867441239), ('min-SUMMARYCustomAlgos.tsv_max.txt', 0.08075435862038557), ('min-SUMMARYCustomAlgos.tsv_q75.txt', 0.07364453999134278), ('med-SUMMARYCustomAlgos.tsv_max.txt', 0.07190068682360568), ('mean-SUMMARYCustomAlgos.tsv_mean.txt', 0.057280238042747886), ('mean-SUMMARYCustomAlgos.tsv_median.txt', 0.05022960536684367), ('mean-SUMMARYCustomAlgos.tsv_var.txt', 0.04826989001149718), ('med-SUMMARYCustomAlgos.tsv_var.txt', 0.03834685926775476), ('std-SUMMARYCustomAlgos.tsv_max.txt', 0.034765432370712654), ('mean-SUMMARYCustomAlgos.tsv_std.txt', 0.033711371052122026), ('diff-SUMMARYCustomAlgos.tsv_min.txt', 0.03158807624116172), ('diff-SUMMARYCustomAlgos.tsv_var.txt', 0.03121428041991377), ('diff-SUMMARYCustomAlgos.tsv_std.txt', 0.021104440407254548), ('med-SUMMARYCustomAlgos.tsv_std.txt', 0.01631279326134885), ('max-SUMMARYCustomAlgos.tsv_min.txt', 0.011238185255198489), ('mean-SUMMARYCustomAlgos.tsv_max.txt', 0.008317580340264651), ('med-SUMMARYCustomAlgos.tsv_min.txt', 0.00650826446280992), ('med-SUMMARYCustomAlgos.tsv_mean.txt', 0.005306122448979593)]
('L455', 'D04', '24')	28032023--s--Lm--st--L455--p--D04--pos003--tm--24--ch--Syto9--z--21	L455	L628	[('mean-SUMMARYCustomAlgos.tsv_q10.txt', 51.84356069468846), ('minProp-SUMMARYCustomAlgos.tsv_q25.txt', 20.145059509788513), ('minProp-SUMMARYCustomAlgos.tsv_median.txt', 12.237106970043863), ('std-SUMMARYCustomAlgos.tsv_std.txt', 6.754316691422541), ('std-SUMMARYCustomAlgos.tsv_var.txt', 5.2821911420059315), ('minProp-SUMMARYCustomAlgos.tsv_min.txt', 3.7241416050904506), ('mean-SUMMARYCustomAlgos.tsv_q25.txt', 3.6931088256381623), ('mean-SUMMARYCustomAlgos.tsv_min.txt', 3.192893229243599), ('min-SUMMARYCustomAlgos.tsv_std.txt', 1.8426527659157077), ('std-SUMMARYCustomAlgos.tsv_q10.txt', 1.5159622443965457), ('min-SUMMARYCustomAlgos.tsv_var.txt', 1.4228697924951184), ('minProp-SUMMARYCustomAlgos.tsv_std.txt', 0.8057376966281449), ('med-SUMMARYCustomAlgos.tsv_max.txt', 0.7029857188772987), ('minProp-SUMMARYCustomAlgos.tsv_q75.txt', 0.6300909798737129), ('med-SUMMARYCustomAlgos.tsv_var.txt', 0.42361319352885407), ('minProp-SUMMARYCustomAlgos.tsv_q10.txt', 0.3988321609773781), ('med-SUMMARYCustomAlgos.tsv_std.txt', 0.36724484527652146), ('minProp-SUMMARYCustomAlgos.tsv_q90.txt', 0.3194618711932825), ('diff-SUMMARYCustomAlgos.tsv_q75.txt', 0.3022618200890174), ('minProp-SUMMARYCustomAlgos.tsv_var.txt', 0.29366819727474974), ('diff-SUMMARYCustomAlgos.tsv_min.txt', 0.25585838329848287), ('diff-SUMMARYCustomAlgos.tsv_mean.txt', 0.25280349795281826), ('diff-SUMMARYCustomAlgos.tsv_var.txt', 0.15413288146074489), ('mean-SUMMARYCustomAlgos.tsv_q90.txt', 0.1193572216180354), ('std-SUMMARYCustomAlgos.tsv_q25.txt', 0.11575456580442534), ('min-SUMMARYCustomAlgos.tsv_max.txt', 0.10403544941160155), ('min-SUMMARYCustomAlgos.tsv_q25.txt', 0.10222245363479085), ('minProp-SUMMARYCustomAlgos.tsv_mean.txt', 0.08744307149417514), ('diff-SUMMARYCustomAlgos.tsv_max.txt', 0.07872602212475338), ('std-SUMMARYCustomAlgos.tsv_min.txt', 0.0774339798246905), ('med-SUMMARYCustomAlgos.tsv_mean.txt', 0.07144772398374248), ('min-SUMMARYCustomAlgos.tsv_q90.txt', 0.07108680537670739), ('med-SUMMARYCustomAlgos.tsv_median.txt', 0.06939088940987233), ('mean-SUMMARYCustomAlgos.tsv_std.txt', 0.06677039678067129), ('max-SUMMARYCustomAlgos.tsv_min.txt', 0.06379333179280847), ('std-SUMMARYCustomAlgos.tsv_median.txt', 0.0605711747349206), ('med-SUMMARYCustomAlgos.tsv_min.txt', 0.0594619995799202), ('diff-SUMMARYCustomAlgos.tsv_q90.txt', 0.059457831018312875), ('diff-SUMMARYCustomAlgos.tsv_q25.txt', 0.05399150759169777), ('max-SUMMARYCustomAlgos.tsv_var.txt', 0.05397839193009111), ('max-SUMMARYCustomAlgos.tsv_mean.txt', 0.05392329426290045), ('mean-SUMMARYCustomAlgos.tsv_var.txt', 0.05164827553691206), ('mean-SUMMARYCustomAlgos.tsv_max.txt', 0.050481642328987976), ('diff-SUMMARYCustomAlgos.tsv_std.txt', 0.03719049773439685), ('max-SUMMARYCustomAlgos.tsv_std.txt', 0.0314177140147476), ('std-SUMMARYCustomAlgos.tsv_q90.txt', 0.026435963297734285), ('mean-SUMMARYCustomAlgos.tsv_median.txt', 0.026234567901234563), ('diff-SUMMARYCustomAlgos.tsv_median.txt', 0.019171597633136094), ('std-SUMMARYCustomAlgos.tsv_max.txt', 0.01661156328409076), ('med-SUMMARYCustomAlgos.tsv_q25.txt', 0.016023897747151097), ('min-SUMMARYCustomAlgos.tsv_mean.txt', 0.014834687318453551), ('mean-SUMMARYCustomAlgos.tsv_q75.txt', 0.012064247471743008), ('minProp-SUMMARYCustomAlgos.tsv_max.txt', 0.010277777777777778), ('med-SUMMARYCustomAlgos.tsv_q90.txt', 0.008624878937183746), ('std-SUMMARYCustomAlgos.tsv_q75.txt', 0.007700563789441128), ('std-SUMMARYCustomAlgos.tsv_mean.txt', 0.007568806921767906), ('med-SUMMARYCustomAlgos.tsv_q75.txt', 0.005555555555555556), ('med-SUMMARYCustomAlgos.tsv_q10.txt', 0.0044444444444444444), ('mean-SUMMARYCustomAlgos.tsv_mean.txt', 0.0009630102040816357), ('min-SUMMARYCustomAlgos.tsv_q10.txt', -0.0006960191484000977)]
('L455', 'D04', '24')	28032023--s--Lm--st--L455--p--D04--pos004--tm--24--ch--Syto9--z--21	L455	L628	[('mean-SUMMARYCustomAlgos.tsv_q10.txt', 51.84142113946038), ('minProp-SUMMARYCustomAlgos.tsv_q25.txt', 20.476646648279086), ('minProp-SUMMARYCustomAlgos.tsv_median.txt', 9.978391685140295), ('std-SUMMARYCustomAlgos.tsv_std.txt', 7.477906794571339), ('std-SUMMARYCustomAlgos.tsv_var.txt', 6.046147827436659), ('mean-SUMMARYCustomAlgos.tsv_q25.txt', 3.7024614068450723), ('mean-SUMMARYCustomAlgos.tsv_min.txt', 3.1975008601606154), ('minProp-SUMMARYCustomAlgos.tsv_min.txt', 2.678178862477014), ('std-SUMMARYCustomAlgos.tsv_q10.txt', 1.5907882380887621), ('min-SUMMARYCustomAlgos.tsv_std.txt', 1.4724455693581424), ('min-SUMMARYCustomAlgos.tsv_var.txt', 1.1197534475070077), ('minProp-SUMMARYCustomAlgos.tsv_std.txt', 0.7466033388078485), ('med-SUMMARYCustomAlgos.tsv_max.txt', 0.683455149105165), ('minProp-SUMMARYCustomAlgos.tsv_q75.txt', 0.48349563894450137), ('med-SUMMARYCustomAlgos.tsv_var.txt', 0.4456799211963643), ('diff-SUMMARYCustomAlgos.tsv_q75.txt', 0.4130552868243193), ('med-SUMMARYCustomAlgos.tsv_std.txt', 0.4128754379366316), ('minProp-SUMMARYCustomAlgos.tsv_var.txt', 0.3420422950528558), ('diff-SUMMARYCustomAlgos.tsv_q90.txt', 0.32982641951581204), ('minProp-SUMMARYCustomAlgos.tsv_q90.txt', 0.3281414166478279), ('diff-SUMMARYCustomAlgos.tsv_mean.txt', 0.28777165955100864), ('diff-SUMMARYCustomAlgos.tsv_min.txt', 0.21821236254465695), ('min-SUMMARYCustomAlgos.tsv_max.txt', 0.20168192268245877), ('minProp-SUMMARYCustomAlgos.tsv_mean.txt', 0.1624680319349413), ('diff-SUMMARYCustomAlgos.tsv_var.txt', 0.1607540812680668), ('std-SUMMARYCustomAlgos.tsv_q25.txt', 0.1589207228574698), ('min-SUMMARYCustomAlgos.tsv_q25.txt', 0.14337990349945448), ('std-SUMMARYCustomAlgos.tsv_min.txt', 0.1408160784082841), ('diff-SUMMARYCustomAlgos.tsv_std.txt', 0.12312938340600536), ('mean-SUMMARYCustomAlgos.tsv_q90.txt', 0.09903047940115067), ('diff-SUMMARYCustomAlgos.tsv_max.txt', 0.09852602212475338), ('mean-SUMMARYCustomAlgos.tsv_max.txt', 0.09227178837089374), ('std-SUMMARYCustomAlgos.tsv_mean.txt', 0.07025374943852691), ('max-SUMMARYCustomAlgos.tsv_min.txt', 0.06976450437949022), ('max-SUMMARYCustomAlgos.tsv_var.txt', 0.06959969370523905), ('med-SUMMARYCustomAlgos.tsv_median.txt', 0.06747117168589818), ('min-SUMMARYCustomAlgos.tsv_mean.txt', 0.06588052154984031), ('min-SUMMARYCustomAlgos.tsv_q75.txt', 0.06349680991511458), ('mean-SUMMARYCustomAlgos.tsv_std.txt', 0.06299485195184212), ('minProp-SUMMARYCustomAlgos.tsv_max.txt', 0.0560975261912065), ('min-SUMMARYCustomAlgos.tsv_q90.txt', 0.0550868053767074), ('diff-SUMMARYCustomAlgos.tsv_q25.txt', 0.05009761533809175), ('med-SUMMARYCustomAlgos.tsv_min.txt', 0.04924588846880908), ('min-SUMMARYCustomAlgos.tsv_median.txt', 0.04582942171518552), ('max-SUMMARYCustomAlgos.tsv_mean.txt', 0.042812183151789335), ('mean-SUMMARYCustomAlgos.tsv_var.txt', 0.03945439798589165), ('diff-SUMMARYCustomAlgos.tsv_median.txt', 0.03437026603938255), ('med-SUMMARYCustomAlgos.tsv_mean.txt', 0.032782985146721406), ('mean-SUMMARYCustomAlgos.tsv_median.txt', 0.031433967752912455), ('max-SUMMARYCustomAlgos.tsv_std.txt', 0.0314177140147476), ('std-SUMMARYCustomAlgos.tsv_q90.txt', 0.030602629964400954), ('med-SUMMARYCustomAlgos.tsv_q75.txt', 0.030187374020340635), ('min-SUMMARYCustomAlgos.tsv_q10.txt', 0.0294570420760897), ('med-SUMMARYCustomAlgos.tsv_q25.txt', 0.02912833314284252), ('diff-SUMMARYCustomAlgos.tsv_q10.txt', 0.025471075819290614), ('med-SUMMARYCustomAlgos.tsv_q90.txt', 0.018316975993871314), ('minProp-SUMMARYCustomAlgos.tsv_q10.txt', 0.01620335849485647), ('std-SUMMARYCustomAlgos.tsv_max.txt', 0.008584352399737018), ('std-SUMMARYCustomAlgos.tsv_q75.txt', 0.007700563789441128), ('max-SUMMARYCustomAlgos.tsv_median.txt', 0.005915798611111118), ('med-SUMMARYCustomAlgos.tsv_q10.txt', 0.00566257097556248), ('mean-SUMMARYCustomAlgos.tsv_mean.txt', 0.0009630102040816357), ('std-SUMMARYCustomAlgos.tsv_median.txt', -0.0006008035062089184)]
