group	name	true	predicted	decision makers
L1323	04072023--s--Lm--st--L1323--p--C04--pos001--tm--24--ch--Syto9--z--21	L1323	L628	[('Unnamed: 0-SUMMARYCustomAlgos.tsv_median.txt', 36.09052501930208), ('Unnamed: 0-SUMMARYCustomAlgos.tsv_mean.txt', 35.39640091446579), ('Unnamed: 0-SUMMARYCustomAlgos.tsv_q10.txt', 34.74573739840075), ('Unnamed: 0-SUMMARYCustomAlgos.tsv_max.txt', 32.91047616360958), ('Unnamed: 0-SUMMARYCustomAlgos.tsv_min.txt', 21.827636526984552)]
L1323	04072023--s--Lm--st--L1323--p--C04--pos002--tm--24--ch--Syto9--z--21	L1323	L628	[('Unnamed: 0-SUMMARYCustomAlgos.tsv_mean.txt', 192.72007163955743), ('Unnamed: 0-SUMMARYCustomAlgos.tsv_q10.txt', 53.919401776218166), ('Unnamed: 0-SUMMARYCustomAlgos.tsv_min.txt', 42.254905004702465), ('Unnamed: 0-SUMMARYCustomAlgos.tsv_max.txt', 33.62329430591359), ('Unnamed: 0-SUMMARYCustomAlgos.tsv_median.txt', 10.900599000176172)]
L1323	04072023--s--Lm--st--L1323--p--C04--pos003--tm--24--ch--Syto9--z--21	L1323	L634	[('Unnamed: 0-SUMMARYCustomAlgos.tsv_max.txt', 93.13308581181873), ('Unnamed: 0-SUMMARYCustomAlgos.tsv_median.txt', 72.52374888246923), ('Unnamed: 0-SUMMARYCustomAlgos.tsv_q10.txt', 34.261267052347996), ('Unnamed: 0-SUMMARYCustomAlgos.tsv_mean.txt', 33.92524499623507), ('Unnamed: 0-SUMMARYCustomAlgos.tsv_min.txt', 18.05636543519909)]
L1323	04072023--s--Lm--st--L1323--p--C04--pos004--tm--24--ch--Syto9--z--21	L1323	L455	[('Unnamed: 0-SUMMARYCustomAlgos.tsv_max.txt', 60.66627858258492), ('Unnamed: 0-SUMMARYCustomAlgos.tsv_median.txt', 48.06447943207339), ('Unnamed: 0-SUMMARYCustomAlgos.tsv_mean.txt', 35.30652937528774), ('Unnamed: 0-SUMMARYCustomAlgos.tsv_q10.txt', 31.92422560404097), ('Unnamed: 0-SUMMARYCustomAlgos.tsv_min.txt', 16.012223403605763)]
L1323	04072023--s--Lm--st--L1323--p--C04--pos005--tm--24--ch--Syto9--z--21	L1323	L628	[('Unnamed: 0-SUMMARYCustomAlgos.tsv_mean.txt', 194.33666717550045), ('Unnamed: 0-SUMMARYCustomAlgos.tsv_q10.txt', 52.97160573094176), ('Unnamed: 0-SUMMARYCustomAlgos.tsv_min.txt', 35.928010088674945), ('Unnamed: 0-SUMMARYCustomAlgos.tsv_max.txt', 33.38017834052345), ('Unnamed: 0-SUMMARYCustomAlgos.tsv_median.txt', 11.93716101946007)]
L1323	04072023--s--Lm--st--L1323--p--C05--pos001--tm--24--ch--Syto9--z--21	L1323	L455	[('Unnamed: 0-SUMMARYCustomAlgos.tsv_mean.txt', 92.4582038721232), ('Unnamed: 0-SUMMARYCustomAlgos.tsv_max.txt', 71.13883371507552), ('Unnamed: 0-SUMMARYCustomAlgos.tsv_q10.txt', 45.39537441624309), ('Unnamed: 0-SUMMARYCustomAlgos.tsv_min.txt', 37.029190779083095), ('Unnamed: 0-SUMMARYCustomAlgos.tsv_median.txt', 16.709679218521924)]
L1323	04072023--s--Lm--st--L1323--p--C05--pos003--tm--24--ch--Syto9--z--21	L1323	L455	[('Unnamed: 0-SUMMARYCustomAlgos.tsv_max.txt', 88.04464928124634), ('Unnamed: 0-SUMMARYCustomAlgos.tsv_median.txt', 59.56559611819094), ('Unnamed: 0-SUMMARYCustomAlgos.tsv_mean.txt', 49.830454029961636), ('Unnamed: 0-SUMMARYCustomAlgos.tsv_q10.txt', 37.945544562161416), ('Unnamed: 0-SUMMARYCustomAlgos.tsv_min.txt', 22.360267067210305)]
L1323	04072023--s--Lm--st--L1323--p--C05--pos004--tm--24--ch--Syto9--z--21	L1323	L455	[('Unnamed: 0-SUMMARYCustomAlgos.tsv_mean.txt', 91.18920880833336), ('Unnamed: 0-SUMMARYCustomAlgos.tsv_max.txt', 70.04548407779448), ('Unnamed: 0-SUMMARYCustomAlgos.tsv_q10.txt', 44.25635431904781), ('Unnamed: 0-SUMMARYCustomAlgos.tsv_min.txt', 38.12703202576558), ('Unnamed: 0-SUMMARYCustomAlgos.tsv_median.txt', 16.134881049742997)]
L1323	04072023--s--Lm--st--L1323--p--C05--pos005--tm--24--ch--Syto9--z--21	L1323	L455	[('Unnamed: 0-SUMMARYCustomAlgos.tsv_mean.txt', 85.94206610443699), ('Unnamed: 0-SUMMARYCustomAlgos.tsv_max.txt', 55.33118067118024), ('Unnamed: 0-SUMMARYCustomAlgos.tsv_q10.txt', 50.51351782238199), ('Unnamed: 0-SUMMARYCustomAlgos.tsv_min.txt', 33.93223114745722), ('Unnamed: 0-SUMMARYCustomAlgos.tsv_median.txt', 22.617014615365076)]
L1323	04072023--s--Lm--st--L1323--p--C06--pos001--tm--24--ch--Syto9--z--21	L1323	L628	[('Unnamed: 0-SUMMARYCustomAlgos.tsv_mean.txt', 180.83416689903927), ('Unnamed: 0-SUMMARYCustomAlgos.tsv_q10.txt', 49.62770127924944), ('Unnamed: 0-SUMMARYCustomAlgos.tsv_min.txt', 34.544241985534136), ('Unnamed: 0-SUMMARYCustomAlgos.tsv_max.txt', 29.60453685305331), ('Unnamed: 0-SUMMARYCustomAlgos.tsv_median.txt', 11.51841711792457)]
L1323	04072023--s--Lm--st--L1323--p--C06--pos002--tm--24--ch--Syto9--z--21	L1323	L455	[('Unnamed: 0-SUMMARYCustomAlgos.tsv_mean.txt', 88.78301837336427), ('Unnamed: 0-SUMMARYCustomAlgos.tsv_max.txt', 66.94006983940305), ('Unnamed: 0-SUMMARYCustomAlgos.tsv_q10.txt', 44.52976929975383), ('Unnamed: 0-SUMMARYCustomAlgos.tsv_min.txt', 42.561698826222035), ('Unnamed: 0-SUMMARYCustomAlgos.tsv_median.txt', 18.007420400452208)]
L1323	04072023--s--Lm--st--L1323--p--C06--pos003--tm--24--ch--Syto9--z--21	L1323	L455	[('Unnamed: 0-SUMMARYCustomAlgos.tsv_mean.txt', 90.4492676948007), ('Unnamed: 0-SUMMARYCustomAlgos.tsv_max.txt', 71.3124385173239), ('Unnamed: 0-SUMMARYCustomAlgos.tsv_q10.txt', 45.353486041833165), ('Unnamed: 0-SUMMARYCustomAlgos.tsv_min.txt', 36.98935454773349), ('Unnamed: 0-SUMMARYCustomAlgos.tsv_median.txt', 17.268931726594484)]
L1323	04072023--s--Lm--st--L1323--p--C06--pos004--tm--24--ch--Syto9--z--21	L1323	L628	[('Unnamed: 0-SUMMARYCustomAlgos.tsv_mean.txt', 192.49261334846653), ('Unnamed: 0-SUMMARYCustomAlgos.tsv_q10.txt', 53.09822201461008), ('Unnamed: 0-SUMMARYCustomAlgos.tsv_min.txt', 35.72534013869365), ('Unnamed: 0-SUMMARYCustomAlgos.tsv_max.txt', 33.540845105324244), ('Unnamed: 0-SUMMARYCustomAlgos.tsv_median.txt', 11.354653457311723)]
L1323	04072023--s--Lm--st--L1323--p--C07--pos001--tm--24--ch--Syto9--z--21	L1323	L455	[('Unnamed: 0-SUMMARYCustomAlgos.tsv_mean.txt', 89.15529678919941), ('Unnamed: 0-SUMMARYCustomAlgos.tsv_max.txt', 70.94622977248632), ('Unnamed: 0-SUMMARYCustomAlgos.tsv_q10.txt', 45.459635880520615), ('Unnamed: 0-SUMMARYCustomAlgos.tsv_min.txt', 36.989523308320116), ('Unnamed: 0-SUMMARYCustomAlgos.tsv_median.txt', 16.841026060475187)]
L1323	04072023--s--Lm--st--L1323--p--C07--pos003--tm--24--ch--Syto9--z--21	L1323	L455	[('Unnamed: 0-SUMMARYCustomAlgos.tsv_mean.txt', 120.86078246036647), ('Unnamed: 0-SUMMARYCustomAlgos.tsv_min.txt', 66.94131925811557), ('Unnamed: 0-SUMMARYCustomAlgos.tsv_max.txt', 65.98419870841894), ('Unnamed: 0-SUMMARYCustomAlgos.tsv_q10.txt', 42.80280826299847), ('Unnamed: 0-SUMMARYCustomAlgos.tsv_median.txt', 24.30613929045412)]
L1323	04072023--s--Lm--st--L1323--p--C08--pos001--tm--24--ch--Syto9--z--21	L1323	L455	[('Unnamed: 0-SUMMARYCustomAlgos.tsv_mean.txt', 90.4492676948007), ('Unnamed: 0-SUMMARYCustomAlgos.tsv_max.txt', 70.63240056997947), ('Unnamed: 0-SUMMARYCustomAlgos.tsv_q10.txt', 44.89706353357592), ('Unnamed: 0-SUMMARYCustomAlgos.tsv_min.txt', 36.57399626874597), ('Unnamed: 0-SUMMARYCustomAlgos.tsv_median.txt', 16.270294901115154)]
L1323	04072023--s--Lm--st--L1323--p--C08--pos002--tm--24--ch--Syto9--z--21	L1323	L634	[('Unnamed: 0-SUMMARYCustomAlgos.tsv_min.txt', 51.839367617531394), ('Unnamed: 0-SUMMARYCustomAlgos.tsv_mean.txt', 49.38045294004273), ('Unnamed: 0-SUMMARYCustomAlgos.tsv_max.txt', 45.42757752253511), ('Unnamed: 0-SUMMARYCustomAlgos.tsv_q10.txt', 39.61659928752419), ('Unnamed: 0-SUMMARYCustomAlgos.tsv_median.txt', 20.235980171528155)]
L1323	04072023--s--Lm--st--L1323--p--C08--pos003--tm--24--ch--Syto9--z--21	L1323	L455	[('Unnamed: 0-SUMMARYCustomAlgos.tsv_max.txt', 87.47582549410083), ('Unnamed: 0-SUMMARYCustomAlgos.tsv_median.txt', 61.13224449756395), ('Unnamed: 0-SUMMARYCustomAlgos.tsv_mean.txt', 50.926325791903054), ('Unnamed: 0-SUMMARYCustomAlgos.tsv_q10.txt', 36.218629498884134), ('Unnamed: 0-SUMMARYCustomAlgos.tsv_min.txt', 21.330886244707308)]
L1323	04072023--s--Lm--st--L1323--p--C08--pos004--tm--24--ch--Syto9--z--21	L1323	L634	[('Unnamed: 0-SUMMARYCustomAlgos.tsv_min.txt', 57.797697522353864), ('Unnamed: 0-SUMMARYCustomAlgos.tsv_max.txt', 49.86174931844301), ('Unnamed: 0-SUMMARYCustomAlgos.tsv_mean.txt', 47.00758801680009), ('Unnamed: 0-SUMMARYCustomAlgos.tsv_q10.txt', 43.124066199872765), ('Unnamed: 0-SUMMARYCustomAlgos.tsv_median.txt', 19.94920184858331)]
L1323	04072023--s--Lm--st--L1323--p--C08--pos005--tm--24--ch--Syto9--z--21	L1323	L628	[('Unnamed: 0-SUMMARYCustomAlgos.tsv_mean.txt', 59.93418087985573), ('Unnamed: 0-SUMMARYCustomAlgos.tsv_min.txt', 59.78001746385052), ('Unnamed: 0-SUMMARYCustomAlgos.tsv_max.txt', 49.497606969578484), ('Unnamed: 0-SUMMARYCustomAlgos.tsv_q10.txt', 41.72875139350287), ('Unnamed: 0-SUMMARYCustomAlgos.tsv_median.txt', 18.78724956149932)]
L1323	04072023--s--Lm--st--L1323--p--C09--pos002--tm--24--ch--Syto9--z--21	L1323	L634	[('Unnamed: 0-SUMMARYCustomAlgos.tsv_mean.txt', 104.6292301264747), ('Unnamed: 0-SUMMARYCustomAlgos.tsv_min.txt', 42.12574628911822), ('Unnamed: 0-SUMMARYCustomAlgos.tsv_q10.txt', 37.69687842524291), ('Unnamed: 0-SUMMARYCustomAlgos.tsv_max.txt', 36.46922295885115), ('Unnamed: 0-SUMMARYCustomAlgos.tsv_median.txt', 12.950435470840105)]
L1323	04072023--s--Lm--st--L1323--p--C09--pos003--tm--24--ch--Syto9--z--21	L1323	L455	[('Unnamed: 0-SUMMARYCustomAlgos.tsv_mean.txt', 87.40118147014607), ('Unnamed: 0-SUMMARYCustomAlgos.tsv_max.txt', 56.91555744073223), ('Unnamed: 0-SUMMARYCustomAlgos.tsv_q10.txt', 52.503713591119215), ('Unnamed: 0-SUMMARYCustomAlgos.tsv_min.txt', 31.34271803608218), ('Unnamed: 0-SUMMARYCustomAlgos.tsv_median.txt', 22.18160813961933)]
L1323	04072023--s--Lm--st--L1323--p--C09--pos004--tm--24--ch--Syto9--z--21	L1323	L634	[('Unnamed: 0-SUMMARYCustomAlgos.tsv_min.txt', 48.212279264967314), ('Unnamed: 0-SUMMARYCustomAlgos.tsv_max.txt', 47.37375937750492), ('Unnamed: 0-SUMMARYCustomAlgos.tsv_mean.txt', 46.35622876112276), ('Unnamed: 0-SUMMARYCustomAlgos.tsv_q10.txt', 38.77633849853839), ('Unnamed: 0-SUMMARYCustomAlgos.tsv_median.txt', 19.591281822431753)]
L1323	04072023--s--Lm--st--L1323--p--C10--pos002--tm--24--ch--Syto9--z--21	L1323	L634	[('Unnamed: 0-SUMMARYCustomAlgos.tsv_mean.txt', 54.59073429432949), ('Unnamed: 0-SUMMARYCustomAlgos.tsv_max.txt', 42.68128559692786), ('Unnamed: 0-SUMMARYCustomAlgos.tsv_min.txt', 40.3103617062018), ('Unnamed: 0-SUMMARYCustomAlgos.tsv_q10.txt', 37.078273499677515), ('Unnamed: 0-SUMMARYCustomAlgos.tsv_median.txt', 16.79874876344973)]
L1323	04072023--s--Lm--st--L1323--p--C10--pos005--tm--24--ch--Syto9--z--21	L1323	19115	[('Unnamed: 0-SUMMARYCustomAlgos.tsv_mean.txt', 53.95013910358639), ('Unnamed: 0-SUMMARYCustomAlgos.tsv_max.txt', 46.556760628099354), ('Unnamed: 0-SUMMARYCustomAlgos.tsv_q10.txt', 41.85656173924681), ('Unnamed: 0-SUMMARYCustomAlgos.tsv_min.txt', 31.551310193758837), ('Unnamed: 0-SUMMARYCustomAlgos.tsv_median.txt', 15.466665090613263)]
L1323	04072023--s--Lm--st--L1323--p--D03--pos001--tm--24--ch--Syto9--z--21	L1323	L628	[('Unnamed: 0-SUMMARYCustomAlgos.tsv_mean.txt', 204.24235635593251), ('Unnamed: 0-SUMMARYCustomAlgos.tsv_q10.txt', 51.82698854617973), ('Unnamed: 0-SUMMARYCustomAlgos.tsv_min.txt', 47.92905958123455), ('Unnamed: 0-SUMMARYCustomAlgos.tsv_max.txt', 41.9380279060967), ('Unnamed: 0-SUMMARYCustomAlgos.tsv_median.txt', 9.637273350718722)]
L1323	04072023--s--Lm--st--L1323--p--D03--pos002--tm--24--ch--Syto9--z--21	L1323	L628	[('Unnamed: 0-SUMMARYCustomAlgos.tsv_max.txt', 304.1188800468888), ('Unnamed: 0-SUMMARYCustomAlgos.tsv_mean.txt', 196.9098544703415), ('Unnamed: 0-SUMMARYCustomAlgos.tsv_min.txt', 130.2005293014972), ('Unnamed: 0-SUMMARYCustomAlgos.tsv_q10.txt', 72.9902420027486), ('Unnamed: 0-SUMMARYCustomAlgos.tsv_median.txt', 5.6381137278476245)]
L1323	04072023--s--Lm--st--L1323--p--D03--pos003--tm--24--ch--Syto9--z--21	L1323	L455	[('Unnamed: 0-SUMMARYCustomAlgos.tsv_max.txt', 52.17291399215789), ('Unnamed: 0-SUMMARYCustomAlgos.tsv_q10.txt', 39.960187536022175), ('Unnamed: 0-SUMMARYCustomAlgos.tsv_mean.txt', 38.89464055767142), ('Unnamed: 0-SUMMARYCustomAlgos.tsv_median.txt', 34.83870532045796), ('Unnamed: 0-SUMMARYCustomAlgos.tsv_min.txt', 23.131891679951714)]
L1323	04072023--s--Lm--st--L1323--p--D03--pos004--tm--24--ch--Syto9--z--21	L1323	L455	[('Unnamed: 0-SUMMARYCustomAlgos.tsv_max.txt', 62.203025859966544), ('Unnamed: 0-SUMMARYCustomAlgos.tsv_median.txt', 47.86363630025307), ('Unnamed: 0-SUMMARYCustomAlgos.tsv_mean.txt', 45.00678168999594), ('Unnamed: 0-SUMMARYCustomAlgos.tsv_q10.txt', 44.379063922376865), ('Unnamed: 0-SUMMARYCustomAlgos.tsv_min.txt', 17.16128410014038)]
L1323	04072023--s--Lm--st--L1323--p--D03--pos005--tm--24--ch--Syto9--z--21	L1323	L628	[('Unnamed: 0-SUMMARYCustomAlgos.tsv_mean.txt', 198.27498373274744), ('Unnamed: 0-SUMMARYCustomAlgos.tsv_q10.txt', 51.43407777986502), ('Unnamed: 0-SUMMARYCustomAlgos.tsv_max.txt', 41.3452823301833), ('Unnamed: 0-SUMMARYCustomAlgos.tsv_min.txt', 40.28562990644903), ('Unnamed: 0-SUMMARYCustomAlgos.tsv_median.txt', 10.339707275434202)]
L1323	04072023--s--Lm--st--L1323--p--D04--pos001--tm--24--ch--Syto9--z--21	L1323	19115	[('Unnamed: 0-SUMMARYCustomAlgos.tsv_mean.txt', 44.65866244796454), ('Unnamed: 0-SUMMARYCustomAlgos.tsv_min.txt', 40.2521519828553), ('Unnamed: 0-SUMMARYCustomAlgos.tsv_q10.txt', 39.701969197529145), ('Unnamed: 0-SUMMARYCustomAlgos.tsv_max.txt', 35.412830474661504), ('Unnamed: 0-SUMMARYCustomAlgos.tsv_median.txt', 14.766691508172293)]
L1323	04072023--s--Lm--st--L1323--p--D04--pos003--tm--24--ch--Syto9--z--21	L1323	19115	[('Unnamed: 0-SUMMARYCustomAlgos.tsv_min.txt', 50.51407929699833), ('Unnamed: 0-SUMMARYCustomAlgos.tsv_mean.txt', 49.43496225731432), ('Unnamed: 0-SUMMARYCustomAlgos.tsv_max.txt', 48.33217398394064), ('Unnamed: 0-SUMMARYCustomAlgos.tsv_q10.txt', 45.98687280596883), ('Unnamed: 0-SUMMARYCustomAlgos.tsv_median.txt', 12.12809966253119)]
L1323	04072023--s--Lm--st--L1323--p--D04--pos004--tm--24--ch--Syto9--z--21	L1323	19115	[('Unnamed: 0-SUMMARYCustomAlgos.tsv_min.txt', 72.04917431577722), ('Unnamed: 0-SUMMARYCustomAlgos.tsv_mean.txt', 57.012119439483136), ('Unnamed: 0-SUMMARYCustomAlgos.tsv_q10.txt', 51.71243471809669), ('Unnamed: 0-SUMMARYCustomAlgos.tsv_max.txt', 50.78515685154957), ('Unnamed: 0-SUMMARYCustomAlgos.tsv_median.txt', 14.02579805402981)]
L1323	04072023--s--Lm--st--L1323--p--D04--pos005--tm--24--ch--Syto9--z--21	L1323	L628	[('Unnamed: 0-SUMMARYCustomAlgos.tsv_mean.txt', 195.7173577725714), ('Unnamed: 0-SUMMARYCustomAlgos.tsv_q10.txt', 52.009048117113586), ('Unnamed: 0-SUMMARYCustomAlgos.tsv_min.txt', 43.963891761874976), ('Unnamed: 0-SUMMARYCustomAlgos.tsv_max.txt', 41.76238190908098), ('Unnamed: 0-SUMMARYCustomAlgos.tsv_median.txt', 10.658111104569644)]
L1323	04072023--s--Lm--st--L1323--p--D05--pos001--tm--24--ch--Syto9--z--21	L1323	L455	[('Unnamed: 0-SUMMARYCustomAlgos.tsv_max.txt', 60.08987492128625), ('Unnamed: 0-SUMMARYCustomAlgos.tsv_mean.txt', 49.759213662563795), ('Unnamed: 0-SUMMARYCustomAlgos.tsv_min.txt', 49.49398070436296), ('Unnamed: 0-SUMMARYCustomAlgos.tsv_q10.txt', 48.219672128089734), ('Unnamed: 0-SUMMARYCustomAlgos.tsv_median.txt', 13.477244787824619)]
L1323	04072023--s--Lm--st--L1323--p--D05--pos002--tm--24--ch--Syto9--z--21	L1323	19115	[('Unnamed: 0-SUMMARYCustomAlgos.tsv_min.txt', 57.320045392362296), ('Unnamed: 0-SUMMARYCustomAlgos.tsv_mean.txt', 52.181946562233385), ('Unnamed: 0-SUMMARYCustomAlgos.tsv_max.txt', 48.28876262043919), ('Unnamed: 0-SUMMARYCustomAlgos.tsv_q10.txt', 43.33572022212923), ('Unnamed: 0-SUMMARYCustomAlgos.tsv_median.txt', 12.003518558771122)]
L1323	04072023--s--Lm--st--L1323--p--D05--pos003--tm--24--ch--Syto9--z--21	L1323	L455	[('Unnamed: 0-SUMMARYCustomAlgos.tsv_mean.txt', 87.67938503461934), ('Unnamed: 0-SUMMARYCustomAlgos.tsv_max.txt', 58.24035159831995), ('Unnamed: 0-SUMMARYCustomAlgos.tsv_q10.txt', 48.226797482788534), ('Unnamed: 0-SUMMARYCustomAlgos.tsv_min.txt', 33.34597384599268), ('Unnamed: 0-SUMMARYCustomAlgos.tsv_median.txt', 21.29280342318242)]
L1323	04072023--s--Lm--st--L1323--p--D05--pos004--tm--24--ch--Syto9--z--21	L1323	19115	[('Unnamed: 0-SUMMARYCustomAlgos.tsv_mean.txt', 70.11678086463344), ('Unnamed: 0-SUMMARYCustomAlgos.tsv_max.txt', 68.76579014732847), ('Unnamed: 0-SUMMARYCustomAlgos.tsv_min.txt', 45.71520623874547), ('Unnamed: 0-SUMMARYCustomAlgos.tsv_q10.txt', 39.42915409803498), ('Unnamed: 0-SUMMARYCustomAlgos.tsv_median.txt', 18.061932071771317)]
L1823	04072023--s--Lm--st--L1823--p--F04--pos001--tm--24--ch--Syto9--z--21	L1823	L394	[('Unnamed: 0-SUMMARYCustomAlgos.tsv_max.txt', 181.32034784945085), ('Unnamed: 0-SUMMARYCustomAlgos.tsv_min.txt', 155.49465528205397), ('Unnamed: 0-SUMMARYCustomAlgos.tsv_mean.txt', 56.23578476692177), ('Unnamed: 0-SUMMARYCustomAlgos.tsv_q10.txt', 50.20358401522978), ('Unnamed: 0-SUMMARYCustomAlgos.tsv_median.txt', 22.054161185791195)]
L1823	04072023--s--Lm--st--L1823--p--F04--pos002--tm--24--ch--Syto9--z--21	L1823	L394	[('Unnamed: 0-SUMMARYCustomAlgos.tsv_max.txt', 39.429778850124116), ('Unnamed: 0-SUMMARYCustomAlgos.tsv_median.txt', 38.35023992449979), ('Unnamed: 0-SUMMARYCustomAlgos.tsv_q10.txt', 30.03817593693237), ('Unnamed: 0-SUMMARYCustomAlgos.tsv_mean.txt', 28.90053484399484), ('Unnamed: 0-SUMMARYCustomAlgos.tsv_min.txt', 27.358323145034813)]
L1823	04072023--s--Lm--st--L1823--p--F04--pos003--tm--24--ch--Syto9--z--21	L1823	L1323	[('Unnamed: 0-SUMMARYCustomAlgos.tsv_max.txt', 39.127655190187795), ('Unnamed: 0-SUMMARYCustomAlgos.tsv_mean.txt', 36.79494718987478), ('Unnamed: 0-SUMMARYCustomAlgos.tsv_min.txt', 32.03219416232189), ('Unnamed: 0-SUMMARYCustomAlgos.tsv_median.txt', 30.50221507800721), ('Unnamed: 0-SUMMARYCustomAlgos.tsv_q10.txt', 29.70009117528849)]
L1823	04072023--s--Lm--st--L1823--p--F04--pos004--tm--24--ch--Syto9--z--21	L1823	L394	[('Unnamed: 0-SUMMARYCustomAlgos.tsv_min.txt', 136.5139566283422), ('Unnamed: 0-SUMMARYCustomAlgos.tsv_max.txt', 99.44124134902556), ('Unnamed: 0-SUMMARYCustomAlgos.tsv_mean.txt', 52.60143468059396), ('Unnamed: 0-SUMMARYCustomAlgos.tsv_q10.txt', 29.098797047888507), ('Unnamed: 0-SUMMARYCustomAlgos.tsv_median.txt', 15.301639697018091)]
L1823	04072023--s--Lm--st--L1823--p--F04--pos005--tm--24--ch--Syto9--z--21	L1823	L628	[('Unnamed: 0-SUMMARYCustomAlgos.tsv_q10.txt', 97.85582176224374), ('Unnamed: 0-SUMMARYCustomAlgos.tsv_min.txt', 67.79989772990598), ('Unnamed: 0-SUMMARYCustomAlgos.tsv_max.txt', 57.64790454107734), ('Unnamed: 0-SUMMARYCustomAlgos.tsv_median.txt', 51.33913976791341), ('Unnamed: 0-SUMMARYCustomAlgos.tsv_mean.txt', 27.794556590043445)]
L1823	04072023--s--Lm--st--L1823--p--F05--pos001--tm--24--ch--Syto9--z--21	L1823	L1764	[('Unnamed: 0-SUMMARYCustomAlgos.tsv_min.txt', 94.29390117110384), ('Unnamed: 0-SUMMARYCustomAlgos.tsv_max.txt', 64.46218905084889), ('Unnamed: 0-SUMMARYCustomAlgos.tsv_mean.txt', 58.870533412694186), ('Unnamed: 0-SUMMARYCustomAlgos.tsv_q10.txt', 29.201610368611487), ('Unnamed: 0-SUMMARYCustomAlgos.tsv_median.txt', 21.4048406445025)]
L1823	04072023--s--Lm--st--L1823--p--F05--pos002--tm--24--ch--Syto9--z--21	L1823	L628	[('Unnamed: 0-SUMMARYCustomAlgos.tsv_q10.txt', 99.97718856811368), ('Unnamed: 0-SUMMARYCustomAlgos.tsv_min.txt', 68.28202965790226), ('Unnamed: 0-SUMMARYCustomAlgos.tsv_max.txt', 60.697135228760864), ('Unnamed: 0-SUMMARYCustomAlgos.tsv_median.txt', 51.18953955321013), ('Unnamed: 0-SUMMARYCustomAlgos.tsv_mean.txt', 28.503592064217056)]
L1823	04072023--s--Lm--st--L1823--p--F05--pos003--tm--24--ch--Syto9--z--21	L1823	L455	[('Unnamed: 0-SUMMARYCustomAlgos.tsv_max.txt', 85.12171021870263), ('Unnamed: 0-SUMMARYCustomAlgos.tsv_q10.txt', 76.6048493818294), ('Unnamed: 0-SUMMARYCustomAlgos.tsv_min.txt', 64.16718752253983), ('Unnamed: 0-SUMMARYCustomAlgos.tsv_median.txt', 59.674761905986585), ('Unnamed: 0-SUMMARYCustomAlgos.tsv_mean.txt', 52.746617654341186)]
L1823	04072023--s--Lm--st--L1823--p--F05--pos004--tm--24--ch--Syto9--z--21	L1823	L628	[('Unnamed: 0-SUMMARYCustomAlgos.tsv_q10.txt', 77.3479524027346), ('Unnamed: 0-SUMMARYCustomAlgos.tsv_min.txt', 62.92778140421988), ('Unnamed: 0-SUMMARYCustomAlgos.tsv_max.txt', 56.758589847797964), ('Unnamed: 0-SUMMARYCustomAlgos.tsv_median.txt', 50.8979647407284), ('Unnamed: 0-SUMMARYCustomAlgos.tsv_mean.txt', 33.834448604466864)]
L1823	04072023--s--Lm--st--L1823--p--F05--pos005--tm--24--ch--Syto9--z--21	L1823	L628	[('Unnamed: 0-SUMMARYCustomAlgos.tsv_q10.txt', 48.112022405417136), ('Unnamed: 0-SUMMARYCustomAlgos.tsv_max.txt', 44.525506967177876), ('Unnamed: 0-SUMMARYCustomAlgos.tsv_median.txt', 39.34995762927752), ('Unnamed: 0-SUMMARYCustomAlgos.tsv_min.txt', 30.800210479499146), ('Unnamed: 0-SUMMARYCustomAlgos.tsv_mean.txt', 26.499847451434924)]
L1823	04072023--s--Lm--st--L1823--p--F06--pos001--tm--24--ch--Syto9--z--21	L1823	L1764	[('Unnamed: 0-SUMMARYCustomAlgos.tsv_min.txt', 202.4329145592286), ('Unnamed: 0-SUMMARYCustomAlgos.tsv_mean.txt', 77.4535356774417), ('Unnamed: 0-SUMMARYCustomAlgos.tsv_max.txt', 76.44642905793363), ('Unnamed: 0-SUMMARYCustomAlgos.tsv_q10.txt', 71.27584466366196), ('Unnamed: 0-SUMMARYCustomAlgos.tsv_median.txt', 13.591927916586188)]
L1823	04072023--s--Lm--st--L1823--p--F06--pos002--tm--24--ch--Syto9--z--21	L1823	L1764	[('Unnamed: 0-SUMMARYCustomAlgos.tsv_min.txt', 117.15547008988196), ('Unnamed: 0-SUMMARYCustomAlgos.tsv_mean.txt', 56.595725465526414), ('Unnamed: 0-SUMMARYCustomAlgos.tsv_max.txt', 51.53258972226053), ('Unnamed: 0-SUMMARYCustomAlgos.tsv_q10.txt', 25.962566760122773), ('Unnamed: 0-SUMMARYCustomAlgos.tsv_median.txt', 22.61259986568001)]
L1823	04072023--s--Lm--st--L1823--p--F06--pos003--tm--24--ch--Syto9--z--21	L1823	L628	[('Unnamed: 0-SUMMARYCustomAlgos.tsv_q10.txt', 81.5210642980659), ('Unnamed: 0-SUMMARYCustomAlgos.tsv_min.txt', 64.24192104786398), ('Unnamed: 0-SUMMARYCustomAlgos.tsv_max.txt', 57.38477310230148), ('Unnamed: 0-SUMMARYCustomAlgos.tsv_median.txt', 53.18279817117372), ('Unnamed: 0-SUMMARYCustomAlgos.tsv_mean.txt', 32.37282978737405)]
L1823	04072023--s--Lm--st--L1823--p--F06--pos004--tm--24--ch--Syto9--z--21	L1823	L628	[('Unnamed: 0-SUMMARYCustomAlgos.tsv_q10.txt', 95.60570956386015), ('Unnamed: 0-SUMMARYCustomAlgos.tsv_min.txt', 68.23421498778757), ('Unnamed: 0-SUMMARYCustomAlgos.tsv_max.txt', 60.08687415190985), ('Unnamed: 0-SUMMARYCustomAlgos.tsv_median.txt', 51.55806343513789), ('Unnamed: 0-SUMMARYCustomAlgos.tsv_mean.txt', 28.422800559884855)]
L1823	04072023--s--Lm--st--L1823--p--F06--pos005--tm--24--ch--Syto9--z--21	L1823	L628	[('Unnamed: 0-SUMMARYCustomAlgos.tsv_q10.txt', 81.45568617935153), ('Unnamed: 0-SUMMARYCustomAlgos.tsv_min.txt', 64.24192104786398), ('Unnamed: 0-SUMMARYCustomAlgos.tsv_max.txt', 57.28052424293408), ('Unnamed: 0-SUMMARYCustomAlgos.tsv_median.txt', 53.18279817117372), ('Unnamed: 0-SUMMARYCustomAlgos.tsv_mean.txt', 32.241124531484886)]
L1823	04072023--s--Lm--st--L1823--p--F07--pos001--tm--24--ch--Syto9--z--21	L1823	L1323	[('Unnamed: 0-SUMMARYCustomAlgos.tsv_min.txt', 73.71385811148009), ('Unnamed: 0-SUMMARYCustomAlgos.tsv_q10.txt', 53.20974764978088), ('Unnamed: 0-SUMMARYCustomAlgos.tsv_max.txt', 51.01968668943673), ('Unnamed: 0-SUMMARYCustomAlgos.tsv_mean.txt', 31.740502600451755), ('Unnamed: 0-SUMMARYCustomAlgos.tsv_median.txt', 30.193080646583528)]
L1823	04072023--s--Lm--st--L1823--p--F07--pos002--tm--24--ch--Syto9--z--21	L1823	L628	[('Unnamed: 0-SUMMARYCustomAlgos.tsv_q10.txt', 97.74838320429129), ('Unnamed: 0-SUMMARYCustomAlgos.tsv_min.txt', 67.87496620214094), ('Unnamed: 0-SUMMARYCustomAlgos.tsv_max.txt', 57.87812014700426), ('Unnamed: 0-SUMMARYCustomAlgos.tsv_median.txt', 51.503927667015105), ('Unnamed: 0-SUMMARYCustomAlgos.tsv_mean.txt', 28.515010778967515)]
L1823	04072023--s--Lm--st--L1823--p--F07--pos003--tm--24--ch--Syto9--z--21	L1823	L628	[('Unnamed: 0-SUMMARYCustomAlgos.tsv_q10.txt', 102.0158294343339), ('Unnamed: 0-SUMMARYCustomAlgos.tsv_min.txt', 65.22926802784556), ('Unnamed: 0-SUMMARYCustomAlgos.tsv_max.txt', 58.67756839939861), ('Unnamed: 0-SUMMARYCustomAlgos.tsv_median.txt', 41.57622094261721), ('Unnamed: 0-SUMMARYCustomAlgos.tsv_mean.txt', 29.617053678848976)]
L1823	04072023--s--Lm--st--L1823--p--F07--pos004--tm--24--ch--Syto9--z--21	L1823	L628	[('Unnamed: 0-SUMMARYCustomAlgos.tsv_q10.txt', 95.80984525557079), ('Unnamed: 0-SUMMARYCustomAlgos.tsv_min.txt', 70.90152753541538), ('Unnamed: 0-SUMMARYCustomAlgos.tsv_max.txt', 67.18599030133117), ('Unnamed: 0-SUMMARYCustomAlgos.tsv_median.txt', 52.34580308163267), ('Unnamed: 0-SUMMARYCustomAlgos.tsv_mean.txt', 30.024140512050568)]
L1823	04072023--s--Lm--st--L1823--p--F07--pos005--tm--24--ch--Syto9--z--21	L1823	L1323	[('Unnamed: 0-SUMMARYCustomAlgos.tsv_min.txt', 67.63896913308264), ('Unnamed: 0-SUMMARYCustomAlgos.tsv_q10.txt', 53.155329440074226), ('Unnamed: 0-SUMMARYCustomAlgos.tsv_max.txt', 50.05811427804908), ('Unnamed: 0-SUMMARYCustomAlgos.tsv_mean.txt', 31.582745037013627), ('Unnamed: 0-SUMMARYCustomAlgos.tsv_median.txt', 29.342198229279468)]
L1823	04072023--s--Lm--st--L1823--p--F08--pos002--tm--24--ch--Syto9--z--21	L1823	L1764	[('Unnamed: 0-SUMMARYCustomAlgos.tsv_min.txt', 107.41409004450507), ('Unnamed: 0-SUMMARYCustomAlgos.tsv_q10.txt', 52.79366966140397), ('Unnamed: 0-SUMMARYCustomAlgos.tsv_mean.txt', 44.80673769213821), ('Unnamed: 0-SUMMARYCustomAlgos.tsv_max.txt', 31.227683997326498), ('Unnamed: 0-SUMMARYCustomAlgos.tsv_median.txt', 23.466755670728446)]
L1823	04072023--s--Lm--st--L1823--p--F08--pos003--tm--24--ch--Syto9--z--21	L1823	L1323	[('Unnamed: 0-SUMMARYCustomAlgos.tsv_median.txt', 39.70011656432529), ('Unnamed: 0-SUMMARYCustomAlgos.tsv_mean.txt', 37.810592554497305), ('Unnamed: 0-SUMMARYCustomAlgos.tsv_max.txt', 37.19838007896789), ('Unnamed: 0-SUMMARYCustomAlgos.tsv_q10.txt', 35.86167867754271), ('Unnamed: 0-SUMMARYCustomAlgos.tsv_min.txt', 25.245675269565037)]
L1823	04072023--s--Lm--st--L1823--p--F08--pos004--tm--24--ch--Syto9--z--21	L1823	L1764	[('Unnamed: 0-SUMMARYCustomAlgos.tsv_min.txt', 202.89436997371817), ('Unnamed: 0-SUMMARYCustomAlgos.tsv_mean.txt', 77.29727354988991), ('Unnamed: 0-SUMMARYCustomAlgos.tsv_max.txt', 73.85935732304402), ('Unnamed: 0-SUMMARYCustomAlgos.tsv_q10.txt', 71.59262274760732), ('Unnamed: 0-SUMMARYCustomAlgos.tsv_median.txt', 13.686754266524565)]
L1823	04072023--s--Lm--st--L1823--p--F08--pos005--tm--24--ch--Syto9--z--21	L1823	L1764	[('Unnamed: 0-SUMMARYCustomAlgos.tsv_min.txt', 203.3884147189404), ('Unnamed: 0-SUMMARYCustomAlgos.tsv_mean.txt', 76.21403880244618), ('Unnamed: 0-SUMMARYCustomAlgos.tsv_max.txt', 75.94785718325497), ('Unnamed: 0-SUMMARYCustomAlgos.tsv_q10.txt', 67.9175289506849), ('Unnamed: 0-SUMMARYCustomAlgos.tsv_median.txt', 13.4334402622652)]
L1823	04072023--s--Lm--st--L1823--p--F09--pos001--tm--24--ch--Syto9--z--21	L1823	L628	[('Unnamed: 0-SUMMARYCustomAlgos.tsv_min.txt', 159.1809120616279), ('Unnamed: 0-SUMMARYCustomAlgos.tsv_max.txt', 136.97184138546513), ('Unnamed: 0-SUMMARYCustomAlgos.tsv_q10.txt', 57.528949425399425), ('Unnamed: 0-SUMMARYCustomAlgos.tsv_median.txt', 46.238175517139055), ('Unnamed: 0-SUMMARYCustomAlgos.tsv_mean.txt', 36.367945787160906)]
L1823	04072023--s--Lm--st--L1823--p--F09--pos002--tm--24--ch--Syto9--z--21	L1823	L628	[('Unnamed: 0-SUMMARYCustomAlgos.tsv_min.txt', 197.9208276100475), ('Unnamed: 0-SUMMARYCustomAlgos.tsv_max.txt', 139.26646472995586), ('Unnamed: 0-SUMMARYCustomAlgos.tsv_q10.txt', 61.04411424592197), ('Unnamed: 0-SUMMARYCustomAlgos.tsv_median.txt', 53.58536938006871), ('Unnamed: 0-SUMMARYCustomAlgos.tsv_mean.txt', 37.250170046355414)]
L1823	04072023--s--Lm--st--L1823--p--F09--pos003--tm--24--ch--Syto9--z--21	L1823	L628	[('Unnamed: 0-SUMMARYCustomAlgos.tsv_min.txt', 166.07875164754773), ('Unnamed: 0-SUMMARYCustomAlgos.tsv_max.txt', 149.1333102327665), ('Unnamed: 0-SUMMARYCustomAlgos.tsv_q10.txt', 63.459841104174224), ('Unnamed: 0-SUMMARYCustomAlgos.tsv_median.txt', 51.7332895576216), ('Unnamed: 0-SUMMARYCustomAlgos.tsv_mean.txt', 35.56059242850045)]
L1823	04072023--s--Lm--st--L1823--p--F09--pos004--tm--24--ch--Syto9--z--21	L1823	L628	[('Unnamed: 0-SUMMARYCustomAlgos.tsv_min.txt', 197.58013865007644), ('Unnamed: 0-SUMMARYCustomAlgos.tsv_max.txt', 151.85847354022843), ('Unnamed: 0-SUMMARYCustomAlgos.tsv_mean.txt', 66.42829984090673), ('Unnamed: 0-SUMMARYCustomAlgos.tsv_q10.txt', 65.78297392569941), ('Unnamed: 0-SUMMARYCustomAlgos.tsv_median.txt', 48.581954776646725)]
L1823	04072023--s--Lm--st--L1823--p--F09--pos005--tm--24--ch--Syto9--z--21	L1823	L628	[('Unnamed: 0-SUMMARYCustomAlgos.tsv_min.txt', 182.49791286000357), ('Unnamed: 0-SUMMARYCustomAlgos.tsv_max.txt', 133.90379406262377), ('Unnamed: 0-SUMMARYCustomAlgos.tsv_q10.txt', 57.50465267195223), ('Unnamed: 0-SUMMARYCustomAlgos.tsv_median.txt', 50.90892888486597), ('Unnamed: 0-SUMMARYCustomAlgos.tsv_mean.txt', 38.17473751337982)]
L1823	04072023--s--Lm--st--L1823--p--F10--pos003--tm--24--ch--Syto9--z--21	L1823	L628	[('Unnamed: 0-SUMMARYCustomAlgos.tsv_q10.txt', 50.22720482131424), ('Unnamed: 0-SUMMARYCustomAlgos.tsv_max.txt', 42.68343406441628), ('Unnamed: 0-SUMMARYCustomAlgos.tsv_median.txt', 37.99402813877165), ('Unnamed: 0-SUMMARYCustomAlgos.tsv_min.txt', 32.46486791254146), ('Unnamed: 0-SUMMARYCustomAlgos.tsv_mean.txt', 30.0845367612566)]
L1823	04072023--s--Lm--st--L1823--p--F10--pos004--tm--24--ch--Syto9--z--21	L1823	L1764	[('Unnamed: 0-SUMMARYCustomAlgos.tsv_min.txt', 202.4300292039474), ('Unnamed: 0-SUMMARYCustomAlgos.tsv_mean.txt', 77.4535356774417), ('Unnamed: 0-SUMMARYCustomAlgos.tsv_max.txt', 76.44642905793363), ('Unnamed: 0-SUMMARYCustomAlgos.tsv_q10.txt', 71.27584466366196), ('Unnamed: 0-SUMMARYCustomAlgos.tsv_median.txt', 13.591927916586188)]
L1823	04072023--s--Lm--st--L1823--p--G04--pos001--tm--24--ch--Syto9--z--21	L1823	L394	[('Unnamed: 0-SUMMARYCustomAlgos.tsv_min.txt', 137.53599801191368), ('Unnamed: 0-SUMMARYCustomAlgos.tsv_q10.txt', 58.60945074715482), ('Unnamed: 0-SUMMARYCustomAlgos.tsv_max.txt', 46.80058638724261), ('Unnamed: 0-SUMMARYCustomAlgos.tsv_median.txt', 44.894980680823146), ('Unnamed: 0-SUMMARYCustomAlgos.tsv_mean.txt', 28.392617942264405)]
L1823	04072023--s--Lm--st--L1823--p--G04--pos002--tm--24--ch--Syto9--z--21	L1823	L1764	[('Unnamed: 0-SUMMARYCustomAlgos.tsv_min.txt', 199.66902325096663), ('Unnamed: 0-SUMMARYCustomAlgos.tsv_mean.txt', 72.38856396197657), ('Unnamed: 0-SUMMARYCustomAlgos.tsv_max.txt', 71.88409006857337), ('Unnamed: 0-SUMMARYCustomAlgos.tsv_q10.txt', 70.57510432810273), ('Unnamed: 0-SUMMARYCustomAlgos.tsv_median.txt', 15.318947507595801)]
L1823	04072023--s--Lm--st--L1823--p--G04--pos003--tm--24--ch--Syto9--z--21	L1823	L628	[('Unnamed: 0-SUMMARYCustomAlgos.tsv_min.txt', 76.9087624600758), ('Unnamed: 0-SUMMARYCustomAlgos.tsv_max.txt', 38.40294232664594), ('Unnamed: 0-SUMMARYCustomAlgos.tsv_mean.txt', 31.671152846809672), ('Unnamed: 0-SUMMARYCustomAlgos.tsv_q10.txt', 30.261680467815538), ('Unnamed: 0-SUMMARYCustomAlgos.tsv_median.txt', 23.994827066510357)]
L1823	04072023--s--Lm--st--L1823--p--G04--pos004--tm--24--ch--Syto9--z--21	L1823	L394	[('Unnamed: 0-SUMMARYCustomAlgos.tsv_max.txt', 240.30950304964367), ('Unnamed: 0-SUMMARYCustomAlgos.tsv_min.txt', 200.3990543439947), ('Unnamed: 0-SUMMARYCustomAlgos.tsv_q10.txt', 61.05837044731363), ('Unnamed: 0-SUMMARYCustomAlgos.tsv_mean.txt', 60.47714579225703), ('Unnamed: 0-SUMMARYCustomAlgos.tsv_median.txt', 21.656966668664833)]
L1823	04072023--s--Lm--st--L1823--p--G04--pos005--tm--24--ch--Syto9--z--21	L1823	L1764	[('Unnamed: 0-SUMMARYCustomAlgos.tsv_min.txt', 112.72800649532162), ('Unnamed: 0-SUMMARYCustomAlgos.tsv_mean.txt', 46.56637250350648), ('Unnamed: 0-SUMMARYCustomAlgos.tsv_q10.txt', 46.33341301798803), ('Unnamed: 0-SUMMARYCustomAlgos.tsv_max.txt', 38.819794735759025), ('Unnamed: 0-SUMMARYCustomAlgos.tsv_median.txt', 20.665958301388443)]
L1823	04072023--s--Lm--st--L1823--p--G05--pos001--tm--24--ch--Syto9--z--21	L1823	L628	[('Unnamed: 0-SUMMARYCustomAlgos.tsv_q10.txt', 98.42819291340501), ('Unnamed: 0-SUMMARYCustomAlgos.tsv_min.txt', 68.28202965790226), ('Unnamed: 0-SUMMARYCustomAlgos.tsv_max.txt', 59.93422539587743), ('Unnamed: 0-SUMMARYCustomAlgos.tsv_median.txt', 51.51659507240923), ('Unnamed: 0-SUMMARYCustomAlgos.tsv_mean.txt', 27.60365048983256)]
L1823	04072023--s--Lm--st--L1823--p--G05--pos002--tm--24--ch--Syto9--z--21	L1823	L628	[('Unnamed: 0-SUMMARYCustomAlgos.tsv_q10.txt', 100.54955971927495), ('Unnamed: 0-SUMMARYCustomAlgos.tsv_min.txt', 68.28202965790226), ('Unnamed: 0-SUMMARYCustomAlgos.tsv_max.txt', 60.388802918545984), ('Unnamed: 0-SUMMARYCustomAlgos.tsv_median.txt', 51.360440533517654), ('Unnamed: 0-SUMMARYCustomAlgos.tsv_mean.txt', 28.88872018031392)]
L1823	04072023--s--Lm--st--L1823--p--G05--pos003--tm--24--ch--Syto9--z--21	L1823	L628	[('Unnamed: 0-SUMMARYCustomAlgos.tsv_q10.txt', 100.19301471348338), ('Unnamed: 0-SUMMARYCustomAlgos.tsv_min.txt', 68.47020690793309), ('Unnamed: 0-SUMMARYCustomAlgos.tsv_max.txt', 58.60637342123087), ('Unnamed: 0-SUMMARYCustomAlgos.tsv_median.txt', 52.16104451289243), ('Unnamed: 0-SUMMARYCustomAlgos.tsv_mean.txt', 29.119659898871465)]
L1823	04072023--s--Lm--st--L1823--p--G05--pos004--tm--24--ch--Syto9--z--21	L1823	L628	[('Unnamed: 0-SUMMARYCustomAlgos.tsv_q10.txt', 81.29316960525107), ('Unnamed: 0-SUMMARYCustomAlgos.tsv_min.txt', 64.28300320231078), ('Unnamed: 0-SUMMARYCustomAlgos.tsv_max.txt', 57.42117045987432), ('Unnamed: 0-SUMMARYCustomAlgos.tsv_median.txt', 52.79163389803045), ('Unnamed: 0-SUMMARYCustomAlgos.tsv_mean.txt', 32.414568260541095)]
L1823	04072023--s--Lm--st--L1823--p--G05--pos005--tm--24--ch--Syto9--z--21	L1823	L1764	[('Unnamed: 0-SUMMARYCustomAlgos.tsv_min.txt', 106.66453749584866), ('Unnamed: 0-SUMMARYCustomAlgos.tsv_q10.txt', 53.06855826434367), ('Unnamed: 0-SUMMARYCustomAlgos.tsv_max.txt', 42.67589057499938), ('Unnamed: 0-SUMMARYCustomAlgos.tsv_mean.txt', 42.3447199611129), ('Unnamed: 0-SUMMARYCustomAlgos.tsv_median.txt', 24.32434597438676)]
L1823	04072023--s--Lm--st--L1823--p--G06--pos001--tm--24--ch--Syto9--z--21	L1823	L1323	[('Unnamed: 0-SUMMARYCustomAlgos.tsv_max.txt', 43.677675729376304), ('Unnamed: 0-SUMMARYCustomAlgos.tsv_q10.txt', 36.58263857391105), ('Unnamed: 0-SUMMARYCustomAlgos.tsv_median.txt', 36.305885835813754), ('Unnamed: 0-SUMMARYCustomAlgos.tsv_mean.txt', 28.11272683371029), ('Unnamed: 0-SUMMARYCustomAlgos.tsv_min.txt', 27.95809229840911)]
L1823	04072023--s--Lm--st--L1823--p--G06--pos002--tm--24--ch--Syto9--z--21	L1823	L1323	[('Unnamed: 0-SUMMARYCustomAlgos.tsv_max.txt', 47.223471791174994), ('Unnamed: 0-SUMMARYCustomAlgos.tsv_median.txt', 47.127444966411616), ('Unnamed: 0-SUMMARYCustomAlgos.tsv_min.txt', 35.991305455540534), ('Unnamed: 0-SUMMARYCustomAlgos.tsv_mean.txt', 35.676455088030906), ('Unnamed: 0-SUMMARYCustomAlgos.tsv_q10.txt', 21.77979523751197)]
L1823	04072023--s--Lm--st--L1823--p--G06--pos003--tm--24--ch--Syto9--z--21	L1823	L628	[('Unnamed: 0-SUMMARYCustomAlgos.tsv_q10.txt', 97.964209349661), ('Unnamed: 0-SUMMARYCustomAlgos.tsv_min.txt', 68.1356028947977), ('Unnamed: 0-SUMMARYCustomAlgos.tsv_max.txt', 58.77888439993885), ('Unnamed: 0-SUMMARYCustomAlgos.tsv_median.txt', 52.110400606640404), ('Unnamed: 0-SUMMARYCustomAlgos.tsv_mean.txt', 28.786369045595848)]
L1823	04072023--s--Lm--st--L1823--p--G06--pos004--tm--24--ch--Syto9--z--21	L1823	L1323	[('Unnamed: 0-SUMMARYCustomAlgos.tsv_max.txt', 41.532261245502866), ('Unnamed: 0-SUMMARYCustomAlgos.tsv_median.txt', 39.0073392746261), ('Unnamed: 0-SUMMARYCustomAlgos.tsv_q10.txt', 36.71744817835956), ('Unnamed: 0-SUMMARYCustomAlgos.tsv_min.txt', 28.025447276936518), ('Unnamed: 0-SUMMARYCustomAlgos.tsv_mean.txt', 27.639938756836155)]
L1823	04072023--s--Lm--st--L1823--p--G06--pos005--tm--24--ch--Syto9--z--21	L1823	L1323	[('Unnamed: 0-SUMMARYCustomAlgos.tsv_median.txt', 48.330828876421776), ('Unnamed: 0-SUMMARYCustomAlgos.tsv_max.txt', 47.39257675574886), ('Unnamed: 0-SUMMARYCustomAlgos.tsv_min.txt', 36.86019421518179), ('Unnamed: 0-SUMMARYCustomAlgos.tsv_mean.txt', 36.12586631300575), ('Unnamed: 0-SUMMARYCustomAlgos.tsv_q10.txt', 21.40753823210794)]
L628	13042023--s--Lm--st--L628--p--C03--pos001--tm--24--ch--Syto9--z--21	L628	L1323	[('Unnamed: 0-SUMMARYCustomAlgos.tsv_mean.txt', 76.15556072154183), ('Unnamed: 0-SUMMARYCustomAlgos.tsv_q10.txt', 49.43342684418399), ('Unnamed: 0-SUMMARYCustomAlgos.tsv_median.txt', 38.082520094731784), ('Unnamed: 0-SUMMARYCustomAlgos.tsv_min.txt', 35.38360050654887), ('Unnamed: 0-SUMMARYCustomAlgos.tsv_max.txt', 33.301930177257574)]
L628	13042023--s--Lm--st--L628--p--C03--pos002--tm--24--ch--Syto9--z--21	L628	L455	[('Unnamed: 0-SUMMARYCustomAlgos.tsv_mean.txt', 81.66212461617405), ('Unnamed: 0-SUMMARYCustomAlgos.tsv_min.txt', 67.0526460460163), ('Unnamed: 0-SUMMARYCustomAlgos.tsv_q10.txt', 40.513911431576815), ('Unnamed: 0-SUMMARYCustomAlgos.tsv_max.txt', 40.202147838693946), ('Unnamed: 0-SUMMARYCustomAlgos.tsv_median.txt', 9.599019319836875)]
L628	13042023--s--Lm--st--L628--p--C03--pos003--tm--24--ch--Syto9--z--21	L628	L394	[('Unnamed: 0-SUMMARYCustomAlgos.tsv_mean.txt', 197.43805745389218), ('Unnamed: 0-SUMMARYCustomAlgos.tsv_max.txt', 161.19107184990682), ('Unnamed: 0-SUMMARYCustomAlgos.tsv_min.txt', 138.96709906163292), ('Unnamed: 0-SUMMARYCustomAlgos.tsv_q10.txt', 52.76578683977133), ('Unnamed: 0-SUMMARYCustomAlgos.tsv_median.txt', 7.7209742371507835)]
L628	13042023--s--Lm--st--L628--p--C03--pos004--tm--24--ch--Syto9--z--21	L628	L455	[('Unnamed: 0-SUMMARYCustomAlgos.tsv_mean.txt', 205.4874469156047), ('Unnamed: 0-SUMMARYCustomAlgos.tsv_max.txt', 155.0457464515168), ('Unnamed: 0-SUMMARYCustomAlgos.tsv_min.txt', 70.15601164998426), ('Unnamed: 0-SUMMARYCustomAlgos.tsv_q10.txt', 42.85325917883647), ('Unnamed: 0-SUMMARYCustomAlgos.tsv_median.txt', 9.25946251494126)]
L628	13042023--s--Lm--st--L628--p--C03--pos005--tm--24--ch--Syto9--z--21	L628	L394	[('Unnamed: 0-SUMMARYCustomAlgos.tsv_mean.txt', 178.05016183341453), ('Unnamed: 0-SUMMARYCustomAlgos.tsv_min.txt', 152.7226507145822), ('Unnamed: 0-SUMMARYCustomAlgos.tsv_max.txt', 41.70949794983828), ('Unnamed: 0-SUMMARYCustomAlgos.tsv_q10.txt', 39.42209252776867), ('Unnamed: 0-SUMMARYCustomAlgos.tsv_median.txt', 17.365725989453196)]
L628	13042023--s--Lm--st--L628--p--C04--pos001--tm--24--ch--Syto9--z--21	L628	L634	[('Unnamed: 0-SUMMARYCustomAlgos.tsv_max.txt', 137.5601196688543), ('Unnamed: 0-SUMMARYCustomAlgos.tsv_mean.txt', 59.716096489910306), ('Unnamed: 0-SUMMARYCustomAlgos.tsv_min.txt', 59.60291007519827), ('Unnamed: 0-SUMMARYCustomAlgos.tsv_median.txt', 44.65237597238893), ('Unnamed: 0-SUMMARYCustomAlgos.tsv_q10.txt', 38.8355704949592)]
L628	13042023--s--Lm--st--L628--p--C04--pos002--tm--24--ch--Syto9--z--21	L628	L394	[('Unnamed: 0-SUMMARYCustomAlgos.tsv_max.txt', 77.03938621500268), ('Unnamed: 0-SUMMARYCustomAlgos.tsv_min.txt', 70.14462413681237), ('Unnamed: 0-SUMMARYCustomAlgos.tsv_mean.txt', 62.14300771460416), ('Unnamed: 0-SUMMARYCustomAlgos.tsv_median.txt', 25.379021414807678), ('Unnamed: 0-SUMMARYCustomAlgos.tsv_q10.txt', 12.766157937164895)]
L628	13042023--s--Lm--st--L628--p--C04--pos003--tm--24--ch--Syto9--z--21	L628	L394	[('Unnamed: 0-SUMMARYCustomAlgos.tsv_mean.txt', 197.43805745389218), ('Unnamed: 0-SUMMARYCustomAlgos.tsv_max.txt', 161.19107184990682), ('Unnamed: 0-SUMMARYCustomAlgos.tsv_min.txt', 138.8453133806925), ('Unnamed: 0-SUMMARYCustomAlgos.tsv_q10.txt', 52.76578683977133), ('Unnamed: 0-SUMMARYCustomAlgos.tsv_median.txt', 7.7209742371507835)]
L628	13042023--s--Lm--st--L628--p--C04--pos004--tm--24--ch--Syto9--z--21	L628	L455	[('Unnamed: 0-SUMMARYCustomAlgos.tsv_mean.txt', 203.32000508370803), ('Unnamed: 0-SUMMARYCustomAlgos.tsv_max.txt', 155.02774905402697), ('Unnamed: 0-SUMMARYCustomAlgos.tsv_min.txt', 69.86873075400656), ('Unnamed: 0-SUMMARYCustomAlgos.tsv_q10.txt', 42.971593889922495), ('Unnamed: 0-SUMMARYCustomAlgos.tsv_median.txt', 9.139928977662057)]
L628	13042023--s--Lm--st--L628--p--C04--pos005--tm--24--ch--Syto9--z--21	L628	L394	[('Unnamed: 0-SUMMARYCustomAlgos.tsv_mean.txt', 181.5479404323389), ('Unnamed: 0-SUMMARYCustomAlgos.tsv_min.txt', 113.73289216515641), ('Unnamed: 0-SUMMARYCustomAlgos.tsv_max.txt', 90.01289564617339), ('Unnamed: 0-SUMMARYCustomAlgos.tsv_q10.txt', 56.15444735816805), ('Unnamed: 0-SUMMARYCustomAlgos.tsv_median.txt', 16.158832088630003)]
L628	13042023--s--Lm--st--L628--p--C05--pos001--tm--24--ch--Syto9--z--21	L628	L1823	[('Unnamed: 0-SUMMARYCustomAlgos.tsv_mean.txt', 203.75110908566535), ('Unnamed: 0-SUMMARYCustomAlgos.tsv_min.txt', 51.188660186432635), ('Unnamed: 0-SUMMARYCustomAlgos.tsv_q10.txt', 43.24651615618362), ('Unnamed: 0-SUMMARYCustomAlgos.tsv_max.txt', 22.62678681707569), ('Unnamed: 0-SUMMARYCustomAlgos.tsv_median.txt', 6.178636877980796)]
L628	13042023--s--Lm--st--L628--p--C05--pos002--tm--24--ch--Syto9--z--21	L628	L1823	[('Unnamed: 0-SUMMARYCustomAlgos.tsv_mean.txt', 203.75110908566535), ('Unnamed: 0-SUMMARYCustomAlgos.tsv_min.txt', 50.45481871192438), ('Unnamed: 0-SUMMARYCustomAlgos.tsv_q10.txt', 43.066201717494806), ('Unnamed: 0-SUMMARYCustomAlgos.tsv_max.txt', 21.296966801850537), ('Unnamed: 0-SUMMARYCustomAlgos.tsv_median.txt', 6.178636877980796)]
L628	13042023--s--Lm--st--L628--p--C05--pos003--tm--24--ch--Syto9--z--21	L628	L1823	[('Unnamed: 0-SUMMARYCustomAlgos.tsv_mean.txt', 139.08333733497466), ('Unnamed: 0-SUMMARYCustomAlgos.tsv_q10.txt', 35.945954533976376), ('Unnamed: 0-SUMMARYCustomAlgos.tsv_max.txt', 31.586899049217173), ('Unnamed: 0-SUMMARYCustomAlgos.tsv_min.txt', 28.13925917420166), ('Unnamed: 0-SUMMARYCustomAlgos.tsv_median.txt', 12.458179542442043)]
L628	13042023--s--Lm--st--L628--p--C05--pos004--tm--24--ch--Syto9--z--21	L628	L1823	[('Unnamed: 0-SUMMARYCustomAlgos.tsv_max.txt', 107.46326130274886), ('Unnamed: 0-SUMMARYCustomAlgos.tsv_min.txt', 94.07025670965194), ('Unnamed: 0-SUMMARYCustomAlgos.tsv_mean.txt', 72.47613754010051), ('Unnamed: 0-SUMMARYCustomAlgos.tsv_q10.txt', 63.76261311272058), ('Unnamed: 0-SUMMARYCustomAlgos.tsv_median.txt', 48.43590750590266)]
L628	13042023--s--Lm--st--L628--p--C05--pos005--tm--24--ch--Syto9--z--21	L628	L1823	[('Unnamed: 0-SUMMARYCustomAlgos.tsv_max.txt', 109.33445732458026), ('Unnamed: 0-SUMMARYCustomAlgos.tsv_min.txt', 105.00628365334747), ('Unnamed: 0-SUMMARYCustomAlgos.tsv_mean.txt', 74.71844137465042), ('Unnamed: 0-SUMMARYCustomAlgos.tsv_q10.txt', 61.525354925148825), ('Unnamed: 0-SUMMARYCustomAlgos.tsv_median.txt', 48.70212687178364)]
L628	13042023--s--Lm--st--L628--p--C06--pos001--tm--24--ch--Syto9--z--21	L628	L1764	[('Unnamed: 0-SUMMARYCustomAlgos.tsv_max.txt', 95.13792900639416), ('Unnamed: 0-SUMMARYCustomAlgos.tsv_mean.txt', 83.04917588395189), ('Unnamed: 0-SUMMARYCustomAlgos.tsv_q10.txt', 50.58138280242999), ('Unnamed: 0-SUMMARYCustomAlgos.tsv_min.txt', 39.196652280591955), ('Unnamed: 0-SUMMARYCustomAlgos.tsv_median.txt', 37.4477965979082)]
L628	13042023--s--Lm--st--L628--p--C06--pos002--tm--24--ch--Syto9--z--21	L628	L455	[('Unnamed: 0-SUMMARYCustomAlgos.tsv_min.txt', 74.28418213329284), ('Unnamed: 0-SUMMARYCustomAlgos.tsv_mean.txt', 62.17662402840301), ('Unnamed: 0-SUMMARYCustomAlgos.tsv_q10.txt', 38.086155726847814), ('Unnamed: 0-SUMMARYCustomAlgos.tsv_max.txt', 34.906825549704465), ('Unnamed: 0-SUMMARYCustomAlgos.tsv_median.txt', 6.800801989686364)]
L628	13042023--s--Lm--st--L628--p--C06--pos003--tm--24--ch--Syto9--z--21	L628	L1823	[('Unnamed: 0-SUMMARYCustomAlgos.tsv_mean.txt', 187.0986995999125), ('Unnamed: 0-SUMMARYCustomAlgos.tsv_min.txt', 52.817425440571434), ('Unnamed: 0-SUMMARYCustomAlgos.tsv_q10.txt', 44.16860256688791), ('Unnamed: 0-SUMMARYCustomAlgos.tsv_max.txt', 29.98167251663343), ('Unnamed: 0-SUMMARYCustomAlgos.tsv_median.txt', 6.28887212769341)]
L628	13042023--s--Lm--st--L628--p--C06--pos004--tm--24--ch--Syto9--z--21	L628	L1823	[('Unnamed: 0-SUMMARYCustomAlgos.tsv_mean.txt', 187.0986995999125), ('Unnamed: 0-SUMMARYCustomAlgos.tsv_min.txt', 52.817425440571434), ('Unnamed: 0-SUMMARYCustomAlgos.tsv_q10.txt', 44.16860256688791), ('Unnamed: 0-SUMMARYCustomAlgos.tsv_max.txt', 29.98167251663343), ('Unnamed: 0-SUMMARYCustomAlgos.tsv_median.txt', 6.28887212769341)]
L628	13042023--s--Lm--st--L628--p--C06--pos005--tm--24--ch--Syto9--z--21	L628	L1823	[('Unnamed: 0-SUMMARYCustomAlgos.tsv_max.txt', 102.8245666619533), ('Unnamed: 0-SUMMARYCustomAlgos.tsv_min.txt', 98.99990651777908), ('Unnamed: 0-SUMMARYCustomAlgos.tsv_mean.txt', 77.03549967981542), ('Unnamed: 0-SUMMARYCustomAlgos.tsv_q10.txt', 74.17168865405061), ('Unnamed: 0-SUMMARYCustomAlgos.tsv_median.txt', 48.160110118327005)]
L628	13042023--s--Lm--st--L628--p--D03--pos001--tm--24--ch--Syto9--z--21	L628	L1764	[('Unnamed: 0-SUMMARYCustomAlgos.tsv_max.txt', 120.58981994386428), ('Unnamed: 0-SUMMARYCustomAlgos.tsv_mean.txt', 83.74609147109413), ('Unnamed: 0-SUMMARYCustomAlgos.tsv_min.txt', 51.741861239299965), ('Unnamed: 0-SUMMARYCustomAlgos.tsv_median.txt', 42.21049798605356), ('Unnamed: 0-SUMMARYCustomAlgos.tsv_q10.txt', 39.22672291588785)]
L628	13042023--s--Lm--st--L628--p--D03--pos002--tm--24--ch--Syto9--z--21	L628	L455	[('Unnamed: 0-SUMMARYCustomAlgos.tsv_mean.txt', 81.03171865446816), ('Unnamed: 0-SUMMARYCustomAlgos.tsv_q10.txt', 80.90690113084018), ('Unnamed: 0-SUMMARYCustomAlgos.tsv_max.txt', 76.95804455849365), ('Unnamed: 0-SUMMARYCustomAlgos.tsv_min.txt', 53.715401153637764), ('Unnamed: 0-SUMMARYCustomAlgos.tsv_median.txt', 38.01480572919513)]
L628	13042023--s--Lm--st--L628--p--D03--pos004--tm--24--ch--Syto9--z--21	L628	L394	[('Unnamed: 0-SUMMARYCustomAlgos.tsv_min.txt', 107.86762637501597), ('Unnamed: 0-SUMMARYCustomAlgos.tsv_mean.txt', 90.46787258255715), ('Unnamed: 0-SUMMARYCustomAlgos.tsv_q10.txt', 76.86938187247284), ('Unnamed: 0-SUMMARYCustomAlgos.tsv_max.txt', 40.22018309316169), ('Unnamed: 0-SUMMARYCustomAlgos.tsv_median.txt', 18.082114058494522)]
L628	13042023--s--Lm--st--L628--p--D03--pos005--tm--24--ch--Syto9--z--21	L628	L394	[('Unnamed: 0-SUMMARYCustomAlgos.tsv_mean.txt', 70.89817060058193), ('Unnamed: 0-SUMMARYCustomAlgos.tsv_min.txt', 66.13877889393558), ('Unnamed: 0-SUMMARYCustomAlgos.tsv_max.txt', 60.534117710972886), ('Unnamed: 0-SUMMARYCustomAlgos.tsv_median.txt', 44.15562635922923), ('Unnamed: 0-SUMMARYCustomAlgos.tsv_q10.txt', 42.16194393441583)]
L628	13042023--s--Lm--st--L628--p--D04--pos001--tm--24--ch--Syto9--z--21	L628	L394	[('Unnamed: 0-SUMMARYCustomAlgos.tsv_max.txt', 94.3459033153316), ('Unnamed: 0-SUMMARYCustomAlgos.tsv_min.txt', 81.69327659532782), ('Unnamed: 0-SUMMARYCustomAlgos.tsv_median.txt', 61.73711564660488), ('Unnamed: 0-SUMMARYCustomAlgos.tsv_mean.txt', 59.31322966220151), ('Unnamed: 0-SUMMARYCustomAlgos.tsv_q10.txt', 21.3056086868294)]
L628	13042023--s--Lm--st--L628--p--D04--pos002--tm--24--ch--Syto9--z--21	L628	L394	[('Unnamed: 0-SUMMARYCustomAlgos.tsv_min.txt', 75.26795284260882), ('Unnamed: 0-SUMMARYCustomAlgos.tsv_mean.txt', 56.137887628383794), ('Unnamed: 0-SUMMARYCustomAlgos.tsv_max.txt', 54.500508201159924), ('Unnamed: 0-SUMMARYCustomAlgos.tsv_median.txt', 44.163986868873565), ('Unnamed: 0-SUMMARYCustomAlgos.tsv_q10.txt', 31.756741483544108)]
L628	13042023--s--Lm--st--L628--p--D04--pos003--tm--24--ch--Syto9--z--21	L628	L455	[('Unnamed: 0-SUMMARYCustomAlgos.tsv_mean.txt', 98.60382614882323), ('Unnamed: 0-SUMMARYCustomAlgos.tsv_max.txt', 71.5146870310146), ('Unnamed: 0-SUMMARYCustomAlgos.tsv_q10.txt', 61.18626612675775), ('Unnamed: 0-SUMMARYCustomAlgos.tsv_min.txt', 52.986026187648676), ('Unnamed: 0-SUMMARYCustomAlgos.tsv_median.txt', 28.03548664464379)]
L628	13042023--s--Lm--st--L628--p--D04--pos004--tm--24--ch--Syto9--z--21	L628	L1323	[('Unnamed: 0-SUMMARYCustomAlgos.tsv_min.txt', 75.45242430099846), ('Unnamed: 0-SUMMARYCustomAlgos.tsv_q10.txt', 63.89635694622537), ('Unnamed: 0-SUMMARYCustomAlgos.tsv_mean.txt', 56.42780480453087), ('Unnamed: 0-SUMMARYCustomAlgos.tsv_max.txt', 34.93978543030649), ('Unnamed: 0-SUMMARYCustomAlgos.tsv_median.txt', 34.4218131727444)]
L628	13042023--s--Lm--st--L628--p--D04--pos005--tm--24--ch--Syto9--z--21	L628	L394	[('Unnamed: 0-SUMMARYCustomAlgos.tsv_min.txt', 70.8026797210694), ('Unnamed: 0-SUMMARYCustomAlgos.tsv_mean.txt', 62.00669954199812), ('Unnamed: 0-SUMMARYCustomAlgos.tsv_median.txt', 41.084360174060606), ('Unnamed: 0-SUMMARYCustomAlgos.tsv_max.txt', 37.78551128309996), ('Unnamed: 0-SUMMARYCustomAlgos.tsv_q10.txt', 33.868826742657866)]
L628	13042023--s--Lm--st--L628--p--D05--pos001--tm--24--ch--Syto9--z--21	L628	L455	[('Unnamed: 0-SUMMARYCustomAlgos.tsv_q10.txt', 108.15587705177114), ('Unnamed: 0-SUMMARYCustomAlgos.tsv_min.txt', 88.2371349314548), ('Unnamed: 0-SUMMARYCustomAlgos.tsv_max.txt', 64.96458164610226), ('Unnamed: 0-SUMMARYCustomAlgos.tsv_mean.txt', 51.982677302246955), ('Unnamed: 0-SUMMARYCustomAlgos.tsv_median.txt', 22.152567690006318)]
L628	13042023--s--Lm--st--L628--p--D05--pos002--tm--24--ch--Syto9--z--21	L628	L455	[('Unnamed: 0-SUMMARYCustomAlgos.tsv_min.txt', 70.76550339607914), ('Unnamed: 0-SUMMARYCustomAlgos.tsv_q10.txt', 66.09845260132515), ('Unnamed: 0-SUMMARYCustomAlgos.tsv_max.txt', 57.46260193087869), ('Unnamed: 0-SUMMARYCustomAlgos.tsv_mean.txt', 42.07747162748902), ('Unnamed: 0-SUMMARYCustomAlgos.tsv_median.txt', 13.667990718870081)]
L628	13042023--s--Lm--st--L628--p--D05--pos003--tm--24--ch--Syto9--z--21	L628	L455	[('Unnamed: 0-SUMMARYCustomAlgos.tsv_mean.txt', 80.411696604642), ('Unnamed: 0-SUMMARYCustomAlgos.tsv_min.txt', 73.48719137158905), ('Unnamed: 0-SUMMARYCustomAlgos.tsv_max.txt', 44.62431673440854), ('Unnamed: 0-SUMMARYCustomAlgos.tsv_q10.txt', 39.11123563739289), ('Unnamed: 0-SUMMARYCustomAlgos.tsv_median.txt', 7.575535559855731)]
L628	13042023--s--Lm--st--L628--p--D05--pos004--tm--24--ch--Syto9--z--21	L628	L1823	[('Unnamed: 0-SUMMARYCustomAlgos.tsv_mean.txt', 148.76319931092922), ('Unnamed: 0-SUMMARYCustomAlgos.tsv_q10.txt', 103.53373307527616), ('Unnamed: 0-SUMMARYCustomAlgos.tsv_min.txt', 85.74816674459488), ('Unnamed: 0-SUMMARYCustomAlgos.tsv_max.txt', 49.70119023154991), ('Unnamed: 0-SUMMARYCustomAlgos.tsv_median.txt', 13.658025507333486)]
L628	13042023--s--Lm--st--L628--p--D05--pos005--tm--24--ch--Syto9--z--21	L628	L394	[('Unnamed: 0-SUMMARYCustomAlgos.tsv_mean.txt', 197.43805745389218), ('Unnamed: 0-SUMMARYCustomAlgos.tsv_max.txt', 161.19107184990682), ('Unnamed: 0-SUMMARYCustomAlgos.tsv_min.txt', 138.8453133806925), ('Unnamed: 0-SUMMARYCustomAlgos.tsv_q10.txt', 52.76578683977133), ('Unnamed: 0-SUMMARYCustomAlgos.tsv_median.txt', 7.7209742371507835)]
L628	13042023--s--Lm--st--L628--p--D06--pos001--tm--24--ch--Syto9--z--21	L628	L394	[('Unnamed: 0-SUMMARYCustomAlgos.tsv_max.txt', 118.26647941214512), ('Unnamed: 0-SUMMARYCustomAlgos.tsv_min.txt', 89.59383643294176), ('Unnamed: 0-SUMMARYCustomAlgos.tsv_mean.txt', 68.29792594119013), ('Unnamed: 0-SUMMARYCustomAlgos.tsv_median.txt', 64.71614154403115), ('Unnamed: 0-SUMMARYCustomAlgos.tsv_q10.txt', 20.410117355517215)]
L628	13042023--s--Lm--st--L628--p--D06--pos002--tm--24--ch--Syto9--z--21	L628	L1823	[('Unnamed: 0-SUMMARYCustomAlgos.tsv_mean.txt', 77.58002287262572), ('Unnamed: 0-SUMMARYCustomAlgos.tsv_min.txt', 71.1689180099929), ('Unnamed: 0-SUMMARYCustomAlgos.tsv_max.txt', 69.32903835401952), ('Unnamed: 0-SUMMARYCustomAlgos.tsv_q10.txt', 23.5483338268643), ('Unnamed: 0-SUMMARYCustomAlgos.tsv_median.txt', 9.99736306652058)]
L628	13042023--s--Lm--st--L628--p--D06--pos004--tm--24--ch--Syto9--z--21	L628	L1323	[('Unnamed: 0-SUMMARYCustomAlgos.tsv_mean.txt', 154.68213975027896), ('Unnamed: 0-SUMMARYCustomAlgos.tsv_q10.txt', 117.86188122101294), ('Unnamed: 0-SUMMARYCustomAlgos.tsv_min.txt', 67.78098111138586), ('Unnamed: 0-SUMMARYCustomAlgos.tsv_max.txt', 53.034917730720636), ('Unnamed: 0-SUMMARYCustomAlgos.tsv_median.txt', 5.743891454342415)]
L628	13042023--s--Lm--st--L628--p--D06--pos005--tm--24--ch--Syto9--z--21	L628	L1323	[('Unnamed: 0-SUMMARYCustomAlgos.tsv_q10.txt', 112.65903465323443), ('Unnamed: 0-SUMMARYCustomAlgos.tsv_mean.txt', 72.30971896176985), ('Unnamed: 0-SUMMARYCustomAlgos.tsv_max.txt', 62.87278777903842), ('Unnamed: 0-SUMMARYCustomAlgos.tsv_min.txt', 56.1258641162327), ('Unnamed: 0-SUMMARYCustomAlgos.tsv_median.txt', 27.49748838923376)]
L628	13042023--s--Lm--st--L628--p--D07--pos001--tm--24--ch--Syto9--z--21	L628	L1823	[('Unnamed: 0-SUMMARYCustomAlgos.tsv_mean.txt', 161.606502685894), ('Unnamed: 0-SUMMARYCustomAlgos.tsv_q10.txt', 44.94774819801693), ('Unnamed: 0-SUMMARYCustomAlgos.tsv_min.txt', 31.649905554416037), ('Unnamed: 0-SUMMARYCustomAlgos.tsv_max.txt', 27.515075504034726), ('Unnamed: 0-SUMMARYCustomAlgos.tsv_median.txt', 13.388512587702117)]
L628	13042023--s--Lm--st--L628--p--D07--pos002--tm--24--ch--Syto9--z--21	L628	L455	[('Unnamed: 0-SUMMARYCustomAlgos.tsv_q10.txt', 76.64677199181452), ('Unnamed: 0-SUMMARYCustomAlgos.tsv_min.txt', 73.22131675587569), ('Unnamed: 0-SUMMARYCustomAlgos.tsv_mean.txt', 65.3235139042791), ('Unnamed: 0-SUMMARYCustomAlgos.tsv_max.txt', 55.649893743059216), ('Unnamed: 0-SUMMARYCustomAlgos.tsv_median.txt', 14.990433478712983)]
L628	13042023--s--Lm--st--L628--p--D07--pos003--tm--24--ch--Syto9--z--21	L628	L1823	[('Unnamed: 0-SUMMARYCustomAlgos.tsv_mean.txt', 157.72251226200856), ('Unnamed: 0-SUMMARYCustomAlgos.tsv_q10.txt', 52.46205138843636), ('Unnamed: 0-SUMMARYCustomAlgos.tsv_min.txt', 41.87791484868119), ('Unnamed: 0-SUMMARYCustomAlgos.tsv_max.txt', 27.694041798193552), ('Unnamed: 0-SUMMARYCustomAlgos.tsv_median.txt', 21.56719536763508)]
L628	13042023--s--Lm--st--L628--p--D07--pos004--tm--24--ch--Syto9--z--21	L628	L1823	[('Unnamed: 0-SUMMARYCustomAlgos.tsv_mean.txt', 203.88716194039554), ('Unnamed: 0-SUMMARYCustomAlgos.tsv_min.txt', 51.188660186432635), ('Unnamed: 0-SUMMARYCustomAlgos.tsv_q10.txt', 43.27001194346872), ('Unnamed: 0-SUMMARYCustomAlgos.tsv_max.txt', 22.9282241177114), ('Unnamed: 0-SUMMARYCustomAlgos.tsv_median.txt', 6.0927865378447414)]
L628	13042023--s--Lm--st--L628--p--D07--pos005--tm--24--ch--Syto9--z--21	L628	L1823	[('Unnamed: 0-SUMMARYCustomAlgos.tsv_mean.txt', 221.57796072740507), ('Unnamed: 0-SUMMARYCustomAlgos.tsv_min.txt', 74.47513276824208), ('Unnamed: 0-SUMMARYCustomAlgos.tsv_q10.txt', 43.27001194346872), ('Unnamed: 0-SUMMARYCustomAlgos.tsv_max.txt', 33.52425562918142), ('Unnamed: 0-SUMMARYCustomAlgos.tsv_median.txt', 8.341892334691089)]
L628	13042023--s--Lm--st--L628--p--D08--pos001--tm--24--ch--Syto9--z--21	L628	L455	[('Unnamed: 0-SUMMARYCustomAlgos.tsv_mean.txt', 74.73856470600715), ('Unnamed: 0-SUMMARYCustomAlgos.tsv_q10.txt', 71.62334572364404), ('Unnamed: 0-SUMMARYCustomAlgos.tsv_min.txt', 67.42412790731271), ('Unnamed: 0-SUMMARYCustomAlgos.tsv_max.txt', 65.84116206538991), ('Unnamed: 0-SUMMARYCustomAlgos.tsv_median.txt', 16.93737807924821)]
L628	13042023--s--Lm--st--L628--p--D08--pos002--tm--24--ch--Syto9--z--21	L628	L394	[('Unnamed: 0-SUMMARYCustomAlgos.tsv_min.txt', 64.19050696298709), ('Unnamed: 0-SUMMARYCustomAlgos.tsv_mean.txt', 49.39476557143716), ('Unnamed: 0-SUMMARYCustomAlgos.tsv_median.txt', 46.55872290665723), ('Unnamed: 0-SUMMARYCustomAlgos.tsv_max.txt', 45.188055172790065), ('Unnamed: 0-SUMMARYCustomAlgos.tsv_q10.txt', 39.23037602951117)]
L628	13042023--s--Lm--st--L628--p--D08--pos003--tm--24--ch--Syto9--z--21	L628	L634	[('Unnamed: 0-SUMMARYCustomAlgos.tsv_max.txt', 171.1980808343234), ('Unnamed: 0-SUMMARYCustomAlgos.tsv_mean.txt', 71.08469639238497), ('Unnamed: 0-SUMMARYCustomAlgos.tsv_min.txt', 66.28548800050254), ('Unnamed: 0-SUMMARYCustomAlgos.tsv_median.txt', 47.11305974742299), ('Unnamed: 0-SUMMARYCustomAlgos.tsv_q10.txt', 44.17400388367031)]
L628	13042023--s--Lm--st--L628--p--D08--pos004--tm--24--ch--Syto9--z--21	L628	L1823	[('Unnamed: 0-SUMMARYCustomAlgos.tsv_max.txt', 85.56972150667993), ('Unnamed: 0-SUMMARYCustomAlgos.tsv_min.txt', 85.55553940835082), ('Unnamed: 0-SUMMARYCustomAlgos.tsv_mean.txt', 75.10093469889893), ('Unnamed: 0-SUMMARYCustomAlgos.tsv_q10.txt', 69.51451070669879), ('Unnamed: 0-SUMMARYCustomAlgos.tsv_median.txt', 48.44505640882791)]
L628	13042023--s--Lm--st--L628--p--D08--pos005--tm--24--ch--Syto9--z--21	L628	L634	[('Unnamed: 0-SUMMARYCustomAlgos.tsv_max.txt', 180.7951390520362), ('Unnamed: 0-SUMMARYCustomAlgos.tsv_min.txt', 86.16590956081154), ('Unnamed: 0-SUMMARYCustomAlgos.tsv_mean.txt', 81.02899918326096), ('Unnamed: 0-SUMMARYCustomAlgos.tsv_q10.txt', 32.41009095945919), ('Unnamed: 0-SUMMARYCustomAlgos.tsv_median.txt', 31.90389180344947)]
L1764	13062023--s--Lm--st--L1764--p--F04--pos001--tm--24--ch--Syto9--z--21	L1764	L628	[('Unnamed: 0-SUMMARYCustomAlgos.tsv_max.txt', 169.11172518372), ('Unnamed: 0-SUMMARYCustomAlgos.tsv_mean.txt', 107.974647279929), ('Unnamed: 0-SUMMARYCustomAlgos.tsv_q10.txt', 49.73392650632427), ('Unnamed: 0-SUMMARYCustomAlgos.tsv_min.txt', 48.28291178364676), ('Unnamed: 0-SUMMARYCustomAlgos.tsv_median.txt', 16.82735377082824)]
L1764	13062023--s--Lm--st--L1764--p--F04--pos002--tm--24--ch--Syto9--z--21	L1764	L628	[('Unnamed: 0-SUMMARYCustomAlgos.tsv_max.txt', 169.11172518372), ('Unnamed: 0-SUMMARYCustomAlgos.tsv_mean.txt', 107.974647279929), ('Unnamed: 0-SUMMARYCustomAlgos.tsv_q10.txt', 49.73392650632427), ('Unnamed: 0-SUMMARYCustomAlgos.tsv_min.txt', 48.28291178364676), ('Unnamed: 0-SUMMARYCustomAlgos.tsv_median.txt', 16.82735377082824)]
L1764	13062023--s--Lm--st--L1764--p--F04--pos003--tm--24--ch--Syto9--z--21	L1764	L1823	[('Unnamed: 0-SUMMARYCustomAlgos.tsv_max.txt', 162.71715818863657), ('Unnamed: 0-SUMMARYCustomAlgos.tsv_mean.txt', 107.09820074650492), ('Unnamed: 0-SUMMARYCustomAlgos.tsv_min.txt', 31.674546129484412), ('Unnamed: 0-SUMMARYCustomAlgos.tsv_q10.txt', 31.197646685464832), ('Unnamed: 0-SUMMARYCustomAlgos.tsv_median.txt', 14.863992156012573)]
L1764	13062023--s--Lm--st--L1764--p--F04--pos004--tm--24--ch--Syto9--z--21	L1764	L1823	[('Unnamed: 0-SUMMARYCustomAlgos.tsv_max.txt', 98.99204864350091), ('Unnamed: 0-SUMMARYCustomAlgos.tsv_mean.txt', 90.5506731992456), ('Unnamed: 0-SUMMARYCustomAlgos.tsv_min.txt', 41.49128497990189), ('Unnamed: 0-SUMMARYCustomAlgos.tsv_q10.txt', 32.98646252851544), ('Unnamed: 0-SUMMARYCustomAlgos.tsv_median.txt', 17.045356734361473)]
L1764	13062023--s--Lm--st--L1764--p--F04--pos005--tm--24--ch--Syto9--z--21	L1764	L628	[('Unnamed: 0-SUMMARYCustomAlgos.tsv_max.txt', 168.44431653794888), ('Unnamed: 0-SUMMARYCustomAlgos.tsv_mean.txt', 110.21887337730132), ('Unnamed: 0-SUMMARYCustomAlgos.tsv_q10.txt', 50.943999839733266), ('Unnamed: 0-SUMMARYCustomAlgos.tsv_min.txt', 42.59270705954312), ('Unnamed: 0-SUMMARYCustomAlgos.tsv_median.txt', 16.681653202392983)]
L1764	13062023--s--Lm--st--L1764--p--F05--pos001--tm--24--ch--Syto9--z--21	L1764	L628	[('Unnamed: 0-SUMMARYCustomAlgos.tsv_max.txt', 168.6149717257983), ('Unnamed: 0-SUMMARYCustomAlgos.tsv_mean.txt', 108.12125386280366), ('Unnamed: 0-SUMMARYCustomAlgos.tsv_q10.txt', 49.73392650632427), ('Unnamed: 0-SUMMARYCustomAlgos.tsv_min.txt', 48.28291178364676), ('Unnamed: 0-SUMMARYCustomAlgos.tsv_median.txt', 16.82735377082824)]
L1764	13062023--s--Lm--st--L1764--p--F05--pos002--tm--24--ch--Syto9--z--21	L1764	L628	[('Unnamed: 0-SUMMARYCustomAlgos.tsv_max.txt', 168.6149717257983), ('Unnamed: 0-SUMMARYCustomAlgos.tsv_mean.txt', 108.12125386280366), ('Unnamed: 0-SUMMARYCustomAlgos.tsv_q10.txt', 50.328336450780874), ('Unnamed: 0-SUMMARYCustomAlgos.tsv_min.txt', 48.28291178364676), ('Unnamed: 0-SUMMARYCustomAlgos.tsv_median.txt', 16.82735377082824)]
L1764	13062023--s--Lm--st--L1764--p--F05--pos003--tm--24--ch--Syto9--z--21	L1764	L628	[('Unnamed: 0-SUMMARYCustomAlgos.tsv_max.txt', 168.6149717257983), ('Unnamed: 0-SUMMARYCustomAlgos.tsv_mean.txt', 108.12125386280366), ('Unnamed: 0-SUMMARYCustomAlgos.tsv_q10.txt', 49.73392650632427), ('Unnamed: 0-SUMMARYCustomAlgos.tsv_min.txt', 48.28291178364676), ('Unnamed: 0-SUMMARYCustomAlgos.tsv_median.txt', 16.82735377082824)]
L1764	13062023--s--Lm--st--L1764--p--F05--pos004--tm--24--ch--Syto9--z--21	L1764	L1823	[('Unnamed: 0-SUMMARYCustomAlgos.tsv_max.txt', 99.52405150883276), ('Unnamed: 0-SUMMARYCustomAlgos.tsv_mean.txt', 89.83859024498985), ('Unnamed: 0-SUMMARYCustomAlgos.tsv_min.txt', 45.83821877728886), ('Unnamed: 0-SUMMARYCustomAlgos.tsv_q10.txt', 32.786669533400314), ('Unnamed: 0-SUMMARYCustomAlgos.tsv_median.txt', 16.82735377082824)]
L1764	13062023--s--Lm--st--L1764--p--F05--pos005--tm--24--ch--Syto9--z--21	L1764	L628	[('Unnamed: 0-SUMMARYCustomAlgos.tsv_max.txt', 168.6149717257983), ('Unnamed: 0-SUMMARYCustomAlgos.tsv_mean.txt', 108.17679595554935), ('Unnamed: 0-SUMMARYCustomAlgos.tsv_q10.txt', 49.73463014836381), ('Unnamed: 0-SUMMARYCustomAlgos.tsv_min.txt', 48.28291178364676), ('Unnamed: 0-SUMMARYCustomAlgos.tsv_median.txt', 16.82735377082824)]
L1764	13062023--s--Lm--st--L1764--p--F06--pos001--tm--24--ch--Syto9--z--21	L1764	L628	[('Unnamed: 0-SUMMARYCustomAlgos.tsv_max.txt', 169.11172518372), ('Unnamed: 0-SUMMARYCustomAlgos.tsv_mean.txt', 107.974647279929), ('Unnamed: 0-SUMMARYCustomAlgos.tsv_q10.txt', 49.73392650632427), ('Unnamed: 0-SUMMARYCustomAlgos.tsv_min.txt', 48.28291178364676), ('Unnamed: 0-SUMMARYCustomAlgos.tsv_median.txt', 16.82735377082824)]
L1764	13062023--s--Lm--st--L1764--p--F06--pos002--tm--24--ch--Syto9--z--21	L1764	L628	[('Unnamed: 0-SUMMARYCustomAlgos.tsv_max.txt', 168.6149717257983), ('Unnamed: 0-SUMMARYCustomAlgos.tsv_mean.txt', 108.12125386280366), ('Unnamed: 0-SUMMARYCustomAlgos.tsv_q10.txt', 49.73392650632427), ('Unnamed: 0-SUMMARYCustomAlgos.tsv_min.txt', 48.28291178364676), ('Unnamed: 0-SUMMARYCustomAlgos.tsv_median.txt', 16.82735377082824)]
L1764	13062023--s--Lm--st--L1764--p--F06--pos003--tm--24--ch--Syto9--z--21	L1764	L628	[('Unnamed: 0-SUMMARYCustomAlgos.tsv_max.txt', 169.0180212708083), ('Unnamed: 0-SUMMARYCustomAlgos.tsv_mean.txt', 108.17337373332714), ('Unnamed: 0-SUMMARYCustomAlgos.tsv_q10.txt', 50.329040092820414), ('Unnamed: 0-SUMMARYCustomAlgos.tsv_min.txt', 47.023746453367814), ('Unnamed: 0-SUMMARYCustomAlgos.tsv_median.txt', 16.82735377082824)]
L1764	13062023--s--Lm--st--L1764--p--F06--pos004--tm--24--ch--Syto9--z--21	L1764	L1823	[('Unnamed: 0-SUMMARYCustomAlgos.tsv_max.txt', 98.99204864350091), ('Unnamed: 0-SUMMARYCustomAlgos.tsv_mean.txt', 90.47306613734013), ('Unnamed: 0-SUMMARYCustomAlgos.tsv_min.txt', 41.49128497990189), ('Unnamed: 0-SUMMARYCustomAlgos.tsv_q10.txt', 32.98646252851544), ('Unnamed: 0-SUMMARYCustomAlgos.tsv_median.txt', 17.045356734361473)]
L1764	13062023--s--Lm--st--L1764--p--F06--pos005--tm--24--ch--Syto9--z--21	L1764	L628	[('Unnamed: 0-SUMMARYCustomAlgos.tsv_max.txt', 168.6149717257983), ('Unnamed: 0-SUMMARYCustomAlgos.tsv_mean.txt', 108.17679595554935), ('Unnamed: 0-SUMMARYCustomAlgos.tsv_q10.txt', 49.87827025731533), ('Unnamed: 0-SUMMARYCustomAlgos.tsv_min.txt', 48.28291178364676), ('Unnamed: 0-SUMMARYCustomAlgos.tsv_median.txt', 16.82735377082824)]
L1764	13062023--s--Lm--st--L1764--p--F07--pos001--tm--24--ch--Syto9--z--21	L1764	L628	[('Unnamed: 0-SUMMARYCustomAlgos.tsv_max.txt', 169.11172518372), ('Unnamed: 0-SUMMARYCustomAlgos.tsv_mean.txt', 107.974647279929), ('Unnamed: 0-SUMMARYCustomAlgos.tsv_q10.txt', 49.73392650632427), ('Unnamed: 0-SUMMARYCustomAlgos.tsv_min.txt', 48.28291178364676), ('Unnamed: 0-SUMMARYCustomAlgos.tsv_median.txt', 16.82735377082824)]
L1764	13062023--s--Lm--st--L1764--p--F07--pos002--tm--24--ch--Syto9--z--21	L1764	L628	[('Unnamed: 0-SUMMARYCustomAlgos.tsv_max.txt', 168.6149717257983), ('Unnamed: 0-SUMMARYCustomAlgos.tsv_mean.txt', 108.12125386280366), ('Unnamed: 0-SUMMARYCustomAlgos.tsv_q10.txt', 49.73392650632427), ('Unnamed: 0-SUMMARYCustomAlgos.tsv_min.txt', 48.28291178364676), ('Unnamed: 0-SUMMARYCustomAlgos.tsv_median.txt', 16.82735377082824)]
L1764	13062023--s--Lm--st--L1764--p--F07--pos003--tm--24--ch--Syto9--z--21	L1764	L628	[('Unnamed: 0-SUMMARYCustomAlgos.tsv_max.txt', 168.44431653794888), ('Unnamed: 0-SUMMARYCustomAlgos.tsv_mean.txt', 110.21887337730132), ('Unnamed: 0-SUMMARYCustomAlgos.tsv_q10.txt', 50.943999839733266), ('Unnamed: 0-SUMMARYCustomAlgos.tsv_min.txt', 42.59270705954312), ('Unnamed: 0-SUMMARYCustomAlgos.tsv_median.txt', 16.681653202392983)]
L1764	13062023--s--Lm--st--L1764--p--F07--pos004--tm--24--ch--Syto9--z--21	L1764	L1823	[('Unnamed: 0-SUMMARYCustomAlgos.tsv_max.txt', 128.7511090137329), ('Unnamed: 0-SUMMARYCustomAlgos.tsv_mean.txt', 107.86772135817016), ('Unnamed: 0-SUMMARYCustomAlgos.tsv_min.txt', 37.45429602379456), ('Unnamed: 0-SUMMARYCustomAlgos.tsv_q10.txt', 19.6241085500117), ('Unnamed: 0-SUMMARYCustomAlgos.tsv_median.txt', 18.294018828451026)]
L1764	13062023--s--Lm--st--L1764--p--F07--pos005--tm--24--ch--Syto9--z--21	L1764	L628	[('Unnamed: 0-SUMMARYCustomAlgos.tsv_max.txt', 168.6149717257983), ('Unnamed: 0-SUMMARYCustomAlgos.tsv_mean.txt', 108.12125386280366), ('Unnamed: 0-SUMMARYCustomAlgos.tsv_q10.txt', 49.73392650632427), ('Unnamed: 0-SUMMARYCustomAlgos.tsv_min.txt', 48.28291178364676), ('Unnamed: 0-SUMMARYCustomAlgos.tsv_median.txt', 16.82735377082824)]
L1764	13062023--s--Lm--st--L1764--p--F08--pos001--tm--24--ch--Syto9--z--21	L1764	L1823	[('Unnamed: 0-SUMMARYCustomAlgos.tsv_max.txt', 100.02080496675447), ('Unnamed: 0-SUMMARYCustomAlgos.tsv_mean.txt', 89.69198366211519), ('Unnamed: 0-SUMMARYCustomAlgos.tsv_min.txt', 45.83821877728886), ('Unnamed: 0-SUMMARYCustomAlgos.tsv_q10.txt', 32.33589969789522), ('Unnamed: 0-SUMMARYCustomAlgos.tsv_median.txt', 16.82735377082824)]
L1764	13062023--s--Lm--st--L1764--p--F08--pos002--tm--24--ch--Syto9--z--21	L1764	L628	[('Unnamed: 0-SUMMARYCustomAlgos.tsv_max.txt', 169.0180212708083), ('Unnamed: 0-SUMMARYCustomAlgos.tsv_mean.txt', 108.17337373332714), ('Unnamed: 0-SUMMARYCustomAlgos.tsv_q10.txt', 49.73463014836381), ('Unnamed: 0-SUMMARYCustomAlgos.tsv_min.txt', 47.023746453367814), ('Unnamed: 0-SUMMARYCustomAlgos.tsv_median.txt', 16.82735377082824)]
L1764	13062023--s--Lm--st--L1764--p--F08--pos003--tm--24--ch--Syto9--z--21	L1764	L1823	[('Unnamed: 0-SUMMARYCustomAlgos.tsv_max.txt', 98.99204864350091), ('Unnamed: 0-SUMMARYCustomAlgos.tsv_mean.txt', 90.20432269910323), ('Unnamed: 0-SUMMARYCustomAlgos.tsv_min.txt', 40.148014053185236), ('Unnamed: 0-SUMMARYCustomAlgos.tsv_q10.txt', 32.45747570487461), ('Unnamed: 0-SUMMARYCustomAlgos.tsv_median.txt', 16.681653202392983)]
L1764	13062023--s--Lm--st--L1764--p--F08--pos004--tm--24--ch--Syto9--z--21	L1764	L394	[('Unnamed: 0-SUMMARYCustomAlgos.tsv_max.txt', 182.23121599551098), ('Unnamed: 0-SUMMARYCustomAlgos.tsv_min.txt', 106.94567089532829), ('Unnamed: 0-SUMMARYCustomAlgos.tsv_q10.txt', 91.62365331365241), ('Unnamed: 0-SUMMARYCustomAlgos.tsv_mean.txt', 14.801748362329038), ('Unnamed: 0-SUMMARYCustomAlgos.tsv_median.txt', 6.940796373373343)]
L1764	13062023--s--Lm--st--L1764--p--F08--pos005--tm--24--ch--Syto9--z--21	L1764	L1823	[('Unnamed: 0-SUMMARYCustomAlgos.tsv_max.txt', 99.52405150883276), ('Unnamed: 0-SUMMARYCustomAlgos.tsv_mean.txt', 89.83859024498985), ('Unnamed: 0-SUMMARYCustomAlgos.tsv_min.txt', 45.83821877728886), ('Unnamed: 0-SUMMARYCustomAlgos.tsv_q10.txt', 32.192259588943706), ('Unnamed: 0-SUMMARYCustomAlgos.tsv_median.txt', 16.82735377082824)]
L1764	13062023--s--Lm--st--L1764--p--F09--pos002--tm--24--ch--Syto9--z--21	L1764	L628	[('Unnamed: 0-SUMMARYCustomAlgos.tsv_max.txt', 169.51477472873), ('Unnamed: 0-SUMMARYCustomAlgos.tsv_mean.txt', 108.02676715045249), ('Unnamed: 0-SUMMARYCustomAlgos.tsv_q10.txt', 49.87827025731533), ('Unnamed: 0-SUMMARYCustomAlgos.tsv_min.txt', 47.023746453367814), ('Unnamed: 0-SUMMARYCustomAlgos.tsv_median.txt', 16.82735377082824)]
L1764	13062023--s--Lm--st--L1764--p--F09--pos004--tm--24--ch--Syto9--z--21	L1764	L1823	[('Unnamed: 0-SUMMARYCustomAlgos.tsv_max.txt', 100.02080496675447), ('Unnamed: 0-SUMMARYCustomAlgos.tsv_mean.txt', 89.69198366211519), ('Unnamed: 0-SUMMARYCustomAlgos.tsv_min.txt', 45.83821877728886), ('Unnamed: 0-SUMMARYCustomAlgos.tsv_q10.txt', 32.33589969789522), ('Unnamed: 0-SUMMARYCustomAlgos.tsv_median.txt', 16.82735377082824)]
L1764	13062023--s--Lm--st--L1764--p--F09--pos005--tm--24--ch--Syto9--z--21	L1764	L628	[('Unnamed: 0-SUMMARYCustomAlgos.tsv_max.txt', 168.6149717257983), ('Unnamed: 0-SUMMARYCustomAlgos.tsv_mean.txt', 108.12125386280366), ('Unnamed: 0-SUMMARYCustomAlgos.tsv_q10.txt', 49.73392650632427), ('Unnamed: 0-SUMMARYCustomAlgos.tsv_min.txt', 48.28291178364676), ('Unnamed: 0-SUMMARYCustomAlgos.tsv_median.txt', 16.82735377082824)]
L1764	13062023--s--Lm--st--L1764--p--F10--pos001--tm--24--ch--Syto9--z--21	L1764	L1823	[('Unnamed: 0-SUMMARYCustomAlgos.tsv_max.txt', 98.99204864350091), ('Unnamed: 0-SUMMARYCustomAlgos.tsv_mean.txt', 90.5506731992456), ('Unnamed: 0-SUMMARYCustomAlgos.tsv_min.txt', 41.40717938346418), ('Unnamed: 0-SUMMARYCustomAlgos.tsv_q10.txt', 32.74749214751577), ('Unnamed: 0-SUMMARYCustomAlgos.tsv_median.txt', 16.681653202392983)]
L1764	13062023--s--Lm--st--L1764--p--F10--pos002--tm--24--ch--Syto9--z--21	L1764	L1823	[('Unnamed: 0-SUMMARYCustomAlgos.tsv_max.txt', 98.99204864350091), ('Unnamed: 0-SUMMARYCustomAlgos.tsv_mean.txt', 90.20432269910323), ('Unnamed: 0-SUMMARYCustomAlgos.tsv_min.txt', 40.232119649622945), ('Unnamed: 0-SUMMARYCustomAlgos.tsv_q10.txt', 32.69644608587428), ('Unnamed: 0-SUMMARYCustomAlgos.tsv_median.txt', 17.045356734361473)]
L1764	13062023--s--Lm--st--L1764--p--F10--pos003--tm--24--ch--Syto9--z--21	L1764	L1823	[('Unnamed: 0-SUMMARYCustomAlgos.tsv_max.txt', 98.99204864350091), ('Unnamed: 0-SUMMARYCustomAlgos.tsv_mean.txt', 90.20432269910323), ('Unnamed: 0-SUMMARYCustomAlgos.tsv_min.txt', 40.232119649622945), ('Unnamed: 0-SUMMARYCustomAlgos.tsv_q10.txt', 32.69644608587428), ('Unnamed: 0-SUMMARYCustomAlgos.tsv_median.txt', 17.045356734361473)]
L1764	13062023--s--Lm--st--L1764--p--F10--pos004--tm--24--ch--Syto9--z--21	L1764	L1823	[('Unnamed: 0-SUMMARYCustomAlgos.tsv_max.txt', 100.02080496675447), ('Unnamed: 0-SUMMARYCustomAlgos.tsv_mean.txt', 89.69198366211519), ('Unnamed: 0-SUMMARYCustomAlgos.tsv_min.txt', 45.83821877728886), ('Unnamed: 0-SUMMARYCustomAlgos.tsv_q10.txt', 32.33589969789522), ('Unnamed: 0-SUMMARYCustomAlgos.tsv_median.txt', 16.82735377082824)]
L1764	13062023--s--Lm--st--L1764--p--F10--pos005--tm--24--ch--Syto9--z--21	L1764	L1823	[('Unnamed: 0-SUMMARYCustomAlgos.tsv_max.txt', 100.02080496675447), ('Unnamed: 0-SUMMARYCustomAlgos.tsv_mean.txt', 89.69198366211519), ('Unnamed: 0-SUMMARYCustomAlgos.tsv_min.txt', 45.83821877728886), ('Unnamed: 0-SUMMARYCustomAlgos.tsv_q10.txt', 32.192259588943706), ('Unnamed: 0-SUMMARYCustomAlgos.tsv_median.txt', 16.82735377082824)]
L1764	13062023--s--Lm--st--L1764--p--G03--pos001--tm--24--ch--Syto9--z--21	L1764	L1823	[('Unnamed: 0-SUMMARYCustomAlgos.tsv_max.txt', 133.6684267807488), ('Unnamed: 0-SUMMARYCustomAlgos.tsv_mean.txt', 109.42226803474854), ('Unnamed: 0-SUMMARYCustomAlgos.tsv_min.txt', 39.93238671114315), ('Unnamed: 0-SUMMARYCustomAlgos.tsv_q10.txt', 27.962777551886536), ('Unnamed: 0-SUMMARYCustomAlgos.tsv_median.txt', 17.23813493710166)]
L1764	13062023--s--Lm--st--L1764--p--G03--pos002--tm--24--ch--Syto9--z--21	L1764	L1823	[('Unnamed: 0-SUMMARYCustomAlgos.tsv_max.txt', 98.99204864350091), ('Unnamed: 0-SUMMARYCustomAlgos.tsv_mean.txt', 90.20432269910323), ('Unnamed: 0-SUMMARYCustomAlgos.tsv_min.txt', 40.148014053185236), ('Unnamed: 0-SUMMARYCustomAlgos.tsv_q10.txt', 32.45747570487461), ('Unnamed: 0-SUMMARYCustomAlgos.tsv_median.txt', 16.681653202392983)]
L1764	13062023--s--Lm--st--L1764--p--G03--pos003--tm--24--ch--Syto9--z--21	L1764	L1823	[('Unnamed: 0-SUMMARYCustomAlgos.tsv_max.txt', 100.02080496675447), ('Unnamed: 0-SUMMARYCustomAlgos.tsv_mean.txt', 89.69198366211519), ('Unnamed: 0-SUMMARYCustomAlgos.tsv_min.txt', 45.83821877728886), ('Unnamed: 0-SUMMARYCustomAlgos.tsv_q10.txt', 32.33589969789522), ('Unnamed: 0-SUMMARYCustomAlgos.tsv_median.txt', 16.82735377082824)]
L1764	13062023--s--Lm--st--L1764--p--G03--pos004--tm--24--ch--Syto9--z--21	L1764	L394	[('Unnamed: 0-SUMMARYCustomAlgos.tsv_max.txt', 186.74418409540357), ('Unnamed: 0-SUMMARYCustomAlgos.tsv_min.txt', 109.75806294120545), ('Unnamed: 0-SUMMARYCustomAlgos.tsv_q10.txt', 104.96170808916715), ('Unnamed: 0-SUMMARYCustomAlgos.tsv_mean.txt', 15.260960765657408), ('Unnamed: 0-SUMMARYCustomAlgos.tsv_median.txt', 5.383780596650841)]
L1764	13062023--s--Lm--st--L1764--p--G03--pos005--tm--24--ch--Syto9--z--21	L1764	L1823	[('Unnamed: 0-SUMMARYCustomAlgos.tsv_max.txt', 133.24609389396772), ('Unnamed: 0-SUMMARYCustomAlgos.tsv_mean.txt', 110.28366881608018), ('Unnamed: 0-SUMMARYCustomAlgos.tsv_min.txt', 41.330212978655894), ('Unnamed: 0-SUMMARYCustomAlgos.tsv_q10.txt', 27.50731423162382), ('Unnamed: 0-SUMMARYCustomAlgos.tsv_median.txt', 17.04005117102318)]
L1764	13062023--s--Lm--st--L1764--p--G04--pos001--tm--24--ch--Syto9--z--21	L1764	L628	[('Unnamed: 0-SUMMARYCustomAlgos.tsv_max.txt', 167.54055180773892), ('Unnamed: 0-SUMMARYCustomAlgos.tsv_mean.txt', 108.92286111309537), ('Unnamed: 0-SUMMARYCustomAlgos.tsv_q10.txt', 50.38264135975784), ('Unnamed: 0-SUMMARYCustomAlgos.tsv_min.txt', 48.28291178364676), ('Unnamed: 0-SUMMARYCustomAlgos.tsv_median.txt', 16.47091485169486)]
L1764	13062023--s--Lm--st--L1764--p--G04--pos002--tm--24--ch--Syto9--z--21	L1764	L1823	[('Unnamed: 0-SUMMARYCustomAlgos.tsv_max.txt', 166.9668470748795), ('Unnamed: 0-SUMMARYCustomAlgos.tsv_mean.txt', 110.16333128455562), ('Unnamed: 0-SUMMARYCustomAlgos.tsv_min.txt', 42.59270705954312), ('Unnamed: 0-SUMMARYCustomAlgos.tsv_q10.txt', 40.30900202200107), ('Unnamed: 0-SUMMARYCustomAlgos.tsv_median.txt', 16.184805535079324)]
L1764	13062023--s--Lm--st--L1764--p--G04--pos003--tm--24--ch--Syto9--z--21	L1764	L628	[('Unnamed: 0-SUMMARYCustomAlgos.tsv_max.txt', 169.0180212708083), ('Unnamed: 0-SUMMARYCustomAlgos.tsv_mean.txt', 108.17337373332714), ('Unnamed: 0-SUMMARYCustomAlgos.tsv_q10.txt', 49.73463014836381), ('Unnamed: 0-SUMMARYCustomAlgos.tsv_min.txt', 47.023746453367814), ('Unnamed: 0-SUMMARYCustomAlgos.tsv_median.txt', 16.82735377082824)]
L1764	13062023--s--Lm--st--L1764--p--G04--pos004--tm--24--ch--Syto9--z--21	L1764	L1823	[('Unnamed: 0-SUMMARYCustomAlgos.tsv_max.txt', 100.02080496675447), ('Unnamed: 0-SUMMARYCustomAlgos.tsv_mean.txt', 89.69198366211519), ('Unnamed: 0-SUMMARYCustomAlgos.tsv_min.txt', 45.83821877728886), ('Unnamed: 0-SUMMARYCustomAlgos.tsv_q10.txt', 32.33589969789522), ('Unnamed: 0-SUMMARYCustomAlgos.tsv_median.txt', 16.82735377082824)]
L1764	13062023--s--Lm--st--L1764--p--G04--pos005--tm--24--ch--Syto9--z--21	L1764	L628	[('Unnamed: 0-SUMMARYCustomAlgos.tsv_max.txt', 169.11172518372), ('Unnamed: 0-SUMMARYCustomAlgos.tsv_mean.txt', 108.0301893726747), ('Unnamed: 0-SUMMARYCustomAlgos.tsv_q10.txt', 49.87827025731533), ('Unnamed: 0-SUMMARYCustomAlgos.tsv_min.txt', 48.28291178364676), ('Unnamed: 0-SUMMARYCustomAlgos.tsv_median.txt', 16.82735377082824)]
L1764	13062023--s--Lm--st--L1764--p--G05--pos001--tm--24--ch--Syto9--z--21	L1764	L628	[('Unnamed: 0-SUMMARYCustomAlgos.tsv_max.txt', 169.0180212708083), ('Unnamed: 0-SUMMARYCustomAlgos.tsv_mean.txt', 108.92286111309537), ('Unnamed: 0-SUMMARYCustomAlgos.tsv_q10.txt', 50.03196231118824), ('Unnamed: 0-SUMMARYCustomAlgos.tsv_min.txt', 48.28291178364676), ('Unnamed: 0-SUMMARYCustomAlgos.tsv_median.txt', 16.82735377082824)]
L1764	13062023--s--Lm--st--L1764--p--G05--pos002--tm--24--ch--Syto9--z--21	L1764	L628	[('Unnamed: 0-SUMMARYCustomAlgos.tsv_max.txt', 168.44431653794888), ('Unnamed: 0-SUMMARYCustomAlgos.tsv_mean.txt', 110.21887337730132), ('Unnamed: 0-SUMMARYCustomAlgos.tsv_q10.txt', 50.943999839733266), ('Unnamed: 0-SUMMARYCustomAlgos.tsv_min.txt', 42.59270705954312), ('Unnamed: 0-SUMMARYCustomAlgos.tsv_median.txt', 16.681653202392983)]
L1764	13062023--s--Lm--st--L1764--p--G05--pos004--tm--24--ch--Syto9--z--21	L1764	L1823	[('Unnamed: 0-SUMMARYCustomAlgos.tsv_max.txt', 100.02080496675447), ('Unnamed: 0-SUMMARYCustomAlgos.tsv_mean.txt', 89.69198366211519), ('Unnamed: 0-SUMMARYCustomAlgos.tsv_min.txt', 45.83821877728886), ('Unnamed: 0-SUMMARYCustomAlgos.tsv_q10.txt', 32.33589969789522), ('Unnamed: 0-SUMMARYCustomAlgos.tsv_median.txt', 16.82735377082824)]
L1764	13062023--s--Lm--st--L1764--p--G05--pos005--tm--24--ch--Syto9--z--21	L1764	L1823	[('Unnamed: 0-SUMMARYCustomAlgos.tsv_max.txt', 100.02080496675447), ('Unnamed: 0-SUMMARYCustomAlgos.tsv_mean.txt', 89.69198366211519), ('Unnamed: 0-SUMMARYCustomAlgos.tsv_min.txt', 45.83821877728886), ('Unnamed: 0-SUMMARYCustomAlgos.tsv_q10.txt', 32.33589969789522), ('Unnamed: 0-SUMMARYCustomAlgos.tsv_median.txt', 16.82735377082824)]
L634	13062023--s--Lm--st--L634--p--C04--pos001--tm--24--ch--Syto9--z--21	L634	L1323	[('Unnamed: 0-SUMMARYCustomAlgos.tsv_max.txt', 90.96595532886666), ('Unnamed: 0-SUMMARYCustomAlgos.tsv_mean.txt', 64.02794702809535), ('Unnamed: 0-SUMMARYCustomAlgos.tsv_q10.txt', 48.87090406216215), ('Unnamed: 0-SUMMARYCustomAlgos.tsv_min.txt', 27.959296981564812), ('Unnamed: 0-SUMMARYCustomAlgos.tsv_median.txt', 20.13401499900036)]
L634	13062023--s--Lm--st--L634--p--C04--pos003--tm--24--ch--Syto9--z--21	L634	L455	[('Unnamed: 0-SUMMARYCustomAlgos.tsv_q10.txt', 86.6497320478741), ('Unnamed: 0-SUMMARYCustomAlgos.tsv_mean.txt', 72.74183579658445), ('Unnamed: 0-SUMMARYCustomAlgos.tsv_min.txt', 38.79212961369348), ('Unnamed: 0-SUMMARYCustomAlgos.tsv_max.txt', 27.559776911130434), ('Unnamed: 0-SUMMARYCustomAlgos.tsv_median.txt', 11.650343365853253)]
L634	13062023--s--Lm--st--L634--p--C04--pos004--tm--24--ch--Syto9--z--21	L634	L455	[('Unnamed: 0-SUMMARYCustomAlgos.tsv_q10.txt', 86.35321403651571), ('Unnamed: 0-SUMMARYCustomAlgos.tsv_mean.txt', 72.43459768673918), ('Unnamed: 0-SUMMARYCustomAlgos.tsv_min.txt', 38.06227396548578), ('Unnamed: 0-SUMMARYCustomAlgos.tsv_max.txt', 27.568666348655015), ('Unnamed: 0-SUMMARYCustomAlgos.tsv_median.txt', 11.219193075122682)]
L634	13062023--s--Lm--st--L634--p--C04--pos005--tm--24--ch--Syto9--z--21	L634	L394	[('Unnamed: 0-SUMMARYCustomAlgos.tsv_min.txt', 102.5749920883605), ('Unnamed: 0-SUMMARYCustomAlgos.tsv_mean.txt', 58.145890619875026), ('Unnamed: 0-SUMMARYCustomAlgos.tsv_max.txt', 48.42493527488589), ('Unnamed: 0-SUMMARYCustomAlgos.tsv_median.txt', 43.052142440926595), ('Unnamed: 0-SUMMARYCustomAlgos.tsv_q10.txt', 20.750972202299884)]
L634	13062023--s--Lm--st--L634--p--C05--pos001--tm--24--ch--Syto9--z--21	L634	L1323	[('Unnamed: 0-SUMMARYCustomAlgos.tsv_max.txt', 75.67664589983144), ('Unnamed: 0-SUMMARYCustomAlgos.tsv_mean.txt', 49.016491472669614), ('Unnamed: 0-SUMMARYCustomAlgos.tsv_q10.txt', 45.156414251906924), ('Unnamed: 0-SUMMARYCustomAlgos.tsv_min.txt', 29.587670938698125), ('Unnamed: 0-SUMMARYCustomAlgos.tsv_median.txt', 22.53559425437126)]
L634	13062023--s--Lm--st--L634--p--C05--pos003--tm--24--ch--Syto9--z--21	L634	L455	[('Unnamed: 0-SUMMARYCustomAlgos.tsv_max.txt', 142.387849389748), ('Unnamed: 0-SUMMARYCustomAlgos.tsv_mean.txt', 114.48434800083733), ('Unnamed: 0-SUMMARYCustomAlgos.tsv_min.txt', 55.91314207425319), ('Unnamed: 0-SUMMARYCustomAlgos.tsv_q10.txt', 38.724037740136396), ('Unnamed: 0-SUMMARYCustomAlgos.tsv_median.txt', 27.427415136558494)]
L634	13062023--s--Lm--st--L634--p--C05--pos004--tm--24--ch--Syto9--z--21	L634	L628	[('Unnamed: 0-SUMMARYCustomAlgos.tsv_max.txt', 117.96419899381279), ('Unnamed: 0-SUMMARYCustomAlgos.tsv_mean.txt', 76.80584647745684), ('Unnamed: 0-SUMMARYCustomAlgos.tsv_q10.txt', 54.14439887970913), ('Unnamed: 0-SUMMARYCustomAlgos.tsv_min.txt', 31.14541347264499), ('Unnamed: 0-SUMMARYCustomAlgos.tsv_median.txt', 19.727151808349912)]
L634	13062023--s--Lm--st--L634--p--C05--pos005--tm--24--ch--Syto9--z--21	L634	19115	[('Unnamed: 0-SUMMARYCustomAlgos.tsv_mean.txt', 56.317140622041656), ('Unnamed: 0-SUMMARYCustomAlgos.tsv_max.txt', 39.80601936627038), ('Unnamed: 0-SUMMARYCustomAlgos.tsv_min.txt', 35.74213630006989), ('Unnamed: 0-SUMMARYCustomAlgos.tsv_q10.txt', 27.202450249720282), ('Unnamed: 0-SUMMARYCustomAlgos.tsv_median.txt', 26.420840511115156)]
L634	13062023--s--Lm--st--L634--p--C06--pos001--tm--24--ch--Syto9--z--21	L634	19115	[('Unnamed: 0-SUMMARYCustomAlgos.tsv_q10.txt', 97.28193581973873), ('Unnamed: 0-SUMMARYCustomAlgos.tsv_mean.txt', 96.17905142550268), ('Unnamed: 0-SUMMARYCustomAlgos.tsv_min.txt', 45.16771544156997), ('Unnamed: 0-SUMMARYCustomAlgos.tsv_max.txt', 31.000770115444848), ('Unnamed: 0-SUMMARYCustomAlgos.tsv_median.txt', 13.75920072581629)]
L634	13062023--s--Lm--st--L634--p--C06--pos002--tm--24--ch--Syto9--z--21	L634	19115	[('Unnamed: 0-SUMMARYCustomAlgos.tsv_mean.txt', 99.69556176102208), ('Unnamed: 0-SUMMARYCustomAlgos.tsv_q10.txt', 96.98484075176064), ('Unnamed: 0-SUMMARYCustomAlgos.tsv_min.txt', 44.267920344723535), ('Unnamed: 0-SUMMARYCustomAlgos.tsv_max.txt', 34.06181601168319), ('Unnamed: 0-SUMMARYCustomAlgos.tsv_median.txt', 13.952865519923423)]
L634	13062023--s--Lm--st--L634--p--C06--pos003--tm--24--ch--Syto9--z--21	L634	L455	[('Unnamed: 0-SUMMARYCustomAlgos.tsv_q10.txt', 89.19805933104908), ('Unnamed: 0-SUMMARYCustomAlgos.tsv_mean.txt', 80.58209644117018), ('Unnamed: 0-SUMMARYCustomAlgos.tsv_min.txt', 39.1555875485755), ('Unnamed: 0-SUMMARYCustomAlgos.tsv_max.txt', 25.519841781970438), ('Unnamed: 0-SUMMARYCustomAlgos.tsv_median.txt', 12.106965041120912)]
L634	13062023--s--Lm--st--L634--p--C06--pos004--tm--24--ch--Syto9--z--21	L634	19115	[('Unnamed: 0-SUMMARYCustomAlgos.tsv_q10.txt', 88.64744574658897), ('Unnamed: 0-SUMMARYCustomAlgos.tsv_mean.txt', 80.57154086984346), ('Unnamed: 0-SUMMARYCustomAlgos.tsv_min.txt', 38.89771942698378), ('Unnamed: 0-SUMMARYCustomAlgos.tsv_max.txt', 24.35866158417071), ('Unnamed: 0-SUMMARYCustomAlgos.tsv_median.txt', 12.751516208519838)]
L634	13062023--s--Lm--st--L634--p--C06--pos005--tm--24--ch--Syto9--z--21	L634	19115	[('Unnamed: 0-SUMMARYCustomAlgos.tsv_mean.txt', 95.2371784189829), ('Unnamed: 0-SUMMARYCustomAlgos.tsv_q10.txt', 95.03124529306648), ('Unnamed: 0-SUMMARYCustomAlgos.tsv_min.txt', 43.232676067881584), ('Unnamed: 0-SUMMARYCustomAlgos.tsv_max.txt', 30.44037660562077), ('Unnamed: 0-SUMMARYCustomAlgos.tsv_median.txt', 14.040760984973518)]
L634	13062023--s--Lm--st--L634--p--C07--pos001--tm--24--ch--Syto9--z--21	L634	19115	[('Unnamed: 0-SUMMARYCustomAlgos.tsv_q10.txt', 97.28193581973873), ('Unnamed: 0-SUMMARYCustomAlgos.tsv_mean.txt', 96.17430652754348), ('Unnamed: 0-SUMMARYCustomAlgos.tsv_min.txt', 45.16771544156997), ('Unnamed: 0-SUMMARYCustomAlgos.tsv_max.txt', 31.000770115444848), ('Unnamed: 0-SUMMARYCustomAlgos.tsv_median.txt', 13.75920072581629)]
L634	13062023--s--Lm--st--L634--p--C07--pos002--tm--24--ch--Syto9--z--21	L634	19115	[('Unnamed: 0-SUMMARYCustomAlgos.tsv_mean.txt', 99.63333320467808), ('Unnamed: 0-SUMMARYCustomAlgos.tsv_q10.txt', 97.75181602453539), ('Unnamed: 0-SUMMARYCustomAlgos.tsv_min.txt', 44.39198890240273), ('Unnamed: 0-SUMMARYCustomAlgos.tsv_max.txt', 33.221585275458146), ('Unnamed: 0-SUMMARYCustomAlgos.tsv_median.txt', 14.076081499703461)]
L634	13062023--s--Lm--st--L634--p--C07--pos003--tm--24--ch--Syto9--z--21	L634	L455	[('Unnamed: 0-SUMMARYCustomAlgos.tsv_q10.txt', 95.58185887752653), ('Unnamed: 0-SUMMARYCustomAlgos.tsv_mean.txt', 95.2524788882688), ('Unnamed: 0-SUMMARYCustomAlgos.tsv_min.txt', 43.490544189473304), ('Unnamed: 0-SUMMARYCustomAlgos.tsv_max.txt', 31.841922462049023), ('Unnamed: 0-SUMMARYCustomAlgos.tsv_median.txt', 13.39620981757459)]
L634	13062023--s--Lm--st--L634--p--C07--pos004--tm--24--ch--Syto9--z--21	L634	L455	[('Unnamed: 0-SUMMARYCustomAlgos.tsv_q10.txt', 89.19805933104908), ('Unnamed: 0-SUMMARYCustomAlgos.tsv_mean.txt', 80.58209644117018), ('Unnamed: 0-SUMMARYCustomAlgos.tsv_min.txt', 39.1555875485755), ('Unnamed: 0-SUMMARYCustomAlgos.tsv_max.txt', 25.519841781970438), ('Unnamed: 0-SUMMARYCustomAlgos.tsv_median.txt', 12.106965041120912)]
L634	13062023--s--Lm--st--L634--p--C07--pos005--tm--24--ch--Syto9--z--21	L634	19115	[('Unnamed: 0-SUMMARYCustomAlgos.tsv_q10.txt', 97.28193581973873), ('Unnamed: 0-SUMMARYCustomAlgos.tsv_mean.txt', 96.17430652754348), ('Unnamed: 0-SUMMARYCustomAlgos.tsv_min.txt', 45.16771544156997), ('Unnamed: 0-SUMMARYCustomAlgos.tsv_max.txt', 31.000770115444848), ('Unnamed: 0-SUMMARYCustomAlgos.tsv_median.txt', 13.75920072581629)]
L634	13062023--s--Lm--st--L634--p--C08--pos001--tm--24--ch--Syto9--z--21	L634	19115	[('Unnamed: 0-SUMMARYCustomAlgos.tsv_mean.txt', 105.96264159300387), ('Unnamed: 0-SUMMARYCustomAlgos.tsv_q10.txt', 70.10491484110418), ('Unnamed: 0-SUMMARYCustomAlgos.tsv_max.txt', 51.98161109548045), ('Unnamed: 0-SUMMARYCustomAlgos.tsv_min.txt', 38.304907082834326), ('Unnamed: 0-SUMMARYCustomAlgos.tsv_median.txt', 21.096273587939837)]
L634	13062023--s--Lm--st--L634--p--C08--pos002--tm--24--ch--Syto9--z--21	L634	L455	[('Unnamed: 0-SUMMARYCustomAlgos.tsv_q10.txt', 89.19805933104908), ('Unnamed: 0-SUMMARYCustomAlgos.tsv_mean.txt', 82.19135137362254), ('Unnamed: 0-SUMMARYCustomAlgos.tsv_min.txt', 39.757857698514826), ('Unnamed: 0-SUMMARYCustomAlgos.tsv_max.txt', 25.519841781970438), ('Unnamed: 0-SUMMARYCustomAlgos.tsv_median.txt', 12.263632519336934)]
L634	13062023--s--Lm--st--L634--p--C08--pos003--tm--24--ch--Syto9--z--21	L634	L455	[('Unnamed: 0-SUMMARYCustomAlgos.tsv_q10.txt', 86.5376033988232), ('Unnamed: 0-SUMMARYCustomAlgos.tsv_mean.txt', 76.92495437818023), ('Unnamed: 0-SUMMARYCustomAlgos.tsv_min.txt', 38.49321966141779), ('Unnamed: 0-SUMMARYCustomAlgos.tsv_max.txt', 28.303298401773), ('Unnamed: 0-SUMMARYCustomAlgos.tsv_median.txt', 11.654343572608926)]
L634	13062023--s--Lm--st--L634--p--C08--pos004--tm--24--ch--Syto9--z--21	L634	L1823	[('Unnamed: 0-SUMMARYCustomAlgos.tsv_mean.txt', 110.49833204839742), ('Unnamed: 0-SUMMARYCustomAlgos.tsv_min.txt', 83.74401993766232), ('Unnamed: 0-SUMMARYCustomAlgos.tsv_max.txt', 58.30326124374966), ('Unnamed: 0-SUMMARYCustomAlgos.tsv_q10.txt', 28.512502225608944), ('Unnamed: 0-SUMMARYCustomAlgos.tsv_median.txt', 17.31896954708957)]
L634	13062023--s--Lm--st--L634--p--C08--pos005--tm--24--ch--Syto9--z--21	L634	L1823	[('Unnamed: 0-SUMMARYCustomAlgos.tsv_mean.txt', 111.67793918948877), ('Unnamed: 0-SUMMARYCustomAlgos.tsv_min.txt', 84.4544281412489), ('Unnamed: 0-SUMMARYCustomAlgos.tsv_max.txt', 58.353184462481565), ('Unnamed: 0-SUMMARYCustomAlgos.tsv_q10.txt', 28.324486000932527), ('Unnamed: 0-SUMMARYCustomAlgos.tsv_median.txt', 17.36196813570893)]
L634	13062023--s--Lm--st--L634--p--C09--pos002--tm--24--ch--Syto9--z--21	L634	L455	[('Unnamed: 0-SUMMARYCustomAlgos.tsv_q10.txt', 86.41413030488212), ('Unnamed: 0-SUMMARYCustomAlgos.tsv_mean.txt', 76.92495437818023), ('Unnamed: 0-SUMMARYCustomAlgos.tsv_min.txt', 37.76588841507195), ('Unnamed: 0-SUMMARYCustomAlgos.tsv_max.txt', 28.303298401773), ('Unnamed: 0-SUMMARYCustomAlgos.tsv_median.txt', 11.675658828844753)]
L634	13062023--s--Lm--st--L634--p--C09--pos003--tm--24--ch--Syto9--z--21	L634	L455	[('Unnamed: 0-SUMMARYCustomAlgos.tsv_q10.txt', 86.55634183102396), ('Unnamed: 0-SUMMARYCustomAlgos.tsv_mean.txt', 72.43459768673918), ('Unnamed: 0-SUMMARYCustomAlgos.tsv_min.txt', 38.06227396548578), ('Unnamed: 0-SUMMARYCustomAlgos.tsv_max.txt', 27.568666348655015), ('Unnamed: 0-SUMMARYCustomAlgos.tsv_median.txt', 11.219193075122682)]
L634	13062023--s--Lm--st--L634--p--C09--pos004--tm--24--ch--Syto9--z--21	L634	L455	[('Unnamed: 0-SUMMARYCustomAlgos.tsv_q10.txt', 89.28499585707797), ('Unnamed: 0-SUMMARYCustomAlgos.tsv_mean.txt', 80.734666432059), ('Unnamed: 0-SUMMARYCustomAlgos.tsv_min.txt', 38.83916197654007), ('Unnamed: 0-SUMMARYCustomAlgos.tsv_max.txt', 27.912642036153933), ('Unnamed: 0-SUMMARYCustomAlgos.tsv_median.txt', 11.685338630480421)]
L634	13062023--s--Lm--st--L634--p--C09--pos005--tm--24--ch--Syto9--z--21	L634	L455	[('Unnamed: 0-SUMMARYCustomAlgos.tsv_q10.txt', 88.64744574658897), ('Unnamed: 0-SUMMARYCustomAlgos.tsv_mean.txt', 80.52931452227135), ('Unnamed: 0-SUMMARYCustomAlgos.tsv_min.txt', 39.1555875485755), ('Unnamed: 0-SUMMARYCustomAlgos.tsv_max.txt', 24.492372712443167), ('Unnamed: 0-SUMMARYCustomAlgos.tsv_median.txt', 12.16508469924057)]
L634	13062023--s--Lm--st--L634--p--C10--pos001--tm--24--ch--Syto9--z--21	L634	19115	[('Unnamed: 0-SUMMARYCustomAlgos.tsv_mean.txt', 104.11029003144726), ('Unnamed: 0-SUMMARYCustomAlgos.tsv_q10.txt', 68.96019325655018), ('Unnamed: 0-SUMMARYCustomAlgos.tsv_max.txt', 41.56126012842579), ('Unnamed: 0-SUMMARYCustomAlgos.tsv_min.txt', 37.72125216741517), ('Unnamed: 0-SUMMARYCustomAlgos.tsv_median.txt', 14.5363876626457)]
L634	13062023--s--Lm--st--L634--p--C10--pos002--tm--24--ch--Syto9--z--21	L634	19115	[('Unnamed: 0-SUMMARYCustomAlgos.tsv_mean.txt', 117.20898448166952), ('Unnamed: 0-SUMMARYCustomAlgos.tsv_q10.txt', 71.00736145007653), ('Unnamed: 0-SUMMARYCustomAlgos.tsv_max.txt', 41.86390598442038), ('Unnamed: 0-SUMMARYCustomAlgos.tsv_min.txt', 39.51903222267746), ('Unnamed: 0-SUMMARYCustomAlgos.tsv_median.txt', 14.028352372347412)]
L634	13062023--s--Lm--st--L634--p--C10--pos003--tm--24--ch--Syto9--z--21	L634	L455	[('Unnamed: 0-SUMMARYCustomAlgos.tsv_q10.txt', 86.26897837105619), ('Unnamed: 0-SUMMARYCustomAlgos.tsv_mean.txt', 72.43459768673918), ('Unnamed: 0-SUMMARYCustomAlgos.tsv_min.txt', 38.1775392480694), ('Unnamed: 0-SUMMARYCustomAlgos.tsv_max.txt', 27.376591027406292), ('Unnamed: 0-SUMMARYCustomAlgos.tsv_median.txt', 11.219193075122682)]
L634	13062023--s--Lm--st--L634--p--C10--pos004--tm--24--ch--Syto9--z--21	L634	19115	[('Unnamed: 0-SUMMARYCustomAlgos.tsv_mean.txt', 100.98116222695222), ('Unnamed: 0-SUMMARYCustomAlgos.tsv_q10.txt', 72.38563751532355), ('Unnamed: 0-SUMMARYCustomAlgos.tsv_max.txt', 48.84598177273265), ('Unnamed: 0-SUMMARYCustomAlgos.tsv_min.txt', 38.6324595519528), ('Unnamed: 0-SUMMARYCustomAlgos.tsv_median.txt', 21.129034056673216)]
L634	13062023--s--Lm--st--L634--p--C10--pos005--tm--24--ch--Syto9--z--21	L634	L455	[('Unnamed: 0-SUMMARYCustomAlgos.tsv_q10.txt', 89.32632100846206), ('Unnamed: 0-SUMMARYCustomAlgos.tsv_mean.txt', 80.60270426682692), ('Unnamed: 0-SUMMARYCustomAlgos.tsv_min.txt', 38.9813827292668), ('Unnamed: 0-SUMMARYCustomAlgos.tsv_max.txt', 28.153007694782474), ('Unnamed: 0-SUMMARYCustomAlgos.tsv_median.txt', 11.889340573863544)]
L634	13062023--s--Lm--st--L634--p--D03--pos001--tm--24--ch--Syto9--z--21	L634	L628	[('Unnamed: 0-SUMMARYCustomAlgos.tsv_q10.txt', 58.14384457226062), ('Unnamed: 0-SUMMARYCustomAlgos.tsv_mean.txt', 56.98811935540029), ('Unnamed: 0-SUMMARYCustomAlgos.tsv_min.txt', 33.0419579239036), ('Unnamed: 0-SUMMARYCustomAlgos.tsv_max.txt', 21.95487553532298), ('Unnamed: 0-SUMMARYCustomAlgos.tsv_median.txt', 10.483903087284547)]
L634	13062023--s--Lm--st--L634--p--D03--pos002--tm--24--ch--Syto9--z--21	L634	L394	[('Unnamed: 0-SUMMARYCustomAlgos.tsv_min.txt', 85.17689889918852), ('Unnamed: 0-SUMMARYCustomAlgos.tsv_mean.txt', 64.40808542406127), ('Unnamed: 0-SUMMARYCustomAlgos.tsv_max.txt', 42.867891486607526), ('Unnamed: 0-SUMMARYCustomAlgos.tsv_median.txt', 39.69725320494575), ('Unnamed: 0-SUMMARYCustomAlgos.tsv_q10.txt', 34.35037734914778)]
L634	13062023--s--Lm--st--L634--p--D03--pos003--tm--24--ch--Syto9--z--21	L634	19115	[('Unnamed: 0-SUMMARYCustomAlgos.tsv_q10.txt', 91.36862697695875), ('Unnamed: 0-SUMMARYCustomAlgos.tsv_mean.txt', 85.36835537012618), ('Unnamed: 0-SUMMARYCustomAlgos.tsv_min.txt', 42.450624870693595), ('Unnamed: 0-SUMMARYCustomAlgos.tsv_max.txt', 22.198344400564203), ('Unnamed: 0-SUMMARYCustomAlgos.tsv_median.txt', 13.198994286950677)]
L634	13062023--s--Lm--st--L634--p--D03--pos004--tm--24--ch--Syto9--z--21	L634	19115	[('Unnamed: 0-SUMMARYCustomAlgos.tsv_mean.txt', 109.92387924368587), ('Unnamed: 0-SUMMARYCustomAlgos.tsv_q10.txt', 67.9055943600344), ('Unnamed: 0-SUMMARYCustomAlgos.tsv_max.txt', 39.5625102961382), ('Unnamed: 0-SUMMARYCustomAlgos.tsv_min.txt', 37.65683142774132), ('Unnamed: 0-SUMMARYCustomAlgos.tsv_median.txt', 14.802747043000581)]
L634	13062023--s--Lm--st--L634--p--D04--pos001--tm--24--ch--Syto9--z--21	L634	19115	[('Unnamed: 0-SUMMARYCustomAlgos.tsv_mean.txt', 107.27291677093626), ('Unnamed: 0-SUMMARYCustomAlgos.tsv_q10.txt', 65.62231057070015), ('Unnamed: 0-SUMMARYCustomAlgos.tsv_max.txt', 41.33679401243957), ('Unnamed: 0-SUMMARYCustomAlgos.tsv_min.txt', 36.4205801132978), ('Unnamed: 0-SUMMARYCustomAlgos.tsv_median.txt', 14.375114201437555)]
L634	13062023--s--Lm--st--L634--p--D04--pos003--tm--24--ch--Syto9--z--21	L634	19115	[('Unnamed: 0-SUMMARYCustomAlgos.tsv_mean.txt', 105.8776914757893), ('Unnamed: 0-SUMMARYCustomAlgos.tsv_q10.txt', 70.10491484110418), ('Unnamed: 0-SUMMARYCustomAlgos.tsv_max.txt', 51.98161109548045), ('Unnamed: 0-SUMMARYCustomAlgos.tsv_min.txt', 38.304907082834326), ('Unnamed: 0-SUMMARYCustomAlgos.tsv_median.txt', 20.982701004749167)]
L634	13062023--s--Lm--st--L634--p--D04--pos004--tm--24--ch--Syto9--z--21	L634	L1323	[('Unnamed: 0-SUMMARYCustomAlgos.tsv_mean.txt', 107.39172931797363), ('Unnamed: 0-SUMMARYCustomAlgos.tsv_q10.txt', 72.87896332362621), ('Unnamed: 0-SUMMARYCustomAlgos.tsv_min.txt', 37.07175410194791), ('Unnamed: 0-SUMMARYCustomAlgos.tsv_max.txt', 21.127322605706393), ('Unnamed: 0-SUMMARYCustomAlgos.tsv_median.txt', 9.828260894957966)]
L634	13062023--s--Lm--st--L634--p--D04--pos005--tm--24--ch--Syto9--z--21	L634	L455	[('Unnamed: 0-SUMMARYCustomAlgos.tsv_q10.txt', 86.12508844520244), ('Unnamed: 0-SUMMARYCustomAlgos.tsv_mean.txt', 75.43008545867347), ('Unnamed: 0-SUMMARYCustomAlgos.tsv_min.txt', 37.76336401321009), ('Unnamed: 0-SUMMARYCustomAlgos.tsv_max.txt', 28.085857937646725), ('Unnamed: 0-SUMMARYCustomAlgos.tsv_median.txt', 11.008841754175918)]
L634	13062023--s--Lm--st--L634--p--D05--pos001--tm--24--ch--Syto9--z--21	L634	L455	[('Unnamed: 0-SUMMARYCustomAlgos.tsv_max.txt', 130.3566352932276), ('Unnamed: 0-SUMMARYCustomAlgos.tsv_q10.txt', 55.44982795044108), ('Unnamed: 0-SUMMARYCustomAlgos.tsv_mean.txt', 29.25902924467991), ('Unnamed: 0-SUMMARYCustomAlgos.tsv_min.txt', 25.474340811873812), ('Unnamed: 0-SUMMARYCustomAlgos.tsv_median.txt', 17.066222965468892)]
L634	13062023--s--Lm--st--L634--p--D05--pos003--tm--24--ch--Syto9--z--21	L634	19115	[('Unnamed: 0-SUMMARYCustomAlgos.tsv_max.txt', 83.57223707644245), ('Unnamed: 0-SUMMARYCustomAlgos.tsv_q10.txt', 77.76151622932223), ('Unnamed: 0-SUMMARYCustomAlgos.tsv_mean.txt', 72.02905016356374), ('Unnamed: 0-SUMMARYCustomAlgos.tsv_median.txt', 30.096204844572796), ('Unnamed: 0-SUMMARYCustomAlgos.tsv_min.txt', 22.147718314983695)]
L634	13062023--s--Lm--st--L634--p--D05--pos005--tm--24--ch--Syto9--z--21	L634	L455	[('Unnamed: 0-SUMMARYCustomAlgos.tsv_max.txt', 77.74556224255753), ('Unnamed: 0-SUMMARYCustomAlgos.tsv_mean.txt', 66.79592117888019), ('Unnamed: 0-SUMMARYCustomAlgos.tsv_q10.txt', 55.63247931083533), ('Unnamed: 0-SUMMARYCustomAlgos.tsv_min.txt', 21.70735292872335), ('Unnamed: 0-SUMMARYCustomAlgos.tsv_median.txt', 16.754305962562004)]
L394	16052023--s--Lm--st--L394--p--C03--pos001--tm--24--ch--Syto9--z--21	L394	L455	[('Unnamed: 0-SUMMARYCustomAlgos.tsv_mean.txt', 78.79938797610598), ('Unnamed: 0-SUMMARYCustomAlgos.tsv_max.txt', 49.62404877446707), ('Unnamed: 0-SUMMARYCustomAlgos.tsv_median.txt', 43.632435048264014), ('Unnamed: 0-SUMMARYCustomAlgos.tsv_min.txt', 33.5407023415362), ('Unnamed: 0-SUMMARYCustomAlgos.tsv_q10.txt', 32.36860188229904)]
L394	16052023--s--Lm--st--L394--p--C03--pos005--tm--24--ch--Syto9--z--21	L394	L455	[('Unnamed: 0-SUMMARYCustomAlgos.tsv_mean.txt', 77.37849639847197), ('Unnamed: 0-SUMMARYCustomAlgos.tsv_median.txt', 62.246263729507355), ('Unnamed: 0-SUMMARYCustomAlgos.tsv_max.txt', 56.7049947834191), ('Unnamed: 0-SUMMARYCustomAlgos.tsv_min.txt', 36.47729113181486), ('Unnamed: 0-SUMMARYCustomAlgos.tsv_q10.txt', 32.533329817886205)]
L394	16052023--s--Lm--st--L394--p--C04--pos002--tm--24--ch--Syto9--z--21	L394	L1764	[('Unnamed: 0-SUMMARYCustomAlgos.tsv_max.txt', 322.95991901712955), ('Unnamed: 0-SUMMARYCustomAlgos.tsv_min.txt', 98.71108777956933), ('Unnamed: 0-SUMMARYCustomAlgos.tsv_median.txt', 22.72971312117189), ('Unnamed: 0-SUMMARYCustomAlgos.tsv_q10.txt', 17.306585461638036), ('Unnamed: 0-SUMMARYCustomAlgos.tsv_mean.txt', 13.45257612637613)]
L394	16052023--s--Lm--st--L394--p--C04--pos003--tm--24--ch--Syto9--z--21	L394	L455	[('Unnamed: 0-SUMMARYCustomAlgos.tsv_mean.txt', 90.9087401062678), ('Unnamed: 0-SUMMARYCustomAlgos.tsv_max.txt', 33.02216784368339), ('Unnamed: 0-SUMMARYCustomAlgos.tsv_q10.txt', 28.466836028849556), ('Unnamed: 0-SUMMARYCustomAlgos.tsv_median.txt', 26.468621671725494), ('Unnamed: 0-SUMMARYCustomAlgos.tsv_min.txt', 18.408204085998527)]
L394	16052023--s--Lm--st--L394--p--C04--pos005--tm--24--ch--Syto9--z--21	L394	19115	[('Unnamed: 0-SUMMARYCustomAlgos.tsv_max.txt', 104.7844362305459), ('Unnamed: 0-SUMMARYCustomAlgos.tsv_mean.txt', 56.08597221159931), ('Unnamed: 0-SUMMARYCustomAlgos.tsv_min.txt', 54.207224455354314), ('Unnamed: 0-SUMMARYCustomAlgos.tsv_q10.txt', 24.27447426213273), ('Unnamed: 0-SUMMARYCustomAlgos.tsv_median.txt', 14.066404467516648)]
L394	16052023--s--Lm--st--L394--p--C05--pos003--tm--24--ch--Syto9--z--21	L394	L1764	[('Unnamed: 0-SUMMARYCustomAlgos.tsv_mean.txt', 126.55803927429866), ('Unnamed: 0-SUMMARYCustomAlgos.tsv_median.txt', 96.77221671519523), ('Unnamed: 0-SUMMARYCustomAlgos.tsv_max.txt', 79.09582206923567), ('Unnamed: 0-SUMMARYCustomAlgos.tsv_q10.txt', 45.37502243936343), ('Unnamed: 0-SUMMARYCustomAlgos.tsv_min.txt', 44.41337594425482)]
L394	16052023--s--Lm--st--L394--p--C05--pos004--tm--24--ch--Syto9--z--21	L394	L455	[('Unnamed: 0-SUMMARYCustomAlgos.tsv_mean.txt', 49.82756358482569), ('Unnamed: 0-SUMMARYCustomAlgos.tsv_median.txt', 45.23214316714418), ('Unnamed: 0-SUMMARYCustomAlgos.tsv_max.txt', 44.731141485314204), ('Unnamed: 0-SUMMARYCustomAlgos.tsv_q10.txt', 33.07936870731541), ('Unnamed: 0-SUMMARYCustomAlgos.tsv_min.txt', 31.882347432160667)]
L394	16052023--s--Lm--st--L394--p--C05--pos005--tm--24--ch--Syto9--z--21	L394	L455	[('Unnamed: 0-SUMMARYCustomAlgos.tsv_mean.txt', 54.9467216182263), ('Unnamed: 0-SUMMARYCustomAlgos.tsv_max.txt', 52.79005251644043), ('Unnamed: 0-SUMMARYCustomAlgos.tsv_median.txt', 48.14226099713615), ('Unnamed: 0-SUMMARYCustomAlgos.tsv_q10.txt', 35.612412499214834), ('Unnamed: 0-SUMMARYCustomAlgos.tsv_min.txt', 31.507217902264614)]
L394	16052023--s--Lm--st--L394--p--C06--pos002--tm--24--ch--Syto9--z--21	L394	L1764	[('Unnamed: 0-SUMMARYCustomAlgos.tsv_max.txt', 193.08718446806634), ('Unnamed: 0-SUMMARYCustomAlgos.tsv_min.txt', 98.86125741532987), ('Unnamed: 0-SUMMARYCustomAlgos.tsv_median.txt', 19.14562786543927), ('Unnamed: 0-SUMMARYCustomAlgos.tsv_q10.txt', 15.886886534026248), ('Unnamed: 0-SUMMARYCustomAlgos.tsv_mean.txt', 11.932577984782645)]
L394	16052023--s--Lm--st--L394--p--C06--pos003--tm--24--ch--Syto9--z--21	L394	L455	[('Unnamed: 0-SUMMARYCustomAlgos.tsv_mean.txt', 73.90377559913773), ('Unnamed: 0-SUMMARYCustomAlgos.tsv_min.txt', 45.521530058741384), ('Unnamed: 0-SUMMARYCustomAlgos.tsv_max.txt', 36.560453758674996), ('Unnamed: 0-SUMMARYCustomAlgos.tsv_q10.txt', 36.450551644350895), ('Unnamed: 0-SUMMARYCustomAlgos.tsv_median.txt', 35.89730199006766)]
L394	16052023--s--Lm--st--L394--p--C06--pos004--tm--24--ch--Syto9--z--21	L394	L455	[('Unnamed: 0-SUMMARYCustomAlgos.tsv_mean.txt', 50.81296693572151), ('Unnamed: 0-SUMMARYCustomAlgos.tsv_max.txt', 49.95258065616265), ('Unnamed: 0-SUMMARYCustomAlgos.tsv_min.txt', 40.15064018882841), ('Unnamed: 0-SUMMARYCustomAlgos.tsv_median.txt', 35.20320957749652), ('Unnamed: 0-SUMMARYCustomAlgos.tsv_q10.txt', 29.025170683429586)]
L394	16052023--s--Lm--st--L394--p--D03--pos001--tm--24--ch--Syto9--z--21	L394	L1323	[('Unnamed: 0-SUMMARYCustomAlgos.tsv_mean.txt', 126.02675605905645), ('Unnamed: 0-SUMMARYCustomAlgos.tsv_max.txt', 59.915143229877145), ('Unnamed: 0-SUMMARYCustomAlgos.tsv_median.txt', 49.1883550248127), ('Unnamed: 0-SUMMARYCustomAlgos.tsv_min.txt', 38.18948581849359), ('Unnamed: 0-SUMMARYCustomAlgos.tsv_q10.txt', 32.75422732853738)]
L394	16052023--s--Lm--st--L394--p--D03--pos002--tm--24--ch--Syto9--z--21	L394	L455	[('Unnamed: 0-SUMMARYCustomAlgos.tsv_mean.txt', 79.35197289779731), ('Unnamed: 0-SUMMARYCustomAlgos.tsv_max.txt', 41.72915581913926), ('Unnamed: 0-SUMMARYCustomAlgos.tsv_median.txt', 37.692841605934845), ('Unnamed: 0-SUMMARYCustomAlgos.tsv_min.txt', 35.57085345778867), ('Unnamed: 0-SUMMARYCustomAlgos.tsv_q10.txt', 32.32674643277678)]
L394	16052023--s--Lm--st--L394--p--D03--pos003--tm--24--ch--Syto9--z--21	L394	L1764	[('Unnamed: 0-SUMMARYCustomAlgos.tsv_max.txt', 71.3288625565342), ('Unnamed: 0-SUMMARYCustomAlgos.tsv_min.txt', 21.24757642836017), ('Unnamed: 0-SUMMARYCustomAlgos.tsv_q10.txt', 19.734317466855707), ('Unnamed: 0-SUMMARYCustomAlgos.tsv_mean.txt', 14.621380254140902), ('Unnamed: 0-SUMMARYCustomAlgos.tsv_median.txt', 4.147599732358447)]
L394	16052023--s--Lm--st--L394--p--D03--pos004--tm--24--ch--Syto9--z--21	L394	L455	[('Unnamed: 0-SUMMARYCustomAlgos.tsv_mean.txt', 74.97382108815252), ('Unnamed: 0-SUMMARYCustomAlgos.tsv_min.txt', 42.95399931300064), ('Unnamed: 0-SUMMARYCustomAlgos.tsv_q10.txt', 36.48909352170875), ('Unnamed: 0-SUMMARYCustomAlgos.tsv_max.txt', 35.89543847413539), ('Unnamed: 0-SUMMARYCustomAlgos.tsv_median.txt', 35.865412234947854)]
L394	16052023--s--Lm--st--L394--p--D03--pos005--tm--24--ch--Syto9--z--21	L394	L1764	[('Unnamed: 0-SUMMARYCustomAlgos.tsv_max.txt', 275.62954405978326), ('Unnamed: 0-SUMMARYCustomAlgos.tsv_min.txt', 102.14865512203953), ('Unnamed: 0-SUMMARYCustomAlgos.tsv_median.txt', 20.294982375007745), ('Unnamed: 0-SUMMARYCustomAlgos.tsv_q10.txt', 18.022522342792136), ('Unnamed: 0-SUMMARYCustomAlgos.tsv_mean.txt', 13.411520038877537)]
L394	16052023--s--Lm--st--L394--p--D04--pos001--tm--24--ch--Syto9--z--21	L394	L1323	[('Unnamed: 0-SUMMARYCustomAlgos.tsv_mean.txt', 132.57323213196827), ('Unnamed: 0-SUMMARYCustomAlgos.tsv_min.txt', 45.6345074892363), ('Unnamed: 0-SUMMARYCustomAlgos.tsv_max.txt', 39.09218614452018), ('Unnamed: 0-SUMMARYCustomAlgos.tsv_median.txt', 32.57626228210002), ('Unnamed: 0-SUMMARYCustomAlgos.tsv_q10.txt', 30.804658541785006)]
L394	16052023--s--Lm--st--L394--p--D04--pos003--tm--24--ch--Syto9--z--21	L394	L628	[('Unnamed: 0-SUMMARYCustomAlgos.tsv_mean.txt', 186.9371577651858), ('Unnamed: 0-SUMMARYCustomAlgos.tsv_max.txt', 79.79329638950917), ('Unnamed: 0-SUMMARYCustomAlgos.tsv_median.txt', 46.73653785494081), ('Unnamed: 0-SUMMARYCustomAlgos.tsv_q10.txt', 16.657304880386135), ('Unnamed: 0-SUMMARYCustomAlgos.tsv_min.txt', 10.219646100390747)]
L394	16052023--s--Lm--st--L394--p--D04--pos004--tm--24--ch--Syto9--z--21	L394	L1764	[('Unnamed: 0-SUMMARYCustomAlgos.tsv_max.txt', 76.08006160692509), ('Unnamed: 0-SUMMARYCustomAlgos.tsv_min.txt', 22.076649798890553), ('Unnamed: 0-SUMMARYCustomAlgos.tsv_q10.txt', 19.943438598553097), ('Unnamed: 0-SUMMARYCustomAlgos.tsv_mean.txt', 12.105111786072172), ('Unnamed: 0-SUMMARYCustomAlgos.tsv_median.txt', 4.09789086492171)]
L394	16052023--s--Lm--st--L394--p--D04--pos005--tm--24--ch--Syto9--z--21	L394	L1764	[('Unnamed: 0-SUMMARYCustomAlgos.tsv_max.txt', 110.33941581364363), ('Unnamed: 0-SUMMARYCustomAlgos.tsv_min.txt', 28.08174117304821), ('Unnamed: 0-SUMMARYCustomAlgos.tsv_q10.txt', 20.114326602639654), ('Unnamed: 0-SUMMARYCustomAlgos.tsv_median.txt', 7.1739948559275355), ('Unnamed: 0-SUMMARYCustomAlgos.tsv_mean.txt', 6.707425816379802)]
L394	16052023--s--Lm--st--L394--p--D05--pos001--tm--24--ch--Syto9--z--21	L394	L1323	[('Unnamed: 0-SUMMARYCustomAlgos.tsv_mean.txt', 132.0746603499167), ('Unnamed: 0-SUMMARYCustomAlgos.tsv_min.txt', 47.125498563973096), ('Unnamed: 0-SUMMARYCustomAlgos.tsv_max.txt', 37.09660835079196), ('Unnamed: 0-SUMMARYCustomAlgos.tsv_median.txt', 33.4046627023403), ('Unnamed: 0-SUMMARYCustomAlgos.tsv_q10.txt', 29.153321263774423)]
L394	16052023--s--Lm--st--L394--p--D05--pos004--tm--24--ch--Syto9--z--21	L394	L628	[('Unnamed: 0-SUMMARYCustomAlgos.tsv_max.txt', 249.7200725369418), ('Unnamed: 0-SUMMARYCustomAlgos.tsv_min.txt', 120.75485906549832), ('Unnamed: 0-SUMMARYCustomAlgos.tsv_mean.txt', 77.9329442036145), ('Unnamed: 0-SUMMARYCustomAlgos.tsv_q10.txt', 21.236609943723778), ('Unnamed: 0-SUMMARYCustomAlgos.tsv_median.txt', 10.081898912911198)]
L394	16052023--s--Lm--st--L394--p--D05--pos005--tm--24--ch--Syto9--z--21	L394	L1764	[('Unnamed: 0-SUMMARYCustomAlgos.tsv_max.txt', 239.4250055167051), ('Unnamed: 0-SUMMARYCustomAlgos.tsv_min.txt', 32.637450154760494), ('Unnamed: 0-SUMMARYCustomAlgos.tsv_q10.txt', 19.235535085934277), ('Unnamed: 0-SUMMARYCustomAlgos.tsv_mean.txt', 6.113785402606559), ('Unnamed: 0-SUMMARYCustomAlgos.tsv_median.txt', 4.7419883772594345)]
L394	16052023--s--Lm--st--L394--p--D06--pos001--tm--24--ch--Syto9--z--21	L394	L1323	[('Unnamed: 0-SUMMARYCustomAlgos.tsv_mean.txt', 126.36542333266244), ('Unnamed: 0-SUMMARYCustomAlgos.tsv_q10.txt', 50.76924732205864), ('Unnamed: 0-SUMMARYCustomAlgos.tsv_max.txt', 38.81857933242022), ('Unnamed: 0-SUMMARYCustomAlgos.tsv_median.txt', 32.76506430477866), ('Unnamed: 0-SUMMARYCustomAlgos.tsv_min.txt', 30.913787878348113)]
L394	16052023--s--Lm--st--L394--p--D06--pos002--tm--24--ch--Syto9--z--21	L394	L455	[('Unnamed: 0-SUMMARYCustomAlgos.tsv_mean.txt', 79.03033436906172), ('Unnamed: 0-SUMMARYCustomAlgos.tsv_min.txt', 40.42311838007932), ('Unnamed: 0-SUMMARYCustomAlgos.tsv_max.txt', 37.711363330029904), ('Unnamed: 0-SUMMARYCustomAlgos.tsv_q10.txt', 36.35304174522601), ('Unnamed: 0-SUMMARYCustomAlgos.tsv_median.txt', 35.27136569752362)]
L394	16052023--s--Lm--st--L394--p--D06--pos003--tm--24--ch--Syto9--z--21	L394	L628	[('Unnamed: 0-SUMMARYCustomAlgos.tsv_mean.txt', 183.7080755451496), ('Unnamed: 0-SUMMARYCustomAlgos.tsv_max.txt', 81.8403217235891), ('Unnamed: 0-SUMMARYCustomAlgos.tsv_median.txt', 44.23589776774461), ('Unnamed: 0-SUMMARYCustomAlgos.tsv_q10.txt', 19.18491527435725), ('Unnamed: 0-SUMMARYCustomAlgos.tsv_min.txt', 10.52341857937463)]
L394	16052023--s--Lm--st--L394--p--D06--pos004--tm--24--ch--Syto9--z--21	L394	L628	[('Unnamed: 0-SUMMARYCustomAlgos.tsv_mean.txt', 210.82464240425793), ('Unnamed: 0-SUMMARYCustomAlgos.tsv_max.txt', 123.01034173714903), ('Unnamed: 0-SUMMARYCustomAlgos.tsv_median.txt', 54.32500491658589), ('Unnamed: 0-SUMMARYCustomAlgos.tsv_q10.txt', 15.331856003529632), ('Unnamed: 0-SUMMARYCustomAlgos.tsv_min.txt', 14.490948150090963)]
L394	16052023--s--Lm--st--L394--p--D06--pos005--tm--24--ch--Syto9--z--21	L394	L455	[('Unnamed: 0-SUMMARYCustomAlgos.tsv_mean.txt', 69.26736088882588), ('Unnamed: 0-SUMMARYCustomAlgos.tsv_max.txt', 50.38864963599186), ('Unnamed: 0-SUMMARYCustomAlgos.tsv_median.txt', 44.975241296906184), ('Unnamed: 0-SUMMARYCustomAlgos.tsv_q10.txt', 34.33182299882554), ('Unnamed: 0-SUMMARYCustomAlgos.tsv_min.txt', 33.193554830080735)]
L394	16052023--s--Lm--st--L394--p--D07--pos002--tm--24--ch--Syto9--z--21	L394	L1764	[('Unnamed: 0-SUMMARYCustomAlgos.tsv_min.txt', 89.83310433409942), ('Unnamed: 0-SUMMARYCustomAlgos.tsv_mean.txt', 72.5112745442952), ('Unnamed: 0-SUMMARYCustomAlgos.tsv_max.txt', 52.31493376806835), ('Unnamed: 0-SUMMARYCustomAlgos.tsv_q10.txt', 34.51776401543619), ('Unnamed: 0-SUMMARYCustomAlgos.tsv_median.txt', 8.658906889526042)]
L394	16052023--s--Lm--st--L394--p--D07--pos003--tm--24--ch--Syto9--z--21	L394	L1323	[('Unnamed: 0-SUMMARYCustomAlgos.tsv_mean.txt', 37.85122237724128), ('Unnamed: 0-SUMMARYCustomAlgos.tsv_median.txt', 36.72195405553685), ('Unnamed: 0-SUMMARYCustomAlgos.tsv_max.txt', 32.715610981040435), ('Unnamed: 0-SUMMARYCustomAlgos.tsv_q10.txt', 32.313077215827825), ('Unnamed: 0-SUMMARYCustomAlgos.tsv_min.txt', 16.37466923329636)]
L394	16052023--s--Lm--st--L394--p--D07--pos005--tm--24--ch--Syto9--z--21	L394	L1323	[('Unnamed: 0-SUMMARYCustomAlgos.tsv_mean.txt', 150.6405633305309), ('Unnamed: 0-SUMMARYCustomAlgos.tsv_min.txt', 69.24757620759839), ('Unnamed: 0-SUMMARYCustomAlgos.tsv_max.txt', 53.13562184471842), ('Unnamed: 0-SUMMARYCustomAlgos.tsv_q10.txt', 34.90023622324488), ('Unnamed: 0-SUMMARYCustomAlgos.tsv_median.txt', 33.61104657090301)]
L394	16052023--s--Lm--st--L394--p--D08--pos002--tm--24--ch--Syto9--z--21	L394	L1764	[('Unnamed: 0-SUMMARYCustomAlgos.tsv_max.txt', 281.0620036434443), ('Unnamed: 0-SUMMARYCustomAlgos.tsv_min.txt', 85.00554409142481), ('Unnamed: 0-SUMMARYCustomAlgos.tsv_q10.txt', 20.892020201632516), ('Unnamed: 0-SUMMARYCustomAlgos.tsv_mean.txt', 5.323170800496553), ('Unnamed: 0-SUMMARYCustomAlgos.tsv_median.txt', 4.730951639190615)]
L394	16052023--s--Lm--st--L394--p--D08--pos003--tm--24--ch--Syto9--z--21	L394	L1323	[('Unnamed: 0-SUMMARYCustomAlgos.tsv_mean.txt', 159.2457121834381), ('Unnamed: 0-SUMMARYCustomAlgos.tsv_max.txt', 144.32724932605515), ('Unnamed: 0-SUMMARYCustomAlgos.tsv_median.txt', 66.21824098545234), ('Unnamed: 0-SUMMARYCustomAlgos.tsv_q10.txt', 64.50751589755951), ('Unnamed: 0-SUMMARYCustomAlgos.tsv_min.txt', 46.67821134595519)]
L394	16052023--s--Lm--st--L394--p--D08--pos004--tm--24--ch--Syto9--z--21	L394	L1323	[('Unnamed: 0-SUMMARYCustomAlgos.tsv_max.txt', 170.91189822740034), ('Unnamed: 0-SUMMARYCustomAlgos.tsv_mean.txt', 145.14621524623348), ('Unnamed: 0-SUMMARYCustomAlgos.tsv_median.txt', 82.32312147676929), ('Unnamed: 0-SUMMARYCustomAlgos.tsv_q10.txt', 75.47958733432358), ('Unnamed: 0-SUMMARYCustomAlgos.tsv_min.txt', 48.20239500046801)]
L394	16052023--s--Lm--st--L394--p--D08--pos005--tm--24--ch--Syto9--z--21	L394	L1764	[('Unnamed: 0-SUMMARYCustomAlgos.tsv_max.txt', 329.9951157100664), ('Unnamed: 0-SUMMARYCustomAlgos.tsv_min.txt', 101.01305276448792), ('Unnamed: 0-SUMMARYCustomAlgos.tsv_median.txt', 25.722299408000897), ('Unnamed: 0-SUMMARYCustomAlgos.tsv_q10.txt', 18.714252539241134), ('Unnamed: 0-SUMMARYCustomAlgos.tsv_mean.txt', 13.808112568416828)]
L455	16052023--s--Lm--st--L455--p--F03--pos001--tm--24--ch--Syto9--z--21	L455	L628	[('Unnamed: 0-SUMMARYCustomAlgos.tsv_max.txt', 67.7781834564045), ('Unnamed: 0-SUMMARYCustomAlgos.tsv_median.txt', 52.201069720045254), ('Unnamed: 0-SUMMARYCustomAlgos.tsv_mean.txt', 35.18628074023374), ('Unnamed: 0-SUMMARYCustomAlgos.tsv_q10.txt', 31.05953836779193), ('Unnamed: 0-SUMMARYCustomAlgos.tsv_min.txt', 25.514463447782347)]
L455	16052023--s--Lm--st--L455--p--F03--pos002--tm--24--ch--Syto9--z--21	L455	L628	[('Unnamed: 0-SUMMARYCustomAlgos.tsv_mean.txt', 152.42493115479937), ('Unnamed: 0-SUMMARYCustomAlgos.tsv_q10.txt', 40.99781097646734), ('Unnamed: 0-SUMMARYCustomAlgos.tsv_max.txt', 40.67923010191353), ('Unnamed: 0-SUMMARYCustomAlgos.tsv_min.txt', 27.67339583147865), ('Unnamed: 0-SUMMARYCustomAlgos.tsv_median.txt', 26.242182271850425)]
L455	16052023--s--Lm--st--L455--p--F03--pos003--tm--24--ch--Syto9--z--21	L455	L634	[('Unnamed: 0-SUMMARYCustomAlgos.tsv_mean.txt', 131.38448405564918), ('Unnamed: 0-SUMMARYCustomAlgos.tsv_q10.txt', 44.610981540900724), ('Unnamed: 0-SUMMARYCustomAlgos.tsv_max.txt', 38.012632749154776), ('Unnamed: 0-SUMMARYCustomAlgos.tsv_min.txt', 25.89156978667065), ('Unnamed: 0-SUMMARYCustomAlgos.tsv_median.txt', 25.01162305911946)]
L455	16052023--s--Lm--st--L455--p--F03--pos004--tm--24--ch--Syto9--z--21	L455	L628	[('Unnamed: 0-SUMMARYCustomAlgos.tsv_max.txt', 67.00157407386963), ('Unnamed: 0-SUMMARYCustomAlgos.tsv_median.txt', 50.83524291690999), ('Unnamed: 0-SUMMARYCustomAlgos.tsv_mean.txt', 38.774630807060014), ('Unnamed: 0-SUMMARYCustomAlgos.tsv_q10.txt', 34.936212965564465), ('Unnamed: 0-SUMMARYCustomAlgos.tsv_min.txt', 19.657275128119263)]
L455	16052023--s--Lm--st--L455--p--F03--pos005--tm--24--ch--Syto9--z--21	L455	L1323	[('Unnamed: 0-SUMMARYCustomAlgos.tsv_mean.txt', 138.04606285835246), ('Unnamed: 0-SUMMARYCustomAlgos.tsv_min.txt', 128.66584701207034), ('Unnamed: 0-SUMMARYCustomAlgos.tsv_median.txt', 39.358148777845734), ('Unnamed: 0-SUMMARYCustomAlgos.tsv_q10.txt', 37.58527707243779), ('Unnamed: 0-SUMMARYCustomAlgos.tsv_max.txt', 29.529597184441954)]
L455	16052023--s--Lm--st--L455--p--F04--pos001--tm--24--ch--Syto9--z--21	L455	L1323	[('Unnamed: 0-SUMMARYCustomAlgos.tsv_mean.txt', 161.13208901878522), ('Unnamed: 0-SUMMARYCustomAlgos.tsv_min.txt', 122.53159607312594), ('Unnamed: 0-SUMMARYCustomAlgos.tsv_max.txt', 58.81433098899947), ('Unnamed: 0-SUMMARYCustomAlgos.tsv_q10.txt', 39.70404845579287), ('Unnamed: 0-SUMMARYCustomAlgos.tsv_median.txt', 35.8250515043113)]
L455	16052023--s--Lm--st--L455--p--F04--pos002--tm--24--ch--Syto9--z--21	L455	L1323	[('Unnamed: 0-SUMMARYCustomAlgos.tsv_mean.txt', 106.03048788102267), ('Unnamed: 0-SUMMARYCustomAlgos.tsv_min.txt', 95.70550019966409), ('Unnamed: 0-SUMMARYCustomAlgos.tsv_max.txt', 41.42788613476854), ('Unnamed: 0-SUMMARYCustomAlgos.tsv_q10.txt', 36.23023960788652), ('Unnamed: 0-SUMMARYCustomAlgos.tsv_median.txt', 34.897946700009605)]
L455	16052023--s--Lm--st--L455--p--F04--pos003--tm--24--ch--Syto9--z--21	L455	L1323	[('Unnamed: 0-SUMMARYCustomAlgos.tsv_min.txt', 104.8553486555434), ('Unnamed: 0-SUMMARYCustomAlgos.tsv_mean.txt', 97.44167475682923), ('Unnamed: 0-SUMMARYCustomAlgos.tsv_max.txt', 52.89617227834404), ('Unnamed: 0-SUMMARYCustomAlgos.tsv_q10.txt', 39.42203034958109), ('Unnamed: 0-SUMMARYCustomAlgos.tsv_median.txt', 36.33068627359315)]
L455	16052023--s--Lm--st--L455--p--F04--pos004--tm--24--ch--Syto9--z--21	L455	L1323	[('Unnamed: 0-SUMMARYCustomAlgos.tsv_min.txt', 101.10189885013706), ('Unnamed: 0-SUMMARYCustomAlgos.tsv_mean.txt', 92.65324200825725), ('Unnamed: 0-SUMMARYCustomAlgos.tsv_max.txt', 50.53999329642296), ('Unnamed: 0-SUMMARYCustomAlgos.tsv_q10.txt', 39.64512768908355), ('Unnamed: 0-SUMMARYCustomAlgos.tsv_median.txt', 36.13641476300087)]
L455	16052023--s--Lm--st--L455--p--F04--pos005--tm--24--ch--Syto9--z--21	L455	L634	[('Unnamed: 0-SUMMARYCustomAlgos.tsv_max.txt', 102.78695065153185), ('Unnamed: 0-SUMMARYCustomAlgos.tsv_mean.txt', 50.19045664579813), ('Unnamed: 0-SUMMARYCustomAlgos.tsv_median.txt', 46.30534658258774), ('Unnamed: 0-SUMMARYCustomAlgos.tsv_q10.txt', 45.87859025986134), ('Unnamed: 0-SUMMARYCustomAlgos.tsv_min.txt', 33.03526769090525)]
L455	16052023--s--Lm--st--L455--p--F05--pos001--tm--24--ch--Syto9--z--21	L455	L628	[('Unnamed: 0-SUMMARYCustomAlgos.tsv_mean.txt', 74.85349024169582), ('Unnamed: 0-SUMMARYCustomAlgos.tsv_median.txt', 52.66786661598478), ('Unnamed: 0-SUMMARYCustomAlgos.tsv_max.txt', 35.83304101251386), ('Unnamed: 0-SUMMARYCustomAlgos.tsv_min.txt', 34.903618664150095), ('Unnamed: 0-SUMMARYCustomAlgos.tsv_q10.txt', 25.53992661320579)]
L455	16052023--s--Lm--st--L455--p--F05--pos002--tm--24--ch--Syto9--z--21	L455	L1323	[('Unnamed: 0-SUMMARYCustomAlgos.tsv_mean.txt', 218.81022355306015), ('Unnamed: 0-SUMMARYCustomAlgos.tsv_q10.txt', 64.4283610910705), ('Unnamed: 0-SUMMARYCustomAlgos.tsv_max.txt', 35.60830243881087), ('Unnamed: 0-SUMMARYCustomAlgos.tsv_median.txt', 31.649274992604102), ('Unnamed: 0-SUMMARYCustomAlgos.tsv_min.txt', 17.09539261539676)]
L455	16052023--s--Lm--st--L455--p--F05--pos003--tm--24--ch--Syto9--z--21	L455	L1323	[('Unnamed: 0-SUMMARYCustomAlgos.tsv_max.txt', 104.55542585548936), ('Unnamed: 0-SUMMARYCustomAlgos.tsv_median.txt', 89.35539482760608), ('Unnamed: 0-SUMMARYCustomAlgos.tsv_q10.txt', 48.519184907056164), ('Unnamed: 0-SUMMARYCustomAlgos.tsv_mean.txt', 40.28476112212712), ('Unnamed: 0-SUMMARYCustomAlgos.tsv_min.txt', 33.46743689673199)]
L455	16052023--s--Lm--st--L455--p--F05--pos004--tm--24--ch--Syto9--z--21	L455	L1323	[('Unnamed: 0-SUMMARYCustomAlgos.tsv_max.txt', 68.49337968421968), ('Unnamed: 0-SUMMARYCustomAlgos.tsv_median.txt', 46.60149978285702), ('Unnamed: 0-SUMMARYCustomAlgos.tsv_mean.txt', 32.586271221441045), ('Unnamed: 0-SUMMARYCustomAlgos.tsv_q10.txt', 32.45810492840209), ('Unnamed: 0-SUMMARYCustomAlgos.tsv_min.txt', 28.752164021605086)]
L455	16052023--s--Lm--st--L455--p--F05--pos005--tm--24--ch--Syto9--z--21	L455	L1323	[('Unnamed: 0-SUMMARYCustomAlgos.tsv_max.txt', 104.39007008427481), ('Unnamed: 0-SUMMARYCustomAlgos.tsv_median.txt', 89.48333235456055), ('Unnamed: 0-SUMMARYCustomAlgos.tsv_q10.txt', 46.87736437650613), ('Unnamed: 0-SUMMARYCustomAlgos.tsv_mean.txt', 41.31929932524308), ('Unnamed: 0-SUMMARYCustomAlgos.tsv_min.txt', 30.14596952674844)]
L455	16052023--s--Lm--st--L455--p--F06--pos001--tm--24--ch--Syto9--z--21	L455	L634	[('Unnamed: 0-SUMMARYCustomAlgos.tsv_max.txt', 98.45465316059487), ('Unnamed: 0-SUMMARYCustomAlgos.tsv_median.txt', 48.938374164444234), ('Unnamed: 0-SUMMARYCustomAlgos.tsv_q10.txt', 40.3410579771854), ('Unnamed: 0-SUMMARYCustomAlgos.tsv_mean.txt', 38.71026212960607), ('Unnamed: 0-SUMMARYCustomAlgos.tsv_min.txt', 23.82099577547334)]
L455	16052023--s--Lm--st--L455--p--F06--pos002--tm--24--ch--Syto9--z--21	L455	L628	[('Unnamed: 0-SUMMARYCustomAlgos.tsv_max.txt', 74.78532454640796), ('Unnamed: 0-SUMMARYCustomAlgos.tsv_median.txt', 44.434581175639195), ('Unnamed: 0-SUMMARYCustomAlgos.tsv_mean.txt', 31.647286553964186), ('Unnamed: 0-SUMMARYCustomAlgos.tsv_q10.txt', 31.62665945581595), ('Unnamed: 0-SUMMARYCustomAlgos.tsv_min.txt', 23.509661117939864)]
L455	16052023--s--Lm--st--L455--p--F06--pos003--tm--24--ch--Syto9--z--21	L455	L628	[('Unnamed: 0-SUMMARYCustomAlgos.tsv_max.txt', 77.17123186050654), ('Unnamed: 0-SUMMARYCustomAlgos.tsv_median.txt', 43.39327750777015), ('Unnamed: 0-SUMMARYCustomAlgos.tsv_mean.txt', 34.3499086454186), ('Unnamed: 0-SUMMARYCustomAlgos.tsv_q10.txt', 28.71093686799635), ('Unnamed: 0-SUMMARYCustomAlgos.tsv_min.txt', 22.785016161110388)]
L455	16052023--s--Lm--st--L455--p--F06--pos004--tm--24--ch--Syto9--z--21	L455	L1323	[('Unnamed: 0-SUMMARYCustomAlgos.tsv_max.txt', 98.14734361646025), ('Unnamed: 0-SUMMARYCustomAlgos.tsv_median.txt', 85.3840127185455), ('Unnamed: 0-SUMMARYCustomAlgos.tsv_q10.txt', 45.81549269789275), ('Unnamed: 0-SUMMARYCustomAlgos.tsv_mean.txt', 41.71531426809052), ('Unnamed: 0-SUMMARYCustomAlgos.tsv_min.txt', 30.247601384279786)]
L455	16052023--s--Lm--st--L455--p--F06--pos005--tm--24--ch--Syto9--z--21	L455	L1323	[('Unnamed: 0-SUMMARYCustomAlgos.tsv_max.txt', 104.28218103175121), ('Unnamed: 0-SUMMARYCustomAlgos.tsv_median.txt', 89.00148566629045), ('Unnamed: 0-SUMMARYCustomAlgos.tsv_q10.txt', 47.107148543459616), ('Unnamed: 0-SUMMARYCustomAlgos.tsv_mean.txt', 44.90886899757185), ('Unnamed: 0-SUMMARYCustomAlgos.tsv_min.txt', 35.66186096301498)]
L455	16052023--s--Lm--st--L455--p--F07--pos001--tm--24--ch--Syto9--z--21	L455	L628	[('Unnamed: 0-SUMMARYCustomAlgos.tsv_max.txt', 75.0068992982738), ('Unnamed: 0-SUMMARYCustomAlgos.tsv_median.txt', 44.834385741337975), ('Unnamed: 0-SUMMARYCustomAlgos.tsv_mean.txt', 26.758386384987208), ('Unnamed: 0-SUMMARYCustomAlgos.tsv_min.txt', 25.851881295672747), ('Unnamed: 0-SUMMARYCustomAlgos.tsv_q10.txt', 23.142512234680176)]
L455	16052023--s--Lm--st--L455--p--F07--pos002--tm--24--ch--Syto9--z--21	L455	L394	[('Unnamed: 0-SUMMARYCustomAlgos.tsv_median.txt', 75.0499965402668), ('Unnamed: 0-SUMMARYCustomAlgos.tsv_max.txt', 67.67030125094183), ('Unnamed: 0-SUMMARYCustomAlgos.tsv_q10.txt', 41.3407471684377), ('Unnamed: 0-SUMMARYCustomAlgos.tsv_mean.txt', 41.08150959580552), ('Unnamed: 0-SUMMARYCustomAlgos.tsv_min.txt', 29.10422463995941)]
L455	16052023--s--Lm--st--L455--p--F07--pos003--tm--24--ch--Syto9--z--21	L455	L628	[('Unnamed: 0-SUMMARYCustomAlgos.tsv_max.txt', 86.48155173011496), ('Unnamed: 0-SUMMARYCustomAlgos.tsv_mean.txt', 83.90791608205846), ('Unnamed: 0-SUMMARYCustomAlgos.tsv_q10.txt', 35.438222589274105), ('Unnamed: 0-SUMMARYCustomAlgos.tsv_median.txt', 34.876058622568436), ('Unnamed: 0-SUMMARYCustomAlgos.tsv_min.txt', 19.58404616640101)]
L455	16052023--s--Lm--st--L455--p--F07--pos004--tm--24--ch--Syto9--z--21	L455	L1323	[('Unnamed: 0-SUMMARYCustomAlgos.tsv_max.txt', 104.55542585548936), ('Unnamed: 0-SUMMARYCustomAlgos.tsv_median.txt', 89.35539482760608), ('Unnamed: 0-SUMMARYCustomAlgos.tsv_q10.txt', 48.519184907056164), ('Unnamed: 0-SUMMARYCustomAlgos.tsv_mean.txt', 40.28476112212712), ('Unnamed: 0-SUMMARYCustomAlgos.tsv_min.txt', 33.46743689673199)]
L455	16052023--s--Lm--st--L455--p--F07--pos005--tm--24--ch--Syto9--z--21	L455	L1823	[('Unnamed: 0-SUMMARYCustomAlgos.tsv_max.txt', 57.52377244267768), ('Unnamed: 0-SUMMARYCustomAlgos.tsv_mean.txt', 55.817303355626144), ('Unnamed: 0-SUMMARYCustomAlgos.tsv_median.txt', 45.49798831836882), ('Unnamed: 0-SUMMARYCustomAlgos.tsv_q10.txt', 26.831512638258378), ('Unnamed: 0-SUMMARYCustomAlgos.tsv_min.txt', 25.438651462343238)]
L455	16052023--s--Lm--st--L455--p--G03--pos001--tm--24--ch--Syto9--z--21	L455	L1323	[('Unnamed: 0-SUMMARYCustomAlgos.tsv_max.txt', 277.184666165447), ('Unnamed: 0-SUMMARYCustomAlgos.tsv_mean.txt', 72.53394316028614), ('Unnamed: 0-SUMMARYCustomAlgos.tsv_q10.txt', 62.96946832977723), ('Unnamed: 0-SUMMARYCustomAlgos.tsv_min.txt', 14.869506331301785), ('Unnamed: 0-SUMMARYCustomAlgos.tsv_median.txt', 8.653571596080743)]
L455	16052023--s--Lm--st--L455--p--G03--pos002--tm--24--ch--Syto9--z--21	L455	L1323	[('Unnamed: 0-SUMMARYCustomAlgos.tsv_max.txt', 270.20432138042037), ('Unnamed: 0-SUMMARYCustomAlgos.tsv_q10.txt', 60.67489211748552), ('Unnamed: 0-SUMMARYCustomAlgos.tsv_mean.txt', 47.52800437084686), ('Unnamed: 0-SUMMARYCustomAlgos.tsv_median.txt', 11.736682730459828), ('Unnamed: 0-SUMMARYCustomAlgos.tsv_min.txt', 10.962079315978263)]
L455	16052023--s--Lm--st--L455--p--G03--pos003--tm--24--ch--Syto9--z--21	L455	19115	[('Unnamed: 0-SUMMARYCustomAlgos.tsv_max.txt', 292.1622771712629), ('Unnamed: 0-SUMMARYCustomAlgos.tsv_mean.txt', 114.61485495602612), ('Unnamed: 0-SUMMARYCustomAlgos.tsv_q10.txt', 75.96809373044114), ('Unnamed: 0-SUMMARYCustomAlgos.tsv_min.txt', 25.08309355452161), ('Unnamed: 0-SUMMARYCustomAlgos.tsv_median.txt', 9.053456774655778)]
L455	16052023--s--Lm--st--L455--p--G03--pos004--tm--24--ch--Syto9--z--21	L455	L1323	[('Unnamed: 0-SUMMARYCustomAlgos.tsv_max.txt', 271.4375260884408), ('Unnamed: 0-SUMMARYCustomAlgos.tsv_q10.txt', 62.64785059375346), ('Unnamed: 0-SUMMARYCustomAlgos.tsv_mean.txt', 47.4311966725723), ('Unnamed: 0-SUMMARYCustomAlgos.tsv_min.txt', 11.560906373033172), ('Unnamed: 0-SUMMARYCustomAlgos.tsv_median.txt', 10.747063440370667)]
L455	16052023--s--Lm--st--L455--p--G03--pos005--tm--24--ch--Syto9--z--21	L455	L1323	[('Unnamed: 0-SUMMARYCustomAlgos.tsv_max.txt', 311.8842342586177), ('Unnamed: 0-SUMMARYCustomAlgos.tsv_mean.txt', 82.4458039902662), ('Unnamed: 0-SUMMARYCustomAlgos.tsv_q10.txt', 63.09539585418544), ('Unnamed: 0-SUMMARYCustomAlgos.tsv_min.txt', 30.199068989289273), ('Unnamed: 0-SUMMARYCustomAlgos.tsv_median.txt', 8.421880853449442)]
L455	16052023--s--Lm--st--L455--p--G04--pos001--tm--24--ch--Syto9--z--21	L455	L1323	[('Unnamed: 0-SUMMARYCustomAlgos.tsv_mean.txt', 203.7764065117232), ('Unnamed: 0-SUMMARYCustomAlgos.tsv_min.txt', 193.0651513102261), ('Unnamed: 0-SUMMARYCustomAlgos.tsv_median.txt', 57.49892046191383), ('Unnamed: 0-SUMMARYCustomAlgos.tsv_max.txt', 51.58431842690464), ('Unnamed: 0-SUMMARYCustomAlgos.tsv_q10.txt', 41.98519240119083)]
L455	16052023--s--Lm--st--L455--p--G04--pos002--tm--24--ch--Syto9--z--21	L455	L1323	[('Unnamed: 0-SUMMARYCustomAlgos.tsv_mean.txt', 203.7764065117232), ('Unnamed: 0-SUMMARYCustomAlgos.tsv_min.txt', 193.0651513102261), ('Unnamed: 0-SUMMARYCustomAlgos.tsv_max.txt', 64.68611621031263), ('Unnamed: 0-SUMMARYCustomAlgos.tsv_median.txt', 57.49892046191383), ('Unnamed: 0-SUMMARYCustomAlgos.tsv_q10.txt', 41.98519240119083)]
L455	16052023--s--Lm--st--L455--p--G04--pos003--tm--24--ch--Syto9--z--21	L455	L394	[('Unnamed: 0-SUMMARYCustomAlgos.tsv_min.txt', 168.45924738373668), ('Unnamed: 0-SUMMARYCustomAlgos.tsv_mean.txt', 154.75598251945587), ('Unnamed: 0-SUMMARYCustomAlgos.tsv_max.txt', 70.10747828827387), ('Unnamed: 0-SUMMARYCustomAlgos.tsv_q10.txt', 49.88488499559402), ('Unnamed: 0-SUMMARYCustomAlgos.tsv_median.txt', 27.91792217694796)]
L455	16052023--s--Lm--st--L455--p--G04--pos004--tm--24--ch--Syto9--z--21	L455	L1323	[('Unnamed: 0-SUMMARYCustomAlgos.tsv_mean.txt', 202.61040381385), ('Unnamed: 0-SUMMARYCustomAlgos.tsv_min.txt', 192.102369376896), ('Unnamed: 0-SUMMARYCustomAlgos.tsv_median.txt', 57.367334313979846), ('Unnamed: 0-SUMMARYCustomAlgos.tsv_max.txt', 51.57183070749572), ('Unnamed: 0-SUMMARYCustomAlgos.tsv_q10.txt', 41.463753927344484)]
L455	16052023--s--Lm--st--L455--p--G04--pos005--tm--24--ch--Syto9--z--21	L455	L394	[('Unnamed: 0-SUMMARYCustomAlgos.tsv_min.txt', 150.81216613302806), ('Unnamed: 0-SUMMARYCustomAlgos.tsv_mean.txt', 136.10524054113026), ('Unnamed: 0-SUMMARYCustomAlgos.tsv_max.txt', 37.75755671653248), ('Unnamed: 0-SUMMARYCustomAlgos.tsv_median.txt', 35.699604105598766), ('Unnamed: 0-SUMMARYCustomAlgos.tsv_q10.txt', 34.473182943185634)]
L455	16052023--s--Lm--st--L455--p--G05--pos001--tm--24--ch--Syto9--z--21	L455	L394	[('Unnamed: 0-SUMMARYCustomAlgos.tsv_mean.txt', 159.9290028675918), ('Unnamed: 0-SUMMARYCustomAlgos.tsv_max.txt', 79.22846526161551), ('Unnamed: 0-SUMMARYCustomAlgos.tsv_min.txt', 62.449868265173876), ('Unnamed: 0-SUMMARYCustomAlgos.tsv_q10.txt', 23.707552117332934), ('Unnamed: 0-SUMMARYCustomAlgos.tsv_median.txt', 15.038376910589191)]
L455	16052023--s--Lm--st--L455--p--G05--pos002--tm--24--ch--Syto9--z--21	L455	L394	[('Unnamed: 0-SUMMARYCustomAlgos.tsv_mean.txt', 137.8940363040442), ('Unnamed: 0-SUMMARYCustomAlgos.tsv_max.txt', 47.94891122412931), ('Unnamed: 0-SUMMARYCustomAlgos.tsv_median.txt', 42.90916558116405), ('Unnamed: 0-SUMMARYCustomAlgos.tsv_min.txt', 31.711969338480014), ('Unnamed: 0-SUMMARYCustomAlgos.tsv_q10.txt', 23.364420365936432)]
L455	16052023--s--Lm--st--L455--p--G05--pos003--tm--24--ch--Syto9--z--21	L455	L1323	[('Unnamed: 0-SUMMARYCustomAlgos.tsv_mean.txt', 137.67506714000814), ('Unnamed: 0-SUMMARYCustomAlgos.tsv_min.txt', 116.36146503812733), ('Unnamed: 0-SUMMARYCustomAlgos.tsv_max.txt', 47.51710399085167), ('Unnamed: 0-SUMMARYCustomAlgos.tsv_q10.txt', 46.13741761908839), ('Unnamed: 0-SUMMARYCustomAlgos.tsv_median.txt', 33.13027133591924)]
L455	16052023--s--Lm--st--L455--p--G05--pos004--tm--24--ch--Syto9--z--21	L455	L1323	[('Unnamed: 0-SUMMARYCustomAlgos.tsv_mean.txt', 98.09594064423887), ('Unnamed: 0-SUMMARYCustomAlgos.tsv_min.txt', 70.29091774604169), ('Unnamed: 0-SUMMARYCustomAlgos.tsv_max.txt', 55.3878178745595), ('Unnamed: 0-SUMMARYCustomAlgos.tsv_q10.txt', 40.15573436536835), ('Unnamed: 0-SUMMARYCustomAlgos.tsv_median.txt', 38.23087485815335)]
L455	16052023--s--Lm--st--L455--p--G05--pos005--tm--24--ch--Syto9--z--21	L455	L1323	[('Unnamed: 0-SUMMARYCustomAlgos.tsv_mean.txt', 107.75853069378256), ('Unnamed: 0-SUMMARYCustomAlgos.tsv_min.txt', 104.0180486680461), ('Unnamed: 0-SUMMARYCustomAlgos.tsv_max.txt', 52.61496262108514), ('Unnamed: 0-SUMMARYCustomAlgos.tsv_q10.txt', 39.813997730099416), ('Unnamed: 0-SUMMARYCustomAlgos.tsv_median.txt', 32.62449834711059)]
L455	16052023--s--Lm--st--L455--p--G06--pos001--tm--24--ch--Syto9--z--21	L455	L628	[('Unnamed: 0-SUMMARYCustomAlgos.tsv_mean.txt', 61.117785639061374), ('Unnamed: 0-SUMMARYCustomAlgos.tsv_max.txt', 51.597748081455556), ('Unnamed: 0-SUMMARYCustomAlgos.tsv_q10.txt', 41.40337269469782), ('Unnamed: 0-SUMMARYCustomAlgos.tsv_median.txt', 32.78486480524813), ('Unnamed: 0-SUMMARYCustomAlgos.tsv_min.txt', 31.919945292711283)]
L455	16052023--s--Lm--st--L455--p--G06--pos002--tm--24--ch--Syto9--z--21	L455	L1323	[('Unnamed: 0-SUMMARYCustomAlgos.tsv_max.txt', 77.29643234661914), ('Unnamed: 0-SUMMARYCustomAlgos.tsv_median.txt', 41.1177161189504), ('Unnamed: 0-SUMMARYCustomAlgos.tsv_q10.txt', 28.04881279611604), ('Unnamed: 0-SUMMARYCustomAlgos.tsv_mean.txt', 22.19371573745489), ('Unnamed: 0-SUMMARYCustomAlgos.tsv_min.txt', 21.165617168657345)]
L455	16052023--s--Lm--st--L455--p--G06--pos003--tm--24--ch--Syto9--z--21	L455	L1323	[('Unnamed: 0-SUMMARYCustomAlgos.tsv_max.txt', 75.45953596778526), ('Unnamed: 0-SUMMARYCustomAlgos.tsv_median.txt', 40.14553663747646), ('Unnamed: 0-SUMMARYCustomAlgos.tsv_q10.txt', 28.44428126044634), ('Unnamed: 0-SUMMARYCustomAlgos.tsv_min.txt', 22.084934390941186), ('Unnamed: 0-SUMMARYCustomAlgos.tsv_mean.txt', 21.90774765908592)]
L455	16052023--s--Lm--st--L455--p--G06--pos004--tm--24--ch--Syto9--z--21	L455	L394	[('Unnamed: 0-SUMMARYCustomAlgos.tsv_max.txt', 78.08941408090976), ('Unnamed: 0-SUMMARYCustomAlgos.tsv_median.txt', 41.782784198301805), ('Unnamed: 0-SUMMARYCustomAlgos.tsv_q10.txt', 32.628638119956236), ('Unnamed: 0-SUMMARYCustomAlgos.tsv_mean.txt', 30.387626656273962), ('Unnamed: 0-SUMMARYCustomAlgos.tsv_min.txt', 30.11931641595533)]
L455	16052023--s--Lm--st--L455--p--G06--pos005--tm--24--ch--Syto9--z--21	L455	L634	[('Unnamed: 0-SUMMARYCustomAlgos.tsv_mean.txt', 138.80978851317352), ('Unnamed: 0-SUMMARYCustomAlgos.tsv_q10.txt', 48.25101247627894), ('Unnamed: 0-SUMMARYCustomAlgos.tsv_max.txt', 30.51081086750183), ('Unnamed: 0-SUMMARYCustomAlgos.tsv_min.txt', 24.288796723076292), ('Unnamed: 0-SUMMARYCustomAlgos.tsv_median.txt', 23.2130587260703)]
L455	16052023--s--Lm--st--L455--p--G07--pos001--tm--24--ch--Syto9--z--21	L455	L1823	[('Unnamed: 0-SUMMARYCustomAlgos.tsv_max.txt', 62.54519216578149), ('Unnamed: 0-SUMMARYCustomAlgos.tsv_mean.txt', 57.91528496372801), ('Unnamed: 0-SUMMARYCustomAlgos.tsv_median.txt', 46.79484116680075), ('Unnamed: 0-SUMMARYCustomAlgos.tsv_q10.txt', 30.58001218613688), ('Unnamed: 0-SUMMARYCustomAlgos.tsv_min.txt', 27.866676441723694)]
L455	16052023--s--Lm--st--L455--p--G07--pos002--tm--24--ch--Syto9--z--21	L455	L1823	[('Unnamed: 0-SUMMARYCustomAlgos.tsv_max.txt', 58.177433409396485), ('Unnamed: 0-SUMMARYCustomAlgos.tsv_median.txt', 43.14121150656927), ('Unnamed: 0-SUMMARYCustomAlgos.tsv_q10.txt', 34.13145616503582), ('Unnamed: 0-SUMMARYCustomAlgos.tsv_min.txt', 27.815583363708832), ('Unnamed: 0-SUMMARYCustomAlgos.tsv_mean.txt', 27.77523711409723)]
L455	16052023--s--Lm--st--L455--p--G07--pos003--tm--24--ch--Syto9--z--21	L455	L1323	[('Unnamed: 0-SUMMARYCustomAlgos.tsv_max.txt', 99.08121629947796), ('Unnamed: 0-SUMMARYCustomAlgos.tsv_median.txt', 87.30215185070595), ('Unnamed: 0-SUMMARYCustomAlgos.tsv_q10.txt', 46.549510893572965), ('Unnamed: 0-SUMMARYCustomAlgos.tsv_mean.txt', 37.24346004328283), ('Unnamed: 0-SUMMARYCustomAlgos.tsv_min.txt', 35.34156611429266)]
L455	16052023--s--Lm--st--L455--p--G07--pos004--tm--24--ch--Syto9--z--21	L455	L394	[('Unnamed: 0-SUMMARYCustomAlgos.tsv_median.txt', 75.4207919736528), ('Unnamed: 0-SUMMARYCustomAlgos.tsv_max.txt', 68.66763976803477), ('Unnamed: 0-SUMMARYCustomAlgos.tsv_mean.txt', 42.725487924352706), ('Unnamed: 0-SUMMARYCustomAlgos.tsv_q10.txt', 41.758962343705925), ('Unnamed: 0-SUMMARYCustomAlgos.tsv_min.txt', 27.112268712901415)]
L455	16052023--s--Lm--st--L455--p--G07--pos005--tm--24--ch--Syto9--z--21	L455	L634	[('Unnamed: 0-SUMMARYCustomAlgos.tsv_median.txt', 71.35871527660686), ('Unnamed: 0-SUMMARYCustomAlgos.tsv_max.txt', 64.2141896441305), ('Unnamed: 0-SUMMARYCustomAlgos.tsv_mean.txt', 50.86798439732697), ('Unnamed: 0-SUMMARYCustomAlgos.tsv_q10.txt', 35.73288043662732), ('Unnamed: 0-SUMMARYCustomAlgos.tsv_min.txt', 21.661870133290368)]
L394	18042023--s--Lm--st--L394--p--C03--pos001--tm--24--ch--Syto9--z--21	L394	L455	[('Unnamed: 0-SUMMARYCustomAlgos.tsv_q10.txt', 65.48770246147043), ('Unnamed: 0-SUMMARYCustomAlgos.tsv_mean.txt', 54.99107930796961), ('Unnamed: 0-SUMMARYCustomAlgos.tsv_median.txt', 38.68458098138762), ('Unnamed: 0-SUMMARYCustomAlgos.tsv_max.txt', 33.58782923432913), ('Unnamed: 0-SUMMARYCustomAlgos.tsv_min.txt', 33.08580587258109)]
L394	18042023--s--Lm--st--L394--p--C03--pos002--tm--24--ch--Syto9--z--21	L394	L455	[('Unnamed: 0-SUMMARYCustomAlgos.tsv_q10.txt', 100.66797741526103), ('Unnamed: 0-SUMMARYCustomAlgos.tsv_min.txt', 83.77286680580532), ('Unnamed: 0-SUMMARYCustomAlgos.tsv_mean.txt', 83.50947063851447), ('Unnamed: 0-SUMMARYCustomAlgos.tsv_max.txt', 38.01374798698369), ('Unnamed: 0-SUMMARYCustomAlgos.tsv_median.txt', 28.77094048096495)]
L394	18042023--s--Lm--st--L394--p--C03--pos003--tm--24--ch--Syto9--z--21	L394	L1823	[('Unnamed: 0-SUMMARYCustomAlgos.tsv_mean.txt', 112.88458215198901), ('Unnamed: 0-SUMMARYCustomAlgos.tsv_min.txt', 53.332757708816246), ('Unnamed: 0-SUMMARYCustomAlgos.tsv_max.txt', 35.746484035863254), ('Unnamed: 0-SUMMARYCustomAlgos.tsv_median.txt', 31.033343238502567), ('Unnamed: 0-SUMMARYCustomAlgos.tsv_q10.txt', 16.82576129466338)]
L394	18042023--s--Lm--st--L394--p--C03--pos005--tm--24--ch--Syto9--z--21	L394	L1823	[('Unnamed: 0-SUMMARYCustomAlgos.tsv_mean.txt', 185.62231990749837), ('Unnamed: 0-SUMMARYCustomAlgos.tsv_min.txt', 35.555086827875044), ('Unnamed: 0-SUMMARYCustomAlgos.tsv_max.txt', 22.973122980353683), ('Unnamed: 0-SUMMARYCustomAlgos.tsv_q10.txt', 20.762383224572172), ('Unnamed: 0-SUMMARYCustomAlgos.tsv_median.txt', 16.594415457653103)]
L394	18042023--s--Lm--st--L394--p--C04--pos003--tm--24--ch--Syto9--z--21	L394	L1323	[('Unnamed: 0-SUMMARYCustomAlgos.tsv_max.txt', 205.10368301976686), ('Unnamed: 0-SUMMARYCustomAlgos.tsv_mean.txt', 146.01039349794752), ('Unnamed: 0-SUMMARYCustomAlgos.tsv_median.txt', 55.547814680455396), ('Unnamed: 0-SUMMARYCustomAlgos.tsv_q10.txt', 54.35028219828941), ('Unnamed: 0-SUMMARYCustomAlgos.tsv_min.txt', 47.67455121871323)]
L394	18042023--s--Lm--st--L394--p--C04--pos004--tm--24--ch--Syto9--z--21	L394	L628	[('Unnamed: 0-SUMMARYCustomAlgos.tsv_mean.txt', 140.7867730486882), ('Unnamed: 0-SUMMARYCustomAlgos.tsv_min.txt', 37.747147462533896), ('Unnamed: 0-SUMMARYCustomAlgos.tsv_max.txt', 29.520221462651456), ('Unnamed: 0-SUMMARYCustomAlgos.tsv_q10.txt', 20.534894558333615), ('Unnamed: 0-SUMMARYCustomAlgos.tsv_median.txt', 20.16673140278332)]
L394	18042023--s--Lm--st--L394--p--C05--pos003--tm--24--ch--Syto9--z--21	L394	L455	[('Unnamed: 0-SUMMARYCustomAlgos.tsv_mean.txt', 126.29615986071427), ('Unnamed: 0-SUMMARYCustomAlgos.tsv_min.txt', 102.83233604062447), ('Unnamed: 0-SUMMARYCustomAlgos.tsv_q10.txt', 71.09667224500704), ('Unnamed: 0-SUMMARYCustomAlgos.tsv_max.txt', 46.713744117579175), ('Unnamed: 0-SUMMARYCustomAlgos.tsv_median.txt', 42.92856758911467)]
L394	18042023--s--Lm--st--L394--p--C05--pos005--tm--24--ch--Syto9--z--21	L394	L628	[('Unnamed: 0-SUMMARYCustomAlgos.tsv_max.txt', 112.21669823776828), ('Unnamed: 0-SUMMARYCustomAlgos.tsv_min.txt', 101.83031714121361), ('Unnamed: 0-SUMMARYCustomAlgos.tsv_mean.txt', 56.40646015027866), ('Unnamed: 0-SUMMARYCustomAlgos.tsv_median.txt', 40.7570471835907), ('Unnamed: 0-SUMMARYCustomAlgos.tsv_q10.txt', 24.409284763142843)]
L394	18042023--s--Lm--st--L394--p--C06--pos001--tm--24--ch--Syto9--z--21	L394	19115	[('Unnamed: 0-SUMMARYCustomAlgos.tsv_max.txt', 250.2375523766024), ('Unnamed: 0-SUMMARYCustomAlgos.tsv_mean.txt', 37.617364057943206), ('Unnamed: 0-SUMMARYCustomAlgos.tsv_median.txt', 28.219539277934437), ('Unnamed: 0-SUMMARYCustomAlgos.tsv_q10.txt', 20.018660694516704), ('Unnamed: 0-SUMMARYCustomAlgos.tsv_min.txt', 14.044950063043432)]
L394	18042023--s--Lm--st--L394--p--C06--pos002--tm--24--ch--Syto9--z--21	L394	L634	[('Unnamed: 0-SUMMARYCustomAlgos.tsv_max.txt', 405.0241463502943), ('Unnamed: 0-SUMMARYCustomAlgos.tsv_mean.txt', 133.17232923048525), ('Unnamed: 0-SUMMARYCustomAlgos.tsv_q10.txt', 25.816335719005934), ('Unnamed: 0-SUMMARYCustomAlgos.tsv_min.txt', 13.39272056459343), ('Unnamed: 0-SUMMARYCustomAlgos.tsv_median.txt', 8.169282868275676)]
L394	18042023--s--Lm--st--L394--p--C06--pos003--tm--24--ch--Syto9--z--21	L394	L628	[('Unnamed: 0-SUMMARYCustomAlgos.tsv_max.txt', 121.0785598196197), ('Unnamed: 0-SUMMARYCustomAlgos.tsv_min.txt', 109.36475985379255), ('Unnamed: 0-SUMMARYCustomAlgos.tsv_mean.txt', 75.48683801454654), ('Unnamed: 0-SUMMARYCustomAlgos.tsv_median.txt', 41.340308234335524), ('Unnamed: 0-SUMMARYCustomAlgos.tsv_q10.txt', 31.666113181721926)]
L394	18042023--s--Lm--st--L394--p--C06--pos005--tm--24--ch--Syto9--z--21	L394	L1764	[('Unnamed: 0-SUMMARYCustomAlgos.tsv_max.txt', 337.6181452198426), ('Unnamed: 0-SUMMARYCustomAlgos.tsv_mean.txt', 78.68998215255452), ('Unnamed: 0-SUMMARYCustomAlgos.tsv_median.txt', 38.30434194867687), ('Unnamed: 0-SUMMARYCustomAlgos.tsv_q10.txt', 29.774742657294688), ('Unnamed: 0-SUMMARYCustomAlgos.tsv_min.txt', 16.04612008614048)]
L394	18042023--s--Lm--st--L394--p--C07--pos001--tm--24--ch--Syto9--z--21	L394	L1764	[('Unnamed: 0-SUMMARYCustomAlgos.tsv_max.txt', 293.0034340229571), ('Unnamed: 0-SUMMARYCustomAlgos.tsv_mean.txt', 52.802943228512085), ('Unnamed: 0-SUMMARYCustomAlgos.tsv_median.txt', 47.93726231021146), ('Unnamed: 0-SUMMARYCustomAlgos.tsv_q10.txt', 34.356855713530294), ('Unnamed: 0-SUMMARYCustomAlgos.tsv_min.txt', 19.421838373993364)]
L394	18042023--s--Lm--st--L394--p--C07--pos003--tm--24--ch--Syto9--z--21	L394	L1764	[('Unnamed: 0-SUMMARYCustomAlgos.tsv_mean.txt', 149.25599013286086), ('Unnamed: 0-SUMMARYCustomAlgos.tsv_max.txt', 77.71696717988065), ('Unnamed: 0-SUMMARYCustomAlgos.tsv_q10.txt', 28.438092968892178), ('Unnamed: 0-SUMMARYCustomAlgos.tsv_min.txt', 6.390850263841762), ('Unnamed: 0-SUMMARYCustomAlgos.tsv_median.txt', 5.950370622280692)]
L394	18042023--s--Lm--st--L394--p--C07--pos004--tm--24--ch--Syto9--z--21	L394	L455	[('Unnamed: 0-SUMMARYCustomAlgos.tsv_min.txt', 130.95355259436246), ('Unnamed: 0-SUMMARYCustomAlgos.tsv_q10.txt', 100.52938133901786), ('Unnamed: 0-SUMMARYCustomAlgos.tsv_mean.txt', 79.95119230740364), ('Unnamed: 0-SUMMARYCustomAlgos.tsv_max.txt', 40.84453990151815), ('Unnamed: 0-SUMMARYCustomAlgos.tsv_median.txt', 30.309757507187303)]
L394	18042023--s--Lm--st--L394--p--C08--pos002--tm--24--ch--Syto9--z--21	L394	L1764	[('Unnamed: 0-SUMMARYCustomAlgos.tsv_max.txt', 336.29452543635233), ('Unnamed: 0-SUMMARYCustomAlgos.tsv_mean.txt', 78.58001981590833), ('Unnamed: 0-SUMMARYCustomAlgos.tsv_median.txt', 73.29380796578879), ('Unnamed: 0-SUMMARYCustomAlgos.tsv_q10.txt', 38.73913083272695), ('Unnamed: 0-SUMMARYCustomAlgos.tsv_min.txt', 24.49746753701868)]
L394	18042023--s--Lm--st--L394--p--C08--pos003--tm--24--ch--Syto9--z--21	L394	L628	[('Unnamed: 0-SUMMARYCustomAlgos.tsv_max.txt', 179.7038815947231), ('Unnamed: 0-SUMMARYCustomAlgos.tsv_min.txt', 82.927590233981), ('Unnamed: 0-SUMMARYCustomAlgos.tsv_mean.txt', 62.75907893116026), ('Unnamed: 0-SUMMARYCustomAlgos.tsv_median.txt', 48.93644389997517), ('Unnamed: 0-SUMMARYCustomAlgos.tsv_q10.txt', 31.123357413316143)]
L394	18042023--s--Lm--st--L394--p--C08--pos004--tm--24--ch--Syto9--z--21	L394	L628	[('Unnamed: 0-SUMMARYCustomAlgos.tsv_mean.txt', 105.0822996819491), ('Unnamed: 0-SUMMARYCustomAlgos.tsv_max.txt', 102.39602207512789), ('Unnamed: 0-SUMMARYCustomAlgos.tsv_min.txt', 80.49672339710114), ('Unnamed: 0-SUMMARYCustomAlgos.tsv_median.txt', 48.567020830322875), ('Unnamed: 0-SUMMARYCustomAlgos.tsv_q10.txt', 26.7159682040441)]
L394	18042023--s--Lm--st--L394--p--D04--pos002--tm--24--ch--Syto9--z--21	L394	L455	[('Unnamed: 0-SUMMARYCustomAlgos.tsv_min.txt', 136.87972830927595), ('Unnamed: 0-SUMMARYCustomAlgos.tsv_q10.txt', 103.01962645962543), ('Unnamed: 0-SUMMARYCustomAlgos.tsv_mean.txt', 76.76230040404874), ('Unnamed: 0-SUMMARYCustomAlgos.tsv_max.txt', 43.0521538755992), ('Unnamed: 0-SUMMARYCustomAlgos.tsv_median.txt', 27.90585247128291)]
L394	18042023--s--Lm--st--L394--p--D04--pos003--tm--24--ch--Syto9--z--21	L394	L1823	[('Unnamed: 0-SUMMARYCustomAlgos.tsv_mean.txt', 77.83193299612977), ('Unnamed: 0-SUMMARYCustomAlgos.tsv_q10.txt', 70.51834309229012), ('Unnamed: 0-SUMMARYCustomAlgos.tsv_min.txt', 22.99261799995516), ('Unnamed: 0-SUMMARYCustomAlgos.tsv_max.txt', 21.73592999675691), ('Unnamed: 0-SUMMARYCustomAlgos.tsv_median.txt', 15.824890923538575)]
L394	18042023--s--Lm--st--L394--p--D04--pos005--tm--24--ch--Syto9--z--21	L394	L1823	[('Unnamed: 0-SUMMARYCustomAlgos.tsv_q10.txt', 84.67431799528886), ('Unnamed: 0-SUMMARYCustomAlgos.tsv_mean.txt', 74.40911174460913), ('Unnamed: 0-SUMMARYCustomAlgos.tsv_min.txt', 51.51579723406592), ('Unnamed: 0-SUMMARYCustomAlgos.tsv_max.txt', 44.89204391691224), ('Unnamed: 0-SUMMARYCustomAlgos.tsv_median.txt', 21.766143092301636)]
L394	18042023--s--Lm--st--L394--p--D05--pos001--tm--24--ch--Syto9--z--21	L394	L1764	[('Unnamed: 0-SUMMARYCustomAlgos.tsv_max.txt', 184.66249691275078), ('Unnamed: 0-SUMMARYCustomAlgos.tsv_min.txt', 144.96866959626257), ('Unnamed: 0-SUMMARYCustomAlgos.tsv_mean.txt', 113.99515160439262), ('Unnamed: 0-SUMMARYCustomAlgos.tsv_median.txt', 67.91768164920643), ('Unnamed: 0-SUMMARYCustomAlgos.tsv_q10.txt', 28.071769090341416)]
L394	18042023--s--Lm--st--L394--p--D05--pos002--tm--24--ch--Syto9--z--21	L394	L1823	[('Unnamed: 0-SUMMARYCustomAlgos.tsv_mean.txt', 185.93228942005496), ('Unnamed: 0-SUMMARYCustomAlgos.tsv_min.txt', 38.33877117121441), ('Unnamed: 0-SUMMARYCustomAlgos.tsv_q10.txt', 26.38061890389225), ('Unnamed: 0-SUMMARYCustomAlgos.tsv_max.txt', 21.611743875254035), ('Unnamed: 0-SUMMARYCustomAlgos.tsv_median.txt', 20.930696290284395)]
L394	18042023--s--Lm--st--L394--p--D05--pos003--tm--24--ch--Syto9--z--21	L394	L628	[('Unnamed: 0-SUMMARYCustomAlgos.tsv_mean.txt', 197.8225466458575), ('Unnamed: 0-SUMMARYCustomAlgos.tsv_min.txt', 45.40118238390808), ('Unnamed: 0-SUMMARYCustomAlgos.tsv_q10.txt', 28.705941686119576), ('Unnamed: 0-SUMMARYCustomAlgos.tsv_median.txt', 28.532700408800103), ('Unnamed: 0-SUMMARYCustomAlgos.tsv_max.txt', 27.506861880398475)]
L394	18042023--s--Lm--st--L394--p--D05--pos004--tm--24--ch--Syto9--z--21	L394	L628	[('Unnamed: 0-SUMMARYCustomAlgos.tsv_mean.txt', 110.10851851721853), ('Unnamed: 0-SUMMARYCustomAlgos.tsv_q10.txt', 86.7321927829599), ('Unnamed: 0-SUMMARYCustomAlgos.tsv_min.txt', 26.326186219771373), ('Unnamed: 0-SUMMARYCustomAlgos.tsv_max.txt', 22.71510062018572), ('Unnamed: 0-SUMMARYCustomAlgos.tsv_median.txt', 14.622295141081773)]
L394	18042023--s--Lm--st--L394--p--D05--pos005--tm--24--ch--Syto9--z--21	L394	L1323	[('Unnamed: 0-SUMMARYCustomAlgos.tsv_max.txt', 224.76480226819717), ('Unnamed: 0-SUMMARYCustomAlgos.tsv_mean.txt', 147.1660314652285), ('Unnamed: 0-SUMMARYCustomAlgos.tsv_q10.txt', 54.43355525932742), ('Unnamed: 0-SUMMARYCustomAlgos.tsv_median.txt', 53.82408452910465), ('Unnamed: 0-SUMMARYCustomAlgos.tsv_min.txt', 47.93903105153869)]
L394	18042023--s--Lm--st--L394--p--D06--pos001--tm--24--ch--Syto9--z--21	L394	L628	[('Unnamed: 0-SUMMARYCustomAlgos.tsv_max.txt', 114.27302679363727), ('Unnamed: 0-SUMMARYCustomAlgos.tsv_min.txt', 108.72940996455854), ('Unnamed: 0-SUMMARYCustomAlgos.tsv_mean.txt', 56.55916200966746), ('Unnamed: 0-SUMMARYCustomAlgos.tsv_median.txt', 35.92403572893989), ('Unnamed: 0-SUMMARYCustomAlgos.tsv_q10.txt', 22.056279326839864)]
L394	18042023--s--Lm--st--L394--p--D06--pos002--tm--24--ch--Syto9--z--21	L394	L628	[('Unnamed: 0-SUMMARYCustomAlgos.tsv_max.txt', 116.84297308140047), ('Unnamed: 0-SUMMARYCustomAlgos.tsv_min.txt', 106.52317398032181), ('Unnamed: 0-SUMMARYCustomAlgos.tsv_mean.txt', 60.44789191183924), ('Unnamed: 0-SUMMARYCustomAlgos.tsv_median.txt', 39.88976036971767), ('Unnamed: 0-SUMMARYCustomAlgos.tsv_q10.txt', 22.97981258861758)]
L394	18042023--s--Lm--st--L394--p--D06--pos003--tm--24--ch--Syto9--z--21	L394	L455	[('Unnamed: 0-SUMMARYCustomAlgos.tsv_min.txt', 139.47023795660286), ('Unnamed: 0-SUMMARYCustomAlgos.tsv_q10.txt', 105.25156778778388), ('Unnamed: 0-SUMMARYCustomAlgos.tsv_mean.txt', 89.65229527165322), ('Unnamed: 0-SUMMARYCustomAlgos.tsv_max.txt', 45.04477239572982), ('Unnamed: 0-SUMMARYCustomAlgos.tsv_median.txt', 39.799635865011794)]
L394	18042023--s--Lm--st--L394--p--D06--pos004--tm--24--ch--Syto9--z--21	L394	L628	[('Unnamed: 0-SUMMARYCustomAlgos.tsv_mean.txt', 86.90114905292351), ('Unnamed: 0-SUMMARYCustomAlgos.tsv_q10.txt', 45.95747154892516), ('Unnamed: 0-SUMMARYCustomAlgos.tsv_max.txt', 44.20064825648659), ('Unnamed: 0-SUMMARYCustomAlgos.tsv_median.txt', 42.258348754049784), ('Unnamed: 0-SUMMARYCustomAlgos.tsv_min.txt', 32.228954011459585)]
L394	18042023--s--Lm--st--L394--p--D08--pos001--tm--24--ch--Syto9--z--21	L394	L628	[('Unnamed: 0-SUMMARYCustomAlgos.tsv_mean.txt', 62.21369611288711), ('Unnamed: 0-SUMMARYCustomAlgos.tsv_median.txt', 55.825507085953866), ('Unnamed: 0-SUMMARYCustomAlgos.tsv_min.txt', 52.94281700258174), ('Unnamed: 0-SUMMARYCustomAlgos.tsv_max.txt', 47.42304434987102), ('Unnamed: 0-SUMMARYCustomAlgos.tsv_q10.txt', 42.36071126142168)]
L394	18042023--s--Lm--st--L394--p--D08--pos002--tm--24--ch--Syto9--z--21	L394	L628	[('Unnamed: 0-SUMMARYCustomAlgos.tsv_mean.txt', 68.73661526391467), ('Unnamed: 0-SUMMARYCustomAlgos.tsv_median.txt', 62.78224645641129), ('Unnamed: 0-SUMMARYCustomAlgos.tsv_min.txt', 57.79643737097597), ('Unnamed: 0-SUMMARYCustomAlgos.tsv_max.txt', 48.92734834733551), ('Unnamed: 0-SUMMARYCustomAlgos.tsv_q10.txt', 43.240445473670036)]
L394	18042023--s--Lm--st--L394--p--D08--pos003--tm--24--ch--Syto9--z--21	L394	L1823	[('Unnamed: 0-SUMMARYCustomAlgos.tsv_mean.txt', 186.94572036442077), ('Unnamed: 0-SUMMARYCustomAlgos.tsv_min.txt', 35.20811189690481), ('Unnamed: 0-SUMMARYCustomAlgos.tsv_q10.txt', 18.36959082305757), ('Unnamed: 0-SUMMARYCustomAlgos.tsv_max.txt', 17.650037932911403), ('Unnamed: 0-SUMMARYCustomAlgos.tsv_median.txt', 15.41722153369447)]
L394	18042023--s--Lm--st--L394--p--D08--pos004--tm--24--ch--Syto9--z--21	L394	L1823	[('Unnamed: 0-SUMMARYCustomAlgos.tsv_mean.txt', 202.57710586004137), ('Unnamed: 0-SUMMARYCustomAlgos.tsv_min.txt', 36.30338455219454), ('Unnamed: 0-SUMMARYCustomAlgos.tsv_max.txt', 32.797003773653984), ('Unnamed: 0-SUMMARYCustomAlgos.tsv_median.txt', 26.627525575886242), ('Unnamed: 0-SUMMARYCustomAlgos.tsv_q10.txt', 20.10856445268078)]
L394	18042023--s--Lm--st--L394--p--D08--pos005--tm--24--ch--Syto9--z--21	L394	L1764	[('Unnamed: 0-SUMMARYCustomAlgos.tsv_median.txt', 74.61629482784268), ('Unnamed: 0-SUMMARYCustomAlgos.tsv_min.txt', 64.81818194993794), ('Unnamed: 0-SUMMARYCustomAlgos.tsv_mean.txt', 58.74608635464123), ('Unnamed: 0-SUMMARYCustomAlgos.tsv_q10.txt', 40.99458551275184), ('Unnamed: 0-SUMMARYCustomAlgos.tsv_max.txt', 34.441049661766364)]
L1323	18072023--s--Lm--st--L1323--p--B02--pos001--tm--24--ch--Syto9--z--21	L1323	L1823	[('Unnamed: 0-SUMMARYCustomAlgos.tsv_mean.txt', 81.82828085454057), ('Unnamed: 0-SUMMARYCustomAlgos.tsv_max.txt', 79.44202672113448), ('Unnamed: 0-SUMMARYCustomAlgos.tsv_q10.txt', 43.30142974459272), ('Unnamed: 0-SUMMARYCustomAlgos.tsv_min.txt', 42.92098561803489), ('Unnamed: 0-SUMMARYCustomAlgos.tsv_median.txt', 27.692120978484674)]
L1323	18072023--s--Lm--st--L1323--p--B02--pos002--tm--24--ch--Syto9--z--21	L1323	L1823	[('Unnamed: 0-SUMMARYCustomAlgos.tsv_max.txt', 81.24040805797962), ('Unnamed: 0-SUMMARYCustomAlgos.tsv_mean.txt', 73.83499836065268), ('Unnamed: 0-SUMMARYCustomAlgos.tsv_min.txt', 43.06146567212146), ('Unnamed: 0-SUMMARYCustomAlgos.tsv_q10.txt', 35.330751935873124), ('Unnamed: 0-SUMMARYCustomAlgos.tsv_median.txt', 31.81602430935105)]
L1323	18072023--s--Lm--st--L1323--p--B02--pos003--tm--24--ch--Syto9--z--21	L1323	L634	[('Unnamed: 0-SUMMARYCustomAlgos.tsv_mean.txt', 166.28980630510935), ('Unnamed: 0-SUMMARYCustomAlgos.tsv_q10.txt', 76.31208783686667), ('Unnamed: 0-SUMMARYCustomAlgos.tsv_median.txt', 52.41220553369242), ('Unnamed: 0-SUMMARYCustomAlgos.tsv_min.txt', 46.44991586656029), ('Unnamed: 0-SUMMARYCustomAlgos.tsv_max.txt', 43.09126751503474)]
L1323	18072023--s--Lm--st--L1323--p--B02--pos004--tm--24--ch--Syto9--z--21	L1323	L394	[('Unnamed: 0-SUMMARYCustomAlgos.tsv_mean.txt', 160.33106967967143), ('Unnamed: 0-SUMMARYCustomAlgos.tsv_q10.txt', 105.36556509821658), ('Unnamed: 0-SUMMARYCustomAlgos.tsv_max.txt', 79.60090156476141), ('Unnamed: 0-SUMMARYCustomAlgos.tsv_median.txt', 75.7300003592658), ('Unnamed: 0-SUMMARYCustomAlgos.tsv_min.txt', 21.991700387813783)]
L1323	18072023--s--Lm--st--L1323--p--B02--pos005--tm--24--ch--Syto9--z--21	L1323	19115	[('Unnamed: 0-SUMMARYCustomAlgos.tsv_max.txt', 164.20544248334667), ('Unnamed: 0-SUMMARYCustomAlgos.tsv_min.txt', 95.86217125610176), ('Unnamed: 0-SUMMARYCustomAlgos.tsv_mean.txt', 43.15358201479133), ('Unnamed: 0-SUMMARYCustomAlgos.tsv_q10.txt', 18.053086552616314), ('Unnamed: 0-SUMMARYCustomAlgos.tsv_median.txt', 8.447354392232144)]
L1323	18072023--s--Lm--st--L1323--p--B03--pos001--tm--24--ch--Syto9--z--21	L1323	L628	[('Unnamed: 0-SUMMARYCustomAlgos.tsv_max.txt', 49.88733929233492), ('Unnamed: 0-SUMMARYCustomAlgos.tsv_q10.txt', 49.284177012223), ('Unnamed: 0-SUMMARYCustomAlgos.tsv_median.txt', 41.81116512708687), ('Unnamed: 0-SUMMARYCustomAlgos.tsv_mean.txt', 41.6817162599901), ('Unnamed: 0-SUMMARYCustomAlgos.tsv_min.txt', 34.589651890952474)]
L1323	18072023--s--Lm--st--L1323--p--B03--pos002--tm--24--ch--Syto9--z--21	L1323	L455	[('Unnamed: 0-SUMMARYCustomAlgos.tsv_min.txt', 117.19703513877977), ('Unnamed: 0-SUMMARYCustomAlgos.tsv_mean.txt', 71.51500151502532), ('Unnamed: 0-SUMMARYCustomAlgos.tsv_q10.txt', 62.97658144337796), ('Unnamed: 0-SUMMARYCustomAlgos.tsv_max.txt', 48.96216653565807), ('Unnamed: 0-SUMMARYCustomAlgos.tsv_median.txt', 14.790984124565353)]
L1323	18072023--s--Lm--st--L1323--p--B03--pos003--tm--24--ch--Syto9--z--21	L1323	L634	[('Unnamed: 0-SUMMARYCustomAlgos.tsv_max.txt', 71.41326479753837), ('Unnamed: 0-SUMMARYCustomAlgos.tsv_mean.txt', 59.56467599469713), ('Unnamed: 0-SUMMARYCustomAlgos.tsv_q10.txt', 42.956637579355196), ('Unnamed: 0-SUMMARYCustomAlgos.tsv_min.txt', 42.22238266462288), ('Unnamed: 0-SUMMARYCustomAlgos.tsv_median.txt', 36.41572668778237)]
L1323	18072023--s--Lm--st--L1323--p--B03--pos004--tm--24--ch--Syto9--z--21	L1323	19115	[('Unnamed: 0-SUMMARYCustomAlgos.tsv_mean.txt', 165.5695872656463), ('Unnamed: 0-SUMMARYCustomAlgos.tsv_min.txt', 61.620040996354426), ('Unnamed: 0-SUMMARYCustomAlgos.tsv_q10.txt', 60.936726322071095), ('Unnamed: 0-SUMMARYCustomAlgos.tsv_median.txt', 39.102133537211735), ('Unnamed: 0-SUMMARYCustomAlgos.tsv_max.txt', 34.52657906705993)]
L1323	18072023--s--Lm--st--L1323--p--B04--pos001--tm--24--ch--Syto9--z--21	L1323	L394	[('Unnamed: 0-SUMMARYCustomAlgos.tsv_max.txt', 101.26539919546792), ('Unnamed: 0-SUMMARYCustomAlgos.tsv_mean.txt', 75.3536103997493), ('Unnamed: 0-SUMMARYCustomAlgos.tsv_median.txt', 63.9039520775849), ('Unnamed: 0-SUMMARYCustomAlgos.tsv_min.txt', 44.98739810834747), ('Unnamed: 0-SUMMARYCustomAlgos.tsv_q10.txt', 37.920850333719756)]
L1323	18072023--s--Lm--st--L1323--p--B04--pos002--tm--24--ch--Syto9--z--21	L1323	L634	[('Unnamed: 0-SUMMARYCustomAlgos.tsv_max.txt', 152.9162944480421), ('Unnamed: 0-SUMMARYCustomAlgos.tsv_mean.txt', 93.95454618350237), ('Unnamed: 0-SUMMARYCustomAlgos.tsv_min.txt', 81.09435428109005), ('Unnamed: 0-SUMMARYCustomAlgos.tsv_q10.txt', 25.718009904822807), ('Unnamed: 0-SUMMARYCustomAlgos.tsv_median.txt', 15.620845623299525)]
L1323	18072023--s--Lm--st--L1323--p--B04--pos003--tm--24--ch--Syto9--z--21	L1323	L394	[('Unnamed: 0-SUMMARYCustomAlgos.tsv_max.txt', 100.72407991568426), ('Unnamed: 0-SUMMARYCustomAlgos.tsv_mean.txt', 100.44185234555327), ('Unnamed: 0-SUMMARYCustomAlgos.tsv_q10.txt', 71.9473938727379), ('Unnamed: 0-SUMMARYCustomAlgos.tsv_median.txt', 53.48539222294588), ('Unnamed: 0-SUMMARYCustomAlgos.tsv_min.txt', 45.32810541076206)]
L1323	18072023--s--Lm--st--L1323--p--B04--pos004--tm--24--ch--Syto9--z--21	L1323	19115	[('Unnamed: 0-SUMMARYCustomAlgos.tsv_mean.txt', 145.62895193457686), ('Unnamed: 0-SUMMARYCustomAlgos.tsv_q10.txt', 97.75929777853314), ('Unnamed: 0-SUMMARYCustomAlgos.tsv_min.txt', 64.80114839202832), ('Unnamed: 0-SUMMARYCustomAlgos.tsv_max.txt', 41.63621202259062), ('Unnamed: 0-SUMMARYCustomAlgos.tsv_median.txt', 37.74325402543993)]
L1323	18072023--s--Lm--st--L1323--p--B05--pos001--tm--24--ch--Syto9--z--21	L1323	L1764	[('Unnamed: 0-SUMMARYCustomAlgos.tsv_max.txt', 139.0011387433535), ('Unnamed: 0-SUMMARYCustomAlgos.tsv_mean.txt', 121.26648368159907), ('Unnamed: 0-SUMMARYCustomAlgos.tsv_min.txt', 61.98093526265148), ('Unnamed: 0-SUMMARYCustomAlgos.tsv_median.txt', 25.393958000811025), ('Unnamed: 0-SUMMARYCustomAlgos.tsv_q10.txt', 25.219951701292622)]
L1323	18072023--s--Lm--st--L1323--p--B05--pos002--tm--24--ch--Syto9--z--21	L1323	L628	[('Unnamed: 0-SUMMARYCustomAlgos.tsv_max.txt', 120.19667507589322), ('Unnamed: 0-SUMMARYCustomAlgos.tsv_min.txt', 106.54276718897552), ('Unnamed: 0-SUMMARYCustomAlgos.tsv_mean.txt', 72.14795331732668), ('Unnamed: 0-SUMMARYCustomAlgos.tsv_q10.txt', 23.325819064872586), ('Unnamed: 0-SUMMARYCustomAlgos.tsv_median.txt', 15.052952291816991)]
L1323	18072023--s--Lm--st--L1323--p--B05--pos003--tm--24--ch--Syto9--z--21	L1323	L455	[('Unnamed: 0-SUMMARYCustomAlgos.tsv_mean.txt', 77.09783018152099), ('Unnamed: 0-SUMMARYCustomAlgos.tsv_q10.txt', 42.78567510938165), ('Unnamed: 0-SUMMARYCustomAlgos.tsv_median.txt', 35.464813591365576), ('Unnamed: 0-SUMMARYCustomAlgos.tsv_min.txt', 32.85788989188124), ('Unnamed: 0-SUMMARYCustomAlgos.tsv_max.txt', 28.706520461125738)]
L1323	18072023--s--Lm--st--L1323--p--B05--pos004--tm--24--ch--Syto9--z--21	L1323	L455	[('Unnamed: 0-SUMMARYCustomAlgos.tsv_q10.txt', 66.4325352620763), ('Unnamed: 0-SUMMARYCustomAlgos.tsv_max.txt', 66.10572299761931), ('Unnamed: 0-SUMMARYCustomAlgos.tsv_mean.txt', 62.42566700672109), ('Unnamed: 0-SUMMARYCustomAlgos.tsv_median.txt', 34.201674439739115), ('Unnamed: 0-SUMMARYCustomAlgos.tsv_min.txt', 28.77422288662221)]
L1323	18072023--s--Lm--st--L1323--p--B05--pos005--tm--24--ch--Syto9--z--21	L1323	L455	[('Unnamed: 0-SUMMARYCustomAlgos.tsv_mean.txt', 224.10545820568916), ('Unnamed: 0-SUMMARYCustomAlgos.tsv_min.txt', 99.40940335370158), ('Unnamed: 0-SUMMARYCustomAlgos.tsv_max.txt', 64.10442176025099), ('Unnamed: 0-SUMMARYCustomAlgos.tsv_q10.txt', 48.94409581388306), ('Unnamed: 0-SUMMARYCustomAlgos.tsv_median.txt', 38.17157777323418)]
L1323	18072023--s--Lm--st--L1323--p--B06--pos002--tm--24--ch--Syto9--z--21	L1323	19115	[('Unnamed: 0-SUMMARYCustomAlgos.tsv_max.txt', 188.4653187491315), ('Unnamed: 0-SUMMARYCustomAlgos.tsv_mean.txt', 103.09921132442625), ('Unnamed: 0-SUMMARYCustomAlgos.tsv_q10.txt', 34.1934023698306), ('Unnamed: 0-SUMMARYCustomAlgos.tsv_min.txt', 32.516834768340985), ('Unnamed: 0-SUMMARYCustomAlgos.tsv_median.txt', 25.780636204220926)]
L1323	18072023--s--Lm--st--L1323--p--B06--pos004--tm--24--ch--Syto9--z--21	L1323	19115	[('Unnamed: 0-SUMMARYCustomAlgos.tsv_mean.txt', 138.2073570893604), ('Unnamed: 0-SUMMARYCustomAlgos.tsv_q10.txt', 100.89614702461785), ('Unnamed: 0-SUMMARYCustomAlgos.tsv_min.txt', 59.475024092169164), ('Unnamed: 0-SUMMARYCustomAlgos.tsv_max.txt', 42.29278883136184), ('Unnamed: 0-SUMMARYCustomAlgos.tsv_median.txt', 35.6186755614173)]
L1323	18072023--s--Lm--st--L1323--p--B06--pos005--tm--24--ch--Syto9--z--21	L1323	L394	[('Unnamed: 0-SUMMARYCustomAlgos.tsv_max.txt', 172.91507928083166), ('Unnamed: 0-SUMMARYCustomAlgos.tsv_mean.txt', 106.09048250312298), ('Unnamed: 0-SUMMARYCustomAlgos.tsv_min.txt', 57.78461383433286), ('Unnamed: 0-SUMMARYCustomAlgos.tsv_median.txt', 24.052527673888118), ('Unnamed: 0-SUMMARYCustomAlgos.tsv_q10.txt', 21.528754099702784)]
L1323	18072023--s--Lm--st--L1323--p--B07--pos001--tm--24--ch--Syto9--z--21	L1323	L394	[('Unnamed: 0-SUMMARYCustomAlgos.tsv_mean.txt', 199.93600558660813), ('Unnamed: 0-SUMMARYCustomAlgos.tsv_median.txt', 87.86451558379956), ('Unnamed: 0-SUMMARYCustomAlgos.tsv_q10.txt', 80.81156425662319), ('Unnamed: 0-SUMMARYCustomAlgos.tsv_min.txt', 70.73401459146905), ('Unnamed: 0-SUMMARYCustomAlgos.tsv_max.txt', 54.412897494907604)]
L1323	18072023--s--Lm--st--L1323--p--B07--pos002--tm--24--ch--Syto9--z--21	L1323	L634	[('Unnamed: 0-SUMMARYCustomAlgos.tsv_max.txt', 61.34032081359299), ('Unnamed: 0-SUMMARYCustomAlgos.tsv_q10.txt', 58.455991609674044), ('Unnamed: 0-SUMMARYCustomAlgos.tsv_mean.txt', 57.74170550225274), ('Unnamed: 0-SUMMARYCustomAlgos.tsv_median.txt', 37.98072167773233), ('Unnamed: 0-SUMMARYCustomAlgos.tsv_min.txt', 28.839944178909352)]
L1323	18072023--s--Lm--st--L1323--p--B07--pos003--tm--24--ch--Syto9--z--21	L1323	L1823	[('Unnamed: 0-SUMMARYCustomAlgos.tsv_mean.txt', 114.50308149608982), ('Unnamed: 0-SUMMARYCustomAlgos.tsv_min.txt', 47.104787533505096), ('Unnamed: 0-SUMMARYCustomAlgos.tsv_median.txt', 41.76333579470658), ('Unnamed: 0-SUMMARYCustomAlgos.tsv_max.txt', 35.7118124341902), ('Unnamed: 0-SUMMARYCustomAlgos.tsv_q10.txt', 23.462912581262724)]
L1323	18072023--s--Lm--st--L1323--p--B07--pos004--tm--24--ch--Syto9--z--21	L1323	L1823	[('Unnamed: 0-SUMMARYCustomAlgos.tsv_mean.txt', 126.56842758400137), ('Unnamed: 0-SUMMARYCustomAlgos.tsv_max.txt', 91.59794195466938), ('Unnamed: 0-SUMMARYCustomAlgos.tsv_median.txt', 52.785385318749974), ('Unnamed: 0-SUMMARYCustomAlgos.tsv_min.txt', 46.87935200573833), ('Unnamed: 0-SUMMARYCustomAlgos.tsv_q10.txt', 21.776110526660027)]
L1323	18072023--s--Lm--st--L1323--p--B07--pos005--tm--24--ch--Syto9--z--21	L1323	L394	[('Unnamed: 0-SUMMARYCustomAlgos.tsv_mean.txt', 158.83731193321378), ('Unnamed: 0-SUMMARYCustomAlgos.tsv_q10.txt', 109.18923383106736), ('Unnamed: 0-SUMMARYCustomAlgos.tsv_median.txt', 78.7064998278241), ('Unnamed: 0-SUMMARYCustomAlgos.tsv_max.txt', 60.096238621049615), ('Unnamed: 0-SUMMARYCustomAlgos.tsv_min.txt', 19.754802459430664)]
L1323	18072023--s--Lm--st--L1323--p--B08--pos001--tm--24--ch--Syto9--z--21	L1323	L1823	[('Unnamed: 0-SUMMARYCustomAlgos.tsv_max.txt', 70.18350941181872), ('Unnamed: 0-SUMMARYCustomAlgos.tsv_q10.txt', 41.44783408027754), ('Unnamed: 0-SUMMARYCustomAlgos.tsv_min.txt', 41.12120473324306), ('Unnamed: 0-SUMMARYCustomAlgos.tsv_mean.txt', 38.48440694913444), ('Unnamed: 0-SUMMARYCustomAlgos.tsv_median.txt', 19.88001759639964)]
L1323	18072023--s--Lm--st--L1323--p--B08--pos002--tm--24--ch--Syto9--z--21	L1323	L455	[('Unnamed: 0-SUMMARYCustomAlgos.tsv_mean.txt', 105.63932508178713), ('Unnamed: 0-SUMMARYCustomAlgos.tsv_max.txt', 50.963123631820395), ('Unnamed: 0-SUMMARYCustomAlgos.tsv_median.txt', 45.67850440623772), ('Unnamed: 0-SUMMARYCustomAlgos.tsv_min.txt', 40.16563493923439), ('Unnamed: 0-SUMMARYCustomAlgos.tsv_q10.txt', 25.02350062117087)]
L1323	18072023--s--Lm--st--L1323--p--B08--pos003--tm--24--ch--Syto9--z--21	L1323	L394	[('Unnamed: 0-SUMMARYCustomAlgos.tsv_mean.txt', 199.99148110161758), ('Unnamed: 0-SUMMARYCustomAlgos.tsv_median.txt', 91.50352557845284), ('Unnamed: 0-SUMMARYCustomAlgos.tsv_max.txt', 66.84215434674957), ('Unnamed: 0-SUMMARYCustomAlgos.tsv_q10.txt', 65.31800452292556), ('Unnamed: 0-SUMMARYCustomAlgos.tsv_min.txt', 60.64563186040053)]
L1323	18072023--s--Lm--st--L1323--p--B08--pos004--tm--24--ch--Syto9--z--21	L1323	L1823	[('Unnamed: 0-SUMMARYCustomAlgos.tsv_mean.txt', 122.42450194145334), ('Unnamed: 0-SUMMARYCustomAlgos.tsv_max.txt', 67.97999717980518), ('Unnamed: 0-SUMMARYCustomAlgos.tsv_median.txt', 40.01093877465371), ('Unnamed: 0-SUMMARYCustomAlgos.tsv_min.txt', 36.330281760783905), ('Unnamed: 0-SUMMARYCustomAlgos.tsv_q10.txt', 31.965391916842485)]
L1323	18072023--s--Lm--st--L1323--p--B08--pos005--tm--24--ch--Syto9--z--21	L1323	L628	[('Unnamed: 0-SUMMARYCustomAlgos.tsv_max.txt', 64.10639016804267), ('Unnamed: 0-SUMMARYCustomAlgos.tsv_mean.txt', 55.41287748640596), ('Unnamed: 0-SUMMARYCustomAlgos.tsv_q10.txt', 48.60392633910012), ('Unnamed: 0-SUMMARYCustomAlgos.tsv_min.txt', 44.70529900594442), ('Unnamed: 0-SUMMARYCustomAlgos.tsv_median.txt', 27.00515411506162)]
L1323	18072023--s--Lm--st--L1323--p--B09--pos001--tm--24--ch--Syto9--z--21	L1323	L455	[('Unnamed: 0-SUMMARYCustomAlgos.tsv_mean.txt', 81.78759062231458), ('Unnamed: 0-SUMMARYCustomAlgos.tsv_max.txt', 70.69064813681712), ('Unnamed: 0-SUMMARYCustomAlgos.tsv_median.txt', 51.911011008257624), ('Unnamed: 0-SUMMARYCustomAlgos.tsv_min.txt', 41.913894218628656), ('Unnamed: 0-SUMMARYCustomAlgos.tsv_q10.txt', 27.129914893099816)]
L1323	18072023--s--Lm--st--L1323--p--B09--pos002--tm--24--ch--Syto9--z--21	L1323	19115	[('Unnamed: 0-SUMMARYCustomAlgos.tsv_max.txt', 153.25338113344347), ('Unnamed: 0-SUMMARYCustomAlgos.tsv_min.txt', 46.56031978026412), ('Unnamed: 0-SUMMARYCustomAlgos.tsv_mean.txt', 38.96907688312503), ('Unnamed: 0-SUMMARYCustomAlgos.tsv_q10.txt', 17.26776177351214), ('Unnamed: 0-SUMMARYCustomAlgos.tsv_median.txt', 11.53084440525954)]
L1323	18072023--s--Lm--st--L1323--p--B09--pos003--tm--24--ch--Syto9--z--21	L1323	L455	[('Unnamed: 0-SUMMARYCustomAlgos.tsv_mean.txt', 127.0289544148739), ('Unnamed: 0-SUMMARYCustomAlgos.tsv_q10.txt', 93.80715319354368), ('Unnamed: 0-SUMMARYCustomAlgos.tsv_median.txt', 51.135117168999514), ('Unnamed: 0-SUMMARYCustomAlgos.tsv_max.txt', 41.59951990222248), ('Unnamed: 0-SUMMARYCustomAlgos.tsv_min.txt', 36.65231748828541)]
L1323	18072023--s--Lm--st--L1323--p--B09--pos004--tm--24--ch--Syto9--z--21	L1323	L394	[('Unnamed: 0-SUMMARYCustomAlgos.tsv_mean.txt', 198.17880057260223), ('Unnamed: 0-SUMMARYCustomAlgos.tsv_median.txt', 86.66889462271992), ('Unnamed: 0-SUMMARYCustomAlgos.tsv_q10.txt', 76.20257687992844), ('Unnamed: 0-SUMMARYCustomAlgos.tsv_max.txt', 55.15090584731269), ('Unnamed: 0-SUMMARYCustomAlgos.tsv_min.txt', 50.760761641756794)]
L1323	18072023--s--Lm--st--L1323--p--B09--pos005--tm--24--ch--Syto9--z--21	L1323	L628	[('Unnamed: 0-SUMMARYCustomAlgos.tsv_mean.txt', 115.47469708082886), ('Unnamed: 0-SUMMARYCustomAlgos.tsv_max.txt', 81.67626629315369), ('Unnamed: 0-SUMMARYCustomAlgos.tsv_q10.txt', 37.151225948312195), ('Unnamed: 0-SUMMARYCustomAlgos.tsv_min.txt', 36.805155985253094), ('Unnamed: 0-SUMMARYCustomAlgos.tsv_median.txt', 29.129325784822584)]
L1323	18072023--s--Lm--st--L1323--p--B10--pos001--tm--24--ch--Syto9--z--21	L1323	L1823	[('Unnamed: 0-SUMMARYCustomAlgos.tsv_max.txt', 73.91056842527544), ('Unnamed: 0-SUMMARYCustomAlgos.tsv_q10.txt', 40.162256693971486), ('Unnamed: 0-SUMMARYCustomAlgos.tsv_min.txt', 31.243657386727218), ('Unnamed: 0-SUMMARYCustomAlgos.tsv_mean.txt', 31.08052699401292), ('Unnamed: 0-SUMMARYCustomAlgos.tsv_median.txt', 28.558637133012503)]
L1323	18072023--s--Lm--st--L1323--p--B10--pos002--tm--24--ch--Syto9--z--21	L1323	L1823	[('Unnamed: 0-SUMMARYCustomAlgos.tsv_max.txt', 68.03414124928658), ('Unnamed: 0-SUMMARYCustomAlgos.tsv_q10.txt', 37.05805749215672), ('Unnamed: 0-SUMMARYCustomAlgos.tsv_median.txt', 29.36284606547107), ('Unnamed: 0-SUMMARYCustomAlgos.tsv_min.txt', 28.856124130961835), ('Unnamed: 0-SUMMARYCustomAlgos.tsv_mean.txt', 23.155442956955532)]
L1323	18072023--s--Lm--st--L1323--p--B10--pos003--tm--24--ch--Syto9--z--21	L1323	L634	[('Unnamed: 0-SUMMARYCustomAlgos.tsv_mean.txt', 205.16828113983968), ('Unnamed: 0-SUMMARYCustomAlgos.tsv_min.txt', 71.76073550372213), ('Unnamed: 0-SUMMARYCustomAlgos.tsv_q10.txt', 68.40751098222044), ('Unnamed: 0-SUMMARYCustomAlgos.tsv_median.txt', 65.63169087742651), ('Unnamed: 0-SUMMARYCustomAlgos.tsv_max.txt', 39.632323879307116)]
L1323	18072023--s--Lm--st--L1323--p--B10--pos004--tm--24--ch--Syto9--z--21	L1323	L634	[('Unnamed: 0-SUMMARYCustomAlgos.tsv_mean.txt', 143.28188820265703), ('Unnamed: 0-SUMMARYCustomAlgos.tsv_q10.txt', 87.58368466225454), ('Unnamed: 0-SUMMARYCustomAlgos.tsv_median.txt', 57.47214499218703), ('Unnamed: 0-SUMMARYCustomAlgos.tsv_min.txt', 36.274807980158066), ('Unnamed: 0-SUMMARYCustomAlgos.tsv_max.txt', 32.93953593963655)]
L1323	18072023--s--Lm--st--L1323--p--B10--pos005--tm--24--ch--Syto9--z--21	L1323	L455	[('Unnamed: 0-SUMMARYCustomAlgos.tsv_max.txt', 69.98601897404427), ('Unnamed: 0-SUMMARYCustomAlgos.tsv_mean.txt', 49.69383008584483), ('Unnamed: 0-SUMMARYCustomAlgos.tsv_q10.txt', 44.97617580953741), ('Unnamed: 0-SUMMARYCustomAlgos.tsv_min.txt', 31.954462172803495), ('Unnamed: 0-SUMMARYCustomAlgos.tsv_median.txt', 30.648784930955337)]
L1323	18072023--s--Lm--st--L1323--p--B11--pos001--tm--24--ch--Syto9--z--21	L1323	L394	[('Unnamed: 0-SUMMARYCustomAlgos.tsv_mean.txt', 141.689792552886), ('Unnamed: 0-SUMMARYCustomAlgos.tsv_max.txt', 86.98617590273946), ('Unnamed: 0-SUMMARYCustomAlgos.tsv_median.txt', 33.364768646683856), ('Unnamed: 0-SUMMARYCustomAlgos.tsv_min.txt', 31.59389914341017), ('Unnamed: 0-SUMMARYCustomAlgos.tsv_q10.txt', 25.969693489633208)]
L1323	18072023--s--Lm--st--L1323--p--B11--pos002--tm--24--ch--Syto9--z--21	L1323	19115	[('Unnamed: 0-SUMMARYCustomAlgos.tsv_max.txt', 185.89977780759457), ('Unnamed: 0-SUMMARYCustomAlgos.tsv_mean.txt', 114.48448918884783), ('Unnamed: 0-SUMMARYCustomAlgos.tsv_q10.txt', 37.70593552473028), ('Unnamed: 0-SUMMARYCustomAlgos.tsv_min.txt', 33.61136098915019), ('Unnamed: 0-SUMMARYCustomAlgos.tsv_median.txt', 28.619392475018614)]
L1323	18072023--s--Lm--st--L1323--p--B11--pos003--tm--24--ch--Syto9--z--21	L1323	L394	[('Unnamed: 0-SUMMARYCustomAlgos.tsv_mean.txt', 200.0222386085022), ('Unnamed: 0-SUMMARYCustomAlgos.tsv_median.txt', 87.86451558379956), ('Unnamed: 0-SUMMARYCustomAlgos.tsv_q10.txt', 80.87231296707115), ('Unnamed: 0-SUMMARYCustomAlgos.tsv_min.txt', 69.87796542884087), ('Unnamed: 0-SUMMARYCustomAlgos.tsv_max.txt', 54.412897494907604)]
L1323	18072023--s--Lm--st--L1323--p--B11--pos004--tm--24--ch--Syto9--z--21	L1323	L455	[('Unnamed: 0-SUMMARYCustomAlgos.tsv_mean.txt', 131.33695924216082), ('Unnamed: 0-SUMMARYCustomAlgos.tsv_q10.txt', 92.95955771189907), ('Unnamed: 0-SUMMARYCustomAlgos.tsv_median.txt', 52.52493187831167), ('Unnamed: 0-SUMMARYCustomAlgos.tsv_max.txt', 41.679731543460235), ('Unnamed: 0-SUMMARYCustomAlgos.tsv_min.txt', 35.575389186011314)]
L1323	18072023--s--Lm--st--L1323--p--B11--pos005--tm--24--ch--Syto9--z--21	L1323	19115	[('Unnamed: 0-SUMMARYCustomAlgos.tsv_max.txt', 70.74337074872984), ('Unnamed: 0-SUMMARYCustomAlgos.tsv_median.txt', 45.95668136205589), ('Unnamed: 0-SUMMARYCustomAlgos.tsv_mean.txt', 38.87127804473214), ('Unnamed: 0-SUMMARYCustomAlgos.tsv_q10.txt', 33.572585143855214), ('Unnamed: 0-SUMMARYCustomAlgos.tsv_min.txt', 29.654684095873037)]
L1823	18072023--s--Lm--st--L1823--p--E02--pos001--tm--24--ch--Syto9--z--21	L1823	L394	[('Unnamed: 0-SUMMARYCustomAlgos.tsv_max.txt', 308.775179862668), ('Unnamed: 0-SUMMARYCustomAlgos.tsv_mean.txt', 24.83684692593359), ('Unnamed: 0-SUMMARYCustomAlgos.tsv_min.txt', 19.209237135655286), ('Unnamed: 0-SUMMARYCustomAlgos.tsv_median.txt', 5.759337042515094), ('Unnamed: 0-SUMMARYCustomAlgos.tsv_q10.txt', 5.453250450693114)]
L1823	18072023--s--Lm--st--L1823--p--E02--pos002--tm--24--ch--Syto9--z--21	L1823	L1323	[('Unnamed: 0-SUMMARYCustomAlgos.tsv_max.txt', 52.49227145084368), ('Unnamed: 0-SUMMARYCustomAlgos.tsv_mean.txt', 30.0697152534147), ('Unnamed: 0-SUMMARYCustomAlgos.tsv_median.txt', 28.847402966605177), ('Unnamed: 0-SUMMARYCustomAlgos.tsv_min.txt', 24.35805144248375), ('Unnamed: 0-SUMMARYCustomAlgos.tsv_q10.txt', 19.913314026127296)]
L1823	18072023--s--Lm--st--L1823--p--E02--pos003--tm--24--ch--Syto9--z--21	L1823	L455	[('Unnamed: 0-SUMMARYCustomAlgos.tsv_max.txt', 49.389451991533235), ('Unnamed: 0-SUMMARYCustomAlgos.tsv_mean.txt', 32.04149882441743), ('Unnamed: 0-SUMMARYCustomAlgos.tsv_median.txt', 27.081860782209237), ('Unnamed: 0-SUMMARYCustomAlgos.tsv_q10.txt', 26.3624318507029), ('Unnamed: 0-SUMMARYCustomAlgos.tsv_min.txt', 20.45323887128999)]
L1823	18072023--s--Lm--st--L1823--p--E02--pos004--tm--24--ch--Syto9--z--21	L1823	19115	[('Unnamed: 0-SUMMARYCustomAlgos.tsv_max.txt', 74.25683898176983), ('Unnamed: 0-SUMMARYCustomAlgos.tsv_min.txt', 35.22020649422925), ('Unnamed: 0-SUMMARYCustomAlgos.tsv_mean.txt', 31.5135755612979), ('Unnamed: 0-SUMMARYCustomAlgos.tsv_q10.txt', 28.738732828179405), ('Unnamed: 0-SUMMARYCustomAlgos.tsv_median.txt', 21.337400608607982)]
L1823	18072023--s--Lm--st--L1823--p--E02--pos005--tm--24--ch--Syto9--z--21	L1823	L455	[('Unnamed: 0-SUMMARYCustomAlgos.tsv_max.txt', 45.44607933662794), ('Unnamed: 0-SUMMARYCustomAlgos.tsv_mean.txt', 29.77018185420083), ('Unnamed: 0-SUMMARYCustomAlgos.tsv_median.txt', 26.48887662512282), ('Unnamed: 0-SUMMARYCustomAlgos.tsv_q10.txt', 24.115778382679427), ('Unnamed: 0-SUMMARYCustomAlgos.tsv_min.txt', 16.59701469278378)]
L1823	18072023--s--Lm--st--L1823--p--E03--pos002--tm--24--ch--Syto9--z--21	L1823	L628	[('Unnamed: 0-SUMMARYCustomAlgos.tsv_max.txt', 52.85802572040263), ('Unnamed: 0-SUMMARYCustomAlgos.tsv_min.txt', 33.3555889779759), ('Unnamed: 0-SUMMARYCustomAlgos.tsv_q10.txt', 27.36272161866637), ('Unnamed: 0-SUMMARYCustomAlgos.tsv_mean.txt', 25.15904001411087), ('Unnamed: 0-SUMMARYCustomAlgos.tsv_median.txt', 24.291716269297865)]
L1823	18072023--s--Lm--st--L1823--p--E03--pos003--tm--24--ch--Syto9--z--21	L1823	L394	[('Unnamed: 0-SUMMARYCustomAlgos.tsv_max.txt', 81.06787935305209), ('Unnamed: 0-SUMMARYCustomAlgos.tsv_min.txt', 69.49822441617891), ('Unnamed: 0-SUMMARYCustomAlgos.tsv_mean.txt', 51.48006301717932), ('Unnamed: 0-SUMMARYCustomAlgos.tsv_median.txt', 24.518601923190513), ('Unnamed: 0-SUMMARYCustomAlgos.tsv_q10.txt', 21.242136619828248)]
L1823	18072023--s--Lm--st--L1823--p--E03--pos004--tm--24--ch--Syto9--z--21	L1823	L634	[('Unnamed: 0-SUMMARYCustomAlgos.tsv_max.txt', 76.35713610458478), ('Unnamed: 0-SUMMARYCustomAlgos.tsv_q10.txt', 47.31077243719852), ('Unnamed: 0-SUMMARYCustomAlgos.tsv_min.txt', 38.097048112523034), ('Unnamed: 0-SUMMARYCustomAlgos.tsv_mean.txt', 27.712790677755045), ('Unnamed: 0-SUMMARYCustomAlgos.tsv_median.txt', 22.913124765059294)]
L1823	18072023--s--Lm--st--L1823--p--E04--pos001--tm--24--ch--Syto9--z--21	L1823	L634	[('Unnamed: 0-SUMMARYCustomAlgos.tsv_max.txt', 81.80293586792057), ('Unnamed: 0-SUMMARYCustomAlgos.tsv_min.txt', 57.042699977803956), ('Unnamed: 0-SUMMARYCustomAlgos.tsv_mean.txt', 45.51279224492211), ('Unnamed: 0-SUMMARYCustomAlgos.tsv_q10.txt', 38.38341746394878), ('Unnamed: 0-SUMMARYCustomAlgos.tsv_median.txt', 34.91136679315887)]
L1823	18072023--s--Lm--st--L1823--p--E04--pos002--tm--24--ch--Syto9--z--21	L1823	L455	[('Unnamed: 0-SUMMARYCustomAlgos.tsv_max.txt', 44.44963079824278), ('Unnamed: 0-SUMMARYCustomAlgos.tsv_q10.txt', 35.146354118113905), ('Unnamed: 0-SUMMARYCustomAlgos.tsv_median.txt', 30.923121573014615), ('Unnamed: 0-SUMMARYCustomAlgos.tsv_mean.txt', 30.606573532252657), ('Unnamed: 0-SUMMARYCustomAlgos.tsv_min.txt', 16.80968847312219)]
L1823	18072023--s--Lm--st--L1823--p--E04--pos003--tm--24--ch--Syto9--z--21	L1823	L634	[('Unnamed: 0-SUMMARYCustomAlgos.tsv_max.txt', 55.55512700504937), ('Unnamed: 0-SUMMARYCustomAlgos.tsv_mean.txt', 49.30253751923616), ('Unnamed: 0-SUMMARYCustomAlgos.tsv_q10.txt', 31.210002727734317), ('Unnamed: 0-SUMMARYCustomAlgos.tsv_min.txt', 27.311183888562454), ('Unnamed: 0-SUMMARYCustomAlgos.tsv_median.txt', 21.869341485542144)]
L1823	18072023--s--Lm--st--L1823--p--E04--pos004--tm--24--ch--Syto9--z--21	L1823	L1323	[('Unnamed: 0-SUMMARYCustomAlgos.tsv_max.txt', 56.33064388541009), ('Unnamed: 0-SUMMARYCustomAlgos.tsv_min.txt', 35.69826973730058), ('Unnamed: 0-SUMMARYCustomAlgos.tsv_median.txt', 31.26649653500194), ('Unnamed: 0-SUMMARYCustomAlgos.tsv_mean.txt', 27.266067624523323), ('Unnamed: 0-SUMMARYCustomAlgos.tsv_q10.txt', 20.784868796584096)]
L1823	18072023--s--Lm--st--L1823--p--E04--pos005--tm--24--ch--Syto9--z--21	L1823	L1323	[('Unnamed: 0-SUMMARYCustomAlgos.tsv_max.txt', 57.838903269277274), ('Unnamed: 0-SUMMARYCustomAlgos.tsv_min.txt', 36.31022348366154), ('Unnamed: 0-SUMMARYCustomAlgos.tsv_median.txt', 28.57728301401953), ('Unnamed: 0-SUMMARYCustomAlgos.tsv_mean.txt', 27.92589668290645), ('Unnamed: 0-SUMMARYCustomAlgos.tsv_q10.txt', 20.63193719201136)]
L1823	18072023--s--Lm--st--L1823--p--E05--pos002--tm--24--ch--Syto9--z--21	L1823	L1323	[('Unnamed: 0-SUMMARYCustomAlgos.tsv_max.txt', 50.87015280174859), ('Unnamed: 0-SUMMARYCustomAlgos.tsv_mean.txt', 29.607620467644686), ('Unnamed: 0-SUMMARYCustomAlgos.tsv_median.txt', 27.94692910998008), ('Unnamed: 0-SUMMARYCustomAlgos.tsv_min.txt', 25.56560732081217), ('Unnamed: 0-SUMMARYCustomAlgos.tsv_q10.txt', 20.479792474451074)]
L1823	18072023--s--Lm--st--L1823--p--E05--pos003--tm--24--ch--Syto9--z--21	L1823	L634	[('Unnamed: 0-SUMMARYCustomAlgos.tsv_max.txt', 53.10412967003175), ('Unnamed: 0-SUMMARYCustomAlgos.tsv_mean.txt', 44.68358003762353), ('Unnamed: 0-SUMMARYCustomAlgos.tsv_q10.txt', 29.545355667679175), ('Unnamed: 0-SUMMARYCustomAlgos.tsv_min.txt', 24.333749564084552), ('Unnamed: 0-SUMMARYCustomAlgos.tsv_median.txt', 22.664320895508588)]
L1823	18072023--s--Lm--st--L1823--p--E05--pos004--tm--24--ch--Syto9--z--21	L1823	L634	[('Unnamed: 0-SUMMARYCustomAlgos.tsv_max.txt', 61.44472941264141), ('Unnamed: 0-SUMMARYCustomAlgos.tsv_mean.txt', 46.98744626171894), ('Unnamed: 0-SUMMARYCustomAlgos.tsv_q10.txt', 31.972481592013764), ('Unnamed: 0-SUMMARYCustomAlgos.tsv_min.txt', 29.01421850194592), ('Unnamed: 0-SUMMARYCustomAlgos.tsv_median.txt', 21.424283237902905)]
L1823	18072023--s--Lm--st--L1823--p--E05--pos005--tm--24--ch--Syto9--z--21	L1823	L1323	[('Unnamed: 0-SUMMARYCustomAlgos.tsv_max.txt', 55.766862090022144), ('Unnamed: 0-SUMMARYCustomAlgos.tsv_mean.txt', 36.84856203849375), ('Unnamed: 0-SUMMARYCustomAlgos.tsv_q10.txt', 35.083338495247624), ('Unnamed: 0-SUMMARYCustomAlgos.tsv_median.txt', 32.65834689551124), ('Unnamed: 0-SUMMARYCustomAlgos.tsv_min.txt', 27.257693895169243)]
L1823	18072023--s--Lm--st--L1823--p--E06--pos002--tm--24--ch--Syto9--z--21	L1823	L1323	[('Unnamed: 0-SUMMARYCustomAlgos.tsv_max.txt', 54.113486265607094), ('Unnamed: 0-SUMMARYCustomAlgos.tsv_mean.txt', 32.457500345283684), ('Unnamed: 0-SUMMARYCustomAlgos.tsv_median.txt', 31.864645988261277), ('Unnamed: 0-SUMMARYCustomAlgos.tsv_q10.txt', 31.72498421161646), ('Unnamed: 0-SUMMARYCustomAlgos.tsv_min.txt', 28.33402595884054)]
L1823	18072023--s--Lm--st--L1823--p--E06--pos003--tm--24--ch--Syto9--z--21	L1823	L1323	[('Unnamed: 0-SUMMARYCustomAlgos.tsv_max.txt', 59.45515614547719), ('Unnamed: 0-SUMMARYCustomAlgos.tsv_min.txt', 35.6521201349107), ('Unnamed: 0-SUMMARYCustomAlgos.tsv_median.txt', 29.546203116301534), ('Unnamed: 0-SUMMARYCustomAlgos.tsv_mean.txt', 29.01171818892178), ('Unnamed: 0-SUMMARYCustomAlgos.tsv_q10.txt', 22.401593594528805)]
L1823	18072023--s--Lm--st--L1823--p--E06--pos004--tm--24--ch--Syto9--z--21	L1823	L1323	[('Unnamed: 0-SUMMARYCustomAlgos.tsv_max.txt', 53.27374024619126), ('Unnamed: 0-SUMMARYCustomAlgos.tsv_mean.txt', 34.276444859898426), ('Unnamed: 0-SUMMARYCustomAlgos.tsv_median.txt', 28.19404797124434), ('Unnamed: 0-SUMMARYCustomAlgos.tsv_q10.txt', 26.32459442167058), ('Unnamed: 0-SUMMARYCustomAlgos.tsv_min.txt', 23.787797912872698)]
L1823	18072023--s--Lm--st--L1823--p--E06--pos005--tm--24--ch--Syto9--z--21	L1823	L1323	[('Unnamed: 0-SUMMARYCustomAlgos.tsv_max.txt', 53.708726667484086), ('Unnamed: 0-SUMMARYCustomAlgos.tsv_min.txt', 40.33810616207814), ('Unnamed: 0-SUMMARYCustomAlgos.tsv_median.txt', 32.689375153211614), ('Unnamed: 0-SUMMARYCustomAlgos.tsv_mean.txt', 26.882698345334394), ('Unnamed: 0-SUMMARYCustomAlgos.tsv_q10.txt', 23.059438976571915)]
L1823	18072023--s--Lm--st--L1823--p--E08--pos001--tm--24--ch--Syto9--z--21	L1823	L628	[('Unnamed: 0-SUMMARYCustomAlgos.tsv_max.txt', 241.14324417444365), ('Unnamed: 0-SUMMARYCustomAlgos.tsv_min.txt', 108.57785484078988), ('Unnamed: 0-SUMMARYCustomAlgos.tsv_q10.txt', 54.309959582365046), ('Unnamed: 0-SUMMARYCustomAlgos.tsv_median.txt', 33.00172367030679), ('Unnamed: 0-SUMMARYCustomAlgos.tsv_mean.txt', 32.53151375453965)]
L1823	18072023--s--Lm--st--L1823--p--E08--pos002--tm--24--ch--Syto9--z--21	L1823	L628	[('Unnamed: 0-SUMMARYCustomAlgos.tsv_max.txt', 198.13052004379938), ('Unnamed: 0-SUMMARYCustomAlgos.tsv_min.txt', 104.26175035714337), ('Unnamed: 0-SUMMARYCustomAlgos.tsv_q10.txt', 43.406313126313215), ('Unnamed: 0-SUMMARYCustomAlgos.tsv_mean.txt', 32.55803971237439), ('Unnamed: 0-SUMMARYCustomAlgos.tsv_median.txt', 26.192343905266224)]
L1823	18072023--s--Lm--st--L1823--p--E08--pos003--tm--24--ch--Syto9--z--21	L1823	L628	[('Unnamed: 0-SUMMARYCustomAlgos.tsv_max.txt', 150.23210579123375), ('Unnamed: 0-SUMMARYCustomAlgos.tsv_q10.txt', 145.46548540556873), ('Unnamed: 0-SUMMARYCustomAlgos.tsv_mean.txt', 21.15388999566777), ('Unnamed: 0-SUMMARYCustomAlgos.tsv_min.txt', 3.427899376337265), ('Unnamed: 0-SUMMARYCustomAlgos.tsv_median.txt', 2.214586136079209)]
L1823	18072023--s--Lm--st--L1823--p--E08--pos004--tm--24--ch--Syto9--z--21	L1823	L628	[('Unnamed: 0-SUMMARYCustomAlgos.tsv_max.txt', 197.79647353036262), ('Unnamed: 0-SUMMARYCustomAlgos.tsv_min.txt', 104.28000718583453), ('Unnamed: 0-SUMMARYCustomAlgos.tsv_q10.txt', 43.57038101215185), ('Unnamed: 0-SUMMARYCustomAlgos.tsv_mean.txt', 32.579116605977234), ('Unnamed: 0-SUMMARYCustomAlgos.tsv_median.txt', 26.45313355172575)]
L1823	18072023--s--Lm--st--L1823--p--E08--pos005--tm--24--ch--Syto9--z--21	L1823	L628	[('Unnamed: 0-SUMMARYCustomAlgos.tsv_max.txt', 199.8530994441841), ('Unnamed: 0-SUMMARYCustomAlgos.tsv_min.txt', 104.70275551432985), ('Unnamed: 0-SUMMARYCustomAlgos.tsv_q10.txt', 44.840188119666365), ('Unnamed: 0-SUMMARYCustomAlgos.tsv_median.txt', 31.19665415300791), ('Unnamed: 0-SUMMARYCustomAlgos.tsv_mean.txt', 29.92924284131851)]
L1823	18072023--s--Lm--st--L1823--p--E09--pos001--tm--24--ch--Syto9--z--21	L1823	L628	[('Unnamed: 0-SUMMARYCustomAlgos.tsv_max.txt', 241.14324417444365), ('Unnamed: 0-SUMMARYCustomAlgos.tsv_min.txt', 108.67084734760103), ('Unnamed: 0-SUMMARYCustomAlgos.tsv_q10.txt', 54.309959582365046), ('Unnamed: 0-SUMMARYCustomAlgos.tsv_median.txt', 33.568512432330465), ('Unnamed: 0-SUMMARYCustomAlgos.tsv_mean.txt', 32.53151375453965)]
L1823	18072023--s--Lm--st--L1823--p--E09--pos002--tm--24--ch--Syto9--z--21	L1823	L628	[('Unnamed: 0-SUMMARYCustomAlgos.tsv_max.txt', 121.65531140628592), ('Unnamed: 0-SUMMARYCustomAlgos.tsv_q10.txt', 120.92886180262093), ('Unnamed: 0-SUMMARYCustomAlgos.tsv_mean.txt', 19.41350481659693), ('Unnamed: 0-SUMMARYCustomAlgos.tsv_min.txt', 4.035278698487957), ('Unnamed: 0-SUMMARYCustomAlgos.tsv_median.txt', 3.604431175401879)]
L1823	18072023--s--Lm--st--L1823--p--E09--pos003--tm--24--ch--Syto9--z--21	L1823	L628	[('Unnamed: 0-SUMMARYCustomAlgos.tsv_max.txt', 179.21458634008908), ('Unnamed: 0-SUMMARYCustomAlgos.tsv_q10.txt', 85.29001479101916), ('Unnamed: 0-SUMMARYCustomAlgos.tsv_min.txt', 56.59334723184222), ('Unnamed: 0-SUMMARYCustomAlgos.tsv_mean.txt', 25.10691041013259), ('Unnamed: 0-SUMMARYCustomAlgos.tsv_median.txt', 19.0476037691825)]
L1823	18072023--s--Lm--st--L1823--p--E09--pos004--tm--24--ch--Syto9--z--21	L1823	L628	[('Unnamed: 0-SUMMARYCustomAlgos.tsv_max.txt', 198.43027248078724), ('Unnamed: 0-SUMMARYCustomAlgos.tsv_min.txt', 107.79278156952579), ('Unnamed: 0-SUMMARYCustomAlgos.tsv_q10.txt', 33.79511060368651), ('Unnamed: 0-SUMMARYCustomAlgos.tsv_median.txt', 30.130745370556575), ('Unnamed: 0-SUMMARYCustomAlgos.tsv_mean.txt', 29.308421522004444)]
L1823	18072023--s--Lm--st--L1823--p--E09--pos005--tm--24--ch--Syto9--z--21	L1823	L628	[('Unnamed: 0-SUMMARYCustomAlgos.tsv_max.txt', 199.31890277113067), ('Unnamed: 0-SUMMARYCustomAlgos.tsv_min.txt', 101.69171637590729), ('Unnamed: 0-SUMMARYCustomAlgos.tsv_q10.txt', 44.92650497483083), ('Unnamed: 0-SUMMARYCustomAlgos.tsv_mean.txt', 32.044824458620255), ('Unnamed: 0-SUMMARYCustomAlgos.tsv_median.txt', 29.10724753551404)]
L1823	18072023--s--Lm--st--L1823--p--E10--pos001--tm--24--ch--Syto9--z--21	L1823	L634	[('Unnamed: 0-SUMMARYCustomAlgos.tsv_max.txt', 104.19993950151665), ('Unnamed: 0-SUMMARYCustomAlgos.tsv_q10.txt', 31.267021767516393), ('Unnamed: 0-SUMMARYCustomAlgos.tsv_mean.txt', 23.274453970426958), ('Unnamed: 0-SUMMARYCustomAlgos.tsv_min.txt', 15.375055368141433), ('Unnamed: 0-SUMMARYCustomAlgos.tsv_median.txt', 13.85453707005364)]
L1823	18072023--s--Lm--st--L1823--p--E10--pos002--tm--24--ch--Syto9--z--21	L1823	L455	[('Unnamed: 0-SUMMARYCustomAlgos.tsv_max.txt', 117.29525011255019), ('Unnamed: 0-SUMMARYCustomAlgos.tsv_q10.txt', 47.96538914434852), ('Unnamed: 0-SUMMARYCustomAlgos.tsv_mean.txt', 33.5675618877704), ('Unnamed: 0-SUMMARYCustomAlgos.tsv_median.txt', 16.421526688026585), ('Unnamed: 0-SUMMARYCustomAlgos.tsv_min.txt', 14.765815761417938)]
L1823	18072023--s--Lm--st--L1823--p--E10--pos003--tm--24--ch--Syto9--z--21	L1823	L455	[('Unnamed: 0-SUMMARYCustomAlgos.tsv_max.txt', 165.85147233199626), ('Unnamed: 0-SUMMARYCustomAlgos.tsv_q10.txt', 75.32074345177311), ('Unnamed: 0-SUMMARYCustomAlgos.tsv_mean.txt', 23.233259190326706), ('Unnamed: 0-SUMMARYCustomAlgos.tsv_median.txt', 18.4356900061149), ('Unnamed: 0-SUMMARYCustomAlgos.tsv_min.txt', 5.507449809244618)]
L1823	18072023--s--Lm--st--L1823--p--E10--pos004--tm--24--ch--Syto9--z--21	L1823	L455	[('Unnamed: 0-SUMMARYCustomAlgos.tsv_mean.txt', 47.16079532170066), ('Unnamed: 0-SUMMARYCustomAlgos.tsv_max.txt', 42.41774244617471), ('Unnamed: 0-SUMMARYCustomAlgos.tsv_q10.txt', 34.04825517818851), ('Unnamed: 0-SUMMARYCustomAlgos.tsv_median.txt', 31.160403160577648), ('Unnamed: 0-SUMMARYCustomAlgos.tsv_min.txt', 17.947640081919353)]
L1823	18072023--s--Lm--st--L1823--p--E10--pos005--tm--24--ch--Syto9--z--21	L1823	L455	[('Unnamed: 0-SUMMARYCustomAlgos.tsv_max.txt', 166.03789008007124), ('Unnamed: 0-SUMMARYCustomAlgos.tsv_q10.txt', 75.84548445917208), ('Unnamed: 0-SUMMARYCustomAlgos.tsv_mean.txt', 23.23544643683445), ('Unnamed: 0-SUMMARYCustomAlgos.tsv_median.txt', 18.042461300266016), ('Unnamed: 0-SUMMARYCustomAlgos.tsv_min.txt', 5.6318936953708)]
L1823	18072023--s--Lm--st--L1823--p--E11--pos001--tm--24--ch--Syto9--z--21	L1823	L628	[('Unnamed: 0-SUMMARYCustomAlgos.tsv_max.txt', 149.97387065540752), ('Unnamed: 0-SUMMARYCustomAlgos.tsv_q10.txt', 143.20775243860936), ('Unnamed: 0-SUMMARYCustomAlgos.tsv_mean.txt', 21.084148757145282), ('Unnamed: 0-SUMMARYCustomAlgos.tsv_min.txt', 3.457283585242683), ('Unnamed: 0-SUMMARYCustomAlgos.tsv_median.txt', 1.8583894890561936)]
L1823	18072023--s--Lm--st--L1823--p--E11--pos002--tm--24--ch--Syto9--z--21	L1823	L455	[('Unnamed: 0-SUMMARYCustomAlgos.tsv_max.txt', 154.01366515510196), ('Unnamed: 0-SUMMARYCustomAlgos.tsv_q10.txt', 75.1434786983632), ('Unnamed: 0-SUMMARYCustomAlgos.tsv_mean.txt', 23.625327009164813), ('Unnamed: 0-SUMMARYCustomAlgos.tsv_median.txt', 21.175046285322473), ('Unnamed: 0-SUMMARYCustomAlgos.tsv_min.txt', 6.950667831373111)]
L1823	18072023--s--Lm--st--L1823--p--E11--pos003--tm--24--ch--Syto9--z--21	L1823	L455	[('Unnamed: 0-SUMMARYCustomAlgos.tsv_max.txt', 160.07789948134635), ('Unnamed: 0-SUMMARYCustomAlgos.tsv_q10.txt', 73.41618925952105), ('Unnamed: 0-SUMMARYCustomAlgos.tsv_mean.txt', 21.0501290489328), ('Unnamed: 0-SUMMARYCustomAlgos.tsv_median.txt', 20.47738997029675), ('Unnamed: 0-SUMMARYCustomAlgos.tsv_min.txt', 5.582961230389041)]
L1823	18072023--s--Lm--st--L1823--p--E11--pos004--tm--24--ch--Syto9--z--21	L1823	L455	[('Unnamed: 0-SUMMARYCustomAlgos.tsv_mean.txt', 64.82457145630306), ('Unnamed: 0-SUMMARYCustomAlgos.tsv_max.txt', 55.4564447673561), ('Unnamed: 0-SUMMARYCustomAlgos.tsv_q10.txt', 46.03425124470321), ('Unnamed: 0-SUMMARYCustomAlgos.tsv_median.txt', 37.422428425164426), ('Unnamed: 0-SUMMARYCustomAlgos.tsv_min.txt', 13.801420471195435)]
L1823	18072023--s--Lm--st--L1823--p--E11--pos005--tm--24--ch--Syto9--z--21	L1823	L455	[('Unnamed: 0-SUMMARYCustomAlgos.tsv_q10.txt', 114.08618210596835), ('Unnamed: 0-SUMMARYCustomAlgos.tsv_max.txt', 110.75750044446202), ('Unnamed: 0-SUMMARYCustomAlgos.tsv_mean.txt', 19.114214123939934), ('Unnamed: 0-SUMMARYCustomAlgos.tsv_median.txt', 11.803580555326715), ('Unnamed: 0-SUMMARYCustomAlgos.tsv_min.txt', 4.737631714080343)]
L1823	18072023--s--Lm--st--L1823--p--F03--pos001--tm--24--ch--Syto9--z--21	L1823	L628	[('Unnamed: 0-SUMMARYCustomAlgos.tsv_max.txt', 199.25743362016868), ('Unnamed: 0-SUMMARYCustomAlgos.tsv_min.txt', 101.54361451397672), ('Unnamed: 0-SUMMARYCustomAlgos.tsv_q10.txt', 44.537156200468594), ('Unnamed: 0-SUMMARYCustomAlgos.tsv_mean.txt', 31.763077710201365), ('Unnamed: 0-SUMMARYCustomAlgos.tsv_median.txt', 29.133550372248514)]
L1823	18072023--s--Lm--st--L1823--p--F03--pos002--tm--24--ch--Syto9--z--21	L1823	L628	[('Unnamed: 0-SUMMARYCustomAlgos.tsv_max.txt', 152.37414771299197), ('Unnamed: 0-SUMMARYCustomAlgos.tsv_q10.txt', 143.75430990762158), ('Unnamed: 0-SUMMARYCustomAlgos.tsv_mean.txt', 24.18892697117544), ('Unnamed: 0-SUMMARYCustomAlgos.tsv_median.txt', 2.297441519666802), ('Unnamed: 0-SUMMARYCustomAlgos.tsv_min.txt', 2.1429868469464854)]
L1823	18072023--s--Lm--st--L1823--p--F03--pos003--tm--24--ch--Syto9--z--21	L1823	L455	[('Unnamed: 0-SUMMARYCustomAlgos.tsv_max.txt', 162.63683831857884), ('Unnamed: 0-SUMMARYCustomAlgos.tsv_q10.txt', 79.08400345161002), ('Unnamed: 0-SUMMARYCustomAlgos.tsv_mean.txt', 27.536891197890935), ('Unnamed: 0-SUMMARYCustomAlgos.tsv_median.txt', 17.994031046026507), ('Unnamed: 0-SUMMARYCustomAlgos.tsv_min.txt', 7.423779941488954)]
L1823	18072023--s--Lm--st--L1823--p--F03--pos004--tm--24--ch--Syto9--z--21	L1823	L628	[('Unnamed: 0-SUMMARYCustomAlgos.tsv_max.txt', 150.31498265026138), ('Unnamed: 0-SUMMARYCustomAlgos.tsv_q10.txt', 145.30707092156044), ('Unnamed: 0-SUMMARYCustomAlgos.tsv_mean.txt', 22.598439815833004), ('Unnamed: 0-SUMMARYCustomAlgos.tsv_min.txt', 3.173883871649423), ('Unnamed: 0-SUMMARYCustomAlgos.tsv_median.txt', 2.353473966947297)]
L1823	18072023--s--Lm--st--L1823--p--F03--pos005--tm--24--ch--Syto9--z--21	L1823	L628	[('Unnamed: 0-SUMMARYCustomAlgos.tsv_max.txt', 199.9960179523736), ('Unnamed: 0-SUMMARYCustomAlgos.tsv_min.txt', 102.81474697064027), ('Unnamed: 0-SUMMARYCustomAlgos.tsv_q10.txt', 46.078743361302294), ('Unnamed: 0-SUMMARYCustomAlgos.tsv_mean.txt', 33.10577162844956), ('Unnamed: 0-SUMMARYCustomAlgos.tsv_median.txt', 28.98898717204681)]
19115	23052023--s--Lm--st--19115--p--F03--pos003--tm--24--ch--Syto9--z--21	19115	L628	[('Unnamed: 0-SUMMARYCustomAlgos.tsv_max.txt', 224.6998423858804), ('Unnamed: 0-SUMMARYCustomAlgos.tsv_mean.txt', 113.26997675019412), ('Unnamed: 0-SUMMARYCustomAlgos.tsv_min.txt', 74.26397535055642), ('Unnamed: 0-SUMMARYCustomAlgos.tsv_median.txt', 33.246145750967905), ('Unnamed: 0-SUMMARYCustomAlgos.tsv_q10.txt', 20.802422349097803)]
19115	23052023--s--Lm--st--19115--p--F03--pos004--tm--24--ch--Syto9--z--21	19115	L628	[('Unnamed: 0-SUMMARYCustomAlgos.tsv_max.txt', 237.62822608804277), ('Unnamed: 0-SUMMARYCustomAlgos.tsv_mean.txt', 134.97548857012055), ('Unnamed: 0-SUMMARYCustomAlgos.tsv_min.txt', 56.96485189733283), ('Unnamed: 0-SUMMARYCustomAlgos.tsv_median.txt', 38.22131738888535), ('Unnamed: 0-SUMMARYCustomAlgos.tsv_q10.txt', 5.571594555558773)]
19115	23052023--s--Lm--st--19115--p--F03--pos005--tm--24--ch--Syto9--z--21	19115	L628	[('Unnamed: 0-SUMMARYCustomAlgos.tsv_max.txt', 233.94798332005064), ('Unnamed: 0-SUMMARYCustomAlgos.tsv_mean.txt', 136.95196299537824), ('Unnamed: 0-SUMMARYCustomAlgos.tsv_min.txt', 57.330841201377154), ('Unnamed: 0-SUMMARYCustomAlgos.tsv_median.txt', 39.69334528919278), ('Unnamed: 0-SUMMARYCustomAlgos.tsv_q10.txt', 6.479238828986679)]
19115	23052023--s--Lm--st--19115--p--F04--pos001--tm--24--ch--Syto9--z--21	19115	L628	[('Unnamed: 0-SUMMARYCustomAlgos.tsv_max.txt', 235.6440610485679), ('Unnamed: 0-SUMMARYCustomAlgos.tsv_mean.txt', 132.94533564489376), ('Unnamed: 0-SUMMARYCustomAlgos.tsv_min.txt', 55.52215751640708), ('Unnamed: 0-SUMMARYCustomAlgos.tsv_median.txt', 38.47914180538037), ('Unnamed: 0-SUMMARYCustomAlgos.tsv_q10.txt', 5.979928949732772)]
19115	23052023--s--Lm--st--19115--p--F04--pos002--tm--24--ch--Syto9--z--21	19115	L628	[('Unnamed: 0-SUMMARYCustomAlgos.tsv_max.txt', 268.936667856738), ('Unnamed: 0-SUMMARYCustomAlgos.tsv_mean.txt', 132.96635092005073), ('Unnamed: 0-SUMMARYCustomAlgos.tsv_min.txt', 47.61826521059044), ('Unnamed: 0-SUMMARYCustomAlgos.tsv_median.txt', 44.11448935761278), ('Unnamed: 0-SUMMARYCustomAlgos.tsv_q10.txt', 12.40503237493542)]
19115	23052023--s--Lm--st--19115--p--F04--pos003--tm--24--ch--Syto9--z--21	19115	L628	[('Unnamed: 0-SUMMARYCustomAlgos.tsv_max.txt', 120.7578417666775), ('Unnamed: 0-SUMMARYCustomAlgos.tsv_mean.txt', 109.24882057292969), ('Unnamed: 0-SUMMARYCustomAlgos.tsv_q10.txt', 93.09923236840184), ('Unnamed: 0-SUMMARYCustomAlgos.tsv_median.txt', 61.42415313276387), ('Unnamed: 0-SUMMARYCustomAlgos.tsv_min.txt', 55.809475547270694)]
19115	23052023--s--Lm--st--19115--p--F04--pos004--tm--24--ch--Syto9--z--21	19115	L628	[('Unnamed: 0-SUMMARYCustomAlgos.tsv_max.txt', 124.58419755538588), ('Unnamed: 0-SUMMARYCustomAlgos.tsv_mean.txt', 108.35107737265994), ('Unnamed: 0-SUMMARYCustomAlgos.tsv_q10.txt', 91.44472444548991), ('Unnamed: 0-SUMMARYCustomAlgos.tsv_median.txt', 60.79478285956576), ('Unnamed: 0-SUMMARYCustomAlgos.tsv_min.txt', 55.50320877763009)]
19115	23052023--s--Lm--st--19115--p--F04--pos005--tm--24--ch--Syto9--z--21	19115	L628	[('Unnamed: 0-SUMMARYCustomAlgos.tsv_max.txt', 117.6449390712431), ('Unnamed: 0-SUMMARYCustomAlgos.tsv_mean.txt', 92.40012693571894), ('Unnamed: 0-SUMMARYCustomAlgos.tsv_q10.txt', 80.76612798912669), ('Unnamed: 0-SUMMARYCustomAlgos.tsv_min.txt', 55.659313988642765), ('Unnamed: 0-SUMMARYCustomAlgos.tsv_median.txt', 54.51993172984278)]
19115	23052023--s--Lm--st--19115--p--F05--pos003--tm--24--ch--Syto9--z--21	19115	L628	[('Unnamed: 0-SUMMARYCustomAlgos.tsv_max.txt', 120.79945385501443), ('Unnamed: 0-SUMMARYCustomAlgos.tsv_mean.txt', 108.83636353100806), ('Unnamed: 0-SUMMARYCustomAlgos.tsv_q10.txt', 93.10786752732871), ('Unnamed: 0-SUMMARYCustomAlgos.tsv_median.txt', 61.4250223275426), ('Unnamed: 0-SUMMARYCustomAlgos.tsv_min.txt', 55.809475547270694)]
19115	23052023--s--Lm--st--19115--p--F05--pos004--tm--24--ch--Syto9--z--21	19115	L628	[('Unnamed: 0-SUMMARYCustomAlgos.tsv_max.txt', 120.79945385501443), ('Unnamed: 0-SUMMARYCustomAlgos.tsv_mean.txt', 108.83636353100806), ('Unnamed: 0-SUMMARYCustomAlgos.tsv_q10.txt', 93.09923236840184), ('Unnamed: 0-SUMMARYCustomAlgos.tsv_median.txt', 61.4250223275426), ('Unnamed: 0-SUMMARYCustomAlgos.tsv_min.txt', 55.809475547270694)]
19115	23052023--s--Lm--st--19115--p--F05--pos005--tm--24--ch--Syto9--z--21	19115	L628	[('Unnamed: 0-SUMMARYCustomAlgos.tsv_max.txt', 120.7548165486963), ('Unnamed: 0-SUMMARYCustomAlgos.tsv_mean.txt', 108.83636353100806), ('Unnamed: 0-SUMMARYCustomAlgos.tsv_q10.txt', 93.10786752732871), ('Unnamed: 0-SUMMARYCustomAlgos.tsv_median.txt', 61.4250223275426), ('Unnamed: 0-SUMMARYCustomAlgos.tsv_min.txt', 55.809475547270694)]
19115	23052023--s--Lm--st--19115--p--F06--pos001--tm--24--ch--Syto9--z--21	19115	L455	[('Unnamed: 0-SUMMARYCustomAlgos.tsv_max.txt', 170.23679787041397), ('Unnamed: 0-SUMMARYCustomAlgos.tsv_mean.txt', 130.75543774292225), ('Unnamed: 0-SUMMARYCustomAlgos.tsv_median.txt', 44.469079038273776), ('Unnamed: 0-SUMMARYCustomAlgos.tsv_min.txt', 35.117165532695616), ('Unnamed: 0-SUMMARYCustomAlgos.tsv_q10.txt', 24.55691016541973)]
19115	23052023--s--Lm--st--19115--p--F06--pos002--tm--24--ch--Syto9--z--21	19115	L628	[('Unnamed: 0-SUMMARYCustomAlgos.tsv_max.txt', 232.77992601193256), ('Unnamed: 0-SUMMARYCustomAlgos.tsv_mean.txt', 132.7860903420697), ('Unnamed: 0-SUMMARYCustomAlgos.tsv_min.txt', 55.680034558650384), ('Unnamed: 0-SUMMARYCustomAlgos.tsv_median.txt', 35.837957817223284), ('Unnamed: 0-SUMMARYCustomAlgos.tsv_q10.txt', 6.377455068871992)]
19115	23052023--s--Lm--st--19115--p--F06--pos003--tm--24--ch--Syto9--z--21	19115	L628	[('Unnamed: 0-SUMMARYCustomAlgos.tsv_max.txt', 117.6449390712431), ('Unnamed: 0-SUMMARYCustomAlgos.tsv_mean.txt', 92.40012693571894), ('Unnamed: 0-SUMMARYCustomAlgos.tsv_q10.txt', 80.76612798912669), ('Unnamed: 0-SUMMARYCustomAlgos.tsv_min.txt', 55.659313988642765), ('Unnamed: 0-SUMMARYCustomAlgos.tsv_median.txt', 54.744810208346955)]
19115	23052023--s--Lm--st--19115--p--F06--pos004--tm--24--ch--Syto9--z--21	19115	L628	[('Unnamed: 0-SUMMARYCustomAlgos.tsv_max.txt', 201.83171915878398), ('Unnamed: 0-SUMMARYCustomAlgos.tsv_mean.txt', 106.52446044080104), ('Unnamed: 0-SUMMARYCustomAlgos.tsv_min.txt', 70.91273511829603), ('Unnamed: 0-SUMMARYCustomAlgos.tsv_median.txt', 39.38638489649107), ('Unnamed: 0-SUMMARYCustomAlgos.tsv_q10.txt', 31.10471814118834)]
19115	23052023--s--Lm--st--19115--p--F06--pos005--tm--24--ch--Syto9--z--21	19115	L628	[('Unnamed: 0-SUMMARYCustomAlgos.tsv_max.txt', 219.98163035075126), ('Unnamed: 0-SUMMARYCustomAlgos.tsv_mean.txt', 110.77001142433612), ('Unnamed: 0-SUMMARYCustomAlgos.tsv_min.txt', 73.66219872356052), ('Unnamed: 0-SUMMARYCustomAlgos.tsv_median.txt', 31.244551251726566), ('Unnamed: 0-SUMMARYCustomAlgos.tsv_q10.txt', 18.777389019569338)]
19115	23052023--s--Lm--st--19115--p--F07--pos002--tm--24--ch--Syto9--z--21	19115	L628	[('Unnamed: 0-SUMMARYCustomAlgos.tsv_max.txt', 232.77992601193256), ('Unnamed: 0-SUMMARYCustomAlgos.tsv_mean.txt', 132.7860903420697), ('Unnamed: 0-SUMMARYCustomAlgos.tsv_min.txt', 55.680034558650384), ('Unnamed: 0-SUMMARYCustomAlgos.tsv_median.txt', 35.837957817223284), ('Unnamed: 0-SUMMARYCustomAlgos.tsv_q10.txt', 6.377455068871992)]
19115	23052023--s--Lm--st--19115--p--F07--pos003--tm--24--ch--Syto9--z--21	19115	L628	[('Unnamed: 0-SUMMARYCustomAlgos.tsv_max.txt', 220.92245316197446), ('Unnamed: 0-SUMMARYCustomAlgos.tsv_mean.txt', 110.9514381479877), ('Unnamed: 0-SUMMARYCustomAlgos.tsv_min.txt', 72.59034171212805), ('Unnamed: 0-SUMMARYCustomAlgos.tsv_median.txt', 31.372294078817358), ('Unnamed: 0-SUMMARYCustomAlgos.tsv_q10.txt', 19.04921573717745)]
19115	23052023--s--Lm--st--19115--p--F07--pos004--tm--24--ch--Syto9--z--21	19115	L628	[('Unnamed: 0-SUMMARYCustomAlgos.tsv_max.txt', 117.6449390712431), ('Unnamed: 0-SUMMARYCustomAlgos.tsv_mean.txt', 92.40012693571894), ('Unnamed: 0-SUMMARYCustomAlgos.tsv_q10.txt', 80.76612798912669), ('Unnamed: 0-SUMMARYCustomAlgos.tsv_min.txt', 55.659313988642765), ('Unnamed: 0-SUMMARYCustomAlgos.tsv_median.txt', 54.744810208346955)]
19115	23052023--s--Lm--st--19115--p--F07--pos005--tm--24--ch--Syto9--z--21	19115	L628	[('Unnamed: 0-SUMMARYCustomAlgos.tsv_max.txt', 219.18373510775888), ('Unnamed: 0-SUMMARYCustomAlgos.tsv_mean.txt', 113.15136016015201), ('Unnamed: 0-SUMMARYCustomAlgos.tsv_min.txt', 73.64773100447678), ('Unnamed: 0-SUMMARYCustomAlgos.tsv_median.txt', 32.86382951258798), ('Unnamed: 0-SUMMARYCustomAlgos.tsv_q10.txt', 19.683838629019387)]
19115	23052023--s--Lm--st--19115--p--F08--pos001--tm--24--ch--Syto9--z--21	19115	L628	[('Unnamed: 0-SUMMARYCustomAlgos.tsv_max.txt', 232.77992601193256), ('Unnamed: 0-SUMMARYCustomAlgos.tsv_mean.txt', 132.7975633680985), ('Unnamed: 0-SUMMARYCustomAlgos.tsv_min.txt', 55.680034558650384), ('Unnamed: 0-SUMMARYCustomAlgos.tsv_median.txt', 35.837957817223284), ('Unnamed: 0-SUMMARYCustomAlgos.tsv_q10.txt', 6.377455068871992)]
19115	23052023--s--Lm--st--19115--p--F08--pos002--tm--24--ch--Syto9--z--21	19115	L628	[('Unnamed: 0-SUMMARYCustomAlgos.tsv_max.txt', 232.77992601193256), ('Unnamed: 0-SUMMARYCustomAlgos.tsv_mean.txt', 132.7975633680985), ('Unnamed: 0-SUMMARYCustomAlgos.tsv_min.txt', 55.680034558650384), ('Unnamed: 0-SUMMARYCustomAlgos.tsv_median.txt', 35.837957817223284), ('Unnamed: 0-SUMMARYCustomAlgos.tsv_q10.txt', 6.377455068871992)]
19115	23052023--s--Lm--st--19115--p--F08--pos003--tm--24--ch--Syto9--z--21	19115	L628	[('Unnamed: 0-SUMMARYCustomAlgos.tsv_max.txt', 201.31978337382031), ('Unnamed: 0-SUMMARYCustomAlgos.tsv_mean.txt', 106.52446044080104), ('Unnamed: 0-SUMMARYCustomAlgos.tsv_min.txt', 70.91273511829603), ('Unnamed: 0-SUMMARYCustomAlgos.tsv_median.txt', 39.5472177317045), ('Unnamed: 0-SUMMARYCustomAlgos.tsv_q10.txt', 30.9481802707779)]
19115	23052023--s--Lm--st--19115--p--F08--pos004--tm--24--ch--Syto9--z--21	19115	L628	[('Unnamed: 0-SUMMARYCustomAlgos.tsv_max.txt', 124.74525182699364), ('Unnamed: 0-SUMMARYCustomAlgos.tsv_mean.txt', 108.35107737265994), ('Unnamed: 0-SUMMARYCustomAlgos.tsv_q10.txt', 91.23109246417489), ('Unnamed: 0-SUMMARYCustomAlgos.tsv_median.txt', 61.21783555282078), ('Unnamed: 0-SUMMARYCustomAlgos.tsv_min.txt', 55.09468506808512)]
19115	23052023--s--Lm--st--19115--p--F08--pos005--tm--24--ch--Syto9--z--21	19115	L628	[('Unnamed: 0-SUMMARYCustomAlgos.tsv_max.txt', 117.64981521198911), ('Unnamed: 0-SUMMARYCustomAlgos.tsv_mean.txt', 92.61315677447534), ('Unnamed: 0-SUMMARYCustomAlgos.tsv_q10.txt', 83.86863741283346), ('Unnamed: 0-SUMMARYCustomAlgos.tsv_min.txt', 56.73078429501915), ('Unnamed: 0-SUMMARYCustomAlgos.tsv_median.txt', 54.481447215783405)]
19115	23052023--s--Lm--st--19115--p--F09--pos002--tm--24--ch--Syto9--z--21	19115	L628	[('Unnamed: 0-SUMMARYCustomAlgos.tsv_max.txt', 120.7548165486963), ('Unnamed: 0-SUMMARYCustomAlgos.tsv_mean.txt', 108.52284609613231), ('Unnamed: 0-SUMMARYCustomAlgos.tsv_q10.txt', 93.00699056247849), ('Unnamed: 0-SUMMARYCustomAlgos.tsv_median.txt', 61.34307936119351), ('Unnamed: 0-SUMMARYCustomAlgos.tsv_min.txt', 55.809475547270694)]
19115	23052023--s--Lm--st--19115--p--F09--pos004--tm--24--ch--Syto9--z--21	19115	L628	[('Unnamed: 0-SUMMARYCustomAlgos.tsv_max.txt', 120.79945385501443), ('Unnamed: 0-SUMMARYCustomAlgos.tsv_mean.txt', 108.83636353100806), ('Unnamed: 0-SUMMARYCustomAlgos.tsv_q10.txt', 93.09923236840184), ('Unnamed: 0-SUMMARYCustomAlgos.tsv_median.txt', 61.4250223275426), ('Unnamed: 0-SUMMARYCustomAlgos.tsv_min.txt', 55.809475547270694)]
19115	23052023--s--Lm--st--19115--p--F09--pos005--tm--24--ch--Syto9--z--21	19115	L628	[('Unnamed: 0-SUMMARYCustomAlgos.tsv_max.txt', 124.55504068094271), ('Unnamed: 0-SUMMARYCustomAlgos.tsv_mean.txt', 108.1552023188769), ('Unnamed: 0-SUMMARYCustomAlgos.tsv_q10.txt', 91.9444362151915), ('Unnamed: 0-SUMMARYCustomAlgos.tsv_median.txt', 61.27073740212288), ('Unnamed: 0-SUMMARYCustomAlgos.tsv_min.txt', 55.56312453578888)]
19115	23052023--s--Lm--st--19115--p--F10--pos001--tm--24--ch--Syto9--z--21	19115	L628	[('Unnamed: 0-SUMMARYCustomAlgos.tsv_max.txt', 233.80873775284678), ('Unnamed: 0-SUMMARYCustomAlgos.tsv_mean.txt', 130.85882557684116), ('Unnamed: 0-SUMMARYCustomAlgos.tsv_min.txt', 55.693822416638554), ('Unnamed: 0-SUMMARYCustomAlgos.tsv_median.txt', 36.380673118983594), ('Unnamed: 0-SUMMARYCustomAlgos.tsv_q10.txt', 6.452200082064413)]
19115	23052023--s--Lm--st--19115--p--F10--pos003--tm--24--ch--Syto9--z--21	19115	L628	[('Unnamed: 0-SUMMARYCustomAlgos.tsv_max.txt', 117.64981521198911), ('Unnamed: 0-SUMMARYCustomAlgos.tsv_mean.txt', 92.61315677447534), ('Unnamed: 0-SUMMARYCustomAlgos.tsv_q10.txt', 83.86863741283346), ('Unnamed: 0-SUMMARYCustomAlgos.tsv_min.txt', 56.73078429501915), ('Unnamed: 0-SUMMARYCustomAlgos.tsv_median.txt', 54.481447215783405)]
19115	23052023--s--Lm--st--19115--p--F10--pos004--tm--24--ch--Syto9--z--21	19115	L628	[('Unnamed: 0-SUMMARYCustomAlgos.tsv_max.txt', 124.30305034920053), ('Unnamed: 0-SUMMARYCustomAlgos.tsv_mean.txt', 108.80361240486673), ('Unnamed: 0-SUMMARYCustomAlgos.tsv_q10.txt', 92.15355264330663), ('Unnamed: 0-SUMMARYCustomAlgos.tsv_median.txt', 61.15746694650824), ('Unnamed: 0-SUMMARYCustomAlgos.tsv_min.txt', 55.978145290515016)]
19115	23052023--s--Lm--st--19115--p--F10--pos005--tm--24--ch--Syto9--z--21	19115	L628	[('Unnamed: 0-SUMMARYCustomAlgos.tsv_max.txt', 235.6440610485679), ('Unnamed: 0-SUMMARYCustomAlgos.tsv_mean.txt', 133.08106410553006), ('Unnamed: 0-SUMMARYCustomAlgos.tsv_min.txt', 55.52215751640708), ('Unnamed: 0-SUMMARYCustomAlgos.tsv_median.txt', 38.47914180538037), ('Unnamed: 0-SUMMARYCustomAlgos.tsv_q10.txt', 5.979928949732772)]
19115	23052023--s--Lm--st--19115--p--G03--pos001--tm--24--ch--Syto9--z--21	19115	L1323	[('Unnamed: 0-SUMMARYCustomAlgos.tsv_max.txt', 67.77853260305676), ('Unnamed: 0-SUMMARYCustomAlgos.tsv_q10.txt', 46.20278413878573), ('Unnamed: 0-SUMMARYCustomAlgos.tsv_min.txt', 37.969825567938315), ('Unnamed: 0-SUMMARYCustomAlgos.tsv_mean.txt', 35.29480159731954), ('Unnamed: 0-SUMMARYCustomAlgos.tsv_median.txt', 35.09715037310171)]
19115	23052023--s--Lm--st--19115--p--G03--pos002--tm--24--ch--Syto9--z--21	19115	L634	[('Unnamed: 0-SUMMARYCustomAlgos.tsv_q10.txt', 76.00334670209895), ('Unnamed: 0-SUMMARYCustomAlgos.tsv_max.txt', 70.1881888524779), ('Unnamed: 0-SUMMARYCustomAlgos.tsv_mean.txt', 47.21334890384601), ('Unnamed: 0-SUMMARYCustomAlgos.tsv_min.txt', 40.893755782375734), ('Unnamed: 0-SUMMARYCustomAlgos.tsv_median.txt', 39.18656142885647)]
19115	23052023--s--Lm--st--19115--p--G03--pos003--tm--24--ch--Syto9--z--21	19115	L1823	[('Unnamed: 0-SUMMARYCustomAlgos.tsv_max.txt', 136.85504355084203), ('Unnamed: 0-SUMMARYCustomAlgos.tsv_mean.txt', 48.48397541997929), ('Unnamed: 0-SUMMARYCustomAlgos.tsv_q10.txt', 38.3403039301572), ('Unnamed: 0-SUMMARYCustomAlgos.tsv_min.txt', 5.799303952227999), ('Unnamed: 0-SUMMARYCustomAlgos.tsv_median.txt', 3.6554130864037933)]
19115	23052023--s--Lm--st--19115--p--G03--pos004--tm--24--ch--Syto9--z--21	19115	L628	[('Unnamed: 0-SUMMARYCustomAlgos.tsv_q10.txt', 88.37471796843543), ('Unnamed: 0-SUMMARYCustomAlgos.tsv_max.txt', 52.20898005164012), ('Unnamed: 0-SUMMARYCustomAlgos.tsv_min.txt', 42.37972672411641), ('Unnamed: 0-SUMMARYCustomAlgos.tsv_mean.txt', 37.141312873664766), ('Unnamed: 0-SUMMARYCustomAlgos.tsv_median.txt', 21.174888192696056)]
19115	23052023--s--Lm--st--19115--p--G03--pos005--tm--24--ch--Syto9--z--21	19115	L628	[('Unnamed: 0-SUMMARYCustomAlgos.tsv_max.txt', 120.79945385501443), ('Unnamed: 0-SUMMARYCustomAlgos.tsv_mean.txt', 109.24882057292969), ('Unnamed: 0-SUMMARYCustomAlgos.tsv_q10.txt', 93.37727079587864), ('Unnamed: 0-SUMMARYCustomAlgos.tsv_median.txt', 61.27395851164605), ('Unnamed: 0-SUMMARYCustomAlgos.tsv_min.txt', 55.809475547270694)]
19115	23052023--s--Lm--st--19115--p--G04--pos001--tm--24--ch--Syto9--z--21	19115	L628	[('Unnamed: 0-SUMMARYCustomAlgos.tsv_max.txt', 235.6440610485679), ('Unnamed: 0-SUMMARYCustomAlgos.tsv_mean.txt', 132.94533564489376), ('Unnamed: 0-SUMMARYCustomAlgos.tsv_min.txt', 55.52215751640708), ('Unnamed: 0-SUMMARYCustomAlgos.tsv_median.txt', 38.47914180538037), ('Unnamed: 0-SUMMARYCustomAlgos.tsv_q10.txt', 5.979928949732772)]
19115	23052023--s--Lm--st--19115--p--G04--pos002--tm--24--ch--Syto9--z--21	19115	L628	[('Unnamed: 0-SUMMARYCustomAlgos.tsv_max.txt', 268.936667856738), ('Unnamed: 0-SUMMARYCustomAlgos.tsv_mean.txt', 132.96635092005073), ('Unnamed: 0-SUMMARYCustomAlgos.tsv_min.txt', 47.61826521059044), ('Unnamed: 0-SUMMARYCustomAlgos.tsv_median.txt', 44.11448935761278), ('Unnamed: 0-SUMMARYCustomAlgos.tsv_q10.txt', 12.40503237493542)]
19115	23052023--s--Lm--st--19115--p--G04--pos003--tm--24--ch--Syto9--z--21	19115	L628	[('Unnamed: 0-SUMMARYCustomAlgos.tsv_max.txt', 120.7578417666775), ('Unnamed: 0-SUMMARYCustomAlgos.tsv_mean.txt', 109.24882057292969), ('Unnamed: 0-SUMMARYCustomAlgos.tsv_q10.txt', 93.36863563695178), ('Unnamed: 0-SUMMARYCustomAlgos.tsv_median.txt', 61.27395851164605), ('Unnamed: 0-SUMMARYCustomAlgos.tsv_min.txt', 55.809475547270694)]
19115	23052023--s--Lm--st--19115--p--G04--pos004--tm--24--ch--Syto9--z--21	19115	L628	[('Unnamed: 0-SUMMARYCustomAlgos.tsv_max.txt', 120.79945385501443), ('Unnamed: 0-SUMMARYCustomAlgos.tsv_mean.txt', 108.83636353100806), ('Unnamed: 0-SUMMARYCustomAlgos.tsv_q10.txt', 93.09923236840184), ('Unnamed: 0-SUMMARYCustomAlgos.tsv_median.txt', 61.4250223275426), ('Unnamed: 0-SUMMARYCustomAlgos.tsv_min.txt', 55.809475547270694)]
19115	23052023--s--Lm--st--19115--p--G04--pos005--tm--24--ch--Syto9--z--21	19115	L628	[('Unnamed: 0-SUMMARYCustomAlgos.tsv_max.txt', 235.6440610485679), ('Unnamed: 0-SUMMARYCustomAlgos.tsv_mean.txt', 132.94533564489376), ('Unnamed: 0-SUMMARYCustomAlgos.tsv_min.txt', 55.83156062127826), ('Unnamed: 0-SUMMARYCustomAlgos.tsv_median.txt', 38.07983365119272), ('Unnamed: 0-SUMMARYCustomAlgos.tsv_q10.txt', 5.979928949732772)]
L628	23052023--s--Lm--st--L628--p--C03--pos001--tm--24--ch--Syto9--z--21	L628	L455	[('Unnamed: 0-SUMMARYCustomAlgos.tsv_min.txt', 84.59741822528355), ('Unnamed: 0-SUMMARYCustomAlgos.tsv_q10.txt', 59.77649481514007), ('Unnamed: 0-SUMMARYCustomAlgos.tsv_max.txt', 51.709736485559624), ('Unnamed: 0-SUMMARYCustomAlgos.tsv_mean.txt', 48.579441002907544), ('Unnamed: 0-SUMMARYCustomAlgos.tsv_median.txt', 34.015966741388084)]
L628	23052023--s--Lm--st--L628--p--C03--pos002--tm--24--ch--Syto9--z--21	L628	L1323	[('Unnamed: 0-SUMMARYCustomAlgos.tsv_mean.txt', 83.086075670875), ('Unnamed: 0-SUMMARYCustomAlgos.tsv_min.txt', 42.981915300787506), ('Unnamed: 0-SUMMARYCustomAlgos.tsv_max.txt', 30.303167277157094), ('Unnamed: 0-SUMMARYCustomAlgos.tsv_median.txt', 15.963724321329018), ('Unnamed: 0-SUMMARYCustomAlgos.tsv_q10.txt', 4.377793193017986)]
L628	23052023--s--Lm--st--L628--p--C03--pos003--tm--24--ch--Syto9--z--21	L628	L1823	[('Unnamed: 0-SUMMARYCustomAlgos.tsv_mean.txt', 94.47858517806196), ('Unnamed: 0-SUMMARYCustomAlgos.tsv_max.txt', 58.11841025117785), ('Unnamed: 0-SUMMARYCustomAlgos.tsv_median.txt', 52.248784750529204), ('Unnamed: 0-SUMMARYCustomAlgos.tsv_q10.txt', 34.43519409542634), ('Unnamed: 0-SUMMARYCustomAlgos.tsv_min.txt', 24.23586238960623)]
L628	23052023--s--Lm--st--L628--p--C03--pos004--tm--24--ch--Syto9--z--21	L628	L455	[('Unnamed: 0-SUMMARYCustomAlgos.tsv_max.txt', 154.66047161706445), ('Unnamed: 0-SUMMARYCustomAlgos.tsv_min.txt', 82.62876647241879), ('Unnamed: 0-SUMMARYCustomAlgos.tsv_mean.txt', 67.07662958481845), ('Unnamed: 0-SUMMARYCustomAlgos.tsv_q10.txt', 61.68283815574662), ('Unnamed: 0-SUMMARYCustomAlgos.tsv_median.txt', 30.712851884037732)]
L628	23052023--s--Lm--st--L628--p--C03--pos005--tm--24--ch--Syto9--z--21	L628	19115	[('Unnamed: 0-SUMMARYCustomAlgos.tsv_mean.txt', 115.44124198872206), ('Unnamed: 0-SUMMARYCustomAlgos.tsv_max.txt', 65.14418787535121), ('Unnamed: 0-SUMMARYCustomAlgos.tsv_median.txt', 59.993653307565715), ('Unnamed: 0-SUMMARYCustomAlgos.tsv_q10.txt', 31.673733563807623), ('Unnamed: 0-SUMMARYCustomAlgos.tsv_min.txt', 23.77897038218998)]
L628	23052023--s--Lm--st--L628--p--C04--pos001--tm--24--ch--Syto9--z--21	L628	L455	[('Unnamed: 0-SUMMARYCustomAlgos.tsv_max.txt', 135.68550793911763), ('Unnamed: 0-SUMMARYCustomAlgos.tsv_min.txt', 90.93377560339405), ('Unnamed: 0-SUMMARYCustomAlgos.tsv_mean.txt', 76.3092505082891), ('Unnamed: 0-SUMMARYCustomAlgos.tsv_median.txt', 26.399051181452307), ('Unnamed: 0-SUMMARYCustomAlgos.tsv_q10.txt', 11.947178056995499)]
L628	23052023--s--Lm--st--L628--p--C04--pos002--tm--24--ch--Syto9--z--21	L628	19115	[('Unnamed: 0-SUMMARYCustomAlgos.tsv_max.txt', 223.41334074776884), ('Unnamed: 0-SUMMARYCustomAlgos.tsv_min.txt', 145.88222386042455), ('Unnamed: 0-SUMMARYCustomAlgos.tsv_mean.txt', 66.10055847489166), ('Unnamed: 0-SUMMARYCustomAlgos.tsv_median.txt', 32.31697033601402), ('Unnamed: 0-SUMMARYCustomAlgos.tsv_q10.txt', 6.787072744646017)]
L628	23052023--s--Lm--st--L628--p--C04--pos003--tm--24--ch--Syto9--z--21	L628	19115	[('Unnamed: 0-SUMMARYCustomAlgos.tsv_mean.txt', 84.98272203726329), ('Unnamed: 0-SUMMARYCustomAlgos.tsv_max.txt', 48.87212096232458), ('Unnamed: 0-SUMMARYCustomAlgos.tsv_median.txt', 40.66419227934316), ('Unnamed: 0-SUMMARYCustomAlgos.tsv_q10.txt', 32.63796527846455), ('Unnamed: 0-SUMMARYCustomAlgos.tsv_min.txt', 23.809149388833205)]
L628	23052023--s--Lm--st--L628--p--C04--pos004--tm--24--ch--Syto9--z--21	L628	19115	[('Unnamed: 0-SUMMARYCustomAlgos.tsv_mean.txt', 108.18023896000263), ('Unnamed: 0-SUMMARYCustomAlgos.tsv_q10.txt', 55.39286432077803), ('Unnamed: 0-SUMMARYCustomAlgos.tsv_min.txt', 53.485985105875336), ('Unnamed: 0-SUMMARYCustomAlgos.tsv_max.txt', 53.02803665889881), ('Unnamed: 0-SUMMARYCustomAlgos.tsv_median.txt', 34.511895511247666)]
L628	23052023--s--Lm--st--L628--p--C04--pos005--tm--24--ch--Syto9--z--21	L628	19115	[('Unnamed: 0-SUMMARYCustomAlgos.tsv_min.txt', 190.14371701638007), ('Unnamed: 0-SUMMARYCustomAlgos.tsv_max.txt', 136.97118958898804), ('Unnamed: 0-SUMMARYCustomAlgos.tsv_mean.txt', 70.3421135529361), ('Unnamed: 0-SUMMARYCustomAlgos.tsv_median.txt', 10.91461070431041), ('Unnamed: 0-SUMMARYCustomAlgos.tsv_q10.txt', 8.319626206780482)]
L628	23052023--s--Lm--st--L628--p--C05--pos001--tm--24--ch--Syto9--z--21	L628	L1323	[('Unnamed: 0-SUMMARYCustomAlgos.tsv_mean.txt', 213.96506051836954), ('Unnamed: 0-SUMMARYCustomAlgos.tsv_max.txt', 64.19766200603084), ('Unnamed: 0-SUMMARYCustomAlgos.tsv_min.txt', 51.16453245542019), ('Unnamed: 0-SUMMARYCustomAlgos.tsv_q10.txt', 2.0314912604989224), ('Unnamed: 0-SUMMARYCustomAlgos.tsv_median.txt', 0.6433714236327394)]
L628	23052023--s--Lm--st--L628--p--C05--pos002--tm--24--ch--Syto9--z--21	L628	L1323	[('Unnamed: 0-SUMMARYCustomAlgos.tsv_mean.txt', 53.92541215246673), ('Unnamed: 0-SUMMARYCustomAlgos.tsv_max.txt', 31.86534892597147), ('Unnamed: 0-SUMMARYCustomAlgos.tsv_min.txt', 23.694959711308464), ('Unnamed: 0-SUMMARYCustomAlgos.tsv_q10.txt', 15.065983805744569), ('Unnamed: 0-SUMMARYCustomAlgos.tsv_median.txt', 10.526594105509881)]
L628	23052023--s--Lm--st--L628--p--C05--pos003--tm--24--ch--Syto9--z--21	L628	19115	[('Unnamed: 0-SUMMARYCustomAlgos.tsv_mean.txt', 84.8793100991868), ('Unnamed: 0-SUMMARYCustomAlgos.tsv_min.txt', 81.33573222121616), ('Unnamed: 0-SUMMARYCustomAlgos.tsv_max.txt', 65.64470762072547), ('Unnamed: 0-SUMMARYCustomAlgos.tsv_median.txt', 18.518681626448462), ('Unnamed: 0-SUMMARYCustomAlgos.tsv_q10.txt', 10.589577370271536)]
L628	23052023--s--Lm--st--L628--p--C05--pos004--tm--24--ch--Syto9--z--21	L628	L1823	[('Unnamed: 0-SUMMARYCustomAlgos.tsv_max.txt', 65.38066532061977), ('Unnamed: 0-SUMMARYCustomAlgos.tsv_mean.txt', 64.92931358886186), ('Unnamed: 0-SUMMARYCustomAlgos.tsv_median.txt', 40.09749024631369), ('Unnamed: 0-SUMMARYCustomAlgos.tsv_q10.txt', 30.54067267997368), ('Unnamed: 0-SUMMARYCustomAlgos.tsv_min.txt', 29.16917733654944)]
L628	23052023--s--Lm--st--L628--p--C05--pos005--tm--24--ch--Syto9--z--21	L628	L1323	[('Unnamed: 0-SUMMARYCustomAlgos.tsv_min.txt', 75.35061249799281), ('Unnamed: 0-SUMMARYCustomAlgos.tsv_mean.txt', 52.25487216353698), ('Unnamed: 0-SUMMARYCustomAlgos.tsv_max.txt', 27.10357615399651), ('Unnamed: 0-SUMMARYCustomAlgos.tsv_median.txt', 19.424832127199757), ('Unnamed: 0-SUMMARYCustomAlgos.tsv_q10.txt', 2.5747252519225325)]
L628	23052023--s--Lm--st--L628--p--C06--pos001--tm--24--ch--Syto9--z--21	L628	L1323	[('Unnamed: 0-SUMMARYCustomAlgos.tsv_mean.txt', 97.94983089186078), ('Unnamed: 0-SUMMARYCustomAlgos.tsv_max.txt', 39.75008754832329), ('Unnamed: 0-SUMMARYCustomAlgos.tsv_min.txt', 24.59209013885678), ('Unnamed: 0-SUMMARYCustomAlgos.tsv_q10.txt', 18.71487418279797), ('Unnamed: 0-SUMMARYCustomAlgos.tsv_median.txt', 8.691916617003338)]
L628	23052023--s--Lm--st--L628--p--C06--pos002--tm--24--ch--Syto9--z--21	L628	19115	[('Unnamed: 0-SUMMARYCustomAlgos.tsv_max.txt', 224.5137211360601), ('Unnamed: 0-SUMMARYCustomAlgos.tsv_min.txt', 159.4844304182674), ('Unnamed: 0-SUMMARYCustomAlgos.tsv_mean.txt', 60.6969962710614), ('Unnamed: 0-SUMMARYCustomAlgos.tsv_median.txt', 21.854609978796713), ('Unnamed: 0-SUMMARYCustomAlgos.tsv_q10.txt', 0.5386430441330788)]
L628	23052023--s--Lm--st--L628--p--C06--pos003--tm--24--ch--Syto9--z--21	L628	L1323	[('Unnamed: 0-SUMMARYCustomAlgos.tsv_min.txt', 80.46027910762977), ('Unnamed: 0-SUMMARYCustomAlgos.tsv_mean.txt', 47.035289943746385), ('Unnamed: 0-SUMMARYCustomAlgos.tsv_max.txt', 27.138801401930497), ('Unnamed: 0-SUMMARYCustomAlgos.tsv_median.txt', 20.398977004068083), ('Unnamed: 0-SUMMARYCustomAlgos.tsv_q10.txt', 2.2701327482401674)]
L628	23052023--s--Lm--st--L628--p--C06--pos004--tm--24--ch--Syto9--z--21	L628	19115	[('Unnamed: 0-SUMMARYCustomAlgos.tsv_min.txt', 111.09919582192587), ('Unnamed: 0-SUMMARYCustomAlgos.tsv_mean.txt', 56.35226561505884), ('Unnamed: 0-SUMMARYCustomAlgos.tsv_max.txt', 51.767412860797855), ('Unnamed: 0-SUMMARYCustomAlgos.tsv_median.txt', 16.830676207739717), ('Unnamed: 0-SUMMARYCustomAlgos.tsv_q10.txt', 11.435512683005962)]
L628	23052023--s--Lm--st--L628--p--C06--pos005--tm--24--ch--Syto9--z--21	L628	L1323	[('Unnamed: 0-SUMMARYCustomAlgos.tsv_mean.txt', 97.4554726569477), ('Unnamed: 0-SUMMARYCustomAlgos.tsv_max.txt', 40.16143943719623), ('Unnamed: 0-SUMMARYCustomAlgos.tsv_min.txt', 24.67916845779773), ('Unnamed: 0-SUMMARYCustomAlgos.tsv_q10.txt', 15.011371020832144), ('Unnamed: 0-SUMMARYCustomAlgos.tsv_median.txt', 10.726449361845694)]
L628	23052023--s--Lm--st--L628--p--C08--pos001--tm--24--ch--Syto9--z--21	L628	L455	[('Unnamed: 0-SUMMARYCustomAlgos.tsv_min.txt', 76.36202375359066), ('Unnamed: 0-SUMMARYCustomAlgos.tsv_mean.txt', 65.39130973346016), ('Unnamed: 0-SUMMARYCustomAlgos.tsv_q10.txt', 54.052854498692774), ('Unnamed: 0-SUMMARYCustomAlgos.tsv_median.txt', 29.54325957568528), ('Unnamed: 0-SUMMARYCustomAlgos.tsv_max.txt', 25.672785656720517)]
L628	23052023--s--Lm--st--L628--p--C08--pos002--tm--24--ch--Syto9--z--21	L628	L1323	[('Unnamed: 0-SUMMARYCustomAlgos.tsv_mean.txt', 62.65764972061032), ('Unnamed: 0-SUMMARYCustomAlgos.tsv_max.txt', 31.372333892426994), ('Unnamed: 0-SUMMARYCustomAlgos.tsv_min.txt', 21.975603710687192), ('Unnamed: 0-SUMMARYCustomAlgos.tsv_q10.txt', 14.839545913446093), ('Unnamed: 0-SUMMARYCustomAlgos.tsv_median.txt', 11.261055144111834)]
L628	23052023--s--Lm--st--L628--p--C08--pos003--tm--24--ch--Syto9--z--21	L628	L1823	[('Unnamed: 0-SUMMARYCustomAlgos.tsv_mean.txt', 74.21316456441123), ('Unnamed: 0-SUMMARYCustomAlgos.tsv_max.txt', 56.7346228262473), ('Unnamed: 0-SUMMARYCustomAlgos.tsv_median.txt', 37.50554933994308), ('Unnamed: 0-SUMMARYCustomAlgos.tsv_q10.txt', 31.41885080542054), ('Unnamed: 0-SUMMARYCustomAlgos.tsv_min.txt', 29.22053429766313)]
L628	23052023--s--Lm--st--L628--p--C08--pos004--tm--24--ch--Syto9--z--21	L628	L455	[('Unnamed: 0-SUMMARYCustomAlgos.tsv_max.txt', 180.71398532996648), ('Unnamed: 0-SUMMARYCustomAlgos.tsv_min.txt', 120.04383887448395), ('Unnamed: 0-SUMMARYCustomAlgos.tsv_median.txt', 63.17597659219671), ('Unnamed: 0-SUMMARYCustomAlgos.tsv_mean.txt', 59.93587651970233), ('Unnamed: 0-SUMMARYCustomAlgos.tsv_q10.txt', 48.63902062684179)]
L628	23052023--s--Lm--st--L628--p--C08--pos005--tm--24--ch--Syto9--z--21	L628	L455	[('Unnamed: 0-SUMMARYCustomAlgos.tsv_mean.txt', 46.33327564095167), ('Unnamed: 0-SUMMARYCustomAlgos.tsv_max.txt', 35.22506286643995), ('Unnamed: 0-SUMMARYCustomAlgos.tsv_min.txt', 25.73626882929392), ('Unnamed: 0-SUMMARYCustomAlgos.tsv_median.txt', 25.163258946727787), ('Unnamed: 0-SUMMARYCustomAlgos.tsv_q10.txt', 13.989094638447911)]
L628	23052023--s--Lm--st--L628--p--C09--pos001--tm--24--ch--Syto9--z--21	L628	19115	[('Unnamed: 0-SUMMARYCustomAlgos.tsv_max.txt', 145.12632515393904), ('Unnamed: 0-SUMMARYCustomAlgos.tsv_min.txt', 138.95723968318228), ('Unnamed: 0-SUMMARYCustomAlgos.tsv_median.txt', 29.741526766505395), ('Unnamed: 0-SUMMARYCustomAlgos.tsv_mean.txt', 18.663056650400993), ('Unnamed: 0-SUMMARYCustomAlgos.tsv_q10.txt', 6.56704308385732)]
L628	23052023--s--Lm--st--L628--p--C09--pos002--tm--24--ch--Syto9--z--21	L628	19115	[('Unnamed: 0-SUMMARYCustomAlgos.tsv_min.txt', 190.14371701638007), ('Unnamed: 0-SUMMARYCustomAlgos.tsv_max.txt', 136.97118958898804), ('Unnamed: 0-SUMMARYCustomAlgos.tsv_mean.txt', 70.3421135529361), ('Unnamed: 0-SUMMARYCustomAlgos.tsv_median.txt', 10.91461070431041), ('Unnamed: 0-SUMMARYCustomAlgos.tsv_q10.txt', 8.104403956477935)]
L628	23052023--s--Lm--st--L628--p--C09--pos003--tm--24--ch--Syto9--z--21	L628	L1323	[('Unnamed: 0-SUMMARYCustomAlgos.tsv_mean.txt', 45.033452159944446), ('Unnamed: 0-SUMMARYCustomAlgos.tsv_max.txt', 41.70820845992059), ('Unnamed: 0-SUMMARYCustomAlgos.tsv_min.txt', 24.7644864335367), ('Unnamed: 0-SUMMARYCustomAlgos.tsv_q10.txt', 20.93281189197905), ('Unnamed: 0-SUMMARYCustomAlgos.tsv_median.txt', 10.28855892760484)]
L628	23052023--s--Lm--st--L628--p--C09--pos004--tm--24--ch--Syto9--z--21	L628	L1323	[('Unnamed: 0-SUMMARYCustomAlgos.tsv_min.txt', 49.645602043551044), ('Unnamed: 0-SUMMARYCustomAlgos.tsv_mean.txt', 42.97968890334418), ('Unnamed: 0-SUMMARYCustomAlgos.tsv_max.txt', 39.13590687719199), ('Unnamed: 0-SUMMARYCustomAlgos.tsv_median.txt', 15.096171797371161), ('Unnamed: 0-SUMMARYCustomAlgos.tsv_q10.txt', 8.890362070920544)]
L628	23052023--s--Lm--st--L628--p--C09--pos005--tm--24--ch--Syto9--z--21	L628	L634	[('Unnamed: 0-SUMMARYCustomAlgos.tsv_max.txt', 93.09201209872207), ('Unnamed: 0-SUMMARYCustomAlgos.tsv_mean.txt', 86.85606788994512), ('Unnamed: 0-SUMMARYCustomAlgos.tsv_min.txt', 40.73182241856704), ('Unnamed: 0-SUMMARYCustomAlgos.tsv_median.txt', 23.216315078351855), ('Unnamed: 0-SUMMARYCustomAlgos.tsv_q10.txt', 13.03926378842799)]
L628	23052023--s--Lm--st--L628--p--C10--pos001--tm--24--ch--Syto9--z--21	L628	L455	[('Unnamed: 0-SUMMARYCustomAlgos.tsv_max.txt', 42.17365477430564), ('Unnamed: 0-SUMMARYCustomAlgos.tsv_min.txt', 33.26129649799462), ('Unnamed: 0-SUMMARYCustomAlgos.tsv_mean.txt', 32.978670742439405), ('Unnamed: 0-SUMMARYCustomAlgos.tsv_q10.txt', 18.20113702216695), ('Unnamed: 0-SUMMARYCustomAlgos.tsv_median.txt', 9.136517856489007)]
L628	23052023--s--Lm--st--L628--p--C10--pos002--tm--24--ch--Syto9--z--21	L628	L1323	[('Unnamed: 0-SUMMARYCustomAlgos.tsv_mean.txt', 209.94900386841303), ('Unnamed: 0-SUMMARYCustomAlgos.tsv_max.txt', 63.215128679519076), ('Unnamed: 0-SUMMARYCustomAlgos.tsv_min.txt', 50.30810557252826), ('Unnamed: 0-SUMMARYCustomAlgos.tsv_q10.txt', 3.08116784775889), ('Unnamed: 0-SUMMARYCustomAlgos.tsv_median.txt', 1.1900140439315923)]
L628	23052023--s--Lm--st--L628--p--C10--pos003--tm--24--ch--Syto9--z--21	L628	L1823	[('Unnamed: 0-SUMMARYCustomAlgos.tsv_mean.txt', 84.22030560067024), ('Unnamed: 0-SUMMARYCustomAlgos.tsv_max.txt', 47.64158967763139), ('Unnamed: 0-SUMMARYCustomAlgos.tsv_median.txt', 36.6668164181273), ('Unnamed: 0-SUMMARYCustomAlgos.tsv_q10.txt', 30.987083634849228), ('Unnamed: 0-SUMMARYCustomAlgos.tsv_min.txt', 24.8196323465175)]
L628	23052023--s--Lm--st--L628--p--C10--pos004--tm--24--ch--Syto9--z--21	L628	L455	[('Unnamed: 0-SUMMARYCustomAlgos.tsv_mean.txt', 57.16801509438809), ('Unnamed: 0-SUMMARYCustomAlgos.tsv_min.txt', 42.215858690311855), ('Unnamed: 0-SUMMARYCustomAlgos.tsv_max.txt', 36.48907330709714), ('Unnamed: 0-SUMMARYCustomAlgos.tsv_median.txt', 24.583916931913983), ('Unnamed: 0-SUMMARYCustomAlgos.tsv_q10.txt', 20.433412433864895)]
L628	23052023--s--Lm--st--L628--p--C10--pos005--tm--24--ch--Syto9--z--21	L628	L1323	[('Unnamed: 0-SUMMARYCustomAlgos.tsv_max.txt', 77.38022028753102), ('Unnamed: 0-SUMMARYCustomAlgos.tsv_mean.txt', 49.37606541598383), ('Unnamed: 0-SUMMARYCustomAlgos.tsv_median.txt', 36.9561306915107), ('Unnamed: 0-SUMMARYCustomAlgos.tsv_min.txt', 28.60680350824467), ('Unnamed: 0-SUMMARYCustomAlgos.tsv_q10.txt', 16.556318945624408)]
L628	23052023--s--Lm--st--L628--p--D03--pos001--tm--24--ch--Syto9--z--21	L628	L455	[('Unnamed: 0-SUMMARYCustomAlgos.tsv_min.txt', 67.38844765618616), ('Unnamed: 0-SUMMARYCustomAlgos.tsv_max.txt', 61.38304820437994), ('Unnamed: 0-SUMMARYCustomAlgos.tsv_mean.txt', 44.100541463133666), ('Unnamed: 0-SUMMARYCustomAlgos.tsv_q10.txt', 33.60738240229658), ('Unnamed: 0-SUMMARYCustomAlgos.tsv_median.txt', 32.15744554433366)]
L628	23052023--s--Lm--st--L628--p--D03--pos003--tm--24--ch--Syto9--z--21	L628	L1323	[('Unnamed: 0-SUMMARYCustomAlgos.tsv_mean.txt', 84.76813968192029), ('Unnamed: 0-SUMMARYCustomAlgos.tsv_max.txt', 76.13902114962688), ('Unnamed: 0-SUMMARYCustomAlgos.tsv_min.txt', 40.442913963966596), ('Unnamed: 0-SUMMARYCustomAlgos.tsv_median.txt', 21.683535197778802), ('Unnamed: 0-SUMMARYCustomAlgos.tsv_q10.txt', 14.59777562045896)]
L628	23052023--s--Lm--st--L628--p--D03--pos004--tm--24--ch--Syto9--z--21	L628	19115	[('Unnamed: 0-SUMMARYCustomAlgos.tsv_mean.txt', 77.68342710113112), ('Unnamed: 0-SUMMARYCustomAlgos.tsv_max.txt', 58.86764692199007), ('Unnamed: 0-SUMMARYCustomAlgos.tsv_median.txt', 37.63239006207598), ('Unnamed: 0-SUMMARYCustomAlgos.tsv_q10.txt', 31.239259443963697), ('Unnamed: 0-SUMMARYCustomAlgos.tsv_min.txt', 30.285724176571875)]
L628	23052023--s--Lm--st--L628--p--D03--pos005--tm--24--ch--Syto9--z--21	L628	L1323	[('Unnamed: 0-SUMMARYCustomAlgos.tsv_mean.txt', 95.09927927062625), ('Unnamed: 0-SUMMARYCustomAlgos.tsv_max.txt', 74.56801114809586), ('Unnamed: 0-SUMMARYCustomAlgos.tsv_min.txt', 41.01506433703716), ('Unnamed: 0-SUMMARYCustomAlgos.tsv_median.txt', 21.448248075709667), ('Unnamed: 0-SUMMARYCustomAlgos.tsv_q10.txt', 15.605494145808413)]
L628	23052023--s--Lm--st--L628--p--D04--pos001--tm--24--ch--Syto9--z--21	L628	L455	[('Unnamed: 0-SUMMARYCustomAlgos.tsv_max.txt', 53.26069422619165), ('Unnamed: 0-SUMMARYCustomAlgos.tsv_min.txt', 25.717734367334586), ('Unnamed: 0-SUMMARYCustomAlgos.tsv_mean.txt', 25.29123396236346), ('Unnamed: 0-SUMMARYCustomAlgos.tsv_q10.txt', 18.25451679149304), ('Unnamed: 0-SUMMARYCustomAlgos.tsv_median.txt', 6.184877289044982)]
L628	23052023--s--Lm--st--L628--p--D04--pos002--tm--24--ch--Syto9--z--21	L628	L1323	[('Unnamed: 0-SUMMARYCustomAlgos.tsv_mean.txt', 92.24468792915074), ('Unnamed: 0-SUMMARYCustomAlgos.tsv_max.txt', 43.44718904747315), ('Unnamed: 0-SUMMARYCustomAlgos.tsv_min.txt', 26.481976110312367), ('Unnamed: 0-SUMMARYCustomAlgos.tsv_q10.txt', 13.98339778858261), ('Unnamed: 0-SUMMARYCustomAlgos.tsv_median.txt', 4.300061035998669)]
L628	23052023--s--Lm--st--L628--p--D04--pos003--tm--24--ch--Syto9--z--21	L628	L1323	[('Unnamed: 0-SUMMARYCustomAlgos.tsv_mean.txt', 46.62371456119347), ('Unnamed: 0-SUMMARYCustomAlgos.tsv_max.txt', 38.43769001808688), ('Unnamed: 0-SUMMARYCustomAlgos.tsv_min.txt', 36.48409366019601), ('Unnamed: 0-SUMMARYCustomAlgos.tsv_median.txt', 16.716024926173624), ('Unnamed: 0-SUMMARYCustomAlgos.tsv_q10.txt', 13.495791401001057)]
L628	23052023--s--Lm--st--L628--p--D04--pos004--tm--24--ch--Syto9--z--21	L628	L1323	[('Unnamed: 0-SUMMARYCustomAlgos.tsv_mean.txt', 94.51231758830845), ('Unnamed: 0-SUMMARYCustomAlgos.tsv_max.txt', 43.647105445944156), ('Unnamed: 0-SUMMARYCustomAlgos.tsv_min.txt', 22.98308947147406), ('Unnamed: 0-SUMMARYCustomAlgos.tsv_q10.txt', 14.01180738439121), ('Unnamed: 0-SUMMARYCustomAlgos.tsv_median.txt', 7.2068602885526944)]
L628	23052023--s--Lm--st--L628--p--D04--pos005--tm--24--ch--Syto9--z--21	L628	L1323	[('Unnamed: 0-SUMMARYCustomAlgos.tsv_mean.txt', 95.34256852270522), ('Unnamed: 0-SUMMARYCustomAlgos.tsv_max.txt', 41.40605125583421), ('Unnamed: 0-SUMMARYCustomAlgos.tsv_min.txt', 24.74752227609232), ('Unnamed: 0-SUMMARYCustomAlgos.tsv_q10.txt', 13.602838802167192), ('Unnamed: 0-SUMMARYCustomAlgos.tsv_median.txt', 7.534495039752957)]
L628	23052023--s--Lm--st--L628--p--D05--pos001--tm--24--ch--Syto9--z--21	L628	L634	[('Unnamed: 0-SUMMARYCustomAlgos.tsv_mean.txt', 57.361577438799394), ('Unnamed: 0-SUMMARYCustomAlgos.tsv_max.txt', 27.025135139006448), ('Unnamed: 0-SUMMARYCustomAlgos.tsv_min.txt', 21.10116371244798), ('Unnamed: 0-SUMMARYCustomAlgos.tsv_q10.txt', 16.562361438897643), ('Unnamed: 0-SUMMARYCustomAlgos.tsv_median.txt', 11.344515696278979)]
L628	23052023--s--Lm--st--L628--p--D05--pos002--tm--24--ch--Syto9--z--21	L628	19115	[('Unnamed: 0-SUMMARYCustomAlgos.tsv_min.txt', 152.40435053905932), ('Unnamed: 0-SUMMARYCustomAlgos.tsv_max.txt', 150.67460164165345), ('Unnamed: 0-SUMMARYCustomAlgos.tsv_median.txt', 19.194450040950617), ('Unnamed: 0-SUMMARYCustomAlgos.tsv_mean.txt', 16.715455251839483), ('Unnamed: 0-SUMMARYCustomAlgos.tsv_q10.txt', 0.6483027985390102)]
L628	23052023--s--Lm--st--L628--p--D05--pos003--tm--24--ch--Syto9--z--21	L628	L1323	[('Unnamed: 0-SUMMARYCustomAlgos.tsv_mean.txt', 42.662700033725116), ('Unnamed: 0-SUMMARYCustomAlgos.tsv_max.txt', 40.20689811054038), ('Unnamed: 0-SUMMARYCustomAlgos.tsv_min.txt', 27.681910004279075), ('Unnamed: 0-SUMMARYCustomAlgos.tsv_q10.txt', 16.37785972367057), ('Unnamed: 0-SUMMARYCustomAlgos.tsv_median.txt', 9.759873626507066)]
L628	23052023--s--Lm--st--L628--p--D05--pos004--tm--24--ch--Syto9--z--21	L628	L1323	[('Unnamed: 0-SUMMARYCustomAlgos.tsv_mean.txt', 96.25106902932919), ('Unnamed: 0-SUMMARYCustomAlgos.tsv_max.txt', 40.934797009683095), ('Unnamed: 0-SUMMARYCustomAlgos.tsv_min.txt', 31.323451099746613), ('Unnamed: 0-SUMMARYCustomAlgos.tsv_q10.txt', 16.160294873528233), ('Unnamed: 0-SUMMARYCustomAlgos.tsv_median.txt', 9.018952601860095)]
L628	23052023--s--Lm--st--L628--p--D05--pos005--tm--24--ch--Syto9--z--21	L628	L1323	[('Unnamed: 0-SUMMARYCustomAlgos.tsv_mean.txt', 83.55141767430882), ('Unnamed: 0-SUMMARYCustomAlgos.tsv_max.txt', 33.66604840172973), ('Unnamed: 0-SUMMARYCustomAlgos.tsv_min.txt', 22.523039596472934), ('Unnamed: 0-SUMMARYCustomAlgos.tsv_q10.txt', 17.217819819015755), ('Unnamed: 0-SUMMARYCustomAlgos.tsv_median.txt', 9.089853103536496)]
19115	25042023--s--Lm--st--19115--p--C03--pos001--tm--24--ch--Syto9--z--21	19115	L634	[('Unnamed: 0-SUMMARYCustomAlgos.tsv_max.txt', 83.16981450073862), ('Unnamed: 0-SUMMARYCustomAlgos.tsv_min.txt', 53.77196922411891), ('Unnamed: 0-SUMMARYCustomAlgos.tsv_median.txt', 36.771680221398974), ('Unnamed: 0-SUMMARYCustomAlgos.tsv_mean.txt', 33.16749205056977), ('Unnamed: 0-SUMMARYCustomAlgos.tsv_q10.txt', 20.189440474314228)]
19115	25042023--s--Lm--st--19115--p--C03--pos003--tm--24--ch--Syto9--z--21	19115	L634	[('Unnamed: 0-SUMMARYCustomAlgos.tsv_max.txt', 145.55112654489855), ('Unnamed: 0-SUMMARYCustomAlgos.tsv_median.txt', 38.71179920177278), ('Unnamed: 0-SUMMARYCustomAlgos.tsv_q10.txt', 7.529032266412475), ('Unnamed: 0-SUMMARYCustomAlgos.tsv_min.txt', 5.0991389216255305), ('Unnamed: 0-SUMMARYCustomAlgos.tsv_mean.txt', 0.9830598871955801)]
19115	25042023--s--Lm--st--19115--p--C03--pos004--tm--24--ch--Syto9--z--21	19115	L634	[('Unnamed: 0-SUMMARYCustomAlgos.tsv_mean.txt', 85.71641599838955), ('Unnamed: 0-SUMMARYCustomAlgos.tsv_min.txt', 56.211369321412405), ('Unnamed: 0-SUMMARYCustomAlgos.tsv_max.txt', 43.02311349194373), ('Unnamed: 0-SUMMARYCustomAlgos.tsv_q10.txt', 29.793323904557973), ('Unnamed: 0-SUMMARYCustomAlgos.tsv_median.txt', 25.141242133419066)]
19115	25042023--s--Lm--st--19115--p--C03--pos005--tm--24--ch--Syto9--z--21	19115	L634	[('Unnamed: 0-SUMMARYCustomAlgos.tsv_max.txt', 145.6678421088853), ('Unnamed: 0-SUMMARYCustomAlgos.tsv_median.txt', 39.27375387967304), ('Unnamed: 0-SUMMARYCustomAlgos.tsv_q10.txt', 8.427916517497344), ('Unnamed: 0-SUMMARYCustomAlgos.tsv_min.txt', 3.5940494107809005), ('Unnamed: 0-SUMMARYCustomAlgos.tsv_mean.txt', 0.9038682205289135)]
19115	25042023--s--Lm--st--19115--p--C04--pos003--tm--24--ch--Syto9--z--21	19115	L455	[('Unnamed: 0-SUMMARYCustomAlgos.tsv_max.txt', 135.78260992893652), ('Unnamed: 0-SUMMARYCustomAlgos.tsv_median.txt', 39.516007697255965), ('Unnamed: 0-SUMMARYCustomAlgos.tsv_q10.txt', 18.46812292994508), ('Unnamed: 0-SUMMARYCustomAlgos.tsv_mean.txt', 16.232807581062726), ('Unnamed: 0-SUMMARYCustomAlgos.tsv_min.txt', 10.713418544616799)]
19115	25042023--s--Lm--st--19115--p--C04--pos004--tm--24--ch--Syto9--z--21	19115	L634	[('Unnamed: 0-SUMMARYCustomAlgos.tsv_mean.txt', 88.5674731172891), ('Unnamed: 0-SUMMARYCustomAlgos.tsv_min.txt', 62.41858990140713), ('Unnamed: 0-SUMMARYCustomAlgos.tsv_max.txt', 41.662237712222), ('Unnamed: 0-SUMMARYCustomAlgos.tsv_q10.txt', 40.33025876717084), ('Unnamed: 0-SUMMARYCustomAlgos.tsv_median.txt', 36.26025647506815)]
19115	25042023--s--Lm--st--19115--p--C04--pos005--tm--24--ch--Syto9--z--21	19115	L1323	[('Unnamed: 0-SUMMARYCustomAlgos.tsv_q10.txt', 75.15416285287606), ('Unnamed: 0-SUMMARYCustomAlgos.tsv_mean.txt', 67.1661543619882), ('Unnamed: 0-SUMMARYCustomAlgos.tsv_median.txt', 37.967359937112235), ('Unnamed: 0-SUMMARYCustomAlgos.tsv_max.txt', 37.37425183873072), ('Unnamed: 0-SUMMARYCustomAlgos.tsv_min.txt', 35.08398288855162)]
19115	25042023--s--Lm--st--19115--p--C05--pos001--tm--24--ch--Syto9--z--21	19115	L394	[('Unnamed: 0-SUMMARYCustomAlgos.tsv_max.txt', 190.96843150534076), ('Unnamed: 0-SUMMARYCustomAlgos.tsv_min.txt', 43.8462371295329), ('Unnamed: 0-SUMMARYCustomAlgos.tsv_median.txt', 39.424637343528104), ('Unnamed: 0-SUMMARYCustomAlgos.tsv_mean.txt', 37.14492721090414), ('Unnamed: 0-SUMMARYCustomAlgos.tsv_q10.txt', 24.75765567671099)]
19115	25042023--s--Lm--st--19115--p--C05--pos002--tm--24--ch--Syto9--z--21	19115	L455	[('Unnamed: 0-SUMMARYCustomAlgos.tsv_max.txt', 56.24848608372627), ('Unnamed: 0-SUMMARYCustomAlgos.tsv_min.txt', 50.46676242091983), ('Unnamed: 0-SUMMARYCustomAlgos.tsv_median.txt', 32.812954351099485), ('Unnamed: 0-SUMMARYCustomAlgos.tsv_mean.txt', 32.53339740999954), ('Unnamed: 0-SUMMARYCustomAlgos.tsv_q10.txt', 18.340465824196066)]
19115	25042023--s--Lm--st--19115--p--C05--pos003--tm--24--ch--Syto9--z--21	19115	L1323	[('Unnamed: 0-SUMMARYCustomAlgos.tsv_mean.txt', 71.85105851383501), ('Unnamed: 0-SUMMARYCustomAlgos.tsv_q10.txt', 62.67688008399907), ('Unnamed: 0-SUMMARYCustomAlgos.tsv_max.txt', 33.47323024718961), ('Unnamed: 0-SUMMARYCustomAlgos.tsv_min.txt', 31.64554582613468), ('Unnamed: 0-SUMMARYCustomAlgos.tsv_median.txt', 30.93247215605081)]
19115	25042023--s--Lm--st--19115--p--C05--pos004--tm--24--ch--Syto9--z--21	19115	L1323	[('Unnamed: 0-SUMMARYCustomAlgos.tsv_q10.txt', 55.84176811968554), ('Unnamed: 0-SUMMARYCustomAlgos.tsv_mean.txt', 48.6211830070874), ('Unnamed: 0-SUMMARYCustomAlgos.tsv_max.txt', 34.687134729933796), ('Unnamed: 0-SUMMARYCustomAlgos.tsv_median.txt', 26.943679852868794), ('Unnamed: 0-SUMMARYCustomAlgos.tsv_min.txt', 19.586767152857337)]
19115	25042023--s--Lm--st--19115--p--C05--pos005--tm--24--ch--Syto9--z--21	19115	L634	[('Unnamed: 0-SUMMARYCustomAlgos.tsv_q10.txt', 42.58194636434379), ('Unnamed: 0-SUMMARYCustomAlgos.tsv_max.txt', 41.65418245665107), ('Unnamed: 0-SUMMARYCustomAlgos.tsv_min.txt', 33.440593170321605), ('Unnamed: 0-SUMMARYCustomAlgos.tsv_mean.txt', 26.91560662238428), ('Unnamed: 0-SUMMARYCustomAlgos.tsv_median.txt', 26.284297919811305)]
19115	25042023--s--Lm--st--19115--p--C06--pos001--tm--24--ch--Syto9--z--21	19115	L1323	[('Unnamed: 0-SUMMARYCustomAlgos.tsv_max.txt', 62.47745972154088), ('Unnamed: 0-SUMMARYCustomAlgos.tsv_min.txt', 53.16875369180831), ('Unnamed: 0-SUMMARYCustomAlgos.tsv_mean.txt', 34.78106043191456), ('Unnamed: 0-SUMMARYCustomAlgos.tsv_median.txt', 33.41956644697146), ('Unnamed: 0-SUMMARYCustomAlgos.tsv_q10.txt', 21.21796564827135)]
19115	25042023--s--Lm--st--19115--p--C06--pos002--tm--24--ch--Syto9--z--21	19115	L1764	[('Unnamed: 0-SUMMARYCustomAlgos.tsv_max.txt', 46.857316009434), ('Unnamed: 0-SUMMARYCustomAlgos.tsv_min.txt', 36.99530174011674), ('Unnamed: 0-SUMMARYCustomAlgos.tsv_median.txt', 36.482967916777355), ('Unnamed: 0-SUMMARYCustomAlgos.tsv_mean.txt', 30.053780004336136), ('Unnamed: 0-SUMMARYCustomAlgos.tsv_q10.txt', 23.547404621646255)]
19115	25042023--s--Lm--st--19115--p--C06--pos003--tm--24--ch--Syto9--z--21	19115	L634	[('Unnamed: 0-SUMMARYCustomAlgos.tsv_mean.txt', 49.45530381732674), ('Unnamed: 0-SUMMARYCustomAlgos.tsv_q10.txt', 48.98442486171588), ('Unnamed: 0-SUMMARYCustomAlgos.tsv_max.txt', 32.26449740767336), ('Unnamed: 0-SUMMARYCustomAlgos.tsv_median.txt', 31.99866678903423), ('Unnamed: 0-SUMMARYCustomAlgos.tsv_min.txt', 29.933376400581942)]
19115	25042023--s--Lm--st--19115--p--C06--pos004--tm--24--ch--Syto9--z--21	19115	L634	[('Unnamed: 0-SUMMARYCustomAlgos.tsv_mean.txt', 61.91510801607208), ('Unnamed: 0-SUMMARYCustomAlgos.tsv_q10.txt', 40.009420099960934), ('Unnamed: 0-SUMMARYCustomAlgos.tsv_max.txt', 38.80275541100223), ('Unnamed: 0-SUMMARYCustomAlgos.tsv_min.txt', 28.238029604167593), ('Unnamed: 0-SUMMARYCustomAlgos.tsv_median.txt', 27.982167624458537)]
19115	25042023--s--Lm--st--19115--p--C07--pos001--tm--24--ch--Syto9--z--21	19115	L1823	[('Unnamed: 0-SUMMARYCustomAlgos.tsv_mean.txt', 63.33343329084248), ('Unnamed: 0-SUMMARYCustomAlgos.tsv_q10.txt', 57.03562302379453), ('Unnamed: 0-SUMMARYCustomAlgos.tsv_max.txt', 49.720234279137586), ('Unnamed: 0-SUMMARYCustomAlgos.tsv_median.txt', 30.245001394099774), ('Unnamed: 0-SUMMARYCustomAlgos.tsv_min.txt', 25.50190570027074)]
19115	25042023--s--Lm--st--19115--p--C07--pos002--tm--24--ch--Syto9--z--21	19115	L1323	[('Unnamed: 0-SUMMARYCustomAlgos.tsv_mean.txt', 73.90784739372383), ('Unnamed: 0-SUMMARYCustomAlgos.tsv_max.txt', 66.14228397829575), ('Unnamed: 0-SUMMARYCustomAlgos.tsv_median.txt', 35.71414159628538), ('Unnamed: 0-SUMMARYCustomAlgos.tsv_q10.txt', 32.32062436870951), ('Unnamed: 0-SUMMARYCustomAlgos.tsv_min.txt', 28.255235983305617)]
19115	25042023--s--Lm--st--19115--p--C07--pos003--tm--24--ch--Syto9--z--21	19115	L634	[('Unnamed: 0-SUMMARYCustomAlgos.tsv_max.txt', 147.04853809416147), ('Unnamed: 0-SUMMARYCustomAlgos.tsv_median.txt', 34.52640812389509), ('Unnamed: 0-SUMMARYCustomAlgos.tsv_q10.txt', 14.55482561599965), ('Unnamed: 0-SUMMARYCustomAlgos.tsv_mean.txt', 14.524711357886495), ('Unnamed: 0-SUMMARYCustomAlgos.tsv_min.txt', 10.219743326857861)]
19115	25042023--s--Lm--st--19115--p--C07--pos004--tm--24--ch--Syto9--z--21	19115	L634	[('Unnamed: 0-SUMMARYCustomAlgos.tsv_mean.txt', 58.284443279051075), ('Unnamed: 0-SUMMARYCustomAlgos.tsv_max.txt', 38.52059880997109), ('Unnamed: 0-SUMMARYCustomAlgos.tsv_q10.txt', 33.17132951401789), ('Unnamed: 0-SUMMARYCustomAlgos.tsv_min.txt', 31.359785418918538), ('Unnamed: 0-SUMMARYCustomAlgos.tsv_median.txt', 27.17441544940249)]
19115	25042023--s--Lm--st--19115--p--C08--pos001--tm--24--ch--Syto9--z--21	19115	L1323	[('Unnamed: 0-SUMMARYCustomAlgos.tsv_max.txt', 89.82423055433459), ('Unnamed: 0-SUMMARYCustomAlgos.tsv_mean.txt', 71.990548193586), ('Unnamed: 0-SUMMARYCustomAlgos.tsv_median.txt', 38.79093325680017), ('Unnamed: 0-SUMMARYCustomAlgos.tsv_q10.txt', 30.895878492076), ('Unnamed: 0-SUMMARYCustomAlgos.tsv_min.txt', 27.474071998038596)]
19115	25042023--s--Lm--st--19115--p--C08--pos003--tm--24--ch--Syto9--z--21	19115	L634	[('Unnamed: 0-SUMMARYCustomAlgos.tsv_max.txt', 148.24566211767828), ('Unnamed: 0-SUMMARYCustomAlgos.tsv_median.txt', 38.29345903384482), ('Unnamed: 0-SUMMARYCustomAlgos.tsv_q10.txt', 12.705295570357164), ('Unnamed: 0-SUMMARYCustomAlgos.tsv_mean.txt', 12.490762880324585), ('Unnamed: 0-SUMMARYCustomAlgos.tsv_min.txt', 7.555023187784764)]
19115	25042023--s--Lm--st--19115--p--C08--pos004--tm--24--ch--Syto9--z--21	19115	L634	[('Unnamed: 0-SUMMARYCustomAlgos.tsv_max.txt', 137.2443106071021), ('Unnamed: 0-SUMMARYCustomAlgos.tsv_median.txt', 37.8778995070815), ('Unnamed: 0-SUMMARYCustomAlgos.tsv_q10.txt', 16.43681939218089), ('Unnamed: 0-SUMMARYCustomAlgos.tsv_mean.txt', 16.1118573201054), ('Unnamed: 0-SUMMARYCustomAlgos.tsv_min.txt', 9.824114179523947)]
19115	25042023--s--Lm--st--19115--p--C08--pos005--tm--24--ch--Syto9--z--21	19115	L634	[('Unnamed: 0-SUMMARYCustomAlgos.tsv_mean.txt', 62.83038693575297), ('Unnamed: 0-SUMMARYCustomAlgos.tsv_q10.txt', 55.28381637390367), ('Unnamed: 0-SUMMARYCustomAlgos.tsv_max.txt', 38.118160118192726), ('Unnamed: 0-SUMMARYCustomAlgos.tsv_median.txt', 32.34413198549525), ('Unnamed: 0-SUMMARYCustomAlgos.tsv_min.txt', 29.267800870014216)]
19115	25042023--s--Lm--st--19115--p--D04--pos002--tm--24--ch--Syto9--z--21	19115	L634	[('Unnamed: 0-SUMMARYCustomAlgos.tsv_mean.txt', 54.3609886266714), ('Unnamed: 0-SUMMARYCustomAlgos.tsv_q10.txt', 49.31594018071863), ('Unnamed: 0-SUMMARYCustomAlgos.tsv_max.txt', 32.65402024126026), ('Unnamed: 0-SUMMARYCustomAlgos.tsv_median.txt', 31.505666833035463), ('Unnamed: 0-SUMMARYCustomAlgos.tsv_min.txt', 30.366342460721235)]
19115	25042023--s--Lm--st--19115--p--D04--pos003--tm--24--ch--Syto9--z--21	19115	L634	[('Unnamed: 0-SUMMARYCustomAlgos.tsv_max.txt', 156.33389168191135), ('Unnamed: 0-SUMMARYCustomAlgos.tsv_median.txt', 39.22322703241574), ('Unnamed: 0-SUMMARYCustomAlgos.tsv_q10.txt', 16.96316838347458), ('Unnamed: 0-SUMMARYCustomAlgos.tsv_mean.txt', 10.614338261302455), ('Unnamed: 0-SUMMARYCustomAlgos.tsv_min.txt', 6.478391604086709)]
19115	25042023--s--Lm--st--19115--p--D04--pos004--tm--24--ch--Syto9--z--21	19115	L634	[('Unnamed: 0-SUMMARYCustomAlgos.tsv_mean.txt', 64.43145209807908), ('Unnamed: 0-SUMMARYCustomAlgos.tsv_q10.txt', 47.833064062468566), ('Unnamed: 0-SUMMARYCustomAlgos.tsv_max.txt', 38.61276412692119), ('Unnamed: 0-SUMMARYCustomAlgos.tsv_min.txt', 32.72603836419444), ('Unnamed: 0-SUMMARYCustomAlgos.tsv_median.txt', 31.9331621933508)]
19115	25042023--s--Lm--st--19115--p--D04--pos005--tm--24--ch--Syto9--z--21	19115	L634	[('Unnamed: 0-SUMMARYCustomAlgos.tsv_mean.txt', 67.46639808576562), ('Unnamed: 0-SUMMARYCustomAlgos.tsv_q10.txt', 57.76501347571792), ('Unnamed: 0-SUMMARYCustomAlgos.tsv_max.txt', 54.527954405287794), ('Unnamed: 0-SUMMARYCustomAlgos.tsv_median.txt', 36.966130928326415), ('Unnamed: 0-SUMMARYCustomAlgos.tsv_min.txt', 30.867431882240748)]
19115	25042023--s--Lm--st--19115--p--D05--pos001--tm--24--ch--Syto9--z--21	19115	L1323	[('Unnamed: 0-SUMMARYCustomAlgos.tsv_mean.txt', 63.44600799614304), ('Unnamed: 0-SUMMARYCustomAlgos.tsv_q10.txt', 53.64935965993367), ('Unnamed: 0-SUMMARYCustomAlgos.tsv_max.txt', 44.55918326365096), ('Unnamed: 0-SUMMARYCustomAlgos.tsv_median.txt', 31.35328125463291), ('Unnamed: 0-SUMMARYCustomAlgos.tsv_min.txt', 26.871973532592566)]
19115	25042023--s--Lm--st--19115--p--D05--pos002--tm--24--ch--Syto9--z--21	19115	L634	[('Unnamed: 0-SUMMARYCustomAlgos.tsv_mean.txt', 70.30157653860748), ('Unnamed: 0-SUMMARYCustomAlgos.tsv_max.txt', 56.30854446009341), ('Unnamed: 0-SUMMARYCustomAlgos.tsv_median.txt', 35.87629893613291), ('Unnamed: 0-SUMMARYCustomAlgos.tsv_q10.txt', 31.432465229716072), ('Unnamed: 0-SUMMARYCustomAlgos.tsv_min.txt', 28.180401384799286)]
19115	25042023--s--Lm--st--19115--p--D05--pos003--tm--24--ch--Syto9--z--21	19115	L1323	[('Unnamed: 0-SUMMARYCustomAlgos.tsv_max.txt', 93.34120146422008), ('Unnamed: 0-SUMMARYCustomAlgos.tsv_mean.txt', 72.74178474453667), ('Unnamed: 0-SUMMARYCustomAlgos.tsv_median.txt', 42.82774367178969), ('Unnamed: 0-SUMMARYCustomAlgos.tsv_q10.txt', 32.09752831813196), ('Unnamed: 0-SUMMARYCustomAlgos.tsv_min.txt', 28.4219818107526)]
19115	25042023--s--Lm--st--19115--p--D05--pos004--tm--24--ch--Syto9--z--21	19115	L634	[('Unnamed: 0-SUMMARYCustomAlgos.tsv_mean.txt', 61.85219384791109), ('Unnamed: 0-SUMMARYCustomAlgos.tsv_q10.txt', 48.72901590221314), ('Unnamed: 0-SUMMARYCustomAlgos.tsv_max.txt', 35.73499399758802), ('Unnamed: 0-SUMMARYCustomAlgos.tsv_min.txt', 31.78670655973773), ('Unnamed: 0-SUMMARYCustomAlgos.tsv_median.txt', 30.854981104527212)]
19115	25042023--s--Lm--st--19115--p--D05--pos005--tm--24--ch--Syto9--z--21	19115	L634	[('Unnamed: 0-SUMMARYCustomAlgos.tsv_mean.txt', 64.45707320978416), ('Unnamed: 0-SUMMARYCustomAlgos.tsv_max.txt', 48.01613981136488), ('Unnamed: 0-SUMMARYCustomAlgos.tsv_median.txt', 32.46477193472074), ('Unnamed: 0-SUMMARYCustomAlgos.tsv_q10.txt', 30.777663693397134), ('Unnamed: 0-SUMMARYCustomAlgos.tsv_min.txt', 27.85816194006967)]
19115	25042023--s--Lm--st--19115--p--D06--pos001--tm--24--ch--Syto9--z--21	19115	L634	[('Unnamed: 0-SUMMARYCustomAlgos.tsv_mean.txt', 57.3930803299496), ('Unnamed: 0-SUMMARYCustomAlgos.tsv_max.txt', 40.63931870325856), ('Unnamed: 0-SUMMARYCustomAlgos.tsv_min.txt', 31.986547386792893), ('Unnamed: 0-SUMMARYCustomAlgos.tsv_q10.txt', 31.4449198606667), ('Unnamed: 0-SUMMARYCustomAlgos.tsv_median.txt', 27.525540976014607)]
19115	25042023--s--Lm--st--19115--p--D06--pos002--tm--24--ch--Syto9--z--21	19115	L634	[('Unnamed: 0-SUMMARYCustomAlgos.tsv_q10.txt', 104.47133473315645), ('Unnamed: 0-SUMMARYCustomAlgos.tsv_mean.txt', 55.61610419342919), ('Unnamed: 0-SUMMARYCustomAlgos.tsv_max.txt', 42.36245154269746), ('Unnamed: 0-SUMMARYCustomAlgos.tsv_min.txt', 34.34795159362693), ('Unnamed: 0-SUMMARYCustomAlgos.tsv_median.txt', 26.519149284455246)]
19115	25042023--s--Lm--st--19115--p--D06--pos003--tm--24--ch--Syto9--z--21	19115	L634	[('Unnamed: 0-SUMMARYCustomAlgos.tsv_max.txt', 156.33389168191135), ('Unnamed: 0-SUMMARYCustomAlgos.tsv_median.txt', 39.58437695143453), ('Unnamed: 0-SUMMARYCustomAlgos.tsv_q10.txt', 16.96316838347458), ('Unnamed: 0-SUMMARYCustomAlgos.tsv_mean.txt', 10.382111568216974), ('Unnamed: 0-SUMMARYCustomAlgos.tsv_min.txt', 6.486158528277698)]
19115	25042023--s--Lm--st--19115--p--D06--pos004--tm--24--ch--Syto9--z--21	19115	L634	[('Unnamed: 0-SUMMARYCustomAlgos.tsv_mean.txt', 60.786953642816485), ('Unnamed: 0-SUMMARYCustomAlgos.tsv_q10.txt', 50.55328299623599), ('Unnamed: 0-SUMMARYCustomAlgos.tsv_max.txt', 37.59242480065129), ('Unnamed: 0-SUMMARYCustomAlgos.tsv_median.txt', 33.23256676561668), ('Unnamed: 0-SUMMARYCustomAlgos.tsv_min.txt', 31.299684497226682)]
19115	25042023--s--Lm--st--19115--p--D06--pos005--tm--24--ch--Syto9--z--21	19115	L634	[('Unnamed: 0-SUMMARYCustomAlgos.tsv_max.txt', 152.52190784297554), ('Unnamed: 0-SUMMARYCustomAlgos.tsv_median.txt', 39.40401313397848), ('Unnamed: 0-SUMMARYCustomAlgos.tsv_q10.txt', 15.515345545685442), ('Unnamed: 0-SUMMARYCustomAlgos.tsv_mean.txt', 11.610207102622097), ('Unnamed: 0-SUMMARYCustomAlgos.tsv_min.txt', 8.108207065345931)]
19115	25042023--s--Lm--st--19115--p--D07--pos001--tm--24--ch--Syto9--z--21	19115	L1323	[('Unnamed: 0-SUMMARYCustomAlgos.tsv_mean.txt', 50.20147604605323), ('Unnamed: 0-SUMMARYCustomAlgos.tsv_max.txt', 49.211063459720485), ('Unnamed: 0-SUMMARYCustomAlgos.tsv_median.txt', 35.668996587493), ('Unnamed: 0-SUMMARYCustomAlgos.tsv_min.txt', 32.500634672198146), ('Unnamed: 0-SUMMARYCustomAlgos.tsv_q10.txt', 28.415397126527434)]
19115	25042023--s--Lm--st--19115--p--D07--pos002--tm--24--ch--Syto9--z--21	19115	L634	[('Unnamed: 0-SUMMARYCustomAlgos.tsv_q10.txt', 70.74101658032482), ('Unnamed: 0-SUMMARYCustomAlgos.tsv_mean.txt', 66.76901336891952), ('Unnamed: 0-SUMMARYCustomAlgos.tsv_max.txt', 33.711545726391726), ('Unnamed: 0-SUMMARYCustomAlgos.tsv_min.txt', 31.074802659302158), ('Unnamed: 0-SUMMARYCustomAlgos.tsv_median.txt', 26.677400553358183)]
19115	25042023--s--Lm--st--19115--p--D07--pos003--tm--24--ch--Syto9--z--21	19115	L634	[('Unnamed: 0-SUMMARYCustomAlgos.tsv_max.txt', 153.6618301300415), ('Unnamed: 0-SUMMARYCustomAlgos.tsv_q10.txt', 40.16298583258045), ('Unnamed: 0-SUMMARYCustomAlgos.tsv_median.txt', 31.571267086454867), ('Unnamed: 0-SUMMARYCustomAlgos.tsv_mean.txt', 18.982685876896078), ('Unnamed: 0-SUMMARYCustomAlgos.tsv_min.txt', 6.081554224369262)]
19115	25042023--s--Lm--st--19115--p--D07--pos004--tm--24--ch--Syto9--z--21	19115	L634	[('Unnamed: 0-SUMMARYCustomAlgos.tsv_mean.txt', 68.27574444847923), ('Unnamed: 0-SUMMARYCustomAlgos.tsv_q10.txt', 60.27722827765611), ('Unnamed: 0-SUMMARYCustomAlgos.tsv_max.txt', 52.876782967348916), ('Unnamed: 0-SUMMARYCustomAlgos.tsv_min.txt', 31.01983414300784), ('Unnamed: 0-SUMMARYCustomAlgos.tsv_median.txt', 29.30233057288008)]
19115	25042023--s--Lm--st--19115--p--D07--pos005--tm--24--ch--Syto9--z--21	19115	L634	[('Unnamed: 0-SUMMARYCustomAlgos.tsv_max.txt', 147.40884010586447), ('Unnamed: 0-SUMMARYCustomAlgos.tsv_median.txt', 39.550276672679885), ('Unnamed: 0-SUMMARYCustomAlgos.tsv_mean.txt', 12.505773558124016), ('Unnamed: 0-SUMMARYCustomAlgos.tsv_q10.txt', 12.411720723419933), ('Unnamed: 0-SUMMARYCustomAlgos.tsv_min.txt', 8.031752879342351)]
L455	28032023--s--Lm--st--L455--p--C04--pos001--tm--24--ch--Syto9--z--21	L455	L1323	[('Unnamed: 0-SUMMARYCustomAlgos.tsv_mean.txt', 152.05910090440238), ('Unnamed: 0-SUMMARYCustomAlgos.tsv_q10.txt', 48.029733847179564), ('Unnamed: 0-SUMMARYCustomAlgos.tsv_max.txt', 40.78071653906438), ('Unnamed: 0-SUMMARYCustomAlgos.tsv_min.txt', 34.80916996328189), ('Unnamed: 0-SUMMARYCustomAlgos.tsv_median.txt', 15.127061350090745)]
L455	28032023--s--Lm--st--L455--p--C04--pos002--tm--24--ch--Syto9--z--21	L455	19115	[('Unnamed: 0-SUMMARYCustomAlgos.tsv_mean.txt', 140.17675588411348), ('Unnamed: 0-SUMMARYCustomAlgos.tsv_min.txt', 89.71712701197936), ('Unnamed: 0-SUMMARYCustomAlgos.tsv_q10.txt', 43.354857808769225), ('Unnamed: 0-SUMMARYCustomAlgos.tsv_max.txt', 35.74693278373441), ('Unnamed: 0-SUMMARYCustomAlgos.tsv_median.txt', 16.930771705613544)]
L455	28032023--s--Lm--st--L455--p--C04--pos003--tm--24--ch--Syto9--z--21	L455	L628	[('Unnamed: 0-SUMMARYCustomAlgos.tsv_mean.txt', 84.57371788801194), ('Unnamed: 0-SUMMARYCustomAlgos.tsv_max.txt', 73.30515000280657), ('Unnamed: 0-SUMMARYCustomAlgos.tsv_q10.txt', 57.903829784001765), ('Unnamed: 0-SUMMARYCustomAlgos.tsv_min.txt', 49.80788678728557), ('Unnamed: 0-SUMMARYCustomAlgos.tsv_median.txt', 39.154306108859785)]
L455	28032023--s--Lm--st--L455--p--C04--pos004--tm--24--ch--Syto9--z--21	L455	L1323	[('Unnamed: 0-SUMMARYCustomAlgos.tsv_min.txt', 47.90250641806968), ('Unnamed: 0-SUMMARYCustomAlgos.tsv_mean.txt', 42.70160626853645), ('Unnamed: 0-SUMMARYCustomAlgos.tsv_max.txt', 35.6024607743625), ('Unnamed: 0-SUMMARYCustomAlgos.tsv_q10.txt', 35.149043025711045), ('Unnamed: 0-SUMMARYCustomAlgos.tsv_median.txt', 34.32295564445783)]
L455	28032023--s--Lm--st--L455--p--C04--pos005--tm--24--ch--Syto9--z--21	L455	L634	[('Unnamed: 0-SUMMARYCustomAlgos.tsv_mean.txt', 159.6547656187066), ('Unnamed: 0-SUMMARYCustomAlgos.tsv_min.txt', 63.9518182330768), ('Unnamed: 0-SUMMARYCustomAlgos.tsv_q10.txt', 43.56032072119258), ('Unnamed: 0-SUMMARYCustomAlgos.tsv_max.txt', 38.231965628166186), ('Unnamed: 0-SUMMARYCustomAlgos.tsv_median.txt', 15.024688693765377)]
L455	28032023--s--Lm--st--L455--p--C05--pos001--tm--24--ch--Syto9--z--21	L455	L628	[('Unnamed: 0-SUMMARYCustomAlgos.tsv_mean.txt', 200.36947626387243), ('Unnamed: 0-SUMMARYCustomAlgos.tsv_max.txt', 191.5494700154495), ('Unnamed: 0-SUMMARYCustomAlgos.tsv_median.txt', 104.34506503919631), ('Unnamed: 0-SUMMARYCustomAlgos.tsv_q10.txt', 71.1951069875114), ('Unnamed: 0-SUMMARYCustomAlgos.tsv_min.txt', 29.28929261119516)]
L455	28032023--s--Lm--st--L455--p--C05--pos002--tm--24--ch--Syto9--z--21	L455	L628	[('Unnamed: 0-SUMMARYCustomAlgos.tsv_mean.txt', 207.1751559512887), ('Unnamed: 0-SUMMARYCustomAlgos.tsv_max.txt', 192.19582546773495), ('Unnamed: 0-SUMMARYCustomAlgos.tsv_median.txt', 100.98975319539964), ('Unnamed: 0-SUMMARYCustomAlgos.tsv_q10.txt', 72.78611316408397), ('Unnamed: 0-SUMMARYCustomAlgos.tsv_min.txt', 32.1132782572772)]
L455	28032023--s--Lm--st--L455--p--C05--pos003--tm--24--ch--Syto9--z--21	L455	L1823	[('Unnamed: 0-SUMMARYCustomAlgos.tsv_max.txt', 110.45100472165952), ('Unnamed: 0-SUMMARYCustomAlgos.tsv_mean.txt', 108.05771245603508), ('Unnamed: 0-SUMMARYCustomAlgos.tsv_q10.txt', 73.42796494497532), ('Unnamed: 0-SUMMARYCustomAlgos.tsv_median.txt', 61.63967373422986), ('Unnamed: 0-SUMMARYCustomAlgos.tsv_min.txt', 7.212655398170005)]
L455	28032023--s--Lm--st--L455--p--C05--pos004--tm--24--ch--Syto9--z--21	L455	L1823	[('Unnamed: 0-SUMMARYCustomAlgos.tsv_mean.txt', 194.16913718059956), ('Unnamed: 0-SUMMARYCustomAlgos.tsv_q10.txt', 57.36551156072956), ('Unnamed: 0-SUMMARYCustomAlgos.tsv_median.txt', 54.40384983778761), ('Unnamed: 0-SUMMARYCustomAlgos.tsv_min.txt', 29.838444135425572), ('Unnamed: 0-SUMMARYCustomAlgos.tsv_max.txt', 21.407680683916222)]
L455	28032023--s--Lm--st--L455--p--C05--pos005--tm--24--ch--Syto9--z--21	L455	L1823	[('Unnamed: 0-SUMMARYCustomAlgos.tsv_max.txt', 165.53770975787702), ('Unnamed: 0-SUMMARYCustomAlgos.tsv_mean.txt', 149.74269635488534), ('Unnamed: 0-SUMMARYCustomAlgos.tsv_median.txt', 78.36468187514328), ('Unnamed: 0-SUMMARYCustomAlgos.tsv_q10.txt', 61.5733481285361), ('Unnamed: 0-SUMMARYCustomAlgos.tsv_min.txt', 7.16364374120359)]
L455	28032023--s--Lm--st--L455--p--C06--pos001--tm--24--ch--Syto9--z--21	L455	L1323	[('Unnamed: 0-SUMMARYCustomAlgos.tsv_mean.txt', 152.05910090440238), ('Unnamed: 0-SUMMARYCustomAlgos.tsv_q10.txt', 48.029733847179564), ('Unnamed: 0-SUMMARYCustomAlgos.tsv_max.txt', 40.78071653906438), ('Unnamed: 0-SUMMARYCustomAlgos.tsv_min.txt', 34.80916996328189), ('Unnamed: 0-SUMMARYCustomAlgos.tsv_median.txt', 15.127061350090745)]
L455	28032023--s--Lm--st--L455--p--C06--pos002--tm--24--ch--Syto9--z--21	L455	19115	[('Unnamed: 0-SUMMARYCustomAlgos.tsv_mean.txt', 140.17675588411348), ('Unnamed: 0-SUMMARYCustomAlgos.tsv_min.txt', 89.71712701197936), ('Unnamed: 0-SUMMARYCustomAlgos.tsv_q10.txt', 43.354857808769225), ('Unnamed: 0-SUMMARYCustomAlgos.tsv_max.txt', 35.74693278373441), ('Unnamed: 0-SUMMARYCustomAlgos.tsv_median.txt', 16.930771705613544)]
L455	28032023--s--Lm--st--L455--p--C06--pos003--tm--24--ch--Syto9--z--21	L455	L628	[('Unnamed: 0-SUMMARYCustomAlgos.tsv_mean.txt', 84.57371788801194), ('Unnamed: 0-SUMMARYCustomAlgos.tsv_max.txt', 73.30515000280657), ('Unnamed: 0-SUMMARYCustomAlgos.tsv_q10.txt', 57.903829784001765), ('Unnamed: 0-SUMMARYCustomAlgos.tsv_min.txt', 49.80788678728557), ('Unnamed: 0-SUMMARYCustomAlgos.tsv_median.txt', 39.154306108859785)]
L455	28032023--s--Lm--st--L455--p--C06--pos004--tm--24--ch--Syto9--z--21	L455	L1323	[('Unnamed: 0-SUMMARYCustomAlgos.tsv_min.txt', 47.90250641806968), ('Unnamed: 0-SUMMARYCustomAlgos.tsv_mean.txt', 42.70160626853645), ('Unnamed: 0-SUMMARYCustomAlgos.tsv_max.txt', 35.6024607743625), ('Unnamed: 0-SUMMARYCustomAlgos.tsv_q10.txt', 35.149043025711045), ('Unnamed: 0-SUMMARYCustomAlgos.tsv_median.txt', 34.32295564445783)]
L455	28032023--s--Lm--st--L455--p--C06--pos005--tm--24--ch--Syto9--z--21	L455	L634	[('Unnamed: 0-SUMMARYCustomAlgos.tsv_mean.txt', 159.6547656187066), ('Unnamed: 0-SUMMARYCustomAlgos.tsv_min.txt', 63.9518182330768), ('Unnamed: 0-SUMMARYCustomAlgos.tsv_q10.txt', 43.56032072119258), ('Unnamed: 0-SUMMARYCustomAlgos.tsv_max.txt', 38.231965628166186), ('Unnamed: 0-SUMMARYCustomAlgos.tsv_median.txt', 15.024688693765377)]
L455	28032023--s--Lm--st--L455--p--C07--pos001--tm--24--ch--Syto9--z--21	L455	L628	[('Unnamed: 0-SUMMARYCustomAlgos.tsv_mean.txt', 200.36947626387243), ('Unnamed: 0-SUMMARYCustomAlgos.tsv_max.txt', 191.5494700154495), ('Unnamed: 0-SUMMARYCustomAlgos.tsv_median.txt', 104.34506503919631), ('Unnamed: 0-SUMMARYCustomAlgos.tsv_q10.txt', 71.1951069875114), ('Unnamed: 0-SUMMARYCustomAlgos.tsv_min.txt', 29.28929261119516)]
L455	28032023--s--Lm--st--L455--p--C07--pos002--tm--24--ch--Syto9--z--21	L455	L628	[('Unnamed: 0-SUMMARYCustomAlgos.tsv_mean.txt', 207.1751559512887), ('Unnamed: 0-SUMMARYCustomAlgos.tsv_max.txt', 192.19582546773495), ('Unnamed: 0-SUMMARYCustomAlgos.tsv_median.txt', 100.98975319539964), ('Unnamed: 0-SUMMARYCustomAlgos.tsv_q10.txt', 72.78611316408397), ('Unnamed: 0-SUMMARYCustomAlgos.tsv_min.txt', 32.1132782572772)]
L455	28032023--s--Lm--st--L455--p--C07--pos003--tm--24--ch--Syto9--z--21	L455	L1823	[('Unnamed: 0-SUMMARYCustomAlgos.tsv_max.txt', 110.45100472165952), ('Unnamed: 0-SUMMARYCustomAlgos.tsv_mean.txt', 108.05771245603508), ('Unnamed: 0-SUMMARYCustomAlgos.tsv_q10.txt', 73.42796494497532), ('Unnamed: 0-SUMMARYCustomAlgos.tsv_median.txt', 61.63967373422986), ('Unnamed: 0-SUMMARYCustomAlgos.tsv_min.txt', 7.212655398170005)]
L455	28032023--s--Lm--st--L455--p--C07--pos004--tm--24--ch--Syto9--z--21	L455	L1823	[('Unnamed: 0-SUMMARYCustomAlgos.tsv_mean.txt', 194.16913718059956), ('Unnamed: 0-SUMMARYCustomAlgos.tsv_q10.txt', 57.36551156072956), ('Unnamed: 0-SUMMARYCustomAlgos.tsv_median.txt', 54.40384983778761), ('Unnamed: 0-SUMMARYCustomAlgos.tsv_min.txt', 29.838444135425572), ('Unnamed: 0-SUMMARYCustomAlgos.tsv_max.txt', 21.407680683916222)]
L455	28032023--s--Lm--st--L455--p--C07--pos005--tm--24--ch--Syto9--z--21	L455	L1823	[('Unnamed: 0-SUMMARYCustomAlgos.tsv_max.txt', 165.53770975787702), ('Unnamed: 0-SUMMARYCustomAlgos.tsv_mean.txt', 149.74269635488534), ('Unnamed: 0-SUMMARYCustomAlgos.tsv_median.txt', 78.36468187514328), ('Unnamed: 0-SUMMARYCustomAlgos.tsv_q10.txt', 61.5733481285361), ('Unnamed: 0-SUMMARYCustomAlgos.tsv_min.txt', 7.16364374120359)]
L455	28032023--s--Lm--st--L455--p--C08--pos001--tm--24--ch--Syto9--z--21	L455	L628	[('Unnamed: 0-SUMMARYCustomAlgos.tsv_max.txt', 93.81193929223484), ('Unnamed: 0-SUMMARYCustomAlgos.tsv_mean.txt', 87.94926174782549), ('Unnamed: 0-SUMMARYCustomAlgos.tsv_q10.txt', 57.98470004114887), ('Unnamed: 0-SUMMARYCustomAlgos.tsv_median.txt', 44.54923817736477), ('Unnamed: 0-SUMMARYCustomAlgos.tsv_min.txt', 12.988158080529526)]
L455	28032023--s--Lm--st--L455--p--C08--pos003--tm--24--ch--Syto9--z--21	L455	L1823	[('Unnamed: 0-SUMMARYCustomAlgos.tsv_mean.txt', 137.25204515643617), ('Unnamed: 0-SUMMARYCustomAlgos.tsv_max.txt', 112.55369528265032), ('Unnamed: 0-SUMMARYCustomAlgos.tsv_q10.txt', 86.38681747071632), ('Unnamed: 0-SUMMARYCustomAlgos.tsv_median.txt', 85.61635125613175), ('Unnamed: 0-SUMMARYCustomAlgos.tsv_min.txt', 9.633567569278615)]
L455	28032023--s--Lm--st--L455--p--C08--pos004--tm--24--ch--Syto9--z--21	L455	L1823	[('Unnamed: 0-SUMMARYCustomAlgos.tsv_mean.txt', 137.25204515643617), ('Unnamed: 0-SUMMARYCustomAlgos.tsv_max.txt', 112.55369528265032), ('Unnamed: 0-SUMMARYCustomAlgos.tsv_q10.txt', 86.38681747071632), ('Unnamed: 0-SUMMARYCustomAlgos.tsv_median.txt', 85.61635125613175), ('Unnamed: 0-SUMMARYCustomAlgos.tsv_min.txt', 9.633567569278615)]
L455	28032023--s--Lm--st--L455--p--C08--pos005--tm--24--ch--Syto9--z--21	L455	L1823	[('Unnamed: 0-SUMMARYCustomAlgos.tsv_mean.txt', 144.78822747277098), ('Unnamed: 0-SUMMARYCustomAlgos.tsv_max.txt', 144.41762894032962), ('Unnamed: 0-SUMMARYCustomAlgos.tsv_median.txt', 76.3592038080064), ('Unnamed: 0-SUMMARYCustomAlgos.tsv_q10.txt', 67.4665262405545), ('Unnamed: 0-SUMMARYCustomAlgos.tsv_min.txt', 7.442872051833484)]
L455	28032023--s--Lm--st--L455--p--D03--pos001--tm--24--ch--Syto9--z--21	L455	L634	[('Unnamed: 0-SUMMARYCustomAlgos.tsv_max.txt', 127.90382352998355), ('Unnamed: 0-SUMMARYCustomAlgos.tsv_median.txt', 75.16411922031412), ('Unnamed: 0-SUMMARYCustomAlgos.tsv_q10.txt', 58.923529389485), ('Unnamed: 0-SUMMARYCustomAlgos.tsv_mean.txt', 26.399456081766104), ('Unnamed: 0-SUMMARYCustomAlgos.tsv_min.txt', 1.2940681516593906)]
L455	28032023--s--Lm--st--L455--p--D03--pos002--tm--24--ch--Syto9--z--21	L455	L628	[('Unnamed: 0-SUMMARYCustomAlgos.tsv_max.txt', 95.59090606866934), ('Unnamed: 0-SUMMARYCustomAlgos.tsv_mean.txt', 65.11791288215842), ('Unnamed: 0-SUMMARYCustomAlgos.tsv_q10.txt', 45.77394683021169), ('Unnamed: 0-SUMMARYCustomAlgos.tsv_median.txt', 33.42453349252955), ('Unnamed: 0-SUMMARYCustomAlgos.tsv_min.txt', 18.86040930032142)]
L455	28032023--s--Lm--st--L455--p--D03--pos003--tm--24--ch--Syto9--z--21	L455	L634	[('Unnamed: 0-SUMMARYCustomAlgos.tsv_max.txt', 129.07534477545164), ('Unnamed: 0-SUMMARYCustomAlgos.tsv_median.txt', 73.2223860564535), ('Unnamed: 0-SUMMARYCustomAlgos.tsv_q10.txt', 57.749336482959365), ('Unnamed: 0-SUMMARYCustomAlgos.tsv_mean.txt', 27.90998348581316), ('Unnamed: 0-SUMMARYCustomAlgos.tsv_min.txt', 2.816874690575626)]
L455	28032023--s--Lm--st--L455--p--D03--pos004--tm--24--ch--Syto9--z--21	L455	19115	[('Unnamed: 0-SUMMARYCustomAlgos.tsv_max.txt', 147.816267879608), ('Unnamed: 0-SUMMARYCustomAlgos.tsv_mean.txt', 123.18418329501608), ('Unnamed: 0-SUMMARYCustomAlgos.tsv_median.txt', 77.32038055196567), ('Unnamed: 0-SUMMARYCustomAlgos.tsv_q10.txt', 60.458176714699604), ('Unnamed: 0-SUMMARYCustomAlgos.tsv_min.txt', 2.82954517108799)]
L455	28032023--s--Lm--st--L455--p--D03--pos005--tm--24--ch--Syto9--z--21	L455	L628	[('Unnamed: 0-SUMMARYCustomAlgos.tsv_mean.txt', 189.99866127259696), ('Unnamed: 0-SUMMARYCustomAlgos.tsv_max.txt', 172.41094485836123), ('Unnamed: 0-SUMMARYCustomAlgos.tsv_median.txt', 103.48563540371406), ('Unnamed: 0-SUMMARYCustomAlgos.tsv_q10.txt', 94.3397904597906), ('Unnamed: 0-SUMMARYCustomAlgos.tsv_min.txt', 1.0515365833065728)]
L455	28032023--s--Lm--st--L455--p--D04--pos001--tm--24--ch--Syto9--z--21	L455	L1323	[('Unnamed: 0-SUMMARYCustomAlgos.tsv_mean.txt', 149.22225349991047), ('Unnamed: 0-SUMMARYCustomAlgos.tsv_min.txt', 87.24118639220174), ('Unnamed: 0-SUMMARYCustomAlgos.tsv_max.txt', 81.70483577025745), ('Unnamed: 0-SUMMARYCustomAlgos.tsv_q10.txt', 54.15090934438798), ('Unnamed: 0-SUMMARYCustomAlgos.tsv_median.txt', 33.16930005744278)]
L455	28032023--s--Lm--st--L455--p--D04--pos002--tm--24--ch--Syto9--z--21	L455	L1323	[('Unnamed: 0-SUMMARYCustomAlgos.tsv_mean.txt', 196.6396763381483), ('Unnamed: 0-SUMMARYCustomAlgos.tsv_q10.txt', 117.23245096803699), ('Unnamed: 0-SUMMARYCustomAlgos.tsv_max.txt', 56.166746977110115), ('Unnamed: 0-SUMMARYCustomAlgos.tsv_median.txt', 25.508816310499256), ('Unnamed: 0-SUMMARYCustomAlgos.tsv_min.txt', 13.63440252198885)]
L455	28032023--s--Lm--st--L455--p--D04--pos003--tm--24--ch--Syto9--z--21	L455	L394	[('Unnamed: 0-SUMMARYCustomAlgos.tsv_mean.txt', 215.95410855390463), ('Unnamed: 0-SUMMARYCustomAlgos.tsv_min.txt', 158.30606480917697), ('Unnamed: 0-SUMMARYCustomAlgos.tsv_max.txt', 68.35413007579238), ('Unnamed: 0-SUMMARYCustomAlgos.tsv_q10.txt', 11.027962637109749), ('Unnamed: 0-SUMMARYCustomAlgos.tsv_median.txt', 9.956678158496294)]
L455	28032023--s--Lm--st--L455--p--D04--pos004--tm--24--ch--Syto9--z--21	L455	L394	[('Unnamed: 0-SUMMARYCustomAlgos.tsv_max.txt', 77.95383468160827), ('Unnamed: 0-SUMMARYCustomAlgos.tsv_mean.txt', 52.50645516130194), ('Unnamed: 0-SUMMARYCustomAlgos.tsv_median.txt', 49.161389762360876), ('Unnamed: 0-SUMMARYCustomAlgos.tsv_q10.txt', 34.75995901829633), ('Unnamed: 0-SUMMARYCustomAlgos.tsv_min.txt', 27.12640555458531)]
L455	28032023--s--Lm--st--L455--p--D04--pos005--tm--24--ch--Syto9--z--21	L455	L628	[('Unnamed: 0-SUMMARYCustomAlgos.tsv_mean.txt', 167.56815880238875), ('Unnamed: 0-SUMMARYCustomAlgos.tsv_max.txt', 93.9434309455976), ('Unnamed: 0-SUMMARYCustomAlgos.tsv_min.txt', 88.48601163976016), ('Unnamed: 0-SUMMARYCustomAlgos.tsv_q10.txt', 50.97442622678395), ('Unnamed: 0-SUMMARYCustomAlgos.tsv_median.txt', 35.75556485548932)]
L455	28032023--s--Lm--st--L455--p--D06--pos001--tm--24--ch--Syto9--z--21	L455	L628	[('Unnamed: 0-SUMMARYCustomAlgos.tsv_mean.txt', 200.36947626387243), ('Unnamed: 0-SUMMARYCustomAlgos.tsv_max.txt', 191.5494700154495), ('Unnamed: 0-SUMMARYCustomAlgos.tsv_median.txt', 104.34506503919631), ('Unnamed: 0-SUMMARYCustomAlgos.tsv_q10.txt', 71.1951069875114), ('Unnamed: 0-SUMMARYCustomAlgos.tsv_min.txt', 29.28929261119516)]
L455	28032023--s--Lm--st--L455--p--D06--pos002--tm--24--ch--Syto9--z--21	L455	L1823	[('Unnamed: 0-SUMMARYCustomAlgos.tsv_mean.txt', 186.30795325149768), ('Unnamed: 0-SUMMARYCustomAlgos.tsv_q10.txt', 57.799643375141734), ('Unnamed: 0-SUMMARYCustomAlgos.tsv_median.txt', 53.47824788920592), ('Unnamed: 0-SUMMARYCustomAlgos.tsv_max.txt', 30.62364354169963), ('Unnamed: 0-SUMMARYCustomAlgos.tsv_min.txt', 28.591460355911774)]
L455	28032023--s--Lm--st--L455--p--D06--pos003--tm--24--ch--Syto9--z--21	L455	L628	[('Unnamed: 0-SUMMARYCustomAlgos.tsv_mean.txt', 186.83329898842644), ('Unnamed: 0-SUMMARYCustomAlgos.tsv_max.txt', 165.31145821043486), ('Unnamed: 0-SUMMARYCustomAlgos.tsv_median.txt', 105.09420256786109), ('Unnamed: 0-SUMMARYCustomAlgos.tsv_q10.txt', 90.76547064877299), ('Unnamed: 0-SUMMARYCustomAlgos.tsv_min.txt', 1.2328254472231426)]
L455	28032023--s--Lm--st--L455--p--D06--pos004--tm--24--ch--Syto9--z--21	L455	L1823	[('Unnamed: 0-SUMMARYCustomAlgos.tsv_mean.txt', 64.11079557877714), ('Unnamed: 0-SUMMARYCustomAlgos.tsv_max.txt', 31.808469431230936), ('Unnamed: 0-SUMMARYCustomAlgos.tsv_median.txt', 29.95180684664373), ('Unnamed: 0-SUMMARYCustomAlgos.tsv_min.txt', 27.03370089168517), ('Unnamed: 0-SUMMARYCustomAlgos.tsv_q10.txt', 17.034591731782104)]
L455	28032023--s--Lm--st--L455--p--D06--pos005--tm--24--ch--Syto9--z--21	L455	L1823	[('Unnamed: 0-SUMMARYCustomAlgos.tsv_max.txt', 164.0584777146389), ('Unnamed: 0-SUMMARYCustomAlgos.tsv_mean.txt', 124.19712750535595), ('Unnamed: 0-SUMMARYCustomAlgos.tsv_median.txt', 80.51454717025473), ('Unnamed: 0-SUMMARYCustomAlgos.tsv_q10.txt', 62.03931207336129), ('Unnamed: 0-SUMMARYCustomAlgos.tsv_min.txt', 1.12137627529932)]
L455	28032023--s--Lm--st--L455--p--D07--pos001--tm--24--ch--Syto9--z--21	L455	L1323	[('Unnamed: 0-SUMMARYCustomAlgos.tsv_mean.txt', 143.4910655896046), ('Unnamed: 0-SUMMARYCustomAlgos.tsv_max.txt', 88.3428575761115), ('Unnamed: 0-SUMMARYCustomAlgos.tsv_median.txt', 59.77299493552807), ('Unnamed: 0-SUMMARYCustomAlgos.tsv_q10.txt', 45.12626360401077), ('Unnamed: 0-SUMMARYCustomAlgos.tsv_min.txt', 24.74429965159168)]
L455	28032023--s--Lm--st--L455--p--D07--pos002--tm--24--ch--Syto9--z--21	L455	L634	[('Unnamed: 0-SUMMARYCustomAlgos.tsv_mean.txt', 97.41405587067067), ('Unnamed: 0-SUMMARYCustomAlgos.tsv_max.txt', 41.42272110219101), ('Unnamed: 0-SUMMARYCustomAlgos.tsv_median.txt', 29.518432135075123), ('Unnamed: 0-SUMMARYCustomAlgos.tsv_min.txt', 26.872369567719716), ('Unnamed: 0-SUMMARYCustomAlgos.tsv_q10.txt', 18.806564352091595)]
L455	28032023--s--Lm--st--L455--p--D07--pos003--tm--24--ch--Syto9--z--21	L455	L1823	[('Unnamed: 0-SUMMARYCustomAlgos.tsv_max.txt', 164.09750372205383), ('Unnamed: 0-SUMMARYCustomAlgos.tsv_mean.txt', 126.93380355419275), ('Unnamed: 0-SUMMARYCustomAlgos.tsv_median.txt', 80.06146842847441), ('Unnamed: 0-SUMMARYCustomAlgos.tsv_q10.txt', 61.49692625879526), ('Unnamed: 0-SUMMARYCustomAlgos.tsv_min.txt', 1.412888272327533)]
L455	28032023--s--Lm--st--L455--p--D07--pos004--tm--24--ch--Syto9--z--21	L455	L1823	[('Unnamed: 0-SUMMARYCustomAlgos.tsv_max.txt', 49.632143090514326), ('Unnamed: 0-SUMMARYCustomAlgos.tsv_mean.txt', 49.440082311666586), ('Unnamed: 0-SUMMARYCustomAlgos.tsv_min.txt', 32.006859953571336), ('Unnamed: 0-SUMMARYCustomAlgos.tsv_median.txt', 29.774063411078018), ('Unnamed: 0-SUMMARYCustomAlgos.tsv_q10.txt', 24.968726608249145)]
L455	28032023--s--Lm--st--L455--p--D07--pos005--tm--24--ch--Syto9--z--21	L455	L1823	[('Unnamed: 0-SUMMARYCustomAlgos.tsv_max.txt', 146.45221937705554), ('Unnamed: 0-SUMMARYCustomAlgos.tsv_mean.txt', 124.53801661514954), ('Unnamed: 0-SUMMARYCustomAlgos.tsv_median.txt', 76.47171739452469), ('Unnamed: 0-SUMMARYCustomAlgos.tsv_q10.txt', 61.312510258028), ('Unnamed: 0-SUMMARYCustomAlgos.tsv_min.txt', 3.0172325031343736)]
L455	28032023--s--Lm--st--L455--p--D08--pos001--tm--24--ch--Syto9--z--21	L455	L1323	[('Unnamed: 0-SUMMARYCustomAlgos.tsv_mean.txt', 124.18540215290076), ('Unnamed: 0-SUMMARYCustomAlgos.tsv_max.txt', 96.67700341202791), ('Unnamed: 0-SUMMARYCustomAlgos.tsv_median.txt', 65.31960984242882), ('Unnamed: 0-SUMMARYCustomAlgos.tsv_q10.txt', 57.08518753399527), ('Unnamed: 0-SUMMARYCustomAlgos.tsv_min.txt', 46.57953269629765)]
L455	28032023--s--Lm--st--L455--p--D08--pos002--tm--24--ch--Syto9--z--21	L455	L1323	[('Unnamed: 0-SUMMARYCustomAlgos.tsv_mean.txt', 107.60167716504941), ('Unnamed: 0-SUMMARYCustomAlgos.tsv_max.txt', 71.40700496055081), ('Unnamed: 0-SUMMARYCustomAlgos.tsv_q10.txt', 50.52298861332319), ('Unnamed: 0-SUMMARYCustomAlgos.tsv_median.txt', 47.16774914690899), ('Unnamed: 0-SUMMARYCustomAlgos.tsv_min.txt', 46.945718965889874)]
L455	28032023--s--Lm--st--L455--p--D08--pos003--tm--24--ch--Syto9--z--21	L455	L1823	[('Unnamed: 0-SUMMARYCustomAlgos.tsv_max.txt', 164.0584777146389), ('Unnamed: 0-SUMMARYCustomAlgos.tsv_mean.txt', 124.19712750535595), ('Unnamed: 0-SUMMARYCustomAlgos.tsv_median.txt', 80.51454717025473), ('Unnamed: 0-SUMMARYCustomAlgos.tsv_q10.txt', 62.03931207336129), ('Unnamed: 0-SUMMARYCustomAlgos.tsv_min.txt', 1.12137627529932)]
L455	28032023--s--Lm--st--L455--p--D08--pos004--tm--24--ch--Syto9--z--21	L455	L1823	[('Unnamed: 0-SUMMARYCustomAlgos.tsv_mean.txt', 171.57072609367688), ('Unnamed: 0-SUMMARYCustomAlgos.tsv_median.txt', 57.35015842533012), ('Unnamed: 0-SUMMARYCustomAlgos.tsv_q10.txt', 55.865586418325535), ('Unnamed: 0-SUMMARYCustomAlgos.tsv_max.txt', 37.04922571859828), ('Unnamed: 0-SUMMARYCustomAlgos.tsv_min.txt', 32.66674692274044)]
L455	28032023--s--Lm--st--L455--p--D08--pos005--tm--24--ch--Syto9--z--21	L455	L634	[('Unnamed: 0-SUMMARYCustomAlgos.tsv_max.txt', 127.71865976697539), ('Unnamed: 0-SUMMARYCustomAlgos.tsv_mean.txt', 98.80431971911037), ('Unnamed: 0-SUMMARYCustomAlgos.tsv_q10.txt', 72.67938146559918), ('Unnamed: 0-SUMMARYCustomAlgos.tsv_median.txt', 70.93015476256491), ('Unnamed: 0-SUMMARYCustomAlgos.tsv_min.txt', 6.34596309141305)]
L1764	30052023--s--Lm--st--L1764--p--F04--pos001--tm--24--ch--Syto9--z--21	L1764	L394	[('Unnamed: 0-SUMMARYCustomAlgos.tsv_max.txt', 147.02904622263384), ('Unnamed: 0-SUMMARYCustomAlgos.tsv_mean.txt', 108.8164531302911), ('Unnamed: 0-SUMMARYCustomAlgos.tsv_q10.txt', 87.69739758988597), ('Unnamed: 0-SUMMARYCustomAlgos.tsv_median.txt', 36.83896253857945), ('Unnamed: 0-SUMMARYCustomAlgos.tsv_min.txt', 24.787901610573705)]
L1764	30052023--s--Lm--st--L1764--p--F04--pos002--tm--24--ch--Syto9--z--21	L1764	L394	[('Unnamed: 0-SUMMARYCustomAlgos.tsv_mean.txt', 82.12528179809959), ('Unnamed: 0-SUMMARYCustomAlgos.tsv_max.txt', 77.80612683906257), ('Unnamed: 0-SUMMARYCustomAlgos.tsv_q10.txt', 51.760117710953196), ('Unnamed: 0-SUMMARYCustomAlgos.tsv_min.txt', 38.77090480052236), ('Unnamed: 0-SUMMARYCustomAlgos.tsv_median.txt', 19.008985378273973)]
L1764	30052023--s--Lm--st--L1764--p--F05--pos001--tm--24--ch--Syto9--z--21	L1764	L394	[('Unnamed: 0-SUMMARYCustomAlgos.tsv_max.txt', 198.7320858678166), ('Unnamed: 0-SUMMARYCustomAlgos.tsv_mean.txt', 87.2227500177947), ('Unnamed: 0-SUMMARYCustomAlgos.tsv_q10.txt', 63.96355271372452), ('Unnamed: 0-SUMMARYCustomAlgos.tsv_min.txt', 39.39159546938976), ('Unnamed: 0-SUMMARYCustomAlgos.tsv_median.txt', 20.759023339013563)]
L1764	30052023--s--Lm--st--L1764--p--F05--pos003--tm--24--ch--Syto9--z--21	L1764	L394	[('Unnamed: 0-SUMMARYCustomAlgos.tsv_max.txt', 144.2650221875739), ('Unnamed: 0-SUMMARYCustomAlgos.tsv_q10.txt', 74.33903973791855), ('Unnamed: 0-SUMMARYCustomAlgos.tsv_min.txt', 15.103072465370968), ('Unnamed: 0-SUMMARYCustomAlgos.tsv_mean.txt', 9.25504977646379), ('Unnamed: 0-SUMMARYCustomAlgos.tsv_median.txt', 0.601436494096867)]
L1764	30052023--s--Lm--st--L1764--p--F05--pos005--tm--24--ch--Syto9--z--21	L1764	L1323	[('Unnamed: 0-SUMMARYCustomAlgos.tsv_mean.txt', 194.09252889728853), ('Unnamed: 0-SUMMARYCustomAlgos.tsv_max.txt', 43.23673531317725), ('Unnamed: 0-SUMMARYCustomAlgos.tsv_min.txt', 41.654231634108854), ('Unnamed: 0-SUMMARYCustomAlgos.tsv_q10.txt', 17.60230428054769), ('Unnamed: 0-SUMMARYCustomAlgos.tsv_median.txt', 15.211143648550818)]
L1764	30052023--s--Lm--st--L1764--p--F06--pos001--tm--24--ch--Syto9--z--21	L1764	L394	[('Unnamed: 0-SUMMARYCustomAlgos.tsv_max.txt', 199.69447427524932), ('Unnamed: 0-SUMMARYCustomAlgos.tsv_q10.txt', 44.504539982356306), ('Unnamed: 0-SUMMARYCustomAlgos.tsv_mean.txt', 44.01757696042092), ('Unnamed: 0-SUMMARYCustomAlgos.tsv_min.txt', 31.739269569033397), ('Unnamed: 0-SUMMARYCustomAlgos.tsv_median.txt', 14.654994966824058)]
L1764	30052023--s--Lm--st--L1764--p--F06--pos004--tm--24--ch--Syto9--z--21	L1764	L1323	[('Unnamed: 0-SUMMARYCustomAlgos.tsv_mean.txt', 173.11398076083105), ('Unnamed: 0-SUMMARYCustomAlgos.tsv_max.txt', 42.199545903262546), ('Unnamed: 0-SUMMARYCustomAlgos.tsv_min.txt', 39.47773680596433), ('Unnamed: 0-SUMMARYCustomAlgos.tsv_q10.txt', 15.636049238245095), ('Unnamed: 0-SUMMARYCustomAlgos.tsv_median.txt', 14.658608745544603)]
L1764	30052023--s--Lm--st--L1764--p--F06--pos005--tm--24--ch--Syto9--z--21	L1764	L394	[('Unnamed: 0-SUMMARYCustomAlgos.tsv_max.txt', 145.47653411887336), ('Unnamed: 0-SUMMARYCustomAlgos.tsv_q10.txt', 73.21170316281071), ('Unnamed: 0-SUMMARYCustomAlgos.tsv_mean.txt', 14.846922883166881), ('Unnamed: 0-SUMMARYCustomAlgos.tsv_min.txt', 14.787463020118892), ('Unnamed: 0-SUMMARYCustomAlgos.tsv_median.txt', 0.4084150476073218)]
L1764	30052023--s--Lm--st--L1764--p--F07--pos001--tm--24--ch--Syto9--z--21	L1764	L394	[('Unnamed: 0-SUMMARYCustomAlgos.tsv_max.txt', 320.19571861933355), ('Unnamed: 0-SUMMARYCustomAlgos.tsv_min.txt', 35.76408881208412), ('Unnamed: 0-SUMMARYCustomAlgos.tsv_mean.txt', 25.186627211298443), ('Unnamed: 0-SUMMARYCustomAlgos.tsv_median.txt', 12.634127819186551), ('Unnamed: 0-SUMMARYCustomAlgos.tsv_q10.txt', 0.2429125445415022)]
L1764	30052023--s--Lm--st--L1764--p--F07--pos002--tm--24--ch--Syto9--z--21	L1764	L634	[('Unnamed: 0-SUMMARYCustomAlgos.tsv_max.txt', 318.61204576152227), ('Unnamed: 0-SUMMARYCustomAlgos.tsv_min.txt', 35.43337167634286), ('Unnamed: 0-SUMMARYCustomAlgos.tsv_mean.txt', 25.186627211298443), ('Unnamed: 0-SUMMARYCustomAlgos.tsv_median.txt', 12.440095669621714), ('Unnamed: 0-SUMMARYCustomAlgos.tsv_q10.txt', 0.20361392098054415)]
L1764	30052023--s--Lm--st--L1764--p--F07--pos003--tm--24--ch--Syto9--z--21	L1764	L394	[('Unnamed: 0-SUMMARYCustomAlgos.tsv_max.txt', 149.55091874952547), ('Unnamed: 0-SUMMARYCustomAlgos.tsv_q10.txt', 75.62678369597916), ('Unnamed: 0-SUMMARYCustomAlgos.tsv_min.txt', 18.70639425995892), ('Unnamed: 0-SUMMARYCustomAlgos.tsv_mean.txt', 9.02669732557478), ('Unnamed: 0-SUMMARYCustomAlgos.tsv_median.txt', 0.4084150476073218)]
L1764	30052023--s--Lm--st--L1764--p--F07--pos004--tm--24--ch--Syto9--z--21	L1764	L394	[('Unnamed: 0-SUMMARYCustomAlgos.tsv_max.txt', 147.0572427130164), ('Unnamed: 0-SUMMARYCustomAlgos.tsv_q10.txt', 75.48768635058319), ('Unnamed: 0-SUMMARYCustomAlgos.tsv_min.txt', 17.164385605350684), ('Unnamed: 0-SUMMARYCustomAlgos.tsv_mean.txt', 8.462543631516262), ('Unnamed: 0-SUMMARYCustomAlgos.tsv_median.txt', 0.4534749496865683)]
L1764	30052023--s--Lm--st--L1764--p--F07--pos005--tm--24--ch--Syto9--z--21	L1764	L394	[('Unnamed: 0-SUMMARYCustomAlgos.tsv_max.txt', 320.19571861933355), ('Unnamed: 0-SUMMARYCustomAlgos.tsv_min.txt', 35.76408881208412), ('Unnamed: 0-SUMMARYCustomAlgos.tsv_mean.txt', 25.186627211298443), ('Unnamed: 0-SUMMARYCustomAlgos.tsv_median.txt', 12.634127819186551), ('Unnamed: 0-SUMMARYCustomAlgos.tsv_q10.txt', 0.2429125445415022)]
L1764	30052023--s--Lm--st--L1764--p--F08--pos001--tm--24--ch--Syto9--z--21	L1764	L634	[('Unnamed: 0-SUMMARYCustomAlgos.tsv_max.txt', 320.19571861933355), ('Unnamed: 0-SUMMARYCustomAlgos.tsv_min.txt', 35.821527089208935), ('Unnamed: 0-SUMMARYCustomAlgos.tsv_mean.txt', 25.186627211298443), ('Unnamed: 0-SUMMARYCustomAlgos.tsv_median.txt', 12.394858906265004), ('Unnamed: 0-SUMMARYCustomAlgos.tsv_q10.txt', 0.2429125445415022)]
L1764	30052023--s--Lm--st--L1764--p--F08--pos002--tm--24--ch--Syto9--z--21	L1764	L634	[('Unnamed: 0-SUMMARYCustomAlgos.tsv_max.txt', 320.19571861933355), ('Unnamed: 0-SUMMARYCustomAlgos.tsv_min.txt', 35.821527089208935), ('Unnamed: 0-SUMMARYCustomAlgos.tsv_mean.txt', 25.186627211298443), ('Unnamed: 0-SUMMARYCustomAlgos.tsv_median.txt', 12.394858906265004), ('Unnamed: 0-SUMMARYCustomAlgos.tsv_q10.txt', 0.2429125445415022)]
L1764	30052023--s--Lm--st--L1764--p--F08--pos003--tm--24--ch--Syto9--z--21	L1764	L394	[('Unnamed: 0-SUMMARYCustomAlgos.tsv_max.txt', 188.75562443628297), ('Unnamed: 0-SUMMARYCustomAlgos.tsv_mean.txt', 43.373164086189455), ('Unnamed: 0-SUMMARYCustomAlgos.tsv_q10.txt', 39.02891879955112), ('Unnamed: 0-SUMMARYCustomAlgos.tsv_min.txt', 29.103225333630405), ('Unnamed: 0-SUMMARYCustomAlgos.tsv_median.txt', 14.048859573800591)]
L1764	30052023--s--Lm--st--L1764--p--F08--pos004--tm--24--ch--Syto9--z--21	L1764	L394	[('Unnamed: 0-SUMMARYCustomAlgos.tsv_max.txt', 190.27485903471842), ('Unnamed: 0-SUMMARYCustomAlgos.tsv_mean.txt', 44.92658046296435), ('Unnamed: 0-SUMMARYCustomAlgos.tsv_q10.txt', 42.57282534069558), ('Unnamed: 0-SUMMARYCustomAlgos.tsv_min.txt', 30.395034341929517), ('Unnamed: 0-SUMMARYCustomAlgos.tsv_median.txt', 15.112022898812135)]
L1764	30052023--s--Lm--st--L1764--p--F08--pos005--tm--24--ch--Syto9--z--21	L1764	L394	[('Unnamed: 0-SUMMARYCustomAlgos.tsv_max.txt', 141.61145657942535), ('Unnamed: 0-SUMMARYCustomAlgos.tsv_q10.txt', 74.1002138759481), ('Unnamed: 0-SUMMARYCustomAlgos.tsv_min.txt', 14.856782331844268), ('Unnamed: 0-SUMMARYCustomAlgos.tsv_mean.txt', 11.588526466728135), ('Unnamed: 0-SUMMARYCustomAlgos.tsv_median.txt', 0.7417624266763895)]
L1764	30052023--s--Lm--st--L1764--p--F09--pos001--tm--24--ch--Syto9--z--21	L1764	L394	[('Unnamed: 0-SUMMARYCustomAlgos.tsv_max.txt', 197.70855917423862), ('Unnamed: 0-SUMMARYCustomAlgos.tsv_mean.txt', 41.425804086785774), ('Unnamed: 0-SUMMARYCustomAlgos.tsv_q10.txt', 41.40063197521658), ('Unnamed: 0-SUMMARYCustomAlgos.tsv_min.txt', 30.250167152646604), ('Unnamed: 0-SUMMARYCustomAlgos.tsv_median.txt', 10.798667044354614)]
L1764	30052023--s--Lm--st--L1764--p--F09--pos002--tm--24--ch--Syto9--z--21	L1764	L394	[('Unnamed: 0-SUMMARYCustomAlgos.tsv_max.txt', 197.11120412153872), ('Unnamed: 0-SUMMARYCustomAlgos.tsv_q10.txt', 45.900437746081195), ('Unnamed: 0-SUMMARYCustomAlgos.tsv_mean.txt', 44.207125886928274), ('Unnamed: 0-SUMMARYCustomAlgos.tsv_min.txt', 31.687764701275036), ('Unnamed: 0-SUMMARYCustomAlgos.tsv_median.txt', 15.008352082150829)]
L1764	30052023--s--Lm--st--L1764--p--F09--pos003--tm--24--ch--Syto9--z--21	L1764	L394	[('Unnamed: 0-SUMMARYCustomAlgos.tsv_max.txt', 189.4123361377005), ('Unnamed: 0-SUMMARYCustomAlgos.tsv_mean.txt', 45.42370316339803), ('Unnamed: 0-SUMMARYCustomAlgos.tsv_q10.txt', 39.7039949862486), ('Unnamed: 0-SUMMARYCustomAlgos.tsv_min.txt', 28.402127872071368), ('Unnamed: 0-SUMMARYCustomAlgos.tsv_median.txt', 10.60959690802111)]
L1764	30052023--s--Lm--st--L1764--p--F09--pos004--tm--24--ch--Syto9--z--21	L1764	L394	[('Unnamed: 0-SUMMARYCustomAlgos.tsv_max.txt', 144.65957825207192), ('Unnamed: 0-SUMMARYCustomAlgos.tsv_q10.txt', 69.5928687622864), ('Unnamed: 0-SUMMARYCustomAlgos.tsv_min.txt', 15.92554053161064), ('Unnamed: 0-SUMMARYCustomAlgos.tsv_mean.txt', 11.513144613726444), ('Unnamed: 0-SUMMARYCustomAlgos.tsv_median.txt', 1.9371897604986554)]
L1764	30052023--s--Lm--st--L1764--p--F09--pos005--tm--24--ch--Syto9--z--21	L1764	L394	[('Unnamed: 0-SUMMARYCustomAlgos.tsv_max.txt', 141.9231968964306), ('Unnamed: 0-SUMMARYCustomAlgos.tsv_q10.txt', 72.03550546699547), ('Unnamed: 0-SUMMARYCustomAlgos.tsv_min.txt', 15.586755468810292), ('Unnamed: 0-SUMMARYCustomAlgos.tsv_mean.txt', 13.905518377734813), ('Unnamed: 0-SUMMARYCustomAlgos.tsv_median.txt', 1.5740518246153028)]
L1764	30052023--s--Lm--st--L1764--p--F10--pos001--tm--24--ch--Syto9--z--21	L1764	L394	[('Unnamed: 0-SUMMARYCustomAlgos.tsv_max.txt', 198.3823400035824), ('Unnamed: 0-SUMMARYCustomAlgos.tsv_q10.txt', 44.935960974163), ('Unnamed: 0-SUMMARYCustomAlgos.tsv_mean.txt', 44.3496861192977), ('Unnamed: 0-SUMMARYCustomAlgos.tsv_min.txt', 31.739269569033397), ('Unnamed: 0-SUMMARYCustomAlgos.tsv_median.txt', 14.720251460962414)]
L1764	30052023--s--Lm--st--L1764--p--F10--pos003--tm--24--ch--Syto9--z--21	L1764	L394	[('Unnamed: 0-SUMMARYCustomAlgos.tsv_max.txt', 190.47901376313985), ('Unnamed: 0-SUMMARYCustomAlgos.tsv_mean.txt', 45.817085834203276), ('Unnamed: 0-SUMMARYCustomAlgos.tsv_q10.txt', 39.49906596207929), ('Unnamed: 0-SUMMARYCustomAlgos.tsv_min.txt', 28.632971012260263), ('Unnamed: 0-SUMMARYCustomAlgos.tsv_median.txt', 11.035184666075075)]
L1764	30052023--s--Lm--st--L1764--p--F10--pos004--tm--24--ch--Syto9--z--21	L1764	L394	[('Unnamed: 0-SUMMARYCustomAlgos.tsv_max.txt', 149.43378159529803), ('Unnamed: 0-SUMMARYCustomAlgos.tsv_q10.txt', 75.62678369597916), ('Unnamed: 0-SUMMARYCustomAlgos.tsv_min.txt', 18.47626345838988), ('Unnamed: 0-SUMMARYCustomAlgos.tsv_mean.txt', 8.569268549621363), ('Unnamed: 0-SUMMARYCustomAlgos.tsv_median.txt', 0.4534749496865683)]
L1764	30052023--s--Lm--st--L1764--p--F10--pos005--tm--24--ch--Syto9--z--21	L1764	L394	[('Unnamed: 0-SUMMARYCustomAlgos.tsv_max.txt', 194.36529989484868), ('Unnamed: 0-SUMMARYCustomAlgos.tsv_mean.txt', 47.08855077419545), ('Unnamed: 0-SUMMARYCustomAlgos.tsv_q10.txt', 43.47193041125891), ('Unnamed: 0-SUMMARYCustomAlgos.tsv_min.txt', 32.09731903206751), ('Unnamed: 0-SUMMARYCustomAlgos.tsv_median.txt', 15.81181086174737)]
L1764	30052023--s--Lm--st--L1764--p--G03--pos001--tm--24--ch--Syto9--z--21	L1764	L394	[('Unnamed: 0-SUMMARYCustomAlgos.tsv_mean.txt', 81.0032716263968), ('Unnamed: 0-SUMMARYCustomAlgos.tsv_max.txt', 79.38580990951492), ('Unnamed: 0-SUMMARYCustomAlgos.tsv_q10.txt', 55.84058344842081), ('Unnamed: 0-SUMMARYCustomAlgos.tsv_min.txt', 37.69185899405636), ('Unnamed: 0-SUMMARYCustomAlgos.tsv_median.txt', 19.621886720281253)]
L1764	30052023--s--Lm--st--L1764--p--G03--pos002--tm--24--ch--Syto9--z--21	L1764	L394	[('Unnamed: 0-SUMMARYCustomAlgos.tsv_mean.txt', 78.04594815465123), ('Unnamed: 0-SUMMARYCustomAlgos.tsv_max.txt', 72.49812721340847), ('Unnamed: 0-SUMMARYCustomAlgos.tsv_q10.txt', 51.77901573200441), ('Unnamed: 0-SUMMARYCustomAlgos.tsv_min.txt', 35.782772110185626), ('Unnamed: 0-SUMMARYCustomAlgos.tsv_median.txt', 24.682350884656717)]
L1764	30052023--s--Lm--st--L1764--p--G03--pos003--tm--24--ch--Syto9--z--21	L1764	L628	[('Unnamed: 0-SUMMARYCustomAlgos.tsv_max.txt', 83.9166948221248), ('Unnamed: 0-SUMMARYCustomAlgos.tsv_mean.txt', 71.98861738211224), ('Unnamed: 0-SUMMARYCustomAlgos.tsv_q10.txt', 58.20485830193386), ('Unnamed: 0-SUMMARYCustomAlgos.tsv_min.txt', 25.5375256108033), ('Unnamed: 0-SUMMARYCustomAlgos.tsv_median.txt', 22.97600810316897)]
L1764	30052023--s--Lm--st--L1764--p--G03--pos004--tm--24--ch--Syto9--z--21	L1764	L1823	[('Unnamed: 0-SUMMARYCustomAlgos.tsv_mean.txt', 73.66781806243031), ('Unnamed: 0-SUMMARYCustomAlgos.tsv_q10.txt', 39.46589648746615), ('Unnamed: 0-SUMMARYCustomAlgos.tsv_median.txt', 22.717241717818478), ('Unnamed: 0-SUMMARYCustomAlgos.tsv_max.txt', 22.417335702340253), ('Unnamed: 0-SUMMARYCustomAlgos.tsv_min.txt', 18.183575612791085)]
L1764	30052023--s--Lm--st--L1764--p--G03--pos005--tm--24--ch--Syto9--z--21	L1764	L394	[('Unnamed: 0-SUMMARYCustomAlgos.tsv_max.txt', 94.98251296077946), ('Unnamed: 0-SUMMARYCustomAlgos.tsv_mean.txt', 54.43235670821338), ('Unnamed: 0-SUMMARYCustomAlgos.tsv_min.txt', 30.635283786889016), ('Unnamed: 0-SUMMARYCustomAlgos.tsv_median.txt', 30.182229030747777), ('Unnamed: 0-SUMMARYCustomAlgos.tsv_q10.txt', 28.045277264538075)]
L1764	30052023--s--Lm--st--L1764--p--G04--pos001--tm--24--ch--Syto9--z--21	L1764	L394	[('Unnamed: 0-SUMMARYCustomAlgos.tsv_max.txt', 97.53678403324659), ('Unnamed: 0-SUMMARYCustomAlgos.tsv_mean.txt', 54.212045994776794), ('Unnamed: 0-SUMMARYCustomAlgos.tsv_min.txt', 32.10384775388764), ('Unnamed: 0-SUMMARYCustomAlgos.tsv_median.txt', 30.182229030747777), ('Unnamed: 0-SUMMARYCustomAlgos.tsv_q10.txt', 27.808897118624255)]
L1764	30052023--s--Lm--st--L1764--p--G04--pos002--tm--24--ch--Syto9--z--21	L1764	L394	[('Unnamed: 0-SUMMARYCustomAlgos.tsv_max.txt', 95.26488239755867), ('Unnamed: 0-SUMMARYCustomAlgos.tsv_mean.txt', 55.108474620582484), ('Unnamed: 0-SUMMARYCustomAlgos.tsv_min.txt', 30.84521447697481), ('Unnamed: 0-SUMMARYCustomAlgos.tsv_median.txt', 29.921713685502166), ('Unnamed: 0-SUMMARYCustomAlgos.tsv_q10.txt', 28.566289173324467)]
L1764	30052023--s--Lm--st--L1764--p--G04--pos003--tm--24--ch--Syto9--z--21	L1764	L394	[('Unnamed: 0-SUMMARYCustomAlgos.tsv_q10.txt', 90.64169328579617), ('Unnamed: 0-SUMMARYCustomAlgos.tsv_max.txt', 75.12127835197806), ('Unnamed: 0-SUMMARYCustomAlgos.tsv_mean.txt', 13.963651275585654), ('Unnamed: 0-SUMMARYCustomAlgos.tsv_median.txt', 8.902770326130382), ('Unnamed: 0-SUMMARYCustomAlgos.tsv_min.txt', 7.96052325023527)]
L1764	30052023--s--Lm--st--L1764--p--G04--pos004--tm--24--ch--Syto9--z--21	L1764	L628	[('Unnamed: 0-SUMMARYCustomAlgos.tsv_max.txt', 85.71997939137867), ('Unnamed: 0-SUMMARYCustomAlgos.tsv_mean.txt', 73.76348008729785), ('Unnamed: 0-SUMMARYCustomAlgos.tsv_q10.txt', 55.661313904209315), ('Unnamed: 0-SUMMARYCustomAlgos.tsv_median.txt', 25.98885696308029), ('Unnamed: 0-SUMMARYCustomAlgos.tsv_min.txt', 24.420898714663835)]
L1764	30052023--s--Lm--st--L1764--p--G04--pos005--tm--24--ch--Syto9--z--21	L1764	L394	[('Unnamed: 0-SUMMARYCustomAlgos.tsv_q10.txt', 83.49658844856982), ('Unnamed: 0-SUMMARYCustomAlgos.tsv_mean.txt', 36.055198091895456), ('Unnamed: 0-SUMMARYCustomAlgos.tsv_max.txt', 28.19587209312902), ('Unnamed: 0-SUMMARYCustomAlgos.tsv_median.txt', 14.951385196509449), ('Unnamed: 0-SUMMARYCustomAlgos.tsv_min.txt', 8.434406648950013)]
L1764	30052023--s--Lm--st--L1764--p--G05--pos002--tm--24--ch--Syto9--z--21	L1764	L394	[('Unnamed: 0-SUMMARYCustomAlgos.tsv_max.txt', 90.20056089240771), ('Unnamed: 0-SUMMARYCustomAlgos.tsv_mean.txt', 57.97779845763458), ('Unnamed: 0-SUMMARYCustomAlgos.tsv_median.txt', 29.560588809060526), ('Unnamed: 0-SUMMARYCustomAlgos.tsv_min.txt', 29.546780830893827), ('Unnamed: 0-SUMMARYCustomAlgos.tsv_q10.txt', 29.262722189796648)]
L1764	30052023--s--Lm--st--L1764--p--G05--pos003--tm--24--ch--Syto9--z--21	L1764	L628	[('Unnamed: 0-SUMMARYCustomAlgos.tsv_mean.txt', 88.6680984466932), ('Unnamed: 0-SUMMARYCustomAlgos.tsv_q10.txt', 65.12087372969823), ('Unnamed: 0-SUMMARYCustomAlgos.tsv_max.txt', 65.10346488916133), ('Unnamed: 0-SUMMARYCustomAlgos.tsv_median.txt', 22.892822582434935), ('Unnamed: 0-SUMMARYCustomAlgos.tsv_min.txt', 19.214877116788088)]
L1764	30052023--s--Lm--st--L1764--p--G05--pos004--tm--24--ch--Syto9--z--21	L1764	L394	[('Unnamed: 0-SUMMARYCustomAlgos.tsv_max.txt', 86.40082974575643), ('Unnamed: 0-SUMMARYCustomAlgos.tsv_mean.txt', 58.862226800043715), ('Unnamed: 0-SUMMARYCustomAlgos.tsv_q10.txt', 30.62032113448521), ('Unnamed: 0-SUMMARYCustomAlgos.tsv_min.txt', 29.196323583007448), ('Unnamed: 0-SUMMARYCustomAlgos.tsv_median.txt', 24.449766425526082)]
L634	30052023--s--Lm--st--L634--p--C04--pos001--tm--24--ch--Syto9--z--21	L634	L1823	[('Unnamed: 0-SUMMARYCustomAlgos.tsv_mean.txt', 56.22862105746364), ('Unnamed: 0-SUMMARYCustomAlgos.tsv_q10.txt', 53.082972355337546), ('Unnamed: 0-SUMMARYCustomAlgos.tsv_min.txt', 35.05187234232595), ('Unnamed: 0-SUMMARYCustomAlgos.tsv_median.txt', 28.26738999406726), ('Unnamed: 0-SUMMARYCustomAlgos.tsv_max.txt', 21.991021485538866)]
L634	30052023--s--Lm--st--L634--p--C04--pos002--tm--24--ch--Syto9--z--21	L634	L455	[('Unnamed: 0-SUMMARYCustomAlgos.tsv_max.txt', 55.29137825155614), ('Unnamed: 0-SUMMARYCustomAlgos.tsv_mean.txt', 36.70895024633739), ('Unnamed: 0-SUMMARYCustomAlgos.tsv_q10.txt', 36.205319771804945), ('Unnamed: 0-SUMMARYCustomAlgos.tsv_min.txt', 30.81994139305267), ('Unnamed: 0-SUMMARYCustomAlgos.tsv_median.txt', 22.554770999674865)]
L634	30052023--s--Lm--st--L634--p--C05--pos001--tm--24--ch--Syto9--z--21	L634	L1764	[('Unnamed: 0-SUMMARYCustomAlgos.tsv_max.txt', 195.87482979910084), ('Unnamed: 0-SUMMARYCustomAlgos.tsv_mean.txt', 113.70029791732713), ('Unnamed: 0-SUMMARYCustomAlgos.tsv_min.txt', 40.45961896547849), ('Unnamed: 0-SUMMARYCustomAlgos.tsv_q10.txt', 10.115403946229751), ('Unnamed: 0-SUMMARYCustomAlgos.tsv_median.txt', 3.2364785219729306)]
L634	30052023--s--Lm--st--L634--p--C05--pos002--tm--24--ch--Syto9--z--21	L634	L628	[('Unnamed: 0-SUMMARYCustomAlgos.tsv_max.txt', 83.28597327902153), ('Unnamed: 0-SUMMARYCustomAlgos.tsv_mean.txt', 68.2885527503964), ('Unnamed: 0-SUMMARYCustomAlgos.tsv_median.txt', 45.62105252892045), ('Unnamed: 0-SUMMARYCustomAlgos.tsv_min.txt', 42.78774715551839), ('Unnamed: 0-SUMMARYCustomAlgos.tsv_q10.txt', 24.693339365393268)]
L634	30052023--s--Lm--st--L634--p--C05--pos003--tm--24--ch--Syto9--z--21	L634	L1823	[('Unnamed: 0-SUMMARYCustomAlgos.tsv_mean.txt', 84.71216734986632), ('Unnamed: 0-SUMMARYCustomAlgos.tsv_q10.txt', 43.3650834067286), ('Unnamed: 0-SUMMARYCustomAlgos.tsv_max.txt', 39.14698514616257), ('Unnamed: 0-SUMMARYCustomAlgos.tsv_min.txt', 33.10950452094744), ('Unnamed: 0-SUMMARYCustomAlgos.tsv_median.txt', 31.790689641695767)]
L634	30052023--s--Lm--st--L634--p--C05--pos004--tm--24--ch--Syto9--z--21	L634	L628	[('Unnamed: 0-SUMMARYCustomAlgos.tsv_mean.txt', 68.38278649922293), ('Unnamed: 0-SUMMARYCustomAlgos.tsv_q10.txt', 51.75655789321586), ('Unnamed: 0-SUMMARYCustomAlgos.tsv_median.txt', 33.087445148718324), ('Unnamed: 0-SUMMARYCustomAlgos.tsv_max.txt', 30.650407774501645), ('Unnamed: 0-SUMMARYCustomAlgos.tsv_min.txt', 24.821261623531676)]
L634	30052023--s--Lm--st--L634--p--C05--pos005--tm--24--ch--Syto9--z--21	L634	L1823	[('Unnamed: 0-SUMMARYCustomAlgos.tsv_mean.txt', 52.22426479887105), ('Unnamed: 0-SUMMARYCustomAlgos.tsv_q10.txt', 42.74689363066341), ('Unnamed: 0-SUMMARYCustomAlgos.tsv_max.txt', 36.34291684394839), ('Unnamed: 0-SUMMARYCustomAlgos.tsv_min.txt', 30.976140999219563), ('Unnamed: 0-SUMMARYCustomAlgos.tsv_median.txt', 29.42698330745568)]
L634	30052023--s--Lm--st--L634--p--C06--pos001--tm--24--ch--Syto9--z--21	L634	L628	[('Unnamed: 0-SUMMARYCustomAlgos.tsv_mean.txt', 68.6903931011025), ('Unnamed: 0-SUMMARYCustomAlgos.tsv_max.txt', 56.49375934179668), ('Unnamed: 0-SUMMARYCustomAlgos.tsv_min.txt', 37.34018723724888), ('Unnamed: 0-SUMMARYCustomAlgos.tsv_median.txt', 35.548847499612236), ('Unnamed: 0-SUMMARYCustomAlgos.tsv_q10.txt', 29.881606961220857)]
L634	30052023--s--Lm--st--L634--p--C06--pos002--tm--24--ch--Syto9--z--21	L634	L628	[('Unnamed: 0-SUMMARYCustomAlgos.tsv_mean.txt', 47.997210480951814), ('Unnamed: 0-SUMMARYCustomAlgos.tsv_max.txt', 47.82407794238261), ('Unnamed: 0-SUMMARYCustomAlgos.tsv_q10.txt', 43.45114780537599), ('Unnamed: 0-SUMMARYCustomAlgos.tsv_min.txt', 43.004256567053005), ('Unnamed: 0-SUMMARYCustomAlgos.tsv_median.txt', 28.377541197344073)]
L634	30052023--s--Lm--st--L634--p--C06--pos003--tm--24--ch--Syto9--z--21	L634	L1823	[('Unnamed: 0-SUMMARYCustomAlgos.tsv_max.txt', 41.72753746343244), ('Unnamed: 0-SUMMARYCustomAlgos.tsv_mean.txt', 38.17103830805989), ('Unnamed: 0-SUMMARYCustomAlgos.tsv_q10.txt', 29.965773160703616), ('Unnamed: 0-SUMMARYCustomAlgos.tsv_median.txt', 22.79540202329208), ('Unnamed: 0-SUMMARYCustomAlgos.tsv_min.txt', 22.319526699278626)]
L634	30052023--s--Lm--st--L634--p--C06--pos004--tm--24--ch--Syto9--z--21	L634	L1323	[('Unnamed: 0-SUMMARYCustomAlgos.tsv_mean.txt', 51.40668307381343), ('Unnamed: 0-SUMMARYCustomAlgos.tsv_max.txt', 48.619043820033426), ('Unnamed: 0-SUMMARYCustomAlgos.tsv_median.txt', 37.141623114542895), ('Unnamed: 0-SUMMARYCustomAlgos.tsv_q10.txt', 36.88849780637667), ('Unnamed: 0-SUMMARYCustomAlgos.tsv_min.txt', 31.433261618556774)]
L634	30052023--s--Lm--st--L634--p--C06--pos005--tm--24--ch--Syto9--z--21	L634	L1823	[('Unnamed: 0-SUMMARYCustomAlgos.tsv_max.txt', 52.58274929477735), ('Unnamed: 0-SUMMARYCustomAlgos.tsv_mean.txt', 41.295449623378786), ('Unnamed: 0-SUMMARYCustomAlgos.tsv_median.txt', 32.9539695760756), ('Unnamed: 0-SUMMARYCustomAlgos.tsv_q10.txt', 32.3323045954261), ('Unnamed: 0-SUMMARYCustomAlgos.tsv_min.txt', 32.09745082828262)]
L634	30052023--s--Lm--st--L634--p--C07--pos001--tm--24--ch--Syto9--z--21	L634	L394	[('Unnamed: 0-SUMMARYCustomAlgos.tsv_max.txt', 102.55241787820297), ('Unnamed: 0-SUMMARYCustomAlgos.tsv_mean.txt', 56.488740719242024), ('Unnamed: 0-SUMMARYCustomAlgos.tsv_q10.txt', 46.355741576838405), ('Unnamed: 0-SUMMARYCustomAlgos.tsv_min.txt', 35.533474111230504), ('Unnamed: 0-SUMMARYCustomAlgos.tsv_median.txt', 31.07669300151235)]
L634	30052023--s--Lm--st--L634--p--C07--pos002--tm--24--ch--Syto9--z--21	L634	19115	[('Unnamed: 0-SUMMARYCustomAlgos.tsv_max.txt', 95.81731210237457), ('Unnamed: 0-SUMMARYCustomAlgos.tsv_mean.txt', 83.6129526746254), ('Unnamed: 0-SUMMARYCustomAlgos.tsv_min.txt', 47.344157264435964), ('Unnamed: 0-SUMMARYCustomAlgos.tsv_q10.txt', 47.10685591626645), ('Unnamed: 0-SUMMARYCustomAlgos.tsv_median.txt', 28.533835276324915)]
L634	30052023--s--Lm--st--L634--p--C07--pos003--tm--24--ch--Syto9--z--21	L634	L1823	[('Unnamed: 0-SUMMARYCustomAlgos.tsv_mean.txt', 80.32718442586278), ('Unnamed: 0-SUMMARYCustomAlgos.tsv_q10.txt', 42.582248413656345), ('Unnamed: 0-SUMMARYCustomAlgos.tsv_max.txt', 36.449052560103915), ('Unnamed: 0-SUMMARYCustomAlgos.tsv_min.txt', 31.638125383148633), ('Unnamed: 0-SUMMARYCustomAlgos.tsv_median.txt', 31.332649114741994)]
L634	30052023--s--Lm--st--L634--p--C07--pos004--tm--24--ch--Syto9--z--21	L634	L1823	[('Unnamed: 0-SUMMARYCustomAlgos.tsv_mean.txt', 65.69930229404032), ('Unnamed: 0-SUMMARYCustomAlgos.tsv_max.txt', 45.89456779392527), ('Unnamed: 0-SUMMARYCustomAlgos.tsv_q10.txt', 37.174593277173514), ('Unnamed: 0-SUMMARYCustomAlgos.tsv_median.txt', 33.30477550692535), ('Unnamed: 0-SUMMARYCustomAlgos.tsv_min.txt', 29.32711818149639)]
L634	30052023--s--Lm--st--L634--p--C07--pos005--tm--24--ch--Syto9--z--21	L634	L1823	[('Unnamed: 0-SUMMARYCustomAlgos.tsv_mean.txt', 68.06875791650637), ('Unnamed: 0-SUMMARYCustomAlgos.tsv_max.txt', 49.68025920984442), ('Unnamed: 0-SUMMARYCustomAlgos.tsv_q10.txt', 34.11672550618036), ('Unnamed: 0-SUMMARYCustomAlgos.tsv_median.txt', 30.252977932189147), ('Unnamed: 0-SUMMARYCustomAlgos.tsv_min.txt', 27.754348498644937)]
L634	30052023--s--Lm--st--L634--p--C08--pos001--tm--24--ch--Syto9--z--21	L634	19115	[('Unnamed: 0-SUMMARYCustomAlgos.tsv_max.txt', 70.95831264274953), ('Unnamed: 0-SUMMARYCustomAlgos.tsv_q10.txt', 49.871090608949594), ('Unnamed: 0-SUMMARYCustomAlgos.tsv_min.txt', 49.050845209855495), ('Unnamed: 0-SUMMARYCustomAlgos.tsv_mean.txt', 35.69592752679077), ('Unnamed: 0-SUMMARYCustomAlgos.tsv_median.txt', 26.509852471833586)]
L634	30052023--s--Lm--st--L634--p--C08--pos002--tm--24--ch--Syto9--z--21	L634	19115	[('Unnamed: 0-SUMMARYCustomAlgos.tsv_max.txt', 228.42749020594044), ('Unnamed: 0-SUMMARYCustomAlgos.tsv_min.txt', 78.84281364106063), ('Unnamed: 0-SUMMARYCustomAlgos.tsv_mean.txt', 41.80793505443052), ('Unnamed: 0-SUMMARYCustomAlgos.tsv_q10.txt', 15.275792935072944), ('Unnamed: 0-SUMMARYCustomAlgos.tsv_median.txt', 10.619714413578416)]
L634	30052023--s--Lm--st--L634--p--C08--pos003--tm--24--ch--Syto9--z--21	L634	L1323	[('Unnamed: 0-SUMMARYCustomAlgos.tsv_min.txt', 156.49298563694288), ('Unnamed: 0-SUMMARYCustomAlgos.tsv_mean.txt', 65.17145146619065), ('Unnamed: 0-SUMMARYCustomAlgos.tsv_max.txt', 49.32349973976088), ('Unnamed: 0-SUMMARYCustomAlgos.tsv_q10.txt', 24.70750138931947), ('Unnamed: 0-SUMMARYCustomAlgos.tsv_median.txt', 24.652823277056385)]
L634	30052023--s--Lm--st--L634--p--C08--pos004--tm--24--ch--Syto9--z--21	L634	19115	[('Unnamed: 0-SUMMARYCustomAlgos.tsv_max.txt', 97.64503593270214), ('Unnamed: 0-SUMMARYCustomAlgos.tsv_mean.txt', 73.59741766951203), ('Unnamed: 0-SUMMARYCustomAlgos.tsv_min.txt', 49.043686268486944), ('Unnamed: 0-SUMMARYCustomAlgos.tsv_q10.txt', 43.91419493732041), ('Unnamed: 0-SUMMARYCustomAlgos.tsv_median.txt', 30.89810425612087)]
L634	30052023--s--Lm--st--L634--p--C08--pos005--tm--24--ch--Syto9--z--21	L634	19115	[('Unnamed: 0-SUMMARYCustomAlgos.tsv_max.txt', 289.6743332704961), ('Unnamed: 0-SUMMARYCustomAlgos.tsv_mean.txt', 97.16803624359963), ('Unnamed: 0-SUMMARYCustomAlgos.tsv_min.txt', 73.71663092482116), ('Unnamed: 0-SUMMARYCustomAlgos.tsv_q10.txt', 20.415585915928194), ('Unnamed: 0-SUMMARYCustomAlgos.tsv_median.txt', 7.068963019927826)]
L634	30052023--s--Lm--st--L634--p--C09--pos001--tm--24--ch--Syto9--z--21	L634	L1823	[('Unnamed: 0-SUMMARYCustomAlgos.tsv_mean.txt', 96.1535319182288), ('Unnamed: 0-SUMMARYCustomAlgos.tsv_min.txt', 70.47250238207032), ('Unnamed: 0-SUMMARYCustomAlgos.tsv_median.txt', 58.103497999844365), ('Unnamed: 0-SUMMARYCustomAlgos.tsv_q10.txt', 50.108714184936304), ('Unnamed: 0-SUMMARYCustomAlgos.tsv_max.txt', 42.95705846409891)]
L634	30052023--s--Lm--st--L634--p--C09--pos002--tm--24--ch--Syto9--z--21	L634	19115	[('Unnamed: 0-SUMMARYCustomAlgos.tsv_mean.txt', 125.90476521093753), ('Unnamed: 0-SUMMARYCustomAlgos.tsv_min.txt', 99.54089389779139), ('Unnamed: 0-SUMMARYCustomAlgos.tsv_max.txt', 55.271461122389404), ('Unnamed: 0-SUMMARYCustomAlgos.tsv_q10.txt', 30.665710825562567), ('Unnamed: 0-SUMMARYCustomAlgos.tsv_median.txt', 12.295804271473402)]
L634	30052023--s--Lm--st--L634--p--C09--pos003--tm--24--ch--Syto9--z--21	L634	19115	[('Unnamed: 0-SUMMARYCustomAlgos.tsv_mean.txt', 145.71389156111445), ('Unnamed: 0-SUMMARYCustomAlgos.tsv_min.txt', 123.73041506139685), ('Unnamed: 0-SUMMARYCustomAlgos.tsv_max.txt', 56.496069098863124), ('Unnamed: 0-SUMMARYCustomAlgos.tsv_q10.txt', 42.98048615063532), ('Unnamed: 0-SUMMARYCustomAlgos.tsv_median.txt', 10.534364126683313)]
L634	30052023--s--Lm--st--L634--p--C09--pos005--tm--24--ch--Syto9--z--21	L634	19115	[('Unnamed: 0-SUMMARYCustomAlgos.tsv_max.txt', 144.35357078213622), ('Unnamed: 0-SUMMARYCustomAlgos.tsv_min.txt', 119.55037942331147), ('Unnamed: 0-SUMMARYCustomAlgos.tsv_mean.txt', 34.459317717211356), ('Unnamed: 0-SUMMARYCustomAlgos.tsv_q10.txt', 17.295609474338757), ('Unnamed: 0-SUMMARYCustomAlgos.tsv_median.txt', 6.61890043985471)]
L634	30052023--s--Lm--st--L634--p--C10--pos001--tm--24--ch--Syto9--z--21	L634	19115	[('Unnamed: 0-SUMMARYCustomAlgos.tsv_min.txt', 102.67291654272658), ('Unnamed: 0-SUMMARYCustomAlgos.tsv_mean.txt', 75.15901348063699), ('Unnamed: 0-SUMMARYCustomAlgos.tsv_q10.txt', 58.98419415659405), ('Unnamed: 0-SUMMARYCustomAlgos.tsv_max.txt', 37.49894466538969), ('Unnamed: 0-SUMMARYCustomAlgos.tsv_median.txt', 33.46561798295406)]
L634	30052023--s--Lm--st--L634--p--C10--pos002--tm--24--ch--Syto9--z--21	L634	19115	[('Unnamed: 0-SUMMARYCustomAlgos.tsv_mean.txt', 108.74807021586666), ('Unnamed: 0-SUMMARYCustomAlgos.tsv_min.txt', 102.9984629957543), ('Unnamed: 0-SUMMARYCustomAlgos.tsv_max.txt', 78.5124779991807), ('Unnamed: 0-SUMMARYCustomAlgos.tsv_q10.txt', 59.042794260877216), ('Unnamed: 0-SUMMARYCustomAlgos.tsv_median.txt', 36.172878301940436)]
L634	30052023--s--Lm--st--L634--p--C10--pos003--tm--24--ch--Syto9--z--21	L634	19115	[('Unnamed: 0-SUMMARYCustomAlgos.tsv_mean.txt', 135.30592745172936), ('Unnamed: 0-SUMMARYCustomAlgos.tsv_min.txt', 106.83974794689192), ('Unnamed: 0-SUMMARYCustomAlgos.tsv_max.txt', 55.973616839198606), ('Unnamed: 0-SUMMARYCustomAlgos.tsv_q10.txt', 31.79905783129761), ('Unnamed: 0-SUMMARYCustomAlgos.tsv_median.txt', 11.012362852613478)]
L634	30052023--s--Lm--st--L634--p--C10--pos004--tm--24--ch--Syto9--z--21	L634	19115	[('Unnamed: 0-SUMMARYCustomAlgos.tsv_max.txt', 207.78120621259328), ('Unnamed: 0-SUMMARYCustomAlgos.tsv_min.txt', 120.7669423383691), ('Unnamed: 0-SUMMARYCustomAlgos.tsv_mean.txt', 30.300538356665182), ('Unnamed: 0-SUMMARYCustomAlgos.tsv_q10.txt', 16.07434454218078), ('Unnamed: 0-SUMMARYCustomAlgos.tsv_median.txt', 7.213594140098593)]
L634	30052023--s--Lm--st--L634--p--C10--pos005--tm--24--ch--Syto9--z--21	L634	L1323	[('Unnamed: 0-SUMMARYCustomAlgos.tsv_min.txt', 163.51592265296415), ('Unnamed: 0-SUMMARYCustomAlgos.tsv_mean.txt', 48.31873436541583), ('Unnamed: 0-SUMMARYCustomAlgos.tsv_max.txt', 35.72356880215421), ('Unnamed: 0-SUMMARYCustomAlgos.tsv_median.txt', 25.35353664594168), ('Unnamed: 0-SUMMARYCustomAlgos.tsv_q10.txt', 19.23264146082618)]
L634	30052023--s--Lm--st--L634--p--D03--pos001--tm--24--ch--Syto9--z--21	L634	L455	[('Unnamed: 0-SUMMARYCustomAlgos.tsv_q10.txt', 48.838585175446454), ('Unnamed: 0-SUMMARYCustomAlgos.tsv_min.txt', 44.51793125135683), ('Unnamed: 0-SUMMARYCustomAlgos.tsv_max.txt', 42.809641786743796), ('Unnamed: 0-SUMMARYCustomAlgos.tsv_mean.txt', 32.21062132402801), ('Unnamed: 0-SUMMARYCustomAlgos.tsv_median.txt', 15.825747983461952)]
L634	30052023--s--Lm--st--L634--p--D03--pos002--tm--24--ch--Syto9--z--21	L634	L455	[('Unnamed: 0-SUMMARYCustomAlgos.tsv_max.txt', 71.64062554337), ('Unnamed: 0-SUMMARYCustomAlgos.tsv_q10.txt', 71.06964345266977), ('Unnamed: 0-SUMMARYCustomAlgos.tsv_mean.txt', 31.013729677866326), ('Unnamed: 0-SUMMARYCustomAlgos.tsv_min.txt', 26.653126431583832), ('Unnamed: 0-SUMMARYCustomAlgos.tsv_median.txt', 14.436610899076426)]
L634	30052023--s--Lm--st--L634--p--D03--pos003--tm--24--ch--Syto9--z--21	L634	L1323	[('Unnamed: 0-SUMMARYCustomAlgos.tsv_min.txt', 147.67425925544123), ('Unnamed: 0-SUMMARYCustomAlgos.tsv_mean.txt', 65.95717090984897), ('Unnamed: 0-SUMMARYCustomAlgos.tsv_max.txt', 51.924582727645046), ('Unnamed: 0-SUMMARYCustomAlgos.tsv_median.txt', 25.694232963431922), ('Unnamed: 0-SUMMARYCustomAlgos.tsv_q10.txt', 18.19701879677599)]
L634	30052023--s--Lm--st--L634--p--D03--pos004--tm--24--ch--Syto9--z--21	L634	L1323	[('Unnamed: 0-SUMMARYCustomAlgos.tsv_min.txt', 160.12836645752276), ('Unnamed: 0-SUMMARYCustomAlgos.tsv_mean.txt', 48.14776284820214), ('Unnamed: 0-SUMMARYCustomAlgos.tsv_max.txt', 35.38240634461043), ('Unnamed: 0-SUMMARYCustomAlgos.tsv_median.txt', 24.883223779836676), ('Unnamed: 0-SUMMARYCustomAlgos.tsv_q10.txt', 21.971635474332817)]
L634	30052023--s--Lm--st--L634--p--D04--pos001--tm--24--ch--Syto9--z--21	L634	19115	[('Unnamed: 0-SUMMARYCustomAlgos.tsv_max.txt', 166.36413793520825), ('Unnamed: 0-SUMMARYCustomAlgos.tsv_mean.txt', 88.04835063057075), ('Unnamed: 0-SUMMARYCustomAlgos.tsv_min.txt', 69.51984314347746), ('Unnamed: 0-SUMMARYCustomAlgos.tsv_q10.txt', 17.265231198987877), ('Unnamed: 0-SUMMARYCustomAlgos.tsv_median.txt', 14.033200580280427)]
L634	30052023--s--Lm--st--L634--p--D04--pos002--tm--24--ch--Syto9--z--21	L634	19115	[('Unnamed: 0-SUMMARYCustomAlgos.tsv_max.txt', 211.37266271959706), ('Unnamed: 0-SUMMARYCustomAlgos.tsv_mean.txt', 88.38710872681271), ('Unnamed: 0-SUMMARYCustomAlgos.tsv_min.txt', 74.56400328178941), ('Unnamed: 0-SUMMARYCustomAlgos.tsv_q10.txt', 14.509756130974527), ('Unnamed: 0-SUMMARYCustomAlgos.tsv_median.txt', 12.725249893677747)]
L634	30052023--s--Lm--st--L634--p--D04--pos003--tm--24--ch--Syto9--z--21	L634	L455	[('Unnamed: 0-SUMMARYCustomAlgos.tsv_max.txt', 321.2440300446853), ('Unnamed: 0-SUMMARYCustomAlgos.tsv_min.txt', 96.83568620413281), ('Unnamed: 0-SUMMARYCustomAlgos.tsv_mean.txt', 37.896664649525334), ('Unnamed: 0-SUMMARYCustomAlgos.tsv_q10.txt', 12.958479276763851), ('Unnamed: 0-SUMMARYCustomAlgos.tsv_median.txt', 7.4227133284180224)]
L634	30052023--s--Lm--st--L634--p--D04--pos004--tm--24--ch--Syto9--z--21	L634	L1323	[('Unnamed: 0-SUMMARYCustomAlgos.tsv_min.txt', 131.76985936620798), ('Unnamed: 0-SUMMARYCustomAlgos.tsv_q10.txt', 56.553124740446556), ('Unnamed: 0-SUMMARYCustomAlgos.tsv_median.txt', 34.0243902460637), ('Unnamed: 0-SUMMARYCustomAlgos.tsv_max.txt', 31.905299166403527), ('Unnamed: 0-SUMMARYCustomAlgos.tsv_mean.txt', 26.606394818960524)]
L634	30052023--s--Lm--st--L634--p--D04--pos005--tm--24--ch--Syto9--z--21	L634	19115	[('Unnamed: 0-SUMMARYCustomAlgos.tsv_max.txt', 163.43662048647778), ('Unnamed: 0-SUMMARYCustomAlgos.tsv_mean.txt', 88.03311058279634), ('Unnamed: 0-SUMMARYCustomAlgos.tsv_min.txt', 69.81764992928476), ('Unnamed: 0-SUMMARYCustomAlgos.tsv_q10.txt', 17.574045047956066), ('Unnamed: 0-SUMMARYCustomAlgos.tsv_median.txt', 13.663719702885324)]
L634	30052023--s--Lm--st--L634--p--D05--pos001--tm--24--ch--Syto9--z--21	L634	L1323	[('Unnamed: 0-SUMMARYCustomAlgos.tsv_min.txt', 134.38043363707257), ('Unnamed: 0-SUMMARYCustomAlgos.tsv_q10.txt', 57.718393308339444), ('Unnamed: 0-SUMMARYCustomAlgos.tsv_mean.txt', 38.1793648355422), ('Unnamed: 0-SUMMARYCustomAlgos.tsv_median.txt', 36.23480258155069), ('Unnamed: 0-SUMMARYCustomAlgos.tsv_max.txt', 32.67928564464769)]
L634	30052023--s--Lm--st--L634--p--D05--pos002--tm--24--ch--Syto9--z--21	L634	19115	[('Unnamed: 0-SUMMARYCustomAlgos.tsv_mean.txt', 158.53904720104615), ('Unnamed: 0-SUMMARYCustomAlgos.tsv_min.txt', 114.21003837678558), ('Unnamed: 0-SUMMARYCustomAlgos.tsv_max.txt', 78.2325925918005), ('Unnamed: 0-SUMMARYCustomAlgos.tsv_q10.txt', 30.85148052664035), ('Unnamed: 0-SUMMARYCustomAlgos.tsv_median.txt', 12.544917124235463)]
L634	30052023--s--Lm--st--L634--p--D05--pos003--tm--24--ch--Syto9--z--21	L634	19115	[('Unnamed: 0-SUMMARYCustomAlgos.tsv_max.txt', 198.8133226461497), ('Unnamed: 0-SUMMARYCustomAlgos.tsv_mean.txt', 81.07497120983459), ('Unnamed: 0-SUMMARYCustomAlgos.tsv_min.txt', 74.62760752638968), ('Unnamed: 0-SUMMARYCustomAlgos.tsv_q10.txt', 15.805555155482375), ('Unnamed: 0-SUMMARYCustomAlgos.tsv_median.txt', 7.599858193873071)]
L634	30052023--s--Lm--st--L634--p--D05--pos005--tm--24--ch--Syto9--z--21	L634	19115	[('Unnamed: 0-SUMMARYCustomAlgos.tsv_min.txt', 105.87381278546862), ('Unnamed: 0-SUMMARYCustomAlgos.tsv_mean.txt', 80.09546227165043), ('Unnamed: 0-SUMMARYCustomAlgos.tsv_q10.txt', 59.453977227267494), ('Unnamed: 0-SUMMARYCustomAlgos.tsv_max.txt', 36.63541931144279), ('Unnamed: 0-SUMMARYCustomAlgos.tsv_median.txt', 23.734913817680212)]
