group	name	true	predicted	decision makers
L1323	04072023--s--Lm--st--L1323--p--C04--pos--1--tm--0--ch--BF	L1323	L1764	[('Unnamed: 0-SUMMARYCustomAlgos.tsv_max.txt', 204.30537601121205), ('Unnamed: 0-SUMMARYCustomAlgos.tsv_median.txt', 45.296440199663614), ('Unnamed: 0-SUMMARYCustomAlgos.tsv_mean.txt', 19.218869751294978), ('Unnamed: 0-SUMMARYCustomAlgos.tsv_q10.txt', 10.246015379010101), ('Unnamed: 0-SUMMARYCustomAlgos.tsv_min.txt', 5.453310188080195)]
L1323	04072023--s--Lm--st--L1323--p--C04--pos--2--tm--0--ch--BF	L1323	L394	[('Unnamed: 0-SUMMARYCustomAlgos.tsv_max.txt', 126.11095453877496), ('Unnamed: 0-SUMMARYCustomAlgos.tsv_median.txt', 30.818662504332586), ('Unnamed: 0-SUMMARYCustomAlgos.tsv_q10.txt', 17.798500323102594), ('Unnamed: 0-SUMMARYCustomAlgos.tsv_mean.txt', 14.312043837746538), ('Unnamed: 0-SUMMARYCustomAlgos.tsv_min.txt', 13.638162982277816)]
L1323	04072023--s--Lm--st--L1323--p--C04--pos--3--tm--0--ch--BF	L1323	L1823	[('Unnamed: 0-SUMMARYCustomAlgos.tsv_max.txt', 84.6537595041488), ('Unnamed: 0-SUMMARYCustomAlgos.tsv_median.txt', 27.19911447610451), ('Unnamed: 0-SUMMARYCustomAlgos.tsv_q10.txt', 23.58762095763061), ('Unnamed: 0-SUMMARYCustomAlgos.tsv_mean.txt', 12.806285763377069), ('Unnamed: 0-SUMMARYCustomAlgos.tsv_min.txt', 8.135953138464416)]
L1323	04072023--s--Lm--st--L1323--p--C05--pos--1--tm--0--ch--BF	L1323	L1823	[('Unnamed: 0-SUMMARYCustomAlgos.tsv_max.txt', 178.39479377605645), ('Unnamed: 0-SUMMARYCustomAlgos.tsv_median.txt', 33.83108892533941), ('Unnamed: 0-SUMMARYCustomAlgos.tsv_q10.txt', 30.061744198721836), ('Unnamed: 0-SUMMARYCustomAlgos.tsv_mean.txt', 15.353057145229503), ('Unnamed: 0-SUMMARYCustomAlgos.tsv_min.txt', 5.6503246041646875)]
L1323	04072023--s--Lm--st--L1323--p--C05--pos--3--tm--0--ch--BF	L1323	L394	[('Unnamed: 0-SUMMARYCustomAlgos.tsv_max.txt', 203.02697126537424), ('Unnamed: 0-SUMMARYCustomAlgos.tsv_median.txt', 68.95224360727325), ('Unnamed: 0-SUMMARYCustomAlgos.tsv_q10.txt', 22.80761364180196), ('Unnamed: 0-SUMMARYCustomAlgos.tsv_mean.txt', 14.215371919929819), ('Unnamed: 0-SUMMARYCustomAlgos.tsv_min.txt', 13.312967104923244)]
L1323	04072023--s--Lm--st--L1323--p--C06--pos--1--tm--0--ch--BF	L1323	L1823	[('Unnamed: 0-SUMMARYCustomAlgos.tsv_max.txt', 88.40038530469245), ('Unnamed: 0-SUMMARYCustomAlgos.tsv_median.txt', 27.030008318477606), ('Unnamed: 0-SUMMARYCustomAlgos.tsv_q10.txt', 26.39863821044913), ('Unnamed: 0-SUMMARYCustomAlgos.tsv_min.txt', 7.5176125364094535), ('Unnamed: 0-SUMMARYCustomAlgos.tsv_mean.txt', 6.417541752266862)]
L1323	04072023--s--Lm--st--L1323--p--C06--pos--2--tm--0--ch--BF	L1323	L1764	[('Unnamed: 0-SUMMARYCustomAlgos.tsv_max.txt', 204.30537601121205), ('Unnamed: 0-SUMMARYCustomAlgos.tsv_median.txt', 45.296440199663614), ('Unnamed: 0-SUMMARYCustomAlgos.tsv_mean.txt', 19.218869751294978), ('Unnamed: 0-SUMMARYCustomAlgos.tsv_q10.txt', 10.246015379010101), ('Unnamed: 0-SUMMARYCustomAlgos.tsv_min.txt', 5.453310188080195)]
L1323	04072023--s--Lm--st--L1323--p--C06--pos--3--tm--0--ch--BF	L1323	L1823	[('Unnamed: 0-SUMMARYCustomAlgos.tsv_max.txt', 66.7519657600669), ('Unnamed: 0-SUMMARYCustomAlgos.tsv_median.txt', 29.181383065530568), ('Unnamed: 0-SUMMARYCustomAlgos.tsv_q10.txt', 22.371911978234774), ('Unnamed: 0-SUMMARYCustomAlgos.tsv_mean.txt', 15.879641207839708), ('Unnamed: 0-SUMMARYCustomAlgos.tsv_min.txt', 11.87065563484813)]
L1323	04072023--s--Lm--st--L1323--p--C07--pos--1--tm--0--ch--BF	L1323	L394	[('Unnamed: 0-SUMMARYCustomAlgos.tsv_max.txt', 146.8859754193127), ('Unnamed: 0-SUMMARYCustomAlgos.tsv_median.txt', 36.3340416584944), ('Unnamed: 0-SUMMARYCustomAlgos.tsv_mean.txt', 15.925757322530222), ('Unnamed: 0-SUMMARYCustomAlgos.tsv_q10.txt', 15.134825217676578), ('Unnamed: 0-SUMMARYCustomAlgos.tsv_min.txt', 12.4427768598352)]
L1323	04072023--s--Lm--st--L1323--p--C07--pos--2--tm--0--ch--BF	L1323	L1764	[('Unnamed: 0-SUMMARYCustomAlgos.tsv_max.txt', 204.30537601121205), ('Unnamed: 0-SUMMARYCustomAlgos.tsv_median.txt', 45.296440199663614), ('Unnamed: 0-SUMMARYCustomAlgos.tsv_mean.txt', 19.218869751294978), ('Unnamed: 0-SUMMARYCustomAlgos.tsv_q10.txt', 10.246015379010101), ('Unnamed: 0-SUMMARYCustomAlgos.tsv_min.txt', 5.453310188080195)]
L1323	04072023--s--Lm--st--L1323--p--C07--pos--3--tm--0--ch--BF	L1323	L1764	[('Unnamed: 0-SUMMARYCustomAlgos.tsv_max.txt', 122.73290078947623), ('Unnamed: 0-SUMMARYCustomAlgos.tsv_median.txt', 33.560855764053784), ('Unnamed: 0-SUMMARYCustomAlgos.tsv_q10.txt', 24.022481221399993), ('Unnamed: 0-SUMMARYCustomAlgos.tsv_min.txt', 18.044017020391237), ('Unnamed: 0-SUMMARYCustomAlgos.tsv_mean.txt', 17.608888146326482)]
L1323	04072023--s--Lm--st--L1323--p--C08--pos--1--tm--0--ch--BF	L1323	L1823	[('Unnamed: 0-SUMMARYCustomAlgos.tsv_max.txt', 194.62149334000983), ('Unnamed: 0-SUMMARYCustomAlgos.tsv_median.txt', 35.207518142458625), ('Unnamed: 0-SUMMARYCustomAlgos.tsv_q10.txt', 24.981214706243932), ('Unnamed: 0-SUMMARYCustomAlgos.tsv_mean.txt', 15.627498597764204), ('Unnamed: 0-SUMMARYCustomAlgos.tsv_min.txt', 4.209136470382157)]
L1323	04072023--s--Lm--st--L1323--p--C08--pos--2--tm--0--ch--BF	L1323	L1823	[('Unnamed: 0-SUMMARYCustomAlgos.tsv_max.txt', 107.45419714001075), ('Unnamed: 0-SUMMARYCustomAlgos.tsv_median.txt', 28.277179292140527), ('Unnamed: 0-SUMMARYCustomAlgos.tsv_q10.txt', 17.643762444184482), ('Unnamed: 0-SUMMARYCustomAlgos.tsv_mean.txt', 14.976563279208426), ('Unnamed: 0-SUMMARYCustomAlgos.tsv_min.txt', 14.171658952197326)]
L1323	04072023--s--Lm--st--L1323--p--C08--pos--3--tm--0--ch--BF	L1323	L394	[('Unnamed: 0-SUMMARYCustomAlgos.tsv_median.txt', 110.83421361296814), ('Unnamed: 0-SUMMARYCustomAlgos.tsv_max.txt', 75.67764152594386), ('Unnamed: 0-SUMMARYCustomAlgos.tsv_q10.txt', 18.832351303307387), ('Unnamed: 0-SUMMARYCustomAlgos.tsv_min.txt', 6.305050695391523), ('Unnamed: 0-SUMMARYCustomAlgos.tsv_mean.txt', 1.9732738615158556)]
L1323	04072023--s--Lm--st--L1323--p--C09--pos--2--tm--0--ch--BF	L1323	L1764	[('Unnamed: 0-SUMMARYCustomAlgos.tsv_max.txt', 205.83843944136746), ('Unnamed: 0-SUMMARYCustomAlgos.tsv_median.txt', 45.25466326204547), ('Unnamed: 0-SUMMARYCustomAlgos.tsv_mean.txt', 19.18298123785966), ('Unnamed: 0-SUMMARYCustomAlgos.tsv_q10.txt', 10.315657910260628), ('Unnamed: 0-SUMMARYCustomAlgos.tsv_min.txt', 5.453310188080195)]
L1323	04072023--s--Lm--st--L1323--p--C10--pos--1--tm--0--ch--BF	L1323	L1823	[('Unnamed: 0-SUMMARYCustomAlgos.tsv_max.txt', 66.7519657600669), ('Unnamed: 0-SUMMARYCustomAlgos.tsv_median.txt', 29.181383065530568), ('Unnamed: 0-SUMMARYCustomAlgos.tsv_q10.txt', 22.371911978234774), ('Unnamed: 0-SUMMARYCustomAlgos.tsv_mean.txt', 15.879641207839708), ('Unnamed: 0-SUMMARYCustomAlgos.tsv_min.txt', 11.87065563484813)]
L1323	04072023--s--Lm--st--L1323--p--C10--pos--3--tm--0--ch--BF	L1323	L1823	[('Unnamed: 0-SUMMARYCustomAlgos.tsv_max.txt', 195.69759978686702), ('Unnamed: 0-SUMMARYCustomAlgos.tsv_median.txt', 33.76287186680992), ('Unnamed: 0-SUMMARYCustomAlgos.tsv_q10.txt', 30.28259480759457), ('Unnamed: 0-SUMMARYCustomAlgos.tsv_mean.txt', 13.770769340614116), ('Unnamed: 0-SUMMARYCustomAlgos.tsv_min.txt', 4.4154338552131955)]
L1323	04072023--s--Lm--st--L1323--p--D03--pos--1--tm--0--ch--BF	L1323	L1823	[('Unnamed: 0-SUMMARYCustomAlgos.tsv_max.txt', 89.85691569041626), ('Unnamed: 0-SUMMARYCustomAlgos.tsv_median.txt', 26.949638521102873), ('Unnamed: 0-SUMMARYCustomAlgos.tsv_q10.txt', 26.36540243967188), ('Unnamed: 0-SUMMARYCustomAlgos.tsv_min.txt', 7.470817878042559), ('Unnamed: 0-SUMMARYCustomAlgos.tsv_mean.txt', 6.334543031820392)]
L1323	04072023--s--Lm--st--L1323--p--D03--pos--2--tm--0--ch--BF	L1323	L1764	[('Unnamed: 0-SUMMARYCustomAlgos.tsv_max.txt', 154.29682290941142), ('Unnamed: 0-SUMMARYCustomAlgos.tsv_median.txt', 33.09038329282265), ('Unnamed: 0-SUMMARYCustomAlgos.tsv_q10.txt', 25.688971716762534), ('Unnamed: 0-SUMMARYCustomAlgos.tsv_min.txt', 19.46564324233386), ('Unnamed: 0-SUMMARYCustomAlgos.tsv_mean.txt', 17.845763009285644)]
L1323	04072023--s--Lm--st--L1323--p--D03--pos--3--tm--0--ch--BF	L1323	L1823	[('Unnamed: 0-SUMMARYCustomAlgos.tsv_max.txt', 69.68867622700478), ('Unnamed: 0-SUMMARYCustomAlgos.tsv_median.txt', 29.14012808706792), ('Unnamed: 0-SUMMARYCustomAlgos.tsv_q10.txt', 22.400783341053824), ('Unnamed: 0-SUMMARYCustomAlgos.tsv_mean.txt', 16.007504560895647), ('Unnamed: 0-SUMMARYCustomAlgos.tsv_min.txt', 11.87065563484813)]
L1323	04072023--s--Lm--st--L1323--p--D04--pos--1--tm--0--ch--BF	L1323	L1823	[('Unnamed: 0-SUMMARYCustomAlgos.tsv_max.txt', 181.37223533053012), ('Unnamed: 0-SUMMARYCustomAlgos.tsv_median.txt', 33.478248316915135), ('Unnamed: 0-SUMMARYCustomAlgos.tsv_q10.txt', 30.132412397766), ('Unnamed: 0-SUMMARYCustomAlgos.tsv_mean.txt', 15.258252029699207), ('Unnamed: 0-SUMMARYCustomAlgos.tsv_min.txt', 5.079164032305714)]
L1323	04072023--s--Lm--st--L1323--p--D04--pos--2--tm--0--ch--BF	L1323	L1823	[('Unnamed: 0-SUMMARYCustomAlgos.tsv_max.txt', 108.08421415306552), ('Unnamed: 0-SUMMARYCustomAlgos.tsv_median.txt', 29.337042950421672), ('Unnamed: 0-SUMMARYCustomAlgos.tsv_q10.txt', 20.938602657563557), ('Unnamed: 0-SUMMARYCustomAlgos.tsv_mean.txt', 15.163212796221643), ('Unnamed: 0-SUMMARYCustomAlgos.tsv_min.txt', 14.118716424138647)]
L1323	04072023--s--Lm--st--L1323--p--D04--pos--3--tm--0--ch--BF	L1323	L1823	[('Unnamed: 0-SUMMARYCustomAlgos.tsv_max.txt', 190.12802209454424), ('Unnamed: 0-SUMMARYCustomAlgos.tsv_median.txt', 33.691944917251185), ('Unnamed: 0-SUMMARYCustomAlgos.tsv_q10.txt', 31.16190509517164), ('Unnamed: 0-SUMMARYCustomAlgos.tsv_mean.txt', 14.554154740254173), ('Unnamed: 0-SUMMARYCustomAlgos.tsv_min.txt', 4.542504435346221)]
L1323	04072023--s--Lm--st--L1323--p--D05--pos--1--tm--0--ch--BF	L1323	L1823	[('Unnamed: 0-SUMMARYCustomAlgos.tsv_max.txt', 195.69759978686702), ('Unnamed: 0-SUMMARYCustomAlgos.tsv_median.txt', 33.646938378875106), ('Unnamed: 0-SUMMARYCustomAlgos.tsv_q10.txt', 30.972401669264578), ('Unnamed: 0-SUMMARYCustomAlgos.tsv_mean.txt', 13.983380826321), ('Unnamed: 0-SUMMARYCustomAlgos.tsv_min.txt', 4.542504435346221)]
L1323	04072023--s--Lm--st--L1323--p--D05--pos--3--tm--0--ch--BF	L1323	L1823	[('Unnamed: 0-SUMMARYCustomAlgos.tsv_max.txt', 108.08421415306552), ('Unnamed: 0-SUMMARYCustomAlgos.tsv_median.txt', 29.337042950421672), ('Unnamed: 0-SUMMARYCustomAlgos.tsv_q10.txt', 20.938602657563557), ('Unnamed: 0-SUMMARYCustomAlgos.tsv_mean.txt', 15.163212796221643), ('Unnamed: 0-SUMMARYCustomAlgos.tsv_min.txt', 14.118716424138647)]
L1823	04072023--s--Lm--st--L1823--p--F04--pos--2--tm--0--ch--BF	L1823	L1323	[('Unnamed: 0-SUMMARYCustomAlgos.tsv_max.txt', 325.67136880451244), ('Unnamed: 0-SUMMARYCustomAlgos.tsv_min.txt', 6.760228368933713), ('Unnamed: 0-SUMMARYCustomAlgos.tsv_q10.txt', 1.3637680546448698), ('Unnamed: 0-SUMMARYCustomAlgos.tsv_median.txt', 0.12876053374831134), ('Unnamed: 0-SUMMARYCustomAlgos.tsv_mean.txt', 0.11936459927493452)]
L1823	04072023--s--Lm--st--L1823--p--F05--pos--1--tm--0--ch--BF	L1823	L1323	[('Unnamed: 0-SUMMARYCustomAlgos.tsv_max.txt', 327.21427219542693), ('Unnamed: 0-SUMMARYCustomAlgos.tsv_min.txt', 6.765512035560145), ('Unnamed: 0-SUMMARYCustomAlgos.tsv_q10.txt', 1.3637680546448698)]
L1823	04072023--s--Lm--st--L1823--p--F05--pos--2--tm--0--ch--BF	L1823	L1323	[('Unnamed: 0-SUMMARYCustomAlgos.tsv_max.txt', 327.21427219542693), ('Unnamed: 0-SUMMARYCustomAlgos.tsv_min.txt', 6.765512035560145), ('Unnamed: 0-SUMMARYCustomAlgos.tsv_q10.txt', 1.3637680546448698)]
L1823	04072023--s--Lm--st--L1823--p--F05--pos--3--tm--0--ch--BF	L1823	L1323	[('Unnamed: 0-SUMMARYCustomAlgos.tsv_max.txt', 234.88656716168927), ('Unnamed: 0-SUMMARYCustomAlgos.tsv_q10.txt', 12.01039932511684), ('Unnamed: 0-SUMMARYCustomAlgos.tsv_min.txt', 10.117897658465663), ('Unnamed: 0-SUMMARYCustomAlgos.tsv_median.txt', 8.174056240799448), ('Unnamed: 0-SUMMARYCustomAlgos.tsv_mean.txt', 1.7587055930817028)]
L1823	04072023--s--Lm--st--L1823--p--F06--pos--1--tm--0--ch--BF	L1823	L634	[('Unnamed: 0-SUMMARYCustomAlgos.tsv_max.txt', 244.90741046600422), ('Unnamed: 0-SUMMARYCustomAlgos.tsv_min.txt', 92.8578783035414), ('Unnamed: 0-SUMMARYCustomAlgos.tsv_mean.txt', 19.37816406013432), ('Unnamed: 0-SUMMARYCustomAlgos.tsv_q10.txt', 18.4431535444193), ('Unnamed: 0-SUMMARYCustomAlgos.tsv_median.txt', 9.102127162818611)]
L1823	04072023--s--Lm--st--L1823--p--F06--pos--2--tm--0--ch--BF	L1823	L1323	[('Unnamed: 0-SUMMARYCustomAlgos.tsv_max.txt', 327.21427219542693), ('Unnamed: 0-SUMMARYCustomAlgos.tsv_min.txt', 6.765512035560145), ('Unnamed: 0-SUMMARYCustomAlgos.tsv_q10.txt', 1.3637680546448698)]
L1823	04072023--s--Lm--st--L1823--p--F07--pos--1--tm--0--ch--BF	L1823	L1323	[('Unnamed: 0-SUMMARYCustomAlgos.tsv_max.txt', 234.88656716168927), ('Unnamed: 0-SUMMARYCustomAlgos.tsv_q10.txt', 12.01039932511684), ('Unnamed: 0-SUMMARYCustomAlgos.tsv_min.txt', 10.117897658465663), ('Unnamed: 0-SUMMARYCustomAlgos.tsv_median.txt', 8.174056240799448), ('Unnamed: 0-SUMMARYCustomAlgos.tsv_mean.txt', 1.7587055930817028)]
L1823	04072023--s--Lm--st--L1823--p--F07--pos--2--tm--0--ch--BF	L1823	L1323	[('Unnamed: 0-SUMMARYCustomAlgos.tsv_max.txt', 327.21427219542693), ('Unnamed: 0-SUMMARYCustomAlgos.tsv_min.txt', 6.765512035560145), ('Unnamed: 0-SUMMARYCustomAlgos.tsv_q10.txt', 1.3637680546448698)]
L1823	04072023--s--Lm--st--L1823--p--F07--pos--3--tm--0--ch--BF	L1823	L1323	[('Unnamed: 0-SUMMARYCustomAlgos.tsv_max.txt', 285.1772950896077), ('Unnamed: 0-SUMMARYCustomAlgos.tsv_min.txt', 108.5318795122062), ('Unnamed: 0-SUMMARYCustomAlgos.tsv_mean.txt', 20.8999880805078), ('Unnamed: 0-SUMMARYCustomAlgos.tsv_q10.txt', 19.797283958552004), ('Unnamed: 0-SUMMARYCustomAlgos.tsv_median.txt', 8.891813003404344)]
L1823	04072023--s--Lm--st--L1823--p--F08--pos--1--tm--0--ch--BF	L1823	L1323	[('Unnamed: 0-SUMMARYCustomAlgos.tsv_max.txt', 327.21427219542693), ('Unnamed: 0-SUMMARYCustomAlgos.tsv_min.txt', 6.765512035560145), ('Unnamed: 0-SUMMARYCustomAlgos.tsv_q10.txt', 1.3637680546448698)]
L1823	04072023--s--Lm--st--L1823--p--F08--pos--2--tm--0--ch--BF	L1823	L1323	[('Unnamed: 0-SUMMARYCustomAlgos.tsv_max.txt', 325.67136880451244), ('Unnamed: 0-SUMMARYCustomAlgos.tsv_min.txt', 6.760228368933713), ('Unnamed: 0-SUMMARYCustomAlgos.tsv_q10.txt', 1.3637680546448698), ('Unnamed: 0-SUMMARYCustomAlgos.tsv_median.txt', 0.12876053374831134), ('Unnamed: 0-SUMMARYCustomAlgos.tsv_mean.txt', 0.11936459927493452)]
L1823	04072023--s--Lm--st--L1823--p--F08--pos--3--tm--0--ch--BF	L1823	L1323	[('Unnamed: 0-SUMMARYCustomAlgos.tsv_max.txt', 206.9135367152903), ('Unnamed: 0-SUMMARYCustomAlgos.tsv_q10.txt', 15.71780985825617), ('Unnamed: 0-SUMMARYCustomAlgos.tsv_min.txt', 9.434608324330101), ('Unnamed: 0-SUMMARYCustomAlgos.tsv_median.txt', 8.464015811398026), ('Unnamed: 0-SUMMARYCustomAlgos.tsv_mean.txt', 3.1527795732918213)]
L1823	04072023--s--Lm--st--L1823--p--F09--pos--1--tm--0--ch--BF	L1823	L1323	[('Unnamed: 0-SUMMARYCustomAlgos.tsv_max.txt', 241.71461450899363), ('Unnamed: 0-SUMMARYCustomAlgos.tsv_min.txt', 92.6940905363701), ('Unnamed: 0-SUMMARYCustomAlgos.tsv_mean.txt', 21.020436089450286), ('Unnamed: 0-SUMMARYCustomAlgos.tsv_q10.txt', 17.947066768628464), ('Unnamed: 0-SUMMARYCustomAlgos.tsv_median.txt', 9.011411682989111)]
L1823	04072023--s--Lm--st--L1823--p--F09--pos--2--tm--0--ch--BF	L1823	L1323	[('Unnamed: 0-SUMMARYCustomAlgos.tsv_max.txt', 327.21427219542693), ('Unnamed: 0-SUMMARYCustomAlgos.tsv_min.txt', 6.765512035560145), ('Unnamed: 0-SUMMARYCustomAlgos.tsv_q10.txt', 1.3637680546448698)]
L1823	04072023--s--Lm--st--L1823--p--F09--pos--3--tm--0--ch--BF	L1823	L1323	[('Unnamed: 0-SUMMARYCustomAlgos.tsv_max.txt', 285.1772950896077), ('Unnamed: 0-SUMMARYCustomAlgos.tsv_min.txt', 108.5318795122062), ('Unnamed: 0-SUMMARYCustomAlgos.tsv_mean.txt', 20.8999880805078), ('Unnamed: 0-SUMMARYCustomAlgos.tsv_q10.txt', 19.797283958552004), ('Unnamed: 0-SUMMARYCustomAlgos.tsv_median.txt', 8.891813003404344)]
L1823	04072023--s--Lm--st--L1823--p--F10--pos--1--tm--0--ch--BF	L1823	L1323	[('Unnamed: 0-SUMMARYCustomAlgos.tsv_max.txt', 325.67136880451244), ('Unnamed: 0-SUMMARYCustomAlgos.tsv_min.txt', 6.760228368933713), ('Unnamed: 0-SUMMARYCustomAlgos.tsv_q10.txt', 1.3637680546448698), ('Unnamed: 0-SUMMARYCustomAlgos.tsv_median.txt', 0.12876053374831134), ('Unnamed: 0-SUMMARYCustomAlgos.tsv_mean.txt', 0.11936459927493452)]
L1823	04072023--s--Lm--st--L1823--p--F10--pos--2--tm--0--ch--BF	L1823	L1323	[('Unnamed: 0-SUMMARYCustomAlgos.tsv_max.txt', 327.21427219542693), ('Unnamed: 0-SUMMARYCustomAlgos.tsv_min.txt', 6.765512035560145), ('Unnamed: 0-SUMMARYCustomAlgos.tsv_q10.txt', 1.3637680546448698)]
L1823	04072023--s--Lm--st--L1823--p--F10--pos--3--tm--0--ch--BF	L1823	L1323	[('Unnamed: 0-SUMMARYCustomAlgos.tsv_max.txt', 327.21427219542693), ('Unnamed: 0-SUMMARYCustomAlgos.tsv_min.txt', 6.765512035560145), ('Unnamed: 0-SUMMARYCustomAlgos.tsv_q10.txt', 1.3637680546448698)]
L1823	04072023--s--Lm--st--L1823--p--G04--pos--1--tm--0--ch--BF	L1823	L1323	[('Unnamed: 0-SUMMARYCustomAlgos.tsv_max.txt', 327.21427219542693), ('Unnamed: 0-SUMMARYCustomAlgos.tsv_min.txt', 6.765512035560145), ('Unnamed: 0-SUMMARYCustomAlgos.tsv_q10.txt', 1.3637680546448698)]
L1823	04072023--s--Lm--st--L1823--p--G04--pos--2--tm--0--ch--BF	L1823	L1323	[('Unnamed: 0-SUMMARYCustomAlgos.tsv_max.txt', 327.21427219542693), ('Unnamed: 0-SUMMARYCustomAlgos.tsv_min.txt', 6.765512035560145), ('Unnamed: 0-SUMMARYCustomAlgos.tsv_q10.txt', 1.3637680546448698)]
L1823	04072023--s--Lm--st--L1823--p--G04--pos--3--tm--0--ch--BF	L1823	L1323	[('Unnamed: 0-SUMMARYCustomAlgos.tsv_max.txt', 285.1772950896077), ('Unnamed: 0-SUMMARYCustomAlgos.tsv_min.txt', 108.5318795122062), ('Unnamed: 0-SUMMARYCustomAlgos.tsv_mean.txt', 20.8999880805078), ('Unnamed: 0-SUMMARYCustomAlgos.tsv_q10.txt', 19.797283958552004), ('Unnamed: 0-SUMMARYCustomAlgos.tsv_median.txt', 8.891813003404344)]
L1823	04072023--s--Lm--st--L1823--p--G05--pos--1--tm--0--ch--BF	L1823	L1323	[('Unnamed: 0-SUMMARYCustomAlgos.tsv_max.txt', 327.21427219542693), ('Unnamed: 0-SUMMARYCustomAlgos.tsv_min.txt', 6.765512035560145), ('Unnamed: 0-SUMMARYCustomAlgos.tsv_q10.txt', 1.3637680546448698)]
L1823	04072023--s--Lm--st--L1823--p--G05--pos--2--tm--0--ch--BF	L1823	L1323	[('Unnamed: 0-SUMMARYCustomAlgos.tsv_max.txt', 274.1536563462411), ('Unnamed: 0-SUMMARYCustomAlgos.tsv_min.txt', 109.02113460696037), ('Unnamed: 0-SUMMARYCustomAlgos.tsv_q10.txt', 15.266765257021206), ('Unnamed: 0-SUMMARYCustomAlgos.tsv_mean.txt', 15.225059622902934), ('Unnamed: 0-SUMMARYCustomAlgos.tsv_median.txt', 9.36539390208477)]
L1823	04072023--s--Lm--st--L1823--p--G05--pos--3--tm--0--ch--BF	L1823	L1323	[('Unnamed: 0-SUMMARYCustomAlgos.tsv_max.txt', 325.67136880451244), ('Unnamed: 0-SUMMARYCustomAlgos.tsv_min.txt', 6.755427829265704), ('Unnamed: 0-SUMMARYCustomAlgos.tsv_q10.txt', 1.3637680546448698), ('Unnamed: 0-SUMMARYCustomAlgos.tsv_median.txt', 0.12876053374831134), ('Unnamed: 0-SUMMARYCustomAlgos.tsv_mean.txt', 0.11936459927493452)]
L1823	04072023--s--Lm--st--L1823--p--G06--pos--1--tm--0--ch--BF	L1823	L1323	[('Unnamed: 0-SUMMARYCustomAlgos.tsv_max.txt', 284.6770839725344), ('Unnamed: 0-SUMMARYCustomAlgos.tsv_min.txt', 108.5318795122062), ('Unnamed: 0-SUMMARYCustomAlgos.tsv_mean.txt', 20.999789775118554), ('Unnamed: 0-SUMMARYCustomAlgos.tsv_q10.txt', 19.831473582231254), ('Unnamed: 0-SUMMARYCustomAlgos.tsv_median.txt', 8.809930118045672)]
L1823	04072023--s--Lm--st--L1823--p--G06--pos--2--tm--0--ch--BF	L1823	L1323	[('Unnamed: 0-SUMMARYCustomAlgos.tsv_max.txt', 327.21427219542693), ('Unnamed: 0-SUMMARYCustomAlgos.tsv_min.txt', 6.765512035560145), ('Unnamed: 0-SUMMARYCustomAlgos.tsv_q10.txt', 1.3637680546448698)]
L1823	04072023--s--Lm--st--L1823--p--G06--pos--3--tm--0--ch--BF	L1823	L1323	[('Unnamed: 0-SUMMARYCustomAlgos.tsv_max.txt', 327.21427219542693), ('Unnamed: 0-SUMMARYCustomAlgos.tsv_min.txt', 6.765512035560145), ('Unnamed: 0-SUMMARYCustomAlgos.tsv_q10.txt', 1.3637680546448698)]
L628	13042023--s--Lm--st--L628--p--C03--pos--1--tm--0--ch--BF	L628	L455	[('Unnamed: 0-SUMMARYCustomAlgos.tsv_max.txt', 51.645677397678305), ('Unnamed: 0-SUMMARYCustomAlgos.tsv_q10.txt', 33.592105651684356), ('Unnamed: 0-SUMMARYCustomAlgos.tsv_mean.txt', 32.94342682850203), ('Unnamed: 0-SUMMARYCustomAlgos.tsv_min.txt', 22.79288521539602), ('Unnamed: 0-SUMMARYCustomAlgos.tsv_median.txt', 10.744747364822434)]
L628	13042023--s--Lm--st--L628--p--C03--pos--2--tm--0--ch--BF	L628	L455	[('Unnamed: 0-SUMMARYCustomAlgos.tsv_max.txt', 114.81688428629081), ('Unnamed: 0-SUMMARYCustomAlgos.tsv_q10.txt', 37.57909173523585), ('Unnamed: 0-SUMMARYCustomAlgos.tsv_min.txt', 17.086934586859833), ('Unnamed: 0-SUMMARYCustomAlgos.tsv_mean.txt', 16.310810227149727), ('Unnamed: 0-SUMMARYCustomAlgos.tsv_median.txt', 2.3262030730664907)]
L628	13042023--s--Lm--st--L628--p--C03--pos--3--tm--0--ch--BF	L628	L455	[('Unnamed: 0-SUMMARYCustomAlgos.tsv_max.txt', 178.68491948370263), ('Unnamed: 0-SUMMARYCustomAlgos.tsv_q10.txt', 42.79650665442896), ('Unnamed: 0-SUMMARYCustomAlgos.tsv_mean.txt', 26.829840191256988), ('Unnamed: 0-SUMMARYCustomAlgos.tsv_median.txt', 1.7244003686750091), ('Unnamed: 0-SUMMARYCustomAlgos.tsv_min.txt', 0.3693099421969849)]
L628	13042023--s--Lm--st--L628--p--C04--pos--1--tm--0--ch--BF	L628	L455	[('Unnamed: 0-SUMMARYCustomAlgos.tsv_q10.txt', 152.44113047577432), ('Unnamed: 0-SUMMARYCustomAlgos.tsv_min.txt', 29.48587672918969), ('Unnamed: 0-SUMMARYCustomAlgos.tsv_max.txt', 22.159383646765335), ('Unnamed: 0-SUMMARYCustomAlgos.tsv_median.txt', 16.552570158193785), ('Unnamed: 0-SUMMARYCustomAlgos.tsv_mean.txt', 0.771826868999486)]
L628	13042023--s--Lm--st--L628--p--C04--pos--2--tm--0--ch--BF	L628	L394	[('Unnamed: 0-SUMMARYCustomAlgos.tsv_max.txt', 142.0648855481359), ('Unnamed: 0-SUMMARYCustomAlgos.tsv_q10.txt', 44.42498910294889), ('Unnamed: 0-SUMMARYCustomAlgos.tsv_mean.txt', 36.518407584953735), ('Unnamed: 0-SUMMARYCustomAlgos.tsv_min.txt', 15.308229187875199), ('Unnamed: 0-SUMMARYCustomAlgos.tsv_median.txt', 6.74141225718957)]
L628	13042023--s--Lm--st--L628--p--C04--pos--3--tm--0--ch--BF	L628	L455	[('Unnamed: 0-SUMMARYCustomAlgos.tsv_max.txt', 43.55404578271675), ('Unnamed: 0-SUMMARYCustomAlgos.tsv_q10.txt', 40.5680441795402), ('Unnamed: 0-SUMMARYCustomAlgos.tsv_mean.txt', 38.66920912109861), ('Unnamed: 0-SUMMARYCustomAlgos.tsv_min.txt', 31.645435238854066), ('Unnamed: 0-SUMMARYCustomAlgos.tsv_median.txt', 15.39069619707888)]
L628	13042023--s--Lm--st--L628--p--C05--pos--1--tm--0--ch--BF	L628	L455	[('Unnamed: 0-SUMMARYCustomAlgos.tsv_q10.txt', 38.61891234762365), ('Unnamed: 0-SUMMARYCustomAlgos.tsv_mean.txt', 36.85969418361157), ('Unnamed: 0-SUMMARYCustomAlgos.tsv_max.txt', 31.871082735798176), ('Unnamed: 0-SUMMARYCustomAlgos.tsv_min.txt', 31.33640093568004), ('Unnamed: 0-SUMMARYCustomAlgos.tsv_median.txt', 16.33762565412742)]
L628	13042023--s--Lm--st--L628--p--C05--pos--3--tm--0--ch--BF	L628	L455	[('Unnamed: 0-SUMMARYCustomAlgos.tsv_max.txt', 59.11869318981033), ('Unnamed: 0-SUMMARYCustomAlgos.tsv_q10.txt', 34.12221400334128), ('Unnamed: 0-SUMMARYCustomAlgos.tsv_min.txt', 25.787810518128424), ('Unnamed: 0-SUMMARYCustomAlgos.tsv_mean.txt', 19.050181696195757), ('Unnamed: 0-SUMMARYCustomAlgos.tsv_median.txt', 9.145237632879674)]
L628	13042023--s--Lm--st--L628--p--C06--pos--1--tm--0--ch--BF	L628	L455	[('Unnamed: 0-SUMMARYCustomAlgos.tsv_max.txt', 131.0184471966354), ('Unnamed: 0-SUMMARYCustomAlgos.tsv_mean.txt', 28.353909745926746), ('Unnamed: 0-SUMMARYCustomAlgos.tsv_q10.txt', 22.174696163049735), ('Unnamed: 0-SUMMARYCustomAlgos.tsv_min.txt', 21.85249232264304), ('Unnamed: 0-SUMMARYCustomAlgos.tsv_median.txt', 5.328194384443121)]
L628	13042023--s--Lm--st--L628--p--C06--pos--2--tm--0--ch--BF	L628	L455	[('Unnamed: 0-SUMMARYCustomAlgos.tsv_q10.txt', 153.50631138073496), ('Unnamed: 0-SUMMARYCustomAlgos.tsv_min.txt', 29.14376805383362), ('Unnamed: 0-SUMMARYCustomAlgos.tsv_max.txt', 21.911583966606596), ('Unnamed: 0-SUMMARYCustomAlgos.tsv_median.txt', 16.104792247617727), ('Unnamed: 0-SUMMARYCustomAlgos.tsv_mean.txt', 0.6277253143390079)]
L628	13042023--s--Lm--st--L628--p--C06--pos--3--tm--0--ch--BF	L628	L1823	[('Unnamed: 0-SUMMARYCustomAlgos.tsv_q10.txt', 52.38374947360793), ('Unnamed: 0-SUMMARYCustomAlgos.tsv_max.txt', 41.17009065290613), ('Unnamed: 0-SUMMARYCustomAlgos.tsv_min.txt', 25.177896099872793), ('Unnamed: 0-SUMMARYCustomAlgos.tsv_median.txt', 6.814766037199286), ('Unnamed: 0-SUMMARYCustomAlgos.tsv_mean.txt', 4.554436382812158)]
L628	13042023--s--Lm--st--L628--p--D03--pos--1--tm--0--ch--BF	L628	L455	[('Unnamed: 0-SUMMARYCustomAlgos.tsv_q10.txt', 97.60209290433691), ('Unnamed: 0-SUMMARYCustomAlgos.tsv_max.txt', 26.974160713950347), ('Unnamed: 0-SUMMARYCustomAlgos.tsv_min.txt', 26.580521041184888), ('Unnamed: 0-SUMMARYCustomAlgos.tsv_median.txt', 14.886608524276632), ('Unnamed: 0-SUMMARYCustomAlgos.tsv_mean.txt', 12.031356396831193)]
L628	13042023--s--Lm--st--L628--p--D04--pos--1--tm--0--ch--BF	L628	L455	[('Unnamed: 0-SUMMARYCustomAlgos.tsv_q10.txt', 152.3881044228745), ('Unnamed: 0-SUMMARYCustomAlgos.tsv_min.txt', 29.48587672918969), ('Unnamed: 0-SUMMARYCustomAlgos.tsv_max.txt', 22.159383646765335), ('Unnamed: 0-SUMMARYCustomAlgos.tsv_median.txt', 16.552570158193785), ('Unnamed: 0-SUMMARYCustomAlgos.tsv_mean.txt', 0.771826868999486)]
L628	13042023--s--Lm--st--L628--p--D04--pos--3--tm--0--ch--BF	L628	19115	[('Unnamed: 0-SUMMARYCustomAlgos.tsv_max.txt', 62.832382835756135), ('Unnamed: 0-SUMMARYCustomAlgos.tsv_mean.txt', 34.340661351569665), ('Unnamed: 0-SUMMARYCustomAlgos.tsv_q10.txt', 26.947993559762054), ('Unnamed: 0-SUMMARYCustomAlgos.tsv_median.txt', 18.83246381055645), ('Unnamed: 0-SUMMARYCustomAlgos.tsv_min.txt', 16.251469063299144)]
L628	13042023--s--Lm--st--L628--p--D05--pos--2--tm--0--ch--BF	L628	L455	[('Unnamed: 0-SUMMARYCustomAlgos.tsv_q10.txt', 97.60209290433691), ('Unnamed: 0-SUMMARYCustomAlgos.tsv_max.txt', 26.974160713950347), ('Unnamed: 0-SUMMARYCustomAlgos.tsv_min.txt', 26.580521041184888), ('Unnamed: 0-SUMMARYCustomAlgos.tsv_median.txt', 15.001570121499762), ('Unnamed: 0-SUMMARYCustomAlgos.tsv_mean.txt', 12.031356396831193)]
L628	13042023--s--Lm--st--L628--p--D06--pos--2--tm--0--ch--BF	L628	L394	[('Unnamed: 0-SUMMARYCustomAlgos.tsv_q10.txt', 37.960696537973476), ('Unnamed: 0-SUMMARYCustomAlgos.tsv_min.txt', 27.5555753442385), ('Unnamed: 0-SUMMARYCustomAlgos.tsv_max.txt', 26.842527298344564), ('Unnamed: 0-SUMMARYCustomAlgos.tsv_mean.txt', 10.87398259924027), ('Unnamed: 0-SUMMARYCustomAlgos.tsv_median.txt', 10.308992616709833)]
L628	13042023--s--Lm--st--L628--p--D06--pos--3--tm--0--ch--BF	L628	L455	[('Unnamed: 0-SUMMARYCustomAlgos.tsv_q10.txt', 105.74162596774589), ('Unnamed: 0-SUMMARYCustomAlgos.tsv_min.txt', 29.370002911830067), ('Unnamed: 0-SUMMARYCustomAlgos.tsv_max.txt', 21.92806909056926), ('Unnamed: 0-SUMMARYCustomAlgos.tsv_median.txt', 14.2971470889281), ('Unnamed: 0-SUMMARYCustomAlgos.tsv_mean.txt', 2.3139935144513286)]
L628	13042023--s--Lm--st--L628--p--D07--pos--1--tm--0--ch--BF	L628	19115	[('Unnamed: 0-SUMMARYCustomAlgos.tsv_max.txt', 63.77538648715616), ('Unnamed: 0-SUMMARYCustomAlgos.tsv_mean.txt', 32.0647128247762), ('Unnamed: 0-SUMMARYCustomAlgos.tsv_q10.txt', 29.50296214466953), ('Unnamed: 0-SUMMARYCustomAlgos.tsv_median.txt', 16.862035838689877), ('Unnamed: 0-SUMMARYCustomAlgos.tsv_min.txt', 14.648827894701542)]
L628	13042023--s--Lm--st--L628--p--D07--pos--3--tm--0--ch--BF	L628	L634	[('Unnamed: 0-SUMMARYCustomAlgos.tsv_max.txt', 33.71612322378026), ('Unnamed: 0-SUMMARYCustomAlgos.tsv_q10.txt', 33.69253900873565), ('Unnamed: 0-SUMMARYCustomAlgos.tsv_mean.txt', 29.145804753098112), ('Unnamed: 0-SUMMARYCustomAlgos.tsv_min.txt', 20.662215604656655), ('Unnamed: 0-SUMMARYCustomAlgos.tsv_median.txt', 16.32826428081027)]
L628	13042023--s--Lm--st--L628--p--D08--pos--1--tm--0--ch--BF	L628	L455	[('Unnamed: 0-SUMMARYCustomAlgos.tsv_max.txt', 177.59342526198688), ('Unnamed: 0-SUMMARYCustomAlgos.tsv_q10.txt', 43.05444919956268), ('Unnamed: 0-SUMMARYCustomAlgos.tsv_mean.txt', 26.731994800366653), ('Unnamed: 0-SUMMARYCustomAlgos.tsv_median.txt', 1.905866021784289), ('Unnamed: 0-SUMMARYCustomAlgos.tsv_min.txt', 0.37960468822670257)]
L628	13042023--s--Lm--st--L628--p--D08--pos--2--tm--0--ch--BF	L628	L394	[('Unnamed: 0-SUMMARYCustomAlgos.tsv_max.txt', 48.679800381578254), ('Unnamed: 0-SUMMARYCustomAlgos.tsv_q10.txt', 39.831930138733746), ('Unnamed: 0-SUMMARYCustomAlgos.tsv_mean.txt', 31.34593081325211), ('Unnamed: 0-SUMMARYCustomAlgos.tsv_min.txt', 22.872360997159426), ('Unnamed: 0-SUMMARYCustomAlgos.tsv_median.txt', 13.63987187378603)]
L628	13042023--s--Lm--st--L628--p--D08--pos--3--tm--0--ch--BF	L628	L455	[('Unnamed: 0-SUMMARYCustomAlgos.tsv_max.txt', 178.19651865764865), ('Unnamed: 0-SUMMARYCustomAlgos.tsv_q10.txt', 42.45041327571501), ('Unnamed: 0-SUMMARYCustomAlgos.tsv_mean.txt', 27.59437635667583), ('Unnamed: 0-SUMMARYCustomAlgos.tsv_median.txt', 2.161034263453438), ('Unnamed: 0-SUMMARYCustomAlgos.tsv_min.txt', 0.8432384137458867)]
L1764	13062023--s--Lm--st--L1764--p--F04--pos--2--tm--0--ch--BF	L1764	L394	[('Unnamed: 0-SUMMARYCustomAlgos.tsv_max.txt', 46.25698379080101), ('Unnamed: 0-SUMMARYCustomAlgos.tsv_min.txt', 24.87183108955456), ('Unnamed: 0-SUMMARYCustomAlgos.tsv_mean.txt', 12.103314083719818), ('Unnamed: 0-SUMMARYCustomAlgos.tsv_q10.txt', 1.486469568227547), ('Unnamed: 0-SUMMARYCustomAlgos.tsv_median.txt', 0.9876329700274471)]
L1764	13062023--s--Lm--st--L1764--p--F04--pos--3--tm--0--ch--BF	L1764	L634	[('Unnamed: 0-SUMMARYCustomAlgos.tsv_max.txt', 56.721830235828676), ('Unnamed: 0-SUMMARYCustomAlgos.tsv_min.txt', 23.64870831790101), ('Unnamed: 0-SUMMARYCustomAlgos.tsv_q10.txt', 5.787909123035203), ('Unnamed: 0-SUMMARYCustomAlgos.tsv_mean.txt', 4.040493284518446), ('Unnamed: 0-SUMMARYCustomAlgos.tsv_median.txt', 3.6959115438980064)]
L1764	13062023--s--Lm--st--L1764--p--F05--pos--1--tm--0--ch--BF	L1764	L394	[('Unnamed: 0-SUMMARYCustomAlgos.tsv_min.txt', 53.70955173034056), ('Unnamed: 0-SUMMARYCustomAlgos.tsv_max.txt', 42.72134728557415), ('Unnamed: 0-SUMMARYCustomAlgos.tsv_q10.txt', 40.75515294890245), ('Unnamed: 0-SUMMARYCustomAlgos.tsv_mean.txt', 1.4875462260291352), ('Unnamed: 0-SUMMARYCustomAlgos.tsv_median.txt', 1.0918845982538494)]
L1764	13062023--s--Lm--st--L1764--p--F05--pos--2--tm--0--ch--BF	L1764	L634	[('Unnamed: 0-SUMMARYCustomAlgos.tsv_median.txt', 33.6278871720384), ('Unnamed: 0-SUMMARYCustomAlgos.tsv_max.txt', 23.499372680358924), ('Unnamed: 0-SUMMARYCustomAlgos.tsv_mean.txt', 22.640797365340198), ('Unnamed: 0-SUMMARYCustomAlgos.tsv_q10.txt', 15.993566287856861), ('Unnamed: 0-SUMMARYCustomAlgos.tsv_min.txt', 15.008575037271433)]
L1764	13062023--s--Lm--st--L1764--p--F05--pos--3--tm--0--ch--BF	L1764	L455	[('Unnamed: 0-SUMMARYCustomAlgos.tsv_median.txt', 65.78769420423971), ('Unnamed: 0-SUMMARYCustomAlgos.tsv_max.txt', 57.63463673592955), ('Unnamed: 0-SUMMARYCustomAlgos.tsv_q10.txt', 21.64773133055338), ('Unnamed: 0-SUMMARYCustomAlgos.tsv_mean.txt', 16.50538772864638), ('Unnamed: 0-SUMMARYCustomAlgos.tsv_min.txt', 9.093530714017726)]
L1764	13062023--s--Lm--st--L1764--p--F06--pos--1--tm--0--ch--BF	L1764	L634	[('Unnamed: 0-SUMMARYCustomAlgos.tsv_max.txt', 56.721830235828676), ('Unnamed: 0-SUMMARYCustomAlgos.tsv_min.txt', 23.64870831790101), ('Unnamed: 0-SUMMARYCustomAlgos.tsv_q10.txt', 4.93752246732568), ('Unnamed: 0-SUMMARYCustomAlgos.tsv_mean.txt', 4.040493284518446), ('Unnamed: 0-SUMMARYCustomAlgos.tsv_median.txt', 3.6959115438980064)]
L1764	13062023--s--Lm--st--L1764--p--F06--pos--2--tm--0--ch--BF	L1764	19115	[('Unnamed: 0-SUMMARYCustomAlgos.tsv_median.txt', 46.942026718893885), ('Unnamed: 0-SUMMARYCustomAlgos.tsv_q10.txt', 36.0205623945087), ('Unnamed: 0-SUMMARYCustomAlgos.tsv_max.txt', 28.887558101436433), ('Unnamed: 0-SUMMARYCustomAlgos.tsv_mean.txt', 23.851694730168855), ('Unnamed: 0-SUMMARYCustomAlgos.tsv_min.txt', 13.295075663196316)]
L1764	13062023--s--Lm--st--L1764--p--F06--pos--3--tm--0--ch--BF	L1764	L634	[('Unnamed: 0-SUMMARYCustomAlgos.tsv_median.txt', 37.655112243914424), ('Unnamed: 0-SUMMARYCustomAlgos.tsv_max.txt', 35.1464037968708), ('Unnamed: 0-SUMMARYCustomAlgos.tsv_mean.txt', 24.65111173563762), ('Unnamed: 0-SUMMARYCustomAlgos.tsv_q10.txt', 21.98565257497946), ('Unnamed: 0-SUMMARYCustomAlgos.tsv_min.txt', 8.684521705560822)]
L1764	13062023--s--Lm--st--L1764--p--F07--pos--1--tm--0--ch--BF	L1764	L634	[('Unnamed: 0-SUMMARYCustomAlgos.tsv_median.txt', 34.00768746454122), ('Unnamed: 0-SUMMARYCustomAlgos.tsv_mean.txt', 31.65595740532739), ('Unnamed: 0-SUMMARYCustomAlgos.tsv_max.txt', 29.939414486402327), ('Unnamed: 0-SUMMARYCustomAlgos.tsv_q10.txt', 19.497067128371572), ('Unnamed: 0-SUMMARYCustomAlgos.tsv_min.txt', 17.89342498874527)]
L1764	13062023--s--Lm--st--L1764--p--F07--pos--2--tm--0--ch--BF	L1764	19115	[('Unnamed: 0-SUMMARYCustomAlgos.tsv_median.txt', 46.93458251911613), ('Unnamed: 0-SUMMARYCustomAlgos.tsv_q10.txt', 37.36024587905385), ('Unnamed: 0-SUMMARYCustomAlgos.tsv_max.txt', 28.40030558826036), ('Unnamed: 0-SUMMARYCustomAlgos.tsv_mean.txt', 23.551585289160894), ('Unnamed: 0-SUMMARYCustomAlgos.tsv_min.txt', 13.742345745886675)]
L1764	13062023--s--Lm--st--L1764--p--F07--pos--3--tm--0--ch--BF	L1764	L634	[('Unnamed: 0-SUMMARYCustomAlgos.tsv_max.txt', 35.36512973777725), ('Unnamed: 0-SUMMARYCustomAlgos.tsv_median.txt', 34.03893036007205), ('Unnamed: 0-SUMMARYCustomAlgos.tsv_mean.txt', 28.498684326926067), ('Unnamed: 0-SUMMARYCustomAlgos.tsv_q10.txt', 14.53634902169365), ('Unnamed: 0-SUMMARYCustomAlgos.tsv_min.txt', 10.464545986832874)]
L1764	13062023--s--Lm--st--L1764--p--F08--pos--1--tm--0--ch--BF	L1764	L634	[('Unnamed: 0-SUMMARYCustomAlgos.tsv_max.txt', 56.721830235828676), ('Unnamed: 0-SUMMARYCustomAlgos.tsv_min.txt', 23.64870831790101), ('Unnamed: 0-SUMMARYCustomAlgos.tsv_q10.txt', 5.787909123035203), ('Unnamed: 0-SUMMARYCustomAlgos.tsv_mean.txt', 4.040493284518446), ('Unnamed: 0-SUMMARYCustomAlgos.tsv_median.txt', 3.6959115438980064)]
L1764	13062023--s--Lm--st--L1764--p--F08--pos--2--tm--0--ch--BF	L1764	L634	[('Unnamed: 0-SUMMARYCustomAlgos.tsv_median.txt', 40.811822597795874), ('Unnamed: 0-SUMMARYCustomAlgos.tsv_max.txt', 23.56354188818951), ('Unnamed: 0-SUMMARYCustomAlgos.tsv_mean.txt', 22.73030081938595), ('Unnamed: 0-SUMMARYCustomAlgos.tsv_q10.txt', 15.416155548928911), ('Unnamed: 0-SUMMARYCustomAlgos.tsv_min.txt', 14.583652710311938)]
L1764	13062023--s--Lm--st--L1764--p--F08--pos--3--tm--0--ch--BF	L1764	L634	[('Unnamed: 0-SUMMARYCustomAlgos.tsv_median.txt', 40.68974476626442), ('Unnamed: 0-SUMMARYCustomAlgos.tsv_max.txt', 30.73904989054965), ('Unnamed: 0-SUMMARYCustomAlgos.tsv_mean.txt', 28.9511560501359), ('Unnamed: 0-SUMMARYCustomAlgos.tsv_q10.txt', 14.961319938432451), ('Unnamed: 0-SUMMARYCustomAlgos.tsv_min.txt', 13.217282872555424)]
L1764	13062023--s--Lm--st--L1764--p--F09--pos--1--tm--0--ch--BF	L1764	19115	[('Unnamed: 0-SUMMARYCustomAlgos.tsv_median.txt', 52.706265543500436), ('Unnamed: 0-SUMMARYCustomAlgos.tsv_max.txt', 39.53992291494452), ('Unnamed: 0-SUMMARYCustomAlgos.tsv_q10.txt', 33.218890552436505), ('Unnamed: 0-SUMMARYCustomAlgos.tsv_min.txt', 7.506876088461862), ('Unnamed: 0-SUMMARYCustomAlgos.tsv_mean.txt', 2.138997875068277)]
L1764	13062023--s--Lm--st--L1764--p--F09--pos--2--tm--0--ch--BF	L1764	L455	[('Unnamed: 0-SUMMARYCustomAlgos.tsv_median.txt', 60.86956571142549), ('Unnamed: 0-SUMMARYCustomAlgos.tsv_max.txt', 42.577377139238116), ('Unnamed: 0-SUMMARYCustomAlgos.tsv_q10.txt', 31.21233251680429), ('Unnamed: 0-SUMMARYCustomAlgos.tsv_min.txt', 7.05835603169299), ('Unnamed: 0-SUMMARYCustomAlgos.tsv_mean.txt', 1.9374208305163152)]
L1764	13062023--s--Lm--st--L1764--p--F09--pos--3--tm--0--ch--BF	L1764	19115	[('Unnamed: 0-SUMMARYCustomAlgos.tsv_median.txt', 49.53907620227535), ('Unnamed: 0-SUMMARYCustomAlgos.tsv_max.txt', 36.9648259468185), ('Unnamed: 0-SUMMARYCustomAlgos.tsv_mean.txt', 30.78966758660382), ('Unnamed: 0-SUMMARYCustomAlgos.tsv_q10.txt', 13.93951788786437), ('Unnamed: 0-SUMMARYCustomAlgos.tsv_min.txt', 7.282836967632179)]
L1764	13062023--s--Lm--st--L1764--p--F10--pos--1--tm--0--ch--BF	L1764	L628	[('Unnamed: 0-SUMMARYCustomAlgos.tsv_max.txt', 81.16243412947043), ('Unnamed: 0-SUMMARYCustomAlgos.tsv_median.txt', 58.93029189403755), ('Unnamed: 0-SUMMARYCustomAlgos.tsv_q10.txt', 34.59723704369599), ('Unnamed: 0-SUMMARYCustomAlgos.tsv_mean.txt', 28.988717962729304), ('Unnamed: 0-SUMMARYCustomAlgos.tsv_min.txt', 20.263662369434055)]
L1764	13062023--s--Lm--st--L1764--p--F10--pos--2--tm--0--ch--BF	L1764	L634	[('Unnamed: 0-SUMMARYCustomAlgos.tsv_max.txt', 48.161554090803904), ('Unnamed: 0-SUMMARYCustomAlgos.tsv_median.txt', 39.337345811238315), ('Unnamed: 0-SUMMARYCustomAlgos.tsv_q10.txt', 25.21641741750147), ('Unnamed: 0-SUMMARYCustomAlgos.tsv_mean.txt', 25.167713754431713), ('Unnamed: 0-SUMMARYCustomAlgos.tsv_min.txt', 8.71327340120761)]
L1764	13062023--s--Lm--st--L1764--p--F10--pos--3--tm--0--ch--BF	L1764	L634	[('Unnamed: 0-SUMMARYCustomAlgos.tsv_median.txt', 40.529141812247325), ('Unnamed: 0-SUMMARYCustomAlgos.tsv_mean.txt', 26.037927363917582), ('Unnamed: 0-SUMMARYCustomAlgos.tsv_max.txt', 25.89057181248656), ('Unnamed: 0-SUMMARYCustomAlgos.tsv_q10.txt', 14.395899247785284), ('Unnamed: 0-SUMMARYCustomAlgos.tsv_min.txt', 13.668190583562955)]
L1764	13062023--s--Lm--st--L1764--p--G03--pos--1--tm--0--ch--BF	L1764	L634	[('Unnamed: 0-SUMMARYCustomAlgos.tsv_median.txt', 38.518387959084755), ('Unnamed: 0-SUMMARYCustomAlgos.tsv_max.txt', 25.82818010426031), ('Unnamed: 0-SUMMARYCustomAlgos.tsv_mean.txt', 22.747422662194687), ('Unnamed: 0-SUMMARYCustomAlgos.tsv_min.txt', 14.498802175721137), ('Unnamed: 0-SUMMARYCustomAlgos.tsv_q10.txt', 12.419586907967428)]
L1764	13062023--s--Lm--st--L1764--p--G03--pos--2--tm--0--ch--BF	L1764	L628	[('Unnamed: 0-SUMMARYCustomAlgos.tsv_median.txt', 46.458817079626776), ('Unnamed: 0-SUMMARYCustomAlgos.tsv_max.txt', 45.457185501047135), ('Unnamed: 0-SUMMARYCustomAlgos.tsv_mean.txt', 21.99816817545449), ('Unnamed: 0-SUMMARYCustomAlgos.tsv_min.txt', 15.864189382236866), ('Unnamed: 0-SUMMARYCustomAlgos.tsv_q10.txt', 14.56491012015845)]
L1764	13062023--s--Lm--st--L1764--p--G03--pos--3--tm--0--ch--BF	L1764	19115	[('Unnamed: 0-SUMMARYCustomAlgos.tsv_median.txt', 45.62191314524083), ('Unnamed: 0-SUMMARYCustomAlgos.tsv_q10.txt', 37.09239815400378), ('Unnamed: 0-SUMMARYCustomAlgos.tsv_max.txt', 29.810389905376123), ('Unnamed: 0-SUMMARYCustomAlgos.tsv_mean.txt', 22.894482691395563), ('Unnamed: 0-SUMMARYCustomAlgos.tsv_min.txt', 13.602253679139318)]
L1764	13062023--s--Lm--st--L1764--p--G04--pos--1--tm--0--ch--BF	L1764	19115	[('Unnamed: 0-SUMMARYCustomAlgos.tsv_median.txt', 50.54115957673224), ('Unnamed: 0-SUMMARYCustomAlgos.tsv_max.txt', 44.396147777427224), ('Unnamed: 0-SUMMARYCustomAlgos.tsv_q10.txt', 35.46040062893358), ('Unnamed: 0-SUMMARYCustomAlgos.tsv_mean.txt', 28.195556878402886), ('Unnamed: 0-SUMMARYCustomAlgos.tsv_min.txt', 14.955622141137528)]
L1764	13062023--s--Lm--st--L1764--p--G04--pos--2--tm--0--ch--BF	L1764	L455	[('Unnamed: 0-SUMMARYCustomAlgos.tsv_median.txt', 33.37471663982852), ('Unnamed: 0-SUMMARYCustomAlgos.tsv_mean.txt', 32.21197957814029), ('Unnamed: 0-SUMMARYCustomAlgos.tsv_q10.txt', 27.311050209500465), ('Unnamed: 0-SUMMARYCustomAlgos.tsv_max.txt', 25.598249649567354), ('Unnamed: 0-SUMMARYCustomAlgos.tsv_min.txt', 20.119882798833494)]
L1764	13062023--s--Lm--st--L1764--p--G04--pos--3--tm--0--ch--BF	L1764	L634	[('Unnamed: 0-SUMMARYCustomAlgos.tsv_mean.txt', 28.9496083343779), ('Unnamed: 0-SUMMARYCustomAlgos.tsv_max.txt', 28.4718047880995), ('Unnamed: 0-SUMMARYCustomAlgos.tsv_median.txt', 25.035375929719766), ('Unnamed: 0-SUMMARYCustomAlgos.tsv_min.txt', 16.16387012095746), ('Unnamed: 0-SUMMARYCustomAlgos.tsv_q10.txt', 11.011565363173684)]
L1764	13062023--s--Lm--st--L1764--p--G05--pos--3--tm--0--ch--BF	L1764	19115	[('Unnamed: 0-SUMMARYCustomAlgos.tsv_median.txt', 46.20217041406017), ('Unnamed: 0-SUMMARYCustomAlgos.tsv_max.txt', 37.88858567387244), ('Unnamed: 0-SUMMARYCustomAlgos.tsv_mean.txt', 28.7257960476161), ('Unnamed: 0-SUMMARYCustomAlgos.tsv_q10.txt', 14.485636491775686), ('Unnamed: 0-SUMMARYCustomAlgos.tsv_min.txt', 6.331008089540739)]
L634	13062023--s--Lm--st--L634--p--C04--pos--1--tm--0--ch--BF	L634	L394	[('Unnamed: 0-SUMMARYCustomAlgos.tsv_median.txt', 51.04003326453082), ('Unnamed: 0-SUMMARYCustomAlgos.tsv_max.txt', 46.43163920968859), ('Unnamed: 0-SUMMARYCustomAlgos.tsv_q10.txt', 26.75630632102542), ('Unnamed: 0-SUMMARYCustomAlgos.tsv_min.txt', 16.65853531785006), ('Unnamed: 0-SUMMARYCustomAlgos.tsv_mean.txt', 13.919572055839861)]
L634	13062023--s--Lm--st--L634--p--C04--pos--3--tm--0--ch--BF	L634	L1823	[('Unnamed: 0-SUMMARYCustomAlgos.tsv_max.txt', 36.037606703998385), ('Unnamed: 0-SUMMARYCustomAlgos.tsv_min.txt', 21.26526491446971), ('Unnamed: 0-SUMMARYCustomAlgos.tsv_q10.txt', 19.40219232323896), ('Unnamed: 0-SUMMARYCustomAlgos.tsv_median.txt', 12.77601785134202), ('Unnamed: 0-SUMMARYCustomAlgos.tsv_mean.txt', 1.6382229627547717)]
L634	13062023--s--Lm--st--L634--p--C05--pos--1--tm--0--ch--BF	L634	L1323	[('Unnamed: 0-SUMMARYCustomAlgos.tsv_median.txt', 75.42605239434016), ('Unnamed: 0-SUMMARYCustomAlgos.tsv_max.txt', 19.640758201861434), ('Unnamed: 0-SUMMARYCustomAlgos.tsv_q10.txt', 15.994714571175875), ('Unnamed: 0-SUMMARYCustomAlgos.tsv_min.txt', 14.274744434070017), ('Unnamed: 0-SUMMARYCustomAlgos.tsv_mean.txt', 7.51367457729076)]
L634	13062023--s--Lm--st--L634--p--C06--pos--1--tm--0--ch--BF	L634	L394	[('Unnamed: 0-SUMMARYCustomAlgos.tsv_max.txt', 39.81661824695662), ('Unnamed: 0-SUMMARYCustomAlgos.tsv_min.txt', 35.84115631803333), ('Unnamed: 0-SUMMARYCustomAlgos.tsv_mean.txt', 21.757161991445315), ('Unnamed: 0-SUMMARYCustomAlgos.tsv_q10.txt', 15.713880504506356), ('Unnamed: 0-SUMMARYCustomAlgos.tsv_median.txt', 4.719027817364211)]
L634	13062023--s--Lm--st--L634--p--C06--pos--2--tm--0--ch--BF	L634	19115	[('Unnamed: 0-SUMMARYCustomAlgos.tsv_min.txt', 54.6058256251659), ('Unnamed: 0-SUMMARYCustomAlgos.tsv_max.txt', 26.89803614756932), ('Unnamed: 0-SUMMARYCustomAlgos.tsv_mean.txt', 23.02485064978178), ('Unnamed: 0-SUMMARYCustomAlgos.tsv_q10.txt', 14.073642715963961), ('Unnamed: 0-SUMMARYCustomAlgos.tsv_median.txt', 3.431509893711194)]
L634	13062023--s--Lm--st--L634--p--C06--pos--3--tm--0--ch--BF	L634	L1764	[('Unnamed: 0-SUMMARYCustomAlgos.tsv_q10.txt', 28.325465596683202), ('Unnamed: 0-SUMMARYCustomAlgos.tsv_median.txt', 25.87429235727009), ('Unnamed: 0-SUMMARYCustomAlgos.tsv_max.txt', 20.449119465436333), ('Unnamed: 0-SUMMARYCustomAlgos.tsv_mean.txt', 20.111130465380555), ('Unnamed: 0-SUMMARYCustomAlgos.tsv_min.txt', 10.000456336358834)]
L634	13062023--s--Lm--st--L634--p--C07--pos--1--tm--0--ch--BF	L634	19115	[('Unnamed: 0-SUMMARYCustomAlgos.tsv_q10.txt', 26.83634816625827), ('Unnamed: 0-SUMMARYCustomAlgos.tsv_median.txt', 24.56353113104138), ('Unnamed: 0-SUMMARYCustomAlgos.tsv_max.txt', 23.791586159079095), ('Unnamed: 0-SUMMARYCustomAlgos.tsv_mean.txt', 23.028612010192294), ('Unnamed: 0-SUMMARYCustomAlgos.tsv_min.txt', 14.455282266377578)]
L634	13062023--s--Lm--st--L634--p--C07--pos--2--tm--0--ch--BF	L634	L1764	[('Unnamed: 0-SUMMARYCustomAlgos.tsv_median.txt', 31.14533009692553), ('Unnamed: 0-SUMMARYCustomAlgos.tsv_mean.txt', 25.1625534166687), ('Unnamed: 0-SUMMARYCustomAlgos.tsv_q10.txt', 20.59048909122346), ('Unnamed: 0-SUMMARYCustomAlgos.tsv_max.txt', 16.765722732499707), ('Unnamed: 0-SUMMARYCustomAlgos.tsv_min.txt', 13.678388837112175)]
L634	13062023--s--Lm--st--L634--p--C07--pos--3--tm--0--ch--BF	L634	L455	[('Unnamed: 0-SUMMARYCustomAlgos.tsv_median.txt', 28.79500077242052), ('Unnamed: 0-SUMMARYCustomAlgos.tsv_q10.txt', 23.223339542018035), ('Unnamed: 0-SUMMARYCustomAlgos.tsv_mean.txt', 19.95855061698661), ('Unnamed: 0-SUMMARYCustomAlgos.tsv_max.txt', 17.725883093433037), ('Unnamed: 0-SUMMARYCustomAlgos.tsv_min.txt', 7.845547820229792)]
L634	13062023--s--Lm--st--L634--p--C08--pos--1--tm--0--ch--BF	L634	L628	[('Unnamed: 0-SUMMARYCustomAlgos.tsv_median.txt', 39.49289362648962), ('Unnamed: 0-SUMMARYCustomAlgos.tsv_max.txt', 30.385824780008953), ('Unnamed: 0-SUMMARYCustomAlgos.tsv_min.txt', 24.587195218535914), ('Unnamed: 0-SUMMARYCustomAlgos.tsv_q10.txt', 24.559759993126008), ('Unnamed: 0-SUMMARYCustomAlgos.tsv_mean.txt', 13.730951701790717)]
L634	13062023--s--Lm--st--L634--p--C08--pos--2--tm--0--ch--BF	L634	L455	[('Unnamed: 0-SUMMARYCustomAlgos.tsv_median.txt', 27.626105628781925), ('Unnamed: 0-SUMMARYCustomAlgos.tsv_q10.txt', 25.28121348038785), ('Unnamed: 0-SUMMARYCustomAlgos.tsv_mean.txt', 21.709350533952914), ('Unnamed: 0-SUMMARYCustomAlgos.tsv_max.txt', 17.603267979907326), ('Unnamed: 0-SUMMARYCustomAlgos.tsv_min.txt', 10.977626181442965)]
L634	13062023--s--Lm--st--L634--p--C08--pos--3--tm--0--ch--BF	L634	L394	[('Unnamed: 0-SUMMARYCustomAlgos.tsv_min.txt', 32.33503390612371), ('Unnamed: 0-SUMMARYCustomAlgos.tsv_max.txt', 24.748081416071795), ('Unnamed: 0-SUMMARYCustomAlgos.tsv_mean.txt', 24.47166126674712), ('Unnamed: 0-SUMMARYCustomAlgos.tsv_q10.txt', 17.66906795177559), ('Unnamed: 0-SUMMARYCustomAlgos.tsv_median.txt', 5.191550258100259)]
L634	13062023--s--Lm--st--L634--p--C09--pos--1--tm--0--ch--BF	L634	L628	[('Unnamed: 0-SUMMARYCustomAlgos.tsv_median.txt', 28.525519786420013), ('Unnamed: 0-SUMMARYCustomAlgos.tsv_q10.txt', 26.130769449697713), ('Unnamed: 0-SUMMARYCustomAlgos.tsv_mean.txt', 21.60256718720609), ('Unnamed: 0-SUMMARYCustomAlgos.tsv_max.txt', 19.83685961319654), ('Unnamed: 0-SUMMARYCustomAlgos.tsv_min.txt', 10.076545863716412)]
L634	13062023--s--Lm--st--L634--p--C09--pos--2--tm--0--ch--BF	L634	L1323	[('Unnamed: 0-SUMMARYCustomAlgos.tsv_min.txt', 55.0958012709996), ('Unnamed: 0-SUMMARYCustomAlgos.tsv_max.txt', 45.553900198565856), ('Unnamed: 0-SUMMARYCustomAlgos.tsv_q10.txt', 34.97123707463656), ('Unnamed: 0-SUMMARYCustomAlgos.tsv_mean.txt', 33.60256470144461), ('Unnamed: 0-SUMMARYCustomAlgos.tsv_median.txt', 8.138674740548263)]
L634	13062023--s--Lm--st--L634--p--C09--pos--3--tm--0--ch--BF	L634	L394	[('Unnamed: 0-SUMMARYCustomAlgos.tsv_min.txt', 32.54580754904663), ('Unnamed: 0-SUMMARYCustomAlgos.tsv_mean.txt', 24.909616272821275), ('Unnamed: 0-SUMMARYCustomAlgos.tsv_max.txt', 23.234532072426898), ('Unnamed: 0-SUMMARYCustomAlgos.tsv_q10.txt', 18.259024060461407), ('Unnamed: 0-SUMMARYCustomAlgos.tsv_median.txt', 5.124445480129639)]
L634	13062023--s--Lm--st--L634--p--C10--pos--1--tm--0--ch--BF	L634	L1764	[('Unnamed: 0-SUMMARYCustomAlgos.tsv_median.txt', 25.649311551376673), ('Unnamed: 0-SUMMARYCustomAlgos.tsv_q10.txt', 23.58531516526779), ('Unnamed: 0-SUMMARYCustomAlgos.tsv_max.txt', 23.391026123183984), ('Unnamed: 0-SUMMARYCustomAlgos.tsv_mean.txt', 21.030263264210888), ('Unnamed: 0-SUMMARYCustomAlgos.tsv_min.txt', 13.038387518231177)]
L634	13062023--s--Lm--st--L634--p--C10--pos--2--tm--0--ch--BF	L634	L628	[('Unnamed: 0-SUMMARYCustomAlgos.tsv_q10.txt', 29.457864847415216), ('Unnamed: 0-SUMMARYCustomAlgos.tsv_median.txt', 26.063428622040473), ('Unnamed: 0-SUMMARYCustomAlgos.tsv_max.txt', 24.581405199645697), ('Unnamed: 0-SUMMARYCustomAlgos.tsv_mean.txt', 22.022037359138515), ('Unnamed: 0-SUMMARYCustomAlgos.tsv_min.txt', 10.69887558132567)]
L634	13062023--s--Lm--st--L634--p--C10--pos--3--tm--0--ch--BF	L634	L394	[('Unnamed: 0-SUMMARYCustomAlgos.tsv_max.txt', 37.800533528969176), ('Unnamed: 0-SUMMARYCustomAlgos.tsv_median.txt', 33.42018156487653), ('Unnamed: 0-SUMMARYCustomAlgos.tsv_q10.txt', 23.7489631093154), ('Unnamed: 0-SUMMARYCustomAlgos.tsv_mean.txt', 21.312184675105588), ('Unnamed: 0-SUMMARYCustomAlgos.tsv_min.txt', 10.139977541493709)]
L634	13062023--s--Lm--st--L634--p--D03--pos--1--tm--0--ch--BF	L634	19115	[('Unnamed: 0-SUMMARYCustomAlgos.tsv_min.txt', 54.40724454706603), ('Unnamed: 0-SUMMARYCustomAlgos.tsv_max.txt', 24.755456163447757), ('Unnamed: 0-SUMMARYCustomAlgos.tsv_mean.txt', 23.085047003523275), ('Unnamed: 0-SUMMARYCustomAlgos.tsv_q10.txt', 14.166328593736708), ('Unnamed: 0-SUMMARYCustomAlgos.tsv_median.txt', 3.7573170877207036)]
L634	13062023--s--Lm--st--L634--p--D03--pos--2--tm--0--ch--BF	L634	L1764	[('Unnamed: 0-SUMMARYCustomAlgos.tsv_q10.txt', 26.609103960690977), ('Unnamed: 0-SUMMARYCustomAlgos.tsv_median.txt', 25.696355393025826), ('Unnamed: 0-SUMMARYCustomAlgos.tsv_max.txt', 25.032637940926225), ('Unnamed: 0-SUMMARYCustomAlgos.tsv_mean.txt', 22.645001596957584), ('Unnamed: 0-SUMMARYCustomAlgos.tsv_min.txt', 12.90370582020353)]
L634	13062023--s--Lm--st--L634--p--D03--pos--3--tm--0--ch--BF	L634	L394	[('Unnamed: 0-SUMMARYCustomAlgos.tsv_median.txt', 24.88338165041525), ('Unnamed: 0-SUMMARYCustomAlgos.tsv_q10.txt', 21.66001131101025), ('Unnamed: 0-SUMMARYCustomAlgos.tsv_max.txt', 20.363892236323565), ('Unnamed: 0-SUMMARYCustomAlgos.tsv_mean.txt', 20.168835537451255), ('Unnamed: 0-SUMMARYCustomAlgos.tsv_min.txt', 10.886032350520239)]
L634	13062023--s--Lm--st--L634--p--D04--pos--1--tm--0--ch--BF	L634	L394	[('Unnamed: 0-SUMMARYCustomAlgos.tsv_median.txt', 25.873906476654053), ('Unnamed: 0-SUMMARYCustomAlgos.tsv_q10.txt', 22.03459156910248), ('Unnamed: 0-SUMMARYCustomAlgos.tsv_max.txt', 21.519164532504945), ('Unnamed: 0-SUMMARYCustomAlgos.tsv_mean.txt', 20.59374019041124), ('Unnamed: 0-SUMMARYCustomAlgos.tsv_min.txt', 9.721402129360035)]
L634	13062023--s--Lm--st--L634--p--D04--pos--2--tm--0--ch--BF	L634	L394	[('Unnamed: 0-SUMMARYCustomAlgos.tsv_median.txt', 24.98347570316855), ('Unnamed: 0-SUMMARYCustomAlgos.tsv_q10.txt', 22.58646566156662), ('Unnamed: 0-SUMMARYCustomAlgos.tsv_max.txt', 22.561023620470262), ('Unnamed: 0-SUMMARYCustomAlgos.tsv_mean.txt', 19.35746750327042), ('Unnamed: 0-SUMMARYCustomAlgos.tsv_min.txt', 10.552794593436099)]
L634	13062023--s--Lm--st--L634--p--D05--pos--1--tm--0--ch--BF	L634	L1764	[('Unnamed: 0-SUMMARYCustomAlgos.tsv_median.txt', 31.457665299862807), ('Unnamed: 0-SUMMARYCustomAlgos.tsv_mean.txt', 25.484221630708923), ('Unnamed: 0-SUMMARYCustomAlgos.tsv_q10.txt', 19.833010460144905), ('Unnamed: 0-SUMMARYCustomAlgos.tsv_max.txt', 16.10998847949348), ('Unnamed: 0-SUMMARYCustomAlgos.tsv_min.txt', 13.947092453676436)]
L634	13062023--s--Lm--st--L634--p--D05--pos--2--tm--0--ch--BF	L634	L628	[('Unnamed: 0-SUMMARYCustomAlgos.tsv_median.txt', 31.793518935488542), ('Unnamed: 0-SUMMARYCustomAlgos.tsv_q10.txt', 29.010229252488646), ('Unnamed: 0-SUMMARYCustomAlgos.tsv_max.txt', 23.977188975781925), ('Unnamed: 0-SUMMARYCustomAlgos.tsv_mean.txt', 22.408893769658324), ('Unnamed: 0-SUMMARYCustomAlgos.tsv_min.txt', 7.522184528023334)]
L634	13062023--s--Lm--st--L634--p--D05--pos--3--tm--0--ch--BF	L634	L394	[('Unnamed: 0-SUMMARYCustomAlgos.tsv_median.txt', 26.496427958170894), ('Unnamed: 0-SUMMARYCustomAlgos.tsv_max.txt', 24.672043068211075), ('Unnamed: 0-SUMMARYCustomAlgos.tsv_q10.txt', 24.371696670819627), ('Unnamed: 0-SUMMARYCustomAlgos.tsv_mean.txt', 19.44275311784907), ('Unnamed: 0-SUMMARYCustomAlgos.tsv_min.txt', 10.285112827952224)]
L394	16052023--s--Lm--st--L394--p--C03--pos--1--tm--0--ch--BF	L394	L628	[('Unnamed: 0-SUMMARYCustomAlgos.tsv_max.txt', 110.89581283365087), ('Unnamed: 0-SUMMARYCustomAlgos.tsv_q10.txt', 65.9017426113765), ('Unnamed: 0-SUMMARYCustomAlgos.tsv_mean.txt', 25.73493377544217), ('Unnamed: 0-SUMMARYCustomAlgos.tsv_min.txt', 15.013324219971658), ('Unnamed: 0-SUMMARYCustomAlgos.tsv_median.txt', 3.0964127116308564)]
L394	16052023--s--Lm--st--L394--p--C03--pos--2--tm--0--ch--BF	L394	L455	[('Unnamed: 0-SUMMARYCustomAlgos.tsv_q10.txt', 52.68983177573089), ('Unnamed: 0-SUMMARYCustomAlgos.tsv_max.txt', 44.600168126302016), ('Unnamed: 0-SUMMARYCustomAlgos.tsv_median.txt', 7.77461954758476), ('Unnamed: 0-SUMMARYCustomAlgos.tsv_mean.txt', 4.522206886820342), ('Unnamed: 0-SUMMARYCustomAlgos.tsv_min.txt', 1.5291466856195477)]
L394	16052023--s--Lm--st--L394--p--C04--pos--1--tm--0--ch--BF	L394	19115	[('Unnamed: 0-SUMMARYCustomAlgos.tsv_max.txt', 246.9127823676206), ('Unnamed: 0-SUMMARYCustomAlgos.tsv_q10.txt', 86.62342009781244), ('Unnamed: 0-SUMMARYCustomAlgos.tsv_median.txt', 24.909280175521666), ('Unnamed: 0-SUMMARYCustomAlgos.tsv_mean.txt', 5.51207561480829), ('Unnamed: 0-SUMMARYCustomAlgos.tsv_min.txt', 0.683721724989344)]
L394	16052023--s--Lm--st--L394--p--C04--pos--2--tm--0--ch--BF	L394	L455	[('Unnamed: 0-SUMMARYCustomAlgos.tsv_max.txt', 57.87566370925667), ('Unnamed: 0-SUMMARYCustomAlgos.tsv_q10.txt', 16.187917976834914), ('Unnamed: 0-SUMMARYCustomAlgos.tsv_median.txt', 7.98496995237189), ('Unnamed: 0-SUMMARYCustomAlgos.tsv_mean.txt', 2.2775454878968233)]
L394	16052023--s--Lm--st--L394--p--C04--pos--3--tm--0--ch--BF	L394	19115	[('Unnamed: 0-SUMMARYCustomAlgos.tsv_max.txt', 249.81856518462246), ('Unnamed: 0-SUMMARYCustomAlgos.tsv_q10.txt', 86.20458172627663), ('Unnamed: 0-SUMMARYCustomAlgos.tsv_median.txt', 24.2909008899307), ('Unnamed: 0-SUMMARYCustomAlgos.tsv_mean.txt', 4.769894051270507), ('Unnamed: 0-SUMMARYCustomAlgos.tsv_min.txt', 0.26186702238040677)]
L394	16052023--s--Lm--st--L394--p--C05--pos--1--tm--0--ch--BF	L394	19115	[('Unnamed: 0-SUMMARYCustomAlgos.tsv_max.txt', 289.49011530991413), ('Unnamed: 0-SUMMARYCustomAlgos.tsv_q10.txt', 69.86615636102015), ('Unnamed: 0-SUMMARYCustomAlgos.tsv_median.txt', 29.73101660693445), ('Unnamed: 0-SUMMARYCustomAlgos.tsv_mean.txt', 2.6747725545683654), ('Unnamed: 0-SUMMARYCustomAlgos.tsv_min.txt', 2.513115600917736)]
L394	16052023--s--Lm--st--L394--p--C05--pos--2--tm--0--ch--BF	L394	L455	[('Unnamed: 0-SUMMARYCustomAlgos.tsv_max.txt', 57.87566370925667), ('Unnamed: 0-SUMMARYCustomAlgos.tsv_q10.txt', 16.187917976834914), ('Unnamed: 0-SUMMARYCustomAlgos.tsv_median.txt', 7.98496995237189), ('Unnamed: 0-SUMMARYCustomAlgos.tsv_mean.txt', 2.2775454878968233)]
L394	16052023--s--Lm--st--L394--p--C05--pos--3--tm--0--ch--BF	L394	L455	[('Unnamed: 0-SUMMARYCustomAlgos.tsv_max.txt', 57.87566370925667), ('Unnamed: 0-SUMMARYCustomAlgos.tsv_q10.txt', 16.187917976834914), ('Unnamed: 0-SUMMARYCustomAlgos.tsv_median.txt', 7.98496995237189), ('Unnamed: 0-SUMMARYCustomAlgos.tsv_mean.txt', 2.2775454878968233)]
L394	16052023--s--Lm--st--L394--p--C06--pos--1--tm--0--ch--BF	L394	L628	[('Unnamed: 0-SUMMARYCustomAlgos.tsv_max.txt', 118.89756207646434), ('Unnamed: 0-SUMMARYCustomAlgos.tsv_q10.txt', 66.76508038489482), ('Unnamed: 0-SUMMARYCustomAlgos.tsv_mean.txt', 25.435623385197687), ('Unnamed: 0-SUMMARYCustomAlgos.tsv_min.txt', 15.335595133946224), ('Unnamed: 0-SUMMARYCustomAlgos.tsv_median.txt', 2.535125850885512)]
L394	16052023--s--Lm--st--L394--p--C06--pos--2--tm--0--ch--BF	L394	L455	[('Unnamed: 0-SUMMARYCustomAlgos.tsv_max.txt', 56.88621462234524), ('Unnamed: 0-SUMMARYCustomAlgos.tsv_q10.txt', 18.67835414486504), ('Unnamed: 0-SUMMARYCustomAlgos.tsv_median.txt', 8.126930319930608), ('Unnamed: 0-SUMMARYCustomAlgos.tsv_mean.txt', 3.3771014970279043)]
L394	16052023--s--Lm--st--L394--p--C06--pos--3--tm--0--ch--BF	L394	L1764	[('Unnamed: 0-SUMMARYCustomAlgos.tsv_q10.txt', 89.74209173050815), ('Unnamed: 0-SUMMARYCustomAlgos.tsv_max.txt', 36.52385819389186), ('Unnamed: 0-SUMMARYCustomAlgos.tsv_min.txt', 18.754296976537034), ('Unnamed: 0-SUMMARYCustomAlgos.tsv_mean.txt', 9.87002847332846), ('Unnamed: 0-SUMMARYCustomAlgos.tsv_median.txt', 0.7378479101777649)]
L394	16052023--s--Lm--st--L394--p--D03--pos--1--tm--0--ch--BF	L394	19115	[('Unnamed: 0-SUMMARYCustomAlgos.tsv_max.txt', 249.81856518462246), ('Unnamed: 0-SUMMARYCustomAlgos.tsv_q10.txt', 86.20458172627663), ('Unnamed: 0-SUMMARYCustomAlgos.tsv_median.txt', 24.2909008899307), ('Unnamed: 0-SUMMARYCustomAlgos.tsv_mean.txt', 4.769894051270507), ('Unnamed: 0-SUMMARYCustomAlgos.tsv_min.txt', 0.26186702238040677)]
L394	16052023--s--Lm--st--L394--p--D03--pos--2--tm--0--ch--BF	L394	L455	[('Unnamed: 0-SUMMARYCustomAlgos.tsv_max.txt', 57.87566370925667), ('Unnamed: 0-SUMMARYCustomAlgos.tsv_q10.txt', 16.02933890477478), ('Unnamed: 0-SUMMARYCustomAlgos.tsv_median.txt', 8.293383335225217), ('Unnamed: 0-SUMMARYCustomAlgos.tsv_mean.txt', 3.3699858768003383)]
L394	16052023--s--Lm--st--L394--p--D03--pos--3--tm--0--ch--BF	L394	L455	[('Unnamed: 0-SUMMARYCustomAlgos.tsv_max.txt', 57.87566370925667), ('Unnamed: 0-SUMMARYCustomAlgos.tsv_q10.txt', 16.187917976834914), ('Unnamed: 0-SUMMARYCustomAlgos.tsv_median.txt', 7.98496995237189), ('Unnamed: 0-SUMMARYCustomAlgos.tsv_mean.txt', 2.2775454878968233)]
L394	16052023--s--Lm--st--L394--p--D04--pos--1--tm--0--ch--BF	L394	L455	[('Unnamed: 0-SUMMARYCustomAlgos.tsv_max.txt', 57.87566370925667), ('Unnamed: 0-SUMMARYCustomAlgos.tsv_q10.txt', 16.187917976834914), ('Unnamed: 0-SUMMARYCustomAlgos.tsv_median.txt', 7.98496995237189), ('Unnamed: 0-SUMMARYCustomAlgos.tsv_mean.txt', 2.2775454878968233)]
L394	16052023--s--Lm--st--L394--p--D04--pos--2--tm--0--ch--BF	L394	L455	[('Unnamed: 0-SUMMARYCustomAlgos.tsv_max.txt', 57.87566370925667), ('Unnamed: 0-SUMMARYCustomAlgos.tsv_q10.txt', 16.187917976834914), ('Unnamed: 0-SUMMARYCustomAlgos.tsv_median.txt', 7.98496995237189), ('Unnamed: 0-SUMMARYCustomAlgos.tsv_mean.txt', 2.2775454878968233)]
L394	16052023--s--Lm--st--L394--p--D04--pos--3--tm--0--ch--BF	L394	L455	[('Unnamed: 0-SUMMARYCustomAlgos.tsv_max.txt', 57.87566370925667), ('Unnamed: 0-SUMMARYCustomAlgos.tsv_q10.txt', 16.187917976834914), ('Unnamed: 0-SUMMARYCustomAlgos.tsv_median.txt', 10.422967363888155), ('Unnamed: 0-SUMMARYCustomAlgos.tsv_mean.txt', 6.939487899972056)]
L394	16052023--s--Lm--st--L394--p--D05--pos--1--tm--0--ch--BF	L394	19115	[('Unnamed: 0-SUMMARYCustomAlgos.tsv_max.txt', 245.88918106618786), ('Unnamed: 0-SUMMARYCustomAlgos.tsv_q10.txt', 85.83573345188192), ('Unnamed: 0-SUMMARYCustomAlgos.tsv_median.txt', 24.2909008899307), ('Unnamed: 0-SUMMARYCustomAlgos.tsv_mean.txt', 4.726745257036643), ('Unnamed: 0-SUMMARYCustomAlgos.tsv_min.txt', 0.40709839147111665)]
L394	16052023--s--Lm--st--L394--p--D05--pos--2--tm--0--ch--BF	L394	L455	[('Unnamed: 0-SUMMARYCustomAlgos.tsv_max.txt', 37.24568322489888), ('Unnamed: 0-SUMMARYCustomAlgos.tsv_q10.txt', 26.958131948352893), ('Unnamed: 0-SUMMARYCustomAlgos.tsv_min.txt', 26.83460262414228), ('Unnamed: 0-SUMMARYCustomAlgos.tsv_mean.txt', 25.904577270774983), ('Unnamed: 0-SUMMARYCustomAlgos.tsv_median.txt', 7.197531357974991)]
L394	16052023--s--Lm--st--L394--p--D05--pos--3--tm--0--ch--BF	L394	19115	[('Unnamed: 0-SUMMARYCustomAlgos.tsv_max.txt', 253.64511425439227), ('Unnamed: 0-SUMMARYCustomAlgos.tsv_q10.txt', 86.54809373558213), ('Unnamed: 0-SUMMARYCustomAlgos.tsv_median.txt', 24.37639263075282), ('Unnamed: 0-SUMMARYCustomAlgos.tsv_mean.txt', 4.884419812980006), ('Unnamed: 0-SUMMARYCustomAlgos.tsv_min.txt', 0.3874581188268051)]
L394	16052023--s--Lm--st--L394--p--D06--pos--1--tm--0--ch--BF	L394	L455	[('Unnamed: 0-SUMMARYCustomAlgos.tsv_max.txt', 57.87566370925667), ('Unnamed: 0-SUMMARYCustomAlgos.tsv_q10.txt', 16.065235845214527), ('Unnamed: 0-SUMMARYCustomAlgos.tsv_median.txt', 8.594198025750496), ('Unnamed: 0-SUMMARYCustomAlgos.tsv_mean.txt', 3.3699858768003383)]
L394	16052023--s--Lm--st--L394--p--D06--pos--2--tm--0--ch--BF	L394	L455	[('Unnamed: 0-SUMMARYCustomAlgos.tsv_max.txt', 57.87566370925667), ('Unnamed: 0-SUMMARYCustomAlgos.tsv_q10.txt', 16.187917976834914), ('Unnamed: 0-SUMMARYCustomAlgos.tsv_median.txt', 7.98496995237189), ('Unnamed: 0-SUMMARYCustomAlgos.tsv_mean.txt', 2.2775454878968233)]
L394	16052023--s--Lm--st--L394--p--D06--pos--3--tm--0--ch--BF	L394	L455	[('Unnamed: 0-SUMMARYCustomAlgos.tsv_max.txt', 57.87566370925667), ('Unnamed: 0-SUMMARYCustomAlgos.tsv_q10.txt', 16.187917976834914), ('Unnamed: 0-SUMMARYCustomAlgos.tsv_median.txt', 7.98496995237189), ('Unnamed: 0-SUMMARYCustomAlgos.tsv_mean.txt', 2.2775454878968233)]
L394	16052023--s--Lm--st--L394--p--D07--pos--1--tm--0--ch--BF	L394	L455	[('Unnamed: 0-SUMMARYCustomAlgos.tsv_max.txt', 57.87566370925667), ('Unnamed: 0-SUMMARYCustomAlgos.tsv_q10.txt', 16.187917976834914), ('Unnamed: 0-SUMMARYCustomAlgos.tsv_median.txt', 7.98496995237189), ('Unnamed: 0-SUMMARYCustomAlgos.tsv_mean.txt', 2.2775454878968233)]
L394	16052023--s--Lm--st--L394--p--D07--pos--2--tm--0--ch--BF	L394	L455	[('Unnamed: 0-SUMMARYCustomAlgos.tsv_max.txt', 57.87566370925667), ('Unnamed: 0-SUMMARYCustomAlgos.tsv_q10.txt', 16.187917976834914), ('Unnamed: 0-SUMMARYCustomAlgos.tsv_median.txt', 7.98496995237189), ('Unnamed: 0-SUMMARYCustomAlgos.tsv_mean.txt', 2.2775454878968233)]
L394	16052023--s--Lm--st--L394--p--D07--pos--3--tm--0--ch--BF	L394	L455	[('Unnamed: 0-SUMMARYCustomAlgos.tsv_max.txt', 57.87566370925667), ('Unnamed: 0-SUMMARYCustomAlgos.tsv_q10.txt', 16.187917976834914), ('Unnamed: 0-SUMMARYCustomAlgos.tsv_median.txt', 7.98496995237189), ('Unnamed: 0-SUMMARYCustomAlgos.tsv_mean.txt', 2.2775454878968233)]
L394	16052023--s--Lm--st--L394--p--D08--pos--1--tm--0--ch--BF	L394	L455	[('Unnamed: 0-SUMMARYCustomAlgos.tsv_max.txt', 57.87566370925667), ('Unnamed: 0-SUMMARYCustomAlgos.tsv_q10.txt', 16.187917976834914), ('Unnamed: 0-SUMMARYCustomAlgos.tsv_median.txt', 7.98496995237189), ('Unnamed: 0-SUMMARYCustomAlgos.tsv_mean.txt', 2.2775454878968233)]
L394	16052023--s--Lm--st--L394--p--D08--pos--2--tm--0--ch--BF	L394	L455	[('Unnamed: 0-SUMMARYCustomAlgos.tsv_max.txt', 57.87566370925667), ('Unnamed: 0-SUMMARYCustomAlgos.tsv_q10.txt', 16.187917976834914), ('Unnamed: 0-SUMMARYCustomAlgos.tsv_median.txt', 7.98496995237189), ('Unnamed: 0-SUMMARYCustomAlgos.tsv_mean.txt', 2.2775454878968233)]
L394	16052023--s--Lm--st--L394--p--D08--pos--3--tm--0--ch--BF	L394	L455	[('Unnamed: 0-SUMMARYCustomAlgos.tsv_max.txt', 57.87566370925667), ('Unnamed: 0-SUMMARYCustomAlgos.tsv_q10.txt', 16.187917976834914), ('Unnamed: 0-SUMMARYCustomAlgos.tsv_median.txt', 7.98496995237189), ('Unnamed: 0-SUMMARYCustomAlgos.tsv_mean.txt', 2.2775454878968233)]
L455	16052023--s--Lm--st--L455--p--F03--pos--1--tm--0--ch--BF	L455	19115	[('Unnamed: 0-SUMMARYCustomAlgos.tsv_max.txt', 44.32420985644542), ('Unnamed: 0-SUMMARYCustomAlgos.tsv_min.txt', 33.482783871431145), ('Unnamed: 0-SUMMARYCustomAlgos.tsv_mean.txt', 25.138624490465023), ('Unnamed: 0-SUMMARYCustomAlgos.tsv_q10.txt', 20.89204700769392), ('Unnamed: 0-SUMMARYCustomAlgos.tsv_median.txt', 12.477464983634063)]
L455	16052023--s--Lm--st--L455--p--F03--pos--2--tm--0--ch--BF	L455	19115	[('Unnamed: 0-SUMMARYCustomAlgos.tsv_min.txt', 44.88489809053766), ('Unnamed: 0-SUMMARYCustomAlgos.tsv_mean.txt', 33.111727632805724), ('Unnamed: 0-SUMMARYCustomAlgos.tsv_q10.txt', 30.60395848316645), ('Unnamed: 0-SUMMARYCustomAlgos.tsv_max.txt', 18.480670690800007), ('Unnamed: 0-SUMMARYCustomAlgos.tsv_median.txt', 13.514680204122751)]
L455	16052023--s--Lm--st--L455--p--F03--pos--3--tm--0--ch--BF	L455	L634	[('Unnamed: 0-SUMMARYCustomAlgos.tsv_min.txt', 34.30609631507991), ('Unnamed: 0-SUMMARYCustomAlgos.tsv_mean.txt', 31.26677301911209), ('Unnamed: 0-SUMMARYCustomAlgos.tsv_q10.txt', 26.716783675676126), ('Unnamed: 0-SUMMARYCustomAlgos.tsv_max.txt', 21.26466976001507), ('Unnamed: 0-SUMMARYCustomAlgos.tsv_median.txt', 16.83332288158989)]
L455	16052023--s--Lm--st--L455--p--F04--pos--1--tm--0--ch--BF	L455	19115	[('Unnamed: 0-SUMMARYCustomAlgos.tsv_min.txt', 26.589354645902606), ('Unnamed: 0-SUMMARYCustomAlgos.tsv_mean.txt', 21.822598924815935), ('Unnamed: 0-SUMMARYCustomAlgos.tsv_max.txt', 21.534430155153597), ('Unnamed: 0-SUMMARYCustomAlgos.tsv_q10.txt', 17.02410685505988), ('Unnamed: 0-SUMMARYCustomAlgos.tsv_median.txt', 12.800173853733687)]
L455	16052023--s--Lm--st--L455--p--F04--pos--2--tm--0--ch--BF	L455	19115	[('Unnamed: 0-SUMMARYCustomAlgos.tsv_max.txt', 44.61883650508061), ('Unnamed: 0-SUMMARYCustomAlgos.tsv_min.txt', 40.66636296384372), ('Unnamed: 0-SUMMARYCustomAlgos.tsv_mean.txt', 36.080711214454126), ('Unnamed: 0-SUMMARYCustomAlgos.tsv_q10.txt', 29.62847055709621), ('Unnamed: 0-SUMMARYCustomAlgos.tsv_median.txt', 8.012961293382926)]
L455	16052023--s--Lm--st--L455--p--F04--pos--3--tm--0--ch--BF	L455	L394	[('Unnamed: 0-SUMMARYCustomAlgos.tsv_min.txt', 68.49429420069595), ('Unnamed: 0-SUMMARYCustomAlgos.tsv_max.txt', 51.31434669160711), ('Unnamed: 0-SUMMARYCustomAlgos.tsv_mean.txt', 16.017840486954782), ('Unnamed: 0-SUMMARYCustomAlgos.tsv_q10.txt', 9.666186072593277), ('Unnamed: 0-SUMMARYCustomAlgos.tsv_median.txt', 5.842672907352234)]
L455	16052023--s--Lm--st--L455--p--F05--pos--1--tm--0--ch--BF	L455	L634	[('Unnamed: 0-SUMMARYCustomAlgos.tsv_max.txt', 36.143998936411485), ('Unnamed: 0-SUMMARYCustomAlgos.tsv_mean.txt', 29.953562140811535), ('Unnamed: 0-SUMMARYCustomAlgos.tsv_min.txt', 24.389348222027508), ('Unnamed: 0-SUMMARYCustomAlgos.tsv_q10.txt', 16.895394089390155), ('Unnamed: 0-SUMMARYCustomAlgos.tsv_median.txt', 13.486056711499339)]
L455	16052023--s--Lm--st--L455--p--F05--pos--2--tm--0--ch--BF	L455	L634	[('Unnamed: 0-SUMMARYCustomAlgos.tsv_mean.txt', 31.730119202530503), ('Unnamed: 0-SUMMARYCustomAlgos.tsv_max.txt', 28.730302101897916), ('Unnamed: 0-SUMMARYCustomAlgos.tsv_min.txt', 23.050333617442472), ('Unnamed: 0-SUMMARYCustomAlgos.tsv_q10.txt', 20.01593912404984), ('Unnamed: 0-SUMMARYCustomAlgos.tsv_median.txt', 13.493533125763786)]
L455	16052023--s--Lm--st--L455--p--F05--pos--3--tm--0--ch--BF	L455	L1764	[('Unnamed: 0-SUMMARYCustomAlgos.tsv_max.txt', 27.951753662437337), ('Unnamed: 0-SUMMARYCustomAlgos.tsv_mean.txt', 27.665636474484263), ('Unnamed: 0-SUMMARYCustomAlgos.tsv_q10.txt', 25.364737786203147), ('Unnamed: 0-SUMMARYCustomAlgos.tsv_min.txt', 24.173177834769945), ('Unnamed: 0-SUMMARYCustomAlgos.tsv_median.txt', 18.970302245850494)]
L455	16052023--s--Lm--st--L455--p--F07--pos--1--tm--0--ch--BF	L455	L634	[('Unnamed: 0-SUMMARYCustomAlgos.tsv_min.txt', 34.11062481539745), ('Unnamed: 0-SUMMARYCustomAlgos.tsv_q10.txt', 27.48866115229885), ('Unnamed: 0-SUMMARYCustomAlgos.tsv_max.txt', 24.915453741811444), ('Unnamed: 0-SUMMARYCustomAlgos.tsv_mean.txt', 20.038028604138464), ('Unnamed: 0-SUMMARYCustomAlgos.tsv_median.txt', 11.874061585470507)]
L455	16052023--s--Lm--st--L455--p--F07--pos--2--tm--0--ch--BF	L455	19115	[('Unnamed: 0-SUMMARYCustomAlgos.tsv_q10.txt', 35.77764724630033), ('Unnamed: 0-SUMMARYCustomAlgos.tsv_max.txt', 31.840084691565135), ('Unnamed: 0-SUMMARYCustomAlgos.tsv_mean.txt', 31.805731866927044), ('Unnamed: 0-SUMMARYCustomAlgos.tsv_min.txt', 29.905939973858096), ('Unnamed: 0-SUMMARYCustomAlgos.tsv_median.txt', 15.025223506604991)]
L455	16052023--s--Lm--st--L455--p--F07--pos--3--tm--0--ch--BF	L455	L634	[('Unnamed: 0-SUMMARYCustomAlgos.tsv_min.txt', 37.643922133250335), ('Unnamed: 0-SUMMARYCustomAlgos.tsv_max.txt', 36.68019116527596), ('Unnamed: 0-SUMMARYCustomAlgos.tsv_mean.txt', 32.78204039322462), ('Unnamed: 0-SUMMARYCustomAlgos.tsv_q10.txt', 26.126294696882894), ('Unnamed: 0-SUMMARYCustomAlgos.tsv_median.txt', 8.475880382702991)]
L455	16052023--s--Lm--st--L455--p--G03--pos--2--tm--0--ch--BF	L455	L394	[('Unnamed: 0-SUMMARYCustomAlgos.tsv_min.txt', 67.8706191903771), ('Unnamed: 0-SUMMARYCustomAlgos.tsv_max.txt', 42.0422740527131), ('Unnamed: 0-SUMMARYCustomAlgos.tsv_mean.txt', 11.371106016873664), ('Unnamed: 0-SUMMARYCustomAlgos.tsv_q10.txt', 6.330947375651697), ('Unnamed: 0-SUMMARYCustomAlgos.tsv_median.txt', 5.772808641450594)]
L455	16052023--s--Lm--st--L455--p--G03--pos--3--tm--0--ch--BF	L455	L394	[('Unnamed: 0-SUMMARYCustomAlgos.tsv_min.txt', 61.49453208958859), ('Unnamed: 0-SUMMARYCustomAlgos.tsv_max.txt', 52.03785079163609), ('Unnamed: 0-SUMMARYCustomAlgos.tsv_mean.txt', 16.073343303788075), ('Unnamed: 0-SUMMARYCustomAlgos.tsv_q10.txt', 10.060299291116385), ('Unnamed: 0-SUMMARYCustomAlgos.tsv_median.txt', 5.776816621093723)]
L455	16052023--s--Lm--st--L455--p--G04--pos--1--tm--0--ch--BF	L455	L1764	[('Unnamed: 0-SUMMARYCustomAlgos.tsv_q10.txt', 47.638795276423295), ('Unnamed: 0-SUMMARYCustomAlgos.tsv_min.txt', 44.80182509239958), ('Unnamed: 0-SUMMARYCustomAlgos.tsv_mean.txt', 34.58386439705263), ('Unnamed: 0-SUMMARYCustomAlgos.tsv_max.txt', 24.78720707350127), ('Unnamed: 0-SUMMARYCustomAlgos.tsv_median.txt', 17.639513757993846)]
L455	16052023--s--Lm--st--L455--p--G04--pos--2--tm--0--ch--BF	L455	L394	[('Unnamed: 0-SUMMARYCustomAlgos.tsv_min.txt', 68.3888405922177), ('Unnamed: 0-SUMMARYCustomAlgos.tsv_max.txt', 51.772649778619865), ('Unnamed: 0-SUMMARYCustomAlgos.tsv_mean.txt', 11.371106016873664), ('Unnamed: 0-SUMMARYCustomAlgos.tsv_median.txt', 5.784723420147824), ('Unnamed: 0-SUMMARYCustomAlgos.tsv_q10.txt', 5.67901762006502)]
L455	16052023--s--Lm--st--L455--p--G04--pos--3--tm--0--ch--BF	L455	L628	[('Unnamed: 0-SUMMARYCustomAlgos.tsv_max.txt', 351.61674232315227), ('Unnamed: 0-SUMMARYCustomAlgos.tsv_min.txt', 67.28010802446587), ('Unnamed: 0-SUMMARYCustomAlgos.tsv_q10.txt', 61.70263583147363), ('Unnamed: 0-SUMMARYCustomAlgos.tsv_mean.txt', 5.561709171521771), ('Unnamed: 0-SUMMARYCustomAlgos.tsv_median.txt', 0.8906501559297758)]
L455	16052023--s--Lm--st--L455--p--G05--pos--1--tm--0--ch--BF	L455	L394	[('Unnamed: 0-SUMMARYCustomAlgos.tsv_max.txt', 52.52020563774316), ('Unnamed: 0-SUMMARYCustomAlgos.tsv_min.txt', 51.994490411651455), ('Unnamed: 0-SUMMARYCustomAlgos.tsv_mean.txt', 13.485939447863736), ('Unnamed: 0-SUMMARYCustomAlgos.tsv_q10.txt', 7.604746558980546), ('Unnamed: 0-SUMMARYCustomAlgos.tsv_median.txt', 6.452323176962174)]
L455	16052023--s--Lm--st--L455--p--G05--pos--2--tm--0--ch--BF	L455	L394	[('Unnamed: 0-SUMMARYCustomAlgos.tsv_min.txt', 67.8706191903771), ('Unnamed: 0-SUMMARYCustomAlgos.tsv_max.txt', 42.0422740527131), ('Unnamed: 0-SUMMARYCustomAlgos.tsv_mean.txt', 11.371106016873664), ('Unnamed: 0-SUMMARYCustomAlgos.tsv_q10.txt', 6.330947375651697), ('Unnamed: 0-SUMMARYCustomAlgos.tsv_median.txt', 5.772808641450594)]
L455	16052023--s--Lm--st--L455--p--G05--pos--3--tm--0--ch--BF	L455	19115	[('Unnamed: 0-SUMMARYCustomAlgos.tsv_max.txt', 26.628626599693476), ('Unnamed: 0-SUMMARYCustomAlgos.tsv_mean.txt', 25.495548091168722), ('Unnamed: 0-SUMMARYCustomAlgos.tsv_min.txt', 24.36428144269069), ('Unnamed: 0-SUMMARYCustomAlgos.tsv_q10.txt', 19.690093810571895), ('Unnamed: 0-SUMMARYCustomAlgos.tsv_median.txt', 17.028471020379584)]
L455	16052023--s--Lm--st--L455--p--G06--pos--1--tm--0--ch--BF	L455	L394	[('Unnamed: 0-SUMMARYCustomAlgos.tsv_min.txt', 67.8706191903771), ('Unnamed: 0-SUMMARYCustomAlgos.tsv_max.txt', 42.0422740527131), ('Unnamed: 0-SUMMARYCustomAlgos.tsv_mean.txt', 11.371106016873664), ('Unnamed: 0-SUMMARYCustomAlgos.tsv_q10.txt', 6.330947375651697), ('Unnamed: 0-SUMMARYCustomAlgos.tsv_median.txt', 5.772808641450594)]
L455	16052023--s--Lm--st--L455--p--G06--pos--2--tm--0--ch--BF	L455	19115	[('Unnamed: 0-SUMMARYCustomAlgos.tsv_q10.txt', 39.099765386391596), ('Unnamed: 0-SUMMARYCustomAlgos.tsv_mean.txt', 32.53530433217687), ('Unnamed: 0-SUMMARYCustomAlgos.tsv_max.txt', 32.11107576316937), ('Unnamed: 0-SUMMARYCustomAlgos.tsv_min.txt', 27.35996404633396), ('Unnamed: 0-SUMMARYCustomAlgos.tsv_median.txt', 17.354858329564994)]
L455	16052023--s--Lm--st--L455--p--G06--pos--3--tm--0--ch--BF	L455	L394	[('Unnamed: 0-SUMMARYCustomAlgos.tsv_min.txt', 68.3888405922177), ('Unnamed: 0-SUMMARYCustomAlgos.tsv_max.txt', 51.48242637019507), ('Unnamed: 0-SUMMARYCustomAlgos.tsv_mean.txt', 16.06859121638591), ('Unnamed: 0-SUMMARYCustomAlgos.tsv_q10.txt', 9.409136610097415), ('Unnamed: 0-SUMMARYCustomAlgos.tsv_median.txt', 6.604830056911158)]
L455	16052023--s--Lm--st--L455--p--G07--pos--1--tm--0--ch--BF	L455	L628	[('Unnamed: 0-SUMMARYCustomAlgos.tsv_min.txt', 62.13600737155183), ('Unnamed: 0-SUMMARYCustomAlgos.tsv_q10.txt', 54.55014683019709), ('Unnamed: 0-SUMMARYCustomAlgos.tsv_max.txt', 47.81631370958406), ('Unnamed: 0-SUMMARYCustomAlgos.tsv_median.txt', 21.431651880901253), ('Unnamed: 0-SUMMARYCustomAlgos.tsv_mean.txt', 14.915546361410119)]
L455	16052023--s--Lm--st--L455--p--G07--pos--2--tm--0--ch--BF	L455	L634	[('Unnamed: 0-SUMMARYCustomAlgos.tsv_max.txt', 28.583689373862796), ('Unnamed: 0-SUMMARYCustomAlgos.tsv_min.txt', 24.147499770178758), ('Unnamed: 0-SUMMARYCustomAlgos.tsv_mean.txt', 18.455040991732808), ('Unnamed: 0-SUMMARYCustomAlgos.tsv_q10.txt', 15.664253937157879), ('Unnamed: 0-SUMMARYCustomAlgos.tsv_median.txt', 14.069379077482576)]
L455	16052023--s--Lm--st--L455--p--G07--pos--3--tm--0--ch--BF	L455	L394	[('Unnamed: 0-SUMMARYCustomAlgos.tsv_min.txt', 68.3888405922177), ('Unnamed: 0-SUMMARYCustomAlgos.tsv_max.txt', 51.772649778619865), ('Unnamed: 0-SUMMARYCustomAlgos.tsv_mean.txt', 11.371106016873664), ('Unnamed: 0-SUMMARYCustomAlgos.tsv_median.txt', 5.784723420147824), ('Unnamed: 0-SUMMARYCustomAlgos.tsv_q10.txt', 5.67901762006502)]
L455	16052023--s--Lm--st--L455--p--G08--pos--1--tm--0--ch--BF	L455	L634	[('Unnamed: 0-SUMMARYCustomAlgos.tsv_mean.txt', 28.567520577768455), ('Unnamed: 0-SUMMARYCustomAlgos.tsv_max.txt', 24.569457052876803), ('Unnamed: 0-SUMMARYCustomAlgos.tsv_min.txt', 20.437814971245377), ('Unnamed: 0-SUMMARYCustomAlgos.tsv_q10.txt', 14.893296700467346), ('Unnamed: 0-SUMMARYCustomAlgos.tsv_median.txt', 14.27589389188972)]
L455	16052023--s--Lm--st--L455--p--G08--pos--2--tm--0--ch--BF	L455	19115	[('Unnamed: 0-SUMMARYCustomAlgos.tsv_min.txt', 57.096368861625386), ('Unnamed: 0-SUMMARYCustomAlgos.tsv_max.txt', 52.52020563774316), ('Unnamed: 0-SUMMARYCustomAlgos.tsv_mean.txt', 13.32431440864502), ('Unnamed: 0-SUMMARYCustomAlgos.tsv_q10.txt', 7.736705111080833), ('Unnamed: 0-SUMMARYCustomAlgos.tsv_median.txt', 5.7188671338893124)]
L455	16052023--s--Lm--st--L455--p--G08--pos--3--tm--0--ch--BF	L455	L394	[('Unnamed: 0-SUMMARYCustomAlgos.tsv_min.txt', 68.3888405922177), ('Unnamed: 0-SUMMARYCustomAlgos.tsv_max.txt', 51.29752207608912), ('Unnamed: 0-SUMMARYCustomAlgos.tsv_mean.txt', 16.06859121638591), ('Unnamed: 0-SUMMARYCustomAlgos.tsv_q10.txt', 9.401436318903972), ('Unnamed: 0-SUMMARYCustomAlgos.tsv_median.txt', 6.604830056911158)]
L394	18042023--s--Lm--st--L394--p--C03--pos--1--tm--0--ch--BF	L394	L634	[('Unnamed: 0-SUMMARYCustomAlgos.tsv_min.txt', 337.31974674120386), ('Unnamed: 0-SUMMARYCustomAlgos.tsv_median.txt', 66.82667119270046), ('Unnamed: 0-SUMMARYCustomAlgos.tsv_mean.txt', 25.528275593923304), ('Unnamed: 0-SUMMARYCustomAlgos.tsv_q10.txt', 19.761622856447005), ('Unnamed: 0-SUMMARYCustomAlgos.tsv_max.txt', 16.764313435923178)]
L394	18042023--s--Lm--st--L394--p--C03--pos--2--tm--0--ch--BF	L394	L634	[('Unnamed: 0-SUMMARYCustomAlgos.tsv_min.txt', 73.82913366081864), ('Unnamed: 0-SUMMARYCustomAlgos.tsv_median.txt', 22.847519907999725), ('Unnamed: 0-SUMMARYCustomAlgos.tsv_mean.txt', 17.600562306885372), ('Unnamed: 0-SUMMARYCustomAlgos.tsv_max.txt', 16.203063683914163), ('Unnamed: 0-SUMMARYCustomAlgos.tsv_q10.txt', 15.900634572166028)]
L394	18042023--s--Lm--st--L394--p--C03--pos--3--tm--0--ch--BF	L394	L1764	[('Unnamed: 0-SUMMARYCustomAlgos.tsv_min.txt', 99.2709009790696), ('Unnamed: 0-SUMMARYCustomAlgos.tsv_median.txt', 26.694342247968233), ('Unnamed: 0-SUMMARYCustomAlgos.tsv_max.txt', 20.68149755164587), ('Unnamed: 0-SUMMARYCustomAlgos.tsv_q10.txt', 20.201507082562067), ('Unnamed: 0-SUMMARYCustomAlgos.tsv_mean.txt', 19.42457315201229)]
L394	18042023--s--Lm--st--L394--p--C04--pos--1--tm--0--ch--BF	L394	L1764	[('Unnamed: 0-SUMMARYCustomAlgos.tsv_min.txt', 116.07905614473728), ('Unnamed: 0-SUMMARYCustomAlgos.tsv_median.txt', 52.149461423914296), ('Unnamed: 0-SUMMARYCustomAlgos.tsv_mean.txt', 33.25712680001626), ('Unnamed: 0-SUMMARYCustomAlgos.tsv_max.txt', 24.462318970605647), ('Unnamed: 0-SUMMARYCustomAlgos.tsv_q10.txt', 13.797357711624976)]
L394	18042023--s--Lm--st--L394--p--C04--pos--2--tm--0--ch--BF	L394	L634	[('Unnamed: 0-SUMMARYCustomAlgos.tsv_min.txt', 54.582887883919135), ('Unnamed: 0-SUMMARYCustomAlgos.tsv_median.txt', 30.63739593109808), ('Unnamed: 0-SUMMARYCustomAlgos.tsv_max.txt', 18.970218031051573), ('Unnamed: 0-SUMMARYCustomAlgos.tsv_mean.txt', 18.66369433485737), ('Unnamed: 0-SUMMARYCustomAlgos.tsv_q10.txt', 17.74332679856086)]
L394	18042023--s--Lm--st--L394--p--C04--pos--3--tm--0--ch--BF	L394	L1823	[('Unnamed: 0-SUMMARYCustomAlgos.tsv_min.txt', 65.74407296246444), ('Unnamed: 0-SUMMARYCustomAlgos.tsv_max.txt', 26.2524716539501), ('Unnamed: 0-SUMMARYCustomAlgos.tsv_mean.txt', 13.922587005871222), ('Unnamed: 0-SUMMARYCustomAlgos.tsv_q10.txt', 13.252921261729025), ('Unnamed: 0-SUMMARYCustomAlgos.tsv_median.txt', 10.291326976581713)]
L394	18042023--s--Lm--st--L394--p--C05--pos--1--tm--0--ch--BF	L394	L1823	[('Unnamed: 0-SUMMARYCustomAlgos.tsv_min.txt', 248.19183811797802), ('Unnamed: 0-SUMMARYCustomAlgos.tsv_median.txt', 102.70806519563504), ('Unnamed: 0-SUMMARYCustomAlgos.tsv_max.txt', 75.84124238361537), ('Unnamed: 0-SUMMARYCustomAlgos.tsv_mean.txt', 4.399355109454172), ('Unnamed: 0-SUMMARYCustomAlgos.tsv_q10.txt', 2.0830108527911375)]
L394	18042023--s--Lm--st--L394--p--C05--pos--2--tm--0--ch--BF	L394	L1323	[('Unnamed: 0-SUMMARYCustomAlgos.tsv_min.txt', 72.74221853905843), ('Unnamed: 0-SUMMARYCustomAlgos.tsv_max.txt', 27.655616962027025), ('Unnamed: 0-SUMMARYCustomAlgos.tsv_mean.txt', 14.501027251795772), ('Unnamed: 0-SUMMARYCustomAlgos.tsv_q10.txt', 13.862050868046737), ('Unnamed: 0-SUMMARYCustomAlgos.tsv_median.txt', 12.230780000963671)]
L394	18042023--s--Lm--st--L394--p--C05--pos--3--tm--0--ch--BF	L394	L1823	[('Unnamed: 0-SUMMARYCustomAlgos.tsv_min.txt', 119.56900217121893), ('Unnamed: 0-SUMMARYCustomAlgos.tsv_mean.txt', 15.241977161982879), ('Unnamed: 0-SUMMARYCustomAlgos.tsv_max.txt', 15.115595595023544), ('Unnamed: 0-SUMMARYCustomAlgos.tsv_median.txt', 14.393859573295625), ('Unnamed: 0-SUMMARYCustomAlgos.tsv_q10.txt', 9.835800431366254)]
L394	18042023--s--Lm--st--L394--p--C06--pos--1--tm--0--ch--BF	L394	19115	[('Unnamed: 0-SUMMARYCustomAlgos.tsv_min.txt', 59.800998829591705), ('Unnamed: 0-SUMMARYCustomAlgos.tsv_median.txt', 50.2809145606309), ('Unnamed: 0-SUMMARYCustomAlgos.tsv_max.txt', 35.633686620061596), ('Unnamed: 0-SUMMARYCustomAlgos.tsv_mean.txt', 28.478097842304386), ('Unnamed: 0-SUMMARYCustomAlgos.tsv_q10.txt', 6.99700095917829)]
L394	18042023--s--Lm--st--L394--p--C06--pos--2--tm--0--ch--BF	L394	L1764	[('Unnamed: 0-SUMMARYCustomAlgos.tsv_min.txt', 39.02599359872579), ('Unnamed: 0-SUMMARYCustomAlgos.tsv_max.txt', 27.27930868241848), ('Unnamed: 0-SUMMARYCustomAlgos.tsv_mean.txt', 21.16833716070331), ('Unnamed: 0-SUMMARYCustomAlgos.tsv_q10.txt', 17.834972561823314), ('Unnamed: 0-SUMMARYCustomAlgos.tsv_median.txt', 14.57690255305003)]
L394	18042023--s--Lm--st--L394--p--C06--pos--3--tm--0--ch--BF	L394	L1323	[('Unnamed: 0-SUMMARYCustomAlgos.tsv_min.txt', 190.234138563872), ('Unnamed: 0-SUMMARYCustomAlgos.tsv_mean.txt', 22.18756527306897), ('Unnamed: 0-SUMMARYCustomAlgos.tsv_median.txt', 17.7432195431667), ('Unnamed: 0-SUMMARYCustomAlgos.tsv_max.txt', 17.619345599828957), ('Unnamed: 0-SUMMARYCustomAlgos.tsv_q10.txt', 9.766832511565271)]
L394	18042023--s--Lm--st--L394--p--C08--pos--1--tm--0--ch--BF	L394	19115	[('Unnamed: 0-SUMMARYCustomAlgos.tsv_min.txt', 182.65872016043608), ('Unnamed: 0-SUMMARYCustomAlgos.tsv_median.txt', 47.062318406827046), ('Unnamed: 0-SUMMARYCustomAlgos.tsv_q10.txt', 21.518066380444434), ('Unnamed: 0-SUMMARYCustomAlgos.tsv_max.txt', 18.816066677714915), ('Unnamed: 0-SUMMARYCustomAlgos.tsv_mean.txt', 16.91365202612211)]
L394	18042023--s--Lm--st--L394--p--C08--pos--2--tm--0--ch--BF	L394	L1764	[('Unnamed: 0-SUMMARYCustomAlgos.tsv_min.txt', 49.66438229411277), ('Unnamed: 0-SUMMARYCustomAlgos.tsv_max.txt', 26.698816099936938), ('Unnamed: 0-SUMMARYCustomAlgos.tsv_q10.txt', 21.764276360229342), ('Unnamed: 0-SUMMARYCustomAlgos.tsv_mean.txt', 21.43427792156257), ('Unnamed: 0-SUMMARYCustomAlgos.tsv_median.txt', 13.260712230339013)]
L394	18042023--s--Lm--st--L394--p--C08--pos--3--tm--0--ch--BF	L394	L1823	[('Unnamed: 0-SUMMARYCustomAlgos.tsv_min.txt', 37.57241027092238), ('Unnamed: 0-SUMMARYCustomAlgos.tsv_max.txt', 24.1858559820845), ('Unnamed: 0-SUMMARYCustomAlgos.tsv_mean.txt', 20.493215696823803), ('Unnamed: 0-SUMMARYCustomAlgos.tsv_q10.txt', 20.09671109987775), ('Unnamed: 0-SUMMARYCustomAlgos.tsv_median.txt', 13.028865930316794)]
L394	18042023--s--Lm--st--L394--p--D04--pos--1--tm--0--ch--BF	L394	L1764	[('Unnamed: 0-SUMMARYCustomAlgos.tsv_max.txt', 42.90046371188633), ('Unnamed: 0-SUMMARYCustomAlgos.tsv_min.txt', 38.63175920473207), ('Unnamed: 0-SUMMARYCustomAlgos.tsv_mean.txt', 21.38969797340129), ('Unnamed: 0-SUMMARYCustomAlgos.tsv_q10.txt', 17.649557378292766), ('Unnamed: 0-SUMMARYCustomAlgos.tsv_median.txt', 14.466386397820862)]
L394	18042023--s--Lm--st--L394--p--D04--pos--2--tm--0--ch--BF	L394	L634	[('Unnamed: 0-SUMMARYCustomAlgos.tsv_min.txt', 123.5561135141187), ('Unnamed: 0-SUMMARYCustomAlgos.tsv_median.txt', 71.1473878413604), ('Unnamed: 0-SUMMARYCustomAlgos.tsv_max.txt', 49.12687161408122), ('Unnamed: 0-SUMMARYCustomAlgos.tsv_mean.txt', 33.63665369144264), ('Unnamed: 0-SUMMARYCustomAlgos.tsv_q10.txt', 2.3412203594281595)]
L394	18042023--s--Lm--st--L394--p--D04--pos--3--tm--0--ch--BF	L394	19115	[('Unnamed: 0-SUMMARYCustomAlgos.tsv_min.txt', 100.11301792754227), ('Unnamed: 0-SUMMARYCustomAlgos.tsv_median.txt', 24.923617780961), ('Unnamed: 0-SUMMARYCustomAlgos.tsv_max.txt', 18.656905853953756), ('Unnamed: 0-SUMMARYCustomAlgos.tsv_mean.txt', 18.62630077709712), ('Unnamed: 0-SUMMARYCustomAlgos.tsv_q10.txt', 16.530552823612968)]
L394	18042023--s--Lm--st--L394--p--D05--pos--1--tm--0--ch--BF	L394	L634	[('Unnamed: 0-SUMMARYCustomAlgos.tsv_min.txt', 49.20276250920221), ('Unnamed: 0-SUMMARYCustomAlgos.tsv_median.txt', 30.55255255702806), ('Unnamed: 0-SUMMARYCustomAlgos.tsv_max.txt', 20.088013374635793), ('Unnamed: 0-SUMMARYCustomAlgos.tsv_mean.txt', 19.32755366236604), ('Unnamed: 0-SUMMARYCustomAlgos.tsv_q10.txt', 18.098362393969644)]
L394	18042023--s--Lm--st--L394--p--D05--pos--2--tm--0--ch--BF	L394	L1823	[('Unnamed: 0-SUMMARYCustomAlgos.tsv_min.txt', 99.2976428023337), ('Unnamed: 0-SUMMARYCustomAlgos.tsv_max.txt', 14.057133333064433), ('Unnamed: 0-SUMMARYCustomAlgos.tsv_median.txt', 13.871555405770625), ('Unnamed: 0-SUMMARYCustomAlgos.tsv_mean.txt', 12.868883488821242), ('Unnamed: 0-SUMMARYCustomAlgos.tsv_q10.txt', 9.378134479993278)]
L394	18042023--s--Lm--st--L394--p--D05--pos--3--tm--0--ch--BF	L394	L1764	[('Unnamed: 0-SUMMARYCustomAlgos.tsv_min.txt', 75.00438602805733), ('Unnamed: 0-SUMMARYCustomAlgos.tsv_median.txt', 31.792725912483927), ('Unnamed: 0-SUMMARYCustomAlgos.tsv_mean.txt', 17.96271262894109), ('Unnamed: 0-SUMMARYCustomAlgos.tsv_max.txt', 17.139618593634182), ('Unnamed: 0-SUMMARYCustomAlgos.tsv_q10.txt', 14.728323511223184)]
L394	18042023--s--Lm--st--L394--p--D06--pos--1--tm--0--ch--BF	L394	L634	[('Unnamed: 0-SUMMARYCustomAlgos.tsv_min.txt', 49.37938172544208), ('Unnamed: 0-SUMMARYCustomAlgos.tsv_median.txt', 36.55901281013654), ('Unnamed: 0-SUMMARYCustomAlgos.tsv_max.txt', 22.453700062518447), ('Unnamed: 0-SUMMARYCustomAlgos.tsv_q10.txt', 21.852256174328172), ('Unnamed: 0-SUMMARYCustomAlgos.tsv_mean.txt', 19.045520147242655)]
L394	18042023--s--Lm--st--L394--p--D06--pos--2--tm--0--ch--BF	L394	L634	[('Unnamed: 0-SUMMARYCustomAlgos.tsv_min.txt', 130.4452822396685), ('Unnamed: 0-SUMMARYCustomAlgos.tsv_median.txt', 55.155797995459274), ('Unnamed: 0-SUMMARYCustomAlgos.tsv_q10.txt', 19.640639167909196), ('Unnamed: 0-SUMMARYCustomAlgos.tsv_max.txt', 17.306933545760394), ('Unnamed: 0-SUMMARYCustomAlgos.tsv_mean.txt', 16.93658105723282)]
L394	18042023--s--Lm--st--L394--p--D06--pos--3--tm--0--ch--BF	L394	L634	[('Unnamed: 0-SUMMARYCustomAlgos.tsv_min.txt', 112.44657043766212), ('Unnamed: 0-SUMMARYCustomAlgos.tsv_median.txt', 54.49632383879975), ('Unnamed: 0-SUMMARYCustomAlgos.tsv_mean.txt', 26.49776197195993), ('Unnamed: 0-SUMMARYCustomAlgos.tsv_max.txt', 22.98486971064681), ('Unnamed: 0-SUMMARYCustomAlgos.tsv_q10.txt', 14.704561138034741)]
L394	18042023--s--Lm--st--L394--p--D08--pos--1--tm--0--ch--BF	L394	L1764	[('Unnamed: 0-SUMMARYCustomAlgos.tsv_min.txt', 39.85714984235952), ('Unnamed: 0-SUMMARYCustomAlgos.tsv_max.txt', 29.27258037781073), ('Unnamed: 0-SUMMARYCustomAlgos.tsv_mean.txt', 21.114157965169145), ('Unnamed: 0-SUMMARYCustomAlgos.tsv_q10.txt', 20.801311204686233), ('Unnamed: 0-SUMMARYCustomAlgos.tsv_median.txt', 13.93497906864029)]
L394	18042023--s--Lm--st--L394--p--D08--pos--2--tm--0--ch--BF	L394	L1323	[('Unnamed: 0-SUMMARYCustomAlgos.tsv_min.txt', 195.19009894809454), ('Unnamed: 0-SUMMARYCustomAlgos.tsv_max.txt', 23.857593298076285), ('Unnamed: 0-SUMMARYCustomAlgos.tsv_median.txt', 14.524775766418367), ('Unnamed: 0-SUMMARYCustomAlgos.tsv_mean.txt', 12.670059945550726), ('Unnamed: 0-SUMMARYCustomAlgos.tsv_q10.txt', 7.93862691727757)]
L394	18042023--s--Lm--st--L394--p--D08--pos--3--tm--0--ch--BF	L394	L1823	[('Unnamed: 0-SUMMARYCustomAlgos.tsv_min.txt', 37.57241027092238), ('Unnamed: 0-SUMMARYCustomAlgos.tsv_max.txt', 24.015391708506225), ('Unnamed: 0-SUMMARYCustomAlgos.tsv_mean.txt', 20.493215696823803), ('Unnamed: 0-SUMMARYCustomAlgos.tsv_q10.txt', 19.933212998536625), ('Unnamed: 0-SUMMARYCustomAlgos.tsv_median.txt', 12.924712696288516)]
L1323	18072023--s--Lm--st--L1323--p--B02--pos--1--tm--0--ch--BF	L1323	L1823	[('Unnamed: 0-SUMMARYCustomAlgos.tsv_max.txt', 113.84086304741848), ('Unnamed: 0-SUMMARYCustomAlgos.tsv_median.txt', 42.42229690156852), ('Unnamed: 0-SUMMARYCustomAlgos.tsv_q10.txt', 22.29163520144682), ('Unnamed: 0-SUMMARYCustomAlgos.tsv_mean.txt', 10.931948409935917), ('Unnamed: 0-SUMMARYCustomAlgos.tsv_min.txt', 10.755502357726472)]
L1323	18072023--s--Lm--st--L1323--p--B02--pos--2--tm--0--ch--BF	L1323	L1823	[('Unnamed: 0-SUMMARYCustomAlgos.tsv_max.txt', 113.3092784250294), ('Unnamed: 0-SUMMARYCustomAlgos.tsv_median.txt', 42.20633539254475), ('Unnamed: 0-SUMMARYCustomAlgos.tsv_q10.txt', 21.78682575292794), ('Unnamed: 0-SUMMARYCustomAlgos.tsv_mean.txt', 10.994855025937941), ('Unnamed: 0-SUMMARYCustomAlgos.tsv_min.txt', 10.772797434876328)]
L1323	18072023--s--Lm--st--L1323--p--B02--pos--3--tm--0--ch--BF	L1323	L1823	[('Unnamed: 0-SUMMARYCustomAlgos.tsv_max.txt', 113.84086304741848), ('Unnamed: 0-SUMMARYCustomAlgos.tsv_median.txt', 42.09285315651449), ('Unnamed: 0-SUMMARYCustomAlgos.tsv_q10.txt', 22.29163520144682), ('Unnamed: 0-SUMMARYCustomAlgos.tsv_min.txt', 10.847670480870642), ('Unnamed: 0-SUMMARYCustomAlgos.tsv_mean.txt', 10.764633042644254)]
L1323	18072023--s--Lm--st--L1323--p--B03--pos--1--tm--0--ch--BF	L1323	L1823	[('Unnamed: 0-SUMMARYCustomAlgos.tsv_max.txt', 38.58442689325979), ('Unnamed: 0-SUMMARYCustomAlgos.tsv_median.txt', 36.74421160820343), ('Unnamed: 0-SUMMARYCustomAlgos.tsv_q10.txt', 20.396830178920595), ('Unnamed: 0-SUMMARYCustomAlgos.tsv_mean.txt', 14.002988324254694), ('Unnamed: 0-SUMMARYCustomAlgos.tsv_min.txt', 12.009039317719303)]
L1323	18072023--s--Lm--st--L1323--p--B03--pos--2--tm--0--ch--BF	L1323	L1823	[('Unnamed: 0-SUMMARYCustomAlgos.tsv_median.txt', 36.244850237123245), ('Unnamed: 0-SUMMARYCustomAlgos.tsv_max.txt', 29.258686667534704), ('Unnamed: 0-SUMMARYCustomAlgos.tsv_q10.txt', 23.067466861090814), ('Unnamed: 0-SUMMARYCustomAlgos.tsv_mean.txt', 12.968065713049729), ('Unnamed: 0-SUMMARYCustomAlgos.tsv_min.txt', 11.716695855260255)]
L1323	18072023--s--Lm--st--L1323--p--B03--pos--3--tm--0--ch--BF	L1323	L1823	[('Unnamed: 0-SUMMARYCustomAlgos.tsv_max.txt', 114.08207126565608), ('Unnamed: 0-SUMMARYCustomAlgos.tsv_median.txt', 42.99784445009842), ('Unnamed: 0-SUMMARYCustomAlgos.tsv_q10.txt', 21.105470941286548), ('Unnamed: 0-SUMMARYCustomAlgos.tsv_min.txt', 10.743726295072701), ('Unnamed: 0-SUMMARYCustomAlgos.tsv_mean.txt', 10.68618345553292)]
L1323	18072023--s--Lm--st--L1323--p--B04--pos--1--tm--0--ch--BF	L1323	L1823	[('Unnamed: 0-SUMMARYCustomAlgos.tsv_max.txt', 91.18234637296668), ('Unnamed: 0-SUMMARYCustomAlgos.tsv_median.txt', 32.31501331041659), ('Unnamed: 0-SUMMARYCustomAlgos.tsv_min.txt', 20.274310255942073), ('Unnamed: 0-SUMMARYCustomAlgos.tsv_q10.txt', 14.040861133279867), ('Unnamed: 0-SUMMARYCustomAlgos.tsv_mean.txt', 10.83782756125157)]
L1323	18072023--s--Lm--st--L1323--p--B04--pos--2--tm--0--ch--BF	L1323	L628	[('Unnamed: 0-SUMMARYCustomAlgos.tsv_max.txt', 57.0615818635661), ('Unnamed: 0-SUMMARYCustomAlgos.tsv_median.txt', 30.81183938423949), ('Unnamed: 0-SUMMARYCustomAlgos.tsv_min.txt', 15.126994576368999), ('Unnamed: 0-SUMMARYCustomAlgos.tsv_mean.txt', 10.385030683481679), ('Unnamed: 0-SUMMARYCustomAlgos.tsv_q10.txt', 10.220648613239405)]
L1323	18072023--s--Lm--st--L1323--p--B04--pos--3--tm--0--ch--BF	L1323	L1823	[('Unnamed: 0-SUMMARYCustomAlgos.tsv_max.txt', 112.32697160841386), ('Unnamed: 0-SUMMARYCustomAlgos.tsv_median.txt', 41.84471330450579), ('Unnamed: 0-SUMMARYCustomAlgos.tsv_q10.txt', 20.80707477873046), ('Unnamed: 0-SUMMARYCustomAlgos.tsv_min.txt', 10.945367265313122), ('Unnamed: 0-SUMMARYCustomAlgos.tsv_mean.txt', 10.304991547612573)]
L1323	18072023--s--Lm--st--L1323--p--B05--pos--1--tm--0--ch--BF	L1323	19115	[('Unnamed: 0-SUMMARYCustomAlgos.tsv_max.txt', 77.55037538256207), ('Unnamed: 0-SUMMARYCustomAlgos.tsv_median.txt', 46.51842722125819), ('Unnamed: 0-SUMMARYCustomAlgos.tsv_min.txt', 29.53540683598873), ('Unnamed: 0-SUMMARYCustomAlgos.tsv_q10.txt', 18.72543457797071), ('Unnamed: 0-SUMMARYCustomAlgos.tsv_mean.txt', 11.89087170882208)]
L1323	18072023--s--Lm--st--L1323--p--B05--pos--2--tm--0--ch--BF	L1323	L1823	[('Unnamed: 0-SUMMARYCustomAlgos.tsv_max.txt', 112.32697160841386), ('Unnamed: 0-SUMMARYCustomAlgos.tsv_median.txt', 41.51526955945176), ('Unnamed: 0-SUMMARYCustomAlgos.tsv_q10.txt', 20.80707477873046), ('Unnamed: 0-SUMMARYCustomAlgos.tsv_min.txt', 10.945367265313122), ('Unnamed: 0-SUMMARYCustomAlgos.tsv_mean.txt', 10.137676180320907)]
L1323	18072023--s--Lm--st--L1323--p--B05--pos--3--tm--0--ch--BF	L1323	L1823	[('Unnamed: 0-SUMMARYCustomAlgos.tsv_max.txt', 89.2546234618652), ('Unnamed: 0-SUMMARYCustomAlgos.tsv_median.txt', 32.650321085379154), ('Unnamed: 0-SUMMARYCustomAlgos.tsv_min.txt', 19.52043362896826), ('Unnamed: 0-SUMMARYCustomAlgos.tsv_q10.txt', 11.097544023833098), ('Unnamed: 0-SUMMARYCustomAlgos.tsv_mean.txt', 9.117613082588619)]
L1323	18072023--s--Lm--st--L1323--p--B06--pos--1--tm--0--ch--BF	L1323	L1823	[('Unnamed: 0-SUMMARYCustomAlgos.tsv_median.txt', 40.085869969922896), ('Unnamed: 0-SUMMARYCustomAlgos.tsv_max.txt', 29.715926713733786), ('Unnamed: 0-SUMMARYCustomAlgos.tsv_q10.txt', 23.075430364311256), ('Unnamed: 0-SUMMARYCustomAlgos.tsv_min.txt', 12.358125207686486), ('Unnamed: 0-SUMMARYCustomAlgos.tsv_mean.txt', 12.184646154235205)]
L1323	18072023--s--Lm--st--L1323--p--B06--pos--2--tm--0--ch--BF	L1323	L1823	[('Unnamed: 0-SUMMARYCustomAlgos.tsv_max.txt', 126.31619831876851), ('Unnamed: 0-SUMMARYCustomAlgos.tsv_median.txt', 36.822192222849075), ('Unnamed: 0-SUMMARYCustomAlgos.tsv_min.txt', 22.03816593803303), ('Unnamed: 0-SUMMARYCustomAlgos.tsv_mean.txt', 8.543498729419694), ('Unnamed: 0-SUMMARYCustomAlgos.tsv_q10.txt', 8.201122825534668)]
L1323	18072023--s--Lm--st--L1323--p--B06--pos--3--tm--0--ch--BF	L1323	L1823	[('Unnamed: 0-SUMMARYCustomAlgos.tsv_max.txt', 114.08207126565608), ('Unnamed: 0-SUMMARYCustomAlgos.tsv_median.txt', 42.99784445009842), ('Unnamed: 0-SUMMARYCustomAlgos.tsv_q10.txt', 21.105470941286548), ('Unnamed: 0-SUMMARYCustomAlgos.tsv_min.txt', 10.743726295072701), ('Unnamed: 0-SUMMARYCustomAlgos.tsv_mean.txt', 10.616883455532918)]
L1323	18072023--s--Lm--st--L1323--p--B07--pos--2--tm--0--ch--BF	L1323	L1823	[('Unnamed: 0-SUMMARYCustomAlgos.tsv_median.txt', 36.244850237123245), ('Unnamed: 0-SUMMARYCustomAlgos.tsv_max.txt', 29.258686667534704), ('Unnamed: 0-SUMMARYCustomAlgos.tsv_q10.txt', 23.067466861090814), ('Unnamed: 0-SUMMARYCustomAlgos.tsv_mean.txt', 12.968065713049729), ('Unnamed: 0-SUMMARYCustomAlgos.tsv_min.txt', 11.716695855260255)]
L1323	18072023--s--Lm--st--L1323--p--B07--pos--3--tm--0--ch--BF	L1323	L1823	[('Unnamed: 0-SUMMARYCustomAlgos.tsv_median.txt', 36.404052426291855), ('Unnamed: 0-SUMMARYCustomAlgos.tsv_max.txt', 29.172522283187853), ('Unnamed: 0-SUMMARYCustomAlgos.tsv_q10.txt', 23.067466861090814), ('Unnamed: 0-SUMMARYCustomAlgos.tsv_mean.txt', 13.006225089453885), ('Unnamed: 0-SUMMARYCustomAlgos.tsv_min.txt', 11.716695855260255)]
L1323	18072023--s--Lm--st--L1323--p--B08--pos--1--tm--0--ch--BF	L1323	L394	[('Unnamed: 0-SUMMARYCustomAlgos.tsv_max.txt', 82.28536165868543), ('Unnamed: 0-SUMMARYCustomAlgos.tsv_median.txt', 42.68094034662329), ('Unnamed: 0-SUMMARYCustomAlgos.tsv_min.txt', 27.225470859081884), ('Unnamed: 0-SUMMARYCustomAlgos.tsv_mean.txt', 14.869851683405304), ('Unnamed: 0-SUMMARYCustomAlgos.tsv_q10.txt', 13.46209161287887)]
L1323	18072023--s--Lm--st--L1323--p--B08--pos--2--tm--0--ch--BF	L1323	L1823	[('Unnamed: 0-SUMMARYCustomAlgos.tsv_max.txt', 126.23766695830427), ('Unnamed: 0-SUMMARYCustomAlgos.tsv_median.txt', 36.83371990239524), ('Unnamed: 0-SUMMARYCustomAlgos.tsv_min.txt', 22.03816593803303), ('Unnamed: 0-SUMMARYCustomAlgos.tsv_mean.txt', 8.449156753131506), ('Unnamed: 0-SUMMARYCustomAlgos.tsv_q10.txt', 8.265075321320275)]
L1323	18072023--s--Lm--st--L1323--p--B08--pos--3--tm--0--ch--BF	L1323	L1823	[('Unnamed: 0-SUMMARYCustomAlgos.tsv_max.txt', 96.98765249831794), ('Unnamed: 0-SUMMARYCustomAlgos.tsv_median.txt', 34.18219604203018), ('Unnamed: 0-SUMMARYCustomAlgos.tsv_min.txt', 20.702241046734475), ('Unnamed: 0-SUMMARYCustomAlgos.tsv_q10.txt', 12.430735309592443), ('Unnamed: 0-SUMMARYCustomAlgos.tsv_mean.txt', 8.793019944674388)]
L1323	18072023--s--Lm--st--L1323--p--B09--pos--1--tm--0--ch--BF	L1323	L634	[('Unnamed: 0-SUMMARYCustomAlgos.tsv_max.txt', 61.096948269728266), ('Unnamed: 0-SUMMARYCustomAlgos.tsv_median.txt', 35.48225115542814), ('Unnamed: 0-SUMMARYCustomAlgos.tsv_min.txt', 21.69065524681436), ('Unnamed: 0-SUMMARYCustomAlgos.tsv_q10.txt', 14.970680217615145), ('Unnamed: 0-SUMMARYCustomAlgos.tsv_mean.txt', 14.235355175738908)]
L1323	18072023--s--Lm--st--L1323--p--B09--pos--2--tm--0--ch--BF	L1323	L1823	[('Unnamed: 0-SUMMARYCustomAlgos.tsv_max.txt', 126.31619831876851), ('Unnamed: 0-SUMMARYCustomAlgos.tsv_median.txt', 36.822192222849075), ('Unnamed: 0-SUMMARYCustomAlgos.tsv_min.txt', 22.03816593803303), ('Unnamed: 0-SUMMARYCustomAlgos.tsv_mean.txt', 8.543498729419694), ('Unnamed: 0-SUMMARYCustomAlgos.tsv_q10.txt', 8.201122825534668)]
L1323	18072023--s--Lm--st--L1323--p--B09--pos--3--tm--0--ch--BF	L1323	L1823	[('Unnamed: 0-SUMMARYCustomAlgos.tsv_max.txt', 126.31619831876851), ('Unnamed: 0-SUMMARYCustomAlgos.tsv_median.txt', 36.822192222849075), ('Unnamed: 0-SUMMARYCustomAlgos.tsv_min.txt', 22.03816593803303), ('Unnamed: 0-SUMMARYCustomAlgos.tsv_mean.txt', 8.543498729419694), ('Unnamed: 0-SUMMARYCustomAlgos.tsv_q10.txt', 8.201122825534668)]
L1323	18072023--s--Lm--st--L1323--p--B10--pos--1--tm--0--ch--BF	L1323	L1823	[('Unnamed: 0-SUMMARYCustomAlgos.tsv_max.txt', 54.193692127493634), ('Unnamed: 0-SUMMARYCustomAlgos.tsv_median.txt', 42.57671731428795), ('Unnamed: 0-SUMMARYCustomAlgos.tsv_min.txt', 26.124550846943016), ('Unnamed: 0-SUMMARYCustomAlgos.tsv_q10.txt', 15.058140246311297), ('Unnamed: 0-SUMMARYCustomAlgos.tsv_mean.txt', 14.288442108917277)]
L1323	18072023--s--Lm--st--L1323--p--B10--pos--2--tm--0--ch--BF	L1323	L634	[('Unnamed: 0-SUMMARYCustomAlgos.tsv_max.txt', 90.75021007524012), ('Unnamed: 0-SUMMARYCustomAlgos.tsv_median.txt', 32.442851400439636), ('Unnamed: 0-SUMMARYCustomAlgos.tsv_min.txt', 19.47190256533409), ('Unnamed: 0-SUMMARYCustomAlgos.tsv_q10.txt', 10.318861893915642), ('Unnamed: 0-SUMMARYCustomAlgos.tsv_mean.txt', 8.96565883344405)]
L1323	18072023--s--Lm--st--L1323--p--B10--pos--3--tm--0--ch--BF	L1323	L394	[('Unnamed: 0-SUMMARYCustomAlgos.tsv_max.txt', 105.29289602263235), ('Unnamed: 0-SUMMARYCustomAlgos.tsv_median.txt', 37.72350991100077), ('Unnamed: 0-SUMMARYCustomAlgos.tsv_q10.txt', 18.930379176166714), ('Unnamed: 0-SUMMARYCustomAlgos.tsv_mean.txt', 14.227028200527942), ('Unnamed: 0-SUMMARYCustomAlgos.tsv_min.txt', 14.128620448248325)]
L1323	18072023--s--Lm--st--L1323--p--B11--pos--1--tm--0--ch--BF	L1323	L394	[('Unnamed: 0-SUMMARYCustomAlgos.tsv_max.txt', 97.84188617287491), ('Unnamed: 0-SUMMARYCustomAlgos.tsv_median.txt', 33.975963741197326), ('Unnamed: 0-SUMMARYCustomAlgos.tsv_q10.txt', 18.64047132134743), ('Unnamed: 0-SUMMARYCustomAlgos.tsv_mean.txt', 13.073073142163596), ('Unnamed: 0-SUMMARYCustomAlgos.tsv_min.txt', 12.991661301956329)]
L1323	18072023--s--Lm--st--L1323--p--B11--pos--2--tm--0--ch--BF	L1323	L1823	[('Unnamed: 0-SUMMARYCustomAlgos.tsv_median.txt', 36.244850237123245), ('Unnamed: 0-SUMMARYCustomAlgos.tsv_max.txt', 29.258686667534704), ('Unnamed: 0-SUMMARYCustomAlgos.tsv_q10.txt', 23.067466861090814), ('Unnamed: 0-SUMMARYCustomAlgos.tsv_mean.txt', 12.898765713049729), ('Unnamed: 0-SUMMARYCustomAlgos.tsv_min.txt', 11.716695855260255)]
L1323	18072023--s--Lm--st--L1323--p--B11--pos--3--tm--0--ch--BF	L1323	L1823	[('Unnamed: 0-SUMMARYCustomAlgos.tsv_max.txt', 52.637779260055126), ('Unnamed: 0-SUMMARYCustomAlgos.tsv_median.txt', 39.80604778813224), ('Unnamed: 0-SUMMARYCustomAlgos.tsv_min.txt', 25.40088514936693), ('Unnamed: 0-SUMMARYCustomAlgos.tsv_q10.txt', 16.14834690662488), ('Unnamed: 0-SUMMARYCustomAlgos.tsv_mean.txt', 12.65738114140717)]
L1823	18072023--s--Lm--st--L1823--p--E03--pos--1--tm--0--ch--BF	L1823	L1323	[('Unnamed: 0-SUMMARYCustomAlgos.tsv_max.txt', 50.75649950768812), ('Unnamed: 0-SUMMARYCustomAlgos.tsv_q10.txt', 20.231534705741186), ('Unnamed: 0-SUMMARYCustomAlgos.tsv_min.txt', 17.810853767075663), ('Unnamed: 0-SUMMARYCustomAlgos.tsv_median.txt', 15.309468119565123), ('Unnamed: 0-SUMMARYCustomAlgos.tsv_mean.txt', 14.762236015517466)]
L1823	18072023--s--Lm--st--L1823--p--E03--pos--3--tm--0--ch--BF	L1823	L1323	[('Unnamed: 0-SUMMARYCustomAlgos.tsv_max.txt', 96.20416135624582), ('Unnamed: 0-SUMMARYCustomAlgos.tsv_min.txt', 33.470446556534895), ('Unnamed: 0-SUMMARYCustomAlgos.tsv_q10.txt', 23.33741187430926), ('Unnamed: 0-SUMMARYCustomAlgos.tsv_median.txt', 8.812535893030736), ('Unnamed: 0-SUMMARYCustomAlgos.tsv_mean.txt', 4.555520139095759)]
L1823	18072023--s--Lm--st--L1823--p--E04--pos--1--tm--0--ch--BF	L1823	L1323	[('Unnamed: 0-SUMMARYCustomAlgos.tsv_max.txt', 107.08316851263696), ('Unnamed: 0-SUMMARYCustomAlgos.tsv_min.txt', 39.89794497536385), ('Unnamed: 0-SUMMARYCustomAlgos.tsv_q10.txt', 31.940615649126237), ('Unnamed: 0-SUMMARYCustomAlgos.tsv_median.txt', 7.7458807130855565), ('Unnamed: 0-SUMMARYCustomAlgos.tsv_mean.txt', 4.354584606184705)]
L1823	18072023--s--Lm--st--L1823--p--E04--pos--2--tm--0--ch--BF	L1823	L1323	[('Unnamed: 0-SUMMARYCustomAlgos.tsv_max.txt', 235.28428749366), ('Unnamed: 0-SUMMARYCustomAlgos.tsv_median.txt', 33.025896366150704), ('Unnamed: 0-SUMMARYCustomAlgos.tsv_q10.txt', 16.943492231326587), ('Unnamed: 0-SUMMARYCustomAlgos.tsv_mean.txt', 14.666499452345032), ('Unnamed: 0-SUMMARYCustomAlgos.tsv_min.txt', 12.143276874365768)]
L1823	18072023--s--Lm--st--L1823--p--E04--pos--3--tm--0--ch--BF	L1823	L1323	[('Unnamed: 0-SUMMARYCustomAlgos.tsv_max.txt', 146.68850330343264), ('Unnamed: 0-SUMMARYCustomAlgos.tsv_median.txt', 38.93293119435777), ('Unnamed: 0-SUMMARYCustomAlgos.tsv_q10.txt', 21.433446313473336), ('Unnamed: 0-SUMMARYCustomAlgos.tsv_min.txt', 19.407912574191897), ('Unnamed: 0-SUMMARYCustomAlgos.tsv_mean.txt', 18.870276032308524)]
L1823	18072023--s--Lm--st--L1823--p--E05--pos--1--tm--0--ch--BF	L1823	L628	[('Unnamed: 0-SUMMARYCustomAlgos.tsv_max.txt', 94.23385683404946), ('Unnamed: 0-SUMMARYCustomAlgos.tsv_median.txt', 55.288131273236296), ('Unnamed: 0-SUMMARYCustomAlgos.tsv_mean.txt', 26.76107150743842), ('Unnamed: 0-SUMMARYCustomAlgos.tsv_min.txt', 23.405407861629726), ('Unnamed: 0-SUMMARYCustomAlgos.tsv_q10.txt', 15.19170787197841)]
L1823	18072023--s--Lm--st--L1823--p--E05--pos--2--tm--0--ch--BF	L1823	19115	[('Unnamed: 0-SUMMARYCustomAlgos.tsv_max.txt', 124.98316585909105), ('Unnamed: 0-SUMMARYCustomAlgos.tsv_median.txt', 43.98422942362698), ('Unnamed: 0-SUMMARYCustomAlgos.tsv_min.txt', 25.992280461682302), ('Unnamed: 0-SUMMARYCustomAlgos.tsv_mean.txt', 22.74199324539608), ('Unnamed: 0-SUMMARYCustomAlgos.tsv_q10.txt', 19.853500163898588)]
L1823	18072023--s--Lm--st--L1823--p--E05--pos--3--tm--0--ch--BF	L1823	L1323	[('Unnamed: 0-SUMMARYCustomAlgos.tsv_max.txt', 197.72209583019057), ('Unnamed: 0-SUMMARYCustomAlgos.tsv_median.txt', 30.362759863882516), ('Unnamed: 0-SUMMARYCustomAlgos.tsv_q10.txt', 17.32973837558986), ('Unnamed: 0-SUMMARYCustomAlgos.tsv_min.txt', 14.468944457151178), ('Unnamed: 0-SUMMARYCustomAlgos.tsv_mean.txt', 13.878221684621295)]
L1823	18072023--s--Lm--st--L1823--p--E06--pos--1--tm--0--ch--BF	L1823	L1323	[('Unnamed: 0-SUMMARYCustomAlgos.tsv_max.txt', 112.99392810612974), ('Unnamed: 0-SUMMARYCustomAlgos.tsv_min.txt', 38.09383046895593), ('Unnamed: 0-SUMMARYCustomAlgos.tsv_q10.txt', 26.62997251779334), ('Unnamed: 0-SUMMARYCustomAlgos.tsv_median.txt', 8.022851431630068), ('Unnamed: 0-SUMMARYCustomAlgos.tsv_mean.txt', 4.066904109937134)]
L1823	18072023--s--Lm--st--L1823--p--E06--pos--2--tm--0--ch--BF	L1823	19115	[('Unnamed: 0-SUMMARYCustomAlgos.tsv_max.txt', 102.70146825933168), ('Unnamed: 0-SUMMARYCustomAlgos.tsv_median.txt', 48.912846263436975), ('Unnamed: 0-SUMMARYCustomAlgos.tsv_min.txt', 27.29192667450343), ('Unnamed: 0-SUMMARYCustomAlgos.tsv_mean.txt', 23.631650353969405), ('Unnamed: 0-SUMMARYCustomAlgos.tsv_q10.txt', 23.599314415260253)]
L1823	18072023--s--Lm--st--L1823--p--E06--pos--3--tm--0--ch--BF	L1823	L1323	[('Unnamed: 0-SUMMARYCustomAlgos.tsv_max.txt', 107.68259164833373), ('Unnamed: 0-SUMMARYCustomAlgos.tsv_min.txt', 40.888064617316836), ('Unnamed: 0-SUMMARYCustomAlgos.tsv_q10.txt', 32.938989259754955), ('Unnamed: 0-SUMMARYCustomAlgos.tsv_median.txt', 6.744108809622089), ('Unnamed: 0-SUMMARYCustomAlgos.tsv_mean.txt', 3.978880818738299)]
L1823	18072023--s--Lm--st--L1823--p--E08--pos--1--tm--0--ch--BF	L1823	L1323	[('Unnamed: 0-SUMMARYCustomAlgos.tsv_max.txt', 107.08316851263696), ('Unnamed: 0-SUMMARYCustomAlgos.tsv_min.txt', 39.89794497536385), ('Unnamed: 0-SUMMARYCustomAlgos.tsv_q10.txt', 31.940615649126237), ('Unnamed: 0-SUMMARYCustomAlgos.tsv_median.txt', 7.7458807130855565), ('Unnamed: 0-SUMMARYCustomAlgos.tsv_mean.txt', 4.354584606184705)]
L1823	18072023--s--Lm--st--L1823--p--E08--pos--2--tm--0--ch--BF	L1823	L1323	[('Unnamed: 0-SUMMARYCustomAlgos.tsv_max.txt', 112.99392810612974), ('Unnamed: 0-SUMMARYCustomAlgos.tsv_min.txt', 38.09383046895593), ('Unnamed: 0-SUMMARYCustomAlgos.tsv_q10.txt', 26.62997251779334), ('Unnamed: 0-SUMMARYCustomAlgos.tsv_median.txt', 8.022851431630068), ('Unnamed: 0-SUMMARYCustomAlgos.tsv_mean.txt', 4.066904109937134)]
L1823	18072023--s--Lm--st--L1823--p--E08--pos--3--tm--0--ch--BF	L1823	L1323	[('Unnamed: 0-SUMMARYCustomAlgos.tsv_max.txt', 217.1561198874216), ('Unnamed: 0-SUMMARYCustomAlgos.tsv_median.txt', 36.056406080900956), ('Unnamed: 0-SUMMARYCustomAlgos.tsv_mean.txt', 14.88511656827203), ('Unnamed: 0-SUMMARYCustomAlgos.tsv_q10.txt', 13.615648428672088), ('Unnamed: 0-SUMMARYCustomAlgos.tsv_min.txt', 12.84348246751414)]
L1823	18072023--s--Lm--st--L1823--p--E09--pos--1--tm--0--ch--BF	L1823	L394	[('Unnamed: 0-SUMMARYCustomAlgos.tsv_max.txt', 222.86017552075256), ('Unnamed: 0-SUMMARYCustomAlgos.tsv_median.txt', 48.28407855367781), ('Unnamed: 0-SUMMARYCustomAlgos.tsv_min.txt', 26.253244868679495), ('Unnamed: 0-SUMMARYCustomAlgos.tsv_mean.txt', 15.380734682512019), ('Unnamed: 0-SUMMARYCustomAlgos.tsv_q10.txt', 15.086239546886198)]
L1823	18072023--s--Lm--st--L1823--p--E09--pos--2--tm--0--ch--BF	L1823	L1323	[('Unnamed: 0-SUMMARYCustomAlgos.tsv_max.txt', 112.99392810612974), ('Unnamed: 0-SUMMARYCustomAlgos.tsv_min.txt', 38.09383046895593), ('Unnamed: 0-SUMMARYCustomAlgos.tsv_q10.txt', 26.62997251779334), ('Unnamed: 0-SUMMARYCustomAlgos.tsv_median.txt', 8.022851431630068), ('Unnamed: 0-SUMMARYCustomAlgos.tsv_mean.txt', 4.066904109937134)]
L1823	18072023--s--Lm--st--L1823--p--E09--pos--3--tm--0--ch--BF	L1823	19115	[('Unnamed: 0-SUMMARYCustomAlgos.tsv_max.txt', 109.04432811272137), ('Unnamed: 0-SUMMARYCustomAlgos.tsv_median.txt', 47.2019417301417), ('Unnamed: 0-SUMMARYCustomAlgos.tsv_min.txt', 25.59131079400724), ('Unnamed: 0-SUMMARYCustomAlgos.tsv_mean.txt', 24.360658752630684), ('Unnamed: 0-SUMMARYCustomAlgos.tsv_q10.txt', 21.7158196522889)]
L1823	18072023--s--Lm--st--L1823--p--E10--pos--1--tm--0--ch--BF	L1823	L1323	[('Unnamed: 0-SUMMARYCustomAlgos.tsv_max.txt', 217.3810646780858), ('Unnamed: 0-SUMMARYCustomAlgos.tsv_median.txt', 34.84679410557008), ('Unnamed: 0-SUMMARYCustomAlgos.tsv_mean.txt', 15.133029594709535), ('Unnamed: 0-SUMMARYCustomAlgos.tsv_q10.txt', 13.274483815858572), ('Unnamed: 0-SUMMARYCustomAlgos.tsv_min.txt', 12.802343824678836)]
L1823	18072023--s--Lm--st--L1823--p--E10--pos--2--tm--0--ch--BF	L1823	L1323	[('Unnamed: 0-SUMMARYCustomAlgos.tsv_max.txt', 112.99392810612974), ('Unnamed: 0-SUMMARYCustomAlgos.tsv_min.txt', 38.09383046895593), ('Unnamed: 0-SUMMARYCustomAlgos.tsv_q10.txt', 26.62997251779334), ('Unnamed: 0-SUMMARYCustomAlgos.tsv_median.txt', 8.022851431630068), ('Unnamed: 0-SUMMARYCustomAlgos.tsv_mean.txt', 4.066904109937134)]
L1823	18072023--s--Lm--st--L1823--p--E10--pos--3--tm--0--ch--BF	L1823	19115	[('Unnamed: 0-SUMMARYCustomAlgos.tsv_max.txt', 102.93177379831124), ('Unnamed: 0-SUMMARYCustomAlgos.tsv_median.txt', 49.0141404399435), ('Unnamed: 0-SUMMARYCustomAlgos.tsv_min.txt', 26.989143018326295), ('Unnamed: 0-SUMMARYCustomAlgos.tsv_mean.txt', 23.67283944023231), ('Unnamed: 0-SUMMARYCustomAlgos.tsv_q10.txt', 23.637936893091812)]
L1823	18072023--s--Lm--st--L1823--p--E11--pos--1--tm--0--ch--BF	L1823	L1323	[('Unnamed: 0-SUMMARYCustomAlgos.tsv_max.txt', 112.99392810612974), ('Unnamed: 0-SUMMARYCustomAlgos.tsv_min.txt', 38.09383046895593), ('Unnamed: 0-SUMMARYCustomAlgos.tsv_q10.txt', 26.62997251779334), ('Unnamed: 0-SUMMARYCustomAlgos.tsv_median.txt', 8.022851431630068), ('Unnamed: 0-SUMMARYCustomAlgos.tsv_mean.txt', 4.066904109937134)]
L1823	18072023--s--Lm--st--L1823--p--E11--pos--2--tm--0--ch--BF	L1823	L394	[('Unnamed: 0-SUMMARYCustomAlgos.tsv_max.txt', 218.48105575366236), ('Unnamed: 0-SUMMARYCustomAlgos.tsv_median.txt', 32.051203206453096), ('Unnamed: 0-SUMMARYCustomAlgos.tsv_q10.txt', 19.960004779462572), ('Unnamed: 0-SUMMARYCustomAlgos.tsv_mean.txt', 14.424639590710994), ('Unnamed: 0-SUMMARYCustomAlgos.tsv_min.txt', 13.747672793336035)]
L1823	18072023--s--Lm--st--L1823--p--E11--pos--3--tm--0--ch--BF	L1823	L1323	[('Unnamed: 0-SUMMARYCustomAlgos.tsv_max.txt', 96.30390478240098), ('Unnamed: 0-SUMMARYCustomAlgos.tsv_q10.txt', 26.774333377097804), ('Unnamed: 0-SUMMARYCustomAlgos.tsv_min.txt', 22.93914871000086), ('Unnamed: 0-SUMMARYCustomAlgos.tsv_median.txt', 10.774491240154227), ('Unnamed: 0-SUMMARYCustomAlgos.tsv_mean.txt', 3.5754585780540875)]
L1823	18072023--s--Lm--st--L1823--p--F03--pos--1--tm--0--ch--BF	L1823	L1323	[('Unnamed: 0-SUMMARYCustomAlgos.tsv_max.txt', 95.75805134421559), ('Unnamed: 0-SUMMARYCustomAlgos.tsv_q10.txt', 26.99363546139602), ('Unnamed: 0-SUMMARYCustomAlgos.tsv_min.txt', 22.70945629963776), ('Unnamed: 0-SUMMARYCustomAlgos.tsv_median.txt', 10.932422020259665), ('Unnamed: 0-SUMMARYCustomAlgos.tsv_mean.txt', 3.763248030220397)]
L1823	18072023--s--Lm--st--L1823--p--F03--pos--2--tm--0--ch--BF	L1823	L1323	[('Unnamed: 0-SUMMARYCustomAlgos.tsv_max.txt', 142.05591143190168), ('Unnamed: 0-SUMMARYCustomAlgos.tsv_median.txt', 35.961579127673), ('Unnamed: 0-SUMMARYCustomAlgos.tsv_q10.txt', 21.431012356188383), ('Unnamed: 0-SUMMARYCustomAlgos.tsv_min.txt', 19.754346831532487), ('Unnamed: 0-SUMMARYCustomAlgos.tsv_mean.txt', 18.842530232951884)]
L1823	18072023--s--Lm--st--L1823--p--F03--pos--3--tm--0--ch--BF	L1823	L1323	[('Unnamed: 0-SUMMARYCustomAlgos.tsv_max.txt', 107.08316851263696), ('Unnamed: 0-SUMMARYCustomAlgos.tsv_min.txt', 40.195967047977994), ('Unnamed: 0-SUMMARYCustomAlgos.tsv_q10.txt', 32.12508272543044), ('Unnamed: 0-SUMMARYCustomAlgos.tsv_median.txt', 7.503486503745539), ('Unnamed: 0-SUMMARYCustomAlgos.tsv_mean.txt', 4.481169702254691)]
19115	23052023--s--Lm--st--19115--p--F03--pos--1--tm--0--ch--BF	19115	L1764	[('Unnamed: 0-SUMMARYCustomAlgos.tsv_median.txt', 57.275767485210636), ('Unnamed: 0-SUMMARYCustomAlgos.tsv_max.txt', 52.141024707331276), ('Unnamed: 0-SUMMARYCustomAlgos.tsv_mean.txt', 36.495729380738986), ('Unnamed: 0-SUMMARYCustomAlgos.tsv_q10.txt', 35.0967858781453), ('Unnamed: 0-SUMMARYCustomAlgos.tsv_min.txt', 32.563416171126356)]
19115	23052023--s--Lm--st--19115--p--F03--pos--2--tm--0--ch--BF	19115	L455	[('Unnamed: 0-SUMMARYCustomAlgos.tsv_max.txt', 47.719902905611804), ('Unnamed: 0-SUMMARYCustomAlgos.tsv_mean.txt', 35.147295906874696), ('Unnamed: 0-SUMMARYCustomAlgos.tsv_q10.txt', 34.07080463930354), ('Unnamed: 0-SUMMARYCustomAlgos.tsv_min.txt', 30.507734130720593), ('Unnamed: 0-SUMMARYCustomAlgos.tsv_median.txt', 29.751702525277818)]
19115	23052023--s--Lm--st--19115--p--F03--pos--3--tm--0--ch--BF	19115	L455	[('Unnamed: 0-SUMMARYCustomAlgos.tsv_median.txt', 81.545030604277), ('Unnamed: 0-SUMMARYCustomAlgos.tsv_max.txt', 54.956647174350636), ('Unnamed: 0-SUMMARYCustomAlgos.tsv_min.txt', 44.20906608653238), ('Unnamed: 0-SUMMARYCustomAlgos.tsv_mean.txt', 17.994336262863058), ('Unnamed: 0-SUMMARYCustomAlgos.tsv_q10.txt', 17.47668371305821)]
19115	23052023--s--Lm--st--19115--p--F04--pos--2--tm--0--ch--BF	19115	L455	[('Unnamed: 0-SUMMARYCustomAlgos.tsv_median.txt', 49.94333175498068), ('Unnamed: 0-SUMMARYCustomAlgos.tsv_max.txt', 38.24415036338939), ('Unnamed: 0-SUMMARYCustomAlgos.tsv_q10.txt', 29.349888781640434), ('Unnamed: 0-SUMMARYCustomAlgos.tsv_mean.txt', 28.351395619379975), ('Unnamed: 0-SUMMARYCustomAlgos.tsv_min.txt', 16.282954907753567)]
19115	23052023--s--Lm--st--19115--p--F04--pos--3--tm--0--ch--BF	19115	L455	[('Unnamed: 0-SUMMARYCustomAlgos.tsv_median.txt', 82.79490895903211), ('Unnamed: 0-SUMMARYCustomAlgos.tsv_max.txt', 58.5690764187347), ('Unnamed: 0-SUMMARYCustomAlgos.tsv_min.txt', 44.22876471818372), ('Unnamed: 0-SUMMARYCustomAlgos.tsv_q10.txt', 18.51366203037168), ('Unnamed: 0-SUMMARYCustomAlgos.tsv_mean.txt', 17.817160374681166)]
19115	23052023--s--Lm--st--19115--p--F05--pos--1--tm--0--ch--BF	19115	L1764	[('Unnamed: 0-SUMMARYCustomAlgos.tsv_median.txt', 68.3295768271818), ('Unnamed: 0-SUMMARYCustomAlgos.tsv_max.txt', 49.31603738277034), ('Unnamed: 0-SUMMARYCustomAlgos.tsv_mean.txt', 29.79252889235268), ('Unnamed: 0-SUMMARYCustomAlgos.tsv_q10.txt', 22.869388186109866), ('Unnamed: 0-SUMMARYCustomAlgos.tsv_min.txt', 18.07299801330219)]
19115	23052023--s--Lm--st--19115--p--F05--pos--2--tm--0--ch--BF	19115	L1764	[('Unnamed: 0-SUMMARYCustomAlgos.tsv_max.txt', 59.219985836597154), ('Unnamed: 0-SUMMARYCustomAlgos.tsv_median.txt', 47.990930509857606), ('Unnamed: 0-SUMMARYCustomAlgos.tsv_mean.txt', 30.626489766562475), ('Unnamed: 0-SUMMARYCustomAlgos.tsv_q10.txt', 19.685309904564573), ('Unnamed: 0-SUMMARYCustomAlgos.tsv_min.txt', 12.834514522006819)]
19115	23052023--s--Lm--st--19115--p--F05--pos--3--tm--0--ch--BF	19115	L455	[('Unnamed: 0-SUMMARYCustomAlgos.tsv_median.txt', 81.28073937180845), ('Unnamed: 0-SUMMARYCustomAlgos.tsv_max.txt', 55.1043082409143), ('Unnamed: 0-SUMMARYCustomAlgos.tsv_min.txt', 44.15060052095868), ('Unnamed: 0-SUMMARYCustomAlgos.tsv_mean.txt', 18.02576370772212), ('Unnamed: 0-SUMMARYCustomAlgos.tsv_q10.txt', 17.785139608489786)]
19115	23052023--s--Lm--st--19115--p--F06--pos--1--tm--0--ch--BF	19115	L634	[('Unnamed: 0-SUMMARYCustomAlgos.tsv_max.txt', 58.801137135866234), ('Unnamed: 0-SUMMARYCustomAlgos.tsv_median.txt', 26.452295177508297), ('Unnamed: 0-SUMMARYCustomAlgos.tsv_mean.txt', 25.36987264770607), ('Unnamed: 0-SUMMARYCustomAlgos.tsv_q10.txt', 14.508218064173036), ('Unnamed: 0-SUMMARYCustomAlgos.tsv_min.txt', 11.60463872958341)]
19115	23052023--s--Lm--st--19115--p--F06--pos--2--tm--0--ch--BF	19115	L1764	[('Unnamed: 0-SUMMARYCustomAlgos.tsv_median.txt', 63.89150053656981), ('Unnamed: 0-SUMMARYCustomAlgos.tsv_max.txt', 53.777972442927265), ('Unnamed: 0-SUMMARYCustomAlgos.tsv_mean.txt', 37.7100087129217), ('Unnamed: 0-SUMMARYCustomAlgos.tsv_q10.txt', 34.69907655087558), ('Unnamed: 0-SUMMARYCustomAlgos.tsv_min.txt', 33.605720382228405)]
19115	23052023--s--Lm--st--19115--p--F06--pos--3--tm--0--ch--BF	19115	L394	[('Unnamed: 0-SUMMARYCustomAlgos.tsv_max.txt', 50.95658308905311), ('Unnamed: 0-SUMMARYCustomAlgos.tsv_mean.txt', 31.960617155683202), ('Unnamed: 0-SUMMARYCustomAlgos.tsv_median.txt', 31.88402238855003), ('Unnamed: 0-SUMMARYCustomAlgos.tsv_q10.txt', 23.128858542494378), ('Unnamed: 0-SUMMARYCustomAlgos.tsv_min.txt', 15.901960231658107)]
19115	23052023--s--Lm--st--19115--p--F07--pos--1--tm--0--ch--BF	19115	L634	[('Unnamed: 0-SUMMARYCustomAlgos.tsv_max.txt', 46.397927072985816), ('Unnamed: 0-SUMMARYCustomAlgos.tsv_median.txt', 37.36374766072366), ('Unnamed: 0-SUMMARYCustomAlgos.tsv_mean.txt', 34.59393961562365), ('Unnamed: 0-SUMMARYCustomAlgos.tsv_q10.txt', 23.463096766622773), ('Unnamed: 0-SUMMARYCustomAlgos.tsv_min.txt', 20.090564238877437)]
19115	23052023--s--Lm--st--19115--p--F07--pos--2--tm--0--ch--BF	19115	L634	[('Unnamed: 0-SUMMARYCustomAlgos.tsv_max.txt', 70.13068592082799), ('Unnamed: 0-SUMMARYCustomAlgos.tsv_median.txt', 68.97330341956447), ('Unnamed: 0-SUMMARYCustomAlgos.tsv_mean.txt', 23.277213750452166), ('Unnamed: 0-SUMMARYCustomAlgos.tsv_q10.txt', 16.983964731213053), ('Unnamed: 0-SUMMARYCustomAlgos.tsv_min.txt', 9.290796995459663)]
19115	23052023--s--Lm--st--19115--p--F07--pos--3--tm--0--ch--BF	19115	L394	[('Unnamed: 0-SUMMARYCustomAlgos.tsv_max.txt', 50.95658308905311), ('Unnamed: 0-SUMMARYCustomAlgos.tsv_mean.txt', 31.960617155683202), ('Unnamed: 0-SUMMARYCustomAlgos.tsv_median.txt', 31.88402238855003), ('Unnamed: 0-SUMMARYCustomAlgos.tsv_q10.txt', 23.128858542494378), ('Unnamed: 0-SUMMARYCustomAlgos.tsv_min.txt', 15.901960231658107)]
19115	23052023--s--Lm--st--19115--p--F08--pos--1--tm--0--ch--BF	19115	L634	[('Unnamed: 0-SUMMARYCustomAlgos.tsv_max.txt', 47.7309674948006), ('Unnamed: 0-SUMMARYCustomAlgos.tsv_median.txt', 31.621407638513197), ('Unnamed: 0-SUMMARYCustomAlgos.tsv_mean.txt', 25.490495811467), ('Unnamed: 0-SUMMARYCustomAlgos.tsv_q10.txt', 18.296073872945385), ('Unnamed: 0-SUMMARYCustomAlgos.tsv_min.txt', 14.302615884162545)]
19115	23052023--s--Lm--st--19115--p--F08--pos--2--tm--0--ch--BF	19115	L1764	[('Unnamed: 0-SUMMARYCustomAlgos.tsv_median.txt', 71.34942379282087), ('Unnamed: 0-SUMMARYCustomAlgos.tsv_q10.txt', 48.2289105045468), ('Unnamed: 0-SUMMARYCustomAlgos.tsv_mean.txt', 44.82559883963831), ('Unnamed: 0-SUMMARYCustomAlgos.tsv_max.txt', 19.196499523909456), ('Unnamed: 0-SUMMARYCustomAlgos.tsv_min.txt', 2.530064026218824)]
19115	23052023--s--Lm--st--19115--p--F08--pos--3--tm--0--ch--BF	19115	L394	[('Unnamed: 0-SUMMARYCustomAlgos.tsv_max.txt', 50.6385398781694), ('Unnamed: 0-SUMMARYCustomAlgos.tsv_mean.txt', 31.960617155683202), ('Unnamed: 0-SUMMARYCustomAlgos.tsv_median.txt', 31.88402238855003), ('Unnamed: 0-SUMMARYCustomAlgos.tsv_q10.txt', 22.9978963333875), ('Unnamed: 0-SUMMARYCustomAlgos.tsv_min.txt', 15.901960231658107)]
19115	23052023--s--Lm--st--19115--p--F09--pos--2--tm--0--ch--BF	19115	L1764	[('Unnamed: 0-SUMMARYCustomAlgos.tsv_median.txt', 49.595396531468744), ('Unnamed: 0-SUMMARYCustomAlgos.tsv_max.txt', 43.180392804392056), ('Unnamed: 0-SUMMARYCustomAlgos.tsv_mean.txt', 29.03360666933838), ('Unnamed: 0-SUMMARYCustomAlgos.tsv_q10.txt', 28.39421745015537), ('Unnamed: 0-SUMMARYCustomAlgos.tsv_min.txt', 16.880145908014068)]
19115	23052023--s--Lm--st--19115--p--F09--pos--3--tm--0--ch--BF	19115	L455	[('Unnamed: 0-SUMMARYCustomAlgos.tsv_max.txt', 48.20034622490893), ('Unnamed: 0-SUMMARYCustomAlgos.tsv_mean.txt', 35.11277117797208), ('Unnamed: 0-SUMMARYCustomAlgos.tsv_q10.txt', 33.82365206878185), ('Unnamed: 0-SUMMARYCustomAlgos.tsv_median.txt', 30.539317862916953), ('Unnamed: 0-SUMMARYCustomAlgos.tsv_min.txt', 30.18572167283093)]
19115	23052023--s--Lm--st--19115--p--F10--pos--1--tm--0--ch--BF	19115	L634	[('Unnamed: 0-SUMMARYCustomAlgos.tsv_max.txt', 53.966431677205264), ('Unnamed: 0-SUMMARYCustomAlgos.tsv_mean.txt', 28.37624895704679), ('Unnamed: 0-SUMMARYCustomAlgos.tsv_median.txt', 27.56033626428818), ('Unnamed: 0-SUMMARYCustomAlgos.tsv_q10.txt', 16.55213577948409), ('Unnamed: 0-SUMMARYCustomAlgos.tsv_min.txt', 9.592401216396599)]
19115	23052023--s--Lm--st--19115--p--F10--pos--3--tm--0--ch--BF	19115	L455	[('Unnamed: 0-SUMMARYCustomAlgos.tsv_max.txt', 50.22989321816838), ('Unnamed: 0-SUMMARYCustomAlgos.tsv_mean.txt', 33.22893814894964), ('Unnamed: 0-SUMMARYCustomAlgos.tsv_median.txt', 31.746509150498014), ('Unnamed: 0-SUMMARYCustomAlgos.tsv_q10.txt', 26.797803069905033), ('Unnamed: 0-SUMMARYCustomAlgos.tsv_min.txt', 21.087282261701326)]
19115	23052023--s--Lm--st--19115--p--G03--pos--1--tm--0--ch--BF	19115	L634	[('Unnamed: 0-SUMMARYCustomAlgos.tsv_max.txt', 52.278695351839005), ('Unnamed: 0-SUMMARYCustomAlgos.tsv_mean.txt', 25.30308509145544), ('Unnamed: 0-SUMMARYCustomAlgos.tsv_median.txt', 24.97850577087009), ('Unnamed: 0-SUMMARYCustomAlgos.tsv_q10.txt', 14.250747483603162), ('Unnamed: 0-SUMMARYCustomAlgos.tsv_min.txt', 12.017421422570997)]
19115	23052023--s--Lm--st--19115--p--G03--pos--2--tm--0--ch--BF	19115	L634	[('Unnamed: 0-SUMMARYCustomAlgos.tsv_max.txt', 60.16716292310543), ('Unnamed: 0-SUMMARYCustomAlgos.tsv_median.txt', 50.37771762714307), ('Unnamed: 0-SUMMARYCustomAlgos.tsv_mean.txt', 26.084037040877462), ('Unnamed: 0-SUMMARYCustomAlgos.tsv_q10.txt', 17.024249670626183), ('Unnamed: 0-SUMMARYCustomAlgos.tsv_min.txt', 12.694354959355286)]
19115	23052023--s--Lm--st--19115--p--G03--pos--3--tm--0--ch--BF	19115	L1764	[('Unnamed: 0-SUMMARYCustomAlgos.tsv_median.txt', 48.19403679331558), ('Unnamed: 0-SUMMARYCustomAlgos.tsv_max.txt', 42.57592503254435), ('Unnamed: 0-SUMMARYCustomAlgos.tsv_mean.txt', 28.900604221026743), ('Unnamed: 0-SUMMARYCustomAlgos.tsv_q10.txt', 28.40796845957253), ('Unnamed: 0-SUMMARYCustomAlgos.tsv_min.txt', 16.015869750985615)]
19115	23052023--s--Lm--st--19115--p--G04--pos--1--tm--0--ch--BF	19115	L1764	[('Unnamed: 0-SUMMARYCustomAlgos.tsv_max.txt', 57.18965465168475), ('Unnamed: 0-SUMMARYCustomAlgos.tsv_min.txt', 42.65927571191112), ('Unnamed: 0-SUMMARYCustomAlgos.tsv_mean.txt', 35.54945868364337), ('Unnamed: 0-SUMMARYCustomAlgos.tsv_median.txt', 32.23501978535725), ('Unnamed: 0-SUMMARYCustomAlgos.tsv_q10.txt', 10.599169235016017)]
19115	23052023--s--Lm--st--19115--p--G04--pos--2--tm--0--ch--BF	19115	L628	[('Unnamed: 0-SUMMARYCustomAlgos.tsv_median.txt', 54.92686080833596), ('Unnamed: 0-SUMMARYCustomAlgos.tsv_max.txt', 44.74842857624039), ('Unnamed: 0-SUMMARYCustomAlgos.tsv_mean.txt', 35.908789001443964), ('Unnamed: 0-SUMMARYCustomAlgos.tsv_q10.txt', 33.00604230406383), ('Unnamed: 0-SUMMARYCustomAlgos.tsv_min.txt', 27.605274188160717)]
19115	23052023--s--Lm--st--19115--p--G04--pos--3--tm--0--ch--BF	19115	L634	[('Unnamed: 0-SUMMARYCustomAlgos.tsv_max.txt', 49.19145247376518), ('Unnamed: 0-SUMMARYCustomAlgos.tsv_median.txt', 29.487416420415208), ('Unnamed: 0-SUMMARYCustomAlgos.tsv_mean.txt', 24.509834087423997), ('Unnamed: 0-SUMMARYCustomAlgos.tsv_q10.txt', 15.730010354529258), ('Unnamed: 0-SUMMARYCustomAlgos.tsv_min.txt', 10.372301326379787)]
L628	23052023--s--Lm--st--L628--p--C03--pos--1--tm--0--ch--BF	L628	L1764	[('Unnamed: 0-SUMMARYCustomAlgos.tsv_median.txt', 67.6577095600599), ('Unnamed: 0-SUMMARYCustomAlgos.tsv_max.txt', 25.7902798241892), ('Unnamed: 0-SUMMARYCustomAlgos.tsv_mean.txt', 25.514290426032833), ('Unnamed: 0-SUMMARYCustomAlgos.tsv_q10.txt', 14.643524799621504), ('Unnamed: 0-SUMMARYCustomAlgos.tsv_min.txt', 10.848443065499652)]
L628	23052023--s--Lm--st--L628--p--C03--pos--2--tm--0--ch--BF	L628	L1764	[('Unnamed: 0-SUMMARYCustomAlgos.tsv_median.txt', 74.18346591829936), ('Unnamed: 0-SUMMARYCustomAlgos.tsv_max.txt', 28.724542572228238), ('Unnamed: 0-SUMMARYCustomAlgos.tsv_mean.txt', 27.741328574841766), ('Unnamed: 0-SUMMARYCustomAlgos.tsv_q10.txt', 15.822456597836434), ('Unnamed: 0-SUMMARYCustomAlgos.tsv_min.txt', 14.035867077530169)]
L628	23052023--s--Lm--st--L628--p--C03--pos--3--tm--0--ch--BF	L628	L634	[('Unnamed: 0-SUMMARYCustomAlgos.tsv_median.txt', 59.49445459405524), ('Unnamed: 0-SUMMARYCustomAlgos.tsv_max.txt', 31.197031600501127), ('Unnamed: 0-SUMMARYCustomAlgos.tsv_mean.txt', 24.21742723007572), ('Unnamed: 0-SUMMARYCustomAlgos.tsv_q10.txt', 16.829770837782984), ('Unnamed: 0-SUMMARYCustomAlgos.tsv_min.txt', 12.7440472220959)]
L628	23052023--s--Lm--st--L628--p--C04--pos--1--tm--0--ch--BF	L628	19115	[('Unnamed: 0-SUMMARYCustomAlgos.tsv_median.txt', 43.61492499341104), ('Unnamed: 0-SUMMARYCustomAlgos.tsv_max.txt', 23.9905927044978), ('Unnamed: 0-SUMMARYCustomAlgos.tsv_mean.txt', 20.89764881209488), ('Unnamed: 0-SUMMARYCustomAlgos.tsv_q10.txt', 15.169192952652997), ('Unnamed: 0-SUMMARYCustomAlgos.tsv_min.txt', 12.168905788614468)]
L628	23052023--s--Lm--st--L628--p--C04--pos--2--tm--0--ch--BF	L628	19115	[('Unnamed: 0-SUMMARYCustomAlgos.tsv_max.txt', 52.90177960460176), ('Unnamed: 0-SUMMARYCustomAlgos.tsv_median.txt', 29.33446351163628), ('Unnamed: 0-SUMMARYCustomAlgos.tsv_q10.txt', 28.560056424137958), ('Unnamed: 0-SUMMARYCustomAlgos.tsv_min.txt', 20.779634096267273), ('Unnamed: 0-SUMMARYCustomAlgos.tsv_mean.txt', 12.753663860584279)]
L628	23052023--s--Lm--st--L628--p--C04--pos--3--tm--0--ch--BF	L628	L455	[('Unnamed: 0-SUMMARYCustomAlgos.tsv_median.txt', 91.90457899999893), ('Unnamed: 0-SUMMARYCustomAlgos.tsv_max.txt', 48.68296679131664), ('Unnamed: 0-SUMMARYCustomAlgos.tsv_mean.txt', 26.502795148180194), ('Unnamed: 0-SUMMARYCustomAlgos.tsv_q10.txt', 14.785575302092916), ('Unnamed: 0-SUMMARYCustomAlgos.tsv_min.txt', 3.454535350485373)]
L628	23052023--s--Lm--st--L628--p--C05--pos--1--tm--0--ch--BF	L628	L455	[('Unnamed: 0-SUMMARYCustomAlgos.tsv_median.txt', 93.0847604995854), ('Unnamed: 0-SUMMARYCustomAlgos.tsv_max.txt', 48.39509308462258), ('Unnamed: 0-SUMMARYCustomAlgos.tsv_mean.txt', 26.567961988753144), ('Unnamed: 0-SUMMARYCustomAlgos.tsv_q10.txt', 14.769547355520906), ('Unnamed: 0-SUMMARYCustomAlgos.tsv_min.txt', 3.795685988744939)]
L628	23052023--s--Lm--st--L628--p--C05--pos--2--tm--0--ch--BF	L628	L1764	[('Unnamed: 0-SUMMARYCustomAlgos.tsv_median.txt', 70.18364290289034), ('Unnamed: 0-SUMMARYCustomAlgos.tsv_max.txt', 32.10581646504457), ('Unnamed: 0-SUMMARYCustomAlgos.tsv_mean.txt', 27.37711230091513), ('Unnamed: 0-SUMMARYCustomAlgos.tsv_q10.txt', 15.96691543104742), ('Unnamed: 0-SUMMARYCustomAlgos.tsv_min.txt', 11.84970768913652)]
L628	23052023--s--Lm--st--L628--p--C05--pos--3--tm--0--ch--BF	L628	L1764	[('Unnamed: 0-SUMMARYCustomAlgos.tsv_median.txt', 72.75153001900105), ('Unnamed: 0-SUMMARYCustomAlgos.tsv_mean.txt', 26.92952309524691), ('Unnamed: 0-SUMMARYCustomAlgos.tsv_max.txt', 20.997639914467918), ('Unnamed: 0-SUMMARYCustomAlgos.tsv_q10.txt', 15.170694312499547), ('Unnamed: 0-SUMMARYCustomAlgos.tsv_min.txt', 11.203853269388466)]
L628	23052023--s--Lm--st--L628--p--C06--pos--1--tm--0--ch--BF	L628	L455	[('Unnamed: 0-SUMMARYCustomAlgos.tsv_median.txt', 97.9960904137527), ('Unnamed: 0-SUMMARYCustomAlgos.tsv_max.txt', 55.15676267647914), ('Unnamed: 0-SUMMARYCustomAlgos.tsv_mean.txt', 27.839169157968378), ('Unnamed: 0-SUMMARYCustomAlgos.tsv_q10.txt', 17.99553022820776), ('Unnamed: 0-SUMMARYCustomAlgos.tsv_min.txt', 3.588696159238666)]
L628	23052023--s--Lm--st--L628--p--C06--pos--2--tm--0--ch--BF	L628	L634	[('Unnamed: 0-SUMMARYCustomAlgos.tsv_max.txt', 31.590556478333475), ('Unnamed: 0-SUMMARYCustomAlgos.tsv_median.txt', 30.254987747660852), ('Unnamed: 0-SUMMARYCustomAlgos.tsv_q10.txt', 22.202480265958293), ('Unnamed: 0-SUMMARYCustomAlgos.tsv_mean.txt', 10.58165836972904), ('Unnamed: 0-SUMMARYCustomAlgos.tsv_min.txt', 9.665773836427332)]
L628	23052023--s--Lm--st--L628--p--C06--pos--3--tm--0--ch--BF	L628	19115	[('Unnamed: 0-SUMMARYCustomAlgos.tsv_max.txt', 41.47106631377506), ('Unnamed: 0-SUMMARYCustomAlgos.tsv_min.txt', 30.07379531042525), ('Unnamed: 0-SUMMARYCustomAlgos.tsv_mean.txt', 21.725785768693175), ('Unnamed: 0-SUMMARYCustomAlgos.tsv_median.txt', 2.197727023354113), ('Unnamed: 0-SUMMARYCustomAlgos.tsv_q10.txt', 0.5788325741053197)]
L628	23052023--s--Lm--st--L628--p--C08--pos--1--tm--0--ch--BF	L628	L1764	[('Unnamed: 0-SUMMARYCustomAlgos.tsv_median.txt', 70.6676823567507), ('Unnamed: 0-SUMMARYCustomAlgos.tsv_max.txt', 32.12004413721757), ('Unnamed: 0-SUMMARYCustomAlgos.tsv_mean.txt', 27.370024901654993), ('Unnamed: 0-SUMMARYCustomAlgos.tsv_q10.txt', 15.91013516448877), ('Unnamed: 0-SUMMARYCustomAlgos.tsv_min.txt', 11.870090635148868)]
L628	23052023--s--Lm--st--L628--p--C08--pos--2--tm--0--ch--BF	L628	L634	[('Unnamed: 0-SUMMARYCustomAlgos.tsv_median.txt', 61.32302730683048), ('Unnamed: 0-SUMMARYCustomAlgos.tsv_max.txt', 34.6363863573377), ('Unnamed: 0-SUMMARYCustomAlgos.tsv_mean.txt', 16.678499475185994), ('Unnamed: 0-SUMMARYCustomAlgos.tsv_q10.txt', 15.563684298316959), ('Unnamed: 0-SUMMARYCustomAlgos.tsv_min.txt', 8.837024542687535)]
L628	23052023--s--Lm--st--L628--p--C08--pos--3--tm--0--ch--BF	L628	19115	[('Unnamed: 0-SUMMARYCustomAlgos.tsv_median.txt', 74.24113864612248), ('Unnamed: 0-SUMMARYCustomAlgos.tsv_max.txt', 32.605166897881325), ('Unnamed: 0-SUMMARYCustomAlgos.tsv_mean.txt', 16.918486386089484), ('Unnamed: 0-SUMMARYCustomAlgos.tsv_q10.txt', 16.028425306941102), ('Unnamed: 0-SUMMARYCustomAlgos.tsv_min.txt', 10.387861995475305)]
L628	23052023--s--Lm--st--L628--p--C09--pos--1--tm--0--ch--BF	L628	19115	[('Unnamed: 0-SUMMARYCustomAlgos.tsv_max.txt', 53.20494325298466), ('Unnamed: 0-SUMMARYCustomAlgos.tsv_q10.txt', 27.47716907939784), ('Unnamed: 0-SUMMARYCustomAlgos.tsv_median.txt', 26.3952806700509), ('Unnamed: 0-SUMMARYCustomAlgos.tsv_min.txt', 21.67950381614614), ('Unnamed: 0-SUMMARYCustomAlgos.tsv_mean.txt', 12.80738574371607)]
L628	23052023--s--Lm--st--L628--p--C09--pos--2--tm--0--ch--BF	L628	19115	[('Unnamed: 0-SUMMARYCustomAlgos.tsv_max.txt', 39.48516055010964), ('Unnamed: 0-SUMMARYCustomAlgos.tsv_min.txt', 28.972491596740873), ('Unnamed: 0-SUMMARYCustomAlgos.tsv_mean.txt', 23.77832465977919), ('Unnamed: 0-SUMMARYCustomAlgos.tsv_median.txt', 8.074993713254493), ('Unnamed: 0-SUMMARYCustomAlgos.tsv_q10.txt', 1.5336362814492317)]
L628	23052023--s--Lm--st--L628--p--C10--pos--2--tm--0--ch--BF	L628	L1764	[('Unnamed: 0-SUMMARYCustomAlgos.tsv_median.txt', 87.84256299077894), ('Unnamed: 0-SUMMARYCustomAlgos.tsv_mean.txt', 27.671762200691887), ('Unnamed: 0-SUMMARYCustomAlgos.tsv_max.txt', 25.447390922105466), ('Unnamed: 0-SUMMARYCustomAlgos.tsv_q10.txt', 18.53722497804864), ('Unnamed: 0-SUMMARYCustomAlgos.tsv_min.txt', 11.989282989732539)]
L628	23052023--s--Lm--st--L628--p--C10--pos--3--tm--0--ch--BF	L628	19115	[('Unnamed: 0-SUMMARYCustomAlgos.tsv_median.txt', 70.20967518475358), ('Unnamed: 0-SUMMARYCustomAlgos.tsv_max.txt', 29.61463537002048), ('Unnamed: 0-SUMMARYCustomAlgos.tsv_mean.txt', 27.596773240292826), ('Unnamed: 0-SUMMARYCustomAlgos.tsv_q10.txt', 16.177144359351427), ('Unnamed: 0-SUMMARYCustomAlgos.tsv_min.txt', 12.210478022580503)]
L628	23052023--s--Lm--st--L628--p--D03--pos--1--tm--0--ch--BF	L628	L634	[('Unnamed: 0-SUMMARYCustomAlgos.tsv_median.txt', 78.02595105484617), ('Unnamed: 0-SUMMARYCustomAlgos.tsv_max.txt', 37.76364008756845), ('Unnamed: 0-SUMMARYCustomAlgos.tsv_q10.txt', 17.43210942103389), ('Unnamed: 0-SUMMARYCustomAlgos.tsv_mean.txt', 16.053263795343256), ('Unnamed: 0-SUMMARYCustomAlgos.tsv_min.txt', 7.931350990394232)]
L628	23052023--s--Lm--st--L628--p--D03--pos--2--tm--0--ch--BF	L628	L455	[('Unnamed: 0-SUMMARYCustomAlgos.tsv_median.txt', 97.66387067555128), ('Unnamed: 0-SUMMARYCustomAlgos.tsv_max.txt', 53.39072263447011), ('Unnamed: 0-SUMMARYCustomAlgos.tsv_mean.txt', 27.333580825593415), ('Unnamed: 0-SUMMARYCustomAlgos.tsv_q10.txt', 16.021494596993847), ('Unnamed: 0-SUMMARYCustomAlgos.tsv_min.txt', 2.345953501749582)]
L628	23052023--s--Lm--st--L628--p--D03--pos--3--tm--0--ch--BF	L628	L634	[('Unnamed: 0-SUMMARYCustomAlgos.tsv_median.txt', 53.27916334417229), ('Unnamed: 0-SUMMARYCustomAlgos.tsv_max.txt', 29.020000473608953), ('Unnamed: 0-SUMMARYCustomAlgos.tsv_mean.txt', 19.59077454544948), ('Unnamed: 0-SUMMARYCustomAlgos.tsv_q10.txt', 12.330140114816281), ('Unnamed: 0-SUMMARYCustomAlgos.tsv_min.txt', 8.520174607465428)]
L628	23052023--s--Lm--st--L628--p--D04--pos--1--tm--0--ch--BF	L628	L634	[('Unnamed: 0-SUMMARYCustomAlgos.tsv_max.txt', 27.265522433494468), ('Unnamed: 0-SUMMARYCustomAlgos.tsv_median.txt', 24.059731745932666), ('Unnamed: 0-SUMMARYCustomAlgos.tsv_mean.txt', 19.525366224799257), ('Unnamed: 0-SUMMARYCustomAlgos.tsv_min.txt', 14.47948826166073), ('Unnamed: 0-SUMMARYCustomAlgos.tsv_q10.txt', 13.784689943466704)]
L628	23052023--s--Lm--st--L628--p--D04--pos--2--tm--0--ch--BF	L628	19115	[('Unnamed: 0-SUMMARYCustomAlgos.tsv_median.txt', 54.63697649061249), ('Unnamed: 0-SUMMARYCustomAlgos.tsv_max.txt', 31.72324446093215), ('Unnamed: 0-SUMMARYCustomAlgos.tsv_mean.txt', 17.659535484998823), ('Unnamed: 0-SUMMARYCustomAlgos.tsv_q10.txt', 13.234750744056687), ('Unnamed: 0-SUMMARYCustomAlgos.tsv_min.txt', 10.55450569554437)]
L628	23052023--s--Lm--st--L628--p--D04--pos--3--tm--0--ch--BF	L628	L1323	[('Unnamed: 0-SUMMARYCustomAlgos.tsv_min.txt', 35.76295829718526), ('Unnamed: 0-SUMMARYCustomAlgos.tsv_max.txt', 26.114873852600297), ('Unnamed: 0-SUMMARYCustomAlgos.tsv_mean.txt', 17.880535734277426), ('Unnamed: 0-SUMMARYCustomAlgos.tsv_q10.txt', 16.536854452061934), ('Unnamed: 0-SUMMARYCustomAlgos.tsv_median.txt', 6.830550163989497)]
19115	25042024--s--Lm--st--19115--p--C03--pos--1--tm--0--ch--BF	19115	L455	[('Unnamed: 0-SUMMARYCustomAlgos.tsv_max.txt', 220.09313571782212), ('Unnamed: 0-SUMMARYCustomAlgos.tsv_median.txt', 69.94107868008616), ('Unnamed: 0-SUMMARYCustomAlgos.tsv_q10.txt', 67.18403136514222), ('Unnamed: 0-SUMMARYCustomAlgos.tsv_mean.txt', 20.20164903559385)]
19115	25042024--s--Lm--st--19115--p--C03--pos--2--tm--0--ch--BF	19115	L1323	[('Unnamed: 0-SUMMARYCustomAlgos.tsv_min.txt', 28.638878413744084), ('Unnamed: 0-SUMMARYCustomAlgos.tsv_max.txt', 28.32534924412654), ('Unnamed: 0-SUMMARYCustomAlgos.tsv_q10.txt', 23.18690347108688), ('Unnamed: 0-SUMMARYCustomAlgos.tsv_median.txt', 17.864772700028528), ('Unnamed: 0-SUMMARYCustomAlgos.tsv_mean.txt', 6.478122170060366)]
19115	25042024--s--Lm--st--19115--p--C03--pos--3--tm--0--ch--BF	19115	L455	[('Unnamed: 0-SUMMARYCustomAlgos.tsv_max.txt', 67.6817882372975), ('Unnamed: 0-SUMMARYCustomAlgos.tsv_median.txt', 42.842353214899475), ('Unnamed: 0-SUMMARYCustomAlgos.tsv_mean.txt', 21.81040333837198), ('Unnamed: 0-SUMMARYCustomAlgos.tsv_q10.txt', 15.128821116173459), ('Unnamed: 0-SUMMARYCustomAlgos.tsv_min.txt', 13.495570475486685)]
19115	25042024--s--Lm--st--19115--p--C04--pos--1--tm--0--ch--BF	19115	L394	[('Unnamed: 0-SUMMARYCustomAlgos.tsv_max.txt', 221.7818265699226), ('Unnamed: 0-SUMMARYCustomAlgos.tsv_median.txt', 71.14227251724681), ('Unnamed: 0-SUMMARYCustomAlgos.tsv_q10.txt', 67.18403136514222), ('Unnamed: 0-SUMMARYCustomAlgos.tsv_mean.txt', 19.79652959921854)]
19115	25042024--s--Lm--st--19115--p--C04--pos--2--tm--0--ch--BF	19115	L634	[('Unnamed: 0-SUMMARYCustomAlgos.tsv_max.txt', 52.61637517381516), ('Unnamed: 0-SUMMARYCustomAlgos.tsv_mean.txt', 26.456164636604672), ('Unnamed: 0-SUMMARYCustomAlgos.tsv_median.txt', 25.264400805292688), ('Unnamed: 0-SUMMARYCustomAlgos.tsv_q10.txt', 13.563900242211197), ('Unnamed: 0-SUMMARYCustomAlgos.tsv_min.txt', 12.443711570612)]
19115	25042024--s--Lm--st--19115--p--C04--pos--3--tm--0--ch--BF	19115	L628	[('Unnamed: 0-SUMMARYCustomAlgos.tsv_max.txt', 33.8119092767969), ('Unnamed: 0-SUMMARYCustomAlgos.tsv_mean.txt', 23.57321872476576), ('Unnamed: 0-SUMMARYCustomAlgos.tsv_median.txt', 18.42005822507191), ('Unnamed: 0-SUMMARYCustomAlgos.tsv_q10.txt', 16.679267635497997), ('Unnamed: 0-SUMMARYCustomAlgos.tsv_min.txt', 13.17391983232891)]
19115	25042024--s--Lm--st--19115--p--C05--pos--1--tm--0--ch--BF	19115	L394	[('Unnamed: 0-SUMMARYCustomAlgos.tsv_max.txt', 220.09313571782212), ('Unnamed: 0-SUMMARYCustomAlgos.tsv_median.txt', 69.94107868008616), ('Unnamed: 0-SUMMARYCustomAlgos.tsv_q10.txt', 67.18403136514222), ('Unnamed: 0-SUMMARYCustomAlgos.tsv_mean.txt', 19.954543845136982)]
19115	25042024--s--Lm--st--19115--p--C05--pos--2--tm--0--ch--BF	19115	L455	[('Unnamed: 0-SUMMARYCustomAlgos.tsv_max.txt', 39.19220423129991), ('Unnamed: 0-SUMMARYCustomAlgos.tsv_median.txt', 23.32386315318294), ('Unnamed: 0-SUMMARYCustomAlgos.tsv_min.txt', 9.708364683630007), ('Unnamed: 0-SUMMARYCustomAlgos.tsv_mean.txt', 6.3137352682024925), ('Unnamed: 0-SUMMARYCustomAlgos.tsv_q10.txt', 5.413136846251567)]
19115	25042024--s--Lm--st--19115--p--C05--pos--3--tm--0--ch--BF	19115	L394	[('Unnamed: 0-SUMMARYCustomAlgos.tsv_median.txt', 34.34367172556534), ('Unnamed: 0-SUMMARYCustomAlgos.tsv_mean.txt', 23.488099454428465), ('Unnamed: 0-SUMMARYCustomAlgos.tsv_max.txt', 20.155413510352336), ('Unnamed: 0-SUMMARYCustomAlgos.tsv_min.txt', 12.762912384136047), ('Unnamed: 0-SUMMARYCustomAlgos.tsv_q10.txt', 11.428407020219273)]
19115	25042024--s--Lm--st--19115--p--C06--pos--1--tm--0--ch--BF	19115	L455	[('Unnamed: 0-SUMMARYCustomAlgos.tsv_max.txt', 220.09313571782212), ('Unnamed: 0-SUMMARYCustomAlgos.tsv_median.txt', 69.94107868008616), ('Unnamed: 0-SUMMARYCustomAlgos.tsv_q10.txt', 67.18403136514222), ('Unnamed: 0-SUMMARYCustomAlgos.tsv_mean.txt', 20.20164903559385)]
19115	25042024--s--Lm--st--19115--p--C06--pos--2--tm--0--ch--BF	19115	L628	[('Unnamed: 0-SUMMARYCustomAlgos.tsv_max.txt', 30.982131103464393), ('Unnamed: 0-SUMMARYCustomAlgos.tsv_median.txt', 25.635449258407526), ('Unnamed: 0-SUMMARYCustomAlgos.tsv_mean.txt', 21.614858865674787), ('Unnamed: 0-SUMMARYCustomAlgos.tsv_q10.txt', 20.710794403067297), ('Unnamed: 0-SUMMARYCustomAlgos.tsv_min.txt', 11.898513073662912)]
19115	25042024--s--Lm--st--19115--p--C06--pos--3--tm--0--ch--BF	19115	L394	[('Unnamed: 0-SUMMARYCustomAlgos.tsv_max.txt', 36.88815845341976), ('Unnamed: 0-SUMMARYCustomAlgos.tsv_median.txt', 32.887404953047614), ('Unnamed: 0-SUMMARYCustomAlgos.tsv_q10.txt', 13.431783252715283), ('Unnamed: 0-SUMMARYCustomAlgos.tsv_min.txt', 10.135420737919285), ('Unnamed: 0-SUMMARYCustomAlgos.tsv_mean.txt', 9.261370273850023)]
19115	25042024--s--Lm--st--19115--p--C07--pos--1--tm--0--ch--BF	19115	L394	[('Unnamed: 0-SUMMARYCustomAlgos.tsv_max.txt', 34.031898384229486), ('Unnamed: 0-SUMMARYCustomAlgos.tsv_min.txt', 23.16590982673125), ('Unnamed: 0-SUMMARYCustomAlgos.tsv_mean.txt', 16.214186708211205), ('Unnamed: 0-SUMMARYCustomAlgos.tsv_median.txt', 2.8221094738217474), ('Unnamed: 0-SUMMARYCustomAlgos.tsv_q10.txt', 2.3813998380981527)]
19115	25042024--s--Lm--st--19115--p--C07--pos--2--tm--0--ch--BF	19115	L628	[('Unnamed: 0-SUMMARYCustomAlgos.tsv_max.txt', 62.00662873428786), ('Unnamed: 0-SUMMARYCustomAlgos.tsv_median.txt', 50.44375338989459), ('Unnamed: 0-SUMMARYCustomAlgos.tsv_q10.txt', 13.17736540430879), ('Unnamed: 0-SUMMARYCustomAlgos.tsv_min.txt', 10.44558564918696), ('Unnamed: 0-SUMMARYCustomAlgos.tsv_mean.txt', 10.179030829304807)]
19115	25042024--s--Lm--st--19115--p--C07--pos--3--tm--0--ch--BF	19115	L628	[('Unnamed: 0-SUMMARYCustomAlgos.tsv_max.txt', 57.51896163045398), ('Unnamed: 0-SUMMARYCustomAlgos.tsv_median.txt', 42.14798683302816), ('Unnamed: 0-SUMMARYCustomAlgos.tsv_mean.txt', 31.11031396553411), ('Unnamed: 0-SUMMARYCustomAlgos.tsv_q10.txt', 22.852546020670527), ('Unnamed: 0-SUMMARYCustomAlgos.tsv_min.txt', 14.844765217369199)]
19115	25042024--s--Lm--st--19115--p--C08--pos--1--tm--0--ch--BF	19115	L394	[('Unnamed: 0-SUMMARYCustomAlgos.tsv_max.txt', 74.23013337052764), ('Unnamed: 0-SUMMARYCustomAlgos.tsv_median.txt', 55.21941537422218), ('Unnamed: 0-SUMMARYCustomAlgos.tsv_mean.txt', 24.32154898095855), ('Unnamed: 0-SUMMARYCustomAlgos.tsv_q10.txt', 21.56672522742139), ('Unnamed: 0-SUMMARYCustomAlgos.tsv_min.txt', 14.827990915046614)]
19115	25042024--s--Lm--st--19115--p--C08--pos--2--tm--0--ch--BF	19115	L1823	[('Unnamed: 0-SUMMARYCustomAlgos.tsv_median.txt', 28.005429835172098), ('Unnamed: 0-SUMMARYCustomAlgos.tsv_max.txt', 23.046875091733757), ('Unnamed: 0-SUMMARYCustomAlgos.tsv_q10.txt', 12.856953562421888), ('Unnamed: 0-SUMMARYCustomAlgos.tsv_min.txt', 8.428751658038017), ('Unnamed: 0-SUMMARYCustomAlgos.tsv_mean.txt', 7.752246435173961)]
19115	25042024--s--Lm--st--19115--p--C08--pos--3--tm--0--ch--BF	19115	L1823	[('Unnamed: 0-SUMMARYCustomAlgos.tsv_min.txt', 33.05161111618486), ('Unnamed: 0-SUMMARYCustomAlgos.tsv_q10.txt', 24.120554166229955), ('Unnamed: 0-SUMMARYCustomAlgos.tsv_max.txt', 23.76994567657357), ('Unnamed: 0-SUMMARYCustomAlgos.tsv_median.txt', 8.393876890614703), ('Unnamed: 0-SUMMARYCustomAlgos.tsv_mean.txt', 1.9284583808202338)]
19115	25042024--s--Lm--st--19115--p--D04--pos--1--tm--0--ch--BF	19115	L634	[('Unnamed: 0-SUMMARYCustomAlgos.tsv_max.txt', 49.69542688585929), ('Unnamed: 0-SUMMARYCustomAlgos.tsv_mean.txt', 25.094473865886357), ('Unnamed: 0-SUMMARYCustomAlgos.tsv_median.txt', 25.016219543229177), ('Unnamed: 0-SUMMARYCustomAlgos.tsv_q10.txt', 15.27244200526242), ('Unnamed: 0-SUMMARYCustomAlgos.tsv_min.txt', 14.80928254360258)]
19115	25042024--s--Lm--st--19115--p--D04--pos--2--tm--0--ch--BF	19115	L1764	[('Unnamed: 0-SUMMARYCustomAlgos.tsv_max.txt', 69.92664310850128), ('Unnamed: 0-SUMMARYCustomAlgos.tsv_median.txt', 46.630504945753934), ('Unnamed: 0-SUMMARYCustomAlgos.tsv_mean.txt', 24.366711376775694), ('Unnamed: 0-SUMMARYCustomAlgos.tsv_q10.txt', 22.206006362502134), ('Unnamed: 0-SUMMARYCustomAlgos.tsv_min.txt', 17.995707294081974)]
19115	25042024--s--Lm--st--19115--p--D04--pos--3--tm--0--ch--BF	19115	L628	[('Unnamed: 0-SUMMARYCustomAlgos.tsv_max.txt', 28.60711284335009), ('Unnamed: 0-SUMMARYCustomAlgos.tsv_median.txt', 24.825343587199367), ('Unnamed: 0-SUMMARYCustomAlgos.tsv_q10.txt', 20.76020475009114), ('Unnamed: 0-SUMMARYCustomAlgos.tsv_mean.txt', 16.111923998598296), ('Unnamed: 0-SUMMARYCustomAlgos.tsv_min.txt', 10.499231224130531)]
19115	25042024--s--Lm--st--19115--p--D05--pos--1--tm--0--ch--BF	19115	L634	[('Unnamed: 0-SUMMARYCustomAlgos.tsv_max.txt', 49.97843288912412), ('Unnamed: 0-SUMMARYCustomAlgos.tsv_median.txt', 43.72810394307738), ('Unnamed: 0-SUMMARYCustomAlgos.tsv_mean.txt', 22.748064057367213), ('Unnamed: 0-SUMMARYCustomAlgos.tsv_q10.txt', 16.581848963382697), ('Unnamed: 0-SUMMARYCustomAlgos.tsv_min.txt', 14.558145000373285)]
19115	25042024--s--Lm--st--19115--p--D05--pos--2--tm--0--ch--BF	19115	L455	[('Unnamed: 0-SUMMARYCustomAlgos.tsv_max.txt', 72.70734282574712), ('Unnamed: 0-SUMMARYCustomAlgos.tsv_median.txt', 46.20421160173801), ('Unnamed: 0-SUMMARYCustomAlgos.tsv_mean.txt', 20.174459257792265), ('Unnamed: 0-SUMMARYCustomAlgos.tsv_min.txt', 15.67003787676328), ('Unnamed: 0-SUMMARYCustomAlgos.tsv_q10.txt', 15.001187652031797)]
19115	25042024--s--Lm--st--19115--p--D05--pos--3--tm--0--ch--BF	19115	L634	[('Unnamed: 0-SUMMARYCustomAlgos.tsv_median.txt', 33.23268044716717), ('Unnamed: 0-SUMMARYCustomAlgos.tsv_max.txt', 32.05380251718235), ('Unnamed: 0-SUMMARYCustomAlgos.tsv_mean.txt', 19.583982799665957), ('Unnamed: 0-SUMMARYCustomAlgos.tsv_q10.txt', 19.441855393875816), ('Unnamed: 0-SUMMARYCustomAlgos.tsv_min.txt', 10.86107955716646)]
19115	25042024--s--Lm--st--19115--p--D06--pos--1--tm--0--ch--BF	19115	L394	[('Unnamed: 0-SUMMARYCustomAlgos.tsv_median.txt', 29.571583161802454), ('Unnamed: 0-SUMMARYCustomAlgos.tsv_max.txt', 24.65421633903516), ('Unnamed: 0-SUMMARYCustomAlgos.tsv_q10.txt', 14.777753544009984), ('Unnamed: 0-SUMMARYCustomAlgos.tsv_min.txt', 7.019279887373677), ('Unnamed: 0-SUMMARYCustomAlgos.tsv_mean.txt', 6.9535274993226315)]
19115	25042024--s--Lm--st--19115--p--D06--pos--2--tm--0--ch--BF	19115	L634	[('Unnamed: 0-SUMMARYCustomAlgos.tsv_median.txt', 38.59065901536652), ('Unnamed: 0-SUMMARYCustomAlgos.tsv_max.txt', 28.931299326250745), ('Unnamed: 0-SUMMARYCustomAlgos.tsv_mean.txt', 24.406532745478252), ('Unnamed: 0-SUMMARYCustomAlgos.tsv_q10.txt', 23.28699444825591), ('Unnamed: 0-SUMMARYCustomAlgos.tsv_min.txt', 18.061612651416397)]
19115	25042024--s--Lm--st--19115--p--D06--pos--3--tm--0--ch--BF	19115	L634	[('Unnamed: 0-SUMMARYCustomAlgos.tsv_median.txt', 39.01472519237084), ('Unnamed: 0-SUMMARYCustomAlgos.tsv_max.txt', 31.511696220229023), ('Unnamed: 0-SUMMARYCustomAlgos.tsv_mean.txt', 23.829379029016902), ('Unnamed: 0-SUMMARYCustomAlgos.tsv_q10.txt', 22.568534248546477), ('Unnamed: 0-SUMMARYCustomAlgos.tsv_min.txt', 17.899275175087244)]
19115	25042024--s--Lm--st--19115--p--D07--pos--1--tm--0--ch--BF	19115	L628	[('Unnamed: 0-SUMMARYCustomAlgos.tsv_max.txt', 95.49221174518537), ('Unnamed: 0-SUMMARYCustomAlgos.tsv_median.txt', 61.66772833174843), ('Unnamed: 0-SUMMARYCustomAlgos.tsv_mean.txt', 30.896959978422768), ('Unnamed: 0-SUMMARYCustomAlgos.tsv_q10.txt', 15.79944646361912), ('Unnamed: 0-SUMMARYCustomAlgos.tsv_min.txt', 8.989015187884855)]
19115	25042024--s--Lm--st--19115--p--D07--pos--2--tm--0--ch--BF	19115	L628	[('Unnamed: 0-SUMMARYCustomAlgos.tsv_median.txt', 46.2931215935128), ('Unnamed: 0-SUMMARYCustomAlgos.tsv_max.txt', 36.42557306670779), ('Unnamed: 0-SUMMARYCustomAlgos.tsv_mean.txt', 22.574950696464313), ('Unnamed: 0-SUMMARYCustomAlgos.tsv_q10.txt', 20.391553544943356), ('Unnamed: 0-SUMMARYCustomAlgos.tsv_min.txt', 16.38359943853221)]
19115	25042024--s--Lm--st--19115--p--D07--pos--3--tm--0--ch--BF	19115	L394	[('Unnamed: 0-SUMMARYCustomAlgos.tsv_median.txt', 52.50091590441634), ('Unnamed: 0-SUMMARYCustomAlgos.tsv_max.txt', 25.126476479431254), ('Unnamed: 0-SUMMARYCustomAlgos.tsv_mean.txt', 11.94285754687262), ('Unnamed: 0-SUMMARYCustomAlgos.tsv_min.txt', 10.037789576876696), ('Unnamed: 0-SUMMARYCustomAlgos.tsv_q10.txt', 9.909072621569198)]
L455	28032023--s--Lm--st--L455--p--C04--pos--2--tm--0--ch--BF	L455	L394	[('Unnamed: 0-SUMMARYCustomAlgos.tsv_max.txt', 365.1101095702961), ('Unnamed: 0-SUMMARYCustomAlgos.tsv_q10.txt', 78.05427117810709), ('Unnamed: 0-SUMMARYCustomAlgos.tsv_median.txt', 28.5838021958731), ('Unnamed: 0-SUMMARYCustomAlgos.tsv_min.txt', 7.0018648862559)]
L455	28032023--s--Lm--st--L455--p--C04--pos--3--tm--0--ch--BF	L455	L628	[('Unnamed: 0-SUMMARYCustomAlgos.tsv_max.txt', 182.2877354140213), ('Unnamed: 0-SUMMARYCustomAlgos.tsv_q10.txt', 52.997472809407455), ('Unnamed: 0-SUMMARYCustomAlgos.tsv_mean.txt', 33.132211157549484), ('Unnamed: 0-SUMMARYCustomAlgos.tsv_median.txt', 19.777280015261418), ('Unnamed: 0-SUMMARYCustomAlgos.tsv_min.txt', 18.332451978343876)]
L455	28032023--s--Lm--st--L455--p--C05--pos--1--tm--0--ch--BF	L455	L394	[('Unnamed: 0-SUMMARYCustomAlgos.tsv_max.txt', 365.1101095702961), ('Unnamed: 0-SUMMARYCustomAlgos.tsv_q10.txt', 78.05427117810709), ('Unnamed: 0-SUMMARYCustomAlgos.tsv_median.txt', 28.5838021958731), ('Unnamed: 0-SUMMARYCustomAlgos.tsv_min.txt', 7.0018648862559)]
L455	28032023--s--Lm--st--L455--p--C05--pos--2--tm--0--ch--BF	L455	L628	[('Unnamed: 0-SUMMARYCustomAlgos.tsv_q10.txt', 65.82239708193231), ('Unnamed: 0-SUMMARYCustomAlgos.tsv_min.txt', 50.42158453884338), ('Unnamed: 0-SUMMARYCustomAlgos.tsv_max.txt', 38.618762831163345), ('Unnamed: 0-SUMMARYCustomAlgos.tsv_mean.txt', 33.35311923228304), ('Unnamed: 0-SUMMARYCustomAlgos.tsv_median.txt', 21.216477860832736)]
L455	28032023--s--Lm--st--L455--p--C05--pos--3--tm--0--ch--BF	L455	L628	[('Unnamed: 0-SUMMARYCustomAlgos.tsv_max.txt', 110.67830733712294), ('Unnamed: 0-SUMMARYCustomAlgos.tsv_q10.txt', 18.184457343904025), ('Unnamed: 0-SUMMARYCustomAlgos.tsv_median.txt', 0.42191454908681597)]
L455	28032023--s--Lm--st--L455--p--C06--pos--1--tm--0--ch--BF	L455	L634	[('Unnamed: 0-SUMMARYCustomAlgos.tsv_max.txt', 55.84391918005117), ('Unnamed: 0-SUMMARYCustomAlgos.tsv_q10.txt', 26.227991170441047), ('Unnamed: 0-SUMMARYCustomAlgos.tsv_mean.txt', 22.788928326455242), ('Unnamed: 0-SUMMARYCustomAlgos.tsv_median.txt', 14.226543647720586), ('Unnamed: 0-SUMMARYCustomAlgos.tsv_min.txt', 12.30607044993752)]
L455	28032023--s--Lm--st--L455--p--C06--pos--2--tm--0--ch--BF	L455	L394	[('Unnamed: 0-SUMMARYCustomAlgos.tsv_max.txt', 365.1101095702961), ('Unnamed: 0-SUMMARYCustomAlgos.tsv_q10.txt', 78.05427117810709), ('Unnamed: 0-SUMMARYCustomAlgos.tsv_median.txt', 28.5838021958731), ('Unnamed: 0-SUMMARYCustomAlgos.tsv_min.txt', 7.0018648862559)]
L455	28032023--s--Lm--st--L455--p--C06--pos--3--tm--0--ch--BF	L455	L628	[('Unnamed: 0-SUMMARYCustomAlgos.tsv_q10.txt', 67.44804409944742), ('Unnamed: 0-SUMMARYCustomAlgos.tsv_min.txt', 50.52671313316199), ('Unnamed: 0-SUMMARYCustomAlgos.tsv_max.txt', 36.30444238905755), ('Unnamed: 0-SUMMARYCustomAlgos.tsv_mean.txt', 34.18618479830037), ('Unnamed: 0-SUMMARYCustomAlgos.tsv_median.txt', 20.63158126472545)]
L455	28032023--s--Lm--st--L455--p--C07--pos--1--tm--0--ch--BF	L455	L394	[('Unnamed: 0-SUMMARYCustomAlgos.tsv_q10.txt', 107.0458439146356), ('Unnamed: 0-SUMMARYCustomAlgos.tsv_max.txt', 98.9940190241203), ('Unnamed: 0-SUMMARYCustomAlgos.tsv_median.txt', 34.91199910339842), ('Unnamed: 0-SUMMARYCustomAlgos.tsv_mean.txt', 17.434174183095575), ('Unnamed: 0-SUMMARYCustomAlgos.tsv_min.txt', 3.454503114775149)]
L455	28032023--s--Lm--st--L455--p--C07--pos--2--tm--0--ch--BF	L455	L1764	[('Unnamed: 0-SUMMARYCustomAlgos.tsv_max.txt', 53.31678898708124), ('Unnamed: 0-SUMMARYCustomAlgos.tsv_q10.txt', 41.20732444184219), ('Unnamed: 0-SUMMARYCustomAlgos.tsv_median.txt', 11.954041688808944), ('Unnamed: 0-SUMMARYCustomAlgos.tsv_mean.txt', 9.817709443276584), ('Unnamed: 0-SUMMARYCustomAlgos.tsv_min.txt', 3.593985294688948)]
L455	28032023--s--Lm--st--L455--p--C07--pos--3--tm--0--ch--BF	L455	L1764	[('Unnamed: 0-SUMMARYCustomAlgos.tsv_max.txt', 85.19076445028789), ('Unnamed: 0-SUMMARYCustomAlgos.tsv_q10.txt', 26.217277648666613), ('Unnamed: 0-SUMMARYCustomAlgos.tsv_mean.txt', 23.884426315355633), ('Unnamed: 0-SUMMARYCustomAlgos.tsv_median.txt', 18.200209216413562), ('Unnamed: 0-SUMMARYCustomAlgos.tsv_min.txt', 17.133111156263148)]
L455	28032023--s--Lm--st--L455--p--C08--pos--2--tm--0--ch--BF	L455	L394	[('Unnamed: 0-SUMMARYCustomAlgos.tsv_q10.txt', 107.0458439146356), ('Unnamed: 0-SUMMARYCustomAlgos.tsv_max.txt', 98.9940190241203), ('Unnamed: 0-SUMMARYCustomAlgos.tsv_median.txt', 34.91199910339842), ('Unnamed: 0-SUMMARYCustomAlgos.tsv_mean.txt', 17.434174183095575), ('Unnamed: 0-SUMMARYCustomAlgos.tsv_min.txt', 3.454503114775149)]
L455	28032023--s--Lm--st--L455--p--C08--pos--3--tm--0--ch--BF	L455	L628	[('Unnamed: 0-SUMMARYCustomAlgos.tsv_max.txt', 110.67830733712294), ('Unnamed: 0-SUMMARYCustomAlgos.tsv_q10.txt', 18.184457343904025), ('Unnamed: 0-SUMMARYCustomAlgos.tsv_median.txt', 0.42191454908681597)]
L455	28032023--s--Lm--st--L455--p--D03--pos--1--tm--0--ch--BF	L455	L628	[('Unnamed: 0-SUMMARYCustomAlgos.tsv_max.txt', 110.67830733712294), ('Unnamed: 0-SUMMARYCustomAlgos.tsv_q10.txt', 18.184457343904025), ('Unnamed: 0-SUMMARYCustomAlgos.tsv_median.txt', 0.42191454908681597)]
L455	28032023--s--Lm--st--L455--p--D03--pos--2--tm--0--ch--BF	L455	L628	[('Unnamed: 0-SUMMARYCustomAlgos.tsv_max.txt', 110.67830733712294), ('Unnamed: 0-SUMMARYCustomAlgos.tsv_q10.txt', 18.184457343904025), ('Unnamed: 0-SUMMARYCustomAlgos.tsv_median.txt', 0.42191454908681597)]
L455	28032023--s--Lm--st--L455--p--D03--pos--3--tm--0--ch--BF	L455	L628	[('Unnamed: 0-SUMMARYCustomAlgos.tsv_max.txt', 110.67830733712294), ('Unnamed: 0-SUMMARYCustomAlgos.tsv_q10.txt', 18.184457343904025), ('Unnamed: 0-SUMMARYCustomAlgos.tsv_median.txt', 0.42191454908681597)]
L455	28032023--s--Lm--st--L455--p--D04--pos--1--tm--0--ch--BF	L455	L1764	[('Unnamed: 0-SUMMARYCustomAlgos.tsv_max.txt', 52.48206910836899), ('Unnamed: 0-SUMMARYCustomAlgos.tsv_q10.txt', 49.5578158136845), ('Unnamed: 0-SUMMARYCustomAlgos.tsv_median.txt', 15.680542902158695), ('Unnamed: 0-SUMMARYCustomAlgos.tsv_mean.txt', 11.370472107759253), ('Unnamed: 0-SUMMARYCustomAlgos.tsv_min.txt', 2.6404486307275064)]
L455	28032023--s--Lm--st--L455--p--D04--pos--2--tm--0--ch--BF	L455	L394	[('Unnamed: 0-SUMMARYCustomAlgos.tsv_q10.txt', 107.0458439146356), ('Unnamed: 0-SUMMARYCustomAlgos.tsv_max.txt', 98.9940190241203), ('Unnamed: 0-SUMMARYCustomAlgos.tsv_median.txt', 34.91199910339842), ('Unnamed: 0-SUMMARYCustomAlgos.tsv_mean.txt', 17.434174183095575), ('Unnamed: 0-SUMMARYCustomAlgos.tsv_min.txt', 3.454503114775149)]
L455	28032023--s--Lm--st--L455--p--D04--pos--3--tm--0--ch--BF	L455	L628	[('Unnamed: 0-SUMMARYCustomAlgos.tsv_q10.txt', 90.00514800709398), ('Unnamed: 0-SUMMARYCustomAlgos.tsv_median.txt', 29.823066955136344), ('Unnamed: 0-SUMMARYCustomAlgos.tsv_max.txt', 20.693905185544654), ('Unnamed: 0-SUMMARYCustomAlgos.tsv_mean.txt', 9.021294730347641), ('Unnamed: 0-SUMMARYCustomAlgos.tsv_min.txt', 3.8379965629611013)]
L455	28032023--s--Lm--st--L455--p--D06--pos--1--tm--0--ch--BF	L455	L628	[('Unnamed: 0-SUMMARYCustomAlgos.tsv_q10.txt', 61.684510192424874), ('Unnamed: 0-SUMMARYCustomAlgos.tsv_min.txt', 51.345340010983016), ('Unnamed: 0-SUMMARYCustomAlgos.tsv_max.txt', 41.18847941583598), ('Unnamed: 0-SUMMARYCustomAlgos.tsv_mean.txt', 32.7712211732003), ('Unnamed: 0-SUMMARYCustomAlgos.tsv_median.txt', 23.002635261942036)]
L455	28032023--s--Lm--st--L455--p--D06--pos--2--tm--0--ch--BF	L455	L628	[('Unnamed: 0-SUMMARYCustomAlgos.tsv_q10.txt', 90.00514800709398), ('Unnamed: 0-SUMMARYCustomAlgos.tsv_median.txt', 29.823066955136344), ('Unnamed: 0-SUMMARYCustomAlgos.tsv_max.txt', 20.693905185544654), ('Unnamed: 0-SUMMARYCustomAlgos.tsv_mean.txt', 9.021294730347641), ('Unnamed: 0-SUMMARYCustomAlgos.tsv_min.txt', 3.8379965629611013)]
L455	28032023--s--Lm--st--L455--p--D06--pos--3--tm--0--ch--BF	L455	L628	[('Unnamed: 0-SUMMARYCustomAlgos.tsv_q10.txt', 42.31849671059518), ('Unnamed: 0-SUMMARYCustomAlgos.tsv_max.txt', 34.412695590988264), ('Unnamed: 0-SUMMARYCustomAlgos.tsv_min.txt', 28.345573185962607), ('Unnamed: 0-SUMMARYCustomAlgos.tsv_median.txt', 20.571759827419548), ('Unnamed: 0-SUMMARYCustomAlgos.tsv_mean.txt', 17.46373751855776)]
L455	28032023--s--Lm--st--L455--p--D07--pos--3--tm--0--ch--BF	L455	L394	[('Unnamed: 0-SUMMARYCustomAlgos.tsv_q10.txt', 106.54121704069426), ('Unnamed: 0-SUMMARYCustomAlgos.tsv_max.txt', 98.26540733736843), ('Unnamed: 0-SUMMARYCustomAlgos.tsv_median.txt', 34.88537680899046), ('Unnamed: 0-SUMMARYCustomAlgos.tsv_mean.txt', 17.179053821716394), ('Unnamed: 0-SUMMARYCustomAlgos.tsv_min.txt', 2.2780057092183275)]
L455	28032023--s--Lm--st--L455--p--D08--pos--1--tm--0--ch--BF	L455	L628	[('Unnamed: 0-SUMMARYCustomAlgos.tsv_q10.txt', 65.2914447352926), ('Unnamed: 0-SUMMARYCustomAlgos.tsv_min.txt', 51.345340010983016), ('Unnamed: 0-SUMMARYCustomAlgos.tsv_max.txt', 41.218344787252256), ('Unnamed: 0-SUMMARYCustomAlgos.tsv_mean.txt', 33.699750564308864), ('Unnamed: 0-SUMMARYCustomAlgos.tsv_median.txt', 22.232211106040314)]
L455	28032023--s--Lm--st--L455--p--D08--pos--2--tm--0--ch--BF	L455	L628	[('Unnamed: 0-SUMMARYCustomAlgos.tsv_max.txt', 110.67830733712294), ('Unnamed: 0-SUMMARYCustomAlgos.tsv_q10.txt', 18.184457343904025), ('Unnamed: 0-SUMMARYCustomAlgos.tsv_median.txt', 0.42191454908681597)]
L1764	30052023--s--Lm--st--L1764--p--F04--pos--1--tm--0--ch--BF	L1764	L634	[('Unnamed: 0-SUMMARYCustomAlgos.tsv_max.txt', 62.75142797591172), ('Unnamed: 0-SUMMARYCustomAlgos.tsv_median.txt', 23.827451271557795), ('Unnamed: 0-SUMMARYCustomAlgos.tsv_q10.txt', 19.645072988211176), ('Unnamed: 0-SUMMARYCustomAlgos.tsv_mean.txt', 19.61863363088184), ('Unnamed: 0-SUMMARYCustomAlgos.tsv_min.txt', 18.44473388390639)]
L1764	30052023--s--Lm--st--L1764--p--F04--pos--2--tm--0--ch--BF	L1764	L634	[('Unnamed: 0-SUMMARYCustomAlgos.tsv_median.txt', 28.896402804325906), ('Unnamed: 0-SUMMARYCustomAlgos.tsv_max.txt', 24.038292355882135), ('Unnamed: 0-SUMMARYCustomAlgos.tsv_mean.txt', 21.973770175860544), ('Unnamed: 0-SUMMARYCustomAlgos.tsv_min.txt', 13.599753220225791), ('Unnamed: 0-SUMMARYCustomAlgos.tsv_q10.txt', 13.584173436678386)]
L1764	30052023--s--Lm--st--L1764--p--F05--pos--3--tm--0--ch--BF	L1764	L634	[('Unnamed: 0-SUMMARYCustomAlgos.tsv_median.txt', 28.896402804325906), ('Unnamed: 0-SUMMARYCustomAlgos.tsv_max.txt', 24.038292355882135), ('Unnamed: 0-SUMMARYCustomAlgos.tsv_mean.txt', 21.973770175860544), ('Unnamed: 0-SUMMARYCustomAlgos.tsv_min.txt', 13.599753220225791), ('Unnamed: 0-SUMMARYCustomAlgos.tsv_q10.txt', 13.584173436678386)]
L1764	30052023--s--Lm--st--L1764--p--F06--pos--1--tm--0--ch--BF	L1764	19115	[('Unnamed: 0-SUMMARYCustomAlgos.tsv_max.txt', 43.83805163931028), ('Unnamed: 0-SUMMARYCustomAlgos.tsv_median.txt', 24.11053580017084), ('Unnamed: 0-SUMMARYCustomAlgos.tsv_q10.txt', 22.630467625910534), ('Unnamed: 0-SUMMARYCustomAlgos.tsv_min.txt', 19.072845300814627), ('Unnamed: 0-SUMMARYCustomAlgos.tsv_mean.txt', 18.960141154499606)]
L1764	30052023--s--Lm--st--L1764--p--F06--pos--2--tm--0--ch--BF	L1764	L634	[('Unnamed: 0-SUMMARYCustomAlgos.tsv_max.txt', 129.0515534867663), ('Unnamed: 0-SUMMARYCustomAlgos.tsv_q10.txt', 40.43295256117166), ('Unnamed: 0-SUMMARYCustomAlgos.tsv_median.txt', 26.211412739060044), ('Unnamed: 0-SUMMARYCustomAlgos.tsv_mean.txt', 23.960029759499356), ('Unnamed: 0-SUMMARYCustomAlgos.tsv_min.txt', 18.235481641417827)]
L1764	30052023--s--Lm--st--L1764--p--F07--pos--1--tm--0--ch--BF	L1764	L634	[('Unnamed: 0-SUMMARYCustomAlgos.tsv_max.txt', 63.019063518617344), ('Unnamed: 0-SUMMARYCustomAlgos.tsv_median.txt', 26.402283428130616), ('Unnamed: 0-SUMMARYCustomAlgos.tsv_mean.txt', 19.852323068450225), ('Unnamed: 0-SUMMARYCustomAlgos.tsv_q10.txt', 19.073361388295496), ('Unnamed: 0-SUMMARYCustomAlgos.tsv_min.txt', 18.167674218697915)]
L1764	30052023--s--Lm--st--L1764--p--F07--pos--2--tm--0--ch--BF	L1764	L394	[('Unnamed: 0-SUMMARYCustomAlgos.tsv_max.txt', 118.32567129015625), ('Unnamed: 0-SUMMARYCustomAlgos.tsv_median.txt', 55.05662002895891), ('Unnamed: 0-SUMMARYCustomAlgos.tsv_mean.txt', 27.27701410599678), ('Unnamed: 0-SUMMARYCustomAlgos.tsv_q10.txt', 18.697224743933027), ('Unnamed: 0-SUMMARYCustomAlgos.tsv_min.txt', 14.293100788004251)]
L1764	30052023--s--Lm--st--L1764--p--F08--pos--2--tm--0--ch--BF	L1764	19115	[('Unnamed: 0-SUMMARYCustomAlgos.tsv_max.txt', 104.55799288658673), ('Unnamed: 0-SUMMARYCustomAlgos.tsv_median.txt', 33.874459380874804), ('Unnamed: 0-SUMMARYCustomAlgos.tsv_q10.txt', 22.880678469234358), ('Unnamed: 0-SUMMARYCustomAlgos.tsv_mean.txt', 21.447984139121317), ('Unnamed: 0-SUMMARYCustomAlgos.tsv_min.txt', 17.71072075948672)]
L1764	30052023--s--Lm--st--L1764--p--F08--pos--3--tm--0--ch--BF	L1764	19115	[('Unnamed: 0-SUMMARYCustomAlgos.tsv_max.txt', 95.08708784886504), ('Unnamed: 0-SUMMARYCustomAlgos.tsv_median.txt', 33.27853635735468), ('Unnamed: 0-SUMMARYCustomAlgos.tsv_mean.txt', 23.587868216900656), ('Unnamed: 0-SUMMARYCustomAlgos.tsv_q10.txt', 22.83867539615087), ('Unnamed: 0-SUMMARYCustomAlgos.tsv_min.txt', 18.323964873337676)]
L1764	30052023--s--Lm--st--L1764--p--F09--pos--1--tm--0--ch--BF	L1764	19115	[('Unnamed: 0-SUMMARYCustomAlgos.tsv_max.txt', 92.60451007018871), ('Unnamed: 0-SUMMARYCustomAlgos.tsv_median.txt', 31.074236755259353), ('Unnamed: 0-SUMMARYCustomAlgos.tsv_mean.txt', 20.191491595324347), ('Unnamed: 0-SUMMARYCustomAlgos.tsv_min.txt', 20.106826942559454), ('Unnamed: 0-SUMMARYCustomAlgos.tsv_q10.txt', 20.03929614495818)]
L1764	30052023--s--Lm--st--L1764--p--F09--pos--2--tm--0--ch--BF	L1764	19115	[('Unnamed: 0-SUMMARYCustomAlgos.tsv_max.txt', 55.02614922981155), ('Unnamed: 0-SUMMARYCustomAlgos.tsv_median.txt', 27.65166449019196), ('Unnamed: 0-SUMMARYCustomAlgos.tsv_q10.txt', 22.716724484014847), ('Unnamed: 0-SUMMARYCustomAlgos.tsv_mean.txt', 21.190835074871096), ('Unnamed: 0-SUMMARYCustomAlgos.tsv_min.txt', 18.221418568914615)]
L1764	30052023--s--Lm--st--L1764--p--F09--pos--3--tm--0--ch--BF	L1764	L634	[('Unnamed: 0-SUMMARYCustomAlgos.tsv_median.txt', 43.410627034000555), ('Unnamed: 0-SUMMARYCustomAlgos.tsv_q10.txt', 36.23339489044229), ('Unnamed: 0-SUMMARYCustomAlgos.tsv_max.txt', 34.10461087043186), ('Unnamed: 0-SUMMARYCustomAlgos.tsv_mean.txt', 29.64532153664903), ('Unnamed: 0-SUMMARYCustomAlgos.tsv_min.txt', 16.92114402958226)]
L1764	30052023--s--Lm--st--L1764--p--F10--pos--1--tm--0--ch--BF	L1764	L634	[('Unnamed: 0-SUMMARYCustomAlgos.tsv_median.txt', 31.651251835284363), ('Unnamed: 0-SUMMARYCustomAlgos.tsv_max.txt', 25.571418075802285), ('Unnamed: 0-SUMMARYCustomAlgos.tsv_mean.txt', 20.357200803651253), ('Unnamed: 0-SUMMARYCustomAlgos.tsv_q10.txt', 12.511913394999683), ('Unnamed: 0-SUMMARYCustomAlgos.tsv_min.txt', 12.211751477266601)]
L1764	30052023--s--Lm--st--L1764--p--F10--pos--2--tm--0--ch--BF	L1764	L634	[('Unnamed: 0-SUMMARYCustomAlgos.tsv_median.txt', 41.995423990912), ('Unnamed: 0-SUMMARYCustomAlgos.tsv_mean.txt', 27.95367568195661), ('Unnamed: 0-SUMMARYCustomAlgos.tsv_max.txt', 25.246889577656198), ('Unnamed: 0-SUMMARYCustomAlgos.tsv_q10.txt', 16.470597201305445), ('Unnamed: 0-SUMMARYCustomAlgos.tsv_min.txt', 12.291557867449534)]
L1764	30052023--s--Lm--st--L1764--p--F10--pos--3--tm--0--ch--BF	L1764	L394	[('Unnamed: 0-SUMMARYCustomAlgos.tsv_max.txt', 107.43204159346344), ('Unnamed: 0-SUMMARYCustomAlgos.tsv_median.txt', 40.34033411533716), ('Unnamed: 0-SUMMARYCustomAlgos.tsv_mean.txt', 25.36734703749684), ('Unnamed: 0-SUMMARYCustomAlgos.tsv_q10.txt', 21.59907515191), ('Unnamed: 0-SUMMARYCustomAlgos.tsv_min.txt', 9.725633548647975)]
L1764	30052023--s--Lm--st--L1764--p--G03--pos--1--tm--0--ch--BF	L1764	19115	[('Unnamed: 0-SUMMARYCustomAlgos.tsv_max.txt', 93.83536507637207), ('Unnamed: 0-SUMMARYCustomAlgos.tsv_median.txt', 33.57557156430633), ('Unnamed: 0-SUMMARYCustomAlgos.tsv_q10.txt', 23.29208991651082), ('Unnamed: 0-SUMMARYCustomAlgos.tsv_mean.txt', 22.14871208798418), ('Unnamed: 0-SUMMARYCustomAlgos.tsv_min.txt', 18.865603535771438)]
L1764	30052023--s--Lm--st--L1764--p--G03--pos--2--tm--0--ch--BF	L1764	L628	[('Unnamed: 0-SUMMARYCustomAlgos.tsv_median.txt', 43.81819636478841), ('Unnamed: 0-SUMMARYCustomAlgos.tsv_max.txt', 35.13406299600313), ('Unnamed: 0-SUMMARYCustomAlgos.tsv_q10.txt', 33.26950869423622), ('Unnamed: 0-SUMMARYCustomAlgos.tsv_mean.txt', 24.067830666214206), ('Unnamed: 0-SUMMARYCustomAlgos.tsv_min.txt', 19.060977380538905)]
L1764	30052023--s--Lm--st--L1764--p--G03--pos--3--tm--0--ch--BF	L1764	L634	[('Unnamed: 0-SUMMARYCustomAlgos.tsv_median.txt', 43.002091200873856), ('Unnamed: 0-SUMMARYCustomAlgos.tsv_max.txt', 30.584695403381186), ('Unnamed: 0-SUMMARYCustomAlgos.tsv_mean.txt', 28.2533048435096), ('Unnamed: 0-SUMMARYCustomAlgos.tsv_q10.txt', 17.290944697566886), ('Unnamed: 0-SUMMARYCustomAlgos.tsv_min.txt', 12.5395673211609)]
L1764	30052023--s--Lm--st--L1764--p--G04--pos--2--tm--0--ch--BF	L1764	19115	[('Unnamed: 0-SUMMARYCustomAlgos.tsv_max.txt', 366.18994929848657), ('Unnamed: 0-SUMMARYCustomAlgos.tsv_median.txt', 66.78675494232391), ('Unnamed: 0-SUMMARYCustomAlgos.tsv_min.txt', 49.10520893555152), ('Unnamed: 0-SUMMARYCustomAlgos.tsv_q10.txt', 7.960124195017203), ('Unnamed: 0-SUMMARYCustomAlgos.tsv_mean.txt', 7.636505905806097)]
L1764	30052023--s--Lm--st--L1764--p--G04--pos--3--tm--0--ch--BF	L1764	19115	[('Unnamed: 0-SUMMARYCustomAlgos.tsv_max.txt', 45.254821410662686), ('Unnamed: 0-SUMMARYCustomAlgos.tsv_median.txt', 45.1434150896727), ('Unnamed: 0-SUMMARYCustomAlgos.tsv_mean.txt', 18.923556414262034), ('Unnamed: 0-SUMMARYCustomAlgos.tsv_q10.txt', 16.61280505536409), ('Unnamed: 0-SUMMARYCustomAlgos.tsv_min.txt', 9.647474116034)]
L1764	30052023--s--Lm--st--L1764--p--G05--pos--1--tm--0--ch--BF	L1764	L634	[('Unnamed: 0-SUMMARYCustomAlgos.tsv_max.txt', 66.49117453315252), ('Unnamed: 0-SUMMARYCustomAlgos.tsv_median.txt', 26.316436032687932), ('Unnamed: 0-SUMMARYCustomAlgos.tsv_mean.txt', 20.255234752550397), ('Unnamed: 0-SUMMARYCustomAlgos.tsv_q10.txt', 19.073361388295496), ('Unnamed: 0-SUMMARYCustomAlgos.tsv_min.txt', 18.38181865884954)]
L1764	30052023--s--Lm--st--L1764--p--G05--pos--2--tm--0--ch--BF	L1764	L634	[('Unnamed: 0-SUMMARYCustomAlgos.tsv_median.txt', 32.714166760652375), ('Unnamed: 0-SUMMARYCustomAlgos.tsv_mean.txt', 21.943848753367345), ('Unnamed: 0-SUMMARYCustomAlgos.tsv_max.txt', 20.99570927170004), ('Unnamed: 0-SUMMARYCustomAlgos.tsv_q10.txt', 15.497123580950388), ('Unnamed: 0-SUMMARYCustomAlgos.tsv_min.txt', 11.924686404882408)]
L1764	30052023--s--Lm--st--L1764--p--G05--pos--3--tm--0--ch--BF	L1764	L634	[('Unnamed: 0-SUMMARYCustomAlgos.tsv_max.txt', 55.131693957342485), ('Unnamed: 0-SUMMARYCustomAlgos.tsv_median.txt', 26.413743487922606), ('Unnamed: 0-SUMMARYCustomAlgos.tsv_mean.txt', 20.12336836951262), ('Unnamed: 0-SUMMARYCustomAlgos.tsv_q10.txt', 19.519431617114318), ('Unnamed: 0-SUMMARYCustomAlgos.tsv_min.txt', 17.064236488522702)]
L634	30052023--s--Lm--st--L634--p--C04--pos--1--tm--0--ch--BF	L634	L455	[('Unnamed: 0-SUMMARYCustomAlgos.tsv_median.txt', 45.51549514890033), ('Unnamed: 0-SUMMARYCustomAlgos.tsv_max.txt', 40.129835014417026), ('Unnamed: 0-SUMMARYCustomAlgos.tsv_mean.txt', 34.63586330064847), ('Unnamed: 0-SUMMARYCustomAlgos.tsv_q10.txt', 30.561902381849492), ('Unnamed: 0-SUMMARYCustomAlgos.tsv_min.txt', 19.82825987096869)]
L634	30052023--s--Lm--st--L634--p--C04--pos--2--tm--0--ch--BF	L634	L1764	[('Unnamed: 0-SUMMARYCustomAlgos.tsv_max.txt', 52.075967898501446), ('Unnamed: 0-SUMMARYCustomAlgos.tsv_median.txt', 49.63312074596893), ('Unnamed: 0-SUMMARYCustomAlgos.tsv_min.txt', 23.33148459830086), ('Unnamed: 0-SUMMARYCustomAlgos.tsv_q10.txt', 12.207950841618967), ('Unnamed: 0-SUMMARYCustomAlgos.tsv_mean.txt', 3.0258489292839528)]
L634	30052023--s--Lm--st--L634--p--C04--pos--3--tm--0--ch--BF	L634	L1764	[('Unnamed: 0-SUMMARYCustomAlgos.tsv_mean.txt', 28.548835563845476), ('Unnamed: 0-SUMMARYCustomAlgos.tsv_median.txt', 24.618160861576072), ('Unnamed: 0-SUMMARYCustomAlgos.tsv_q10.txt', 17.830153734115804), ('Unnamed: 0-SUMMARYCustomAlgos.tsv_max.txt', 15.858985877425058), ('Unnamed: 0-SUMMARYCustomAlgos.tsv_min.txt', 13.773235280759547)]
L634	30052023--s--Lm--st--L634--p--C05--pos--1--tm--0--ch--BF	L634	19115	[('Unnamed: 0-SUMMARYCustomAlgos.tsv_median.txt', 50.70616797747919), ('Unnamed: 0-SUMMARYCustomAlgos.tsv_mean.txt', 22.875871683522963), ('Unnamed: 0-SUMMARYCustomAlgos.tsv_max.txt', 21.299251032814865), ('Unnamed: 0-SUMMARYCustomAlgos.tsv_q10.txt', 18.9281394939796), ('Unnamed: 0-SUMMARYCustomAlgos.tsv_min.txt', 13.192620467602989)]
L634	30052023--s--Lm--st--L634--p--C05--pos--3--tm--0--ch--BF	L634	L628	[('Unnamed: 0-SUMMARYCustomAlgos.tsv_median.txt', 43.40834158119253), ('Unnamed: 0-SUMMARYCustomAlgos.tsv_max.txt', 29.513433464330202), ('Unnamed: 0-SUMMARYCustomAlgos.tsv_mean.txt', 25.425657928006963), ('Unnamed: 0-SUMMARYCustomAlgos.tsv_q10.txt', 20.995996174274726), ('Unnamed: 0-SUMMARYCustomAlgos.tsv_min.txt', 17.75744083159159)]
L634	30052023--s--Lm--st--L634--p--C06--pos--1--tm--0--ch--BF	L634	19115	[('Unnamed: 0-SUMMARYCustomAlgos.tsv_median.txt', 40.551579666729474), ('Unnamed: 0-SUMMARYCustomAlgos.tsv_max.txt', 25.22537832306983), ('Unnamed: 0-SUMMARYCustomAlgos.tsv_mean.txt', 24.114957081776456), ('Unnamed: 0-SUMMARYCustomAlgos.tsv_q10.txt', 20.678322113247702), ('Unnamed: 0-SUMMARYCustomAlgos.tsv_min.txt', 15.68934413401013)]
L634	30052023--s--Lm--st--L634--p--C06--pos--2--tm--0--ch--BF	L634	19115	[('Unnamed: 0-SUMMARYCustomAlgos.tsv_mean.txt', 25.978041422828746), ('Unnamed: 0-SUMMARYCustomAlgos.tsv_median.txt', 25.02089589940977), ('Unnamed: 0-SUMMARYCustomAlgos.tsv_q10.txt', 20.472982949015925), ('Unnamed: 0-SUMMARYCustomAlgos.tsv_max.txt', 20.42908450275867), ('Unnamed: 0-SUMMARYCustomAlgos.tsv_min.txt', 15.79802663864452)]
L634	30052023--s--Lm--st--L634--p--C06--pos--3--tm--0--ch--BF	L634	19115	[('Unnamed: 0-SUMMARYCustomAlgos.tsv_median.txt', 32.54952476171878), ('Unnamed: 0-SUMMARYCustomAlgos.tsv_mean.txt', 25.069333266886968), ('Unnamed: 0-SUMMARYCustomAlgos.tsv_max.txt', 24.696870199951825), ('Unnamed: 0-SUMMARYCustomAlgos.tsv_q10.txt', 18.45186703000722), ('Unnamed: 0-SUMMARYCustomAlgos.tsv_min.txt', 13.24620086444572)]
L634	30052023--s--Lm--st--L634--p--C07--pos--1--tm--0--ch--BF	L634	L455	[('Unnamed: 0-SUMMARYCustomAlgos.tsv_median.txt', 51.43083314049102), ('Unnamed: 0-SUMMARYCustomAlgos.tsv_max.txt', 27.774710712370418), ('Unnamed: 0-SUMMARYCustomAlgos.tsv_mean.txt', 24.111378651304978), ('Unnamed: 0-SUMMARYCustomAlgos.tsv_q10.txt', 20.023148769927722), ('Unnamed: 0-SUMMARYCustomAlgos.tsv_min.txt', 13.300540445853892)]
L634	30052023--s--Lm--st--L634--p--C07--pos--2--tm--0--ch--BF	L634	L628	[('Unnamed: 0-SUMMARYCustomAlgos.tsv_max.txt', 37.18892698436526), ('Unnamed: 0-SUMMARYCustomAlgos.tsv_min.txt', 29.87235501027701), ('Unnamed: 0-SUMMARYCustomAlgos.tsv_mean.txt', 17.862139178367602), ('Unnamed: 0-SUMMARYCustomAlgos.tsv_median.txt', 17.563838312947077), ('Unnamed: 0-SUMMARYCustomAlgos.tsv_q10.txt', 3.478726506261093)]
L634	30052023--s--Lm--st--L634--p--C07--pos--3--tm--0--ch--BF	L634	L1764	[('Unnamed: 0-SUMMARYCustomAlgos.tsv_median.txt', 33.09525837831169), ('Unnamed: 0-SUMMARYCustomAlgos.tsv_max.txt', 29.779329045120285), ('Unnamed: 0-SUMMARYCustomAlgos.tsv_mean.txt', 27.496290483114368), ('Unnamed: 0-SUMMARYCustomAlgos.tsv_q10.txt', 24.127819527359502), ('Unnamed: 0-SUMMARYCustomAlgos.tsv_min.txt', 20.37040248657582)]
L634	30052023--s--Lm--st--L634--p--C08--pos--1--tm--0--ch--BF	L634	L1764	[('Unnamed: 0-SUMMARYCustomAlgos.tsv_median.txt', 50.13291707314953), ('Unnamed: 0-SUMMARYCustomAlgos.tsv_max.txt', 48.572042811039665), ('Unnamed: 0-SUMMARYCustomAlgos.tsv_min.txt', 23.017517328759375), ('Unnamed: 0-SUMMARYCustomAlgos.tsv_q10.txt', 12.025197632732892), ('Unnamed: 0-SUMMARYCustomAlgos.tsv_mean.txt', 3.1640050231669328)]
L634	30052023--s--Lm--st--L634--p--C08--pos--2--tm--0--ch--BF	L634	L1764	[('Unnamed: 0-SUMMARYCustomAlgos.tsv_median.txt', 39.41525287100895), ('Unnamed: 0-SUMMARYCustomAlgos.tsv_max.txt', 35.50713299629331), ('Unnamed: 0-SUMMARYCustomAlgos.tsv_mean.txt', 33.597715415281996), ('Unnamed: 0-SUMMARYCustomAlgos.tsv_q10.txt', 26.253535123997867), ('Unnamed: 0-SUMMARYCustomAlgos.tsv_min.txt', 20.90113753435532)]
L634	30052023--s--Lm--st--L634--p--C08--pos--3--tm--0--ch--BF	L634	L394	[('Unnamed: 0-SUMMARYCustomAlgos.tsv_median.txt', 30.972016004942116), ('Unnamed: 0-SUMMARYCustomAlgos.tsv_mean.txt', 23.33150119072752), ('Unnamed: 0-SUMMARYCustomAlgos.tsv_max.txt', 19.9378968299515), ('Unnamed: 0-SUMMARYCustomAlgos.tsv_q10.txt', 17.516981331786198), ('Unnamed: 0-SUMMARYCustomAlgos.tsv_min.txt', 13.871598642342105)]
L634	30052023--s--Lm--st--L634--p--C09--pos--1--tm--0--ch--BF	L634	L394	[('Unnamed: 0-SUMMARYCustomAlgos.tsv_median.txt', 31.400691701808583), ('Unnamed: 0-SUMMARYCustomAlgos.tsv_mean.txt', 28.49279020590985), ('Unnamed: 0-SUMMARYCustomAlgos.tsv_max.txt', 23.53918766853458), ('Unnamed: 0-SUMMARYCustomAlgos.tsv_q10.txt', 16.864955232163894), ('Unnamed: 0-SUMMARYCustomAlgos.tsv_min.txt', 15.419285588086883)]
L634	30052023--s--Lm--st--L634--p--C09--pos--2--tm--0--ch--BF	L634	L1764	[('Unnamed: 0-SUMMARYCustomAlgos.tsv_median.txt', 37.125932463984995), ('Unnamed: 0-SUMMARYCustomAlgos.tsv_max.txt', 35.77362058466556), ('Unnamed: 0-SUMMARYCustomAlgos.tsv_mean.txt', 30.784070963427574), ('Unnamed: 0-SUMMARYCustomAlgos.tsv_min.txt', 24.76666863384518), ('Unnamed: 0-SUMMARYCustomAlgos.tsv_q10.txt', 20.055619595038877)]
L634	30052023--s--Lm--st--L634--p--C09--pos--3--tm--0--ch--BF	L634	L1764	[('Unnamed: 0-SUMMARYCustomAlgos.tsv_max.txt', 61.8653685695057), ('Unnamed: 0-SUMMARYCustomAlgos.tsv_median.txt', 59.84735211035558), ('Unnamed: 0-SUMMARYCustomAlgos.tsv_min.txt', 22.164599051892466), ('Unnamed: 0-SUMMARYCustomAlgos.tsv_q10.txt', 11.805893526349351), ('Unnamed: 0-SUMMARYCustomAlgos.tsv_mean.txt', 3.464254846073436)]
L634	30052023--s--Lm--st--L634--p--C10--pos--1--tm--0--ch--BF	L634	L1764	[('Unnamed: 0-SUMMARYCustomAlgos.tsv_max.txt', 52.075967898501446), ('Unnamed: 0-SUMMARYCustomAlgos.tsv_median.txt', 49.63312074596893), ('Unnamed: 0-SUMMARYCustomAlgos.tsv_min.txt', 23.33148459830086), ('Unnamed: 0-SUMMARYCustomAlgos.tsv_q10.txt', 12.207950841618967), ('Unnamed: 0-SUMMARYCustomAlgos.tsv_mean.txt', 3.0258489292839528)]
L634	30052023--s--Lm--st--L634--p--C10--pos--2--tm--0--ch--BF	L634	L455	[('Unnamed: 0-SUMMARYCustomAlgos.tsv_median.txt', 51.43083314049102), ('Unnamed: 0-SUMMARYCustomAlgos.tsv_max.txt', 27.774710712370418), ('Unnamed: 0-SUMMARYCustomAlgos.tsv_mean.txt', 24.111378651304978), ('Unnamed: 0-SUMMARYCustomAlgos.tsv_q10.txt', 20.023148769927722), ('Unnamed: 0-SUMMARYCustomAlgos.tsv_min.txt', 13.300540445853892)]
L634	30052023--s--Lm--st--L634--p--C10--pos--3--tm--0--ch--BF	L634	L455	[('Unnamed: 0-SUMMARYCustomAlgos.tsv_median.txt', 43.924027729028126), ('Unnamed: 0-SUMMARYCustomAlgos.tsv_mean.txt', 22.685000628197596), ('Unnamed: 0-SUMMARYCustomAlgos.tsv_max.txt', 20.565405641099385), ('Unnamed: 0-SUMMARYCustomAlgos.tsv_q10.txt', 17.78614148743472), ('Unnamed: 0-SUMMARYCustomAlgos.tsv_min.txt', 13.114914602690714)]
L634	30052023--s--Lm--st--L634--p--D03--pos--1--tm--0--ch--BF	L634	L1764	[('Unnamed: 0-SUMMARYCustomAlgos.tsv_median.txt', 50.55498517505116), ('Unnamed: 0-SUMMARYCustomAlgos.tsv_max.txt', 48.8335334009123), ('Unnamed: 0-SUMMARYCustomAlgos.tsv_min.txt', 23.21274670592613), ('Unnamed: 0-SUMMARYCustomAlgos.tsv_q10.txt', 12.421078852997725), ('Unnamed: 0-SUMMARYCustomAlgos.tsv_mean.txt', 3.2110213828883873)]
L634	30052023--s--Lm--st--L634--p--D03--pos--2--tm--0--ch--BF	L634	19115	[('Unnamed: 0-SUMMARYCustomAlgos.tsv_median.txt', 46.601660127369996), ('Unnamed: 0-SUMMARYCustomAlgos.tsv_mean.txt', 23.859017312162475), ('Unnamed: 0-SUMMARYCustomAlgos.tsv_q10.txt', 19.82563654695541), ('Unnamed: 0-SUMMARYCustomAlgos.tsv_max.txt', 19.278409890478354), ('Unnamed: 0-SUMMARYCustomAlgos.tsv_min.txt', 12.407200061571507)]
L634	30052023--s--Lm--st--L634--p--D04--pos--1--tm--0--ch--BF	L634	19115	[('Unnamed: 0-SUMMARYCustomAlgos.tsv_mean.txt', 29.333254236549973), ('Unnamed: 0-SUMMARYCustomAlgos.tsv_max.txt', 28.282114535823972), ('Unnamed: 0-SUMMARYCustomAlgos.tsv_q10.txt', 23.295923022930126), ('Unnamed: 0-SUMMARYCustomAlgos.tsv_min.txt', 20.648205206457277), ('Unnamed: 0-SUMMARYCustomAlgos.tsv_median.txt', 19.632853703152712)]
L634	30052023--s--Lm--st--L634--p--D04--pos--2--tm--0--ch--BF	L634	L1764	[('Unnamed: 0-SUMMARYCustomAlgos.tsv_max.txt', 28.032542384078617), ('Unnamed: 0-SUMMARYCustomAlgos.tsv_mean.txt', 25.910631734281385), ('Unnamed: 0-SUMMARYCustomAlgos.tsv_q10.txt', 25.906518725061023), ('Unnamed: 0-SUMMARYCustomAlgos.tsv_median.txt', 25.432560203357035), ('Unnamed: 0-SUMMARYCustomAlgos.tsv_min.txt', 17.977855006222434)]
L634	30052023--s--Lm--st--L634--p--D04--pos--3--tm--0--ch--BF	L634	L1764	[('Unnamed: 0-SUMMARYCustomAlgos.tsv_median.txt', 50.89910300879565), ('Unnamed: 0-SUMMARYCustomAlgos.tsv_max.txt', 49.06649916790384), ('Unnamed: 0-SUMMARYCustomAlgos.tsv_min.txt', 23.201582048116258), ('Unnamed: 0-SUMMARYCustomAlgos.tsv_q10.txt', 11.913095775168896), ('Unnamed: 0-SUMMARYCustomAlgos.tsv_mean.txt', 4.309627347147246)]
L634	30052023--s--Lm--st--L634--p--D05--pos--1--tm--0--ch--BF	L634	L1764	[('Unnamed: 0-SUMMARYCustomAlgos.tsv_max.txt', 50.242835187034906), ('Unnamed: 0-SUMMARYCustomAlgos.tsv_median.txt', 49.9778827234203), ('Unnamed: 0-SUMMARYCustomAlgos.tsv_min.txt', 23.075407430649292), ('Unnamed: 0-SUMMARYCustomAlgos.tsv_q10.txt', 12.023020152366145), ('Unnamed: 0-SUMMARYCustomAlgos.tsv_mean.txt', 2.539859532345802)]
L634	30052023--s--Lm--st--L634--p--D05--pos--3--tm--0--ch--BF	L634	L628	[('Unnamed: 0-SUMMARYCustomAlgos.tsv_median.txt', 48.58929891630944), ('Unnamed: 0-SUMMARYCustomAlgos.tsv_mean.txt', 26.497653709030818), ('Unnamed: 0-SUMMARYCustomAlgos.tsv_max.txt', 24.659977533672123), ('Unnamed: 0-SUMMARYCustomAlgos.tsv_q10.txt', 19.506857836020696), ('Unnamed: 0-SUMMARYCustomAlgos.tsv_min.txt', 15.772546713390716)]
