feature	RandomForest(n=200, p=1.0)	MutualInformation
counts(Norminten<0.8799999999999996-SUMMARYCustomAlgos.tsv_max.txt	0.007557485137786261	0.7805263077509319
counts(Norminten<0.8799999999999996-SUMMARYCustomAlgos.tsv_q90.txt	0.00717085357215681	0.819493846205698
counts(Norminten<0.8599999999999995-SUMMARYCustomAlgos.tsv_median.txt	0.007003139558635659	0.7812498558095404
counts(Norminten<0.8499999999999996-SUMMARYCustomAlgos.tsv_q90.txt	0.0065536404407548305	0.7772349266549696
counts(Norminten<0.8499999999999996-SUMMARYCustomAlgos.tsv_max.txt	0.006371991454485607	0.7759104666854566
counts(Norminten<0.8499999999999996-SUMMARYCustomAlgos.tsv_q10.txt	0.006183392774064939	0.769162857925076
counts(Norminten<0.8799999999999996-SUMMARYCustomAlgos.tsv_q75.txt	0.0060554388294237795	0.7966330056814215
counts(Norminten<0.8799999999999996-SUMMARYCustomAlgos.tsv_median.txt	0.0060247750672291255	0.7531490851247402
counts(Norminten<0.14999999999999997-SUMMARYCustomAlgos.tsv_max.txt	0.005982753598728596	0.31257578568591393
counts(Norminten<0.8499999999999996-SUMMARYCustomAlgos.tsv_q75.txt	0.00588862682149102	0.7525850044563271
counts(Norminten<0.15999999999999998-SUMMARYCustomAlgos.tsv_max.txt	0.005694216955797229	0.34239417545293627
counts(Norminten<0.15999999999999998-SUMMARYCustomAlgos.tsv_q90.txt	0.00558265336642162	0.34059864175966226
counts(Norminten<0.8599999999999995-SUMMARYCustomAlgos.tsv_q75.txt	0.005558661897571775	0.8035570483690662
counts(Norminten<0.14999999999999997-SUMMARYCustomAlgos.tsv_q90.txt	0.005531090729415162	0.3106436521904601
counts(Norminten<0.8899999999999996-SUMMARYCustomAlgos.tsv_max.txt	0.005505418307538083	0.7926833395568424
counts(Norminten<0.14999999999999997-SUMMARYCustomAlgos.tsv_median.txt	0.005439234113097611	0.31220623157044436
counts(Norminten<0.15999999999999998-SUMMARYCustomAlgos.tsv_min.txt	0.0052428755570584195	0.3400010277695684
counts(Norminten<0.8799999999999996-SUMMARYCustomAlgos.tsv_min.txt	0.005204487698017795	0.8164350117149906
counts(Norminten<0.15999999999999998-SUMMARYCustomAlgos.tsv_q25.txt	0.005136417759354784	0.34141292591131434
counts(Norminten<0.8799999999999996-SUMMARYCustomAlgos.tsv_q25.txt	0.00508204872478925	0.8054259090162668
counts(Norminten<0.8199999999999996-SUMMARYCustomAlgos.tsv_mean.txt	0.004973686600099035	0.7948286506467785
counts(Norminten<0.8699999999999996-SUMMARYCustomAlgos.tsv_median.txt	0.004696149409928132	0.7182727377848717
counts(Norminten<0.8799999999999996-SUMMARYCustomAlgos.tsv_mean.txt	0.004654795144662397	0.7683693543016172
counts(Norminten<0.15999999999999998-SUMMARYCustomAlgos.tsv_q75.txt	0.004634376647635263	0.34046984098151656
counts(Norminten<0.8599999999999995-SUMMARYCustomAlgos.tsv_q10.txt	0.004565834360389947	0.7944478083052227
counts(Norminten<0.15999999999999998-SUMMARYCustomAlgos.tsv_median.txt	0.004500570558611736	0.3394089768636488
counts(Norminten<0.8199999999999996-SUMMARYCustomAlgos.tsv_q10.txt	0.004423061345025433	0.8021518870662034
counts(Norminten<0.8199999999999996-SUMMARYCustomAlgos.tsv_min.txt	0.004346643584861473	0.8140256216118122
counts(inten<0.7599999999999997-SUMMARYCustomAlgos.tsv_q25.txt	0.004336176531972136	0.4235258934450079
counts(Norminten<0.8199999999999996-SUMMARYCustomAlgos.tsv_max.txt	0.004288464273490831	0.7748959461284164
counts(Norminten<0.8399999999999996-SUMMARYCustomAlgos.tsv_q90.txt	0.0041774838830557605	0.708905213282546
counts(Norminten<0.8199999999999996-SUMMARYCustomAlgos.tsv_q90.txt	0.004165524508718767	0.7932247531376526
counts(Norminten<0.14999999999999997-SUMMARYCustomAlgos.tsv_q10.txt	0.004162164307616965	0.31111867882561484
counts(Norminten<0.14999999999999997-SUMMARYCustomAlgos.tsv_q75.txt	0.0041542599927458556	0.31144908856647113
counts(Norminten<0.13999999999999999-SUMMARYCustomAlgos.tsv_mean.txt	0.004092035914276783	0.3011603417177606
counts(Norminten<0.8199999999999996-SUMMARYCustomAlgos.tsv_median.txt	0.0038254664374395625	0.8098363943953144
counts(Norminten<0.14999999999999997-SUMMARYCustomAlgos.tsv_q25.txt	0.003810408313291658	0.31012215806525445
counts(Norminten<0.14999999999999997-SUMMARYCustomAlgos.tsv_min.txt	0.0037383351371016887	0.31044959400270944
counts(Norminten<0.8499999999999996-SUMMARYCustomAlgos.tsv_q25.txt	0.0037350063044019693	0.7503143782523014
counts(Norminten<0.8699999999999996-SUMMARYCustomAlgos.tsv_mean.txt	0.0036621721447597103	0.7748804623417129
counts(Norminten<0.8699999999999996-SUMMARYCustomAlgos.tsv_q25.txt	0.003576648508385981	0.7494729910807822
counts(inten<0.7599999999999997-SUMMARYCustomAlgos.tsv_min.txt	0.003558994837258967	0.42999628851770755
counts(Norminten<0.8599999999999995-SUMMARYCustomAlgos.tsv_max.txt	0.003530807085746593	0.7759214792717075
counts(Norminten<0.15999999999999998-SUMMARYCustomAlgos.tsv_q10.txt	0.003479110935092114	0.34174036511839034
counts(inten<0.7599999999999997-SUMMARYCustomAlgos.tsv_median.txt	0.0034767040538855303	0.425302547497834
counts(Norminten<0.8199999999999996-SUMMARYCustomAlgos.tsv_q75.txt	0.0034316958746643095	0.822905685310134
counts(Norminten<0.8599999999999995-SUMMARYCustomAlgos.tsv_mean.txt	0.0034158718931912154	0.7921059454184256
counts(Norminten<0.8499999999999996-SUMMARYCustomAlgos.tsv_min.txt	0.0033626051540942025	0.7745526676607941
counts(Norminten<0.14999999999999997-SUMMARYCustomAlgos.tsv_mean.txt	0.0033198465449728503	0.3112567654931584
counts(Norminten<0.8499999999999996-SUMMARYCustomAlgos.tsv_mean.txt	0.00331429801598946	0.7804832056613926
counts(Norminten<0.8199999999999996-SUMMARYCustomAlgos.tsv_q25.txt	0.003272002666658517	0.8005533914276524
counts(Norminten<0.8499999999999996-SUMMARYCustomAlgos.tsv_median.txt	0.003261275286198553	0.753467540893141
counts(Norminten<0.13999999999999999-SUMMARYCustomAlgos.tsv_q90.txt	0.0032166772121464387	0.3003690596490758
counts(inten<0.7599999999999997-SUMMARYCustomAlgos.tsv_q10.txt	0.003164328456120859	0.435406136993274
counts(Norminten<0.8399999999999996-SUMMARYCustomAlgos.tsv_q75.txt	0.003122464457247716	0.7251795969948831
counts(Norminten<0.8799999999999996-SUMMARYCustomAlgos.tsv_q10.txt	0.003093217922821067	0.7839846499978091
counts(Norminten<0.8899999999999996-SUMMARYCustomAlgos.tsv_mean.txt	0.0030905083048313937	0.7642770502809153
counts(Norminten<0.8399999999999996-SUMMARYCustomAlgos.tsv_q10.txt	0.003039443258695435	0.7635019268595569
counts(Norminten<0.16999999999999998-SUMMARYCustomAlgos.tsv_q90.txt	0.003036988178643781	0.3525611377916076
counts(Norminten<0.15999999999999998-SUMMARYCustomAlgos.tsv_mean.txt	0.003001793355784101	0.3410399093145906
counts(inten<0.7599999999999997-SUMMARYCustomAlgos.tsv_mean.txt	0.0030004153110655394	0.4235931545660572
counts(inten<0.7399999999999997-SUMMARYCustomAlgos.tsv_mean.txt	0.002991094021756728	0.571955495946141
counts(inten<0.7599999999999997-SUMMARYCustomAlgos.tsv_q75.txt	0.0029372331592821496	0.4361229179114603
counts(Norminten<0.13999999999999999-SUMMARYCustomAlgos.tsv_q75.txt	0.0028576627079561806	0.3003191184743117
counts(Norminten<0.8899999999999996-SUMMARYCustomAlgos.tsv_q75.txt	0.0028558029675743862	0.778685057006888
counts(Norminten<0.8899999999999996-SUMMARYCustomAlgos.tsv_median.txt	0.0027961745057829878	0.7789523498403508
counts(Norminten<0.8399999999999996-SUMMARYCustomAlgos.tsv_max.txt	0.0027815896034321156	0.7448664890207071
counts(Norminten<0.8599999999999995-SUMMARYCustomAlgos.tsv_min.txt	0.0027108238923563275	0.7848543644649548
counts(Norminten<0.8299999999999996-SUMMARYCustomAlgos.tsv_median.txt	0.0027025737208363773	0.7593076799416902
counts(Norminten<0.8399999999999996-SUMMARYCustomAlgos.tsv_median.txt	0.002688262852626019	0.7167526321702278
minProp-SUMMARYCustomAlgos.tsv_median.txt	0.0026662768498982472	0.15930671207515257
counts(Norminten<0.13999999999999999-SUMMARYCustomAlgos.tsv_min.txt	0.002576440166921768	0.3010830357173666
counts(Norminten<0.8899999999999996-SUMMARYCustomAlgos.tsv_min.txt	0.002559454970611717	0.7924887699238603
counts(Norminten<0.8399999999999996-SUMMARYCustomAlgos.tsv_q25.txt	0.002547434856811023	0.7174101962903165
counts(Norminten<0.1-SUMMARYCustomAlgos.tsv_q90.txt	0.0024171514974909215	0.2082809319654304
counts(Norminten<0.13999999999999999-SUMMARYCustomAlgos.tsv_max.txt	0.002410563844592476	0.29921735429020346
counts(Norminten<0.1-SUMMARYCustomAlgos.tsv_q75.txt	0.0023799422145394772	0.20842609976452575
counts(Norminten<0.8699999999999996-SUMMARYCustomAlgos.tsv_q10.txt	0.0023529199885946126	0.7129145682634426
counts(Norminten<0.17999999999999997-SUMMARYCustomAlgos.tsv_min.txt	0.002330271030779785	0.3177476274811215
counts(Norminten<0.8599999999999995-SUMMARYCustomAlgos.tsv_q90.txt	0.0022748329735105587	0.7812576905253357
counts(inten<0.5799999999999997-SUMMARYCustomAlgos.tsv_mean.txt	0.0022743415020011737	0.3759030834301904
counts(Norminten<0.13999999999999999-SUMMARYCustomAlgos.tsv_q25.txt	0.0022604368437300873	0.3014301534379147
counts(inten<0.7399999999999997-SUMMARYCustomAlgos.tsv_q75.txt	0.0022560106206655555	0.5647537899913053
minProp-SUMMARYCustomAlgos.tsv_q75.txt	0.0022540962235644327	0.15930671207515257
counts(inten<0.7599999999999997-SUMMARYCustomAlgos.tsv_max.txt	0.002249251628680038	0.4348811743839738
counts(Norminten<0.5299999999999998-SUMMARYCustomAlgos.tsv_max.txt	0.002231671712423138	0.6168259260817348
counts(inten<0.7799999999999997-SUMMARYCustomAlgos.tsv_median.txt	0.0022285990703313327	0.41697487775637176
minProp-SUMMARYCustomAlgos.tsv_max.txt	0.0022236378701965607	0.15930671207515257
counts(Norminten<0.8699999999999996-SUMMARYCustomAlgos.tsv_q75.txt	0.0022202062990026626	0.7627854452027627
minProp-SUMMARYCustomAlgos.tsv_mean.txt	0.0022155774842335	0.15930671207515257
counts(Norminten<0.7999999999999996-SUMMARYCustomAlgos.tsv_median.txt	0.002204852867275123	0.7136308497752641
counts(Norminten<0.1-SUMMARYCustomAlgos.tsv_q10.txt	0.002202388320145621	0.20970776219268528
counts(inten<0.8399999999999996-SUMMARYCustomAlgos.tsv_q90.txt	0.002198548647306715	0.48166633761944944
counts(Norminten<0.11-SUMMARYCustomAlgos.tsv_mean.txt	0.002189938192459056	0.27993668434013985
counts(Norminten<0.13-SUMMARYCustomAlgos.tsv_median.txt	0.002151674751224576	0.280193621915072
counts(Norminten<0.5399999999999998-SUMMARYCustomAlgos.tsv_median.txt	0.002116041748835259	0.6420839519341701
std-SUMMARYCustomAlgos.tsv_q25.txt	0.0021158316627289874	0.26754683552847514
counts(Norminten<0.1-SUMMARYCustomAlgos.tsv_min.txt	0.002109500255945224	0.20889739068167623
counts(Norminten<0.8699999999999996-SUMMARYCustomAlgos.tsv_q90.txt	0.002102100473568208	0.7324620419095984
counts(inten<0.7199999999999996-SUMMARYCustomAlgos.tsv_q90.txt	0.002099825112183735	0.5618809763415586
counts(Norminten<0.48999999999999977-SUMMARYCustomAlgos.tsv_q75.txt	0.002086231376487629	0.5143645103291283
counts(inten<0.7599999999999997-SUMMARYCustomAlgos.tsv_q90.txt	0.002084112313094085	0.42183016115956606
counts(Norminten<0.8299999999999996-SUMMARYCustomAlgos.tsv_q10.txt	0.002082804048748624	0.7430563711596574
counts(Norminten<0.13999999999999999-SUMMARYCustomAlgos.tsv_median.txt	0.002062266906178338	0.30263465139922374
counts(Norminten<0.8899999999999996-SUMMARYCustomAlgos.tsv_q25.txt	0.002051972551864731	0.8227524028915707
counts(inten<0.5799999999999997-SUMMARYCustomAlgos.tsv_q10.txt	0.0020386557426949324	0.4299306381536234
minProp-SUMMARYCustomAlgos.tsv_min.txt	0.0020328744925413884	0.15930671207515257
counts(inten<0.5799999999999997-SUMMARYCustomAlgos.tsv_median.txt	0.002029821668452334	0.33875851380345123
counts(inten<0.7199999999999996-SUMMARYCustomAlgos.tsv_min.txt	0.002024821368511085	0.5520068471326733
counts(Norminten<0.5799999999999997-SUMMARYCustomAlgos.tsv_median.txt	0.0019949646467494813	0.6510582745500177
counts(Norminten<0.13999999999999999-SUMMARYCustomAlgos.tsv_q10.txt	0.001961927508438056	0.2997886565659029
counts(inten<0.7499999999999997-SUMMARYCustomAlgos.tsv_q25.txt	0.001958097553312154	0.5561054014972395
counts(inten<0.7399999999999997-SUMMARYCustomAlgos.tsv_q10.txt	0.001916412248537414	0.5796664827602402
counts(inten<0.8399999999999996-SUMMARYCustomAlgos.tsv_max.txt	0.0019084201497936442	0.47284791813310934
std-SUMMARYCustomAlgos.tsv_q10.txt	0.0019042892012604662	0.26754683552847514
counts(Norminten<0.12-SUMMARYCustomAlgos.tsv_q90.txt	0.0018973699128705303	0.28821738119599427
counts(inten<0.7399999999999997-SUMMARYCustomAlgos.tsv_q90.txt	0.0018891483354877875	0.5919393584439963
counts(Norminten<0.18999999999999995-SUMMARYCustomAlgos.tsv_q10.txt	0.0018890514547508824	0.31806623242679377
counts(Norminten<0.4999999999999998-SUMMARYCustomAlgos.tsv_q25.txt	0.001887777099296761	0.5933808123587125
counts(Norminten<0.12-SUMMARYCustomAlgos.tsv_q25.txt	0.001875583256107245	0.2902193920052505
counts(Norminten<0.16999999999999998-SUMMARYCustomAlgos.tsv_mean.txt	0.0018662802101324252	0.3497132842587698
counts(Norminten<0.8899999999999996-SUMMARYCustomAlgos.tsv_q90.txt	0.0018605024162438007	0.7702842595486259
counts(inten<0.7499999999999997-SUMMARYCustomAlgos.tsv_q10.txt	0.0018539193518690939	0.5667288023188575
minProp-SUMMARYCustomAlgos.tsv_q90.txt	0.0018516935957120445	0.15930671207515257
counts(Norminten<0.8899999999999996-SUMMARYCustomAlgos.tsv_q10.txt	0.0018398019195693953	0.7982517736541581
counts(Norminten<0.1-SUMMARYCustomAlgos.tsv_max.txt	0.0018372863590860624	0.20853718668028343
counts(inten<0.7399999999999997-SUMMARYCustomAlgos.tsv_max.txt	0.0018352944760170605	0.5725119752292489
minProp-SUMMARYCustomAlgos.tsv_q10.txt	0.0018122194337837213	0.15930671207515257
std-SUMMARYCustomAlgos.tsv_q90.txt	0.0018113166029257775	0.26754683552847514
counts(Norminten<0.13-SUMMARYCustomAlgos.tsv_q10.txt	0.001810380903726167	0.28312466170050987
minProp-SUMMARYCustomAlgos.tsv_q25.txt	0.0017788990269335392	0.15930671207515257
counts(Norminten<0.4999999999999998-SUMMARYCustomAlgos.tsv_q10.txt	0.0017781723977359806	0.5933964523610267
counts(inten<0.7499999999999997-SUMMARYCustomAlgos.tsv_max.txt	0.0017732070865124612	0.5532079004313513
counts(Norminten<0.16999999999999998-SUMMARYCustomAlgos.tsv_q75.txt	0.0017721716008341196	0.3529058023460454
std-SUMMARYCustomAlgos.tsv_median.txt	0.0017648318615250873	0.26754683552847514
counts(Norminten<0.48999999999999977-SUMMARYCustomAlgos.tsv_max.txt	0.0017646422546817146	0.5136803049225986
std-SUMMARYCustomAlgos.tsv_max.txt	0.0017516211375146224	0.26754683552847514
counts(Norminten<0.11-SUMMARYCustomAlgos.tsv_q90.txt	0.0017477486920032253	0.2804938540129984
counts(Norminten<0.4999999999999998-SUMMARYCustomAlgos.tsv_mean.txt	0.0017436499806556414	0.5884427728747896
counts(Norminten<0.5299999999999998-SUMMARYCustomAlgos.tsv_median.txt	0.0017325620705666367	0.6189104742939522
std-SUMMARYCustomAlgos.tsv_mean.txt	0.0017095613359306456	0.26754683552847514
counts(inten<0.8799999999999996-SUMMARYCustomAlgos.tsv_median.txt	0.0017037456323934766	0.6778048055296777
counts(inten<0.5799999999999997-SUMMARYCustomAlgos.tsv_q90.txt	0.0016944388850072018	0.3865042130086209
counts(Norminten<0.11-SUMMARYCustomAlgos.tsv_median.txt	0.0016887688765173294	0.27952599135836387
counts(Norminten<0.16999999999999998-SUMMARYCustomAlgos.tsv_q10.txt	0.0016885258514837004	0.35082118100690574
counts(inten<0.8399999999999996-SUMMARYCustomAlgos.tsv_min.txt	0.0016829176743021776	0.4762336939930325
counts(Norminten<0.5099999999999998-SUMMARYCustomAlgos.tsv_median.txt	0.001668737471021556	0.590541727836007
counts(Norminten<0.5399999999999998-SUMMARYCustomAlgos.tsv_q90.txt	0.0016434751113272251	0.6314293372358355
counts(Norminten<0.13-SUMMARYCustomAlgos.tsv_q90.txt	0.0016433800568212379	0.28138439143019234
counts(inten<0.7199999999999996-SUMMARYCustomAlgos.tsv_median.txt	0.001642806979823984	0.5870910650115855
counts(inten<0.6399999999999997-SUMMARYCustomAlgos.tsv_max.txt	0.0016267923176244061	0.5606381839865269
counts(Norminten<0.24999999999999992-SUMMARYCustomAlgos.tsv_q10.txt	0.0016263049592363681	0.2610755234166344
counts(Norminten<0.17999999999999997-SUMMARYCustomAlgos.tsv_q90.txt	0.0016224892222329004	0.3144451657789298
counts(Norminten<0.5299999999999998-SUMMARYCustomAlgos.tsv_mean.txt	0.001619244486045423	0.6169644986735161
counts(Norminten<0.5199999999999998-SUMMARYCustomAlgos.tsv_min.txt	0.0016050931125070804	0.5548391349205843
counts(Norminten<0.1-SUMMARYCustomAlgos.tsv_mean.txt	0.0016010948377031535	0.2091210507991792
counts(inten<0.7399999999999997-SUMMARYCustomAlgos.tsv_median.txt	0.0015967951223763354	0.5879139392303094
counts(Norminten<0.13-SUMMARYCustomAlgos.tsv_min.txt	0.0015800136756100327	0.280087741322105
counts(Norminten<0.12-SUMMARYCustomAlgos.tsv_mean.txt	0.0015783406066570604	0.28679917605402805
counts(Norminten<0.12-SUMMARYCustomAlgos.tsv_max.txt	0.0015644809362946087	0.2893379859195697
counts(inten<0.8899999999999996-SUMMARYCustomAlgos.tsv_max.txt	0.0015531032884477855	0.6739961500099634
counts(Norminten<0.48999999999999977-SUMMARYCustomAlgos.tsv_q25.txt	0.0015517924899126395	0.508623598543664
counts(inten<0.6999999999999996-SUMMARYCustomAlgos.tsv_min.txt	0.0015422495934203947	0.5854059433828587
counts(inten<0.7799999999999997-SUMMARYCustomAlgos.tsv_q75.txt	0.0015384515515772176	0.41343515131407216
counts(Norminten<0.18999999999999995-SUMMARYCustomAlgos.tsv_min.txt	0.0015377791030632944	0.31700106338937317
counts(Norminten<0.5799999999999997-SUMMARYCustomAlgos.tsv_q25.txt	0.0015317194481906937	0.658521641163456
counts(inten<0.7299999999999996-SUMMARYCustomAlgos.tsv_q90.txt	0.0015302932192916246	0.5278644318243066
counts(Norminten<0.11-SUMMARYCustomAlgos.tsv_q75.txt	0.001524166522915507	0.2799349227175121
counts(Norminten<0.1-SUMMARYCustomAlgos.tsv_q25.txt	0.0015221111981728404	0.20990253572586903
counts(Norminten<0.12-SUMMARYCustomAlgos.tsv_q75.txt	0.0015181131301602155	0.2893598945051701
counts(inten<0.7199999999999996-SUMMARYCustomAlgos.tsv_q25.txt	0.0015151754249364282	0.5819082680615497
counts(inten<0.7399999999999997-SUMMARYCustomAlgos.tsv_q25.txt	0.0014992337278038192	0.5874236735199281
counts(inten<0.7199999999999996-SUMMARYCustomAlgos.tsv_q75.txt	0.0014985609022462798	0.5787912020593775
counts(Norminten<0.13-SUMMARYCustomAlgos.tsv_mean.txt	0.0014972152089714646	0.279831503952503
counts(Norminten<0.16999999999999998-SUMMARYCustomAlgos.tsv_median.txt	0.0014951629741342756	0.3521825428239991
counts(inten<0.6799999999999997-SUMMARYCustomAlgos.tsv_q25.txt	0.0014943972442354309	0.5765800306799251
counts(Norminten<0.7999999999999996-SUMMARYCustomAlgos.tsv_q90.txt	0.0014917611250764538	0.727767523728891
counts(Norminten<0.5299999999999998-SUMMARYCustomAlgos.tsv_q25.txt	0.001485200228242833	0.6240702692499251
counts(Norminten<0.47999999999999976-SUMMARYCustomAlgos.tsv_q10.txt	0.0014850573562576602	0.5252740028391938
counts(Norminten<0.5099999999999998-SUMMARYCustomAlgos.tsv_q25.txt	0.001483964265975033	0.6002565461819369
counts(Norminten<0.17999999999999997-SUMMARYCustomAlgos.tsv_max.txt	0.001482722324048576	0.3142345500448189
counts(inten<0.7499999999999997-SUMMARYCustomAlgos.tsv_q90.txt	0.0014778637482002798	0.5554291832268543
counts(inten<0.5799999999999997-SUMMARYCustomAlgos.tsv_q75.txt	0.0014744115739720642	0.39673175832323126
counts(inten<0.8399999999999996-SUMMARYCustomAlgos.tsv_q25.txt	0.0014631475897062378	0.4743179831338953
counts(inten<0.7199999999999996-SUMMARYCustomAlgos.tsv_max.txt	0.0014521450233967738	0.5649509681076337
counts(Norminten<0.5199999999999998-SUMMARYCustomAlgos.tsv_q75.txt	0.0014407507510663128	0.5484040578301435
counts(Norminten<0.24999999999999992-SUMMARYCustomAlgos.tsv_max.txt	0.0014364979036217125	0.2627072855698329
counts(inten<0.8399999999999996-SUMMARYCustomAlgos.tsv_q10.txt	0.0014351045520380314	0.4770440823354023
std-SUMMARYCustomAlgos.tsv_q75.txt	0.00142888824118526	0.26754683552847514
counts(Norminten<0.5399999999999998-SUMMARYCustomAlgos.tsv_min.txt	0.0014190871855241176	0.6417195656685655
counts(inten<0.8799999999999996-SUMMARYCustomAlgos.tsv_mean.txt	0.001418145149187774	0.6962148192042594
counts(Norminten<0.5299999999999998-SUMMARYCustomAlgos.tsv_min.txt	0.0014180419803259158	0.6207446667604954
counts(Norminten<0.5799999999999997-SUMMARYCustomAlgos.tsv_mean.txt	0.0014152563116178567	0.6407048944464218
counts(inten<0.8199999999999996-SUMMARYCustomAlgos.tsv_max.txt	0.0013964372024140403	0.4388327109509067
counts(inten<0.6999999999999996-SUMMARYCustomAlgos.tsv_q75.txt	0.0013851851907348614	0.5919201927880193
counts(Norminten<0.4999999999999998-SUMMARYCustomAlgos.tsv_q75.txt	0.0013715433008036012	0.5891981654749534
counts(inten<0.8499999999999996-SUMMARYCustomAlgos.tsv_mean.txt	0.001370369770104897	0.5809965151838457
counts(Norminten<0.21999999999999995-SUMMARYCustomAlgos.tsv_q25.txt	0.0013693554968689904	0.3541104135916795
counts(Norminten<0.13-SUMMARYCustomAlgos.tsv_max.txt	0.0013523548029705198	0.28043703911597584
counts(Norminten<0.17999999999999997-SUMMARYCustomAlgos.tsv_q75.txt	0.0013484327062223268	0.31846125424398997
counts(inten<0.6999999999999996-SUMMARYCustomAlgos.tsv_mean.txt	0.001344831806188223	0.588501573206285
counts(Norminten<0.21999999999999995-SUMMARYCustomAlgos.tsv_mean.txt	0.001341717003480367	0.35317940183931906
counts(inten<0.8399999999999996-SUMMARYCustomAlgos.tsv_q75.txt	0.0013358682192711458	0.47538433558705107
counts(Norminten<0.13-SUMMARYCustomAlgos.tsv_q75.txt	0.0013354914870336864	0.2799164633881839
counts(Norminten<0.7499999999999997-SUMMARYCustomAlgos.tsv_q75.txt	0.0013331404157026407	0.744713949716846
counts(inten<0.6999999999999996-SUMMARYCustomAlgos.tsv_median.txt	0.001319887095495846	0.5830703188950208
counts(inten<0.6399999999999997-SUMMARYCustomAlgos.tsv_mean.txt	0.0013170941209312346	0.5870745794758605
counts(Norminten<0.1-SUMMARYCustomAlgos.tsv_median.txt	0.0013170666324037186	0.20921495901410703
counts(Norminten<0.7599999999999997-SUMMARYCustomAlgos.tsv_mean.txt	0.0013159905150012842	0.6951088073722675
counts(inten<0.7699999999999997-SUMMARYCustomAlgos.tsv_q90.txt	0.0013040050790678007	0.3520749333799591
counts(inten<0.8399999999999996-SUMMARYCustomAlgos.tsv_mean.txt	0.0013006514892581502	0.4738266479205828
counts(Norminten<0.3899999999999999-SUMMARYCustomAlgos.tsv_q10.txt	0.001298980840448935	0.3545302056186532
counts(Norminten<0.24999999999999992-SUMMARYCustomAlgos.tsv_q75.txt	0.001297814395486888	0.26413208075810335
counts(Norminten<0.8699999999999996-SUMMARYCustomAlgos.tsv_min.txt	0.0012956221496485496	0.7525990882692897
diff-SUMMARYCustomAlgos.tsv_min.txt	0.0012880097075956237	0.455654963323866
counts(inten<0.5799999999999997-SUMMARYCustomAlgos.tsv_max.txt	0.0012875929746541724	0.3949629941978068
counts(inten<0.5799999999999997-SUMMARYCustomAlgos.tsv_min.txt	0.0012859497563524971	0.39268643538135795
counts(Norminten<0.4999999999999998-SUMMARYCustomAlgos.tsv_min.txt	0.0012809906367080258	0.5829871908197957
counts(inten<0.7499999999999997-SUMMARYCustomAlgos.tsv_median.txt	0.0012715410321127085	0.5690439305795789
counts(inten<0.6799999999999997-SUMMARYCustomAlgos.tsv_q75.txt	0.0012714174346240726	0.5748873221634172
counts(inten<0.7799999999999997-SUMMARYCustomAlgos.tsv_q90.txt	0.0012675291311280662	0.41515536164087896
counts(Norminten<0.5799999999999997-SUMMARYCustomAlgos.tsv_q75.txt	0.001257834902022098	0.642668142672091
counts(Norminten<0.11-SUMMARYCustomAlgos.tsv_min.txt	0.0012550957194564186	0.27977008565929884
counts(inten<0.5799999999999997-SUMMARYCustomAlgos.tsv_q25.txt	0.0012526466713354343	0.3783559732752537
counts(Norminten<0.16999999999999998-SUMMARYCustomAlgos.tsv_max.txt	0.0012521972017360936	0.35342033854385013
counts(Norminten<0.11-SUMMARYCustomAlgos.tsv_max.txt	0.0012494781250122428	0.28020585526561126
counts(inten<0.7499999999999997-SUMMARYCustomAlgos.tsv_q75.txt	0.001248874192554623	0.5515936055225321
counts(inten<0.7699999999999997-SUMMARYCustomAlgos.tsv_median.txt	0.0012469633519026464	0.34997361207044264
counts(Norminten<0.6999999999999996-SUMMARYCustomAlgos.tsv_q90.txt	0.0012448953804815054	0.6800838909882883
counts(Norminten<0.11-SUMMARYCustomAlgos.tsv_q10.txt	0.001244788050881441	0.2798289828132994
counts(Norminten<0.8299999999999996-SUMMARYCustomAlgos.tsv_mean.txt	0.0012255470575541578	0.7799887882299679
counts(inten<0.6399999999999997-SUMMARYCustomAlgos.tsv_q90.txt	0.0012214053231263504	0.600753734853336
counts(Norminten<0.5299999999999998-SUMMARYCustomAlgos.tsv_q90.txt	0.001220483162184371	0.6156859706146909
counts(Norminten<0.5399999999999998-SUMMARYCustomAlgos.tsv_q10.txt	0.0012140345732086213	0.643225085937666
counts(inten<0.7199999999999996-SUMMARYCustomAlgos.tsv_mean.txt	0.001201619437762082	0.5733837687196099
counts(Norminten<0.5099999999999998-SUMMARYCustomAlgos.tsv_q75.txt	0.0011986585726214702	0.6017294425135913
counts(Norminten<0.5399999999999998-SUMMARYCustomAlgos.tsv_q25.txt	0.0011930401619827354	0.6487742202206124
counts(Norminten<0.7599999999999997-SUMMARYCustomAlgos.tsv_q75.txt	0.0011900046680491485	0.7271833447078913
counts(Norminten<0.16999999999999998-SUMMARYCustomAlgos.tsv_min.txt	0.0011872087516936662	0.35287514465191183
counts(Norminten<0.5999999999999998-SUMMARYCustomAlgos.tsv_q25.txt	0.001182308406033806	0.6361208659533881
counts(inten<0.6799999999999997-SUMMARYCustomAlgos.tsv_q10.txt	0.0011820000187097973	0.5796641310364516
counts(Norminten<0.5499999999999998-SUMMARYCustomAlgos.tsv_q10.txt	0.0011803514413597628	0.6140445663961192
counts(inten<0.8099999999999996-SUMMARYCustomAlgos.tsv_q90.txt	0.0011794587463787437	0.2676667621566753
counts(inten<0.6999999999999996-SUMMARYCustomAlgos.tsv_q90.txt	0.0011742415167374694	0.5873819481201026
counts(Norminten<0.5299999999999998-SUMMARYCustomAlgos.tsv_q75.txt	0.0011658387815712777	0.6279508391109743
counts(Norminten<0.33999999999999986-SUMMARYCustomAlgos.tsv_q90.txt	0.0011652204390839756	0.2437055516105664
counts(Norminten<0.6999999999999996-SUMMARYCustomAlgos.tsv_median.txt	0.0011627903041535115	0.6915277151101229
counts(Norminten<0.20999999999999996-SUMMARYCustomAlgos.tsv_mean.txt	0.0011621441051183623	0.352528545466253
counts(inten<0.6799999999999997-SUMMARYCustomAlgos.tsv_min.txt	0.0011612700110449003	0.5824655387829889
counts(Norminten<0.47999999999999976-SUMMARYCustomAlgos.tsv_max.txt	0.0011594798304507433	0.5246414282381973
counts(Norminten<0.4999999999999998-SUMMARYCustomAlgos.tsv_max.txt	0.0011470270945700307	0.5854304302070781
counts(inten<0.7699999999999997-SUMMARYCustomAlgos.tsv_min.txt	0.0011457156358797556	0.34845045278137166
diff-SUMMARYCustomAlgos.tsv_max.txt	0.0011427824650974859	0.4507074392572936
counts(Norminten<0.24999999999999992-SUMMARYCustomAlgos.tsv_median.txt	0.0011406211874595469	0.2622347989681031
counts(Norminten<0.48999999999999977-SUMMARYCustomAlgos.tsv_q10.txt	0.0011403296785116976	0.5131558229601407
counts(inten<0.8199999999999996-SUMMARYCustomAlgos.tsv_mean.txt	0.0011307874073266794	0.4419892976461144
counts(Norminten<0.6099999999999998-SUMMARYCustomAlgos.tsv_q75.txt	0.0011306417591999919	0.656366960772846
counts(Norminten<0.2599999999999999-SUMMARYCustomAlgos.tsv_min.txt	0.0011303704281622703	0.26442835943381127
counts(Norminten<0.13-SUMMARYCustomAlgos.tsv_q25.txt	0.0011242912063023163	0.28054992133758727
counts(Norminten<0.3199999999999999-SUMMARYCustomAlgos.tsv_q75.txt	0.0011227381630724593	0.22343331005523792
counts(Norminten<0.5299999999999998-SUMMARYCustomAlgos.tsv_q10.txt	0.001122511486619186	0.6161617280265594
counts(inten<0.8899999999999996-SUMMARYCustomAlgos.tsv_q90.txt	0.0011223957962185065	0.6746370536983757
counts(Norminten<0.5199999999999998-SUMMARYCustomAlgos.tsv_median.txt	0.0011222377074734723	0.5561834058200432
counts(inten<0.8899999999999996-SUMMARYCustomAlgos.tsv_median.txt	0.0011209727668499544	0.6657062184261098
counts(Norminten<0.5099999999999998-SUMMARYCustomAlgos.tsv_q90.txt	0.0011207848647754916	0.6019083956794002
counts(Norminten<0.23999999999999994-SUMMARYCustomAlgos.tsv_mean.txt	0.0011207466498198535	0.2703358308465491
counts(inten<0.7799999999999997-SUMMARYCustomAlgos.tsv_q25.txt	0.0011167132923117088	0.4163361688013727
counts(inten<0.6899999999999997-SUMMARYCustomAlgos.tsv_q90.txt	0.0011082268695620228	0.5181147296210225
counts(Norminten<0.12-SUMMARYCustomAlgos.tsv_median.txt	0.0011078759237732176	0.2900453406211785
counts(inten<0.6999999999999996-SUMMARYCustomAlgos.tsv_q10.txt	0.0011076162149620914	0.5904590801935625
counts(inten<0.7499999999999997-SUMMARYCustomAlgos.tsv_min.txt	0.0011071721388299543	0.5492162432185665
counts(Norminten<0.7999999999999996-SUMMARYCustomAlgos.tsv_min.txt	0.001104654808017997	0.7041688359452656
counts(Norminten<0.8299999999999996-SUMMARYCustomAlgos.tsv_max.txt	0.0010995474830128701	0.7483850554434821
diff-SUMMARYCustomAlgos.tsv_q25.txt	0.001096464591633792	0.4621556364316932
counts(inten<0.6799999999999997-SUMMARYCustomAlgos.tsv_median.txt	0.0010958489839638938	0.5786985937943236
counts(Norminten<0.5799999999999997-SUMMARYCustomAlgos.tsv_q90.txt	0.0010938304172083755	0.6523612139217834
counts(Norminten<0.17999999999999997-SUMMARYCustomAlgos.tsv_q10.txt	0.0010836059730289444	0.31628079494416017
counts(Norminten<0.21999999999999995-SUMMARYCustomAlgos.tsv_median.txt	0.001081081961394867	0.3509861375516832
counts(Norminten<0.6999999999999996-SUMMARYCustomAlgos.tsv_q75.txt	0.0010795538978018878	0.6965248219530356
counts(inten<0.7799999999999997-SUMMARYCustomAlgos.tsv_min.txt	0.0010760693794682828	0.4145585732886645
counts(Norminten<0.24999999999999992-SUMMARYCustomAlgos.tsv_q90.txt	0.0010740766308850096	0.2637416012671374
counts(inten<0.6499999999999997-SUMMARYCustomAlgos.tsv_max.txt	0.0010739387359318757	0.5602871314184452
counts(Norminten<0.20999999999999996-SUMMARYCustomAlgos.tsv_q10.txt	0.0010739115749140798	0.35140275185098346
counts(Norminten<0.12-SUMMARYCustomAlgos.tsv_q10.txt	0.0010646934998537478	0.28827563431686354
counts(inten<0.8399999999999996-SUMMARYCustomAlgos.tsv_median.txt	0.001060377026288354	0.4760812387223199
counts(Norminten<0.18999999999999995-SUMMARYCustomAlgos.tsv_max.txt	0.0010482735829993636	0.32023571144544816
counts(Norminten<0.12-SUMMARYCustomAlgos.tsv_min.txt	0.0010480218746515785	0.28864398816843595
counts(Norminten<0.19999999999999996-SUMMARYCustomAlgos.tsv_q10.txt	0.0010424044417466742	0.28823981227620754
counts(inten<0.8499999999999996-SUMMARYCustomAlgos.tsv_min.txt	0.001040077802020592	0.5790158489973307
counts(Norminten<0.20999999999999996-SUMMARYCustomAlgos.tsv_max.txt	0.0010398803889922867	0.35011906779852664
counts(Norminten<0.5099999999999998-SUMMARYCustomAlgos.tsv_mean.txt	0.0010386632085654494	0.6007356882490904
counts(Norminten<0.5799999999999997-SUMMARYCustomAlgos.tsv_q10.txt	0.001036775363087642	0.6399728751429299
counts(Norminten<0.5199999999999998-SUMMARYCustomAlgos.tsv_q10.txt	0.0010367528382691517	0.5503088124773332
counts(Norminten<0.3699999999999999-SUMMARYCustomAlgos.tsv_q10.txt	0.0010352230054673553	0.33464920057614833
counts(inten<0.7699999999999997-SUMMARYCustomAlgos.tsv_q10.txt	0.0010342668950351335	0.34949917961816057
counts(inten<0.6399999999999997-SUMMARYCustomAlgos.tsv_q25.txt	0.001031664194868085	0.5914138407753939
counts(Norminten<0.4299999999999998-SUMMARYCustomAlgos.tsv_q90.txt	0.0010286650303649885	0.43689829177463224
counts(Norminten<0.19999999999999996-SUMMARYCustomAlgos.tsv_q25.txt	0.0010277951403480361	0.2890586697501907
counts(Norminten<0.3199999999999999-SUMMARYCustomAlgos.tsv_q25.txt	0.0010258748258271306	0.22242044088052237
counts(Norminten<0.7799999999999997-SUMMARYCustomAlgos.tsv_mean.txt	0.0010243518556804286	0.7183105164492591
counts(Norminten<0.5599999999999997-SUMMARYCustomAlgos.tsv_min.txt	0.0010242468854945862	0.6374494576808032
counts(inten<0.5699999999999997-SUMMARYCustomAlgos.tsv_q25.txt	0.0010240583833105498	0.36918600291997095
counts(Norminten<0.8099999999999996-SUMMARYCustomAlgos.tsv_max.txt	0.0010181172024090943	0.7223668381941657
counts(Norminten<0.11-SUMMARYCustomAlgos.tsv_q25.txt	0.0010172233064103045	0.28148463915632815
counts(Norminten<0.47999999999999976-SUMMARYCustomAlgos.tsv_q75.txt	0.001016645022293877	0.5233726721253475
counts(Norminten<0.5199999999999998-SUMMARYCustomAlgos.tsv_mean.txt	0.0010166239871245166	0.5518061484506469
counts(Norminten<0.5499999999999998-SUMMARYCustomAlgos.tsv_q25.txt	0.0010145388085462104	0.6205398005545804
counts(Norminten<0.5799999999999997-SUMMARYCustomAlgos.tsv_max.txt	0.0010138556116216012	0.6498050592963125
counts(Norminten<0.8299999999999996-SUMMARYCustomAlgos.tsv_q25.txt	0.001013462735831969	0.7852281192521855
counts(inten<0.7299999999999996-SUMMARYCustomAlgos.tsv_q75.txt	0.0010121689149906613	0.5318453016973153
std-SUMMARYCustomAlgos.tsv_min.txt	0.0010120114871297917	0.26754683552847514
counts(Norminten<0.5099999999999998-SUMMARYCustomAlgos.tsv_q10.txt	0.0010076468806425537	0.6028403739333421
counts(Norminten<0.3199999999999999-SUMMARYCustomAlgos.tsv_mean.txt	0.0010037801194176356	0.22336640689726384
counts(Norminten<0.22999999999999995-SUMMARYCustomAlgos.tsv_q25.txt	0.0010009097926749655	0.2688474918087369
counts(Norminten<0.8099999999999996-SUMMARYCustomAlgos.tsv_median.txt	0.0009985869504134555	0.697024722174135
counts(inten<0.6099999999999998-SUMMARYCustomAlgos.tsv_max.txt	0.0009966264446905836	0.5272310972535799
counts(inten<0.7099999999999996-SUMMARYCustomAlgos.tsv_q25.txt	0.00099530364488655	0.5454600916575867
counts(inten<0.8899999999999996-SUMMARYCustomAlgos.tsv_q25.txt	0.0009948104554626626	0.6818973557840651
counts(inten<0.8299999999999996-SUMMARYCustomAlgos.tsv_q10.txt	0.0009934465051779848	0.4474209349050997
counts(inten<0.6499999999999997-SUMMARYCustomAlgos.tsv_q75.txt	0.000988403384042208	0.56927104229083
counts(Norminten<0.8399999999999996-SUMMARYCustomAlgos.tsv_min.txt	0.0009829189027259879	0.7419649974156384
counts(Norminten<0.3699999999999999-SUMMARYCustomAlgos.tsv_q75.txt	0.0009814231084846528	0.3348942754813611
counts(Norminten<0.5499999999999998-SUMMARYCustomAlgos.tsv_median.txt	0.0009786132268646047	0.6066133000209932
counts(inten<0.6399999999999997-SUMMARYCustomAlgos.tsv_median.txt	0.0009754580723677348	0.5787836921786202
counts(Norminten<0.7699999999999997-SUMMARYCustomAlgos.tsv_min.txt	0.0009749480121417603	0.6998310325752524
counts(Norminten<0.45999999999999985-SUMMARYCustomAlgos.tsv_q25.txt	0.0009699154760655336	0.5009446791386019
counts(inten<0.7699999999999997-SUMMARYCustomAlgos.tsv_q75.txt	0.0009698604962090849	0.34724223718547753
counts(Norminten<0.8699999999999996-SUMMARYCustomAlgos.tsv_max.txt	0.0009680822155713369	0.735788285305202
counts(Norminten<0.7099999999999996-SUMMARYCustomAlgos.tsv_min.txt	0.0009669965509874344	0.708688590645727
diff-SUMMARYCustomAlgos.tsv_mean.txt	0.0009664501885223942	0.45108992672124604
counts(Norminten<0.29999999999999993-SUMMARYCustomAlgos.tsv_median.txt	0.000963209828204403	0.2708547894370543
counts(inten<0.6999999999999996-SUMMARYCustomAlgos.tsv_max.txt	0.0009591223059536414	0.578853173150939
counts(Norminten<0.5199999999999998-SUMMARYCustomAlgos.tsv_q25.txt	0.0009584016994353468	0.5473618761709016
counts(Norminten<0.8399999999999996-SUMMARYCustomAlgos.tsv_mean.txt	0.0009583855539331722	0.7345479565717477
counts(inten<0.7099999999999996-SUMMARYCustomAlgos.tsv_q75.txt	0.0009582255427094803	0.5473283451758939
counts(inten<0.8099999999999996-SUMMARYCustomAlgos.tsv_q75.txt	0.0009508762080648544	0.26794922008336064
counts(inten<0.7399999999999997-SUMMARYCustomAlgos.tsv_min.txt	0.0009503784455543662	0.573913873122025
counts(inten<0.7099999999999996-SUMMARYCustomAlgos.tsv_max.txt	0.0009487589516668447	0.5439285443364184
counts(Norminten<0.21999999999999995-SUMMARYCustomAlgos.tsv_q75.txt	0.0009485031496777483	0.3544141021754337
counts(Norminten<0.22999999999999995-SUMMARYCustomAlgos.tsv_min.txt	0.0009483258877307787	0.2719359063001616
counts(Norminten<0.18999999999999995-SUMMARYCustomAlgos.tsv_q90.txt	0.0009415321272226036	0.3166816649577773
counts(Norminten<0.6599999999999997-SUMMARYCustomAlgos.tsv_q90.txt	0.0009382030308170826	0.7171882641643688
counts(Norminten<0.48999999999999977-SUMMARYCustomAlgos.tsv_mean.txt	0.0009373351073863696	0.5123799154963233
counts(Norminten<0.20999999999999996-SUMMARYCustomAlgos.tsv_q75.txt	0.0009365568284192137	0.3534073368531607
counts(inten<0.8899999999999996-SUMMARYCustomAlgos.tsv_q10.txt	0.0009365379441407283	0.6718897088877469
counts(Norminten<0.48999999999999977-SUMMARYCustomAlgos.tsv_q90.txt	0.0009352742313838282	0.5138776454718474
counts(inten<0.6099999999999998-SUMMARYCustomAlgos.tsv_median.txt	0.0009345753170046404	0.5445187619933929
counts(Norminten<0.16999999999999998-SUMMARYCustomAlgos.tsv_q25.txt	0.0009322715627620154	0.35089130974176985
counts(inten<0.7299999999999996-SUMMARYCustomAlgos.tsv_max.txt	0.0009318450204007787	0.5382424508405941
counts(inten<0.6299999999999997-SUMMARYCustomAlgos.tsv_q10.txt	0.0009306567358822558	0.5748777891131973
counts(inten<0.7099999999999996-SUMMARYCustomAlgos.tsv_q10.txt	0.0009285889635396163	0.5502614364973359
counts(Norminten<0.34999999999999987-SUMMARYCustomAlgos.tsv_q25.txt	0.0009254998153864908	0.2934792086216169
counts(inten<0.8899999999999996-SUMMARYCustomAlgos.tsv_min.txt	0.0009227780407008292	0.6755285711177006
counts(inten<0.8299999999999996-SUMMARYCustomAlgos.tsv_q90.txt	0.00092224560029963	0.44673533451334446
counts(inten<0.8499999999999996-SUMMARYCustomAlgos.tsv_q90.txt	0.0009213795503534728	0.5812287421613505
counts(inten<0.6299999999999997-SUMMARYCustomAlgos.tsv_max.txt	0.0009213128130054122	0.5670096911582037
counts(inten<0.7799999999999997-SUMMARYCustomAlgos.tsv_mean.txt	0.0009183587845075757	0.4203397746754227
counts(inten<0.6899999999999997-SUMMARYCustomAlgos.tsv_mean.txt	0.0009162183758960004	0.5001602890825043
counts(inten<0.7899999999999996-SUMMARYCustomAlgos.tsv_q10.txt	0.0009159949806323224	0.3329819825504434
counts(inten<0.6299999999999997-SUMMARYCustomAlgos.tsv_median.txt	0.0009136384095871573	0.5684138294605026
counts(Norminten<0.18999999999999995-SUMMARYCustomAlgos.tsv_q75.txt	0.0009108153688578189	0.3170261110395902
counts(Norminten<0.7999999999999996-SUMMARYCustomAlgos.tsv_q75.txt	0.0009098806966251383	0.7230976897883892
counts(inten<0.8799999999999996-SUMMARYCustomAlgos.tsv_q75.txt	0.0009097807536717532	0.6902202937605018
counts(Norminten<0.2799999999999999-SUMMARYCustomAlgos.tsv_q25.txt	0.0009075602480147464	0.23838626830901166
counts(Norminten<0.2599999999999999-SUMMARYCustomAlgos.tsv_median.txt	0.0009038766790998091	0.2626022290479906
counts(Norminten<0.21999999999999995-SUMMARYCustomAlgos.tsv_min.txt	0.0009024108481931407	0.35120123443804063
counts(inten<0.8499999999999996-SUMMARYCustomAlgos.tsv_q10.txt	0.0009008596862307875	0.5834648974925272
counts(Norminten<0.33999999999999986-SUMMARYCustomAlgos.tsv_median.txt	0.0009004354945419002	0.2455002973735283
counts(Norminten<0.23999999999999994-SUMMARYCustomAlgos.tsv_q90.txt	0.0008990732618406562	0.2709337980829578
counts(Norminten<0.2599999999999999-SUMMARYCustomAlgos.tsv_q90.txt	0.0008972473480395697	0.26198780616209927
counts(inten<0.7699999999999997-SUMMARYCustomAlgos.tsv_max.txt	0.000893905951411876	0.3446304053039344
counts(Norminten<0.5499999999999998-SUMMARYCustomAlgos.tsv_q90.txt	0.0008919250652558525	0.6132511121567399
counts(Norminten<0.34999999999999987-SUMMARYCustomAlgos.tsv_median.txt	0.0008906081090641364	0.2899087640272291
counts(Norminten<0.8299999999999996-SUMMARYCustomAlgos.tsv_min.txt	0.0008875089287363731	0.7464516743282883
counts(inten<0.8299999999999996-SUMMARYCustomAlgos.tsv_mean.txt	0.0008804278214350917	0.4520838354050034
counts(Norminten<0.48999999999999977-SUMMARYCustomAlgos.tsv_min.txt	0.000878394538742983	0.5105858655466653
counts(inten<0.8199999999999996-SUMMARYCustomAlgos.tsv_q25.txt	0.000877801900454956	0.44103532744016727
counts(Norminten<0.17999999999999997-SUMMARYCustomAlgos.tsv_median.txt	0.0008772257326491372	0.3150769252157346
counts(Norminten<0.29999999999999993-SUMMARYCustomAlgos.tsv_q10.txt	0.0008749701882243628	0.2709781364839037
counts(inten<0.7299999999999996-SUMMARYCustomAlgos.tsv_median.txt	0.000874137609863361	0.5337394820331616
counts(Norminten<0.33999999999999986-SUMMARYCustomAlgos.tsv_q75.txt	0.0008727473566691428	0.24349089802733692
counts(Norminten<0.21999999999999995-SUMMARYCustomAlgos.tsv_q90.txt	0.0008687776547776792	0.3538152331950961
counts(Norminten<0.3899999999999999-SUMMARYCustomAlgos.tsv_median.txt	0.0008644450936942232	0.3564396245026442
counts(Norminten<0.2799999999999999-SUMMARYCustomAlgos.tsv_mean.txt	0.0008630537629574418	0.2383828442669942
counts(Norminten<0.34999999999999987-SUMMARYCustomAlgos.tsv_max.txt	0.0008616506381192026	0.2884949859343493
counts(inten<0.6399999999999997-SUMMARYCustomAlgos.tsv_q10.txt	0.0008614498499972956	0.5801282849869245
counts(Norminten<0.7999999999999996-SUMMARYCustomAlgos.tsv_q10.txt	0.0008603861799985421	0.7062823264126279
counts(Norminten<0.21999999999999995-SUMMARYCustomAlgos.tsv_max.txt	0.0008594202980151323	0.3536270798527261
counts(Norminten<0.20999999999999996-SUMMARYCustomAlgos.tsv_q25.txt	0.0008552709755027398	0.35139012862358365
counts(Norminten<0.2599999999999999-SUMMARYCustomAlgos.tsv_max.txt	0.0008527188122008602	0.26284942876079676
counts(inten<0.6299999999999997-SUMMARYCustomAlgos.tsv_min.txt	0.0008489072936927726	0.6000949875297028
counts(inten<0.8199999999999996-SUMMARYCustomAlgos.tsv_q75.txt	0.0008452875344724615	0.44293364995187057
counts(Norminten<0.6099999999999998-SUMMARYCustomAlgos.tsv_median.txt	0.0008428926131482051	0.6586028180736268
counts(Norminten<0.5899999999999997-SUMMARYCustomAlgos.tsv_q90.txt	0.0008414643062934647	0.6643919175339277
counts(Norminten<0.18999999999999995-SUMMARYCustomAlgos.tsv_median.txt	0.000841019807986952	0.31754029323523314
counts(Norminten<0.3699999999999999-SUMMARYCustomAlgos.tsv_max.txt	0.0008403605396469342	0.33685883673934747
min-SUMMARYCustomAlgos.tsv_q90.txt	0.0008396691984109677	0.45934535298464807
counts(Norminten<0.2599999999999999-SUMMARYCustomAlgos.tsv_q25.txt	0.0008386858353632913	0.26338893508716854
counts(Norminten<0.20999999999999996-SUMMARYCustomAlgos.tsv_q90.txt	0.000835856188732417	0.35135842542716667
counts(Norminten<0.7099999999999996-SUMMARYCustomAlgos.tsv_q90.txt	0.0008355855020847025	0.7122385375615332
counts(Norminten<0.7999999999999996-SUMMARYCustomAlgos.tsv_q25.txt	0.0008327160928833123	0.7523534055383561
counts(inten<0.6299999999999997-SUMMARYCustomAlgos.tsv_q25.txt	0.0008325291507764999	0.6043218704929885
min-SUMMARYCustomAlgos.tsv_max.txt	0.0008309027569209678	0.4437178137197586
counts(inten<0.8499999999999996-SUMMARYCustomAlgos.tsv_q25.txt	0.0008275378250251717	0.57638545444689
counts(Norminten<0.2799999999999999-SUMMARYCustomAlgos.tsv_max.txt	0.0008245593140105648	0.2380062956173541
counts(Norminten<0.18999999999999995-SUMMARYCustomAlgos.tsv_q25.txt	0.0008234892181644547	0.3177644336925294
counts(Norminten<0.4299999999999998-SUMMARYCustomAlgos.tsv_q25.txt	0.0008225943913250256	0.4341431045414055
counts(Norminten<0.3699999999999999-SUMMARYCustomAlgos.tsv_median.txt	0.0008176266731162533	0.3331859096626375
counts(Norminten<0.19999999999999996-SUMMARYCustomAlgos.tsv_q75.txt	0.0008168237054599161	0.2887098796123375
counts(Norminten<0.2799999999999999-SUMMARYCustomAlgos.tsv_q75.txt	0.0008143895374181883	0.238864123281064
counts(Norminten<0.20999999999999996-SUMMARYCustomAlgos.tsv_min.txt	0.0008120538959043047	0.3509183659460886
counts(inten<0.7299999999999996-SUMMARYCustomAlgos.tsv_mean.txt	0.0008074151565535112	0.5471835543621806
counts(inten<0.7099999999999996-SUMMARYCustomAlgos.tsv_mean.txt	0.0008031707027061206	0.5515424456279732
counts(inten<0.6099999999999998-SUMMARYCustomAlgos.tsv_mean.txt	0.0008000880493352592	0.4949617564237556
counts(inten<0.7999999999999996-SUMMARYCustomAlgos.tsv_max.txt	0.000797294614192329	0.24957600609238906
counts(Norminten<0.5499999999999998-SUMMARYCustomAlgos.tsv_q75.txt	0.0007934057898900141	0.6144676087976344
counts(Norminten<0.5099999999999998-SUMMARYCustomAlgos.tsv_min.txt	0.0007903113757030104	0.6027114237655802
counts(Norminten<0.3699999999999999-SUMMARYCustomAlgos.tsv_min.txt	0.0007883809771903735	0.33535515051499853
counts(Norminten<0.23999999999999994-SUMMARYCustomAlgos.tsv_min.txt	0.0007867461352920708	0.2708466906435336
counts(Norminten<0.7099999999999996-SUMMARYCustomAlgos.tsv_median.txt	0.0007866500572402572	0.7005002044795177
counts(inten<0.8299999999999996-SUMMARYCustomAlgos.tsv_median.txt	0.0007865366028560798	0.4487912409901358
counts(Norminten<0.32999999999999985-SUMMARYCustomAlgos.tsv_q25.txt	0.000785907700687406	0.22021594893623497
counts(inten<0.8199999999999996-SUMMARYCustomAlgos.tsv_min.txt	0.0007837479175065072	0.44117579307940646
counts(Norminten<0.32999999999999985-SUMMARYCustomAlgos.tsv_q90.txt	0.0007835116060778227	0.2209099311705871
counts(Norminten<0.32999999999999985-SUMMARYCustomAlgos.tsv_mean.txt	0.0007822761164135508	0.2197996972422711
counts(Norminten<0.5499999999999998-SUMMARYCustomAlgos.tsv_mean.txt	0.0007810378079195279	0.6174681060711413
counts(Norminten<0.2799999999999999-SUMMARYCustomAlgos.tsv_q10.txt	0.0007806242336644215	0.23905672200516737
counts(inten<0.8299999999999996-SUMMARYCustomAlgos.tsv_q75.txt	0.0007771004607850405	0.4546137418374139
counts(inten<0.8799999999999996-SUMMARYCustomAlgos.tsv_q10.txt	0.0007758803055167241	0.6916981237791111
counts(inten<0.5999999999999998-SUMMARYCustomAlgos.tsv_q25.txt	0.000774738045044151	0.38060202233365903
counts(inten<0.6799999999999997-SUMMARYCustomAlgos.tsv_q90.txt	0.0007736664065684602	0.5786489297660742
counts(inten<0.6899999999999997-SUMMARYCustomAlgos.tsv_min.txt	0.0007701499995723131	0.4978900356118441
counts(Norminten<0.47999999999999976-SUMMARYCustomAlgos.tsv_q90.txt	0.000766563552147884	0.535113463828083
counts(inten<0.8699999999999996-SUMMARYCustomAlgos.tsv_median.txt	0.0007657960340305359	0.6447134755239388
counts(inten<0.7099999999999996-SUMMARYCustomAlgos.tsv_q90.txt	0.0007614765497749324	0.5630823461428984
counts(inten<0.7099999999999996-SUMMARYCustomAlgos.tsv_min.txt	0.0007602011544897985	0.5692466003073404
counts(Norminten<0.6899999999999997-SUMMARYCustomAlgos.tsv_q75.txt	0.0007568790409260799	0.6784815728306106
counts(Norminten<0.5399999999999998-SUMMARYCustomAlgos.tsv_q75.txt	0.0007545157933517538	0.6261001875607635
counts(inten<0.8699999999999996-SUMMARYCustomAlgos.tsv_q10.txt	0.0007496257705181228	0.645775132927553
counts(inten<0.8899999999999996-SUMMARYCustomAlgos.tsv_q75.txt	0.0007484462345279143	0.6733795031330834
counts(Norminten<0.3199999999999999-SUMMARYCustomAlgos.tsv_max.txt	0.0007461368846149023	0.22463548309078885
counts(inten<0.6199999999999998-SUMMARYCustomAlgos.tsv_q25.txt	0.0007410426186617102	0.5558584831317712
counts(Norminten<0.7499999999999997-SUMMARYCustomAlgos.tsv_median.txt	0.0007410414138324485	0.7587619249576991
counts(Norminten<0.5499999999999998-SUMMARYCustomAlgos.tsv_min.txt	0.0007402951916942752	0.6179102351571619
counts(Norminten<0.5999999999999998-SUMMARYCustomAlgos.tsv_median.txt	0.0007386235881181493	0.631093055777066
counts(Norminten<0.34999999999999987-SUMMARYCustomAlgos.tsv_q90.txt	0.0007385721828405589	0.2888997666815367
counts(Norminten<0.6999999999999996-SUMMARYCustomAlgos.tsv_mean.txt	0.0007367322970379661	0.6977623370475508
counts(Norminten<0.23999999999999994-SUMMARYCustomAlgos.tsv_median.txt	0.0007357207263534065	0.2715807819839551
counts(Norminten<0.3899999999999999-SUMMARYCustomAlgos.tsv_max.txt	0.0007298024431046564	0.352895728607066
diff-SUMMARYCustomAlgos.tsv_q10.txt	0.0007279632000305599	0.45281852200271056
counts(Norminten<0.30999999999999994-SUMMARYCustomAlgos.tsv_q10.txt	0.0007278395446968345	0.21650617068698308
counts(inten<0.7799999999999997-SUMMARYCustomAlgos.tsv_q10.txt	0.0007264677571403313	0.41481568757627096
counts(Norminten<0.24999999999999992-SUMMARYCustomAlgos.tsv_q25.txt	0.0007263907773410145	0.2627143495989688
counts(Norminten<0.32999999999999985-SUMMARYCustomAlgos.tsv_max.txt	0.0007244909578390931	0.21978465917850043
counts(Norminten<0.3199999999999999-SUMMARYCustomAlgos.tsv_q90.txt	0.0007238933648854058	0.22189024477526242
counts(Norminten<0.3799999999999999-SUMMARYCustomAlgos.tsv_q90.txt	0.0007228851463058749	0.32906070891940065
counts(Norminten<0.6099999999999998-SUMMARYCustomAlgos.tsv_q90.txt	0.0007203711499290327	0.652715706287609
counts(Norminten<0.2799999999999999-SUMMARYCustomAlgos.tsv_median.txt	0.0007187341106847716	0.23911179416584316
counts(Norminten<0.22999999999999995-SUMMARYCustomAlgos.tsv_mean.txt	0.0007180671044240567	0.26894289657576165
counts(inten<0.7999999999999996-SUMMARYCustomAlgos.tsv_min.txt	0.0007172175178163952	0.24749741487245913
counts(Norminten<0.23999999999999994-SUMMARYCustomAlgos.tsv_q75.txt	0.0007169772273577126	0.2719659456318877
counts(Norminten<0.3599999999999999-SUMMARYCustomAlgos.tsv_q10.txt	0.0007169045475309056	0.29138127420487603
counts(inten<0.6799999999999997-SUMMARYCustomAlgos.tsv_mean.txt	0.0007167200646212715	0.57538308297794
counts(Norminten<0.19999999999999996-SUMMARYCustomAlgos.tsv_max.txt	0.000716568088737448	0.28823197229167663
counts(Norminten<0.34999999999999987-SUMMARYCustomAlgos.tsv_min.txt	0.0007161782351136456	0.29008099379806884
counts(Norminten<0.33999999999999986-SUMMARYCustomAlgos.tsv_q10.txt	0.00071404362746375	0.24177951816297139
counts(inten<0.6499999999999997-SUMMARYCustomAlgos.tsv_q25.txt	0.0007126820976317649	0.5919756045041153
diff-SUMMARYCustomAlgos.tsv_median.txt	0.000712468511594996	0.4517793753017054
counts(Norminten<0.4999999999999998-SUMMARYCustomAlgos.tsv_q90.txt	0.0007097308271910506	0.5905317396805443
counts(inten<0.6499999999999997-SUMMARYCustomAlgos.tsv_q90.txt	0.0007067106890285946	0.5664365252235339
min-SUMMARYCustomAlgos.tsv_q75.txt	0.0007060065690729721	0.4643523081312626
counts(Norminten<0.7299999999999996-SUMMARYCustomAlgos.tsv_q90.txt	0.0007048713114675475	0.6654984901531091
counts(inten<0.6699999999999997-SUMMARYCustomAlgos.tsv_median.txt	0.0007038392065050813	0.5525731651105064
counts(Norminten<0.19999999999999996-SUMMARYCustomAlgos.tsv_min.txt	0.0007019478049531757	0.2893151178549873
min-SUMMARYCustomAlgos.tsv_q10.txt	0.0006977413802240331	0.46837837037359
counts(Norminten<0.8599999999999995-SUMMARYCustomAlgos.tsv_q25.txt	0.0006977184129254009	0.783672950908326
counts(Norminten<0.5199999999999998-SUMMARYCustomAlgos.tsv_max.txt	0.000697358813591476	0.5458952895641311
counts(Norminten<0.22999999999999995-SUMMARYCustomAlgos.tsv_max.txt	0.000696467494529908	0.2715483577292761
min-SUMMARYCustomAlgos.tsv_mean.txt	0.000694940867300717	0.45652478027606547
counts(inten<0.7299999999999996-SUMMARYCustomAlgos.tsv_min.txt	0.0006941563042330146	0.5462205122483343
counts(Norminten<0.22999999999999995-SUMMARYCustomAlgos.tsv_median.txt	0.0006940759929800641	0.2686942865098687
counts(Norminten<0.5399999999999998-SUMMARYCustomAlgos.tsv_max.txt	0.0006918330102323267	0.6460540293516104
counts(Norminten<0.2699999999999999-SUMMARYCustomAlgos.tsv_min.txt	0.0006906638763277914	0.21647902089827253
counts(Norminten<0.5699999999999997-SUMMARYCustomAlgos.tsv_median.txt	0.0006902215934385639	0.7011768026454348
counts(inten<0.7499999999999997-SUMMARYCustomAlgos.tsv_mean.txt	0.0006901149601459323	0.5540816451638588
counts(inten<0.7699999999999997-SUMMARYCustomAlgos.tsv_mean.txt	0.0006873599292781431	0.3496602104134485
counts(Norminten<0.24999999999999992-SUMMARYCustomAlgos.tsv_mean.txt	0.000685934717384664	0.26374284390556113
counts(inten<0.6399999999999997-SUMMARYCustomAlgos.tsv_min.txt	0.0006850762689889158	0.5791212523804896
counts(Norminten<0.6899999999999997-SUMMARYCustomAlgos.tsv_q25.txt	0.0006829253579381361	0.6545303514465339
counts(inten<0.7199999999999996-SUMMARYCustomAlgos.tsv_q10.txt	0.0006820994501288628	0.5780564833109492
diff-SUMMARYCustomAlgos.tsv_q90.txt	0.0006814485700242234	0.4580150768982447
counts(Norminten<0.5099999999999998-SUMMARYCustomAlgos.tsv_max.txt	0.0006786684382233647	0.5904869383091991
counts(Norminten<0.5399999999999998-SUMMARYCustomAlgos.tsv_mean.txt	0.0006785300061282114	0.651403634214653
counts(Norminten<0.3199999999999999-SUMMARYCustomAlgos.tsv_q10.txt	0.0006780073794503035	0.22475457370197693
counts(Norminten<0.5799999999999997-SUMMARYCustomAlgos.tsv_min.txt	0.0006760023523351751	0.6379852644594379
counts(Norminten<0.3699999999999999-SUMMARYCustomAlgos.tsv_q90.txt	0.0006758596872298995	0.3323296481310698
counts(inten<0.6599999999999997-SUMMARYCustomAlgos.tsv_q10.txt	0.0006758142749392852	0.5605449684308725
counts(Norminten<0.8299999999999996-SUMMARYCustomAlgos.tsv_q90.txt	0.0006735443877416778	0.7466316290254968
counts(Norminten<0.4999999999999998-SUMMARYCustomAlgos.tsv_median.txt	0.0006723904852014094	0.5896114198547755
counts(Norminten<0.5499999999999998-SUMMARYCustomAlgos.tsv_max.txt	0.0006716958646943187	0.6157446950294974
counts(Norminten<0.5999999999999998-SUMMARYCustomAlgos.tsv_q90.txt	0.000671630413022562	0.6534817753219193
counts(Norminten<0.6099999999999998-SUMMARYCustomAlgos.tsv_mean.txt	0.0006706479407488534	0.6505985399287102
counts(inten<0.8599999999999995-SUMMARYCustomAlgos.tsv_median.txt	0.000670007995736655	0.5690550971596329
counts(Norminten<0.33999999999999986-SUMMARYCustomAlgos.tsv_mean.txt	0.0006681674483391446	0.2449727668104158
counts(Norminten<0.5199999999999998-SUMMARYCustomAlgos.tsv_q90.txt	0.000668088470702353	0.548228086138546
counts(inten<0.6299999999999997-SUMMARYCustomAlgos.tsv_q75.txt	0.0006677512179055443	0.5826415642366749
counts(Norminten<0.3699999999999999-SUMMARYCustomAlgos.tsv_mean.txt	0.0006671081568685544	0.333854635177532
counts(inten<0.8199999999999996-SUMMARYCustomAlgos.tsv_median.txt	0.0006664185406592438	0.43895000545559126
counts(Norminten<0.3999999999999998-SUMMARYCustomAlgos.tsv_median.txt	0.0006648347095213859	0.3819157985272552
counts(inten<0.6499999999999997-SUMMARYCustomAlgos.tsv_median.txt	0.0006635825932764478	0.5448432753961931
counts(Norminten<0.3699999999999999-SUMMARYCustomAlgos.tsv_q25.txt	0.0006632933467995691	0.33584424224507226
counts(Norminten<0.7199999999999996-SUMMARYCustomAlgos.tsv_q90.txt	0.0006626528767724636	0.692452413760313
counts(Norminten<0.34999999999999987-SUMMARYCustomAlgos.tsv_mean.txt	0.0006608322487379283	0.2944187858691567
counts(Norminten<0.2699999999999999-SUMMARYCustomAlgos.tsv_q10.txt	0.0006605491209219293	0.21293830176747797
counts(Norminten<0.6999999999999996-SUMMARYCustomAlgos.tsv_q10.txt	0.0006577349868980877	0.7018489575218858
counts(Norminten<0.5599999999999997-SUMMARYCustomAlgos.tsv_q75.txt	0.0006530633501772477	0.6426578593512109
counts(Norminten<0.34999999999999987-SUMMARYCustomAlgos.tsv_q75.txt	0.0006495604122875155	0.2870854833801908
counts(inten<0.6199999999999998-SUMMARYCustomAlgos.tsv_min.txt	0.0006460570865644726	0.5802722603009274
counts(Norminten<0.6299999999999997-SUMMARYCustomAlgos.tsv_q90.txt	0.000644707067704459	0.6845069176459666
counts(Norminten<0.4199999999999998-SUMMARYCustomAlgos.tsv_median.txt	0.0006359223528744509	0.4436109726187336
counts(Norminten<0.6199999999999998-SUMMARYCustomAlgos.tsv_q75.txt	0.0006356880746085079	0.6025684545853762
counts(Norminten<0.7099999999999996-SUMMARYCustomAlgos.tsv_mean.txt	0.0006350824646797586	0.7109371226912629
counts(Norminten<0.3799999999999999-SUMMARYCustomAlgos.tsv_q10.txt	0.0006340419955242899	0.3270528632358225
counts(inten<0.5099999999999998-SUMMARYCustomAlgos.tsv_min.txt	0.0006340143173078168	0.12399228516902205
counts(Norminten<0.17999999999999997-SUMMARYCustomAlgos.tsv_mean.txt	0.0006333469212947508	0.31465337773626967
counts(Norminten<0.32999999999999985-SUMMARYCustomAlgos.tsv_q75.txt	0.0006315649343717355	0.21792398934274937
counts(inten<0.8599999999999995-SUMMARYCustomAlgos.tsv_max.txt	0.0006300291867236828	0.5658369890296462
counts(inten<0.8899999999999996-SUMMARYCustomAlgos.tsv_mean.txt	0.0006294189605004086	0.6712155120268313
counts(inten<0.8099999999999996-SUMMARYCustomAlgos.tsv_median.txt	0.0006286532257670772	0.2695293847032443
counts(inten<0.8699999999999996-SUMMARYCustomAlgos.tsv_q90.txt	0.0006267068474924157	0.6349622585860413
counts(Norminten<0.5599999999999997-SUMMARYCustomAlgos.tsv_median.txt	0.0006247774857473084	0.6438429375286439
counts(Norminten<0.30999999999999994-SUMMARYCustomAlgos.tsv_q90.txt	0.0006239519299888635	0.21904668624470736
counts(Norminten<0.3999999999999998-SUMMARYCustomAlgos.tsv_q90.txt	0.0006224233254180729	0.3808276502681034
counts(Norminten<0.8099999999999996-SUMMARYCustomAlgos.tsv_mean.txt	0.0006181767878959931	0.6735006136930242
counts(inten<0.6199999999999998-SUMMARYCustomAlgos.tsv_max.txt	0.000616671712817766	0.557818415461452
counts(inten<0.7699999999999997-SUMMARYCustomAlgos.tsv_q25.txt	0.0006165944687662636	0.34761798124096055
counts(Norminten<0.45999999999999985-SUMMARYCustomAlgos.tsv_max.txt	0.0006155094383641787	0.4960188855481671
counts(Norminten<0.5999999999999998-SUMMARYCustomAlgos.tsv_min.txt	0.0006115466174926936	0.643940279990852
counts(inten<0.8299999999999996-SUMMARYCustomAlgos.tsv_max.txt	0.0006102156258632237	0.45232293856304207
counts(Norminten<0.33999999999999986-SUMMARYCustomAlgos.tsv_max.txt	0.0006097328742113088	0.24253055289560255
counts(Norminten<0.4299999999999998-SUMMARYCustomAlgos.tsv_min.txt	0.0006072753212409037	0.432951431808418
counts(inten<0.5699999999999997-SUMMARYCustomAlgos.tsv_q10.txt	0.0006009790732071866	0.3304258628320209
counts(inten<0.5899999999999997-SUMMARYCustomAlgos.tsv_max.txt	0.000599935764164884	0.4090156120218471
counts(Norminten<0.3899999999999999-SUMMARYCustomAlgos.tsv_q75.txt	0.0005975190529439229	0.35405649980690024
counts(Norminten<0.7099999999999996-SUMMARYCustomAlgos.tsv_q75.txt	0.0005968562104689981	0.7121159861043678
counts(Norminten<0.19999999999999996-SUMMARYCustomAlgos.tsv_mean.txt	0.0005962367260385794	0.28767444996325153
counts(Norminten<0.7399999999999997-SUMMARYCustomAlgos.tsv_q25.txt	0.0005961176992902226	0.7036982661448388
counts(inten<0.7299999999999996-SUMMARYCustomAlgos.tsv_q25.txt	0.0005958103002335366	0.5329542287473568
counts(Norminten<0.29999999999999993-SUMMARYCustomAlgos.tsv_mean.txt	0.0005945337457611352	0.2721120926071183
counts(Norminten<0.3999999999999998-SUMMARYCustomAlgos.tsv_max.txt	0.0005934196188159999	0.383479226364122
counts(Norminten<0.6299999999999997-SUMMARYCustomAlgos.tsv_q10.txt	0.0005914443820088808	0.6948260907115777
counts(inten<0.7899999999999996-SUMMARYCustomAlgos.tsv_q75.txt	0.0005911629987697617	0.3355946675417023
counts(Norminten<0.5699999999999997-SUMMARYCustomAlgos.tsv_q25.txt	0.0005902673611269832	0.6831501083439209
counts(Norminten<0.48999999999999977-SUMMARYCustomAlgos.tsv_median.txt	0.0005900317493005159	0.5129793667172078
counts(inten<0.6199999999999998-SUMMARYCustomAlgos.tsv_mean.txt	0.0005893854389676909	0.5692155818155156
counts(inten<0.6899999999999997-SUMMARYCustomAlgos.tsv_q10.txt	0.0005864691805989918	0.48544651789059445
counts(Norminten<0.6299999999999997-SUMMARYCustomAlgos.tsv_q25.txt	0.0005835888393650013	0.6771893233801403
counts(Norminten<0.6599999999999997-SUMMARYCustomAlgos.tsv_max.txt	0.0005835146394711013	0.7090104315061634
counts(Norminten<0.6099999999999998-SUMMARYCustomAlgos.tsv_min.txt	0.0005823300951384767	0.6547948359354367
counts(inten<0.8299999999999996-SUMMARYCustomAlgos.tsv_min.txt	0.0005801878806305217	0.4462977977189344
counts(inten<0.6599999999999997-SUMMARYCustomAlgos.tsv_median.txt	0.0005784654974295984	0.5777892613508233
counts(inten<0.6299999999999997-SUMMARYCustomAlgos.tsv_q90.txt	0.0005773815631817211	0.5608958526622718
counts(Norminten<0.2599999999999999-SUMMARYCustomAlgos.tsv_mean.txt	0.0005766292236628431	0.26241712745310775
counts(inten<0.8799999999999996-SUMMARYCustomAlgos.tsv_q90.txt	0.0005762864756469793	0.6886962496390101
counts(Norminten<0.2799999999999999-SUMMARYCustomAlgos.tsv_q90.txt	0.0005758452367447137	0.23820471505851604
counts(Norminten<0.34999999999999987-SUMMARYCustomAlgos.tsv_q10.txt	0.0005757255653092137	0.288549614245734
counts(inten<0.8499999999999996-SUMMARYCustomAlgos.tsv_max.txt	0.0005750980731095563	0.579603830674932
counts(inten<0.7999999999999996-SUMMARYCustomAlgos.tsv_q25.txt	0.0005729549145238753	0.24769464899527716
mean-SUMMARYCustomAlgos.tsv_median.txt	0.0005728491768805377	0.656030666274237
counts(Norminten<0.2699999999999999-SUMMARYCustomAlgos.tsv_median.txt	0.0005718416441529767	0.21212823498561706
counts(inten<0.8499999999999996-SUMMARYCustomAlgos.tsv_median.txt	0.0005714006719452298	0.5811203692295837
counts(Norminten<0.5899999999999997-SUMMARYCustomAlgos.tsv_q10.txt	0.0005707553689825805	0.6549416274142419
counts(inten<0.8499999999999996-SUMMARYCustomAlgos.tsv_q75.txt	0.0005704913165171999	0.5770560809550505
counts(inten<0.6099999999999998-SUMMARYCustomAlgos.tsv_q75.txt	0.0005682561749168331	0.5289104977631252
counts(Norminten<0.4199999999999998-SUMMARYCustomAlgos.tsv_q75.txt	0.0005679499130911063	0.439068127016641
counts(Norminten<0.7199999999999996-SUMMARYCustomAlgos.tsv_q10.txt	0.0005675721929517376	0.677461936916524
counts(inten<0.7999999999999996-SUMMARYCustomAlgos.tsv_median.txt	0.0005674986407737775	0.24756537189213335
counts(Norminten<0.19999999999999996-SUMMARYCustomAlgos.tsv_q90.txt	0.0005671456404879949	0.28750799155438056
counts(Norminten<0.2699999999999999-SUMMARYCustomAlgos.tsv_q25.txt	0.0005670225639131853	0.21291948831013796
counts(inten<0.8699999999999996-SUMMARYCustomAlgos.tsv_mean.txt	0.000564431247390208	0.6411095045665136
counts(Norminten<0.3899999999999999-SUMMARYCustomAlgos.tsv_q90.txt	0.0005635227920513603	0.3526423508785892
counts(Norminten<0.2699999999999999-SUMMARYCustomAlgos.tsv_mean.txt	0.0005610790066068738	0.2150734278541817
counts(Norminten<0.6999999999999996-SUMMARYCustomAlgos.tsv_max.txt	0.0005605774356480272	0.688869710922404
counts(Norminten<0.24999999999999992-SUMMARYCustomAlgos.tsv_min.txt	0.000556468812848332	0.2617423693791623
counts(inten<0.7799999999999997-SUMMARYCustomAlgos.tsv_max.txt	0.0005561370184775271	0.4123082290587372
counts(Norminten<0.6799999999999997-SUMMARYCustomAlgos.tsv_q10.txt	0.0005554708801984948	0.6727245673541851
counts(Norminten<0.43999999999999984-SUMMARYCustomAlgos.tsv_median.txt	0.0005549011246379243	0.5004859067400114
counts(inten<0.7899999999999996-SUMMARYCustomAlgos.tsv_q25.txt	0.0005548889752629807	0.3314344258862918
counts(inten<0.6099999999999998-SUMMARYCustomAlgos.tsv_q10.txt	0.0005487267537181716	0.5074721161892448
counts(Norminten<0.6599999999999997-SUMMARYCustomAlgos.tsv_min.txt	0.0005453379872695162	0.693321732473132
counts(Norminten<0.3799999999999999-SUMMARYCustomAlgos.tsv_min.txt	0.000540065130358897	0.3260847962064499
counts(Norminten<0.6099999999999998-SUMMARYCustomAlgos.tsv_q10.txt	0.0005345626378556121	0.6635913401364566
counts(Norminten<0.22999999999999995-SUMMARYCustomAlgos.tsv_q75.txt	0.0005337684700783418	0.26694281628289174
counts(Norminten<0.3599999999999999-SUMMARYCustomAlgos.tsv_q75.txt	0.000531693168306172	0.28938396149887957
counts(Norminten<0.21999999999999995-SUMMARYCustomAlgos.tsv_q10.txt	0.0005267194897376374	0.35443992369552824
counts(Norminten<0.5599999999999997-SUMMARYCustomAlgos.tsv_mean.txt	0.0005266497668310347	0.6428852371649816
counts(Norminten<0.18999999999999995-SUMMARYCustomAlgos.tsv_mean.txt	0.0005258507521768439	0.31883060654291784
counts(inten<0.6099999999999998-SUMMARYCustomAlgos.tsv_min.txt	0.0005256566418414312	0.543971102617705
counts(inten<0.6999999999999996-SUMMARYCustomAlgos.tsv_q25.txt	0.0005253994016461702	0.5833232176375849
counts(inten<0.8099999999999996-SUMMARYCustomAlgos.tsv_min.txt	0.0005247392638277423	0.26755553533408927
counts(Norminten<0.3899999999999999-SUMMARYCustomAlgos.tsv_q25.txt	0.0005215140776887138	0.3546750407438033
counts(inten<0.8299999999999996-SUMMARYCustomAlgos.tsv_q25.txt	0.0005208391699214534	0.45145728889015624
counts(Norminten<0.2599999999999999-SUMMARYCustomAlgos.tsv_q75.txt	0.0005197802774406696	0.2628446516574532
counts(inten<0.5999999999999998-SUMMARYCustomAlgos.tsv_median.txt	0.000519344585283373	0.4058064302488389
counts(Norminten<0.23999999999999994-SUMMARYCustomAlgos.tsv_q10.txt	0.0005190603533512037	0.2700491685782449
counts(Norminten<0.20999999999999996-SUMMARYCustomAlgos.tsv_median.txt	0.000516952126860874	0.35125694945456365
counts(Norminten<0.2899999999999999-SUMMARYCustomAlgos.tsv_median.txt	0.0005169310289961047	0.19041961572687205
counts(inten<0.5699999999999997-SUMMARYCustomAlgos.tsv_median.txt	0.0005159879036902746	0.34623697396140596
counts(Norminten<0.8299999999999996-SUMMARYCustomAlgos.tsv_q75.txt	0.0005139121628397734	0.7817674995972688
counts(Norminten<0.2899999999999999-SUMMARYCustomAlgos.tsv_min.txt	0.0005136577598248947	0.18914252276302257
counts(inten<0.8799999999999996-SUMMARYCustomAlgos.tsv_q25.txt	0.000512938605897222	0.6988622721482454
counts(inten<0.8199999999999996-SUMMARYCustomAlgos.tsv_q90.txt	0.0005113028890881855	0.4405456897078146
counts(Norminten<0.3599999999999999-SUMMARYCustomAlgos.tsv_median.txt	0.0005096412815025203	0.2873498017362448
counts(Norminten<0.45999999999999985-SUMMARYCustomAlgos.tsv_q90.txt	0.0005087330735216676	0.5005715291956876
counts(inten<0.7899999999999996-SUMMARYCustomAlgos.tsv_min.txt	0.0005059053805059546	0.3347242978906162
counts(Norminten<0.5599999999999997-SUMMARYCustomAlgos.tsv_max.txt	0.0005047688920701399	0.6467549285654215
counts(inten<0.6699999999999997-SUMMARYCustomAlgos.tsv_max.txt	0.0005020503344567318	0.5407823824161277
counts(inten<0.8599999999999995-SUMMARYCustomAlgos.tsv_q90.txt	0.000501710440950143	0.5683256068608755
counts(inten<0.8199999999999996-SUMMARYCustomAlgos.tsv_q10.txt	0.0005008531680079097	0.4416001504757845
counts(Norminten<0.6399999999999997-SUMMARYCustomAlgos.tsv_q75.txt	0.0004984046445368128	0.7075938100064265
counts(Norminten<0.7899999999999996-SUMMARYCustomAlgos.tsv_q10.txt	0.0004973190688689977	0.7459554159979604
counts(inten<0.6499999999999997-SUMMARYCustomAlgos.tsv_min.txt	0.0004972324881758362	0.574029480847106
counts(inten<0.5499999999999998-SUMMARYCustomAlgos.tsv_mean.txt	0.0004967189795048142	0.28641912091919686
counts(inten<0.8799999999999996-SUMMARYCustomAlgos.tsv_min.txt	0.0004948081599516593	0.6998966870963703
counts(Norminten<0.4299999999999998-SUMMARYCustomAlgos.tsv_q10.txt	0.0004944779043405075	0.43967180065121925
counts(inten<0.5999999999999998-SUMMARYCustomAlgos.tsv_min.txt	0.0004939281015464222	0.4382220563989834
counts(Norminten<0.2699999999999999-SUMMARYCustomAlgos.tsv_q90.txt	0.0004933580464703058	0.21115297377768227
counts(Norminten<0.5699999999999997-SUMMARYCustomAlgos.tsv_q75.txt	0.0004932969412939734	0.6879326445306555
counts(Norminten<0.23999999999999994-SUMMARYCustomAlgos.tsv_q25.txt	0.0004913480808052774	0.2710307963794789
counts(Norminten<0.8099999999999996-SUMMARYCustomAlgos.tsv_min.txt	0.00048778113680306314	0.7331191133103663
counts(Norminten<0.3599999999999999-SUMMARYCustomAlgos.tsv_max.txt	0.0004865961902496899	0.2891705897715746
counts(Norminten<0.4099999999999998-SUMMARYCustomAlgos.tsv_q75.txt	0.0004864525614277773	0.39564025009408965
counts(Norminten<0.3799999999999999-SUMMARYCustomAlgos.tsv_max.txt	0.0004850392158533726	0.3270380797909964
counts(inten<0.7899999999999996-SUMMARYCustomAlgos.tsv_q90.txt	0.00048437516872989334	0.3323634623375522
counts(Norminten<0.23999999999999994-SUMMARYCustomAlgos.tsv_max.txt	0.0004835549198159287	0.269349368739233
counts(Norminten<0.6099999999999998-SUMMARYCustomAlgos.tsv_q25.txt	0.0004817197594780467	0.6651815682075739
counts(Norminten<0.7899999999999996-SUMMARYCustomAlgos.tsv_min.txt	0.00048123269219205156	0.7032037662421824
counts(Norminten<0.6799999999999997-SUMMARYCustomAlgos.tsv_median.txt	0.0004792363444529386	0.6664601080630552
counts(Norminten<0.3199999999999999-SUMMARYCustomAlgos.tsv_min.txt	0.0004785286778806182	0.22186108029277074
counts(inten<0.6399999999999997-SUMMARYCustomAlgos.tsv_q75.txt	0.0004778693653211631	0.565576296495867
counts(Norminten<0.6199999999999998-SUMMARYCustomAlgos.tsv_q25.txt	0.00047749933300729545	0.612713845982908
counts(Norminten<0.4199999999999998-SUMMARYCustomAlgos.tsv_max.txt	0.0004761085762645519	0.4461704291926236
counts(inten<0.6599999999999997-SUMMARYCustomAlgos.tsv_q25.txt	0.0004759262296547608	0.5686183070505844
counts(Norminten<0.7699999999999997-SUMMARYCustomAlgos.tsv_max.txt	0.00047577759059051327	0.6513934348558288
min-SUMMARYCustomAlgos.tsv_min.txt	0.0004757072320464873	0.4518786175369267
counts(Norminten<0.44999999999999984-SUMMARYCustomAlgos.tsv_max.txt	0.00047523670338595774	0.44575496598403097
counts(Norminten<0.3599999999999999-SUMMARYCustomAlgos.tsv_mean.txt	0.0004746874962018296	0.2858224582034552
counts(Norminten<0.33999999999999986-SUMMARYCustomAlgos.tsv_q25.txt	0.0004742375790624572	0.2446010266205123
counts(Norminten<0.6899999999999997-SUMMARYCustomAlgos.tsv_q10.txt	0.0004740811037775545	0.6493169869520514
counts(Norminten<0.2899999999999999-SUMMARYCustomAlgos.tsv_q10.txt	0.0004740126225987793	0.1899376062373075
counts(Norminten<0.5999999999999998-SUMMARYCustomAlgos.tsv_q10.txt	0.00047376701212644096	0.6382886823112894
counts(inten<0.6599999999999997-SUMMARYCustomAlgos.tsv_q90.txt	0.00047049446159519226	0.5534736387487915
counts(Norminten<0.4099999999999998-SUMMARYCustomAlgos.tsv_mean.txt	0.0004677609301992929	0.3953754305754642
counts(inten<0.8099999999999996-SUMMARYCustomAlgos.tsv_max.txt	0.0004670069708272014	0.2680697519246529
counts(inten<0.8699999999999996-SUMMARYCustomAlgos.tsv_q75.txt	0.0004669680671877415	0.6376376957678298
counts(Norminten<0.4199999999999998-SUMMARYCustomAlgos.tsv_min.txt	0.00046677147279924024	0.44730430141335153
counts(Norminten<0.6499999999999997-SUMMARYCustomAlgos.tsv_mean.txt	0.00046609391996022036	0.7077875932766311
counts(inten<0.6699999999999997-SUMMARYCustomAlgos.tsv_min.txt	0.00046576518714045687	0.5477828281834896
counts(inten<0.5099999999999998-SUMMARYCustomAlgos.tsv_q75.txt	0.000465557807554575	0.1668034559860483
counts(Norminten<0.30999999999999994-SUMMARYCustomAlgos.tsv_max.txt	0.0004649363014528995	0.2176833738830224
counts(Norminten<0.8099999999999996-SUMMARYCustomAlgos.tsv_q10.txt	0.00046206876230533837	0.7252330448850164
counts(Norminten<0.7199999999999996-SUMMARYCustomAlgos.tsv_median.txt	0.0004604121278316766	0.6572100631129403
counts(inten<0.5099999999999998-SUMMARYCustomAlgos.tsv_q10.txt	0.0004567577500781046	0.1307968516095812
diff-SUMMARYCustomAlgos.tsv_q75.txt	0.00045522843692067993	0.4486440929086042
counts(Norminten<0.7099999999999996-SUMMARYCustomAlgos.tsv_q10.txt	0.00045519918277776936	0.7097602193285377
counts(inten<0.8599999999999995-SUMMARYCustomAlgos.tsv_q25.txt	0.0004510829766451154	0.5729075336095106
counts(Norminten<0.7199999999999996-SUMMARYCustomAlgos.tsv_max.txt	0.0004476856923757878	0.6582058096945227
counts(inten<0.6599999999999997-SUMMARYCustomAlgos.tsv_max.txt	0.000446326815458987	0.5591934237126863
counts(Norminten<0.33999999999999986-SUMMARYCustomAlgos.tsv_min.txt	0.0004462874704505748	0.24468360614528617
counts(inten<0.5699999999999997-SUMMARYCustomAlgos.tsv_min.txt	0.00044626156494269407	0.40817195002299744
counts(inten<0.8799999999999996-SUMMARYCustomAlgos.tsv_max.txt	0.0004459757747105996	0.68819369577623
counts(Norminten<0.43999999999999984-SUMMARYCustomAlgos.tsv_q10.txt	0.00044439710744034034	0.4987623073211349
counts(Norminten<0.6899999999999997-SUMMARYCustomAlgos.tsv_max.txt	0.0004430282663828935	0.6569797785810225
counts(Norminten<0.6299999999999997-SUMMARYCustomAlgos.tsv_max.txt	0.0004428565795874964	0.6868843034635934
counts(inten<0.5899999999999997-SUMMARYCustomAlgos.tsv_min.txt	0.0004416161030003676	0.41212515236796676
counts(Norminten<0.32999999999999985-SUMMARYCustomAlgos.tsv_min.txt	0.00044000713451782566	0.21735887970105194
counts(inten<0.6899999999999997-SUMMARYCustomAlgos.tsv_q25.txt	0.0004375209847484453	0.508003082298961
counts(Norminten<0.3999999999999998-SUMMARYCustomAlgos.tsv_q75.txt	0.0004363634183229898	0.38232099617421644
counts(Norminten<0.47999999999999976-SUMMARYCustomAlgos.tsv_min.txt	0.0004347689577553011	0.5307287346142089
counts(Norminten<0.5599999999999997-SUMMARYCustomAlgos.tsv_q90.txt	0.00043111338626234015	0.6410128900181911
counts(inten<0.6599999999999997-SUMMARYCustomAlgos.tsv_q75.txt	0.0004310554402701452	0.5437352601095555
counts(inten<0.5699999999999997-SUMMARYCustomAlgos.tsv_q75.txt	0.0004301086583177563	0.3683915919960308
counts(inten<0.6699999999999997-SUMMARYCustomAlgos.tsv_q75.txt	0.00042883139318050504	0.5684544782141754
counts(Norminten<0.7099999999999996-SUMMARYCustomAlgos.tsv_max.txt	0.00042819280831263393	0.6978481387951563
counts(inten<0.6699999999999997-SUMMARYCustomAlgos.tsv_q25.txt	0.0004264926394645821	0.5537592299234868
counts(Norminten<0.6699999999999997-SUMMARYCustomAlgos.tsv_max.txt	0.0004257503492798801	0.7095858859942124
counts(Norminten<0.4099999999999998-SUMMARYCustomAlgos.tsv_min.txt	0.0004249634232951177	0.39293405755339483
counts(Norminten<0.22999999999999995-SUMMARYCustomAlgos.tsv_q90.txt	0.0004239986220597837	0.2707449414536618
counts(Norminten<0.7299999999999996-SUMMARYCustomAlgos.tsv_max.txt	0.00042317291264496305	0.6988079674244299
counts(Norminten<0.7099999999999996-SUMMARYCustomAlgos.tsv_q25.txt	0.00042101777052705463	0.695595981975428
counts(Norminten<0.6499999999999997-SUMMARYCustomAlgos.tsv_median.txt	0.00042022177266629604	0.7083025902343407
counts(Norminten<0.3599999999999999-SUMMARYCustomAlgos.tsv_min.txt	0.00041999625477552355	0.2893192294530449
counts(inten<0.6599999999999997-SUMMARYCustomAlgos.tsv_min.txt	0.0004195989584253218	0.5566167627685386
counts(inten<0.8699999999999996-SUMMARYCustomAlgos.tsv_min.txt	0.00041877669859512667	0.6390718799628567
counts(inten<0.6499999999999997-SUMMARYCustomAlgos.tsv_q10.txt	0.0004184284729832228	0.5640112077141906
counts(Norminten<0.6599999999999997-SUMMARYCustomAlgos.tsv_median.txt	0.00041785792022737514	0.7033765263452332
counts(Norminten<0.46999999999999986-SUMMARYCustomAlgos.tsv_q90.txt	0.0004159825656543978	0.5036909234311975
counts(Norminten<0.43999999999999984-SUMMARYCustomAlgos.tsv_q90.txt	0.00041549200810153924	0.5006782543891193
counts(Norminten<0.6799999999999997-SUMMARYCustomAlgos.tsv_q75.txt	0.0004153689433268468	0.6846527986807405
counts(Norminten<0.4199999999999998-SUMMARYCustomAlgos.tsv_q25.txt	0.00041495102097054777	0.4434627958280766
counts(Norminten<0.2899999999999999-SUMMARYCustomAlgos.tsv_q90.txt	0.00041475681645326064	0.19093447402086428
counts(Norminten<0.4099999999999998-SUMMARYCustomAlgos.tsv_max.txt	0.0004142460822619584	0.39786948312852255
counts(Norminten<0.7399999999999997-SUMMARYCustomAlgos.tsv_max.txt	0.00041369020860188184	0.6977555787615914
counts(Norminten<0.7299999999999996-SUMMARYCustomAlgos.tsv_mean.txt	0.00041364065156050255	0.6792760995546154
counts(inten<0.8099999999999996-SUMMARYCustomAlgos.tsv_mean.txt	0.000413610635765821	0.2674288685288473
counts(Norminten<0.29999999999999993-SUMMARYCustomAlgos.tsv_max.txt	0.000413553793874286	0.27324267942096014
counts(inten<0.6699999999999997-SUMMARYCustomAlgos.tsv_q10.txt	0.00041329076946175887	0.5497221563458523
counts(Norminten<0.6399999999999997-SUMMARYCustomAlgos.tsv_median.txt	0.00041297500773246305	0.6869644657083391
counts(Norminten<0.5899999999999997-SUMMARYCustomAlgos.tsv_median.txt	0.0004114810875280828	0.6628614143594711
counts(inten<0.6799999999999997-SUMMARYCustomAlgos.tsv_max.txt	0.0004096737976428096	0.5831061973905527
counts(inten<0.6199999999999998-SUMMARYCustomAlgos.tsv_q90.txt	0.0004095097204021813	0.5422556034213786
counts(inten<0.8099999999999996-SUMMARYCustomAlgos.tsv_q10.txt	0.00040822604364665663	0.26872964664760035
min-SUMMARYCustomAlgos.tsv_median.txt	0.00040669551024185104	0.45087757516535953
counts(inten<0.5999999999999998-SUMMARYCustomAlgos.tsv_max.txt	0.0004031292722863873	0.415518218796572
counts(Norminten<0.5699999999999997-SUMMARYCustomAlgos.tsv_q90.txt	0.00040086206588557736	0.6919653116282376
counts(Norminten<0.32999999999999985-SUMMARYCustomAlgos.tsv_median.txt	0.00040051956660813867	0.21984926441011288
counts(Norminten<0.3999999999999998-SUMMARYCustomAlgos.tsv_q10.txt	0.0003988767233188473	0.382126529548914
counts(inten<0.6899999999999997-SUMMARYCustomAlgos.tsv_max.txt	0.00039649750208831623	0.5167165671732876
counts(inten<0.5599999999999997-SUMMARYCustomAlgos.tsv_q75.txt	0.00039584168292398057	0.27138310641242125
counts(Norminten<0.2699999999999999-SUMMARYCustomAlgos.tsv_q75.txt	0.0003951219153071167	0.21354100393032294
counts(Norminten<0.3999999999999998-SUMMARYCustomAlgos.tsv_q25.txt	0.0003900187386908217	0.38204193807702147
counts(Norminten<0.44999999999999984-SUMMARYCustomAlgos.tsv_q75.txt	0.0003897708709160228	0.4416168055926808
counts(Norminten<0.6999999999999996-SUMMARYCustomAlgos.tsv_min.txt	0.00038667667897072016	0.6879277719374444
counts(Norminten<0.6799999999999997-SUMMARYCustomAlgos.tsv_q90.txt	0.00038581718987254693	0.6804467167496737
counts(Norminten<0.6999999999999996-SUMMARYCustomAlgos.tsv_q25.txt	0.0003836664743062996	0.6996470240310773
counts(Norminten<0.44999999999999984-SUMMARYCustomAlgos.tsv_median.txt	0.0003819054243655865	0.4447479002235677
counts(Norminten<0.4299999999999998-SUMMARYCustomAlgos.tsv_max.txt	0.0003806434586486986	0.430930554650784
counts(Norminten<0.7399999999999997-SUMMARYCustomAlgos.tsv_min.txt	0.000380113226438956	0.721835816458916
counts(inten<0.7999999999999996-SUMMARYCustomAlgos.tsv_q10.txt	0.0003789309278620054	0.24626357340348992
counts(Norminten<0.22999999999999995-SUMMARYCustomAlgos.tsv_q10.txt	0.0003759599939307222	0.27020851184902206
counts(Norminten<0.5899999999999997-SUMMARYCustomAlgos.tsv_max.txt	0.0003754477149840506	0.6456945788638886
counts(inten<0.6499999999999997-SUMMARYCustomAlgos.tsv_mean.txt	0.00037488229568700943	0.5934511443551749
counts(Norminten<0.4099999999999998-SUMMARYCustomAlgos.tsv_q10.txt	0.00037454301593296233	0.3941487050328516
counts(inten<0.6599999999999997-SUMMARYCustomAlgos.tsv_mean.txt	0.0003742049357514618	0.5622231484924893
counts(Norminten<0.7399999999999997-SUMMARYCustomAlgos.tsv_median.txt	0.0003741185970613862	0.693422655489472
counts(Norminten<0.7399999999999997-SUMMARYCustomAlgos.tsv_q90.txt	0.0003735754217741674	0.6789607959834969
counts(Norminten<0.44999999999999984-SUMMARYCustomAlgos.tsv_q90.txt	0.00037306706793191534	0.44571951846520097
counts(Norminten<0.4199999999999998-SUMMARYCustomAlgos.tsv_mean.txt	0.00037155891715167163	0.4422291782940353
counts(Norminten<0.7699999999999997-SUMMARYCustomAlgos.tsv_mean.txt	0.0003654068531411173	0.6824299763604289
counts(Norminten<0.3799999999999999-SUMMARYCustomAlgos.tsv_q25.txt	0.0003642101894238552	0.32576217499067806
counts(inten<0.7999999999999996-SUMMARYCustomAlgos.tsv_q75.txt	0.00036371161959070466	0.2465563218317115
counts(inten<0.7899999999999996-SUMMARYCustomAlgos.tsv_max.txt	0.00036227122317320203	0.33280769346781236
counts(inten<0.8699999999999996-SUMMARYCustomAlgos.tsv_max.txt	0.0003622009859711315	0.641777052418739
counts(Norminten<0.5699999999999997-SUMMARYCustomAlgos.tsv_min.txt	0.000361645825973356	0.694009516988666
counts(Norminten<0.4099999999999998-SUMMARYCustomAlgos.tsv_q90.txt	0.0003610838410497181	0.3957773115655514
counts(Norminten<0.3899999999999999-SUMMARYCustomAlgos.tsv_mean.txt	0.00036007294780107744	0.35611097584807805
counts(Norminten<0.7299999999999996-SUMMARYCustomAlgos.tsv_median.txt	0.000359149280668548	0.6661724020653899
counts(Norminten<0.6899999999999997-SUMMARYCustomAlgos.tsv_q90.txt	0.0003562998969338786	0.6463099896532194
counts(Norminten<0.43999999999999984-SUMMARYCustomAlgos.tsv_q25.txt	0.0003560629118333504	0.49938091386500405
counts(Norminten<0.7799999999999997-SUMMARYCustomAlgos.tsv_max.txt	0.0003541675900876926	0.6812083099941226
counts(inten<0.7099999999999996-SUMMARYCustomAlgos.tsv_median.txt	0.00035403200743995116	0.5612355680463148
counts(Norminten<0.5599999999999997-SUMMARYCustomAlgos.tsv_q25.txt	0.0003523416448639893	0.6489405507681125
counts(Norminten<0.7499999999999997-SUMMARYCustomAlgos.tsv_max.txt	0.00035223746621945625	0.7084441459122273
counts(Norminten<0.6599999999999997-SUMMARYCustomAlgos.tsv_mean.txt	0.0003497874159846309	0.7044454981641457
counts(Norminten<0.5899999999999997-SUMMARYCustomAlgos.tsv_q25.txt	0.00034966402410985633	0.6549699319692186
counts(Norminten<0.7599999999999997-SUMMARYCustomAlgos.tsv_median.txt	0.00034960764582439677	0.7098130421130602
counts(inten<0.8599999999999995-SUMMARYCustomAlgos.tsv_q75.txt	0.0003495888964775756	0.5689989966784976
counts(Norminten<0.2799999999999999-SUMMARYCustomAlgos.tsv_min.txt	0.0003494036933670226	0.23894533591515454
counts(Norminten<0.6399999999999997-SUMMARYCustomAlgos.tsv_max.txt	0.0003476610517016678	0.7019096947446473
counts(Norminten<0.6599999999999997-SUMMARYCustomAlgos.tsv_q75.txt	0.00034719595966181357	0.6795451827855166
counts(Norminten<0.32999999999999985-SUMMARYCustomAlgos.tsv_q10.txt	0.0003462375171597094	0.21819669953254683
counts(inten<0.7299999999999996-SUMMARYCustomAlgos.tsv_q10.txt	0.00034466932961116	0.5273263413756202
counts(inten<0.5299999999999998-SUMMARYCustomAlgos.tsv_max.txt	0.0003437921825967485	0.19290031374476424
counts(Norminten<0.4199999999999998-SUMMARYCustomAlgos.tsv_q10.txt	0.0003437407468576845	0.4447009415540504
counts(Norminten<0.44999999999999984-SUMMARYCustomAlgos.tsv_q10.txt	0.00034320074271749747	0.4372970745269402
counts(Norminten<0.29999999999999993-SUMMARYCustomAlgos.tsv_q90.txt	0.00034313045130336347	0.2700418471738524
counts(Norminten<0.2599999999999999-SUMMARYCustomAlgos.tsv_q10.txt	0.00034255402269307557	0.262014405371108
counts(Norminten<0.30999999999999994-SUMMARYCustomAlgos.tsv_min.txt	0.00034231595782493286	0.21965631163387922
counts(Norminten<0.17999999999999997-SUMMARYCustomAlgos.tsv_q25.txt	0.0003421156101729455	0.31697711722231414
counts(Norminten<0.3199999999999999-SUMMARYCustomAlgos.tsv_median.txt	0.0003419697189225651	0.22223611736484505
counts(Norminten<0.3599999999999999-SUMMARYCustomAlgos.tsv_q25.txt	0.0003415329670505063	0.28919344285620197
counts(Norminten<0.30999999999999994-SUMMARYCustomAlgos.tsv_mean.txt	0.00034026124665859417	0.21528226316000554
counts(Norminten<0.7199999999999996-SUMMARYCustomAlgos.tsv_q25.txt	0.0003401578030550084	0.6575714925346707
counts(Norminten<0.29999999999999993-SUMMARYCustomAlgos.tsv_q25.txt	0.0003399057883656319	0.270029482575874
counts(Norminten<0.44999999999999984-SUMMARYCustomAlgos.tsv_mean.txt	0.0003370631338346766	0.4416102839137479
counts(Norminten<0.7899999999999996-SUMMARYCustomAlgos.tsv_mean.txt	0.0003362083284404273	0.7214981565087624
counts(Norminten<0.5899999999999997-SUMMARYCustomAlgos.tsv_min.txt	0.00033599469407483834	0.6630105112831362
counts(Norminten<0.7699999999999997-SUMMARYCustomAlgos.tsv_q25.txt	0.0003351028719852699	0.6936669818148977
counts(inten<0.7999999999999996-SUMMARYCustomAlgos.tsv_mean.txt	0.0003323800825679854	0.24731957424893336
med-SUMMARYCustomAlgos.tsv_mean.txt	0.0003312749239552032	0.716710172271092
counts(Norminten<0.7199999999999996-SUMMARYCustomAlgos.tsv_min.txt	0.00033089172257648865	0.6785752233554385
counts(inten<0.5999999999999998-SUMMARYCustomAlgos.tsv_q75.txt	0.00033087867272012245	0.43224996124595316
counts(Norminten<0.45999999999999985-SUMMARYCustomAlgos.tsv_mean.txt	0.0003307467851787823	0.4986956843794297
counts(Norminten<0.7799999999999997-SUMMARYCustomAlgos.tsv_q90.txt	0.00033041407343911054	0.6706046179978555
counts(Norminten<0.6199999999999998-SUMMARYCustomAlgos.tsv_q90.txt	0.0003290522166286217	0.5977975929282451
counts(Norminten<0.7499999999999997-SUMMARYCustomAlgos.tsv_q90.txt	0.0003286000315274972	0.7224357121931271
counts(Norminten<0.44999999999999984-SUMMARYCustomAlgos.tsv_q25.txt	0.0003279769979639486	0.4461098849467491
counts(Norminten<0.6499999999999997-SUMMARYCustomAlgos.tsv_min.txt	0.00032694545715950717	0.6967602268878288
counts(inten<0.6299999999999997-SUMMARYCustomAlgos.tsv_mean.txt	0.0003266631560609166	0.5946763405413606
counts(Norminten<0.6899999999999997-SUMMARYCustomAlgos.tsv_min.txt	0.000325792664864014	0.6519335771735273
counts(Norminten<0.7899999999999996-SUMMARYCustomAlgos.tsv_q90.txt	0.00032224337572811	0.7031679493888543
counts(Norminten<0.6299999999999997-SUMMARYCustomAlgos.tsv_q75.txt	0.00032004787169300706	0.6873988658039818
counts(inten<0.6899999999999997-SUMMARYCustomAlgos.tsv_q75.txt	0.00031955403280559065	0.49760210261651405
counts(Norminten<0.7899999999999996-SUMMARYCustomAlgos.tsv_q75.txt	0.00031948372078371664	0.7267291079077567
counts(Norminten<0.4099999999999998-SUMMARYCustomAlgos.tsv_median.txt	0.00031788126896245956	0.3964106709275286
counts(inten<0.5699999999999997-SUMMARYCustomAlgos.tsv_mean.txt	0.000317226185612189	0.37222822675239975
counts(Norminten<0.6799999999999997-SUMMARYCustomAlgos.tsv_min.txt	0.00031532824038716815	0.6811539756328511
counts(Norminten<0.7299999999999996-SUMMARYCustomAlgos.tsv_q10.txt	0.00031446888781072705	0.6528297321233127
counts(Norminten<0.8099999999999996-SUMMARYCustomAlgos.tsv_q75.txt	0.0003142787678804252	0.6932613302726449
mean-SUMMARYCustomAlgos.tsv_q10.txt	0.00031408037115453934	0.656030666274237
counts(Norminten<0.5999999999999998-SUMMARYCustomAlgos.tsv_mean.txt	0.000313189140182649	0.6546706393027377
counts(Norminten<0.4199999999999998-SUMMARYCustomAlgos.tsv_q90.txt	0.00031295700478960463	0.4473164248921506
counts(Norminten<0.6199999999999998-SUMMARYCustomAlgos.tsv_median.txt	0.00031216852830776156	0.607685339052761
counts(Norminten<0.6799999999999997-SUMMARYCustomAlgos.tsv_mean.txt	0.00030864209081350936	0.6929758042510294
counts(Norminten<0.4299999999999998-SUMMARYCustomAlgos.tsv_mean.txt	0.00030860310961220594	0.43631921691021125
counts(Norminten<0.6399999999999997-SUMMARYCustomAlgos.tsv_min.txt	0.0003052042485858999	0.7086798047566214
counts(inten<0.6899999999999997-SUMMARYCustomAlgos.tsv_median.txt	0.00030307496054535416	0.4978667533368353
mean-SUMMARYCustomAlgos.tsv_q75.txt	0.0003010382158831415	0.656030666274237
counts(Norminten<0.7499999999999997-SUMMARYCustomAlgos.tsv_q25.txt	0.000300969116698549	0.7418890384003487
counts(Norminten<0.2899999999999999-SUMMARYCustomAlgos.tsv_mean.txt	0.0003006637187011405	0.19015784685523274
counts(Norminten<0.7699999999999997-SUMMARYCustomAlgos.tsv_q10.txt	0.00030059525410669816	0.7086848299068333
counts(inten<0.5199999999999998-SUMMARYCustomAlgos.tsv_median.txt	0.0003001042384266608	0.1698416988857705
counts(Norminten<0.3999999999999998-SUMMARYCustomAlgos.tsv_mean.txt	0.00029876907360254116	0.37983823028195784
counts(Norminten<0.8099999999999996-SUMMARYCustomAlgos.tsv_q25.txt	0.0002983985069006263	0.7275131661438308
counts(Norminten<0.5699999999999997-SUMMARYCustomAlgos.tsv_max.txt	0.0002972772437913805	0.6868156245572576
counts(inten<0.5099999999999998-SUMMARYCustomAlgos.tsv_max.txt	0.0002963134417322799	0.1683526532294075
counts(Norminten<0.7599999999999997-SUMMARYCustomAlgos.tsv_min.txt	0.00029625637953288456	0.7161876429322342
counts(Norminten<0.8099999999999996-SUMMARYCustomAlgos.tsv_q90.txt	0.0002961766876600599	0.6923351999906324
counts(Norminten<0.43999999999999984-SUMMARYCustomAlgos.tsv_max.txt	0.0002938088615987489	0.499144219045486
counts(Norminten<0.6499999999999997-SUMMARYCustomAlgos.tsv_q75.txt	0.0002934349682870528	0.7075748182102841
counts(inten<0.7899999999999996-SUMMARYCustomAlgos.tsv_mean.txt	0.0002927565290549452	0.33195074927046075
counts(Norminten<0.6499999999999997-SUMMARYCustomAlgos.tsv_q90.txt	0.00029271705237332357	0.7144264375382043
counts(inten<0.6699999999999997-SUMMARYCustomAlgos.tsv_q90.txt	0.00029209306763815473	0.546589379229947
counts(Norminten<0.46999999999999986-SUMMARYCustomAlgos.tsv_q75.txt	0.00029188339298254467	0.49874504986890944
counts(inten<0.6199999999999998-SUMMARYCustomAlgos.tsv_q75.txt	0.0002900541296059385	0.5541827340304235
med-SUMMARYCustomAlgos.tsv_q25.txt	0.0002895289476440438	0.7204820932323686
counts(inten<0.5599999999999997-SUMMARYCustomAlgos.tsv_mean.txt	0.00028800334844337165	0.33502022017652955
min-SUMMARYCustomAlgos.tsv_q25.txt	0.0002875961150747985	0.44764552303745475
counts(Norminten<0.2899999999999999-SUMMARYCustomAlgos.tsv_q25.txt	0.0002869497489423952	0.1916543502695931
counts(inten<0.8599999999999995-SUMMARYCustomAlgos.tsv_min.txt	0.0002861832422642351	0.5753745330670346
counts(Norminten<0.7299999999999996-SUMMARYCustomAlgos.tsv_q75.txt	0.0002852444735592341	0.6706624569071287
counts(Norminten<0.6699999999999997-SUMMARYCustomAlgos.tsv_q25.txt	0.00028327414382418756	0.6986873398105091
counts(inten<0.5599999999999997-SUMMARYCustomAlgos.tsv_q25.txt	0.0002813619932090145	0.285297588692794
counts(inten<0.6199999999999998-SUMMARYCustomAlgos.tsv_median.txt	0.0002788816356704904	0.5587761560258038
counts(Norminten<0.6199999999999998-SUMMARYCustomAlgos.tsv_min.txt	0.0002778157620271758	0.6030363845324822
counts(inten<0.5699999999999997-SUMMARYCustomAlgos.tsv_q90.txt	0.0002762832720765791	0.3311614439291266
counts(inten<0.7999999999999996-SUMMARYCustomAlgos.tsv_q90.txt	0.00027499523424308944	0.2503333932793623
counts(Norminten<0.6899999999999997-SUMMARYCustomAlgos.tsv_median.txt	0.0002738018442202483	0.6741566354250246
counts(Norminten<0.7699999999999997-SUMMARYCustomAlgos.tsv_q75.txt	0.0002725829635138631	0.7116283687449503
counts(Norminten<0.43999999999999984-SUMMARYCustomAlgos.tsv_mean.txt	0.00027109576052911945	0.49889254274273354
counts(Norminten<0.7999999999999996-SUMMARYCustomAlgos.tsv_max.txt	0.00026995077334917704	0.7190266979185913
med-SUMMARYCustomAlgos.tsv_q75.txt	0.00026942452558579026	0.7206713468654895
counts(Norminten<0.3799999999999999-SUMMARYCustomAlgos.tsv_mean.txt	0.00026804992595484825	0.3266469866247359
counts(Norminten<0.6799999999999997-SUMMARYCustomAlgos.tsv_max.txt	0.0002672015518328065	0.6700412868396448
counts(Norminten<0.7399999999999997-SUMMARYCustomAlgos.tsv_q75.txt	0.0002671606635612352	0.6800371303387527
counts(inten<0.8099999999999996-SUMMARYCustomAlgos.tsv_q25.txt	0.00026462608805713776	0.2711156333762603
counts(Norminten<0.2699999999999999-SUMMARYCustomAlgos.tsv_max.txt	0.0002642204302544187	0.21020590626846225
counts(Norminten<0.7899999999999996-SUMMARYCustomAlgos.tsv_q25.txt	0.00026341678035252147	0.7031951550531175
counts(inten<0.5099999999999998-SUMMARYCustomAlgos.tsv_median.txt	0.0002632843732763474	0.17074991947138063
counts(Norminten<0.7599999999999997-SUMMARYCustomAlgos.tsv_q90.txt	0.00026252251745320805	0.7493660906710016
counts(Norminten<0.6699999999999997-SUMMARYCustomAlgos.tsv_q10.txt	0.0002621449103308932	0.7070982419809555
counts(Norminten<0.30999999999999994-SUMMARYCustomAlgos.tsv_median.txt	0.0002612055418344104	0.21833955516437786
counts(Norminten<0.7499999999999997-SUMMARYCustomAlgos.tsv_q10.txt	0.00026011780157093905	0.7419022440999385
counts(Norminten<0.5699999999999997-SUMMARYCustomAlgos.tsv_q10.txt	0.0002578124281806219	0.6864607966777658
counts(Norminten<0.4299999999999998-SUMMARYCustomAlgos.tsv_q75.txt	0.00025740127838119617	0.43399117601987136
counts(Norminten<0.6699999999999997-SUMMARYCustomAlgos.tsv_mean.txt	0.00025612286173661404	0.6794441063811867
counts(Norminten<0.29999999999999993-SUMMARYCustomAlgos.tsv_min.txt	0.0002539524313269059	0.2722284900049283
mean-SUMMARYCustomAlgos.tsv_q25.txt	0.00025381753717743766	0.656030666274237
counts(Norminten<0.7999999999999996-SUMMARYCustomAlgos.tsv_mean.txt	0.0002518116467286623	0.7311282614855044
counts(Norminten<0.43999999999999984-SUMMARYCustomAlgos.tsv_min.txt	0.00025039691414116186	0.504606797198222
counts(inten<0.5999999999999998-SUMMARYCustomAlgos.tsv_mean.txt	0.0002501686270773849	0.4412235873676802
counts(Norminten<0.3899999999999999-SUMMARYCustomAlgos.tsv_min.txt	0.00024989620856968783	0.35699194669405143
counts(Norminten<0.45999999999999985-SUMMARYCustomAlgos.tsv_q75.txt	0.0002494367396338127	0.5019676246550722
counts(Norminten<0.3599999999999999-SUMMARYCustomAlgos.tsv_q90.txt	0.00024849156638417875	0.29157509190380315
counts(inten<0.5099999999999998-SUMMARYCustomAlgos.tsv_q25.txt	0.00024844050796513165	0.15044588497712574
counts(inten<0.5499999999999998-SUMMARYCustomAlgos.tsv_q25.txt	0.0002474035906598293	0.21811951935421625
counts(Norminten<0.4099999999999998-SUMMARYCustomAlgos.tsv_q25.txt	0.0002462917922369642	0.3970848470986894
counts(Norminten<0.3799999999999999-SUMMARYCustomAlgos.tsv_q75.txt	0.00024475169096179296	0.32344366845121275
counts(Norminten<0.5899999999999997-SUMMARYCustomAlgos.tsv_mean.txt	0.0002424131550334221	0.6405157825090657
counts(Norminten<0.6699999999999997-SUMMARYCustomAlgos.tsv_min.txt	0.00024210180211834778	0.701582651364927
counts(Norminten<0.6699999999999997-SUMMARYCustomAlgos.tsv_q90.txt	0.00023972982789591604	0.706228429847835
counts(Norminten<0.6499999999999997-SUMMARYCustomAlgos.tsv_max.txt	0.00023885252588029865	0.6888988170054104
counts(Norminten<0.6699999999999997-SUMMARYCustomAlgos.tsv_q75.txt	0.00023793926956784447	0.7015472379404537
counts(inten<0.6699999999999997-SUMMARYCustomAlgos.tsv_mean.txt	0.00023521525980845984	0.5629981377286302
counts(Norminten<0.46999999999999986-SUMMARYCustomAlgos.tsv_max.txt	0.0002306331285022346	0.5035589071451065
mean-SUMMARYCustomAlgos.tsv_min.txt	0.0002277704344222305	0.656030666274237
counts(Norminten<0.5599999999999997-SUMMARYCustomAlgos.tsv_q10.txt	0.00022709227045777317	0.6452714971503695
med-SUMMARYCustomAlgos.tsv_q90.txt	0.00022708483745867834	0.7079269405756801
counts(inten<0.46999999999999986-SUMMARYCustomAlgos.tsv_mean.txt	0.00022502035882705253	0.08357954303704185
counts(Norminten<0.47999999999999976-SUMMARYCustomAlgos.tsv_median.txt	0.00022465409305405133	0.5292070528634234
counts(inten<0.5999999999999998-SUMMARYCustomAlgos.tsv_q10.txt	0.00022370326801604115	0.47539246638184185
counts(Norminten<0.47999999999999976-SUMMARYCustomAlgos.tsv_mean.txt	0.00022313007799701657	0.5296180451374366
counts(Norminten<0.7399999999999997-SUMMARYCustomAlgos.tsv_q10.txt	0.00022227760537052815	0.7003808295645477
counts(inten<0.8599999999999995-SUMMARYCustomAlgos.tsv_mean.txt	0.0002221996056445231	0.5664381862590049
counts(inten<0.5699999999999997-SUMMARYCustomAlgos.tsv_max.txt	0.00022126095597412064	0.4119881026032486
counts(inten<0.5899999999999997-SUMMARYCustomAlgos.tsv_q90.txt	0.0002200132482916519	0.4344552601560281
med-SUMMARYCustomAlgos.tsv_q10.txt	0.00021896118696752379	0.720257801583756
counts(Norminten<0.19999999999999996-SUMMARYCustomAlgos.tsv_median.txt	0.00021794015295390374	0.28712822657743686
counts(inten<0.8599999999999995-SUMMARYCustomAlgos.tsv_q10.txt	0.00021742561147699584	0.5762155002113545
counts(Norminten<0.46999999999999986-SUMMARYCustomAlgos.tsv_q25.txt	0.00021550749656802312	0.4991952991313582
counts(Norminten<0.3799999999999999-SUMMARYCustomAlgos.tsv_median.txt	0.0002152975409634173	0.3238125222299053
counts(Norminten<0.6099999999999998-SUMMARYCustomAlgos.tsv_max.txt	0.00021527733217836418	0.6473712017610396
counts(inten<0.5899999999999997-SUMMARYCustomAlgos.tsv_q10.txt	0.00021488098136811208	0.39182780546672147
counts(Norminten<0.7499999999999997-SUMMARYCustomAlgos.tsv_mean.txt	0.00021316338032966622	0.7639106171565739
counts(Norminten<0.6699999999999997-SUMMARYCustomAlgos.tsv_median.txt	0.00020914131950265638	0.6982676388810485
counts(Norminten<0.3999999999999998-SUMMARYCustomAlgos.tsv_min.txt	0.00020874521799486997	0.3817104866904355
counts(Norminten<0.5999999999999998-SUMMARYCustomAlgos.tsv_q75.txt	0.0002077277218510133	0.6384089558665198
counts(Norminten<0.6599999999999997-SUMMARYCustomAlgos.tsv_q10.txt	0.0002070822780395778	0.7184634994148591
counts(inten<0.5499999999999998-SUMMARYCustomAlgos.tsv_q10.txt	0.00020404890840971932	0.27632340331702077
counts(Norminten<0.7199999999999996-SUMMARYCustomAlgos.tsv_q75.txt	0.00020372294048480783	0.6655092452443188
counts(inten<0.7899999999999996-SUMMARYCustomAlgos.tsv_median.txt	0.0002035535615023636	0.3357638883259697
counts(Norminten<0.6799999999999997-SUMMARYCustomAlgos.tsv_q25.txt	0.00020239320083094032	0.6781192588410438
counts(Norminten<0.5899999999999997-SUMMARYCustomAlgos.tsv_q75.txt	0.00020185176538262413	0.6453602904374174
counts(Norminten<0.43999999999999984-SUMMARYCustomAlgos.tsv_q75.txt	0.00020119464680312248	0.5026819005028487
counts(inten<0.48999999999999977-SUMMARYCustomAlgos.tsv_mean.txt	0.00020111682498644072	0.1348525975117476
counts(inten<0.5399999999999998-SUMMARYCustomAlgos.tsv_median.txt	0.00020077737331956167	0.22660103808863585
med-SUMMARYCustomAlgos.tsv_min.txt	0.0002004267737560059	0.730564673070718
counts(Norminten<0.7699999999999997-SUMMARYCustomAlgos.tsv_q90.txt	0.00020026942023227318	0.6820124214262266
counts(Norminten<0.7599999999999997-SUMMARYCustomAlgos.tsv_max.txt	0.0001984412492527707	0.7216885926390852
counts(Norminten<0.7299999999999996-SUMMARYCustomAlgos.tsv_min.txt	0.0001952888226956334	0.6719328559621065
counts(Norminten<0.6199999999999998-SUMMARYCustomAlgos.tsv_mean.txt	0.00019461831780650125	0.5917977610044942
counts(Norminten<0.7599999999999997-SUMMARYCustomAlgos.tsv_q10.txt	0.00019334084297484289	0.7136346146023915
counts(Norminten<0.5699999999999997-SUMMARYCustomAlgos.tsv_mean.txt	0.00019232187535040782	0.6895152524861095
counts(inten<0.6199999999999998-SUMMARYCustomAlgos.tsv_q10.txt	0.0001919908484574959	0.5698944325751891
counts(inten<0.5599999999999997-SUMMARYCustomAlgos.tsv_median.txt	0.0001913871199498095	0.3523768669767833
counts(Norminten<0.2899999999999999-SUMMARYCustomAlgos.tsv_max.txt	0.0001894728412443466	0.19267929815929952
counts(inten<0.5599999999999997-SUMMARYCustomAlgos.tsv_min.txt	0.00018942217693248905	0.3311064127032135
counts(inten<0.5199999999999998-SUMMARYCustomAlgos.tsv_mean.txt	0.00018736007437226797	0.18751255811298462
counts(Norminten<0.7799999999999997-SUMMARYCustomAlgos.tsv_q25.txt	0.00018563542855181556	0.696878846694521
counts(Norminten<0.46999999999999986-SUMMARYCustomAlgos.tsv_median.txt	0.00018404942085521427	0.5025797961414531
counts(Norminten<0.6299999999999997-SUMMARYCustomAlgos.tsv_min.txt	0.0001840114570091946	0.6791694715746632
counts(inten<0.48999999999999977-SUMMARYCustomAlgos.tsv_min.txt	0.00018320270051751207	0.05822519940410498
counts(inten<0.48999999999999977-SUMMARYCustomAlgos.tsv_q75.txt	0.0001805883279757613	0.12914854815032317
counts(Norminten<0.6499999999999997-SUMMARYCustomAlgos.tsv_q25.txt	0.0001786649498469918	0.7032491672380505
counts(Norminten<0.6299999999999997-SUMMARYCustomAlgos.tsv_mean.txt	0.00017705439742455857	0.6777983199505822
mean-SUMMARYCustomAlgos.tsv_q90.txt	0.0001750064818323417	0.656030666274237
counts(Norminten<0.6899999999999997-SUMMARYCustomAlgos.tsv_mean.txt	0.00017453028242746883	0.6493482112211781
counts(Norminten<0.6199999999999998-SUMMARYCustomAlgos.tsv_q10.txt	0.0001726331869574125	0.5942851586893894
counts(inten<0.5899999999999997-SUMMARYCustomAlgos.tsv_q75.txt	0.00017065321156594678	0.44562633840282606
counts(inten<0.8699999999999996-SUMMARYCustomAlgos.tsv_q25.txt	0.0001705912771716762	0.634763512288965
counts(Norminten<0.7199999999999996-SUMMARYCustomAlgos.tsv_mean.txt	0.00017027093981615275	0.6618411776851425
counts(Norminten<0.46999999999999986-SUMMARYCustomAlgos.tsv_min.txt	0.00016757333573717161	0.5007766750878431
counts(Norminten<0.7799999999999997-SUMMARYCustomAlgos.tsv_min.txt	0.0001673406854163934	0.6797043463963046
counts(Norminten<0.7699999999999997-SUMMARYCustomAlgos.tsv_median.txt	0.00016493016492053663	0.7015564001620906
counts(Norminten<0.6299999999999997-SUMMARYCustomAlgos.tsv_median.txt	0.00016422874507120367	0.6897967991801859
counts(Norminten<0.30999999999999994-SUMMARYCustomAlgos.tsv_q75.txt	0.00016266827480772492	0.2177612230385071
counts(Norminten<0.4299999999999998-SUMMARYCustomAlgos.tsv_median.txt	0.00016135646879983638	0.4418319250182332
counts(Norminten<0.7399999999999997-SUMMARYCustomAlgos.tsv_mean.txt	0.00015890806151062228	0.7024352551877118
counts(inten<0.5399999999999998-SUMMARYCustomAlgos.tsv_q25.txt	0.00015747337012409957	0.23530143542936388
counts(Norminten<0.5999999999999998-SUMMARYCustomAlgos.tsv_max.txt	0.00015633991911771772	0.6503060663007498
counts(Norminten<0.7899999999999996-SUMMARYCustomAlgos.tsv_max.txt	0.00014886906550189797	0.7158263484072642
counts(inten<0.5099999999999998-SUMMARYCustomAlgos.tsv_mean.txt	0.00014483212226128113	0.17226645446664968
counts(Norminten<0.6199999999999998-SUMMARYCustomAlgos.tsv_max.txt	0.00014462985333896144	0.6009959256749489
counts(Norminten<0.44999999999999984-SUMMARYCustomAlgos.tsv_min.txt	0.00014388856672066776	0.44603731039250505
counts(Norminten<0.7499999999999997-SUMMARYCustomAlgos.tsv_min.txt	0.00014361062930902713	0.7484072628456007
counts(inten<0.5599999999999997-SUMMARYCustomAlgos.tsv_q10.txt	0.00014262561472683436	0.3724682646050068
counts(inten<0.6099999999999998-SUMMARYCustomAlgos.tsv_q25.txt	0.00014038416110459634	0.5222705130066028
counts(inten<0.5899999999999997-SUMMARYCustomAlgos.tsv_median.txt	0.00013932809302383286	0.3994040415560498
counts(inten<0.5999999999999998-SUMMARYCustomAlgos.tsv_q90.txt	0.00013773223414377235	0.4245369295037973
counts(Norminten<0.6499999999999997-SUMMARYCustomAlgos.tsv_q10.txt	0.00013752078465271376	0.702982217988037
counts(Norminten<0.45999999999999985-SUMMARYCustomAlgos.tsv_min.txt	0.00013716379310710854	0.49822915308418647
counts(Norminten<0.7299999999999996-SUMMARYCustomAlgos.tsv_q25.txt	0.00013697565331037838	0.6819565377190764
counts(inten<0.46999999999999986-SUMMARYCustomAlgos.tsv_q90.txt	0.00013639663095466265	0.05072994534447828
counts(Norminten<0.47999999999999976-SUMMARYCustomAlgos.tsv_q25.txt	0.00013334570530226865	0.5302145195492627
counts(Norminten<0.45999999999999985-SUMMARYCustomAlgos.tsv_q10.txt	0.00013312054925962102	0.5027138555892536
counts(inten<0.5299999999999998-SUMMARYCustomAlgos.tsv_q25.txt	0.00012753485897352786	0.1628656395226713
counts(Norminten<0.2899999999999999-SUMMARYCustomAlgos.tsv_q75.txt	0.00012753102050657613	0.19025055968223192
counts(Norminten<0.6399999999999997-SUMMARYCustomAlgos.tsv_q10.txt	0.00012712324177851445	0.7030867089579718
mean-SUMMARYCustomAlgos.tsv_max.txt	0.00012607232871381018	0.656030666274237
counts(inten<0.6099999999999998-SUMMARYCustomAlgos.tsv_q90.txt	0.0001259165839272829	0.5462084877045643
mean-SUMMARYCustomAlgos.tsv_mean.txt	0.00012438174996532678	0.656030666274237
counts(Norminten<0.6599999999999997-SUMMARYCustomAlgos.tsv_q25.txt	0.00012262508684073123	0.7096696987629292
counts(inten<0.48999999999999977-SUMMARYCustomAlgos.tsv_max.txt	0.00012122519444441525	0.12963123293004664
counts(Norminten<0.6399999999999997-SUMMARYCustomAlgos.tsv_q90.txt	0.00012026752021109476	0.7068352398271749
counts(inten<0.46999999999999986-SUMMARYCustomAlgos.tsv_median.txt	0.00011609134983818892	0.07578552354196155
counts(inten<0.5899999999999997-SUMMARYCustomAlgos.tsv_mean.txt	0.00011559643669708996	0.40587310658938325
counts(inten<0.48999999999999977-SUMMARYCustomAlgos.tsv_q25.txt	0.00011296943872541224	0.09731077218881001
counts(inten<0.4999999999999998-SUMMARYCustomAlgos.tsv_max.txt	0.00011229218407214143	0.14805707628840725
counts(Norminten<0.29999999999999993-SUMMARYCustomAlgos.tsv_q75.txt	0.00011039083380553036	0.2761050657550479
counts(Norminten<0.6399999999999997-SUMMARYCustomAlgos.tsv_mean.txt	0.00010926286943981333	0.6986521245291062
counts(inten<0.5399999999999998-SUMMARYCustomAlgos.tsv_max.txt	0.00010783299687224162	0.23402554690718436
counts(inten<0.5299999999999998-SUMMARYCustomAlgos.tsv_q10.txt	0.00010763376204264945	0.19488100890455495
counts(Norminten<0.7899999999999996-SUMMARYCustomAlgos.tsv_median.txt	0.00010142135780097242	0.7142465604068451
counts(inten<0.5299999999999998-SUMMARYCustomAlgos.tsv_median.txt	9.641605786979832e-05	0.19061593984073388
counts(Norminten<0.30999999999999994-SUMMARYCustomAlgos.tsv_q25.txt	9.619222815421461e-05	0.21811353348305884
counts(Norminten<0.6399999999999997-SUMMARYCustomAlgos.tsv_q25.txt	9.526803561044161e-05	0.6965471338013187
med-SUMMARYCustomAlgos.tsv_median.txt	9.515267342498861e-05	0.714278844344896
counts(inten<0.48999999999999977-SUMMARYCustomAlgos.tsv_median.txt	9.338939787827111e-05	0.09253836929229209
counts(Norminten<0.7799999999999997-SUMMARYCustomAlgos.tsv_q75.txt	8.61558560414668e-05	0.6943503539560791
counts(inten<0.5899999999999997-SUMMARYCustomAlgos.tsv_q25.txt	8.288964844634394e-05	0.4291389274552633
counts(inten<0.5299999999999998-SUMMARYCustomAlgos.tsv_q90.txt	8.282560606971946e-05	0.1744462157678237
counts(inten<0.46999999999999986-SUMMARYCustomAlgos.tsv_q75.txt	8.210031256312396e-05	0.08741396370027799
counts(inten<0.46999999999999986-SUMMARYCustomAlgos.tsv_q25.txt	8.146333945850997e-05	0.0
counts(inten<0.48999999999999977-SUMMARYCustomAlgos.tsv_q90.txt	8.113911995658017e-05	0.08057255766023186
counts(Norminten<0.46999999999999986-SUMMARYCustomAlgos.tsv_q10.txt	7.827174534086186e-05	0.5082267740959723
counts(inten<0.5499999999999998-SUMMARYCustomAlgos.tsv_max.txt	7.395333398620738e-05	0.253986837755646
counts(inten<0.5199999999999998-SUMMARYCustomAlgos.tsv_max.txt	7.334419180648765e-05	0.179269416127934
counts(inten<0.5599999999999997-SUMMARYCustomAlgos.tsv_q90.txt	7.241977777543947e-05	0.2927421325617372
counts(inten<0.4999999999999998-SUMMARYCustomAlgos.tsv_median.txt	6.997647843853974e-05	0.09495505647542002
counts(inten<0.4299999999999998-SUMMARYCustomAlgos.tsv_q10.txt	6.964520402092234e-05	0.007851486863467372
counts(Norminten<0.46999999999999986-SUMMARYCustomAlgos.tsv_mean.txt	6.562949474208568e-05	0.5003200256464138
med-SUMMARYCustomAlgos.tsv_max.txt	6.266632646390009e-05	0.7288772814528599
counts(inten<0.4999999999999998-SUMMARYCustomAlgos.tsv_min.txt	6.144520158332245e-05	0.11147974026689944
counts(inten<0.45999999999999985-SUMMARYCustomAlgos.tsv_mean.txt	6.084100567809816e-05	0.07761399168579475
counts(inten<0.5399999999999998-SUMMARYCustomAlgos.tsv_q90.txt	5.933377523072491e-05	0.23383182718302242
counts(inten<0.5399999999999998-SUMMARYCustomAlgos.tsv_min.txt	5.896130582135297e-05	0.2519199997633983
counts(Norminten<0.7599999999999997-SUMMARYCustomAlgos.tsv_q25.txt	5.875015577287794e-05	0.7077117364283008
counts(inten<0.44999999999999984-SUMMARYCustomAlgos.tsv_max.txt	5.8556294944038024e-05	0.038836140867723135
counts(inten<0.5499999999999998-SUMMARYCustomAlgos.tsv_min.txt	5.670420044554569e-05	0.23265269375189224
counts(Norminten<0.7799999999999997-SUMMARYCustomAlgos.tsv_median.txt	5.6549860666438465e-05	0.7106815673875473
counts(inten<0.48999999999999977-SUMMARYCustomAlgos.tsv_q10.txt	5.132418307699989e-05	0.09303488815202066
counts(Norminten<0.45999999999999985-SUMMARYCustomAlgos.tsv_median.txt	4.863709702269122e-05	0.4989480255735317
counts(inten<0.45999999999999985-SUMMARYCustomAlgos.tsv_min.txt	4.654016510694036e-05	0.07162966735752274
counts(inten<0.4199999999999998-SUMMARYCustomAlgos.tsv_mean.txt	4.457694491766043e-05	0.0
counts(inten<0.3799999999999999-SUMMARYCustomAlgos.tsv_q10.txt	4.279399150501741e-05	0.0
counts(inten<0.5299999999999998-SUMMARYCustomAlgos.tsv_q75.txt	4.217944346280626e-05	0.18062666452681064
counts(inten<0.46999999999999986-SUMMARYCustomAlgos.tsv_max.txt	4.210773059410258e-05	0.10001114896443664
counts(inten<0.45999999999999985-SUMMARYCustomAlgos.tsv_q10.txt	4.0519695667040774e-05	0.005589315133475381
counts(inten<0.4999999999999998-SUMMARYCustomAlgos.tsv_mean.txt	3.6492391607524724e-05	0.0644987950409801
counts(inten<0.47999999999999976-SUMMARYCustomAlgos.tsv_q10.txt	3.241959630375305e-05	0.10656483206774503
counts(inten<0.5399999999999998-SUMMARYCustomAlgos.tsv_q75.txt	2.846745784036157e-05	0.2073475957529647
counts(inten<0.4999999999999998-SUMMARYCustomAlgos.tsv_q10.txt	2.837698963934715e-05	0.11849231542873095
counts(inten<0.5099999999999998-SUMMARYCustomAlgos.tsv_q90.txt	2.8344448463068837e-05	0.13080587700261326
counts(Norminten<0.7799999999999997-SUMMARYCustomAlgos.tsv_q10.txt	2.4310193492483428e-05	0.7164372099979301
counts(inten<0.45999999999999985-SUMMARYCustomAlgos.tsv_max.txt	2.3702322978622126e-05	0.025204813254772418
counts(inten<0.45999999999999985-SUMMARYCustomAlgos.tsv_q75.txt	2.3696611576271333e-05	0.06674872605046289
counts(inten<0.44999999999999984-SUMMARYCustomAlgos.tsv_q75.txt	2.3605124909347126e-05	0.022498832585397643
counts(inten<0.44999999999999984-SUMMARYCustomAlgos.tsv_q90.txt	2.336502687060769e-05	0.03086684917192839
counts(inten<0.45999999999999985-SUMMARYCustomAlgos.tsv_median.txt	2.3228570573302237e-05	0.06707318409315866
counts(inten<0.3899999999999999-SUMMARYCustomAlgos.tsv_q10.txt	2.2292389529731597e-05	0.0
counts(inten<0.44999999999999984-SUMMARYCustomAlgos.tsv_mean.txt	2.226129961571892e-05	0.0
counts(inten<0.43999999999999984-SUMMARYCustomAlgos.tsv_q10.txt	2.1655545785272163e-05	0.0
counts(inten<0.3899999999999999-SUMMARYCustomAlgos.tsv_q90.txt	2.1061647369615898e-05	0.0
counts(inten<0.5299999999999998-SUMMARYCustomAlgos.tsv_mean.txt	2.0845042995667246e-05	0.1868613034522637
counts(inten<0.5199999999999998-SUMMARYCustomAlgos.tsv_q75.txt	2.0303334402383644e-05	0.14389980459167528
counts(inten<0.5399999999999998-SUMMARYCustomAlgos.tsv_q10.txt	1.9435904842470132e-05	0.1680136619043613
counts(inten<0.47999999999999976-SUMMARYCustomAlgos.tsv_q75.txt	1.6210802383091202e-05	0.12450092387164347
counts(inten<0.4999999999999998-SUMMARYCustomAlgos.tsv_q25.txt	1.6199261231143856e-05	0.08497814263617443
counts(inten<0.5299999999999998-SUMMARYCustomAlgos.tsv_min.txt	1.6196420281632022e-05	0.22315056024015378
counts(inten<0.5199999999999998-SUMMARYCustomAlgos.tsv_q10.txt	1.6194916652913023e-05	0.2077709790927873
counts(inten<0.47999999999999976-SUMMARYCustomAlgos.tsv_min.txt	1.2145686347320215e-05	0.15145971539866654
counts(inten<0.5199999999999998-SUMMARYCustomAlgos.tsv_q25.txt	1.2141177926255878e-05	0.17774328166406095
counts(inten<0.5199999999999998-SUMMARYCustomAlgos.tsv_min.txt	1.1380641161943534e-05	0.20123125195611413
counts(inten<0.5599999999999997-SUMMARYCustomAlgos.tsv_max.txt	7.492972355545499e-06	0.29211391785277474
counts(inten<0.33999999999999986-SUMMARYCustomAlgos.tsv_max.txt	0.0	0.0
counts(inten<0.33999999999999986-SUMMARYCustomAlgos.tsv_mean.txt	0.0	0.056791550219819076
counts(inten<0.33999999999999986-SUMMARYCustomAlgos.tsv_median.txt	0.0	0.0
counts(inten<0.33999999999999986-SUMMARYCustomAlgos.tsv_min.txt	0.0	0.0
counts(inten<0.33999999999999986-SUMMARYCustomAlgos.tsv_q10.txt	0.0	0.0
counts(inten<0.33999999999999986-SUMMARYCustomAlgos.tsv_q75.txt	0.0	0.000752614974761201
counts(inten<0.33999999999999986-SUMMARYCustomAlgos.tsv_q25.txt	0.0	0.043287252515018526
counts(inten<0.5299999999999998-SUMMARYCustomAlgos.tsv_std.txt	0.0	0.0
counts(inten<0.33999999999999986-SUMMARYCustomAlgos.tsv_q90.txt	0.0	0.0
counts(inten<0.33999999999999986-SUMMARYCustomAlgos.tsv_std.txt	0.0	0.0
counts(inten<0.33999999999999986-SUMMARYCustomAlgos.tsv_var.txt	0.0	0.0
counts(inten<0.33999999999999986Normalized-SUMMARYCustomAlgos.tsv_max.txt	0.0	0.0
counts(inten<0.5299999999999998Normalized-SUMMARYCustomAlgos.tsv_max.txt	0.0	0.007690776253141074
counts(inten<0.33999999999999986Normalized-SUMMARYCustomAlgos.tsv_mean.txt	0.0	0.07121289294011124
counts(inten<0.29999999999999993Normalized-SUMMARYCustomAlgos.tsv_max.txt	0.0	0.0022583316506357143
counts(inten<0.29999999999999993-SUMMARYCustomAlgos.tsv_var.txt	0.0	0.0
counts(inten<0.5299999999999998-SUMMARYCustomAlgos.tsv_var.txt	0.0	0.0
counts(inten<0.3199999999999999Normalized-SUMMARYCustomAlgos.tsv_q10.txt	0.0	0.0
counts(inten<0.29999999999999993Normalized-SUMMARYCustomAlgos.tsv_mean.txt	0.0	0.005986408927389331
counts(inten<0.29999999999999993Normalized-SUMMARYCustomAlgos.tsv_median.txt	0.0	0.0
counts(inten<0.32999999999999985Normalized-SUMMARYCustomAlgos.tsv_min.txt	0.0	0.0
counts(inten<0.32999999999999985Normalized-SUMMARYCustomAlgos.tsv_q10.txt	0.0	0.0
counts(inten<0.29999999999999993Normalized-SUMMARYCustomAlgos.tsv_std.txt	0.0	0.0
counts(inten<0.32999999999999985Normalized-SUMMARYCustomAlgos.tsv_q25.txt	0.0	0.008184632907136002
counts(inten<0.32999999999999985Normalized-SUMMARYCustomAlgos.tsv_q75.txt	0.0	0.01185900887534519
counts(inten<0.32999999999999985Normalized-SUMMARYCustomAlgos.tsv_q90.txt	0.0	0.0023567163434110583
counts(inten<0.29999999999999993Normalized-SUMMARYCustomAlgos.tsv_q90.txt	0.0	0.0
counts(inten<0.32999999999999985Normalized-SUMMARYCustomAlgos.tsv_std.txt	0.0	0.0
counts(inten<0.29999999999999993Normalized-SUMMARYCustomAlgos.tsv_q75.txt	0.0	0.0
counts(inten<0.29999999999999993Normalized-SUMMARYCustomAlgos.tsv_q25.txt	0.0	0.019713261533876203
counts(inten<0.5099999999999998-SUMMARYCustomAlgos.tsv_std.txt	0.0	0.0
counts(inten<0.32999999999999985Normalized-SUMMARYCustomAlgos.tsv_var.txt	0.0	0.0
counts(inten<0.29999999999999993Normalized-SUMMARYCustomAlgos.tsv_q10.txt	0.0	0.0129503963898836
counts(inten<0.29999999999999993-SUMMARYCustomAlgos.tsv_q90.txt	0.0	0.0
counts(inten<0.29999999999999993Normalized-SUMMARYCustomAlgos.tsv_min.txt	0.0	0.0
counts(inten<0.29999999999999993-SUMMARYCustomAlgos.tsv_std.txt	0.0	0.020623747186731656
counts(inten<0.29999999999999993-SUMMARYCustomAlgos.tsv_q25.txt	0.0	0.005749360340912002
counts(inten<0.29999999999999993-SUMMARYCustomAlgos.tsv_q75.txt	0.0	0.07290401324326412
counts(inten<0.34999999999999987-SUMMARYCustomAlgos.tsv_mean.txt	0.0	0.023937650756250317
counts(inten<0.2899999999999999Normalized-SUMMARYCustomAlgos.tsv_var.txt	0.0	0.015165520599952131
counts(inten<0.2899999999999999Normalized-SUMMARYCustomAlgos.tsv_std.txt	0.0	0.0
counts(inten<0.2899999999999999Normalized-SUMMARYCustomAlgos.tsv_q90.txt	0.0	0.012950960546394441
counts(inten<0.4999999999999998Normalized-SUMMARYCustomAlgos.tsv_var.txt	0.0	0.0
counts(inten<0.4999999999999998Normalized-SUMMARYCustomAlgos.tsv_std.txt	0.0	0.001663585093445441
counts(inten<0.4999999999999998Normalized-SUMMARYCustomAlgos.tsv_q90.txt	0.0	0.0
counts(inten<0.34999999999999987-SUMMARYCustomAlgos.tsv_max.txt	0.0	0.013386706625532874
counts(inten<0.34999999999999987-SUMMARYCustomAlgos.tsv_median.txt	0.0	0.0
counts(inten<0.33999999999999986Normalized-SUMMARYCustomAlgos.tsv_median.txt	0.0	0.0
counts(inten<0.2899999999999999Normalized-SUMMARYCustomAlgos.tsv_q75.txt	0.0	0.0
counts(inten<0.2899999999999999Normalized-SUMMARYCustomAlgos.tsv_q25.txt	0.0	0.04326448469676025
counts(inten<0.34999999999999987-SUMMARYCustomAlgos.tsv_min.txt	0.0	0.037905012707961205
counts(inten<0.2899999999999999Normalized-SUMMARYCustomAlgos.tsv_q10.txt	0.0	0.026941198011092737
counts(inten<0.2899999999999999Normalized-SUMMARYCustomAlgos.tsv_min.txt	0.0	0.0
counts(inten<0.2899999999999999Normalized-SUMMARYCustomAlgos.tsv_median.txt	0.0	0.0
counts(inten<0.34999999999999987-SUMMARYCustomAlgos.tsv_q10.txt	0.0	0.0012543651713077253
counts(inten<0.29999999999999993-SUMMARYCustomAlgos.tsv_max.txt	0.0	0.015418202872971687
counts(inten<0.29999999999999993-SUMMARYCustomAlgos.tsv_mean.txt	0.0	0.06155469303706029
counts(inten<0.29999999999999993-SUMMARYCustomAlgos.tsv_median.txt	0.0	0.0
counts(inten<0.29999999999999993-SUMMARYCustomAlgos.tsv_min.txt	0.0	0.0861741504932727
counts(inten<0.29999999999999993Normalized-SUMMARYCustomAlgos.tsv_var.txt	0.0	0.0
counts(inten<0.33999999999999986Normalized-SUMMARYCustomAlgos.tsv_min.txt	0.0	0.0
counts(inten<0.33999999999999986Normalized-SUMMARYCustomAlgos.tsv_q10.txt	0.0	0.0
counts(inten<0.33999999999999986Normalized-SUMMARYCustomAlgos.tsv_q25.txt	0.0	0.0011048855451978312
counts(inten<0.33999999999999986Normalized-SUMMARYCustomAlgos.tsv_q75.txt	0.0	0.0
counts(inten<0.33999999999999986Normalized-SUMMARYCustomAlgos.tsv_q90.txt	0.0	0.028003291212317816
counts(inten<0.29999999999999993-SUMMARYCustomAlgos.tsv_q10.txt	0.0	0.0
counts(inten<0.33999999999999986Normalized-SUMMARYCustomAlgos.tsv_std.txt	0.0	0.0
counts(inten<0.5299999999999998Normalized-SUMMARYCustomAlgos.tsv_mean.txt	0.0	0.0
counts(inten<0.5299999999999998Normalized-SUMMARYCustomAlgos.tsv_median.txt	0.0	0.0
counts(inten<0.5299999999999998Normalized-SUMMARYCustomAlgos.tsv_min.txt	0.0	0.0
counts(inten<0.33999999999999986Normalized-SUMMARYCustomAlgos.tsv_var.txt	0.0	0.017069556074655434
counts(inten<0.5299999999999998Normalized-SUMMARYCustomAlgos.tsv_q10.txt	0.0	0.060465197509457
counts(inten<0.5299999999999998Normalized-SUMMARYCustomAlgos.tsv_q25.txt	0.0	0.0
counts(inten<0.5299999999999998Normalized-SUMMARYCustomAlgos.tsv_q75.txt	0.0	0.017057430471786983
counts(inten<0.32999999999999985Normalized-SUMMARYCustomAlgos.tsv_median.txt	0.0	0.0
counts(inten<0.30999999999999994-SUMMARYCustomAlgos.tsv_median.txt	0.0	0.0
counts(inten<0.30999999999999994-SUMMARYCustomAlgos.tsv_max.txt	0.0	0.0
counts(inten<0.5099999999999998Normalized-SUMMARYCustomAlgos.tsv_median.txt	0.0	0.0
counts(inten<0.3199999999999999-SUMMARYCustomAlgos.tsv_min.txt	0.0	0.0
counts(inten<0.3199999999999999-SUMMARYCustomAlgos.tsv_median.txt	0.0	0.062372857953068905
counts(inten<0.3199999999999999-SUMMARYCustomAlgos.tsv_mean.txt	0.0	0.0
counts(inten<0.3199999999999999-SUMMARYCustomAlgos.tsv_max.txt	0.0	0.018812375395006242
counts(inten<0.3199999999999999Normalized-SUMMARYCustomAlgos.tsv_std.txt	0.0	0.0
counts(inten<0.5099999999999998Normalized-SUMMARYCustomAlgos.tsv_q10.txt	0.0	0.0
counts(inten<0.5099999999999998Normalized-SUMMARYCustomAlgos.tsv_min.txt	0.0	0.0
counts(inten<0.3199999999999999Normalized-SUMMARYCustomAlgos.tsv_var.txt	0.0	0.02373732664174666
counts(inten<0.30999999999999994-SUMMARYCustomAlgos.tsv_mean.txt	0.0	0.002133025444559067
counts(inten<0.30999999999999994Normalized-SUMMARYCustomAlgos.tsv_var.txt	0.0	0.0845812358346163
counts(inten<0.5199999999999998-SUMMARYCustomAlgos.tsv_std.txt	0.0	0.061127581322027336
counts(inten<0.5199999999999998-SUMMARYCustomAlgos.tsv_var.txt	0.0	0.014511432097673804
counts(inten<0.5199999999999998Normalized-SUMMARYCustomAlgos.tsv_max.txt	0.0	0.0
counts(inten<0.5199999999999998Normalized-SUMMARYCustomAlgos.tsv_mean.txt	0.0	0.0
counts(inten<0.5199999999999998Normalized-SUMMARYCustomAlgos.tsv_median.txt	0.0	0.0
counts(inten<0.30999999999999994Normalized-SUMMARYCustomAlgos.tsv_std.txt	0.0	0.039748772181894765
counts(inten<0.5199999999999998-SUMMARYCustomAlgos.tsv_q90.txt	0.0	0.22661703048157245
counts(inten<0.3199999999999999Normalized-SUMMARYCustomAlgos.tsv_q90.txt	0.0	0.0
counts(inten<0.34999999999999987-SUMMARYCustomAlgos.tsv_q25.txt	0.0	0.017248198352671107
counts(inten<0.3199999999999999Normalized-SUMMARYCustomAlgos.tsv_q75.txt	0.0	0.0
counts(inten<0.3199999999999999Normalized-SUMMARYCustomAlgos.tsv_q25.txt	0.0	0.00938494493405262
counts(inten<0.3199999999999999Normalized-SUMMARYCustomAlgos.tsv_median.txt	0.0	0.03056769643229318
counts(inten<0.3199999999999999Normalized-SUMMARYCustomAlgos.tsv_mean.txt	0.0	0.019941992724310076
counts(inten<0.3199999999999999Normalized-SUMMARYCustomAlgos.tsv_max.txt	0.0	0.0014616481926186253
counts(inten<0.3199999999999999-SUMMARYCustomAlgos.tsv_var.txt	0.0	0.0
counts(inten<0.3199999999999999-SUMMARYCustomAlgos.tsv_std.txt	0.0	0.05722833070832323
counts(inten<0.3199999999999999-SUMMARYCustomAlgos.tsv_q90.txt	0.0	0.0
counts(inten<0.3199999999999999-SUMMARYCustomAlgos.tsv_q75.txt	0.0	0.00034400821857971664
counts(inten<0.3199999999999999-SUMMARYCustomAlgos.tsv_q25.txt	0.0	0.0192543152305773
counts(inten<0.3199999999999999-SUMMARYCustomAlgos.tsv_q10.txt	0.0	0.0037095589489126723
counts(inten<0.5099999999999998Normalized-SUMMARYCustomAlgos.tsv_var.txt	0.0	0.0
counts(inten<0.5099999999999998Normalized-SUMMARYCustomAlgos.tsv_std.txt	0.0	0.03366484191494079
counts(inten<0.5099999999999998Normalized-SUMMARYCustomAlgos.tsv_q90.txt	0.0	0.009987822723742212
counts(inten<0.5099999999999998Normalized-SUMMARYCustomAlgos.tsv_q75.txt	0.0	0.010595529513195867
counts(inten<0.5099999999999998Normalized-SUMMARYCustomAlgos.tsv_q25.txt	0.0	0.010891533576021128
counts(inten<0.30999999999999994Normalized-SUMMARYCustomAlgos.tsv_q90.txt	0.0	0.017815743017389085
counts(inten<0.30999999999999994Normalized-SUMMARYCustomAlgos.tsv_q75.txt	0.0	0.03765122768505069
counts(inten<0.30999999999999994Normalized-SUMMARYCustomAlgos.tsv_q25.txt	0.0	0.016945303969253533
counts(inten<0.30999999999999994-SUMMARYCustomAlgos.tsv_q10.txt	0.0	0.04285618186220219
counts(inten<0.32999999999999985-SUMMARYCustomAlgos.tsv_q75.txt	0.0	0.012001082096867677
counts(inten<0.32999999999999985-SUMMARYCustomAlgos.tsv_q90.txt	0.0	0.019692998212024637
counts(inten<0.32999999999999985-SUMMARYCustomAlgos.tsv_std.txt	0.0	0.015765648100956042
counts(inten<0.32999999999999985-SUMMARYCustomAlgos.tsv_var.txt	0.0	0.019124121528282245
counts(inten<0.32999999999999985Normalized-SUMMARYCustomAlgos.tsv_max.txt	0.0	0.0
counts(inten<0.5099999999999998Normalized-SUMMARYCustomAlgos.tsv_max.txt	0.0	0.0
counts(inten<0.5099999999999998-SUMMARYCustomAlgos.tsv_var.txt	0.0	0.0209631823512737
counts(inten<0.5199999999999998Normalized-SUMMARYCustomAlgos.tsv_q25.txt	0.0	0.04233843830004691
counts(inten<0.5199999999999998Normalized-SUMMARYCustomAlgos.tsv_q75.txt	0.0	0.0
counts(inten<0.5199999999999998Normalized-SUMMARYCustomAlgos.tsv_q90.txt	0.0	0.013469275014576176
counts(inten<0.5199999999999998Normalized-SUMMARYCustomAlgos.tsv_std.txt	0.0	0.008160235733025267
counts(inten<0.5199999999999998Normalized-SUMMARYCustomAlgos.tsv_var.txt	0.0	0.03948391946917207
counts(inten<0.32999999999999985Normalized-SUMMARYCustomAlgos.tsv_mean.txt	0.0	0.026380500246958594
counts(inten<0.30999999999999994-SUMMARYCustomAlgos.tsv_min.txt	0.0	0.00398881491684655
counts(inten<0.3199999999999999Normalized-SUMMARYCustomAlgos.tsv_min.txt	0.0	0.0
counts(inten<0.32999999999999985-SUMMARYCustomAlgos.tsv_q25.txt	0.0	0.05171091650850412
counts(inten<0.30999999999999994-SUMMARYCustomAlgos.tsv_q25.txt	0.0	0.0
counts(inten<0.30999999999999994Normalized-SUMMARYCustomAlgos.tsv_q10.txt	0.0	0.0
counts(inten<0.30999999999999994-SUMMARYCustomAlgos.tsv_q75.txt	0.0	0.0
counts(inten<0.32999999999999985-SUMMARYCustomAlgos.tsv_max.txt	0.0	0.0
counts(inten<0.32999999999999985-SUMMARYCustomAlgos.tsv_mean.txt	0.0	0.029016842840625223
counts(inten<0.30999999999999994Normalized-SUMMARYCustomAlgos.tsv_min.txt	0.0	0.02700899437355675
counts(inten<0.32999999999999985-SUMMARYCustomAlgos.tsv_median.txt	0.0	0.012140936960158832
counts(inten<0.30999999999999994Normalized-SUMMARYCustomAlgos.tsv_median.txt	0.0	0.030014458297690894
counts(inten<0.30999999999999994Normalized-SUMMARYCustomAlgos.tsv_mean.txt	0.0	0.018398844400203895
counts(inten<0.5099999999999998Normalized-SUMMARYCustomAlgos.tsv_mean.txt	0.0	0.05097986346549055
counts(inten<0.32999999999999985-SUMMARYCustomAlgos.tsv_min.txt	0.0	0.0
counts(inten<0.32999999999999985-SUMMARYCustomAlgos.tsv_q10.txt	0.0	0.0010984133104940952
counts(inten<0.30999999999999994Normalized-SUMMARYCustomAlgos.tsv_max.txt	0.0	0.0020960484313161665
counts(inten<0.30999999999999994-SUMMARYCustomAlgos.tsv_var.txt	0.0	0.0
counts(inten<0.30999999999999994-SUMMARYCustomAlgos.tsv_std.txt	0.0	0.0049373883469860935
counts(inten<0.30999999999999994-SUMMARYCustomAlgos.tsv_q90.txt	0.0	0.024780310113644788
counts(inten<0.5199999999999998Normalized-SUMMARYCustomAlgos.tsv_min.txt	0.0	0.002490617994636679
counts(inten<0.5199999999999998Normalized-SUMMARYCustomAlgos.tsv_q10.txt	0.0	0.0
counts(inten<0.43999999999999984-SUMMARYCustomAlgos.tsv_median.txt	0.0	0.0006289222386817173
counts(inten<0.3699999999999999-SUMMARYCustomAlgos.tsv_q25.txt	0.0	0.0
counts(inten<0.34999999999999987-SUMMARYCustomAlgos.tsv_q75.txt	0.0	0.0
counts(inten<0.4099999999999998Normalized-SUMMARYCustomAlgos.tsv_min.txt	0.0	0.0
counts(inten<0.4099999999999998-SUMMARYCustomAlgos.tsv_q75.txt	0.0	0.0
counts(inten<0.4099999999999998-SUMMARYCustomAlgos.tsv_q90.txt	0.0	0.025171647751475845
counts(inten<0.4099999999999998-SUMMARYCustomAlgos.tsv_std.txt	0.0	0.035871793331235136
counts(inten<0.45999999999999985Normalized-SUMMARYCustomAlgos.tsv_q90.txt	0.0	0.03700208989469189
counts(inten<0.45999999999999985Normalized-SUMMARYCustomAlgos.tsv_q75.txt	0.0	0.03481209275840591
counts(inten<0.45999999999999985Normalized-SUMMARYCustomAlgos.tsv_q25.txt	0.0	0.0
counts(inten<0.45999999999999985Normalized-SUMMARYCustomAlgos.tsv_q10.txt	0.0	0.0394100374877544
counts(inten<0.45999999999999985Normalized-SUMMARYCustomAlgos.tsv_min.txt	0.0	0.020850329472089868
counts(inten<0.45999999999999985Normalized-SUMMARYCustomAlgos.tsv_median.txt	0.0	0.04062237734438279
counts(inten<0.45999999999999985Normalized-SUMMARYCustomAlgos.tsv_mean.txt	0.0	0.01830759419599781
counts(inten<0.4099999999999998-SUMMARYCustomAlgos.tsv_var.txt	0.0	0.10785603746809924
counts(inten<0.4099999999999998Normalized-SUMMARYCustomAlgos.tsv_max.txt	0.0	0.049293678754842585
counts(inten<0.4099999999999998Normalized-SUMMARYCustomAlgos.tsv_mean.txt	0.0	0.0
counts(inten<0.4099999999999998Normalized-SUMMARYCustomAlgos.tsv_median.txt	0.0	0.0
counts(inten<0.4099999999999998Normalized-SUMMARYCustomAlgos.tsv_q10.txt	0.0	0.06601155217635535
counts(inten<0.4099999999999998-SUMMARYCustomAlgos.tsv_q10.txt	0.0	0.0
counts(inten<0.4099999999999998Normalized-SUMMARYCustomAlgos.tsv_q25.txt	0.0	0.0
counts(inten<0.4099999999999998Normalized-SUMMARYCustomAlgos.tsv_q75.txt	0.0	0.0
counts(inten<0.4099999999999998Normalized-SUMMARYCustomAlgos.tsv_q90.txt	0.0	0.0
counts(inten<0.4099999999999998Normalized-SUMMARYCustomAlgos.tsv_std.txt	0.0	0.0
counts(inten<0.4099999999999998Normalized-SUMMARYCustomAlgos.tsv_var.txt	0.0	0.0013448370903956786
counts(inten<0.45999999999999985Normalized-SUMMARYCustomAlgos.tsv_max.txt	0.0	0.0
counts(inten<0.45999999999999985-SUMMARYCustomAlgos.tsv_var.txt	0.0	0.02761569850122081
counts(inten<0.45999999999999985-SUMMARYCustomAlgos.tsv_std.txt	0.0	0.0
counts(inten<0.45999999999999985-SUMMARYCustomAlgos.tsv_q90.txt	0.0	0.05469301695945861
counts(inten<0.45999999999999985-SUMMARYCustomAlgos.tsv_q25.txt	0.0	0.05648646588799666
counts(inten<0.4199999999999998-SUMMARYCustomAlgos.tsv_max.txt	0.0	0.006852201297101068
counts(inten<0.4199999999999998-SUMMARYCustomAlgos.tsv_median.txt	0.0	0.08044923668423376
counts(inten<0.4199999999999998-SUMMARYCustomAlgos.tsv_min.txt	0.0	0.0
counts(inten<0.4199999999999998-SUMMARYCustomAlgos.tsv_q10.txt	0.0	0.019158591279504034
counts(inten<0.4099999999999998-SUMMARYCustomAlgos.tsv_q25.txt	0.0	0.0026009385844658617
counts(inten<0.4099999999999998-SUMMARYCustomAlgos.tsv_min.txt	0.0	0.0
counts(inten<0.44999999999999984Normalized-SUMMARYCustomAlgos.tsv_var.txt	0.0	0.0
counts(inten<0.46999999999999986-SUMMARYCustomAlgos.tsv_std.txt	0.0	0.01269250663313004
counts(inten<0.3999999999999998-SUMMARYCustomAlgos.tsv_min.txt	0.0	0.013505784658506936
counts(inten<0.3999999999999998-SUMMARYCustomAlgos.tsv_q10.txt	0.0	0.0
counts(inten<0.3999999999999998-SUMMARYCustomAlgos.tsv_q25.txt	0.0	0.0
counts(inten<0.46999999999999986Normalized-SUMMARYCustomAlgos.tsv_q10.txt	0.0	0.03986998039026535
counts(inten<0.3999999999999998-SUMMARYCustomAlgos.tsv_q75.txt	0.0	0.0
counts(inten<0.3999999999999998-SUMMARYCustomAlgos.tsv_q90.txt	0.0	0.0
counts(inten<0.3999999999999998-SUMMARYCustomAlgos.tsv_std.txt	0.0	0.0014275151049352175
counts(inten<0.3999999999999998-SUMMARYCustomAlgos.tsv_var.txt	0.0	0.0
counts(inten<0.3999999999999998Normalized-SUMMARYCustomAlgos.tsv_max.txt	0.0	0.0
counts(inten<0.46999999999999986Normalized-SUMMARYCustomAlgos.tsv_min.txt	0.0	0.0
counts(inten<0.46999999999999986Normalized-SUMMARYCustomAlgos.tsv_median.txt	0.0	0.0
counts(inten<0.46999999999999986Normalized-SUMMARYCustomAlgos.tsv_mean.txt	0.0	0.04677372922976719
counts(inten<0.46999999999999986Normalized-SUMMARYCustomAlgos.tsv_max.txt	0.0	0.0
counts(inten<0.46999999999999986-SUMMARYCustomAlgos.tsv_var.txt	0.0	0.05394592171173418
counts(inten<0.46999999999999986-SUMMARYCustomAlgos.tsv_q10.txt	0.0	0.04346071259662443
counts(inten<0.45999999999999985Normalized-SUMMARYCustomAlgos.tsv_std.txt	0.0	0.0005809888176533384
counts(inten<0.46999999999999986-SUMMARYCustomAlgos.tsv_min.txt	0.0	0.050816005066447456
counts(inten<0.3999999999999998Normalized-SUMMARYCustomAlgos.tsv_mean.txt	0.0	0.013929010199877023
counts(inten<0.3999999999999998Normalized-SUMMARYCustomAlgos.tsv_median.txt	0.0	0.03593828820076883
counts(inten<0.3999999999999998Normalized-SUMMARYCustomAlgos.tsv_min.txt	0.0	0.0
counts(inten<0.3999999999999998Normalized-SUMMARYCustomAlgos.tsv_q10.txt	0.0	0.021552313958746794
counts(inten<0.3999999999999998Normalized-SUMMARYCustomAlgos.tsv_q25.txt	0.0	0.05480522782569608
counts(inten<0.3999999999999998Normalized-SUMMARYCustomAlgos.tsv_q75.txt	0.0	0.0
counts(inten<0.3999999999999998Normalized-SUMMARYCustomAlgos.tsv_q90.txt	0.0	0.0
counts(inten<0.3999999999999998Normalized-SUMMARYCustomAlgos.tsv_std.txt	0.0	0.02472837279675799
counts(inten<0.3999999999999998Normalized-SUMMARYCustomAlgos.tsv_var.txt	0.0	0.059638101800510324
counts(inten<0.4099999999999998-SUMMARYCustomAlgos.tsv_max.txt	0.0	0.003316616348230994
counts(inten<0.4099999999999998-SUMMARYCustomAlgos.tsv_mean.txt	0.0	0.009469875989556176
counts(inten<0.4099999999999998-SUMMARYCustomAlgos.tsv_median.txt	0.0	0.03892148322891931
counts(inten<0.45999999999999985Normalized-SUMMARYCustomAlgos.tsv_var.txt	0.0	0.016684222130916915
counts(inten<0.4199999999999998-SUMMARYCustomAlgos.tsv_q25.txt	0.0	0.0
counts(inten<0.4199999999999998-SUMMARYCustomAlgos.tsv_q75.txt	0.0	0.0
counts(inten<0.3999999999999998-SUMMARYCustomAlgos.tsv_mean.txt	0.0	0.0
counts(inten<0.4299999999999998Normalized-SUMMARYCustomAlgos.tsv_q90.txt	0.0	0.03856507024757594
counts(inten<0.4299999999999998-SUMMARYCustomAlgos.tsv_std.txt	0.0	0.032584230538132974
counts(inten<0.4299999999999998-SUMMARYCustomAlgos.tsv_var.txt	0.0	0.0
counts(inten<0.4299999999999998Normalized-SUMMARYCustomAlgos.tsv_max.txt	0.0	0.0
counts(inten<0.5299999999999998Normalized-SUMMARYCustomAlgos.tsv_q90.txt	0.0	0.0
counts(inten<0.43999999999999984Normalized-SUMMARYCustomAlgos.tsv_var.txt	0.0	0.0
counts(inten<0.43999999999999984Normalized-SUMMARYCustomAlgos.tsv_std.txt	0.0	0.0
counts(inten<0.43999999999999984Normalized-SUMMARYCustomAlgos.tsv_q90.txt	0.0	0.0
counts(inten<0.43999999999999984Normalized-SUMMARYCustomAlgos.tsv_q75.txt	0.0	0.05741235425315727
counts(inten<0.43999999999999984Normalized-SUMMARYCustomAlgos.tsv_q25.txt	0.0	0.0
counts(inten<0.4299999999999998Normalized-SUMMARYCustomAlgos.tsv_median.txt	0.0	0.0
counts(inten<0.4299999999999998Normalized-SUMMARYCustomAlgos.tsv_min.txt	0.0	0.0
counts(inten<0.4299999999999998Normalized-SUMMARYCustomAlgos.tsv_q10.txt	0.0	0.0
counts(inten<0.4299999999999998Normalized-SUMMARYCustomAlgos.tsv_q25.txt	0.0	0.045804290720367735
counts(inten<0.4299999999999998Normalized-SUMMARYCustomAlgos.tsv_q75.txt	0.0	0.0
counts(inten<0.4299999999999998Normalized-SUMMARYCustomAlgos.tsv_std.txt	0.0	0.023425256937696037
counts(inten<0.44999999999999984-SUMMARYCustomAlgos.tsv_min.txt	0.0	0.009417390318209318
counts(inten<0.4299999999999998Normalized-SUMMARYCustomAlgos.tsv_var.txt	0.0	0.0
counts(inten<0.43999999999999984-SUMMARYCustomAlgos.tsv_max.txt	0.0	0.0
counts(inten<0.43999999999999984-SUMMARYCustomAlgos.tsv_mean.txt	0.0	0.015851470429772974
counts(inten<0.43999999999999984Normalized-SUMMARYCustomAlgos.tsv_q10.txt	0.0	0.009251379244581859
counts(inten<0.43999999999999984Normalized-SUMMARYCustomAlgos.tsv_min.txt	0.0	0.0
counts(inten<0.43999999999999984Normalized-SUMMARYCustomAlgos.tsv_median.txt	0.0	0.05193499665824097
counts(inten<0.43999999999999984Normalized-SUMMARYCustomAlgos.tsv_mean.txt	0.0	0.004257338155411627
counts(inten<0.43999999999999984Normalized-SUMMARYCustomAlgos.tsv_max.txt	0.0	0.037013315536152724
counts(inten<0.43999999999999984-SUMMARYCustomAlgos.tsv_var.txt	0.0	0.0
counts(inten<0.43999999999999984-SUMMARYCustomAlgos.tsv_std.txt	0.0	0.0
counts(inten<0.43999999999999984-SUMMARYCustomAlgos.tsv_q90.txt	0.0	0.0
counts(inten<0.43999999999999984-SUMMARYCustomAlgos.tsv_q75.txt	0.0	0.0
counts(inten<0.43999999999999984-SUMMARYCustomAlgos.tsv_q25.txt	0.0	0.0
counts(inten<0.43999999999999984-SUMMARYCustomAlgos.tsv_min.txt	0.0	0.01166063981156329
counts(inten<0.44999999999999984-SUMMARYCustomAlgos.tsv_median.txt	0.0	0.0
counts(inten<0.44999999999999984-SUMMARYCustomAlgos.tsv_q10.txt	0.0	0.04852986270886861
counts(inten<0.4199999999999998-SUMMARYCustomAlgos.tsv_q90.txt	0.0	0.0
counts(inten<0.44999999999999984Normalized-SUMMARYCustomAlgos.tsv_q25.txt	0.0	0.07044256341744903
counts(inten<0.4199999999999998-SUMMARYCustomAlgos.tsv_std.txt	0.0	0.08490680433727071
counts(inten<0.4199999999999998-SUMMARYCustomAlgos.tsv_var.txt	0.0	0.0
counts(inten<0.4199999999999998Normalized-SUMMARYCustomAlgos.tsv_max.txt	0.0	0.031793858559984844
counts(inten<0.4199999999999998Normalized-SUMMARYCustomAlgos.tsv_mean.txt	0.0	0.0
counts(inten<0.44999999999999984Normalized-SUMMARYCustomAlgos.tsv_std.txt	0.0	0.0
counts(inten<0.4199999999999998Normalized-SUMMARYCustomAlgos.tsv_median.txt	0.0	0.0
counts(inten<0.4199999999999998Normalized-SUMMARYCustomAlgos.tsv_min.txt	0.0	0.0
counts(inten<0.4199999999999998Normalized-SUMMARYCustomAlgos.tsv_q10.txt	0.0	0.050807741021120734
counts(inten<0.4199999999999998Normalized-SUMMARYCustomAlgos.tsv_q25.txt	0.0	0.015293431536253621
counts(inten<0.4199999999999998Normalized-SUMMARYCustomAlgos.tsv_q75.txt	0.0	0.0
counts(inten<0.4199999999999998Normalized-SUMMARYCustomAlgos.tsv_q90.txt	0.0	0.0
counts(inten<0.4199999999999998Normalized-SUMMARYCustomAlgos.tsv_std.txt	0.0	0.0
counts(inten<0.44999999999999984Normalized-SUMMARYCustomAlgos.tsv_q90.txt	0.0	0.0
counts(inten<0.44999999999999984Normalized-SUMMARYCustomAlgos.tsv_q75.txt	0.0	0.022071921399162253
counts(inten<0.44999999999999984Normalized-SUMMARYCustomAlgos.tsv_q10.txt	0.0	0.0
counts(inten<0.44999999999999984-SUMMARYCustomAlgos.tsv_q25.txt	0.0	0.07828279145245576
counts(inten<0.44999999999999984Normalized-SUMMARYCustomAlgos.tsv_min.txt	0.0	0.0
counts(inten<0.44999999999999984Normalized-SUMMARYCustomAlgos.tsv_median.txt	0.0	0.01891118030662131
counts(inten<0.44999999999999984Normalized-SUMMARYCustomAlgos.tsv_mean.txt	0.0	0.0
counts(inten<0.44999999999999984Normalized-SUMMARYCustomAlgos.tsv_max.txt	0.0	0.0
counts(inten<0.44999999999999984-SUMMARYCustomAlgos.tsv_var.txt	0.0	0.06320482502478475
counts(inten<0.44999999999999984-SUMMARYCustomAlgos.tsv_std.txt	0.0	0.0
counts(inten<0.4199999999999998Normalized-SUMMARYCustomAlgos.tsv_var.txt	0.0	0.017100164033080567
counts(inten<0.4299999999999998-SUMMARYCustomAlgos.tsv_max.txt	0.0	0.0
counts(inten<0.4299999999999998-SUMMARYCustomAlgos.tsv_mean.txt	0.0	0.00571713120734163
counts(inten<0.4299999999999998-SUMMARYCustomAlgos.tsv_median.txt	0.0	0.033082571911036585
counts(inten<0.4299999999999998-SUMMARYCustomAlgos.tsv_min.txt	0.0	0.006234235236614705
counts(inten<0.4299999999999998-SUMMARYCustomAlgos.tsv_q25.txt	0.0	0.008037024287438577
counts(inten<0.4299999999999998-SUMMARYCustomAlgos.tsv_q75.txt	0.0	0.0
counts(inten<0.4299999999999998-SUMMARYCustomAlgos.tsv_q90.txt	0.0	0.0
counts(inten<0.3999999999999998-SUMMARYCustomAlgos.tsv_median.txt	0.0	0.0
counts(inten<0.3999999999999998-SUMMARYCustomAlgos.tsv_max.txt	0.0	0.0
counts(inten<0.34999999999999987-SUMMARYCustomAlgos.tsv_q90.txt	0.0	0.028029706500059426
counts(inten<0.3699999999999999-SUMMARYCustomAlgos.tsv_q75.txt	0.0	0.0
counts(inten<0.3599999999999999Normalized-SUMMARYCustomAlgos.tsv_mean.txt	0.0	0.023080955990291585
counts(inten<0.3599999999999999Normalized-SUMMARYCustomAlgos.tsv_median.txt	0.0	0.034671869095189045
counts(inten<0.3599999999999999Normalized-SUMMARYCustomAlgos.tsv_min.txt	0.0	0.00046811195022344876
counts(inten<0.3599999999999999Normalized-SUMMARYCustomAlgos.tsv_q10.txt	0.0	0.0
counts(inten<0.3599999999999999Normalized-SUMMARYCustomAlgos.tsv_q25.txt	0.0	0.0
counts(inten<0.3599999999999999Normalized-SUMMARYCustomAlgos.tsv_q75.txt	0.0	0.003949180785576711
counts(inten<0.3599999999999999Normalized-SUMMARYCustomAlgos.tsv_q90.txt	0.0	0.0
counts(inten<0.3599999999999999Normalized-SUMMARYCustomAlgos.tsv_std.txt	0.0	0.020494511045698438
counts(inten<0.3599999999999999Normalized-SUMMARYCustomAlgos.tsv_var.txt	0.0	0.0
counts(inten<0.3699999999999999-SUMMARYCustomAlgos.tsv_max.txt	0.0	0.002405693815634269
counts(inten<0.3699999999999999-SUMMARYCustomAlgos.tsv_mean.txt	0.0	0.015704315375255185
counts(inten<0.3699999999999999-SUMMARYCustomAlgos.tsv_median.txt	0.0	0.0
counts(inten<0.3699999999999999-SUMMARYCustomAlgos.tsv_min.txt	0.0	0.0
counts(inten<0.3699999999999999-SUMMARYCustomAlgos.tsv_q10.txt	0.0	0.005341156136354996
counts(inten<0.48999999999999977Normalized-SUMMARYCustomAlgos.tsv_var.txt	0.0	0.0
counts(inten<0.4999999999999998-SUMMARYCustomAlgos.tsv_q75.txt	0.0	0.09969247688890315
counts(inten<0.48999999999999977Normalized-SUMMARYCustomAlgos.tsv_std.txt	0.0	0.0
counts(inten<0.48999999999999977Normalized-SUMMARYCustomAlgos.tsv_q90.txt	0.0	0.0
counts(inten<0.48999999999999977Normalized-SUMMARYCustomAlgos.tsv_q75.txt	0.0	0.0010099877306233296
counts(inten<0.3699999999999999-SUMMARYCustomAlgos.tsv_q90.txt	0.0	0.0
counts(inten<0.3699999999999999-SUMMARYCustomAlgos.tsv_std.txt	0.0	0.0
counts(inten<0.3699999999999999-SUMMARYCustomAlgos.tsv_var.txt	0.0	0.0
counts(inten<0.3699999999999999Normalized-SUMMARYCustomAlgos.tsv_max.txt	0.0	0.0
counts(inten<0.3699999999999999Normalized-SUMMARYCustomAlgos.tsv_mean.txt	0.0	0.03184546087957685
counts(inten<0.3699999999999999Normalized-SUMMARYCustomAlgos.tsv_median.txt	0.0	0.007802936954773632
counts(inten<0.3699999999999999Normalized-SUMMARYCustomAlgos.tsv_min.txt	0.0	0.06248276519959184
counts(inten<0.48999999999999977Normalized-SUMMARYCustomAlgos.tsv_q25.txt	0.0	0.0
counts(inten<0.48999999999999977Normalized-SUMMARYCustomAlgos.tsv_q10.txt	0.0	0.05247775113091224
counts(inten<0.48999999999999977Normalized-SUMMARYCustomAlgos.tsv_min.txt	0.0	0.0
counts(inten<0.3699999999999999Normalized-SUMMARYCustomAlgos.tsv_q10.txt	0.0	0.00033314084115598774
counts(inten<0.3599999999999999Normalized-SUMMARYCustomAlgos.tsv_max.txt	0.0	0.03871083921029905
counts(inten<0.4999999999999998-SUMMARYCustomAlgos.tsv_q90.txt	0.0	0.12493837209336744
counts(inten<0.3699999999999999Normalized-SUMMARYCustomAlgos.tsv_q75.txt	0.0	0.0
counts(inten<0.4999999999999998Normalized-SUMMARYCustomAlgos.tsv_median.txt	0.0	0.0
counts(inten<0.34999999999999987-SUMMARYCustomAlgos.tsv_std.txt	0.0	0.0
counts(inten<0.34999999999999987-SUMMARYCustomAlgos.tsv_var.txt	0.0	0.0018018631161798027
counts(inten<0.34999999999999987Normalized-SUMMARYCustomAlgos.tsv_max.txt	0.0	0.05437704608674565
counts(inten<0.34999999999999987Normalized-SUMMARYCustomAlgos.tsv_mean.txt	0.0	0.015929037135896884
counts(inten<0.34999999999999987Normalized-SUMMARYCustomAlgos.tsv_median.txt	0.0	0.0
counts(inten<0.34999999999999987Normalized-SUMMARYCustomAlgos.tsv_min.txt	0.0	0.016138353387336934
counts(inten<0.34999999999999987Normalized-SUMMARYCustomAlgos.tsv_q10.txt	0.0	0.006890514272893888
counts(inten<0.34999999999999987Normalized-SUMMARYCustomAlgos.tsv_q25.txt	0.0	0.000990967967822165
counts(inten<0.34999999999999987Normalized-SUMMARYCustomAlgos.tsv_q75.txt	0.0	0.02995552108267363
counts(inten<0.4999999999999998Normalized-SUMMARYCustomAlgos.tsv_q75.txt	0.0	0.0
counts(inten<0.4999999999999998Normalized-SUMMARYCustomAlgos.tsv_q25.txt	0.0	0.0
counts(inten<0.34999999999999987Normalized-SUMMARYCustomAlgos.tsv_q90.txt	0.0	0.0
counts(inten<0.4999999999999998Normalized-SUMMARYCustomAlgos.tsv_q10.txt	0.0	0.0
counts(inten<0.4999999999999998Normalized-SUMMARYCustomAlgos.tsv_min.txt	0.0	0.024147387689647637
counts(inten<0.34999999999999987Normalized-SUMMARYCustomAlgos.tsv_std.txt	0.0	0.004568657778183827
counts(inten<0.4999999999999998-SUMMARYCustomAlgos.tsv_std.txt	0.0	0.0
counts(inten<0.34999999999999987Normalized-SUMMARYCustomAlgos.tsv_var.txt	0.0	0.0
counts(inten<0.3599999999999999-SUMMARYCustomAlgos.tsv_max.txt	0.0	0.0458748257316377
counts(inten<0.3599999999999999-SUMMARYCustomAlgos.tsv_mean.txt	0.0	0.0
counts(inten<0.3599999999999999-SUMMARYCustomAlgos.tsv_median.txt	0.0	0.04111597895992114
counts(inten<0.3599999999999999-SUMMARYCustomAlgos.tsv_min.txt	0.0	0.007194103544601038
counts(inten<0.3599999999999999-SUMMARYCustomAlgos.tsv_q10.txt	0.0	0.02345694947263377
counts(inten<0.4999999999999998Normalized-SUMMARYCustomAlgos.tsv_mean.txt	0.0	0.006315840801784489
counts(inten<0.3599999999999999-SUMMARYCustomAlgos.tsv_q25.txt	0.0	0.004153135811633568
counts(inten<0.3599999999999999-SUMMARYCustomAlgos.tsv_q75.txt	0.0	0.0
counts(inten<0.3599999999999999-SUMMARYCustomAlgos.tsv_q90.txt	0.0	0.043838607766563786
counts(inten<0.3599999999999999-SUMMARYCustomAlgos.tsv_std.txt	0.0	0.0
counts(inten<0.3599999999999999-SUMMARYCustomAlgos.tsv_var.txt	0.0	0.00274378575581391
counts(inten<0.4999999999999998Normalized-SUMMARYCustomAlgos.tsv_max.txt	0.0	0.01987754118541174
counts(inten<0.4999999999999998-SUMMARYCustomAlgos.tsv_var.txt	0.0	0.0
counts(inten<0.3699999999999999Normalized-SUMMARYCustomAlgos.tsv_q25.txt	0.0	0.018356699582182667
counts(inten<0.3699999999999999Normalized-SUMMARYCustomAlgos.tsv_q90.txt	0.0	0.045138285348208296
counts(inten<0.46999999999999986Normalized-SUMMARYCustomAlgos.tsv_q25.txt	0.0	0.012435080219695749
counts(inten<0.3899999999999999Normalized-SUMMARYCustomAlgos.tsv_median.txt	0.0	0.0
counts(inten<0.47999999999999976Normalized-SUMMARYCustomAlgos.tsv_max.txt	0.0	0.031604589857256116
counts(inten<0.47999999999999976-SUMMARYCustomAlgos.tsv_var.txt	0.0	0.0
counts(inten<0.47999999999999976-SUMMARYCustomAlgos.tsv_std.txt	0.0	0.0
counts(inten<0.47999999999999976-SUMMARYCustomAlgos.tsv_q90.txt	0.0	0.05811143914186312
counts(inten<0.3899999999999999-SUMMARYCustomAlgos.tsv_max.txt	0.0	0.0
counts(inten<0.3899999999999999-SUMMARYCustomAlgos.tsv_mean.txt	0.0	0.0
counts(inten<0.3899999999999999-SUMMARYCustomAlgos.tsv_median.txt	0.0	0.0
counts(inten<0.3899999999999999-SUMMARYCustomAlgos.tsv_min.txt	0.0	0.0
counts(inten<0.3899999999999999-SUMMARYCustomAlgos.tsv_q25.txt	0.0	0.025455687088669077
counts(inten<0.3899999999999999-SUMMARYCustomAlgos.tsv_q75.txt	0.0	0.02571750641860815
counts(inten<0.3899999999999999-SUMMARYCustomAlgos.tsv_std.txt	0.0	0.0
counts(inten<0.3899999999999999-SUMMARYCustomAlgos.tsv_var.txt	0.0	0.0
counts(inten<0.3899999999999999Normalized-SUMMARYCustomAlgos.tsv_max.txt	0.0	0.0
counts(inten<0.3899999999999999Normalized-SUMMARYCustomAlgos.tsv_mean.txt	0.0	0.0
counts(inten<0.3899999999999999Normalized-SUMMARYCustomAlgos.tsv_min.txt	0.0	0.016101710422406157
counts(inten<0.47999999999999976Normalized-SUMMARYCustomAlgos.tsv_median.txt	0.0	0.04306619250301624
counts(inten<0.3899999999999999Normalized-SUMMARYCustomAlgos.tsv_q10.txt	0.0	0.02034954106419873
counts(inten<0.47999999999999976-SUMMARYCustomAlgos.tsv_q25.txt	0.0	0.08110488184230569
counts(inten<0.47999999999999976-SUMMARYCustomAlgos.tsv_median.txt	0.0	0.06113481356987727
counts(inten<0.47999999999999976-SUMMARYCustomAlgos.tsv_mean.txt	0.0	0.04593676466464558
counts(inten<0.47999999999999976-SUMMARYCustomAlgos.tsv_max.txt	0.0	0.030856260533348667
counts(inten<0.46999999999999986Normalized-SUMMARYCustomAlgos.tsv_var.txt	0.0	0.0
counts(inten<0.46999999999999986Normalized-SUMMARYCustomAlgos.tsv_std.txt	0.0	0.0
counts(inten<0.3899999999999999Normalized-SUMMARYCustomAlgos.tsv_q25.txt	0.0	0.0
counts(inten<0.3899999999999999Normalized-SUMMARYCustomAlgos.tsv_q75.txt	0.0	0.0
counts(inten<0.3899999999999999Normalized-SUMMARYCustomAlgos.tsv_q90.txt	0.0	0.03108324973914467
counts(inten<0.3899999999999999Normalized-SUMMARYCustomAlgos.tsv_std.txt	0.0	0.0018929491991657166
counts(inten<0.3899999999999999Normalized-SUMMARYCustomAlgos.tsv_var.txt	0.0	0.028101748859675535
counts(inten<0.46999999999999986Normalized-SUMMARYCustomAlgos.tsv_q90.txt	0.0	0.0
counts(inten<0.46999999999999986Normalized-SUMMARYCustomAlgos.tsv_q75.txt	0.0	0.00559247296776455
counts(inten<0.47999999999999976Normalized-SUMMARYCustomAlgos.tsv_mean.txt	0.0	0.0
counts(inten<0.47999999999999976Normalized-SUMMARYCustomAlgos.tsv_min.txt	0.0	0.0
counts(inten<0.3699999999999999Normalized-SUMMARYCustomAlgos.tsv_std.txt	0.0	0.004936930612799095
counts(inten<0.48999999999999977-SUMMARYCustomAlgos.tsv_var.txt	0.0	0.013133341604535609
counts(inten<0.3699999999999999Normalized-SUMMARYCustomAlgos.tsv_var.txt	0.0	0.030886646595437828
counts(inten<0.48999999999999977Normalized-SUMMARYCustomAlgos.tsv_median.txt	0.0	0.0
counts(inten<0.3799999999999999-SUMMARYCustomAlgos.tsv_max.txt	0.0	0.005355265375889484
counts(inten<0.3799999999999999-SUMMARYCustomAlgos.tsv_mean.txt	0.0	0.008081830220822983
counts(inten<0.3799999999999999-SUMMARYCustomAlgos.tsv_median.txt	0.0	0.035686492546772364
counts(inten<0.3799999999999999-SUMMARYCustomAlgos.tsv_min.txt	0.0	0.0752315546932274
counts(inten<0.48999999999999977Normalized-SUMMARYCustomAlgos.tsv_mean.txt	0.0	0.0
counts(inten<0.3799999999999999-SUMMARYCustomAlgos.tsv_q25.txt	0.0	0.0
counts(inten<0.3799999999999999-SUMMARYCustomAlgos.tsv_q75.txt	0.0	0.025986684025200546
counts(inten<0.3799999999999999-SUMMARYCustomAlgos.tsv_q90.txt	0.0	0.025306495714833677
counts(inten<0.3799999999999999-SUMMARYCustomAlgos.tsv_std.txt	0.0	0.0
counts(inten<0.3799999999999999-SUMMARYCustomAlgos.tsv_var.txt	0.0	0.0
counts(inten<0.3799999999999999Normalized-SUMMARYCustomAlgos.tsv_max.txt	0.0	0.0
counts(inten<0.48999999999999977Normalized-SUMMARYCustomAlgos.tsv_max.txt	0.0	0.015995329622247034
counts(inten<0.48999999999999977-SUMMARYCustomAlgos.tsv_std.txt	0.0	0.0
counts(inten<0.3799999999999999Normalized-SUMMARYCustomAlgos.tsv_var.txt	0.0	0.0
counts(inten<0.3799999999999999Normalized-SUMMARYCustomAlgos.tsv_mean.txt	0.0	0.07175053066447301
counts(inten<0.3799999999999999Normalized-SUMMARYCustomAlgos.tsv_median.txt	0.0	0.0676010442384718
counts(inten<0.3799999999999999Normalized-SUMMARYCustomAlgos.tsv_min.txt	0.0	0.0
counts(inten<0.3799999999999999Normalized-SUMMARYCustomAlgos.tsv_q10.txt	0.0	0.009132634987739863
counts(inten<0.3799999999999999Normalized-SUMMARYCustomAlgos.tsv_q25.txt	0.0	0.021407364680261942
counts(inten<0.3799999999999999Normalized-SUMMARYCustomAlgos.tsv_q75.txt	0.0	0.0
counts(inten<0.47999999999999976Normalized-SUMMARYCustomAlgos.tsv_var.txt	0.0	0.0
counts(inten<0.47999999999999976Normalized-SUMMARYCustomAlgos.tsv_std.txt	0.0	0.0
counts(inten<0.47999999999999976Normalized-SUMMARYCustomAlgos.tsv_q90.txt	0.0	0.0
counts(inten<0.47999999999999976Normalized-SUMMARYCustomAlgos.tsv_q75.txt	0.0	0.009061217837310398
counts(inten<0.47999999999999976Normalized-SUMMARYCustomAlgos.tsv_q25.txt	0.0	0.0
counts(inten<0.3799999999999999Normalized-SUMMARYCustomAlgos.tsv_q90.txt	0.0	0.0
counts(inten<0.47999999999999976Normalized-SUMMARYCustomAlgos.tsv_q10.txt	0.0	0.048580389663126944
counts(inten<0.3799999999999999Normalized-SUMMARYCustomAlgos.tsv_std.txt	0.0	0.0
counts(inten<0.4299999999999998Normalized-SUMMARYCustomAlgos.tsv_mean.txt	0.0	0.0
Unnamed: 0-SUMMARYCustomAlgos.tsv_max.txt	0.0	0.0
counts(inten<0.5299999999999998Normalized-SUMMARYCustomAlgos.tsv_std.txt	0.0	0.030206040061817152
counts(inten<0.8399999999999996Normalized-SUMMARYCustomAlgos.tsv_mean.txt	0.0	0.0
counts(inten<0.8299999999999996Normalized-SUMMARYCustomAlgos.tsv_q90.txt	0.0	0.0
counts(inten<0.8299999999999996Normalized-SUMMARYCustomAlgos.tsv_std.txt	0.0	0.08496651940520827
counts(inten<0.8299999999999996Normalized-SUMMARYCustomAlgos.tsv_var.txt	0.0	0.035786519110788895
counts(inten<0.8399999999999996-SUMMARYCustomAlgos.tsv_std.txt	0.0	0.0
counts(inten<0.8399999999999996-SUMMARYCustomAlgos.tsv_var.txt	0.0	0.0
counts(inten<0.8399999999999996Normalized-SUMMARYCustomAlgos.tsv_max.txt	0.0	0.0
counts(inten<0.8399999999999996Normalized-SUMMARYCustomAlgos.tsv_median.txt	0.0	0.0
counts(inten<0.8199999999999996Normalized-SUMMARYCustomAlgos.tsv_max.txt	0.0	0.0013522217315147245
counts(inten<0.8399999999999996Normalized-SUMMARYCustomAlgos.tsv_min.txt	0.0	0.04571220375903717
counts(inten<0.8399999999999996Normalized-SUMMARYCustomAlgos.tsv_q10.txt	0.0	0.07762230223608091
counts(inten<0.8399999999999996Normalized-SUMMARYCustomAlgos.tsv_q25.txt	0.0	0.0
counts(inten<0.8399999999999996Normalized-SUMMARYCustomAlgos.tsv_q75.txt	0.0	0.028717625381945222
counts(inten<0.8399999999999996Normalized-SUMMARYCustomAlgos.tsv_q90.txt	0.0	0.0065884354936431855
counts(inten<0.8399999999999996Normalized-SUMMARYCustomAlgos.tsv_std.txt	0.0	0.06066268419521181
counts(inten<0.8299999999999996Normalized-SUMMARYCustomAlgos.tsv_q75.txt	0.0	0.0
counts(inten<0.8299999999999996Normalized-SUMMARYCustomAlgos.tsv_q25.txt	0.0	0.0
counts(inten<0.8299999999999996Normalized-SUMMARYCustomAlgos.tsv_q10.txt	0.0	0.011403815202957635
counts(inten<0.8299999999999996Normalized-SUMMARYCustomAlgos.tsv_min.txt	0.0	0.021603448799943248
counts(inten<0.8299999999999996Normalized-SUMMARYCustomAlgos.tsv_median.txt	0.0	0.008182723374914325
counts(inten<0.8299999999999996Normalized-SUMMARYCustomAlgos.tsv_mean.txt	0.0	0.0122460295592135
counts(inten<0.8299999999999996Normalized-SUMMARYCustomAlgos.tsv_max.txt	0.0	0.0
counts(inten<0.8299999999999996-SUMMARYCustomAlgos.tsv_var.txt	0.0	0.008041293634268865
counts(inten<0.8299999999999996-SUMMARYCustomAlgos.tsv_std.txt	0.0	0.049923556080785136
counts(inten<0.8199999999999996Normalized-SUMMARYCustomAlgos.tsv_var.txt	0.0	0.0147209729864608
counts(inten<0.8199999999999996Normalized-SUMMARYCustomAlgos.tsv_std.txt	0.0	0.0
counts(inten<0.8199999999999996Normalized-SUMMARYCustomAlgos.tsv_q90.txt	0.0	0.0
counts(inten<0.8199999999999996Normalized-SUMMARYCustomAlgos.tsv_q75.txt	0.0	0.0
counts(inten<0.8199999999999996Normalized-SUMMARYCustomAlgos.tsv_q25.txt	0.0	0.022857703249866912
counts(inten<0.8199999999999996Normalized-SUMMARYCustomAlgos.tsv_q10.txt	0.0	0.005250611121589532
counts(inten<0.8199999999999996Normalized-SUMMARYCustomAlgos.tsv_min.txt	0.0	0.0009321275896274628
counts(inten<0.8199999999999996Normalized-SUMMARYCustomAlgos.tsv_median.txt	0.0	0.0
counts(inten<0.8399999999999996Normalized-SUMMARYCustomAlgos.tsv_var.txt	0.0	0.0066075801439708925
counts(inten<0.8499999999999996-SUMMARYCustomAlgos.tsv_std.txt	0.0	0.0
counts(inten<0.8499999999999996-SUMMARYCustomAlgos.tsv_var.txt	0.0	0.02370539360403301
counts(inten<0.8599999999999995Normalized-SUMMARYCustomAlgos.tsv_q10.txt	0.0	0.0
counts(inten<0.8699999999999996Normalized-SUMMARYCustomAlgos.tsv_q75.txt	0.0	0.006348841456439214
counts(inten<0.8699999999999996Normalized-SUMMARYCustomAlgos.tsv_q25.txt	0.0	0.008766316966299481
counts(inten<0.8699999999999996Normalized-SUMMARYCustomAlgos.tsv_q10.txt	0.0	0.016240937869884675
counts(inten<0.8699999999999996Normalized-SUMMARYCustomAlgos.tsv_min.txt	0.0	0.056475193345261854
counts(inten<0.8699999999999996Normalized-SUMMARYCustomAlgos.tsv_median.txt	0.0	0.0
counts(inten<0.8699999999999996Normalized-SUMMARYCustomAlgos.tsv_mean.txt	0.0	0.05346872329648855
counts(inten<0.8699999999999996Normalized-SUMMARYCustomAlgos.tsv_max.txt	0.0	0.0
counts(inten<0.8699999999999996-SUMMARYCustomAlgos.tsv_var.txt	0.0	0.004019664200146877
counts(inten<0.8699999999999996-SUMMARYCustomAlgos.tsv_std.txt	0.0	0.0007104668535489189
counts(inten<0.8599999999999995Normalized-SUMMARYCustomAlgos.tsv_var.txt	0.0	0.0245941046508662
counts(inten<0.8599999999999995Normalized-SUMMARYCustomAlgos.tsv_std.txt	0.0	0.011693602198438402
counts(inten<0.8599999999999995Normalized-SUMMARYCustomAlgos.tsv_q90.txt	0.0	0.0
counts(inten<0.8599999999999995Normalized-SUMMARYCustomAlgos.tsv_q75.txt	0.0	0.019659032649454566
counts(inten<0.8599999999999995Normalized-SUMMARYCustomAlgos.tsv_q25.txt	0.0	0.011113821549997738
counts(inten<0.8599999999999995Normalized-SUMMARYCustomAlgos.tsv_min.txt	0.0	0.0
counts(inten<0.8499999999999996Normalized-SUMMARYCustomAlgos.tsv_max.txt	0.0	0.005795719649470232
counts(inten<0.8599999999999995Normalized-SUMMARYCustomAlgos.tsv_median.txt	0.0	0.0
counts(inten<0.8599999999999995Normalized-SUMMARYCustomAlgos.tsv_mean.txt	0.0	0.020932533231016404
counts(inten<0.8599999999999995Normalized-SUMMARYCustomAlgos.tsv_max.txt	0.0	0.0026629852924071606
counts(inten<0.8599999999999995-SUMMARYCustomAlgos.tsv_var.txt	0.0	0.016805059606000317
counts(inten<0.8599999999999995-SUMMARYCustomAlgos.tsv_std.txt	0.0	0.017349306690765065
counts(inten<0.8499999999999996Normalized-SUMMARYCustomAlgos.tsv_var.txt	0.0	0.029189212074216542
counts(inten<0.8499999999999996Normalized-SUMMARYCustomAlgos.tsv_std.txt	0.0	0.01162299371016573
counts(inten<0.8499999999999996Normalized-SUMMARYCustomAlgos.tsv_q90.txt	0.0	0.004709017409574301
counts(inten<0.8499999999999996Normalized-SUMMARYCustomAlgos.tsv_q75.txt	0.0	0.02452160186879926
counts(inten<0.8499999999999996Normalized-SUMMARYCustomAlgos.tsv_q25.txt	0.0	0.0
counts(inten<0.8499999999999996Normalized-SUMMARYCustomAlgos.tsv_q10.txt	0.0	0.06190881227089129
counts(inten<0.8499999999999996Normalized-SUMMARYCustomAlgos.tsv_min.txt	0.0	0.0
counts(inten<0.8499999999999996Normalized-SUMMARYCustomAlgos.tsv_median.txt	0.0	0.0
counts(inten<0.8499999999999996Normalized-SUMMARYCustomAlgos.tsv_mean.txt	0.0	0.0
counts(inten<0.8199999999999996Normalized-SUMMARYCustomAlgos.tsv_mean.txt	0.0	0.08354242003471679
counts(inten<0.8199999999999996-SUMMARYCustomAlgos.tsv_var.txt	0.0	0.004938368777936297
counts(inten<0.8699999999999996Normalized-SUMMARYCustomAlgos.tsv_std.txt	0.0	0.03158684551573776
counts(inten<0.7799999999999997Normalized-SUMMARYCustomAlgos.tsv_q10.txt	0.0	0.0
counts(inten<0.7799999999999997-SUMMARYCustomAlgos.tsv_std.txt	0.0	0.0
counts(inten<0.7799999999999997-SUMMARYCustomAlgos.tsv_var.txt	0.0	0.020318291975991
counts(inten<0.7799999999999997Normalized-SUMMARYCustomAlgos.tsv_max.txt	0.0	0.008300590433357513
counts(inten<0.7799999999999997Normalized-SUMMARYCustomAlgos.tsv_mean.txt	0.0	0.025284177846640166
counts(inten<0.7799999999999997Normalized-SUMMARYCustomAlgos.tsv_median.txt	0.0	0.010360825612051983
counts(inten<0.7799999999999997Normalized-SUMMARYCustomAlgos.tsv_min.txt	0.0	0.04253975708143054
counts(inten<0.7799999999999997Normalized-SUMMARYCustomAlgos.tsv_q25.txt	0.0	0.03198558486929226
counts(inten<0.8199999999999996-SUMMARYCustomAlgos.tsv_std.txt	0.0	0.0
counts(inten<0.7799999999999997Normalized-SUMMARYCustomAlgos.tsv_q75.txt	0.0	0.0
counts(inten<0.7799999999999997Normalized-SUMMARYCustomAlgos.tsv_q90.txt	0.0	0.0009970434905124392
counts(inten<0.7799999999999997Normalized-SUMMARYCustomAlgos.tsv_std.txt	0.0	0.01793750240613745
counts(inten<0.7799999999999997Normalized-SUMMARYCustomAlgos.tsv_var.txt	0.0	0.0
counts(inten<0.7899999999999996-SUMMARYCustomAlgos.tsv_std.txt	0.0	0.04409579528640295
counts(inten<0.7899999999999996-SUMMARYCustomAlgos.tsv_var.txt	0.0	0.062038165466655304
counts(inten<0.7699999999999997Normalized-SUMMARYCustomAlgos.tsv_var.txt	0.0	0.03385257479936188
counts(inten<0.7699999999999997Normalized-SUMMARYCustomAlgos.tsv_std.txt	0.0	0.03229841594977989
counts(inten<0.7699999999999997Normalized-SUMMARYCustomAlgos.tsv_q90.txt	0.0	0.0
counts(inten<0.7699999999999997Normalized-SUMMARYCustomAlgos.tsv_q75.txt	0.0	0.0
counts(inten<0.7699999999999997Normalized-SUMMARYCustomAlgos.tsv_q25.txt	0.0	0.05854190286568928
counts(inten<0.7699999999999997Normalized-SUMMARYCustomAlgos.tsv_q10.txt	0.0	0.0
counts(inten<0.7699999999999997Normalized-SUMMARYCustomAlgos.tsv_min.txt	0.0	0.0
counts(inten<0.7699999999999997Normalized-SUMMARYCustomAlgos.tsv_median.txt	0.0	0.028638835467502677
counts(inten<0.7699999999999997Normalized-SUMMARYCustomAlgos.tsv_mean.txt	0.0	0.0
counts(inten<0.7699999999999997Normalized-SUMMARYCustomAlgos.tsv_max.txt	0.0	0.0
counts(inten<0.7699999999999997-SUMMARYCustomAlgos.tsv_var.txt	0.0	0.0
counts(inten<0.7699999999999997-SUMMARYCustomAlgos.tsv_std.txt	0.0	0.0
counts(inten<0.7599999999999997Normalized-SUMMARYCustomAlgos.tsv_var.txt	0.0	0.0
counts(inten<0.7599999999999997Normalized-SUMMARYCustomAlgos.tsv_std.txt	0.0	0.003926410866619268
counts(inten<0.7599999999999997Normalized-SUMMARYCustomAlgos.tsv_q90.txt	0.0	0.0
counts(inten<0.7599999999999997Normalized-SUMMARYCustomAlgos.tsv_q75.txt	0.0	0.014334930029793025
counts(inten<0.7599999999999997Normalized-SUMMARYCustomAlgos.tsv_q25.txt	0.0	0.01802473840687213
counts(inten<0.7899999999999996Normalized-SUMMARYCustomAlgos.tsv_max.txt	0.0	0.0
counts(inten<0.7899999999999996Normalized-SUMMARYCustomAlgos.tsv_mean.txt	0.0	0.012374471045274671
counts(inten<0.7899999999999996Normalized-SUMMARYCustomAlgos.tsv_median.txt	0.0	0.0
counts(inten<0.7999999999999996Normalized-SUMMARYCustomAlgos.tsv_q90.txt	0.0	0.0
counts(inten<0.8099999999999996Normalized-SUMMARYCustomAlgos.tsv_var.txt	0.0	0.06794697967356589
counts(inten<0.8099999999999996Normalized-SUMMARYCustomAlgos.tsv_std.txt	0.0	0.018349806448061834
counts(inten<0.8099999999999996Normalized-SUMMARYCustomAlgos.tsv_q90.txt	0.0	0.037392771671621805
counts(inten<0.8099999999999996Normalized-SUMMARYCustomAlgos.tsv_q75.txt	0.0	0.06274986260351278
counts(inten<0.8099999999999996Normalized-SUMMARYCustomAlgos.tsv_q25.txt	0.0	0.00029003929667448247
counts(inten<0.8099999999999996Normalized-SUMMARYCustomAlgos.tsv_q10.txt	0.0	0.0
counts(inten<0.8099999999999996Normalized-SUMMARYCustomAlgos.tsv_min.txt	0.0	0.04065626433799441
counts(inten<0.8099999999999996Normalized-SUMMARYCustomAlgos.tsv_median.txt	0.0	0.0
counts(inten<0.8099999999999996Normalized-SUMMARYCustomAlgos.tsv_mean.txt	0.0	0.0
counts(inten<0.8099999999999996Normalized-SUMMARYCustomAlgos.tsv_max.txt	0.0	0.0
counts(inten<0.8099999999999996-SUMMARYCustomAlgos.tsv_var.txt	0.0	0.0
counts(inten<0.8099999999999996-SUMMARYCustomAlgos.tsv_std.txt	0.0	0.0
counts(inten<0.7999999999999996Normalized-SUMMARYCustomAlgos.tsv_var.txt	0.0	0.05324600472049923
counts(inten<0.7999999999999996Normalized-SUMMARYCustomAlgos.tsv_std.txt	0.0	0.0
counts(inten<0.7999999999999996Normalized-SUMMARYCustomAlgos.tsv_q75.txt	0.0	0.0
counts(inten<0.7899999999999996Normalized-SUMMARYCustomAlgos.tsv_min.txt	0.0	0.0
counts(inten<0.7999999999999996Normalized-SUMMARYCustomAlgos.tsv_q25.txt	0.0	0.0
counts(inten<0.7999999999999996Normalized-SUMMARYCustomAlgos.tsv_q10.txt	0.0	0.0
counts(inten<0.7999999999999996Normalized-SUMMARYCustomAlgos.tsv_min.txt	0.0	0.1009299656212832
counts(inten<0.7999999999999996Normalized-SUMMARYCustomAlgos.tsv_median.txt	0.0	0.04406675178187136
counts(inten<0.7999999999999996Normalized-SUMMARYCustomAlgos.tsv_mean.txt	0.0	0.0
counts(inten<0.7999999999999996Normalized-SUMMARYCustomAlgos.tsv_max.txt	0.0	0.06602287669127227
counts(inten<0.7999999999999996-SUMMARYCustomAlgos.tsv_var.txt	0.0	0.0
counts(inten<0.7999999999999996-SUMMARYCustomAlgos.tsv_std.txt	0.0	0.019593979947179374
counts(inten<0.7899999999999996Normalized-SUMMARYCustomAlgos.tsv_var.txt	0.0	0.00442293626846002
counts(inten<0.7899999999999996Normalized-SUMMARYCustomAlgos.tsv_std.txt	0.0	0.0
counts(inten<0.7899999999999996Normalized-SUMMARYCustomAlgos.tsv_q90.txt	0.0	0.0
counts(inten<0.7899999999999996Normalized-SUMMARYCustomAlgos.tsv_q75.txt	0.0	0.0
counts(inten<0.7899999999999996Normalized-SUMMARYCustomAlgos.tsv_q25.txt	0.0	0.03751778437103992
counts(inten<0.7899999999999996Normalized-SUMMARYCustomAlgos.tsv_q10.txt	0.0	0.0
counts(inten<0.8699999999999996Normalized-SUMMARYCustomAlgos.tsv_q90.txt	0.0	0.005508056158449293
counts(inten<0.8699999999999996Normalized-SUMMARYCustomAlgos.tsv_var.txt	0.0	0.0
counts(inten<0.7599999999999997Normalized-SUMMARYCustomAlgos.tsv_min.txt	0.0	0.0
medNormalized-SUMMARYCustomAlgos.tsv_min.txt	0.0	0.0
meanNormalized-SUMMARYCustomAlgos.tsv_var.txt	0.0	0.0
med-SUMMARYCustomAlgos.tsv_std.txt	0.0	0.0
med-SUMMARYCustomAlgos.tsv_var.txt	0.0	0.04329000053472365
medNormalized-SUMMARYCustomAlgos.tsv_max.txt	0.0	0.0
medNormalized-SUMMARYCustomAlgos.tsv_mean.txt	0.0	0.006336637697878178
medNormalized-SUMMARYCustomAlgos.tsv_median.txt	0.0	0.0
medNormalized-SUMMARYCustomAlgos.tsv_q10.txt	0.0	0.0
maxNormalized-SUMMARYCustomAlgos.tsv_median.txt	0.0	0.0
medNormalized-SUMMARYCustomAlgos.tsv_q25.txt	0.0	0.0
medNormalized-SUMMARYCustomAlgos.tsv_q75.txt	0.0	0.0
medNormalized-SUMMARYCustomAlgos.tsv_q90.txt	0.0	0.0
medNormalized-SUMMARYCustomAlgos.tsv_std.txt	0.0	0.0
medNormalized-SUMMARYCustomAlgos.tsv_var.txt	0.0	0.0
min-SUMMARYCustomAlgos.tsv_std.txt	0.0	0.0029456260963209857
meanNormalized-SUMMARYCustomAlgos.tsv_std.txt	0.0	0.0
meanNormalized-SUMMARYCustomAlgos.tsv_q90.txt	0.0	0.025403683159244128
meanNormalized-SUMMARYCustomAlgos.tsv_q75.txt	0.0	0.0
meanNormalized-SUMMARYCustomAlgos.tsv_q25.txt	0.0	0.0
meanNormalized-SUMMARYCustomAlgos.tsv_q10.txt	0.0	0.0
meanNormalized-SUMMARYCustomAlgos.tsv_min.txt	0.0	0.0
meanNormalized-SUMMARYCustomAlgos.tsv_median.txt	0.0	0.0
meanNormalized-SUMMARYCustomAlgos.tsv_mean.txt	0.0	0.051023821455334684
meanNormalized-SUMMARYCustomAlgos.tsv_max.txt	0.0	0.0
mean-SUMMARYCustomAlgos.tsv_var.txt	0.0	0.04275395992193998
mean-SUMMARYCustomAlgos.tsv_std.txt	0.0	0.0
maxNormalized-SUMMARYCustomAlgos.tsv_var.txt	0.0	0.008694974438628211
maxNormalized-SUMMARYCustomAlgos.tsv_std.txt	0.0	0.0002855913870214444
maxNormalized-SUMMARYCustomAlgos.tsv_q90.txt	0.0	0.008777383480516043
maxNormalized-SUMMARYCustomAlgos.tsv_q75.txt	0.0	0.0
maxNormalized-SUMMARYCustomAlgos.tsv_q25.txt	0.0	0.0
maxNormalized-SUMMARYCustomAlgos.tsv_q10.txt	0.0	0.0
min-SUMMARYCustomAlgos.tsv_var.txt	0.0	0.0
minNormalized-SUMMARYCustomAlgos.tsv_max.txt	0.0	0.0
minNormalized-SUMMARYCustomAlgos.tsv_mean.txt	0.0	0.03706715454143916
minPropNormalized-SUMMARYCustomAlgos.tsv_q75.txt	0.0	0.004887208097031248
stdNormalized-SUMMARYCustomAlgos.tsv_std.txt	0.0	0.062452253230079524
stdNormalized-SUMMARYCustomAlgos.tsv_q90.txt	0.0	0.09618457908552491
stdNormalized-SUMMARYCustomAlgos.tsv_q75.txt	0.0	0.0
stdNormalized-SUMMARYCustomAlgos.tsv_q25.txt	0.0	0.08719061472989953
stdNormalized-SUMMARYCustomAlgos.tsv_q10.txt	0.0	0.0
stdNormalized-SUMMARYCustomAlgos.tsv_min.txt	0.0	0.0
stdNormalized-SUMMARYCustomAlgos.tsv_median.txt	0.0	0.03429469106125804
stdNormalized-SUMMARYCustomAlgos.tsv_mean.txt	0.0	0.021028085356144643
stdNormalized-SUMMARYCustomAlgos.tsv_max.txt	0.0	0.006348999926871102
std-SUMMARYCustomAlgos.tsv_var.txt	0.0	0.00890524677530502
std-SUMMARYCustomAlgos.tsv_std.txt	0.0	0.04721562260715606
minPropNormalized-SUMMARYCustomAlgos.tsv_var.txt	0.0	0.0
minPropNormalized-SUMMARYCustomAlgos.tsv_std.txt	0.0	0.0
minPropNormalized-SUMMARYCustomAlgos.tsv_q90.txt	0.0	0.0059356957846361524
minPropNormalized-SUMMARYCustomAlgos.tsv_q25.txt	0.0	0.0839333104665898
minNormalized-SUMMARYCustomAlgos.tsv_median.txt	0.0	0.0
minPropNormalized-SUMMARYCustomAlgos.tsv_q10.txt	0.0	0.01062157070479186
minPropNormalized-SUMMARYCustomAlgos.tsv_min.txt	0.0	0.046926021833473275
minPropNormalized-SUMMARYCustomAlgos.tsv_median.txt	0.0	0.0
minPropNormalized-SUMMARYCustomAlgos.tsv_mean.txt	0.0	0.014251486655590284
minPropNormalized-SUMMARYCustomAlgos.tsv_max.txt	0.0	0.0
minProp-SUMMARYCustomAlgos.tsv_var.txt	0.0	0.0
minProp-SUMMARYCustomAlgos.tsv_std.txt	0.0	0.02099282299603411
minNormalized-SUMMARYCustomAlgos.tsv_var.txt	0.0	0.0
minNormalized-SUMMARYCustomAlgos.tsv_std.txt	0.0	0.028444267067672335
minNormalized-SUMMARYCustomAlgos.tsv_q90.txt	0.0	0.0
minNormalized-SUMMARYCustomAlgos.tsv_q75.txt	0.0	0.007385257326750327
minNormalized-SUMMARYCustomAlgos.tsv_q25.txt	0.0	0.0
minNormalized-SUMMARYCustomAlgos.tsv_q10.txt	0.0	0.0
minNormalized-SUMMARYCustomAlgos.tsv_min.txt	0.0	0.0
maxNormalized-SUMMARYCustomAlgos.tsv_min.txt	0.0	0.01714090015940961
maxNormalized-SUMMARYCustomAlgos.tsv_mean.txt	0.0	0.0
counts(inten<0.8799999999999996-SUMMARYCustomAlgos.tsv_std.txt	0.0	0.0
diff-SUMMARYCustomAlgos.tsv_std.txt	0.0	0.002016320562545637
counts(inten<0.8899999999999996Normalized-SUMMARYCustomAlgos.tsv_q10.txt	0.0	0.0
counts(inten<0.8899999999999996Normalized-SUMMARYCustomAlgos.tsv_q25.txt	0.0	0.032882003388679415
counts(inten<0.8899999999999996Normalized-SUMMARYCustomAlgos.tsv_q75.txt	0.0	0.04958163098394097
counts(inten<0.8899999999999996Normalized-SUMMARYCustomAlgos.tsv_q90.txt	0.0	0.05635421174159738
counts(inten<0.8899999999999996Normalized-SUMMARYCustomAlgos.tsv_std.txt	0.0	0.0
counts(inten<0.8899999999999996Normalized-SUMMARYCustomAlgos.tsv_var.txt	0.0	0.033127377778872535
diff-SUMMARYCustomAlgos.tsv_var.txt	0.0	0.007146328263292645
maxNormalized-SUMMARYCustomAlgos.tsv_max.txt	0.0	0.0
diffNormalized-SUMMARYCustomAlgos.tsv_max.txt	0.0	0.04821660564890351
diffNormalized-SUMMARYCustomAlgos.tsv_mean.txt	0.0	0.03520738174966853
diffNormalized-SUMMARYCustomAlgos.tsv_median.txt	0.0	0.0
diffNormalized-SUMMARYCustomAlgos.tsv_min.txt	0.0	0.00459731744542502
diffNormalized-SUMMARYCustomAlgos.tsv_q10.txt	0.0	0.07630468369635102
diffNormalized-SUMMARYCustomAlgos.tsv_q25.txt	0.0	0.0
counts(inten<0.8899999999999996Normalized-SUMMARYCustomAlgos.tsv_min.txt	0.0	0.0
counts(inten<0.8899999999999996Normalized-SUMMARYCustomAlgos.tsv_median.txt	0.0	0.019349719178612723
counts(inten<0.8899999999999996Normalized-SUMMARYCustomAlgos.tsv_mean.txt	0.0	0.0027680662127216316
counts(inten<0.8899999999999996Normalized-SUMMARYCustomAlgos.tsv_max.txt	0.0	0.02260131577356539
counts(inten<0.8899999999999996-SUMMARYCustomAlgos.tsv_var.txt	0.0	0.0
counts(inten<0.8899999999999996-SUMMARYCustomAlgos.tsv_std.txt	0.0	0.02690578734618887
counts(inten<0.8799999999999996Normalized-SUMMARYCustomAlgos.tsv_var.txt	0.0	0.01233042715884336
counts(inten<0.8799999999999996Normalized-SUMMARYCustomAlgos.tsv_std.txt	0.0	0.0
counts(inten<0.8799999999999996Normalized-SUMMARYCustomAlgos.tsv_q90.txt	0.0	0.0
counts(inten<0.8799999999999996Normalized-SUMMARYCustomAlgos.tsv_q75.txt	0.0	0.0469609475722268
counts(inten<0.8799999999999996Normalized-SUMMARYCustomAlgos.tsv_q25.txt	0.0	0.014421148355097113
counts(inten<0.8799999999999996Normalized-SUMMARYCustomAlgos.tsv_q10.txt	0.0	0.05684935656464196
counts(inten<0.8799999999999996Normalized-SUMMARYCustomAlgos.tsv_min.txt	0.0	0.0
counts(inten<0.8799999999999996Normalized-SUMMARYCustomAlgos.tsv_median.txt	0.0	0.003960622523585755
counts(inten<0.8799999999999996Normalized-SUMMARYCustomAlgos.tsv_mean.txt	0.0	0.03303478829415418
counts(inten<0.8799999999999996Normalized-SUMMARYCustomAlgos.tsv_max.txt	0.0	0.05058895534833985
counts(inten<0.8799999999999996-SUMMARYCustomAlgos.tsv_var.txt	0.0	0.0020229401160460903
diffNormalized-SUMMARYCustomAlgos.tsv_q75.txt	0.0	0.003893554329515325
diffNormalized-SUMMARYCustomAlgos.tsv_q90.txt	0.0	0.06107597782823637
diffNormalized-SUMMARYCustomAlgos.tsv_std.txt	0.0	0.010636728417673158
eigenLocalNormalized-SUMMARYCustomAlgos.tsv_q25.txt	0.0	0.0019079993251920335
max-SUMMARYCustomAlgos.tsv_var.txt	0.0	0.0
max-SUMMARYCustomAlgos.tsv_std.txt	0.0	0.0
max-SUMMARYCustomAlgos.tsv_q90.txt	0.0	0.05864945037969571
max-SUMMARYCustomAlgos.tsv_q75.txt	0.0	0.0
max-SUMMARYCustomAlgos.tsv_q25.txt	0.0	0.013661034044810894
max-SUMMARYCustomAlgos.tsv_q10.txt	0.0	0.028088754701428797
max-SUMMARYCustomAlgos.tsv_min.txt	0.0	0.0
max-SUMMARYCustomAlgos.tsv_median.txt	0.0	0.04285898392431031
max-SUMMARYCustomAlgos.tsv_mean.txt	0.0	0.0
max-SUMMARYCustomAlgos.tsv_max.txt	0.0	0.011278342768517913
eigenLocalNormalized-SUMMARYCustomAlgos.tsv_var.txt	0.0	0.0
eigenLocalNormalized-SUMMARYCustomAlgos.tsv_std.txt	0.0	0.0
eigenLocalNormalized-SUMMARYCustomAlgos.tsv_q90.txt	0.0	0.0
eigenLocalNormalized-SUMMARYCustomAlgos.tsv_q75.txt	0.0	0.006163696009599207
eigenLocalNormalized-SUMMARYCustomAlgos.tsv_q10.txt	0.0	0.0
diffNormalized-SUMMARYCustomAlgos.tsv_var.txt	0.0	0.023333487890237148
eigenLocalNormalized-SUMMARYCustomAlgos.tsv_min.txt	0.0	0.06503726079965988
eigenLocalNormalized-SUMMARYCustomAlgos.tsv_median.txt	0.0	0.0
eigenLocalNormalized-SUMMARYCustomAlgos.tsv_mean.txt	0.0	0.03737510381740039
eigenLocalNormalized-SUMMARYCustomAlgos.tsv_max.txt	0.0	0.0
eigenLocal-SUMMARYCustomAlgos.tsv_var.txt	0.0	0.000921758737354228
eigenLocal-SUMMARYCustomAlgos.tsv_std.txt	0.0	0.0
eigenLocal-SUMMARYCustomAlgos.tsv_q90.txt	0.0	0.05305574504358157
eigenLocal-SUMMARYCustomAlgos.tsv_q75.txt	0.0	0.0324515962804135
eigenLocal-SUMMARYCustomAlgos.tsv_q25.txt	0.0	0.011989453262312821
eigenLocal-SUMMARYCustomAlgos.tsv_q10.txt	0.0	0.0
eigenLocal-SUMMARYCustomAlgos.tsv_min.txt	0.0	0.0
eigenLocal-SUMMARYCustomAlgos.tsv_median.txt	0.0	0.0
eigenLocal-SUMMARYCustomAlgos.tsv_mean.txt	0.0	0.009083289372467274
eigenLocal-SUMMARYCustomAlgos.tsv_max.txt	0.0	0.0003248769397687923
counts(inten<0.7599999999999997Normalized-SUMMARYCustomAlgos.tsv_q10.txt	0.0	0.003665551646421683
counts(inten<0.7599999999999997Normalized-SUMMARYCustomAlgos.tsv_median.txt	0.0	0.0376452427724856
counts(inten<0.5299999999999998Normalized-SUMMARYCustomAlgos.tsv_var.txt	0.0	0.0
counts(inten<0.6099999999999998Normalized-SUMMARYCustomAlgos.tsv_median.txt	0.0	0.04832291822927459
counts(inten<0.5999999999999998Normalized-SUMMARYCustomAlgos.tsv_std.txt	0.0	0.0
counts(inten<0.5999999999999998Normalized-SUMMARYCustomAlgos.tsv_var.txt	0.0	0.0
counts(inten<0.6099999999999998-SUMMARYCustomAlgos.tsv_std.txt	0.0	0.0010222025560389092
counts(inten<0.6099999999999998-SUMMARYCustomAlgos.tsv_var.txt	0.0	0.0
counts(inten<0.6099999999999998Normalized-SUMMARYCustomAlgos.tsv_max.txt	0.0	0.04344093094807677
counts(inten<0.6099999999999998Normalized-SUMMARYCustomAlgos.tsv_mean.txt	0.0	0.0
counts(inten<0.6099999999999998Normalized-SUMMARYCustomAlgos.tsv_min.txt	0.0	0.05324057623305789
counts(inten<0.5899999999999997Normalized-SUMMARYCustomAlgos.tsv_mean.txt	0.0	0.0
counts(inten<0.6099999999999998Normalized-SUMMARYCustomAlgos.tsv_q10.txt	0.0	0.0
counts(inten<0.6099999999999998Normalized-SUMMARYCustomAlgos.tsv_q25.txt	0.0	0.0
counts(inten<0.6099999999999998Normalized-SUMMARYCustomAlgos.tsv_q75.txt	0.0	0.021217471713282254
counts(inten<0.6099999999999998Normalized-SUMMARYCustomAlgos.tsv_q90.txt	0.0	0.020959214669880044
counts(inten<0.6099999999999998Normalized-SUMMARYCustomAlgos.tsv_std.txt	0.0	0.004348257750828477
counts(inten<0.6099999999999998Normalized-SUMMARYCustomAlgos.tsv_var.txt	0.0	0.01498010642620784
counts(inten<0.5999999999999998Normalized-SUMMARYCustomAlgos.tsv_q90.txt	0.0	0.0
counts(inten<0.5999999999999998Normalized-SUMMARYCustomAlgos.tsv_q75.txt	0.0	0.03490473329419608
counts(inten<0.5999999999999998Normalized-SUMMARYCustomAlgos.tsv_q25.txt	0.0	0.09438163121906795
counts(inten<0.5999999999999998Normalized-SUMMARYCustomAlgos.tsv_q10.txt	0.0	0.0
counts(inten<0.5999999999999998Normalized-SUMMARYCustomAlgos.tsv_min.txt	0.0	0.0
counts(inten<0.5999999999999998Normalized-SUMMARYCustomAlgos.tsv_median.txt	0.0	0.0020171108991888786
counts(inten<0.5999999999999998Normalized-SUMMARYCustomAlgos.tsv_mean.txt	0.0	0.0
counts(inten<0.5999999999999998Normalized-SUMMARYCustomAlgos.tsv_max.txt	0.0	0.0
counts(inten<0.5999999999999998-SUMMARYCustomAlgos.tsv_var.txt	0.0	0.026203867295334415
counts(inten<0.5999999999999998-SUMMARYCustomAlgos.tsv_std.txt	0.0	0.05614740976520638
counts(inten<0.5899999999999997Normalized-SUMMARYCustomAlgos.tsv_var.txt	0.0	0.0
counts(inten<0.5899999999999997Normalized-SUMMARYCustomAlgos.tsv_std.txt	0.0	0.05963972461162559
counts(inten<0.5899999999999997Normalized-SUMMARYCustomAlgos.tsv_q90.txt	0.0	0.0
counts(inten<0.5899999999999997Normalized-SUMMARYCustomAlgos.tsv_q75.txt	0.0	0.002946158472477034
counts(inten<0.5899999999999997Normalized-SUMMARYCustomAlgos.tsv_q25.txt	0.0	0.0
counts(inten<0.5899999999999997Normalized-SUMMARYCustomAlgos.tsv_q10.txt	0.0	0.0
counts(inten<0.5899999999999997Normalized-SUMMARYCustomAlgos.tsv_min.txt	0.0	0.0
counts(inten<0.6199999999999998-SUMMARYCustomAlgos.tsv_std.txt	0.0	0.024281916729161246
counts(inten<0.6199999999999998-SUMMARYCustomAlgos.tsv_var.txt	0.0	0.0
counts(inten<0.6199999999999998Normalized-SUMMARYCustomAlgos.tsv_max.txt	0.0	0.011905971124109627
counts(inten<0.6299999999999997Normalized-SUMMARYCustomAlgos.tsv_q25.txt	0.0	0.0
counts(inten<0.6399999999999997Normalized-SUMMARYCustomAlgos.tsv_q90.txt	0.0	0.01320309942202158
counts(inten<0.6399999999999997Normalized-SUMMARYCustomAlgos.tsv_q75.txt	0.0	0.0
counts(inten<0.6399999999999997Normalized-SUMMARYCustomAlgos.tsv_q25.txt	0.0	0.0
counts(inten<0.6399999999999997Normalized-SUMMARYCustomAlgos.tsv_q10.txt	0.0	0.01159379157033591
counts(inten<0.6399999999999997Normalized-SUMMARYCustomAlgos.tsv_min.txt	0.0	0.0
counts(inten<0.6399999999999997Normalized-SUMMARYCustomAlgos.tsv_median.txt	0.0	0.0
counts(inten<0.6399999999999997Normalized-SUMMARYCustomAlgos.tsv_mean.txt	0.0	0.0
counts(inten<0.6399999999999997Normalized-SUMMARYCustomAlgos.tsv_max.txt	0.0	0.007747306882616822
counts(inten<0.6399999999999997-SUMMARYCustomAlgos.tsv_var.txt	0.0	0.0
counts(inten<0.6399999999999997-SUMMARYCustomAlgos.tsv_std.txt	0.0	0.0
counts(inten<0.6299999999999997Normalized-SUMMARYCustomAlgos.tsv_var.txt	0.0	0.0
counts(inten<0.6299999999999997Normalized-SUMMARYCustomAlgos.tsv_std.txt	0.0	0.013963588878742161
counts(inten<0.6299999999999997Normalized-SUMMARYCustomAlgos.tsv_q90.txt	0.0	0.0
counts(inten<0.6299999999999997Normalized-SUMMARYCustomAlgos.tsv_q75.txt	0.0	0.07763782215669446
counts(inten<0.6299999999999997Normalized-SUMMARYCustomAlgos.tsv_q10.txt	0.0	0.0
counts(inten<0.6199999999999998Normalized-SUMMARYCustomAlgos.tsv_mean.txt	0.0	0.0
counts(inten<0.6299999999999997Normalized-SUMMARYCustomAlgos.tsv_min.txt	0.0	0.0
counts(inten<0.6299999999999997Normalized-SUMMARYCustomAlgos.tsv_median.txt	0.0	0.02539219276628213
counts(inten<0.6299999999999997Normalized-SUMMARYCustomAlgos.tsv_mean.txt	0.0	0.002941613243817809
counts(inten<0.6299999999999997Normalized-SUMMARYCustomAlgos.tsv_max.txt	0.0	0.0
counts(inten<0.6299999999999997-SUMMARYCustomAlgos.tsv_var.txt	0.0	0.0
counts(inten<0.6299999999999997-SUMMARYCustomAlgos.tsv_std.txt	0.0	0.0
counts(inten<0.6199999999999998Normalized-SUMMARYCustomAlgos.tsv_var.txt	0.0	0.0
counts(inten<0.6199999999999998Normalized-SUMMARYCustomAlgos.tsv_std.txt	0.0	0.0
counts(inten<0.6199999999999998Normalized-SUMMARYCustomAlgos.tsv_q90.txt	0.0	0.0
counts(inten<0.6199999999999998Normalized-SUMMARYCustomAlgos.tsv_q75.txt	0.0	0.0
counts(inten<0.6199999999999998Normalized-SUMMARYCustomAlgos.tsv_q25.txt	0.0	0.012906179314002397
counts(inten<0.6199999999999998Normalized-SUMMARYCustomAlgos.tsv_q10.txt	0.0	0.015937535670549785
counts(inten<0.6199999999999998Normalized-SUMMARYCustomAlgos.tsv_min.txt	0.0	0.0
counts(inten<0.6199999999999998Normalized-SUMMARYCustomAlgos.tsv_median.txt	0.0	0.0
counts(inten<0.5899999999999997Normalized-SUMMARYCustomAlgos.tsv_median.txt	0.0	0.015486153516087064
counts(inten<0.5899999999999997Normalized-SUMMARYCustomAlgos.tsv_max.txt	0.0	0.0
counts(inten<0.6399999999999997Normalized-SUMMARYCustomAlgos.tsv_var.txt	0.0	0.0
counts(inten<0.5499999999999998Normalized-SUMMARYCustomAlgos.tsv_q25.txt	0.0	0.0
counts(inten<0.5499999999999998-SUMMARYCustomAlgos.tsv_var.txt	0.0	0.011072567324005522
counts(inten<0.5499999999999998Normalized-SUMMARYCustomAlgos.tsv_max.txt	0.0	0.03489422374542306
counts(inten<0.5499999999999998Normalized-SUMMARYCustomAlgos.tsv_mean.txt	0.0	0.0
counts(inten<0.5499999999999998Normalized-SUMMARYCustomAlgos.tsv_median.txt	0.0	0.0
counts(inten<0.5499999999999998Normalized-SUMMARYCustomAlgos.tsv_min.txt	0.0	0.0
counts(inten<0.5499999999999998Normalized-SUMMARYCustomAlgos.tsv_q10.txt	0.0	0.025808915402643517
counts(inten<0.5499999999999998Normalized-SUMMARYCustomAlgos.tsv_q75.txt	0.0	0.0
counts(inten<0.5899999999999997-SUMMARYCustomAlgos.tsv_var.txt	0.0	0.034256428204200606
counts(inten<0.5499999999999998Normalized-SUMMARYCustomAlgos.tsv_q90.txt	0.0	0.0
counts(inten<0.5499999999999998Normalized-SUMMARYCustomAlgos.tsv_std.txt	0.0	0.0
counts(inten<0.5499999999999998Normalized-SUMMARYCustomAlgos.tsv_var.txt	0.0	0.001265514287851488
counts(inten<0.5599999999999997-SUMMARYCustomAlgos.tsv_std.txt	0.0	0.0
counts(inten<0.5599999999999997-SUMMARYCustomAlgos.tsv_var.txt	0.0	0.02831139042540265
counts(inten<0.5599999999999997Normalized-SUMMARYCustomAlgos.tsv_max.txt	0.0	0.06435528810855473
counts(inten<0.5499999999999998-SUMMARYCustomAlgos.tsv_std.txt	0.0	0.0
counts(inten<0.5499999999999998-SUMMARYCustomAlgos.tsv_q90.txt	0.0	0.2510245307143877
counts(inten<0.5499999999999998-SUMMARYCustomAlgos.tsv_q75.txt	0.0	0.23158528094700737
counts(inten<0.5499999999999998-SUMMARYCustomAlgos.tsv_median.txt	0.0	0.2437353216491056
counts(inten<0.5399999999999998Normalized-SUMMARYCustomAlgos.tsv_var.txt	0.0	0.0
counts(inten<0.5399999999999998Normalized-SUMMARYCustomAlgos.tsv_std.txt	0.0	0.0
counts(inten<0.5399999999999998Normalized-SUMMARYCustomAlgos.tsv_q90.txt	0.0	0.0
counts(inten<0.5399999999999998Normalized-SUMMARYCustomAlgos.tsv_q75.txt	0.0	0.015250165166356577
counts(inten<0.5399999999999998Normalized-SUMMARYCustomAlgos.tsv_q25.txt	0.0	0.05526603497584048
counts(inten<0.5399999999999998Normalized-SUMMARYCustomAlgos.tsv_q10.txt	0.0	0.01313376826351531
counts(inten<0.5399999999999998Normalized-SUMMARYCustomAlgos.tsv_min.txt	0.0	0.02997121949077597
counts(inten<0.5399999999999998Normalized-SUMMARYCustomAlgos.tsv_median.txt	0.0	0.0
counts(inten<0.5399999999999998Normalized-SUMMARYCustomAlgos.tsv_mean.txt	0.0	0.026375657471083613
counts(inten<0.5399999999999998Normalized-SUMMARYCustomAlgos.tsv_max.txt	0.0	0.0
counts(inten<0.5399999999999998-SUMMARYCustomAlgos.tsv_var.txt	0.0	0.03356295739526649
counts(inten<0.5399999999999998-SUMMARYCustomAlgos.tsv_std.txt	0.0	0.012641654905073185
counts(inten<0.5399999999999998-SUMMARYCustomAlgos.tsv_mean.txt	0.0	0.25451403208485734
counts(inten<0.5599999999999997Normalized-SUMMARYCustomAlgos.tsv_mean.txt	0.0	0.0
counts(inten<0.5599999999999997Normalized-SUMMARYCustomAlgos.tsv_median.txt	0.0	0.0
counts(inten<0.5599999999999997Normalized-SUMMARYCustomAlgos.tsv_min.txt	0.0	0.0
counts(inten<0.5699999999999997Normalized-SUMMARYCustomAlgos.tsv_std.txt	0.0	0.0
counts(inten<0.5899999999999997-SUMMARYCustomAlgos.tsv_std.txt	0.0	0.0
counts(inten<0.5799999999999997Normalized-SUMMARYCustomAlgos.tsv_var.txt	0.0	0.026402862967224383
counts(inten<0.5799999999999997Normalized-SUMMARYCustomAlgos.tsv_std.txt	0.0	0.0
counts(inten<0.5799999999999997Normalized-SUMMARYCustomAlgos.tsv_q90.txt	0.0	0.0
counts(inten<0.5799999999999997Normalized-SUMMARYCustomAlgos.tsv_q75.txt	0.0	0.0
counts(inten<0.5799999999999997Normalized-SUMMARYCustomAlgos.tsv_q25.txt	0.0	0.023340603505801916
counts(inten<0.5799999999999997Normalized-SUMMARYCustomAlgos.tsv_q10.txt	0.0	0.0
counts(inten<0.5799999999999997Normalized-SUMMARYCustomAlgos.tsv_min.txt	0.0	0.0
counts(inten<0.5799999999999997Normalized-SUMMARYCustomAlgos.tsv_median.txt	0.0	0.0
counts(inten<0.5799999999999997Normalized-SUMMARYCustomAlgos.tsv_mean.txt	0.0	0.0
counts(inten<0.5799999999999997Normalized-SUMMARYCustomAlgos.tsv_max.txt	0.0	0.0
counts(inten<0.5799999999999997-SUMMARYCustomAlgos.tsv_var.txt	0.0	0.004983634713044527
counts(inten<0.5799999999999997-SUMMARYCustomAlgos.tsv_std.txt	0.0	0.0
counts(inten<0.5699999999999997Normalized-SUMMARYCustomAlgos.tsv_var.txt	0.0	0.0
counts(inten<0.5699999999999997Normalized-SUMMARYCustomAlgos.tsv_q90.txt	0.0	0.0
counts(inten<0.5599999999999997Normalized-SUMMARYCustomAlgos.tsv_q10.txt	0.0	0.0
counts(inten<0.5699999999999997Normalized-SUMMARYCustomAlgos.tsv_q75.txt	0.0	0.02226214556351236
counts(inten<0.5699999999999997Normalized-SUMMARYCustomAlgos.tsv_q25.txt	0.0	0.0
counts(inten<0.5699999999999997Normalized-SUMMARYCustomAlgos.tsv_q10.txt	0.0	0.030064422091547804
counts(inten<0.5699999999999997Normalized-SUMMARYCustomAlgos.tsv_min.txt	0.0	0.046228394604902245
counts(inten<0.5699999999999997Normalized-SUMMARYCustomAlgos.tsv_median.txt	0.0	0.06344037953135606
counts(inten<0.5699999999999997Normalized-SUMMARYCustomAlgos.tsv_mean.txt	0.0	0.0
counts(inten<0.5699999999999997Normalized-SUMMARYCustomAlgos.tsv_max.txt	0.0	0.0
counts(inten<0.5699999999999997-SUMMARYCustomAlgos.tsv_var.txt	0.0	0.07807226112710497
counts(inten<0.5699999999999997-SUMMARYCustomAlgos.tsv_std.txt	0.0	0.0
counts(inten<0.5599999999999997Normalized-SUMMARYCustomAlgos.tsv_var.txt	0.0	0.01568610636769563
counts(inten<0.5599999999999997Normalized-SUMMARYCustomAlgos.tsv_std.txt	0.0	0.0
counts(inten<0.5599999999999997Normalized-SUMMARYCustomAlgos.tsv_q90.txt	0.0	0.0
counts(inten<0.5599999999999997Normalized-SUMMARYCustomAlgos.tsv_q75.txt	0.0	0.0
counts(inten<0.5599999999999997Normalized-SUMMARYCustomAlgos.tsv_q25.txt	0.0	0.01839923028261481
counts(inten<0.6399999999999997Normalized-SUMMARYCustomAlgos.tsv_std.txt	0.0	0.019187736252070486
counts(inten<0.6499999999999997-SUMMARYCustomAlgos.tsv_std.txt	0.0	0.020026507035313834
counts(inten<0.7599999999999997Normalized-SUMMARYCustomAlgos.tsv_mean.txt	0.0	0.06053177799976828
counts(inten<0.7199999999999996Normalized-SUMMARYCustomAlgos.tsv_q90.txt	0.0	0.0641015207802842
counts(inten<0.7199999999999996Normalized-SUMMARYCustomAlgos.tsv_mean.txt	0.0	0.010489238715140736
counts(inten<0.7199999999999996Normalized-SUMMARYCustomAlgos.tsv_median.txt	0.0	0.032413880631635195
counts(inten<0.7199999999999996Normalized-SUMMARYCustomAlgos.tsv_min.txt	0.0	0.026299284965181968
counts(inten<0.7199999999999996Normalized-SUMMARYCustomAlgos.tsv_q10.txt	0.0	0.014480097391737168
counts(inten<0.7199999999999996Normalized-SUMMARYCustomAlgos.tsv_q25.txt	0.0	0.031107931491106466
counts(inten<0.7199999999999996Normalized-SUMMARYCustomAlgos.tsv_q75.txt	0.0	0.016820772171127985
counts(inten<0.7199999999999996Normalized-SUMMARYCustomAlgos.tsv_std.txt	0.0	0.0
counts(inten<0.6999999999999996Normalized-SUMMARYCustomAlgos.tsv_q75.txt	0.0	0.0
counts(inten<0.7199999999999996Normalized-SUMMARYCustomAlgos.tsv_var.txt	0.0	0.0026053101311203086
counts(inten<0.7299999999999996-SUMMARYCustomAlgos.tsv_std.txt	0.0	0.04327345675181382
counts(inten<0.7299999999999996-SUMMARYCustomAlgos.tsv_var.txt	0.0	0.0
counts(inten<0.7299999999999996Normalized-SUMMARYCustomAlgos.tsv_max.txt	0.0	0.0
counts(inten<0.7299999999999996Normalized-SUMMARYCustomAlgos.tsv_mean.txt	0.0	0.03631759855139238
counts(inten<0.7299999999999996Normalized-SUMMARYCustomAlgos.tsv_median.txt	0.0	0.0
counts(inten<0.7199999999999996Normalized-SUMMARYCustomAlgos.tsv_max.txt	0.0	0.012799528760211398
counts(inten<0.7199999999999996-SUMMARYCustomAlgos.tsv_var.txt	0.0	0.0
counts(inten<0.7199999999999996-SUMMARYCustomAlgos.tsv_std.txt	0.0	0.0
counts(inten<0.7099999999999996Normalized-SUMMARYCustomAlgos.tsv_var.txt	0.0	0.016700330371280714
counts(inten<0.7099999999999996Normalized-SUMMARYCustomAlgos.tsv_std.txt	0.0	0.005672328322045672
counts(inten<0.7099999999999996Normalized-SUMMARYCustomAlgos.tsv_q90.txt	0.0	0.0
counts(inten<0.7099999999999996Normalized-SUMMARYCustomAlgos.tsv_q75.txt	0.0	0.01073386764139217
counts(inten<0.7099999999999996Normalized-SUMMARYCustomAlgos.tsv_q25.txt	0.0	0.0
counts(inten<0.7099999999999996Normalized-SUMMARYCustomAlgos.tsv_q10.txt	0.0	0.009317381537687908
counts(inten<0.7099999999999996Normalized-SUMMARYCustomAlgos.tsv_min.txt	0.0	0.004028142313603489
counts(inten<0.7099999999999996Normalized-SUMMARYCustomAlgos.tsv_median.txt	0.0	0.0
counts(inten<0.7099999999999996Normalized-SUMMARYCustomAlgos.tsv_mean.txt	0.0	0.0
counts(inten<0.7099999999999996Normalized-SUMMARYCustomAlgos.tsv_max.txt	0.0	0.0
counts(inten<0.7099999999999996-SUMMARYCustomAlgos.tsv_var.txt	0.0	0.01770969824487123
counts(inten<0.7099999999999996-SUMMARYCustomAlgos.tsv_std.txt	0.0	0.0
counts(inten<0.6999999999999996Normalized-SUMMARYCustomAlgos.tsv_var.txt	0.0	0.0
counts(inten<0.6999999999999996Normalized-SUMMARYCustomAlgos.tsv_std.txt	0.0	0.011889516858873073
counts(inten<0.7299999999999996Normalized-SUMMARYCustomAlgos.tsv_min.txt	0.0	0.0
counts(inten<0.7299999999999996Normalized-SUMMARYCustomAlgos.tsv_q10.txt	0.0	0.0
counts(inten<0.7299999999999996Normalized-SUMMARYCustomAlgos.tsv_q25.txt	0.0	0.0
counts(inten<0.7499999999999997-SUMMARYCustomAlgos.tsv_std.txt	0.0	0.0
counts(inten<0.7599999999999997Normalized-SUMMARYCustomAlgos.tsv_max.txt	0.0	0.07146315565431749
counts(inten<0.7599999999999997-SUMMARYCustomAlgos.tsv_var.txt	0.0	0.06912730458208571
counts(inten<0.7599999999999997-SUMMARYCustomAlgos.tsv_std.txt	0.0	0.0
counts(inten<0.7499999999999997Normalized-SUMMARYCustomAlgos.tsv_var.txt	0.0	0.0
counts(inten<0.7499999999999997Normalized-SUMMARYCustomAlgos.tsv_std.txt	0.0	0.0
counts(inten<0.7499999999999997Normalized-SUMMARYCustomAlgos.tsv_q90.txt	0.0	0.0
counts(inten<0.7499999999999997Normalized-SUMMARYCustomAlgos.tsv_q75.txt	0.0	0.03132888971892456
counts(inten<0.7499999999999997Normalized-SUMMARYCustomAlgos.tsv_q25.txt	0.0	0.0
counts(inten<0.7499999999999997Normalized-SUMMARYCustomAlgos.tsv_q10.txt	0.0	0.03094092117506486
counts(inten<0.7499999999999997Normalized-SUMMARYCustomAlgos.tsv_min.txt	0.0	0.0
counts(inten<0.7499999999999997Normalized-SUMMARYCustomAlgos.tsv_median.txt	0.0	0.0
counts(inten<0.7499999999999997Normalized-SUMMARYCustomAlgos.tsv_mean.txt	0.0	0.012180439276009647
counts(inten<0.7499999999999997Normalized-SUMMARYCustomAlgos.tsv_max.txt	0.0	0.0
counts(inten<0.7499999999999997-SUMMARYCustomAlgos.tsv_var.txt	0.0	0.002217173522728544
counts(inten<0.7399999999999997Normalized-SUMMARYCustomAlgos.tsv_var.txt	0.0	0.0524301745578728
counts(inten<0.7299999999999996Normalized-SUMMARYCustomAlgos.tsv_q75.txt	0.0	0.0
counts(inten<0.7399999999999997Normalized-SUMMARYCustomAlgos.tsv_std.txt	0.0	0.0
counts(inten<0.7399999999999997Normalized-SUMMARYCustomAlgos.tsv_q90.txt	0.0	0.06653691506678072
counts(inten<0.7399999999999997Normalized-SUMMARYCustomAlgos.tsv_q75.txt	0.0	0.0
counts(inten<0.7399999999999997Normalized-SUMMARYCustomAlgos.tsv_q25.txt	0.0	0.00764617179840732
counts(inten<0.7399999999999997Normalized-SUMMARYCustomAlgos.tsv_q10.txt	0.0	0.03417352117284267
counts(inten<0.7399999999999997Normalized-SUMMARYCustomAlgos.tsv_min.txt	0.0	0.0140463252140548
counts(inten<0.7399999999999997Normalized-SUMMARYCustomAlgos.tsv_median.txt	0.0	0.0
counts(inten<0.7399999999999997Normalized-SUMMARYCustomAlgos.tsv_mean.txt	0.0	0.007484325452578489
counts(inten<0.7399999999999997Normalized-SUMMARYCustomAlgos.tsv_max.txt	0.0	0.08635803546763077
counts(inten<0.7399999999999997-SUMMARYCustomAlgos.tsv_var.txt	0.0	0.0
counts(inten<0.7399999999999997-SUMMARYCustomAlgos.tsv_std.txt	0.0	0.0
counts(inten<0.7299999999999996Normalized-SUMMARYCustomAlgos.tsv_var.txt	0.0	0.0
counts(inten<0.7299999999999996Normalized-SUMMARYCustomAlgos.tsv_std.txt	0.0	0.0
counts(inten<0.7299999999999996Normalized-SUMMARYCustomAlgos.tsv_q90.txt	0.0	0.0
counts(inten<0.6999999999999996Normalized-SUMMARYCustomAlgos.tsv_q90.txt	0.0	0.011102628376696178
counts(inten<0.6999999999999996Normalized-SUMMARYCustomAlgos.tsv_q25.txt	0.0	0.030331820917452124
counts(inten<0.6499999999999997-SUMMARYCustomAlgos.tsv_var.txt	0.0	0.010538772025410648
counts(inten<0.6699999999999997-SUMMARYCustomAlgos.tsv_var.txt	0.0	0.0
counts(inten<0.6599999999999997Normalized-SUMMARYCustomAlgos.tsv_q25.txt	0.0	0.027226558628967723
counts(inten<0.6599999999999997Normalized-SUMMARYCustomAlgos.tsv_q75.txt	0.0	0.033222156033046346
counts(inten<0.6599999999999997Normalized-SUMMARYCustomAlgos.tsv_q90.txt	0.0	0.0
counts(inten<0.6599999999999997Normalized-SUMMARYCustomAlgos.tsv_std.txt	0.0	0.046842138314641346
counts(inten<0.6599999999999997Normalized-SUMMARYCustomAlgos.tsv_var.txt	0.0	0.00894348609351514
counts(inten<0.6699999999999997-SUMMARYCustomAlgos.tsv_std.txt	0.0	0.0
counts(inten<0.6699999999999997Normalized-SUMMARYCustomAlgos.tsv_max.txt	0.0	0.002879576038953058
counts(inten<0.6999999999999996Normalized-SUMMARYCustomAlgos.tsv_q10.txt	0.0	0.0
counts(inten<0.6699999999999997Normalized-SUMMARYCustomAlgos.tsv_mean.txt	0.0	0.0
counts(inten<0.6699999999999997Normalized-SUMMARYCustomAlgos.tsv_median.txt	0.0	0.0
counts(inten<0.2899999999999999Normalized-SUMMARYCustomAlgos.tsv_max.txt	0.0	0.0021977703262097137
counts(inten<0.6699999999999997Normalized-SUMMARYCustomAlgos.tsv_min.txt	0.0	0.0
counts(inten<0.6699999999999997Normalized-SUMMARYCustomAlgos.tsv_q10.txt	0.0	0.031301104003672364
counts(inten<0.6699999999999997Normalized-SUMMARYCustomAlgos.tsv_q25.txt	0.0	0.0
counts(inten<0.6599999999999997Normalized-SUMMARYCustomAlgos.tsv_q10.txt	0.0	0.0
counts(inten<0.6599999999999997Normalized-SUMMARYCustomAlgos.tsv_min.txt	0.0	0.010663716673049883
counts(inten<0.6599999999999997Normalized-SUMMARYCustomAlgos.tsv_median.txt	0.0	0.0
counts(inten<0.6599999999999997Normalized-SUMMARYCustomAlgos.tsv_mean.txt	0.0	0.0
counts(inten<0.6599999999999997Normalized-SUMMARYCustomAlgos.tsv_max.txt	0.0	0.0
counts(inten<0.6599999999999997-SUMMARYCustomAlgos.tsv_var.txt	0.0	0.07021699470320097
counts(inten<0.6599999999999997-SUMMARYCustomAlgos.tsv_std.txt	0.0	0.006902919532637775
counts(inten<0.6499999999999997Normalized-SUMMARYCustomAlgos.tsv_var.txt	0.0	0.0
counts(inten<0.6499999999999997Normalized-SUMMARYCustomAlgos.tsv_std.txt	0.0	0.0
counts(inten<0.6499999999999997Normalized-SUMMARYCustomAlgos.tsv_q90.txt	0.0	0.0
counts(inten<0.6499999999999997Normalized-SUMMARYCustomAlgos.tsv_q75.txt	0.0	0.0
counts(inten<0.6499999999999997Normalized-SUMMARYCustomAlgos.tsv_q25.txt	0.0	0.0
counts(inten<0.6499999999999997Normalized-SUMMARYCustomAlgos.tsv_q10.txt	0.0	0.029179854549366002
counts(inten<0.6499999999999997Normalized-SUMMARYCustomAlgos.tsv_min.txt	0.0	0.0
counts(inten<0.6499999999999997Normalized-SUMMARYCustomAlgos.tsv_median.txt	0.0	0.0
counts(inten<0.6499999999999997Normalized-SUMMARYCustomAlgos.tsv_mean.txt	0.0	0.0006176882723876176
counts(inten<0.6499999999999997Normalized-SUMMARYCustomAlgos.tsv_max.txt	0.0	0.017061689823296255
counts(inten<0.6699999999999997Normalized-SUMMARYCustomAlgos.tsv_q75.txt	0.0	0.07058661439284508
counts(inten<0.6699999999999997Normalized-SUMMARYCustomAlgos.tsv_q90.txt	0.0	0.007977388164530641
counts(inten<0.6699999999999997Normalized-SUMMARYCustomAlgos.tsv_std.txt	0.0	0.0011518773300971397
counts(inten<0.6899999999999997Normalized-SUMMARYCustomAlgos.tsv_mean.txt	0.0	0.0
counts(inten<0.6999999999999996Normalized-SUMMARYCustomAlgos.tsv_min.txt	0.0	0.06771525186415461
counts(inten<0.6999999999999996Normalized-SUMMARYCustomAlgos.tsv_median.txt	0.0	0.0
counts(inten<0.6999999999999996Normalized-SUMMARYCustomAlgos.tsv_mean.txt	0.0	0.026567468870301703
counts(inten<0.6999999999999996Normalized-SUMMARYCustomAlgos.tsv_max.txt	0.0	0.0
counts(inten<0.6999999999999996-SUMMARYCustomAlgos.tsv_var.txt	0.0	0.0
counts(inten<0.6999999999999996-SUMMARYCustomAlgos.tsv_std.txt	0.0	0.0
counts(inten<0.6899999999999997Normalized-SUMMARYCustomAlgos.tsv_var.txt	0.0	0.0
counts(inten<0.6899999999999997Normalized-SUMMARYCustomAlgos.tsv_std.txt	0.0	0.0
counts(inten<0.6899999999999997Normalized-SUMMARYCustomAlgos.tsv_q90.txt	0.0	0.0
counts(inten<0.6899999999999997Normalized-SUMMARYCustomAlgos.tsv_q75.txt	0.0	0.00908798987449666
counts(inten<0.6899999999999997Normalized-SUMMARYCustomAlgos.tsv_q25.txt	0.0	0.00550476993172655
counts(inten<0.6899999999999997Normalized-SUMMARYCustomAlgos.tsv_q10.txt	0.0	0.0
counts(inten<0.6899999999999997Normalized-SUMMARYCustomAlgos.tsv_min.txt	0.0	0.0
counts(inten<0.6899999999999997Normalized-SUMMARYCustomAlgos.tsv_median.txt	0.0	0.057432554547267145
counts(inten<0.6899999999999997Normalized-SUMMARYCustomAlgos.tsv_max.txt	0.0	0.0
counts(inten<0.6699999999999997Normalized-SUMMARYCustomAlgos.tsv_var.txt	0.0	0.012592379286573419
counts(inten<0.6899999999999997-SUMMARYCustomAlgos.tsv_var.txt	0.0	0.0
counts(inten<0.6899999999999997-SUMMARYCustomAlgos.tsv_std.txt	0.0	0.02019111246243721
counts(inten<0.6799999999999997Normalized-SUMMARYCustomAlgos.tsv_var.txt	0.0	0.0
counts(inten<0.6799999999999997Normalized-SUMMARYCustomAlgos.tsv_std.txt	0.0	0.0
counts(inten<0.6799999999999997Normalized-SUMMARYCustomAlgos.tsv_q90.txt	0.0	0.0
counts(inten<0.6799999999999997Normalized-SUMMARYCustomAlgos.tsv_q75.txt	0.0	0.017426064209174807
counts(inten<0.6799999999999997Normalized-SUMMARYCustomAlgos.tsv_q25.txt	0.0	0.0
counts(inten<0.6799999999999997Normalized-SUMMARYCustomAlgos.tsv_q10.txt	0.0	0.02646146814659689
counts(inten<0.6799999999999997Normalized-SUMMARYCustomAlgos.tsv_min.txt	0.0	0.024098468388451977
counts(inten<0.6799999999999997Normalized-SUMMARYCustomAlgos.tsv_median.txt	0.0	0.0
counts(inten<0.6799999999999997Normalized-SUMMARYCustomAlgos.tsv_mean.txt	0.0	0.0198517763030841
counts(inten<0.6799999999999997Normalized-SUMMARYCustomAlgos.tsv_max.txt	0.0	0.0
counts(inten<0.6799999999999997-SUMMARYCustomAlgos.tsv_var.txt	0.0	0.014309983865390397
counts(inten<0.6799999999999997-SUMMARYCustomAlgos.tsv_std.txt	0.0	0.0
counts(inten<0.2899999999999999Normalized-SUMMARYCustomAlgos.tsv_mean.txt	0.0	0.0
counts(inten<0.13999999999999999Normalized-SUMMARYCustomAlgos.tsv_max.txt	0.0	0.02700423574741828
counts(inten<0.2899999999999999-SUMMARYCustomAlgos.tsv_var.txt	0.0	0.012730487895646903
counts(Norminten<0.45999999999999985Normalized-SUMMARYCustomAlgos.tsv_q25.txt	0.0	0.0
counts(Norminten<0.44999999999999984Normalized-SUMMARYCustomAlgos.tsv_var.txt	0.0	0.02157816539421553
counts(Norminten<0.45999999999999985-SUMMARYCustomAlgos.tsv_std.txt	0.0	0.016637294379944212
counts(Norminten<0.45999999999999985-SUMMARYCustomAlgos.tsv_var.txt	0.0	0.0
counts(Norminten<0.45999999999999985Normalized-SUMMARYCustomAlgos.tsv_max.txt	0.0	0.03461008561584933
counts(Norminten<0.45999999999999985Normalized-SUMMARYCustomAlgos.tsv_mean.txt	0.0	0.06106557120143208
counts(Norminten<0.45999999999999985Normalized-SUMMARYCustomAlgos.tsv_median.txt	0.0	0.0
counts(Norminten<0.45999999999999985Normalized-SUMMARYCustomAlgos.tsv_min.txt	0.0	0.0
counts(Norminten<0.45999999999999985Normalized-SUMMARYCustomAlgos.tsv_q10.txt	0.0	0.008444167914318346
counts(Norminten<0.45999999999999985Normalized-SUMMARYCustomAlgos.tsv_q75.txt	0.0	0.0
counts(Norminten<0.46999999999999986Normalized-SUMMARYCustomAlgos.tsv_q10.txt	0.0	0.0119389146257034
counts(Norminten<0.45999999999999985Normalized-SUMMARYCustomAlgos.tsv_q90.txt	0.0	0.0
counts(Norminten<0.45999999999999985Normalized-SUMMARYCustomAlgos.tsv_std.txt	0.0	0.028221544448709057
counts(Norminten<0.45999999999999985Normalized-SUMMARYCustomAlgos.tsv_var.txt	0.0	0.0
counts(Norminten<0.46999999999999986-SUMMARYCustomAlgos.tsv_std.txt	0.0	0.0
counts(Norminten<0.46999999999999986-SUMMARYCustomAlgos.tsv_var.txt	0.0	0.0
counts(Norminten<0.46999999999999986Normalized-SUMMARYCustomAlgos.tsv_max.txt	0.0	0.0
counts(Norminten<0.46999999999999986Normalized-SUMMARYCustomAlgos.tsv_mean.txt	0.0	0.0
counts(Norminten<0.46999999999999986Normalized-SUMMARYCustomAlgos.tsv_median.txt	0.0	0.0
counts(Norminten<0.44999999999999984Normalized-SUMMARYCustomAlgos.tsv_std.txt	0.0	0.0
counts(Norminten<0.44999999999999984Normalized-SUMMARYCustomAlgos.tsv_q90.txt	0.0	0.008591500684183906
counts(Norminten<0.44999999999999984Normalized-SUMMARYCustomAlgos.tsv_q75.txt	0.0	0.015641612770268765
counts(Norminten<0.44999999999999984Normalized-SUMMARYCustomAlgos.tsv_q25.txt	0.0	0.0
counts(Norminten<0.43999999999999984Normalized-SUMMARYCustomAlgos.tsv_max.txt	0.0	0.0
counts(Norminten<0.43999999999999984Normalized-SUMMARYCustomAlgos.tsv_mean.txt	0.0	0.0
counts(Norminten<0.43999999999999984Normalized-SUMMARYCustomAlgos.tsv_median.txt	0.0	0.0
counts(Norminten<0.43999999999999984Normalized-SUMMARYCustomAlgos.tsv_min.txt	0.0	0.0
counts(Norminten<0.43999999999999984Normalized-SUMMARYCustomAlgos.tsv_q10.txt	0.0	0.0
counts(Norminten<0.43999999999999984Normalized-SUMMARYCustomAlgos.tsv_q25.txt	0.0	0.015323407651826049
counts(Norminten<0.43999999999999984Normalized-SUMMARYCustomAlgos.tsv_q75.txt	0.0	0.0
counts(Norminten<0.43999999999999984Normalized-SUMMARYCustomAlgos.tsv_q90.txt	0.0	0.0
counts(Norminten<0.43999999999999984Normalized-SUMMARYCustomAlgos.tsv_std.txt	0.0	0.008564922657422702
counts(Norminten<0.43999999999999984Normalized-SUMMARYCustomAlgos.tsv_var.txt	0.0	0.0
counts(Norminten<0.44999999999999984-SUMMARYCustomAlgos.tsv_std.txt	0.0	0.02649188784664913
counts(Norminten<0.44999999999999984-SUMMARYCustomAlgos.tsv_var.txt	0.0	0.015691007719950356
counts(Norminten<0.44999999999999984Normalized-SUMMARYCustomAlgos.tsv_max.txt	0.0	0.03076925875863079
counts(Norminten<0.44999999999999984Normalized-SUMMARYCustomAlgos.tsv_mean.txt	0.0	0.021727968985508106
counts(Norminten<0.44999999999999984Normalized-SUMMARYCustomAlgos.tsv_median.txt	0.0	0.07087067305661954
counts(Norminten<0.44999999999999984Normalized-SUMMARYCustomAlgos.tsv_min.txt	0.0	0.0
counts(Norminten<0.44999999999999984Normalized-SUMMARYCustomAlgos.tsv_q10.txt	0.0	0.0
counts(Norminten<0.46999999999999986Normalized-SUMMARYCustomAlgos.tsv_min.txt	0.0	0.0
counts(Norminten<0.46999999999999986Normalized-SUMMARYCustomAlgos.tsv_q25.txt	0.0	0.0
counts(Norminten<0.43999999999999984-SUMMARYCustomAlgos.tsv_std.txt	0.0	0.0
counts(Norminten<0.4999999999999998Normalized-SUMMARYCustomAlgos.tsv_max.txt	0.0	0.0
counts(Norminten<0.48999999999999977Normalized-SUMMARYCustomAlgos.tsv_q10.txt	0.0	0.09782386523550812
counts(Norminten<0.48999999999999977Normalized-SUMMARYCustomAlgos.tsv_q25.txt	0.0	0.0
counts(Norminten<0.48999999999999977Normalized-SUMMARYCustomAlgos.tsv_q75.txt	0.0	0.021018981212014953
counts(Norminten<0.48999999999999977Normalized-SUMMARYCustomAlgos.tsv_q90.txt	0.0	0.03522216306078185
counts(Norminten<0.48999999999999977Normalized-SUMMARYCustomAlgos.tsv_std.txt	0.0	0.05066843875581517
counts(Norminten<0.48999999999999977Normalized-SUMMARYCustomAlgos.tsv_var.txt	0.0	0.036566217153048086
counts(Norminten<0.4999999999999998-SUMMARYCustomAlgos.tsv_std.txt	0.0	0.0
counts(Norminten<0.4999999999999998-SUMMARYCustomAlgos.tsv_var.txt	0.0	0.012809336860880371
counts(Norminten<0.4999999999999998Normalized-SUMMARYCustomAlgos.tsv_mean.txt	0.0	0.0
counts(Norminten<0.46999999999999986Normalized-SUMMARYCustomAlgos.tsv_q75.txt	0.0	0.027627928825136205
counts(Norminten<0.4999999999999998Normalized-SUMMARYCustomAlgos.tsv_median.txt	0.0	0.0
counts(Norminten<0.4999999999999998Normalized-SUMMARYCustomAlgos.tsv_min.txt	0.0	0.0
counts(Norminten<0.4999999999999998Normalized-SUMMARYCustomAlgos.tsv_q10.txt	0.0	0.017572345542298695
counts(Norminten<0.4999999999999998Normalized-SUMMARYCustomAlgos.tsv_q25.txt	0.0	0.012805195715400952
counts(Norminten<0.4999999999999998Normalized-SUMMARYCustomAlgos.tsv_q75.txt	0.0	0.03750498407070246
counts(Norminten<0.4999999999999998Normalized-SUMMARYCustomAlgos.tsv_q90.txt	0.0	0.0
counts(Norminten<0.4999999999999998Normalized-SUMMARYCustomAlgos.tsv_std.txt	0.0	0.0
counts(Norminten<0.4999999999999998Normalized-SUMMARYCustomAlgos.tsv_var.txt	0.0	0.04512790027627478
counts(Norminten<0.48999999999999977Normalized-SUMMARYCustomAlgos.tsv_min.txt	0.0	0.00821153867006652
counts(Norminten<0.48999999999999977Normalized-SUMMARYCustomAlgos.tsv_median.txt	0.0	0.0
counts(Norminten<0.48999999999999977Normalized-SUMMARYCustomAlgos.tsv_mean.txt	0.0	0.007775012897572875
counts(Norminten<0.48999999999999977Normalized-SUMMARYCustomAlgos.tsv_max.txt	0.0	0.0168198535655244
counts(Norminten<0.46999999999999986Normalized-SUMMARYCustomAlgos.tsv_q90.txt	0.0	0.01803284770470981
counts(Norminten<0.46999999999999986Normalized-SUMMARYCustomAlgos.tsv_std.txt	0.0	0.015524417160922788
counts(Norminten<0.46999999999999986Normalized-SUMMARYCustomAlgos.tsv_var.txt	0.0	0.0
counts(Norminten<0.47999999999999976-SUMMARYCustomAlgos.tsv_std.txt	0.0	0.0
counts(Norminten<0.47999999999999976-SUMMARYCustomAlgos.tsv_var.txt	0.0	0.0
counts(Norminten<0.47999999999999976Normalized-SUMMARYCustomAlgos.tsv_max.txt	0.0	0.0
counts(Norminten<0.47999999999999976Normalized-SUMMARYCustomAlgos.tsv_mean.txt	0.0	0.029575150077337575
counts(Norminten<0.47999999999999976Normalized-SUMMARYCustomAlgos.tsv_median.txt	0.0	0.010470537293674198
counts(Norminten<0.47999999999999976Normalized-SUMMARYCustomAlgos.tsv_min.txt	0.0	0.0
counts(Norminten<0.47999999999999976Normalized-SUMMARYCustomAlgos.tsv_q10.txt	0.0	0.011607856927828841
counts(Norminten<0.47999999999999976Normalized-SUMMARYCustomAlgos.tsv_q25.txt	0.0	0.027298092425834586
counts(Norminten<0.47999999999999976Normalized-SUMMARYCustomAlgos.tsv_q75.txt	0.0	0.0
counts(Norminten<0.47999999999999976Normalized-SUMMARYCustomAlgos.tsv_q90.txt	0.0	0.0
counts(Norminten<0.47999999999999976Normalized-SUMMARYCustomAlgos.tsv_std.txt	0.0	0.0
counts(Norminten<0.47999999999999976Normalized-SUMMARYCustomAlgos.tsv_var.txt	0.0	0.0
counts(Norminten<0.48999999999999977-SUMMARYCustomAlgos.tsv_std.txt	0.0	0.0
counts(Norminten<0.48999999999999977-SUMMARYCustomAlgos.tsv_var.txt	0.0	0.016327339796720075
counts(Norminten<0.43999999999999984-SUMMARYCustomAlgos.tsv_var.txt	0.0	0.0
counts(Norminten<0.4299999999999998Normalized-SUMMARYCustomAlgos.tsv_var.txt	0.0	0.0
counts(Norminten<0.6499999999999997Normalized-SUMMARYCustomAlgos.tsv_median.txt	0.0	0.018166119669725145
counts(Norminten<0.3899999999999999Normalized-SUMMARYCustomAlgos.tsv_min.txt	0.0	0.013271600412398943
counts(Norminten<0.3799999999999999Normalized-SUMMARYCustomAlgos.tsv_q90.txt	0.0	0.0
counts(Norminten<0.3799999999999999Normalized-SUMMARYCustomAlgos.tsv_std.txt	0.0	0.0
counts(Norminten<0.3799999999999999Normalized-SUMMARYCustomAlgos.tsv_var.txt	0.0	0.03556035263447077
counts(Norminten<0.3899999999999999-SUMMARYCustomAlgos.tsv_std.txt	0.0	0.03571000063133978
counts(Norminten<0.3899999999999999-SUMMARYCustomAlgos.tsv_var.txt	0.0	0.057354123014992986
counts(Norminten<0.3899999999999999Normalized-SUMMARYCustomAlgos.tsv_max.txt	0.0	0.0
counts(Norminten<0.3899999999999999Normalized-SUMMARYCustomAlgos.tsv_mean.txt	0.0	0.006070828371847359
counts(Norminten<0.3899999999999999Normalized-SUMMARYCustomAlgos.tsv_median.txt	0.0	0.0
counts(Norminten<0.3899999999999999Normalized-SUMMARYCustomAlgos.tsv_q10.txt	0.0	0.0
counts(Norminten<0.3999999999999998Normalized-SUMMARYCustomAlgos.tsv_median.txt	0.0	0.06881833897143697
counts(Norminten<0.3899999999999999Normalized-SUMMARYCustomAlgos.tsv_q25.txt	0.0	0.0
counts(Norminten<0.3899999999999999Normalized-SUMMARYCustomAlgos.tsv_q75.txt	0.0	0.0
counts(Norminten<0.3899999999999999Normalized-SUMMARYCustomAlgos.tsv_q90.txt	0.0	0.0
counts(Norminten<0.3899999999999999Normalized-SUMMARYCustomAlgos.tsv_std.txt	0.0	0.001862565281008699
counts(Norminten<0.3899999999999999Normalized-SUMMARYCustomAlgos.tsv_var.txt	0.0	0.0
counts(Norminten<0.3999999999999998-SUMMARYCustomAlgos.tsv_std.txt	0.0	0.0
counts(Norminten<0.3999999999999998-SUMMARYCustomAlgos.tsv_var.txt	0.0	0.02037734547896708
counts(Norminten<0.3999999999999998Normalized-SUMMARYCustomAlgos.tsv_max.txt	0.0	0.0
counts(Norminten<0.3799999999999999Normalized-SUMMARYCustomAlgos.tsv_q75.txt	0.0	0.02374201660779285
counts(Norminten<0.3799999999999999Normalized-SUMMARYCustomAlgos.tsv_q25.txt	0.0	0.016843095241161343
counts(Norminten<0.3799999999999999Normalized-SUMMARYCustomAlgos.tsv_q10.txt	0.0	0.008428393570962811
counts(Norminten<0.3799999999999999Normalized-SUMMARYCustomAlgos.tsv_min.txt	0.0	0.0
counts(Norminten<0.3699999999999999-SUMMARYCustomAlgos.tsv_std.txt	0.0	0.0
counts(Norminten<0.3699999999999999-SUMMARYCustomAlgos.tsv_var.txt	0.0	0.010383972393368524
counts(Norminten<0.3699999999999999Normalized-SUMMARYCustomAlgos.tsv_max.txt	0.0	0.0
counts(Norminten<0.3699999999999999Normalized-SUMMARYCustomAlgos.tsv_mean.txt	0.0	0.003494293674397575
counts(Norminten<0.3699999999999999Normalized-SUMMARYCustomAlgos.tsv_median.txt	0.0	0.0
counts(Norminten<0.3699999999999999Normalized-SUMMARYCustomAlgos.tsv_min.txt	0.0	0.0
counts(Norminten<0.3699999999999999Normalized-SUMMARYCustomAlgos.tsv_q10.txt	0.0	0.0056968988907097895
counts(Norminten<0.3699999999999999Normalized-SUMMARYCustomAlgos.tsv_q25.txt	0.0	0.0
counts(Norminten<0.3699999999999999Normalized-SUMMARYCustomAlgos.tsv_q75.txt	0.0	0.009699238622547401
counts(Norminten<0.3699999999999999Normalized-SUMMARYCustomAlgos.tsv_q90.txt	0.0	0.031902204731450556
counts(Norminten<0.3699999999999999Normalized-SUMMARYCustomAlgos.tsv_std.txt	0.0	0.009671681243720087
counts(Norminten<0.3699999999999999Normalized-SUMMARYCustomAlgos.tsv_var.txt	0.0	0.0
counts(Norminten<0.3799999999999999-SUMMARYCustomAlgos.tsv_std.txt	0.0	0.0
counts(Norminten<0.3799999999999999-SUMMARYCustomAlgos.tsv_var.txt	0.0	0.01729042091197419
counts(Norminten<0.3799999999999999Normalized-SUMMARYCustomAlgos.tsv_max.txt	0.0	0.04261074669959264
counts(Norminten<0.3799999999999999Normalized-SUMMARYCustomAlgos.tsv_mean.txt	0.0	0.004414163890618106
counts(Norminten<0.3799999999999999Normalized-SUMMARYCustomAlgos.tsv_median.txt	0.0	0.0
counts(Norminten<0.3999999999999998Normalized-SUMMARYCustomAlgos.tsv_mean.txt	0.0	0.016019640561083293
counts(Norminten<0.3999999999999998Normalized-SUMMARYCustomAlgos.tsv_min.txt	0.0	0.0
counts(Norminten<0.4299999999999998Normalized-SUMMARYCustomAlgos.tsv_std.txt	0.0	0.0014490731929495126
counts(Norminten<0.4299999999999998-SUMMARYCustomAlgos.tsv_std.txt	0.0	0.0
counts(Norminten<0.4199999999999998Normalized-SUMMARYCustomAlgos.tsv_median.txt	0.0	0.0
counts(Norminten<0.4199999999999998Normalized-SUMMARYCustomAlgos.tsv_min.txt	0.0	0.0
counts(Norminten<0.4199999999999998Normalized-SUMMARYCustomAlgos.tsv_q10.txt	0.0	0.011113543131404668
counts(Norminten<0.4199999999999998Normalized-SUMMARYCustomAlgos.tsv_q25.txt	0.0	0.08306522298569474
counts(Norminten<0.4199999999999998Normalized-SUMMARYCustomAlgos.tsv_q75.txt	0.0	0.0
counts(Norminten<0.4199999999999998Normalized-SUMMARYCustomAlgos.tsv_q90.txt	0.0	0.0
counts(Norminten<0.4199999999999998Normalized-SUMMARYCustomAlgos.tsv_std.txt	0.0	0.04445320107633899
counts(Norminten<0.4199999999999998Normalized-SUMMARYCustomAlgos.tsv_var.txt	0.0	0.0
counts(Norminten<0.4299999999999998-SUMMARYCustomAlgos.tsv_var.txt	0.0	0.03665085974235405
counts(Norminten<0.3999999999999998Normalized-SUMMARYCustomAlgos.tsv_q10.txt	0.0	0.010805831184222736
counts(Norminten<0.4299999999999998Normalized-SUMMARYCustomAlgos.tsv_max.txt	0.0	0.06497276419120945
counts(Norminten<0.4299999999999998Normalized-SUMMARYCustomAlgos.tsv_mean.txt	0.0	0.0
counts(Norminten<0.4299999999999998Normalized-SUMMARYCustomAlgos.tsv_median.txt	0.0	0.0
counts(Norminten<0.4299999999999998Normalized-SUMMARYCustomAlgos.tsv_min.txt	0.0	0.01766965229512074
counts(Norminten<0.4299999999999998Normalized-SUMMARYCustomAlgos.tsv_q10.txt	0.0	0.0509636123193391
counts(Norminten<0.4299999999999998Normalized-SUMMARYCustomAlgos.tsv_q25.txt	0.0	0.0
counts(Norminten<0.4299999999999998Normalized-SUMMARYCustomAlgos.tsv_q75.txt	0.0	0.0
counts(Norminten<0.4299999999999998Normalized-SUMMARYCustomAlgos.tsv_q90.txt	0.0	0.000691571589481299
counts(Norminten<0.4199999999999998Normalized-SUMMARYCustomAlgos.tsv_mean.txt	0.0	0.0
counts(Norminten<0.4199999999999998Normalized-SUMMARYCustomAlgos.tsv_max.txt	0.0	0.027593899948098244
counts(Norminten<0.4199999999999998-SUMMARYCustomAlgos.tsv_var.txt	0.0	0.0
counts(Norminten<0.4199999999999998-SUMMARYCustomAlgos.tsv_std.txt	0.0	0.0779972381069185
counts(Norminten<0.3999999999999998Normalized-SUMMARYCustomAlgos.tsv_q25.txt	0.0	0.0
counts(Norminten<0.3999999999999998Normalized-SUMMARYCustomAlgos.tsv_q75.txt	0.0	0.0
counts(Norminten<0.3999999999999998Normalized-SUMMARYCustomAlgos.tsv_q90.txt	0.0	0.0
counts(Norminten<0.3999999999999998Normalized-SUMMARYCustomAlgos.tsv_std.txt	0.0	0.0311771559113021
counts(Norminten<0.3999999999999998Normalized-SUMMARYCustomAlgos.tsv_var.txt	0.0	0.03490903175367199
counts(Norminten<0.4099999999999998-SUMMARYCustomAlgos.tsv_std.txt	0.0	0.05196772390519211
counts(Norminten<0.4099999999999998-SUMMARYCustomAlgos.tsv_var.txt	0.0	0.008692371931063203
counts(Norminten<0.4099999999999998Normalized-SUMMARYCustomAlgos.tsv_max.txt	0.0	0.044452953500773607
counts(Norminten<0.4099999999999998Normalized-SUMMARYCustomAlgos.tsv_mean.txt	0.0	0.029556094501475005
counts(Norminten<0.4099999999999998Normalized-SUMMARYCustomAlgos.tsv_median.txt	0.0	0.01803861974240739
counts(Norminten<0.4099999999999998Normalized-SUMMARYCustomAlgos.tsv_min.txt	0.0	0.0
counts(Norminten<0.4099999999999998Normalized-SUMMARYCustomAlgos.tsv_q10.txt	0.0	0.0
counts(Norminten<0.4099999999999998Normalized-SUMMARYCustomAlgos.tsv_q25.txt	0.0	0.0
counts(Norminten<0.4099999999999998Normalized-SUMMARYCustomAlgos.tsv_q75.txt	0.0	0.0384321849019198
counts(Norminten<0.4099999999999998Normalized-SUMMARYCustomAlgos.tsv_q90.txt	0.0	0.0
counts(Norminten<0.4099999999999998Normalized-SUMMARYCustomAlgos.tsv_std.txt	0.0	0.022700343712446003
counts(Norminten<0.4099999999999998Normalized-SUMMARYCustomAlgos.tsv_var.txt	0.0	0.0
counts(Norminten<0.5099999999999998-SUMMARYCustomAlgos.tsv_std.txt	0.0	0.026196264338155473
counts(Norminten<0.5099999999999998-SUMMARYCustomAlgos.tsv_var.txt	0.0	0.005344659647873229
counts(Norminten<0.5099999999999998Normalized-SUMMARYCustomAlgos.tsv_max.txt	0.0	0.0448150025054499
counts(Norminten<0.5999999999999998Normalized-SUMMARYCustomAlgos.tsv_std.txt	0.0	0.012681090478802393
counts(Norminten<0.5999999999999998Normalized-SUMMARYCustomAlgos.tsv_max.txt	0.0	0.02691704173928766
counts(Norminten<0.5999999999999998Normalized-SUMMARYCustomAlgos.tsv_mean.txt	0.0	0.0
counts(Norminten<0.5999999999999998Normalized-SUMMARYCustomAlgos.tsv_median.txt	0.0	0.03528652168897217
counts(Norminten<0.5999999999999998Normalized-SUMMARYCustomAlgos.tsv_min.txt	0.0	0.019877346414046038
counts(Norminten<0.5999999999999998Normalized-SUMMARYCustomAlgos.tsv_q10.txt	0.0	0.04456735770140963
counts(Norminten<0.5999999999999998Normalized-SUMMARYCustomAlgos.tsv_q25.txt	0.0	0.0
counts(Norminten<0.5999999999999998Normalized-SUMMARYCustomAlgos.tsv_q75.txt	0.0	0.03325833402023104
counts(Norminten<0.5999999999999998Normalized-SUMMARYCustomAlgos.tsv_q90.txt	0.0	0.019463935365352292
counts(Norminten<0.5999999999999998Normalized-SUMMARYCustomAlgos.tsv_var.txt	0.0	0.0
counts(Norminten<0.6099999999999998Normalized-SUMMARYCustomAlgos.tsv_q90.txt	0.0	0.0
counts(Norminten<0.6099999999999998-SUMMARYCustomAlgos.tsv_std.txt	0.0	0.02466004358168261
counts(Norminten<0.6099999999999998-SUMMARYCustomAlgos.tsv_var.txt	0.0	0.0
counts(Norminten<0.6099999999999998Normalized-SUMMARYCustomAlgos.tsv_max.txt	0.0	0.0
counts(Norminten<0.6099999999999998Normalized-SUMMARYCustomAlgos.tsv_mean.txt	0.0	0.0
counts(Norminten<0.6099999999999998Normalized-SUMMARYCustomAlgos.tsv_median.txt	0.0	0.0032844250949830567
counts(Norminten<0.6099999999999998Normalized-SUMMARYCustomAlgos.tsv_min.txt	0.0	0.0
counts(Norminten<0.6099999999999998Normalized-SUMMARYCustomAlgos.tsv_q10.txt	0.0	0.0
counts(Norminten<0.6099999999999998Normalized-SUMMARYCustomAlgos.tsv_q25.txt	0.0	0.0
counts(Norminten<0.5999999999999998-SUMMARYCustomAlgos.tsv_var.txt	0.0	0.0
counts(Norminten<0.5999999999999998-SUMMARYCustomAlgos.tsv_std.txt	0.0	0.0
counts(Norminten<0.5899999999999997Normalized-SUMMARYCustomAlgos.tsv_var.txt	0.0	0.002652724458334088
counts(Norminten<0.5899999999999997Normalized-SUMMARYCustomAlgos.tsv_std.txt	0.0	0.013530153377683707
counts(Norminten<0.5799999999999997Normalized-SUMMARYCustomAlgos.tsv_min.txt	0.0	0.011460004307074279
counts(Norminten<0.5799999999999997Normalized-SUMMARYCustomAlgos.tsv_q10.txt	0.0	0.026388074353183466
counts(Norminten<0.5799999999999997Normalized-SUMMARYCustomAlgos.tsv_q25.txt	0.0	0.0
counts(Norminten<0.5799999999999997Normalized-SUMMARYCustomAlgos.tsv_q75.txt	0.0	0.07211509434149699
counts(Norminten<0.5799999999999997Normalized-SUMMARYCustomAlgos.tsv_q90.txt	0.0	0.0
counts(Norminten<0.5799999999999997Normalized-SUMMARYCustomAlgos.tsv_std.txt	0.0	0.017406061223478986
counts(Norminten<0.5799999999999997Normalized-SUMMARYCustomAlgos.tsv_var.txt	0.0	0.00031193231445358904
counts(Norminten<0.5899999999999997-SUMMARYCustomAlgos.tsv_std.txt	0.0	0.02176155483546971
counts(Norminten<0.5899999999999997-SUMMARYCustomAlgos.tsv_var.txt	0.0	0.0
counts(Norminten<0.5899999999999997Normalized-SUMMARYCustomAlgos.tsv_max.txt	0.0	0.0
counts(Norminten<0.5899999999999997Normalized-SUMMARYCustomAlgos.tsv_mean.txt	0.0	0.0
counts(Norminten<0.5899999999999997Normalized-SUMMARYCustomAlgos.tsv_median.txt	0.0	0.006004463124117176
counts(Norminten<0.5899999999999997Normalized-SUMMARYCustomAlgos.tsv_min.txt	0.0	0.0
counts(Norminten<0.5899999999999997Normalized-SUMMARYCustomAlgos.tsv_q10.txt	0.0	0.003130751431188905
counts(Norminten<0.5899999999999997Normalized-SUMMARYCustomAlgos.tsv_q25.txt	0.0	0.0
counts(Norminten<0.5899999999999997Normalized-SUMMARYCustomAlgos.tsv_q75.txt	0.0	0.01890330272277918
counts(Norminten<0.5899999999999997Normalized-SUMMARYCustomAlgos.tsv_q90.txt	0.0	0.015740757000545447
counts(Norminten<0.6099999999999998Normalized-SUMMARYCustomAlgos.tsv_q75.txt	0.0	0.030555645248928176
counts(Norminten<0.6099999999999998Normalized-SUMMARYCustomAlgos.tsv_std.txt	0.0	0.07627877083401557
counts(Norminten<0.5099999999999998Normalized-SUMMARYCustomAlgos.tsv_mean.txt	0.0	0.004965865421860283
counts(Norminten<0.6399999999999997Normalized-SUMMARYCustomAlgos.tsv_min.txt	0.0	0.009501648280517916
counts(Norminten<0.6299999999999997Normalized-SUMMARYCustomAlgos.tsv_q90.txt	0.0	0.0
counts(Norminten<0.6299999999999997Normalized-SUMMARYCustomAlgos.tsv_std.txt	0.0	0.010049626315198346
counts(Norminten<0.6299999999999997Normalized-SUMMARYCustomAlgos.tsv_var.txt	0.0	0.04907589765605458
counts(Norminten<0.6399999999999997-SUMMARYCustomAlgos.tsv_std.txt	0.0	0.0
counts(Norminten<0.6399999999999997-SUMMARYCustomAlgos.tsv_var.txt	0.0	0.012274431178583622
counts(Norminten<0.6399999999999997Normalized-SUMMARYCustomAlgos.tsv_max.txt	0.0	0.035407844848959424
counts(Norminten<0.6399999999999997Normalized-SUMMARYCustomAlgos.tsv_mean.txt	0.0	0.03183719688286102
counts(Norminten<0.6399999999999997Normalized-SUMMARYCustomAlgos.tsv_median.txt	0.0	0.018827862920400396
counts(Norminten<0.6399999999999997Normalized-SUMMARYCustomAlgos.tsv_q10.txt	0.0	0.0
counts(Norminten<0.6099999999999998Normalized-SUMMARYCustomAlgos.tsv_var.txt	0.0	0.018707845443626248
counts(Norminten<0.6399999999999997Normalized-SUMMARYCustomAlgos.tsv_q25.txt	0.0	0.0
counts(Norminten<0.6399999999999997Normalized-SUMMARYCustomAlgos.tsv_q75.txt	0.0	0.027787784527762316
counts(Norminten<0.6399999999999997Normalized-SUMMARYCustomAlgos.tsv_q90.txt	0.0	0.0
counts(Norminten<0.6399999999999997Normalized-SUMMARYCustomAlgos.tsv_std.txt	0.0	0.0
counts(Norminten<0.6399999999999997Normalized-SUMMARYCustomAlgos.tsv_var.txt	0.0	0.0
counts(Norminten<0.6499999999999997-SUMMARYCustomAlgos.tsv_std.txt	0.0	0.0
counts(Norminten<0.6499999999999997-SUMMARYCustomAlgos.tsv_var.txt	0.0	0.0
counts(Norminten<0.6499999999999997Normalized-SUMMARYCustomAlgos.tsv_max.txt	0.0	0.025076671897534375
counts(Norminten<0.6299999999999997Normalized-SUMMARYCustomAlgos.tsv_q75.txt	0.0	0.06295327895814928
counts(Norminten<0.6299999999999997Normalized-SUMMARYCustomAlgos.tsv_q25.txt	0.0	0.0
counts(Norminten<0.6299999999999997Normalized-SUMMARYCustomAlgos.tsv_q10.txt	0.0	0.0
counts(Norminten<0.6299999999999997Normalized-SUMMARYCustomAlgos.tsv_min.txt	0.0	0.0071655126369138955
counts(Norminten<0.6199999999999998-SUMMARYCustomAlgos.tsv_std.txt	0.0	0.016448573630650554
counts(Norminten<0.6199999999999998-SUMMARYCustomAlgos.tsv_var.txt	0.0	0.0
counts(Norminten<0.6199999999999998Normalized-SUMMARYCustomAlgos.tsv_max.txt	0.0	0.015567080191759342
counts(Norminten<0.6199999999999998Normalized-SUMMARYCustomAlgos.tsv_mean.txt	0.0	0.02777963814540385
counts(Norminten<0.6199999999999998Normalized-SUMMARYCustomAlgos.tsv_median.txt	0.0	0.03612577820578533
counts(Norminten<0.6199999999999998Normalized-SUMMARYCustomAlgos.tsv_min.txt	0.0	0.07831627115860984
counts(Norminten<0.6199999999999998Normalized-SUMMARYCustomAlgos.tsv_q10.txt	0.0	0.0
counts(Norminten<0.6199999999999998Normalized-SUMMARYCustomAlgos.tsv_q25.txt	0.0	0.0
counts(Norminten<0.6199999999999998Normalized-SUMMARYCustomAlgos.tsv_q75.txt	0.0	0.03397813866939803
counts(Norminten<0.6199999999999998Normalized-SUMMARYCustomAlgos.tsv_q90.txt	0.0	0.0
counts(Norminten<0.6199999999999998Normalized-SUMMARYCustomAlgos.tsv_std.txt	0.0	0.0
counts(Norminten<0.6199999999999998Normalized-SUMMARYCustomAlgos.tsv_var.txt	0.0	0.02311718653508832
counts(Norminten<0.6299999999999997-SUMMARYCustomAlgos.tsv_std.txt	0.0	0.0023788582207409092
counts(Norminten<0.6299999999999997-SUMMARYCustomAlgos.tsv_var.txt	0.0	0.0
counts(Norminten<0.6299999999999997Normalized-SUMMARYCustomAlgos.tsv_max.txt	0.0	0.02339064260012158
counts(Norminten<0.6299999999999997Normalized-SUMMARYCustomAlgos.tsv_mean.txt	0.0	0.0
counts(Norminten<0.6299999999999997Normalized-SUMMARYCustomAlgos.tsv_median.txt	0.0	0.024997743933006245
counts(Norminten<0.5799999999999997Normalized-SUMMARYCustomAlgos.tsv_median.txt	0.0	0.00987902607665081
counts(Norminten<0.5799999999999997Normalized-SUMMARYCustomAlgos.tsv_mean.txt	0.0	0.015517822969296713
counts(Norminten<0.5799999999999997Normalized-SUMMARYCustomAlgos.tsv_max.txt	0.0	0.0
counts(Norminten<0.5299999999999998Normalized-SUMMARYCustomAlgos.tsv_q90.txt	0.0	0.012889260567412464
counts(Norminten<0.5299999999999998-SUMMARYCustomAlgos.tsv_var.txt	0.0	0.0
counts(Norminten<0.5299999999999998Normalized-SUMMARYCustomAlgos.tsv_max.txt	0.0	0.0
counts(Norminten<0.5299999999999998Normalized-SUMMARYCustomAlgos.tsv_mean.txt	0.0	0.013726575839926536
counts(Norminten<0.5299999999999998Normalized-SUMMARYCustomAlgos.tsv_median.txt	0.0	0.0
counts(Norminten<0.5299999999999998Normalized-SUMMARYCustomAlgos.tsv_min.txt	0.0	0.0
counts(Norminten<0.5299999999999998Normalized-SUMMARYCustomAlgos.tsv_q10.txt	0.0	0.0
counts(Norminten<0.5299999999999998Normalized-SUMMARYCustomAlgos.tsv_q25.txt	0.0	0.012612530552550183
counts(Norminten<0.5299999999999998Normalized-SUMMARYCustomAlgos.tsv_q75.txt	0.0	0.01661152012837208
counts(Norminten<0.5299999999999998Normalized-SUMMARYCustomAlgos.tsv_std.txt	0.0	0.0358859429864844
counts(Norminten<0.5799999999999997-SUMMARYCustomAlgos.tsv_var.txt	0.0	0.0
counts(Norminten<0.5299999999999998Normalized-SUMMARYCustomAlgos.tsv_var.txt	0.0	0.0
counts(Norminten<0.5399999999999998-SUMMARYCustomAlgos.tsv_std.txt	0.0	0.0
counts(Norminten<0.5399999999999998-SUMMARYCustomAlgos.tsv_var.txt	0.0	0.0
counts(Norminten<0.5399999999999998Normalized-SUMMARYCustomAlgos.tsv_max.txt	0.0	0.0
counts(Norminten<0.5399999999999998Normalized-SUMMARYCustomAlgos.tsv_mean.txt	0.0	0.013514456937567143
counts(Norminten<0.5399999999999998Normalized-SUMMARYCustomAlgos.tsv_median.txt	0.0	0.0
counts(Norminten<0.5399999999999998Normalized-SUMMARYCustomAlgos.tsv_min.txt	0.0	0.0
counts(Norminten<0.5399999999999998Normalized-SUMMARYCustomAlgos.tsv_q10.txt	0.0	0.0
counts(Norminten<0.5299999999999998-SUMMARYCustomAlgos.tsv_std.txt	0.0	0.0
counts(Norminten<0.5199999999999998Normalized-SUMMARYCustomAlgos.tsv_var.txt	0.0	0.0
counts(Norminten<0.5199999999999998Normalized-SUMMARYCustomAlgos.tsv_std.txt	0.0	0.02537244306193731
counts(Norminten<0.5199999999999998Normalized-SUMMARYCustomAlgos.tsv_q90.txt	0.0	0.0
counts(Norminten<0.5099999999999998Normalized-SUMMARYCustomAlgos.tsv_median.txt	0.0	0.0
counts(Norminten<0.5099999999999998Normalized-SUMMARYCustomAlgos.tsv_min.txt	0.0	0.045037312011443564
counts(Norminten<0.5099999999999998Normalized-SUMMARYCustomAlgos.tsv_q10.txt	0.0	0.058493139520333415
counts(Norminten<0.5099999999999998Normalized-SUMMARYCustomAlgos.tsv_q25.txt	0.0	0.034538688804480966
counts(Norminten<0.5099999999999998Normalized-SUMMARYCustomAlgos.tsv_q75.txt	0.0	0.0
counts(Norminten<0.5099999999999998Normalized-SUMMARYCustomAlgos.tsv_q90.txt	0.0	0.0
counts(Norminten<0.5099999999999998Normalized-SUMMARYCustomAlgos.tsv_std.txt	0.0	0.017458765359743555
counts(Norminten<0.5099999999999998Normalized-SUMMARYCustomAlgos.tsv_var.txt	0.0	0.0
counts(Norminten<0.5199999999999998-SUMMARYCustomAlgos.tsv_std.txt	0.0	0.0
counts(Norminten<0.5199999999999998-SUMMARYCustomAlgos.tsv_var.txt	0.0	0.018784241454517847
counts(Norminten<0.5199999999999998Normalized-SUMMARYCustomAlgos.tsv_max.txt	0.0	0.0
counts(Norminten<0.5199999999999998Normalized-SUMMARYCustomAlgos.tsv_mean.txt	0.0	0.0
counts(Norminten<0.5199999999999998Normalized-SUMMARYCustomAlgos.tsv_median.txt	0.0	0.0
counts(Norminten<0.5199999999999998Normalized-SUMMARYCustomAlgos.tsv_min.txt	0.0	0.0
counts(Norminten<0.5199999999999998Normalized-SUMMARYCustomAlgos.tsv_q10.txt	0.0	0.0
counts(Norminten<0.5199999999999998Normalized-SUMMARYCustomAlgos.tsv_q25.txt	0.0	0.01937029551634195
counts(Norminten<0.5199999999999998Normalized-SUMMARYCustomAlgos.tsv_q75.txt	0.0	0.0
counts(Norminten<0.5399999999999998Normalized-SUMMARYCustomAlgos.tsv_q25.txt	0.0	0.0
counts(Norminten<0.5399999999999998Normalized-SUMMARYCustomAlgos.tsv_q75.txt	0.0	0.0
counts(Norminten<0.5399999999999998Normalized-SUMMARYCustomAlgos.tsv_q90.txt	0.0	0.0
counts(Norminten<0.5599999999999997Normalized-SUMMARYCustomAlgos.tsv_q10.txt	0.0	0.0
counts(Norminten<0.5599999999999997Normalized-SUMMARYCustomAlgos.tsv_q75.txt	0.0	0.0
counts(Norminten<0.5599999999999997Normalized-SUMMARYCustomAlgos.tsv_q90.txt	0.0	0.0
counts(Norminten<0.5599999999999997Normalized-SUMMARYCustomAlgos.tsv_std.txt	0.0	0.0
counts(Norminten<0.5599999999999997Normalized-SUMMARYCustomAlgos.tsv_var.txt	0.0	0.0
counts(Norminten<0.5699999999999997-SUMMARYCustomAlgos.tsv_std.txt	0.0	0.011802678019012358
counts(Norminten<0.5699999999999997-SUMMARYCustomAlgos.tsv_var.txt	0.0	0.0
counts(Norminten<0.5699999999999997Normalized-SUMMARYCustomAlgos.tsv_max.txt	0.0	0.0
counts(Norminten<0.5699999999999997Normalized-SUMMARYCustomAlgos.tsv_mean.txt	0.0	0.04224250565521448
counts(Norminten<0.5699999999999997Normalized-SUMMARYCustomAlgos.tsv_median.txt	0.0	0.03050592052186163
counts(Norminten<0.5699999999999997Normalized-SUMMARYCustomAlgos.tsv_min.txt	0.0	0.0
counts(Norminten<0.5699999999999997Normalized-SUMMARYCustomAlgos.tsv_q10.txt	0.0	0.0
counts(Norminten<0.5699999999999997Normalized-SUMMARYCustomAlgos.tsv_q25.txt	0.0	0.04498495901570854
counts(Norminten<0.5699999999999997Normalized-SUMMARYCustomAlgos.tsv_q75.txt	0.0	0.04845499324050362
counts(Norminten<0.5699999999999997Normalized-SUMMARYCustomAlgos.tsv_q90.txt	0.0	0.0
counts(Norminten<0.5699999999999997Normalized-SUMMARYCustomAlgos.tsv_std.txt	0.0	0.03694154577245223
counts(Norminten<0.5699999999999997Normalized-SUMMARYCustomAlgos.tsv_var.txt	0.0	0.021912413369165495
counts(Norminten<0.5799999999999997-SUMMARYCustomAlgos.tsv_std.txt	0.0	0.026663492017822144
counts(Norminten<0.5599999999999997Normalized-SUMMARYCustomAlgos.tsv_q25.txt	0.0	0.0
counts(Norminten<0.5599999999999997Normalized-SUMMARYCustomAlgos.tsv_min.txt	0.0	0.054430346001899554
counts(Norminten<0.5399999999999998Normalized-SUMMARYCustomAlgos.tsv_std.txt	0.0	0.019755493616368636
counts(Norminten<0.5599999999999997Normalized-SUMMARYCustomAlgos.tsv_median.txt	0.0	0.0
counts(Norminten<0.5399999999999998Normalized-SUMMARYCustomAlgos.tsv_var.txt	0.0	0.0
counts(Norminten<0.5499999999999998-SUMMARYCustomAlgos.tsv_std.txt	0.0	0.0
counts(Norminten<0.5499999999999998-SUMMARYCustomAlgos.tsv_var.txt	0.0	0.0
counts(Norminten<0.5499999999999998Normalized-SUMMARYCustomAlgos.tsv_max.txt	0.0	0.0
counts(Norminten<0.5499999999999998Normalized-SUMMARYCustomAlgos.tsv_mean.txt	0.0	0.004360035675505358
counts(Norminten<0.5499999999999998Normalized-SUMMARYCustomAlgos.tsv_median.txt	0.0	0.0
counts(Norminten<0.5499999999999998Normalized-SUMMARYCustomAlgos.tsv_min.txt	0.0	0.08550417791737841
counts(Norminten<0.5499999999999998Normalized-SUMMARYCustomAlgos.tsv_q10.txt	0.0	0.004058177891036685
counts(Norminten<0.5499999999999998Normalized-SUMMARYCustomAlgos.tsv_q25.txt	0.0	0.07194050447898315
counts(Norminten<0.5499999999999998Normalized-SUMMARYCustomAlgos.tsv_q75.txt	0.0	0.0
counts(Norminten<0.5499999999999998Normalized-SUMMARYCustomAlgos.tsv_q90.txt	0.0	0.0
counts(Norminten<0.5499999999999998Normalized-SUMMARYCustomAlgos.tsv_std.txt	0.0	0.014351131036483444
counts(Norminten<0.5499999999999998Normalized-SUMMARYCustomAlgos.tsv_var.txt	0.0	3.585722416543646e-05
counts(Norminten<0.5599999999999997-SUMMARYCustomAlgos.tsv_std.txt	0.0	0.0
counts(Norminten<0.5599999999999997-SUMMARYCustomAlgos.tsv_var.txt	0.0	0.0023057462009639096
counts(Norminten<0.5599999999999997Normalized-SUMMARYCustomAlgos.tsv_max.txt	0.0	0.0
counts(Norminten<0.5599999999999997Normalized-SUMMARYCustomAlgos.tsv_mean.txt	0.0	0.0011020015178297982
counts(Norminten<0.3599999999999999Normalized-SUMMARYCustomAlgos.tsv_var.txt	0.0	0.0
counts(Norminten<0.3599999999999999Normalized-SUMMARYCustomAlgos.tsv_std.txt	0.0	0.036418603808915595
counts(Norminten<0.3599999999999999Normalized-SUMMARYCustomAlgos.tsv_q90.txt	0.0	0.0
counts(Norminten<0.17999999999999997Normalized-SUMMARYCustomAlgos.tsv_std.txt	0.0	0.00022363889246479474
counts(Norminten<0.17999999999999997Normalized-SUMMARYCustomAlgos.tsv_max.txt	0.0	0.0
counts(Norminten<0.17999999999999997Normalized-SUMMARYCustomAlgos.tsv_mean.txt	0.0	0.002861763428077868
counts(Norminten<0.17999999999999997Normalized-SUMMARYCustomAlgos.tsv_median.txt	0.0	0.006615375063503404
counts(Norminten<0.17999999999999997Normalized-SUMMARYCustomAlgos.tsv_min.txt	0.0	0.0
counts(Norminten<0.17999999999999997Normalized-SUMMARYCustomAlgos.tsv_q10.txt	0.0	0.02355505512026035
counts(Norminten<0.17999999999999997Normalized-SUMMARYCustomAlgos.tsv_q25.txt	0.0	0.06006761629877655
counts(Norminten<0.17999999999999997Normalized-SUMMARYCustomAlgos.tsv_q75.txt	0.0	0.006000000892991686
counts(Norminten<0.17999999999999997Normalized-SUMMARYCustomAlgos.tsv_q90.txt	0.0	0.0
counts(Norminten<0.17999999999999997Normalized-SUMMARYCustomAlgos.tsv_var.txt	0.0	0.02193942490466272
counts(Norminten<0.18999999999999995Normalized-SUMMARYCustomAlgos.tsv_q90.txt	0.0	0.0
counts(Norminten<0.18999999999999995-SUMMARYCustomAlgos.tsv_std.txt	0.0	0.004998158132283326
counts(Norminten<0.18999999999999995-SUMMARYCustomAlgos.tsv_var.txt	0.0	0.035736089792879344
counts(Norminten<0.18999999999999995Normalized-SUMMARYCustomAlgos.tsv_max.txt	0.0	0.0
counts(Norminten<0.18999999999999995Normalized-SUMMARYCustomAlgos.tsv_mean.txt	0.0	0.019143496228517964
counts(Norminten<0.18999999999999995Normalized-SUMMARYCustomAlgos.tsv_median.txt	0.0	0.0
counts(Norminten<0.18999999999999995Normalized-SUMMARYCustomAlgos.tsv_min.txt	0.0	0.002551124235487201
counts(Norminten<0.18999999999999995Normalized-SUMMARYCustomAlgos.tsv_q10.txt	0.0	0.02824436004193842
counts(Norminten<0.18999999999999995Normalized-SUMMARYCustomAlgos.tsv_q25.txt	0.0	0.0
counts(Norminten<0.17999999999999997-SUMMARYCustomAlgos.tsv_var.txt	0.0	0.00035021179580096984
counts(Norminten<0.17999999999999997-SUMMARYCustomAlgos.tsv_std.txt	0.0	0.05774164890843858
counts(Norminten<0.16999999999999998Normalized-SUMMARYCustomAlgos.tsv_var.txt	0.0	0.03781596514392849
counts(Norminten<0.16999999999999998Normalized-SUMMARYCustomAlgos.tsv_std.txt	0.0	0.0
counts(Norminten<0.15999999999999998Normalized-SUMMARYCustomAlgos.tsv_min.txt	0.0	0.0
counts(Norminten<0.15999999999999998Normalized-SUMMARYCustomAlgos.tsv_q10.txt	0.0	0.0
counts(Norminten<0.15999999999999998Normalized-SUMMARYCustomAlgos.tsv_q25.txt	0.0	0.0
counts(Norminten<0.15999999999999998Normalized-SUMMARYCustomAlgos.tsv_q75.txt	0.0	0.0
counts(Norminten<0.15999999999999998Normalized-SUMMARYCustomAlgos.tsv_q90.txt	0.0	0.0
counts(Norminten<0.15999999999999998Normalized-SUMMARYCustomAlgos.tsv_std.txt	0.0	0.012586601913435302
counts(Norminten<0.15999999999999998Normalized-SUMMARYCustomAlgos.tsv_var.txt	0.0	0.0
counts(Norminten<0.16999999999999998-SUMMARYCustomAlgos.tsv_std.txt	0.0	0.032622558855282424
counts(Norminten<0.16999999999999998-SUMMARYCustomAlgos.tsv_var.txt	0.0	0.014896407042225945
counts(Norminten<0.16999999999999998Normalized-SUMMARYCustomAlgos.tsv_max.txt	0.0	0.0
counts(Norminten<0.16999999999999998Normalized-SUMMARYCustomAlgos.tsv_mean.txt	0.0	0.014909046440768847
counts(Norminten<0.16999999999999998Normalized-SUMMARYCustomAlgos.tsv_median.txt	0.0	0.0
counts(Norminten<0.16999999999999998Normalized-SUMMARYCustomAlgos.tsv_min.txt	0.0	0.0
counts(Norminten<0.16999999999999998Normalized-SUMMARYCustomAlgos.tsv_q10.txt	0.0	0.002375970717244602
counts(Norminten<0.16999999999999998Normalized-SUMMARYCustomAlgos.tsv_q25.txt	0.0	0.0
counts(Norminten<0.16999999999999998Normalized-SUMMARYCustomAlgos.tsv_q75.txt	0.0	0.04669908729650141
counts(Norminten<0.16999999999999998Normalized-SUMMARYCustomAlgos.tsv_q90.txt	0.0	0.0
counts(Norminten<0.18999999999999995Normalized-SUMMARYCustomAlgos.tsv_q75.txt	0.0	0.050521438665051654
counts(Norminten<0.18999999999999995Normalized-SUMMARYCustomAlgos.tsv_std.txt	0.0	0.0
counts(Norminten<0.21999999999999995Normalized-SUMMARYCustomAlgos.tsv_q10.txt	0.0	0.0
counts(Norminten<0.20999999999999996Normalized-SUMMARYCustomAlgos.tsv_q25.txt	0.0	0.05216818440960447
counts(Norminten<0.1Normalized-SUMMARYCustomAlgos.tsv_var.txt	0.0	0.05501244185565346
counts(Norminten<0.20999999999999996-SUMMARYCustomAlgos.tsv_std.txt	0.0	0.0
counts(Norminten<0.20999999999999996-SUMMARYCustomAlgos.tsv_var.txt	0.0	0.0
counts(Norminten<0.20999999999999996Normalized-SUMMARYCustomAlgos.tsv_max.txt	0.0	0.022457004462590024
counts(Norminten<0.20999999999999996Normalized-SUMMARYCustomAlgos.tsv_mean.txt	0.0	0.0
counts(Norminten<0.20999999999999996Normalized-SUMMARYCustomAlgos.tsv_median.txt	0.0	0.0
counts(Norminten<0.20999999999999996Normalized-SUMMARYCustomAlgos.tsv_min.txt	0.0	0.002272430481663257
counts(Norminten<0.20999999999999996Normalized-SUMMARYCustomAlgos.tsv_q10.txt	0.0	0.0
counts(Norminten<0.20999999999999996Normalized-SUMMARYCustomAlgos.tsv_q75.txt	0.0	0.0
counts(Norminten<0.18999999999999995Normalized-SUMMARYCustomAlgos.tsv_var.txt	0.0	0.0
counts(Norminten<0.20999999999999996Normalized-SUMMARYCustomAlgos.tsv_q90.txt	0.0	0.0
counts(Norminten<0.20999999999999996Normalized-SUMMARYCustomAlgos.tsv_std.txt	0.0	0.0065125535755345965
counts(Norminten<0.20999999999999996Normalized-SUMMARYCustomAlgos.tsv_var.txt	0.0	0.0
counts(Norminten<0.21999999999999995-SUMMARYCustomAlgos.tsv_std.txt	0.0	0.003021069529470566
counts(Norminten<0.21999999999999995-SUMMARYCustomAlgos.tsv_var.txt	0.0	0.0060735312276660736
counts(Norminten<0.21999999999999995Normalized-SUMMARYCustomAlgos.tsv_max.txt	0.0	0.00047250125145259503
counts(Norminten<0.21999999999999995Normalized-SUMMARYCustomAlgos.tsv_mean.txt	0.0	0.0011333356675029549
counts(Norminten<0.21999999999999995Normalized-SUMMARYCustomAlgos.tsv_median.txt	0.0	0.0
counts(Norminten<0.1Normalized-SUMMARYCustomAlgos.tsv_std.txt	0.0	0.008993673290054627
counts(Norminten<0.1Normalized-SUMMARYCustomAlgos.tsv_q90.txt	0.0	0.0
counts(Norminten<0.1Normalized-SUMMARYCustomAlgos.tsv_q75.txt	0.0	0.030673922699453904
counts(Norminten<0.1Normalized-SUMMARYCustomAlgos.tsv_q25.txt	0.0	0.006604640810247364
counts(Norminten<0.19999999999999996-SUMMARYCustomAlgos.tsv_std.txt	0.0	0.005919507972892646
counts(Norminten<0.19999999999999996-SUMMARYCustomAlgos.tsv_var.txt	0.0	0.017050239239206455
counts(Norminten<0.19999999999999996Normalized-SUMMARYCustomAlgos.tsv_max.txt	0.0	0.0021956296266600894
counts(Norminten<0.19999999999999996Normalized-SUMMARYCustomAlgos.tsv_mean.txt	0.0	0.014058588490769353
counts(Norminten<0.19999999999999996Normalized-SUMMARYCustomAlgos.tsv_median.txt	0.0	0.0
counts(Norminten<0.19999999999999996Normalized-SUMMARYCustomAlgos.tsv_min.txt	0.0	0.0
counts(Norminten<0.19999999999999996Normalized-SUMMARYCustomAlgos.tsv_q10.txt	0.0	0.041123201817758304
counts(Norminten<0.19999999999999996Normalized-SUMMARYCustomAlgos.tsv_q25.txt	0.0	0.032750306349688785
counts(Norminten<0.19999999999999996Normalized-SUMMARYCustomAlgos.tsv_q75.txt	0.0	0.05803446216149544
counts(Norminten<0.19999999999999996Normalized-SUMMARYCustomAlgos.tsv_q90.txt	0.0	0.0
counts(Norminten<0.19999999999999996Normalized-SUMMARYCustomAlgos.tsv_std.txt	0.0	0.0
counts(Norminten<0.19999999999999996Normalized-SUMMARYCustomAlgos.tsv_var.txt	0.0	0.0
counts(Norminten<0.1Normalized-SUMMARYCustomAlgos.tsv_max.txt	0.0	0.0
counts(Norminten<0.1Normalized-SUMMARYCustomAlgos.tsv_mean.txt	0.0	0.0
counts(Norminten<0.1Normalized-SUMMARYCustomAlgos.tsv_median.txt	0.0	0.0
counts(Norminten<0.1Normalized-SUMMARYCustomAlgos.tsv_min.txt	0.0	0.007580086884479975
counts(Norminten<0.1Normalized-SUMMARYCustomAlgos.tsv_q10.txt	0.0	0.05121879363503545
counts(Norminten<0.15999999999999998Normalized-SUMMARYCustomAlgos.tsv_median.txt	0.0	0.04191953949269411
counts(Norminten<0.15999999999999998Normalized-SUMMARYCustomAlgos.tsv_mean.txt	0.0	0.0
counts(Norminten<0.15999999999999998Normalized-SUMMARYCustomAlgos.tsv_max.txt	0.0	0.0
counts(Norminten<0.11Normalized-SUMMARYCustomAlgos.tsv_q90.txt	0.0	0.0335346886684178
counts(Norminten<0.11-SUMMARYCustomAlgos.tsv_var.txt	0.0	0.011186099770493563
counts(Norminten<0.11Normalized-SUMMARYCustomAlgos.tsv_max.txt	0.0	0.023879293462478746
counts(Norminten<0.11Normalized-SUMMARYCustomAlgos.tsv_mean.txt	0.0	0.0
counts(Norminten<0.11Normalized-SUMMARYCustomAlgos.tsv_median.txt	0.0	0.007471128340755584
counts(Norminten<0.11Normalized-SUMMARYCustomAlgos.tsv_min.txt	0.0	0.01993598203808844
counts(Norminten<0.11Normalized-SUMMARYCustomAlgos.tsv_q10.txt	0.0	0.0
counts(Norminten<0.11Normalized-SUMMARYCustomAlgos.tsv_q25.txt	0.0	0.0
counts(Norminten<0.11Normalized-SUMMARYCustomAlgos.tsv_q75.txt	0.0	0.0
counts(Norminten<0.11Normalized-SUMMARYCustomAlgos.tsv_std.txt	0.0	0.0
counts(Norminten<0.15999999999999998-SUMMARYCustomAlgos.tsv_var.txt	0.0	0.009553072026406095
counts(Norminten<0.11Normalized-SUMMARYCustomAlgos.tsv_var.txt	0.0	0.01963380527021119
counts(Norminten<0.12-SUMMARYCustomAlgos.tsv_std.txt	0.0	0.0002705762072272577
counts(Norminten<0.12-SUMMARYCustomAlgos.tsv_var.txt	0.0	0.0
counts(Norminten<0.12Normalized-SUMMARYCustomAlgos.tsv_max.txt	0.0	0.0
counts(Norminten<0.12Normalized-SUMMARYCustomAlgos.tsv_mean.txt	0.0	0.033239244570315574
counts(Norminten<0.12Normalized-SUMMARYCustomAlgos.tsv_median.txt	0.0	0.019678276677840945
counts(Norminten<0.12Normalized-SUMMARYCustomAlgos.tsv_min.txt	0.0	0.0
counts(Norminten<0.12Normalized-SUMMARYCustomAlgos.tsv_q10.txt	0.0	0.0
counts(Norminten<0.11-SUMMARYCustomAlgos.tsv_std.txt	0.0	0.008824107247229485
counts(Norminten<0.1-SUMMARYCustomAlgos.tsv_var.txt	0.0	0.0
counts(Norminten<0.1-SUMMARYCustomAlgos.tsv_std.txt	0.0	0.016264957619628095
Unnamed: 0.1-SUMMARYCustomAlgos.tsv_var.txt	0.0	0.0
Unnamed: 0-SUMMARYCustomAlgos.tsv_median.txt	0.0	0.02653775589394991
Unnamed: 0-SUMMARYCustomAlgos.tsv_min.txt	0.0	0.0
Unnamed: 0-SUMMARYCustomAlgos.tsv_q10.txt	0.0	0.0014268260686436385
Unnamed: 0-SUMMARYCustomAlgos.tsv_q25.txt	0.0	0.0
Unnamed: 0-SUMMARYCustomAlgos.tsv_q75.txt	0.0	0.036891750612845886
Unnamed: 0-SUMMARYCustomAlgos.tsv_q90.txt	0.0	0.0
Unnamed: 0-SUMMARYCustomAlgos.tsv_std.txt	0.0	0.0
Unnamed: 0-SUMMARYCustomAlgos.tsv_var.txt	0.0	0.02542030590540545
Unnamed: 0.1-SUMMARYCustomAlgos.tsv_max.txt	0.0	0.010802625915224962
Unnamed: 0.1-SUMMARYCustomAlgos.tsv_mean.txt	0.0	0.013633809686401932
Unnamed: 0.1-SUMMARYCustomAlgos.tsv_median.txt	0.0	0.0
Unnamed: 0.1-SUMMARYCustomAlgos.tsv_min.txt	0.0	0.00019353382491704707
Unnamed: 0.1-SUMMARYCustomAlgos.tsv_q10.txt	0.0	0.006938817340218506
Unnamed: 0.1-SUMMARYCustomAlgos.tsv_q25.txt	0.0	0.07046156224966271
Unnamed: 0.1-SUMMARYCustomAlgos.tsv_q75.txt	0.0	0.01194427777955509
Unnamed: 0.1-SUMMARYCustomAlgos.tsv_q90.txt	0.0	0.011029586223784804
Unnamed: 0.1-SUMMARYCustomAlgos.tsv_std.txt	0.0	0.0
counts(Norminten<0.12Normalized-SUMMARYCustomAlgos.tsv_q25.txt	0.0	0.037051587019612864
counts(Norminten<0.12Normalized-SUMMARYCustomAlgos.tsv_q75.txt	0.0	0.03493154024281253
counts(Norminten<0.12Normalized-SUMMARYCustomAlgos.tsv_q90.txt	0.0	0.0
counts(Norminten<0.13Normalized-SUMMARYCustomAlgos.tsv_q10.txt	0.0	0.0
counts(Norminten<0.13Normalized-SUMMARYCustomAlgos.tsv_q75.txt	0.0	0.0
counts(Norminten<0.13Normalized-SUMMARYCustomAlgos.tsv_q90.txt	0.0	0.010683092645543457
counts(Norminten<0.13Normalized-SUMMARYCustomAlgos.tsv_std.txt	0.0	0.0
counts(Norminten<0.13Normalized-SUMMARYCustomAlgos.tsv_var.txt	0.0	0.0
counts(Norminten<0.14999999999999997-SUMMARYCustomAlgos.tsv_std.txt	0.0	0.05576276692739057
counts(Norminten<0.14999999999999997-SUMMARYCustomAlgos.tsv_var.txt	0.0	0.0
counts(Norminten<0.14999999999999997Normalized-SUMMARYCustomAlgos.tsv_max.txt	0.0	0.0
counts(Norminten<0.14999999999999997Normalized-SUMMARYCustomAlgos.tsv_mean.txt	0.0	0.0
counts(Norminten<0.14999999999999997Normalized-SUMMARYCustomAlgos.tsv_median.txt	0.0	0.0277269795885573
counts(Norminten<0.14999999999999997Normalized-SUMMARYCustomAlgos.tsv_min.txt	0.0	0.0073728679123621355
counts(Norminten<0.14999999999999997Normalized-SUMMARYCustomAlgos.tsv_q10.txt	0.0	0.06390075808499507
counts(Norminten<0.14999999999999997Normalized-SUMMARYCustomAlgos.tsv_q25.txt	0.0	0.0008018401755398585
counts(Norminten<0.14999999999999997Normalized-SUMMARYCustomAlgos.tsv_q75.txt	0.0	0.06910139428317619
counts(Norminten<0.14999999999999997Normalized-SUMMARYCustomAlgos.tsv_q90.txt	0.0	0.009477336038760331
counts(Norminten<0.14999999999999997Normalized-SUMMARYCustomAlgos.tsv_std.txt	0.0	0.0
counts(Norminten<0.14999999999999997Normalized-SUMMARYCustomAlgos.tsv_var.txt	0.0	0.0
counts(Norminten<0.15999999999999998-SUMMARYCustomAlgos.tsv_std.txt	0.0	0.01629920362678705
counts(Norminten<0.13Normalized-SUMMARYCustomAlgos.tsv_q25.txt	0.0	0.007602814412568382
counts(Norminten<0.13Normalized-SUMMARYCustomAlgos.tsv_min.txt	0.0	0.045559667282633054
counts(Norminten<0.12Normalized-SUMMARYCustomAlgos.tsv_std.txt	0.0	0.0
counts(Norminten<0.13Normalized-SUMMARYCustomAlgos.tsv_median.txt	0.0	0.0
counts(Norminten<0.12Normalized-SUMMARYCustomAlgos.tsv_var.txt	0.0	0.0
counts(Norminten<0.13-SUMMARYCustomAlgos.tsv_std.txt	0.0	0.0
counts(Norminten<0.13-SUMMARYCustomAlgos.tsv_var.txt	0.0	0.011750272542483842
counts(Norminten<0.13999999999999999-SUMMARYCustomAlgos.tsv_std.txt	0.0	0.0
counts(Norminten<0.13999999999999999-SUMMARYCustomAlgos.tsv_var.txt	0.0	0.0
counts(Norminten<0.13999999999999999Normalized-SUMMARYCustomAlgos.tsv_max.txt	0.0	0.0
counts(Norminten<0.13999999999999999Normalized-SUMMARYCustomAlgos.tsv_mean.txt	0.0	0.0007436314736364302
counts(Norminten<0.13999999999999999Normalized-SUMMARYCustomAlgos.tsv_median.txt	0.0	0.0
counts(Norminten<0.13999999999999999Normalized-SUMMARYCustomAlgos.tsv_min.txt	0.0	0.0
counts(Norminten<0.13999999999999999Normalized-SUMMARYCustomAlgos.tsv_q10.txt	0.0	0.0014828877868424684
counts(Norminten<0.13999999999999999Normalized-SUMMARYCustomAlgos.tsv_q25.txt	0.0	0.0
counts(Norminten<0.13999999999999999Normalized-SUMMARYCustomAlgos.tsv_q75.txt	0.0	0.037280538448233536
counts(Norminten<0.13999999999999999Normalized-SUMMARYCustomAlgos.tsv_q90.txt	0.0	0.0009826808365307471
counts(Norminten<0.13999999999999999Normalized-SUMMARYCustomAlgos.tsv_std.txt	0.0	0.03170563618590849
counts(Norminten<0.13999999999999999Normalized-SUMMARYCustomAlgos.tsv_var.txt	0.0	0.04509368315240536
counts(Norminten<0.13Normalized-SUMMARYCustomAlgos.tsv_max.txt	0.0	0.036117126316694836
counts(Norminten<0.13Normalized-SUMMARYCustomAlgos.tsv_mean.txt	0.0	0.013000940798981286
counts(Norminten<0.21999999999999995Normalized-SUMMARYCustomAlgos.tsv_min.txt	0.0	0.024279962263241917
counts(Norminten<0.21999999999999995Normalized-SUMMARYCustomAlgos.tsv_q25.txt	0.0	0.0
counts(Norminten<0.3599999999999999Normalized-SUMMARYCustomAlgos.tsv_q75.txt	0.0	0.02859156370249627
counts(Norminten<0.3199999999999999Normalized-SUMMARYCustomAlgos.tsv_mean.txt	0.0	0.03184445589228124
counts(Norminten<0.30999999999999994Normalized-SUMMARYCustomAlgos.tsv_q25.txt	0.0	0.008857133973023679
counts(Norminten<0.30999999999999994Normalized-SUMMARYCustomAlgos.tsv_q75.txt	0.0	0.04869968575199035
counts(Norminten<0.30999999999999994Normalized-SUMMARYCustomAlgos.tsv_q90.txt	0.0	0.0024386247459298183
counts(Norminten<0.30999999999999994Normalized-SUMMARYCustomAlgos.tsv_std.txt	0.0	0.0
counts(Norminten<0.30999999999999994Normalized-SUMMARYCustomAlgos.tsv_var.txt	0.0	0.009490121092712744
counts(Norminten<0.3199999999999999-SUMMARYCustomAlgos.tsv_std.txt	0.0	0.0
counts(Norminten<0.3199999999999999-SUMMARYCustomAlgos.tsv_var.txt	0.0	0.0
counts(Norminten<0.3199999999999999Normalized-SUMMARYCustomAlgos.tsv_max.txt	0.0	0.0025122536494373016
counts(Norminten<0.3199999999999999Normalized-SUMMARYCustomAlgos.tsv_median.txt	0.0	0.01432726101054227
counts(Norminten<0.32999999999999985Normalized-SUMMARYCustomAlgos.tsv_max.txt	0.0	0.0
counts(Norminten<0.3199999999999999Normalized-SUMMARYCustomAlgos.tsv_min.txt	0.0	0.0
counts(Norminten<0.3199999999999999Normalized-SUMMARYCustomAlgos.tsv_q10.txt	0.0	0.0
counts(Norminten<0.3199999999999999Normalized-SUMMARYCustomAlgos.tsv_q25.txt	0.0	0.0615367603873489
counts(Norminten<0.3199999999999999Normalized-SUMMARYCustomAlgos.tsv_q75.txt	0.0	0.0
counts(Norminten<0.3199999999999999Normalized-SUMMARYCustomAlgos.tsv_q90.txt	0.0	0.010172166324335485
counts(Norminten<0.3199999999999999Normalized-SUMMARYCustomAlgos.tsv_std.txt	0.0	0.0
counts(Norminten<0.3199999999999999Normalized-SUMMARYCustomAlgos.tsv_var.txt	0.0	0.0
counts(Norminten<0.32999999999999985-SUMMARYCustomAlgos.tsv_std.txt	0.0	0.010764731461253785
counts(Norminten<0.30999999999999994Normalized-SUMMARYCustomAlgos.tsv_q10.txt	0.0	0.03992283507640426
counts(Norminten<0.30999999999999994Normalized-SUMMARYCustomAlgos.tsv_min.txt	0.0	0.04252277247479386
counts(Norminten<0.30999999999999994Normalized-SUMMARYCustomAlgos.tsv_median.txt	0.0	0.0015288933009576233
counts(Norminten<0.30999999999999994Normalized-SUMMARYCustomAlgos.tsv_mean.txt	0.0	0.0
counts(Norminten<0.2899999999999999Normalized-SUMMARYCustomAlgos.tsv_std.txt	0.0	0.0
counts(Norminten<0.2899999999999999Normalized-SUMMARYCustomAlgos.tsv_var.txt	0.0	0.0
counts(Norminten<0.29999999999999993-SUMMARYCustomAlgos.tsv_std.txt	0.0	0.0
counts(Norminten<0.29999999999999993-SUMMARYCustomAlgos.tsv_var.txt	0.0	0.030098062933140657
counts(Norminten<0.29999999999999993Normalized-SUMMARYCustomAlgos.tsv_max.txt	0.0	0.013386910988544276
counts(Norminten<0.29999999999999993Normalized-SUMMARYCustomAlgos.tsv_mean.txt	0.0	0.0
counts(Norminten<0.29999999999999993Normalized-SUMMARYCustomAlgos.tsv_median.txt	0.0	0.0
counts(Norminten<0.29999999999999993Normalized-SUMMARYCustomAlgos.tsv_min.txt	0.0	0.0
counts(Norminten<0.29999999999999993Normalized-SUMMARYCustomAlgos.tsv_q10.txt	0.0	0.02198690527596492
counts(Norminten<0.29999999999999993Normalized-SUMMARYCustomAlgos.tsv_q25.txt	0.0	0.0
counts(Norminten<0.29999999999999993Normalized-SUMMARYCustomAlgos.tsv_q75.txt	0.0	0.0
counts(Norminten<0.29999999999999993Normalized-SUMMARYCustomAlgos.tsv_q90.txt	0.0	0.029425838582814112
counts(Norminten<0.29999999999999993Normalized-SUMMARYCustomAlgos.tsv_std.txt	0.0	0.0
counts(Norminten<0.29999999999999993Normalized-SUMMARYCustomAlgos.tsv_var.txt	0.0	0.0
counts(Norminten<0.30999999999999994-SUMMARYCustomAlgos.tsv_std.txt	0.0	0.04319997856012048
counts(Norminten<0.30999999999999994-SUMMARYCustomAlgos.tsv_var.txt	0.0	0.026094089278074772
counts(Norminten<0.30999999999999994Normalized-SUMMARYCustomAlgos.tsv_max.txt	0.0	0.007633341612585998
counts(Norminten<0.32999999999999985-SUMMARYCustomAlgos.tsv_var.txt	0.0	0.018614282555946993
counts(Norminten<0.32999999999999985Normalized-SUMMARYCustomAlgos.tsv_mean.txt	0.0	0.0
counts(Norminten<0.21999999999999995Normalized-SUMMARYCustomAlgos.tsv_q75.txt	0.0	0.002658064048482789
counts(Norminten<0.34999999999999987Normalized-SUMMARYCustomAlgos.tsv_std.txt	0.0	0.0
counts(Norminten<0.34999999999999987Normalized-SUMMARYCustomAlgos.tsv_max.txt	0.0	0.004862417814565312
counts(Norminten<0.34999999999999987Normalized-SUMMARYCustomAlgos.tsv_mean.txt	0.0	0.0
counts(Norminten<0.34999999999999987Normalized-SUMMARYCustomAlgos.tsv_median.txt	0.0	0.06563749905086258
counts(Norminten<0.34999999999999987Normalized-SUMMARYCustomAlgos.tsv_min.txt	0.0	0.0
counts(Norminten<0.34999999999999987Normalized-SUMMARYCustomAlgos.tsv_q10.txt	0.0	0.05276216287411417
counts(Norminten<0.34999999999999987Normalized-SUMMARYCustomAlgos.tsv_q25.txt	0.0	0.036403928859995105
counts(Norminten<0.34999999999999987Normalized-SUMMARYCustomAlgos.tsv_q75.txt	0.0	0.03251441770903529
counts(Norminten<0.34999999999999987Normalized-SUMMARYCustomAlgos.tsv_q90.txt	0.0	0.0
counts(Norminten<0.34999999999999987Normalized-SUMMARYCustomAlgos.tsv_var.txt	0.0	0.016527727744497067
counts(Norminten<0.32999999999999985Normalized-SUMMARYCustomAlgos.tsv_median.txt	0.0	0.0
counts(Norminten<0.3599999999999999-SUMMARYCustomAlgos.tsv_std.txt	0.0	0.0
counts(Norminten<0.3599999999999999-SUMMARYCustomAlgos.tsv_var.txt	0.0	0.0
counts(Norminten<0.3599999999999999Normalized-SUMMARYCustomAlgos.tsv_max.txt	0.0	0.008307032309148532
counts(Norminten<0.3599999999999999Normalized-SUMMARYCustomAlgos.tsv_mean.txt	0.0	0.0
counts(Norminten<0.3599999999999999Normalized-SUMMARYCustomAlgos.tsv_median.txt	0.0	0.0
counts(Norminten<0.3599999999999999Normalized-SUMMARYCustomAlgos.tsv_min.txt	0.0	0.0
counts(Norminten<0.3599999999999999Normalized-SUMMARYCustomAlgos.tsv_q10.txt	0.0	0.0
counts(Norminten<0.3599999999999999Normalized-SUMMARYCustomAlgos.tsv_q25.txt	0.0	0.005810062352708201
counts(Norminten<0.34999999999999987-SUMMARYCustomAlgos.tsv_var.txt	0.0	0.052391150860989555
counts(Norminten<0.34999999999999987-SUMMARYCustomAlgos.tsv_std.txt	0.0	0.0
counts(Norminten<0.33999999999999986Normalized-SUMMARYCustomAlgos.tsv_var.txt	0.0	0.0
counts(Norminten<0.33999999999999986Normalized-SUMMARYCustomAlgos.tsv_std.txt	0.0	0.0
counts(Norminten<0.32999999999999985Normalized-SUMMARYCustomAlgos.tsv_min.txt	0.0	0.037451913245197144
counts(Norminten<0.32999999999999985Normalized-SUMMARYCustomAlgos.tsv_q10.txt	0.0	0.03131338856153487
counts(Norminten<0.32999999999999985Normalized-SUMMARYCustomAlgos.tsv_q25.txt	0.0	0.0
counts(Norminten<0.32999999999999985Normalized-SUMMARYCustomAlgos.tsv_q75.txt	0.0	0.0
counts(Norminten<0.32999999999999985Normalized-SUMMARYCustomAlgos.tsv_q90.txt	0.0	0.0
counts(Norminten<0.32999999999999985Normalized-SUMMARYCustomAlgos.tsv_std.txt	0.0	0.02957904803766853
counts(Norminten<0.32999999999999985Normalized-SUMMARYCustomAlgos.tsv_var.txt	0.0	0.006630719743610403
counts(Norminten<0.33999999999999986-SUMMARYCustomAlgos.tsv_std.txt	0.0	0.006817872959191007
counts(Norminten<0.33999999999999986-SUMMARYCustomAlgos.tsv_var.txt	0.0	0.0
counts(Norminten<0.33999999999999986Normalized-SUMMARYCustomAlgos.tsv_max.txt	0.0	0.018956505628574316
counts(Norminten<0.33999999999999986Normalized-SUMMARYCustomAlgos.tsv_mean.txt	0.0	0.019758746755467183
counts(Norminten<0.33999999999999986Normalized-SUMMARYCustomAlgos.tsv_median.txt	0.0	0.03227721823442353
counts(Norminten<0.33999999999999986Normalized-SUMMARYCustomAlgos.tsv_min.txt	0.0	0.0
counts(Norminten<0.33999999999999986Normalized-SUMMARYCustomAlgos.tsv_q10.txt	0.0	0.025597258798434552
counts(Norminten<0.33999999999999986Normalized-SUMMARYCustomAlgos.tsv_q25.txt	0.0	0.0
counts(Norminten<0.33999999999999986Normalized-SUMMARYCustomAlgos.tsv_q75.txt	0.0	0.0
counts(Norminten<0.33999999999999986Normalized-SUMMARYCustomAlgos.tsv_q90.txt	0.0	0.0
counts(Norminten<0.2899999999999999Normalized-SUMMARYCustomAlgos.tsv_q90.txt	0.0	0.01708787099682052
counts(Norminten<0.2899999999999999Normalized-SUMMARYCustomAlgos.tsv_q75.txt	0.0	0.016404496844709904
counts(Norminten<0.2899999999999999Normalized-SUMMARYCustomAlgos.tsv_q25.txt	0.0	0.0
counts(Norminten<0.24999999999999992Normalized-SUMMARYCustomAlgos.tsv_max.txt	0.0	0.04716148479667215
counts(Norminten<0.23999999999999994Normalized-SUMMARYCustomAlgos.tsv_q10.txt	0.0	0.04333954365521109
counts(Norminten<0.23999999999999994Normalized-SUMMARYCustomAlgos.tsv_q25.txt	0.0	0.0
counts(Norminten<0.23999999999999994Normalized-SUMMARYCustomAlgos.tsv_q75.txt	0.0	0.0
counts(Norminten<0.23999999999999994Normalized-SUMMARYCustomAlgos.tsv_q90.txt	0.0	0.02207940540135933
counts(Norminten<0.23999999999999994Normalized-SUMMARYCustomAlgos.tsv_std.txt	0.0	0.0
counts(Norminten<0.23999999999999994Normalized-SUMMARYCustomAlgos.tsv_var.txt	0.0	0.022226629847397206
counts(Norminten<0.24999999999999992-SUMMARYCustomAlgos.tsv_std.txt	0.0	0.0
counts(Norminten<0.24999999999999992-SUMMARYCustomAlgos.tsv_var.txt	0.0	0.0
counts(Norminten<0.24999999999999992Normalized-SUMMARYCustomAlgos.tsv_mean.txt	0.0	0.05960747765207275
counts(Norminten<0.2899999999999999Normalized-SUMMARYCustomAlgos.tsv_q10.txt	0.0	0.0
counts(Norminten<0.24999999999999992Normalized-SUMMARYCustomAlgos.tsv_median.txt	0.0	0.0
counts(Norminten<0.24999999999999992Normalized-SUMMARYCustomAlgos.tsv_min.txt	0.0	0.0
counts(Norminten<0.24999999999999992Normalized-SUMMARYCustomAlgos.tsv_q10.txt	0.0	0.0
counts(Norminten<0.24999999999999992Normalized-SUMMARYCustomAlgos.tsv_q25.txt	0.0	0.0
counts(Norminten<0.24999999999999992Normalized-SUMMARYCustomAlgos.tsv_q75.txt	0.0	0.0
counts(Norminten<0.24999999999999992Normalized-SUMMARYCustomAlgos.tsv_q90.txt	0.0	0.0
counts(Norminten<0.24999999999999992Normalized-SUMMARYCustomAlgos.tsv_std.txt	0.0	0.042762427591014784
counts(Norminten<0.24999999999999992Normalized-SUMMARYCustomAlgos.tsv_var.txt	0.0	0.00013291238589152599
counts(Norminten<0.23999999999999994Normalized-SUMMARYCustomAlgos.tsv_min.txt	0.0	0.0
counts(Norminten<0.23999999999999994Normalized-SUMMARYCustomAlgos.tsv_median.txt	0.0	0.0
counts(Norminten<0.23999999999999994Normalized-SUMMARYCustomAlgos.tsv_mean.txt	0.0	0.0
counts(Norminten<0.23999999999999994Normalized-SUMMARYCustomAlgos.tsv_max.txt	0.0	0.03356465883043391
counts(Norminten<0.21999999999999995Normalized-SUMMARYCustomAlgos.tsv_q90.txt	0.0	0.023244398321110804
counts(Norminten<0.21999999999999995Normalized-SUMMARYCustomAlgos.tsv_std.txt	0.0	0.0
counts(Norminten<0.21999999999999995Normalized-SUMMARYCustomAlgos.tsv_var.txt	0.0	0.0
counts(Norminten<0.22999999999999995-SUMMARYCustomAlgos.tsv_std.txt	0.0	0.0
counts(Norminten<0.22999999999999995-SUMMARYCustomAlgos.tsv_var.txt	0.0	0.025384554052173325
counts(Norminten<0.22999999999999995Normalized-SUMMARYCustomAlgos.tsv_max.txt	0.0	0.0
counts(Norminten<0.22999999999999995Normalized-SUMMARYCustomAlgos.tsv_mean.txt	0.0	0.0
counts(Norminten<0.22999999999999995Normalized-SUMMARYCustomAlgos.tsv_median.txt	0.0	0.0
counts(Norminten<0.22999999999999995Normalized-SUMMARYCustomAlgos.tsv_min.txt	0.0	0.01952318591080271
counts(Norminten<0.22999999999999995Normalized-SUMMARYCustomAlgos.tsv_q10.txt	0.0	0.04527428637065567
counts(Norminten<0.22999999999999995Normalized-SUMMARYCustomAlgos.tsv_q25.txt	0.0	0.01669464175354518
counts(Norminten<0.22999999999999995Normalized-SUMMARYCustomAlgos.tsv_q75.txt	0.0	0.0
counts(Norminten<0.22999999999999995Normalized-SUMMARYCustomAlgos.tsv_q90.txt	0.0	0.0
counts(Norminten<0.22999999999999995Normalized-SUMMARYCustomAlgos.tsv_std.txt	0.0	0.03553140689490286
counts(Norminten<0.22999999999999995Normalized-SUMMARYCustomAlgos.tsv_var.txt	0.0	0.0
counts(Norminten<0.23999999999999994-SUMMARYCustomAlgos.tsv_std.txt	0.0	0.0024207612828854863
counts(Norminten<0.23999999999999994-SUMMARYCustomAlgos.tsv_var.txt	0.0	0.023922417297029153
counts(Norminten<0.2599999999999999-SUMMARYCustomAlgos.tsv_std.txt	0.0	0.033297025082290155
counts(Norminten<0.2599999999999999-SUMMARYCustomAlgos.tsv_var.txt	0.0	0.023066973009531644
counts(Norminten<0.2599999999999999Normalized-SUMMARYCustomAlgos.tsv_max.txt	0.0	0.01612629663374454
counts(Norminten<0.2699999999999999Normalized-SUMMARYCustomAlgos.tsv_var.txt	0.0	0.0
counts(Norminten<0.2799999999999999-SUMMARYCustomAlgos.tsv_var.txt	0.0	0.0
counts(Norminten<0.2799999999999999Normalized-SUMMARYCustomAlgos.tsv_max.txt	0.0	0.013899708133765287
counts(Norminten<0.2799999999999999Normalized-SUMMARYCustomAlgos.tsv_mean.txt	0.0	0.04433469876973861
counts(Norminten<0.2799999999999999Normalized-SUMMARYCustomAlgos.tsv_median.txt	0.0	0.0
counts(Norminten<0.2799999999999999Normalized-SUMMARYCustomAlgos.tsv_min.txt	0.0	0.0
counts(Norminten<0.2799999999999999Normalized-SUMMARYCustomAlgos.tsv_q10.txt	0.0	0.024859311375606374
counts(Norminten<0.2799999999999999Normalized-SUMMARYCustomAlgos.tsv_q25.txt	0.0	0.0
counts(Norminten<0.2799999999999999Normalized-SUMMARYCustomAlgos.tsv_q75.txt	0.0	0.005359207108576403
counts(Norminten<0.2799999999999999Normalized-SUMMARYCustomAlgos.tsv_q90.txt	0.0	0.0
counts(Norminten<0.2799999999999999Normalized-SUMMARYCustomAlgos.tsv_std.txt	0.0	0.038808600025673545
counts(Norminten<0.2799999999999999Normalized-SUMMARYCustomAlgos.tsv_var.txt	0.0	0.0
counts(Norminten<0.2899999999999999-SUMMARYCustomAlgos.tsv_std.txt	0.0	0.0
counts(Norminten<0.2899999999999999-SUMMARYCustomAlgos.tsv_var.txt	0.0	0.029834660438558203
counts(Norminten<0.2899999999999999Normalized-SUMMARYCustomAlgos.tsv_max.txt	0.0	0.08152377055712723
counts(Norminten<0.2899999999999999Normalized-SUMMARYCustomAlgos.tsv_mean.txt	0.0	0.017340514162690557
counts(Norminten<0.2899999999999999Normalized-SUMMARYCustomAlgos.tsv_median.txt	0.0	0.0
counts(Norminten<0.2899999999999999Normalized-SUMMARYCustomAlgos.tsv_min.txt	0.0	0.0
counts(Norminten<0.2799999999999999-SUMMARYCustomAlgos.tsv_std.txt	0.0	0.02913392829694983
counts(Norminten<0.2699999999999999Normalized-SUMMARYCustomAlgos.tsv_std.txt	0.0	0.0
counts(Norminten<0.2599999999999999Normalized-SUMMARYCustomAlgos.tsv_mean.txt	0.0	0.0
counts(Norminten<0.2699999999999999Normalized-SUMMARYCustomAlgos.tsv_q90.txt	0.0	0.03846027513091155
counts(Norminten<0.2599999999999999Normalized-SUMMARYCustomAlgos.tsv_median.txt	0.0	0.009811352047103039
counts(Norminten<0.2599999999999999Normalized-SUMMARYCustomAlgos.tsv_min.txt	0.0	0.0
counts(Norminten<0.2599999999999999Normalized-SUMMARYCustomAlgos.tsv_q10.txt	0.0	0.0
counts(Norminten<0.2599999999999999Normalized-SUMMARYCustomAlgos.tsv_q25.txt	0.0	0.0
counts(Norminten<0.2599999999999999Normalized-SUMMARYCustomAlgos.tsv_q75.txt	0.0	0.0
counts(Norminten<0.2599999999999999Normalized-SUMMARYCustomAlgos.tsv_q90.txt	0.0	0.0
counts(Norminten<0.2599999999999999Normalized-SUMMARYCustomAlgos.tsv_std.txt	0.0	0.018738754788491185
counts(Norminten<0.2599999999999999Normalized-SUMMARYCustomAlgos.tsv_var.txt	0.0	0.0
counts(Norminten<0.2699999999999999-SUMMARYCustomAlgos.tsv_std.txt	0.0	0.0013682609842784466
counts(Norminten<0.2699999999999999-SUMMARYCustomAlgos.tsv_var.txt	0.0	0.05903054433555388
counts(Norminten<0.2699999999999999Normalized-SUMMARYCustomAlgos.tsv_max.txt	0.0	0.05438134674218009
counts(Norminten<0.2699999999999999Normalized-SUMMARYCustomAlgos.tsv_mean.txt	0.0	0.03885108175186991
counts(Norminten<0.2699999999999999Normalized-SUMMARYCustomAlgos.tsv_median.txt	0.0	0.0
counts(Norminten<0.2699999999999999Normalized-SUMMARYCustomAlgos.tsv_min.txt	0.0	0.016243557856835178
counts(Norminten<0.2699999999999999Normalized-SUMMARYCustomAlgos.tsv_q10.txt	0.0	0.0
counts(Norminten<0.2699999999999999Normalized-SUMMARYCustomAlgos.tsv_q25.txt	0.0	0.012621441557266078
counts(Norminten<0.2699999999999999Normalized-SUMMARYCustomAlgos.tsv_q75.txt	0.0	0.0
counts(Norminten<0.6499999999999997Normalized-SUMMARYCustomAlgos.tsv_mean.txt	0.0	0.0
counts(Norminten<0.6499999999999997Normalized-SUMMARYCustomAlgos.tsv_min.txt	0.0	0.0
counts(inten<0.2899999999999999-SUMMARYCustomAlgos.tsv_std.txt	0.0	0.0
counts(inten<0.17999999999999997Normalized-SUMMARYCustomAlgos.tsv_q10.txt	0.0	0.0
counts(inten<0.17999999999999997-SUMMARYCustomAlgos.tsv_q75.txt	0.0	0.00706142426973333
counts(inten<0.17999999999999997-SUMMARYCustomAlgos.tsv_q90.txt	0.0	0.0014062455208443403
counts(inten<0.17999999999999997-SUMMARYCustomAlgos.tsv_std.txt	0.0	0.009977608676430272
counts(inten<0.17999999999999997-SUMMARYCustomAlgos.tsv_var.txt	0.0	0.0
counts(inten<0.17999999999999997Normalized-SUMMARYCustomAlgos.tsv_max.txt	0.0	0.024604990014452266
counts(inten<0.17999999999999997Normalized-SUMMARYCustomAlgos.tsv_mean.txt	0.0	0.005318089225209377
counts(inten<0.17999999999999997Normalized-SUMMARYCustomAlgos.tsv_median.txt	0.0	0.0
counts(inten<0.17999999999999997Normalized-SUMMARYCustomAlgos.tsv_min.txt	0.0	0.005431340324254297
counts(inten<0.17999999999999997Normalized-SUMMARYCustomAlgos.tsv_q25.txt	0.0	0.0
counts(inten<0.18999999999999995-SUMMARYCustomAlgos.tsv_q25.txt	0.0	0.0
counts(inten<0.17999999999999997Normalized-SUMMARYCustomAlgos.tsv_q75.txt	0.0	0.011785538367937498
counts(inten<0.17999999999999997Normalized-SUMMARYCustomAlgos.tsv_q90.txt	0.0	0.0
counts(inten<0.17999999999999997Normalized-SUMMARYCustomAlgos.tsv_std.txt	0.0	0.009533586793549542
counts(inten<0.17999999999999997Normalized-SUMMARYCustomAlgos.tsv_var.txt	0.0	0.009245228544578321
counts(inten<0.18999999999999995-SUMMARYCustomAlgos.tsv_max.txt	0.0	0.007535992720978157
counts(inten<0.18999999999999995-SUMMARYCustomAlgos.tsv_mean.txt	0.0	0.0
counts(inten<0.18999999999999995-SUMMARYCustomAlgos.tsv_median.txt	0.0	0.05557732489199907
counts(inten<0.18999999999999995-SUMMARYCustomAlgos.tsv_min.txt	0.0	0.055404387459559334
counts(inten<0.17999999999999997-SUMMARYCustomAlgos.tsv_q25.txt	0.0	0.0
counts(inten<0.17999999999999997-SUMMARYCustomAlgos.tsv_q10.txt	0.0	0.0025709531154820553
counts(inten<0.17999999999999997-SUMMARYCustomAlgos.tsv_min.txt	0.0	0.02470555019129872
counts(inten<0.17999999999999997-SUMMARYCustomAlgos.tsv_median.txt	0.0	0.0
counts(inten<0.16999999999999998-SUMMARYCustomAlgos.tsv_q25.txt	0.0	0.0
counts(inten<0.16999999999999998-SUMMARYCustomAlgos.tsv_q75.txt	0.0	0.0
counts(inten<0.16999999999999998-SUMMARYCustomAlgos.tsv_q90.txt	0.0	0.0
counts(inten<0.16999999999999998-SUMMARYCustomAlgos.tsv_std.txt	0.0	0.0019215594038737294
counts(inten<0.16999999999999998-SUMMARYCustomAlgos.tsv_var.txt	0.0	0.020812997195509997
counts(inten<0.16999999999999998Normalized-SUMMARYCustomAlgos.tsv_max.txt	0.0	0.036160936803565136
counts(inten<0.16999999999999998Normalized-SUMMARYCustomAlgos.tsv_mean.txt	0.0	0.08526198436580268
counts(inten<0.16999999999999998Normalized-SUMMARYCustomAlgos.tsv_median.txt	0.0	0.00030448347587119784
counts(inten<0.16999999999999998Normalized-SUMMARYCustomAlgos.tsv_min.txt	0.0	0.03798459954820199
counts(inten<0.16999999999999998Normalized-SUMMARYCustomAlgos.tsv_q10.txt	0.0	0.0
counts(inten<0.16999999999999998Normalized-SUMMARYCustomAlgos.tsv_q25.txt	0.0	0.02712166363979085
counts(inten<0.16999999999999998Normalized-SUMMARYCustomAlgos.tsv_q75.txt	0.0	0.0
counts(inten<0.16999999999999998Normalized-SUMMARYCustomAlgos.tsv_q90.txt	0.0	0.0
counts(inten<0.16999999999999998Normalized-SUMMARYCustomAlgos.tsv_std.txt	0.0	0.0
counts(inten<0.16999999999999998Normalized-SUMMARYCustomAlgos.tsv_var.txt	0.0	0.01815617298033434
counts(inten<0.17999999999999997-SUMMARYCustomAlgos.tsv_max.txt	0.0	0.0
counts(inten<0.17999999999999997-SUMMARYCustomAlgos.tsv_mean.txt	0.0	0.014950559416362807
counts(inten<0.18999999999999995-SUMMARYCustomAlgos.tsv_q10.txt	0.0	0.0
counts(inten<0.18999999999999995-SUMMARYCustomAlgos.tsv_q75.txt	0.0	0.0
counts(inten<0.16999999999999998-SUMMARYCustomAlgos.tsv_min.txt	0.0	0.0
counts(inten<0.19999999999999996Normalized-SUMMARYCustomAlgos.tsv_q90.txt	0.0	0.0
counts(inten<0.19999999999999996-SUMMARYCustomAlgos.tsv_var.txt	0.0	0.008042460210446745
counts(inten<0.19999999999999996Normalized-SUMMARYCustomAlgos.tsv_max.txt	0.0	0.0
counts(inten<0.19999999999999996Normalized-SUMMARYCustomAlgos.tsv_mean.txt	0.0	0.030126184839066816
counts(inten<0.19999999999999996Normalized-SUMMARYCustomAlgos.tsv_median.txt	0.0	0.017053306099287457
counts(inten<0.19999999999999996Normalized-SUMMARYCustomAlgos.tsv_min.txt	0.0	0.0
counts(inten<0.19999999999999996Normalized-SUMMARYCustomAlgos.tsv_q10.txt	0.0	0.04501904632754261
counts(inten<0.19999999999999996Normalized-SUMMARYCustomAlgos.tsv_q25.txt	0.0	0.03468700099551336
counts(inten<0.19999999999999996Normalized-SUMMARYCustomAlgos.tsv_q75.txt	0.0	0.009185222051566022
counts(inten<0.19999999999999996Normalized-SUMMARYCustomAlgos.tsv_std.txt	0.0	0.0
counts(inten<0.18999999999999995-SUMMARYCustomAlgos.tsv_q90.txt	0.0	0.0
counts(inten<0.19999999999999996Normalized-SUMMARYCustomAlgos.tsv_var.txt	0.0	0.043144360883676125
counts(inten<0.1Normalized-SUMMARYCustomAlgos.tsv_max.txt	0.0	0.0
counts(inten<0.1Normalized-SUMMARYCustomAlgos.tsv_mean.txt	0.0	0.028846352979426282
counts(inten<0.1Normalized-SUMMARYCustomAlgos.tsv_median.txt	0.0	0.005955842641201858
counts(inten<0.1Normalized-SUMMARYCustomAlgos.tsv_min.txt	0.0	0.002031219375833171
counts(inten<0.1Normalized-SUMMARYCustomAlgos.tsv_q10.txt	0.0	0.0
counts(inten<0.1Normalized-SUMMARYCustomAlgos.tsv_q25.txt	0.0	0.03359566841833406
counts(inten<0.1Normalized-SUMMARYCustomAlgos.tsv_q75.txt	0.0	0.0067643224484865705
counts(inten<0.19999999999999996-SUMMARYCustomAlgos.tsv_std.txt	0.0	0.0
counts(inten<0.19999999999999996-SUMMARYCustomAlgos.tsv_q90.txt	0.0	0.0
counts(inten<0.19999999999999996-SUMMARYCustomAlgos.tsv_q75.txt	0.0	0.007562508180339211
counts(inten<0.19999999999999996-SUMMARYCustomAlgos.tsv_q25.txt	0.0	0.02698180144254403
counts(inten<0.18999999999999995-SUMMARYCustomAlgos.tsv_std.txt	0.0	0.0
counts(inten<0.18999999999999995-SUMMARYCustomAlgos.tsv_var.txt	0.0	0.011755830957375757
counts(inten<0.18999999999999995Normalized-SUMMARYCustomAlgos.tsv_max.txt	0.0	0.029763398020228315
counts(inten<0.18999999999999995Normalized-SUMMARYCustomAlgos.tsv_mean.txt	0.0	0.0
counts(inten<0.18999999999999995Normalized-SUMMARYCustomAlgos.tsv_median.txt	0.0	0.014622342452706771
counts(inten<0.18999999999999995Normalized-SUMMARYCustomAlgos.tsv_min.txt	0.0	0.0
counts(inten<0.18999999999999995Normalized-SUMMARYCustomAlgos.tsv_q10.txt	0.0	0.0
counts(inten<0.18999999999999995Normalized-SUMMARYCustomAlgos.tsv_q25.txt	0.0	0.0
counts(inten<0.18999999999999995Normalized-SUMMARYCustomAlgos.tsv_q75.txt	0.0	0.0
counts(inten<0.18999999999999995Normalized-SUMMARYCustomAlgos.tsv_q90.txt	0.0	0.0
counts(inten<0.18999999999999995Normalized-SUMMARYCustomAlgos.tsv_std.txt	0.0	0.037798701046256156
counts(inten<0.18999999999999995Normalized-SUMMARYCustomAlgos.tsv_var.txt	0.0	0.0
counts(inten<0.19999999999999996-SUMMARYCustomAlgos.tsv_max.txt	0.0	0.014458426756608134
counts(inten<0.19999999999999996-SUMMARYCustomAlgos.tsv_mean.txt	0.0	0.0
counts(inten<0.19999999999999996-SUMMARYCustomAlgos.tsv_median.txt	0.0	0.0009795015844535904
counts(inten<0.19999999999999996-SUMMARYCustomAlgos.tsv_min.txt	0.0	0.0
counts(inten<0.19999999999999996-SUMMARYCustomAlgos.tsv_q10.txt	0.0	0.026489621428503973
counts(inten<0.16999999999999998-SUMMARYCustomAlgos.tsv_q10.txt	0.0	0.0
counts(inten<0.16999999999999998-SUMMARYCustomAlgos.tsv_median.txt	0.0	0.0010081189070820784
counts(Norminten<0.6499999999999997Normalized-SUMMARYCustomAlgos.tsv_q10.txt	0.0	0.02854887562337849
counts(inten<0.13999999999999999Normalized-SUMMARYCustomAlgos.tsv_std.txt	0.0	0.006870591167468909
Unnamed: 0-SUMMARYCustomAlgos.tsv_mean.txt	0.0	0.012931103124486754
counts(inten<0.13999999999999999Normalized-SUMMARYCustomAlgos.tsv_mean.txt	0.0	0.0
counts(inten<0.13999999999999999Normalized-SUMMARYCustomAlgos.tsv_median.txt	0.0	0.0
counts(inten<0.13999999999999999Normalized-SUMMARYCustomAlgos.tsv_min.txt	0.0	0.031159149300819866
counts(inten<0.13999999999999999Normalized-SUMMARYCustomAlgos.tsv_q10.txt	0.0	0.028648073464241364
counts(inten<0.13999999999999999Normalized-SUMMARYCustomAlgos.tsv_q25.txt	0.0	0.026377228387797214
counts(inten<0.13999999999999999Normalized-SUMMARYCustomAlgos.tsv_q75.txt	0.0	0.0
counts(inten<0.13999999999999999Normalized-SUMMARYCustomAlgos.tsv_q90.txt	0.0	0.06428142860700525
counts(inten<0.13999999999999999Normalized-SUMMARYCustomAlgos.tsv_var.txt	0.0	0.01381273425757401
counts(inten<0.13Normalized-SUMMARYCustomAlgos.tsv_var.txt	0.0	0.0
counts(inten<0.13Normalized-SUMMARYCustomAlgos.tsv_max.txt	0.0	0.0
counts(inten<0.13Normalized-SUMMARYCustomAlgos.tsv_mean.txt	0.0	0.0
counts(inten<0.13Normalized-SUMMARYCustomAlgos.tsv_median.txt	0.0	0.0
counts(inten<0.13Normalized-SUMMARYCustomAlgos.tsv_min.txt	0.0	0.01509743577823297
counts(inten<0.13Normalized-SUMMARYCustomAlgos.tsv_q10.txt	0.0	0.0
counts(inten<0.13Normalized-SUMMARYCustomAlgos.tsv_q25.txt	0.0	0.0
counts(inten<0.13Normalized-SUMMARYCustomAlgos.tsv_q75.txt	0.0	0.0
counts(inten<0.13Normalized-SUMMARYCustomAlgos.tsv_q90.txt	0.0	0.02838732775043651
counts(inten<0.13999999999999999-SUMMARYCustomAlgos.tsv_var.txt	0.0	0.0
counts(inten<0.13999999999999999-SUMMARYCustomAlgos.tsv_std.txt	0.0	0.04004320357644531
counts(inten<0.13999999999999999-SUMMARYCustomAlgos.tsv_q90.txt	0.0	0.0075025342220267355
counts(inten<0.13999999999999999-SUMMARYCustomAlgos.tsv_q75.txt	0.0	0.0
counts(inten<0.12Normalized-SUMMARYCustomAlgos.tsv_var.txt	0.0	0.0
counts(inten<0.13-SUMMARYCustomAlgos.tsv_max.txt	0.0	0.021982515171062644
counts(inten<0.13-SUMMARYCustomAlgos.tsv_mean.txt	0.0	0.0
counts(inten<0.13-SUMMARYCustomAlgos.tsv_median.txt	0.0	0.0
counts(inten<0.13-SUMMARYCustomAlgos.tsv_min.txt	0.0	0.0
counts(inten<0.13-SUMMARYCustomAlgos.tsv_q10.txt	0.0	0.0189251607862988
counts(inten<0.13-SUMMARYCustomAlgos.tsv_q25.txt	0.0	0.011750774544744491
counts(inten<0.13-SUMMARYCustomAlgos.tsv_q75.txt	0.0	0.0
counts(inten<0.13-SUMMARYCustomAlgos.tsv_q90.txt	0.0	0.0
counts(inten<0.13-SUMMARYCustomAlgos.tsv_std.txt	0.0	0.0
counts(inten<0.13-SUMMARYCustomAlgos.tsv_var.txt	0.0	0.0
counts(inten<0.13999999999999999-SUMMARYCustomAlgos.tsv_max.txt	0.0	0.009888631319927565
counts(inten<0.13999999999999999-SUMMARYCustomAlgos.tsv_mean.txt	0.0	0.0022133425481021263
counts(inten<0.13999999999999999-SUMMARYCustomAlgos.tsv_median.txt	0.0	0.0
counts(inten<0.13999999999999999-SUMMARYCustomAlgos.tsv_min.txt	0.0	0.0
counts(inten<0.13999999999999999-SUMMARYCustomAlgos.tsv_q10.txt	0.0	0.010415122997594395
counts(inten<0.13999999999999999-SUMMARYCustomAlgos.tsv_q25.txt	0.0	0.02244802203912144
counts(inten<0.13Normalized-SUMMARYCustomAlgos.tsv_std.txt	0.0	0.005140163833923239
counts(inten<0.14999999999999997-SUMMARYCustomAlgos.tsv_max.txt	0.0	0.0
counts(inten<0.16999999999999998-SUMMARYCustomAlgos.tsv_mean.txt	0.0	0.0
counts(inten<0.15999999999999998Normalized-SUMMARYCustomAlgos.tsv_mean.txt	0.0	0.0
counts(inten<0.15999999999999998-SUMMARYCustomAlgos.tsv_min.txt	0.0	0.0
counts(inten<0.15999999999999998-SUMMARYCustomAlgos.tsv_q10.txt	0.0	0.020455692963585737
counts(inten<0.15999999999999998-SUMMARYCustomAlgos.tsv_q25.txt	0.0	0.0
counts(inten<0.15999999999999998-SUMMARYCustomAlgos.tsv_q75.txt	0.0	0.0
counts(inten<0.15999999999999998-SUMMARYCustomAlgos.tsv_q90.txt	0.0	0.0490089934269764
counts(inten<0.15999999999999998-SUMMARYCustomAlgos.tsv_std.txt	0.0	0.0
counts(inten<0.15999999999999998-SUMMARYCustomAlgos.tsv_var.txt	0.0	0.008918621930224635
counts(inten<0.15999999999999998Normalized-SUMMARYCustomAlgos.tsv_max.txt	0.0	0.051228669829005646
counts(inten<0.15999999999999998Normalized-SUMMARYCustomAlgos.tsv_median.txt	0.0	0.02110151927015247
counts(inten<0.14999999999999997-SUMMARYCustomAlgos.tsv_mean.txt	0.0	0.07872039357132232
counts(inten<0.15999999999999998Normalized-SUMMARYCustomAlgos.tsv_min.txt	0.0	0.0
counts(inten<0.15999999999999998Normalized-SUMMARYCustomAlgos.tsv_q10.txt	0.0	0.007149108797577242
counts(inten<0.15999999999999998Normalized-SUMMARYCustomAlgos.tsv_q25.txt	0.0	0.0
counts(inten<0.15999999999999998Normalized-SUMMARYCustomAlgos.tsv_q75.txt	0.0	0.0
counts(inten<0.15999999999999998Normalized-SUMMARYCustomAlgos.tsv_q90.txt	0.0	0.009777719772052773
counts(inten<0.15999999999999998Normalized-SUMMARYCustomAlgos.tsv_std.txt	0.0	0.013165620218471119
counts(inten<0.15999999999999998Normalized-SUMMARYCustomAlgos.tsv_var.txt	0.0	0.0
counts(inten<0.16999999999999998-SUMMARYCustomAlgos.tsv_max.txt	0.0	0.0
counts(inten<0.15999999999999998-SUMMARYCustomAlgos.tsv_median.txt	0.0	0.0
counts(inten<0.15999999999999998-SUMMARYCustomAlgos.tsv_mean.txt	0.0	0.008433482592069108
counts(inten<0.15999999999999998-SUMMARYCustomAlgos.tsv_max.txt	0.0	0.008848688606033495
counts(inten<0.14999999999999997Normalized-SUMMARYCustomAlgos.tsv_var.txt	0.0	0.022947927345756902
counts(inten<0.14999999999999997-SUMMARYCustomAlgos.tsv_median.txt	0.0	0.013637950297292534
counts(inten<0.14999999999999997-SUMMARYCustomAlgos.tsv_min.txt	0.0	0.0
counts(inten<0.14999999999999997-SUMMARYCustomAlgos.tsv_q10.txt	0.0	0.0
counts(inten<0.14999999999999997-SUMMARYCustomAlgos.tsv_q25.txt	0.0	0.004910988217282419
counts(inten<0.14999999999999997-SUMMARYCustomAlgos.tsv_q75.txt	0.0	0.0
counts(inten<0.14999999999999997-SUMMARYCustomAlgos.tsv_q90.txt	0.0	0.0
counts(inten<0.14999999999999997-SUMMARYCustomAlgos.tsv_std.txt	0.0	0.0
counts(inten<0.14999999999999997-SUMMARYCustomAlgos.tsv_var.txt	0.0	0.05764400109355128
counts(inten<0.14999999999999997Normalized-SUMMARYCustomAlgos.tsv_max.txt	0.0	0.0
counts(inten<0.14999999999999997Normalized-SUMMARYCustomAlgos.tsv_mean.txt	0.0	0.002995562719719569
counts(inten<0.14999999999999997Normalized-SUMMARYCustomAlgos.tsv_median.txt	0.0	0.014355090219374311
counts(inten<0.14999999999999997Normalized-SUMMARYCustomAlgos.tsv_min.txt	0.0	0.0
counts(inten<0.14999999999999997Normalized-SUMMARYCustomAlgos.tsv_q10.txt	0.0	0.0005576204125303796
counts(inten<0.14999999999999997Normalized-SUMMARYCustomAlgos.tsv_q25.txt	0.0	0.0015147411160367774
counts(inten<0.14999999999999997Normalized-SUMMARYCustomAlgos.tsv_q75.txt	0.0	0.0
counts(inten<0.14999999999999997Normalized-SUMMARYCustomAlgos.tsv_q90.txt	0.0	0.01724811464144871
counts(inten<0.14999999999999997Normalized-SUMMARYCustomAlgos.tsv_std.txt	0.0	0.004782018670784094
counts(inten<0.1Normalized-SUMMARYCustomAlgos.tsv_q90.txt	0.0	0.009550622714646906
counts(inten<0.1Normalized-SUMMARYCustomAlgos.tsv_std.txt	0.0	0.0
counts(inten<0.1Normalized-SUMMARYCustomAlgos.tsv_var.txt	0.0	0.0
counts(inten<0.2599999999999999Normalized-SUMMARYCustomAlgos.tsv_q25.txt	0.0	0.0
counts(inten<0.2599999999999999-SUMMARYCustomAlgos.tsv_q90.txt	0.0	0.03367255426078941
counts(inten<0.2599999999999999-SUMMARYCustomAlgos.tsv_std.txt	0.0	0.04143471573543511
counts(inten<0.2599999999999999-SUMMARYCustomAlgos.tsv_var.txt	0.0	0.0
counts(inten<0.2599999999999999Normalized-SUMMARYCustomAlgos.tsv_max.txt	0.0	0.020048877300522516
counts(inten<0.2599999999999999Normalized-SUMMARYCustomAlgos.tsv_mean.txt	0.0	0.0
counts(inten<0.2599999999999999Normalized-SUMMARYCustomAlgos.tsv_median.txt	0.0	0.0027036439559027237
counts(inten<0.2599999999999999Normalized-SUMMARYCustomAlgos.tsv_min.txt	0.0	0.04411082393201626
counts(inten<0.2599999999999999Normalized-SUMMARYCustomAlgos.tsv_q10.txt	0.0	0.0
counts(inten<0.2599999999999999Normalized-SUMMARYCustomAlgos.tsv_q75.txt	0.0	0.0
counts(inten<0.2699999999999999-SUMMARYCustomAlgos.tsv_q75.txt	0.0	0.0
counts(inten<0.2599999999999999Normalized-SUMMARYCustomAlgos.tsv_q90.txt	0.0	0.0
counts(inten<0.2599999999999999Normalized-SUMMARYCustomAlgos.tsv_std.txt	0.0	0.016266938619988736
counts(inten<0.2599999999999999Normalized-SUMMARYCustomAlgos.tsv_var.txt	0.0	0.03253492044959483
counts(inten<0.2699999999999999-SUMMARYCustomAlgos.tsv_max.txt	0.0	0.0
counts(inten<0.2699999999999999-SUMMARYCustomAlgos.tsv_mean.txt	0.0	0.0
counts(inten<0.2699999999999999-SUMMARYCustomAlgos.tsv_median.txt	0.0	0.0
counts(inten<0.2699999999999999-SUMMARYCustomAlgos.tsv_min.txt	0.0	0.0
counts(inten<0.2699999999999999-SUMMARYCustomAlgos.tsv_q10.txt	0.0	0.010447953188267523
counts(inten<0.2599999999999999-SUMMARYCustomAlgos.tsv_q75.txt	0.0	0.018491006480425565
counts(inten<0.2599999999999999-SUMMARYCustomAlgos.tsv_q25.txt	0.0	0.041319964502935846
counts(inten<0.2599999999999999-SUMMARYCustomAlgos.tsv_q10.txt	0.0	0.0
counts(inten<0.2599999999999999-SUMMARYCustomAlgos.tsv_min.txt	0.0	0.015103128943485533
counts(inten<0.24999999999999992-SUMMARYCustomAlgos.tsv_q75.txt	0.0	0.0
counts(inten<0.24999999999999992-SUMMARYCustomAlgos.tsv_q90.txt	0.0	0.029636846473498846
counts(inten<0.24999999999999992-SUMMARYCustomAlgos.tsv_std.txt	0.0	0.01291577516278819
counts(inten<0.24999999999999992-SUMMARYCustomAlgos.tsv_var.txt	0.0	0.0
counts(inten<0.24999999999999992Normalized-SUMMARYCustomAlgos.tsv_max.txt	0.0	0.0
counts(inten<0.24999999999999992Normalized-SUMMARYCustomAlgos.tsv_mean.txt	0.0	0.06183446961945105
counts(inten<0.24999999999999992Normalized-SUMMARYCustomAlgos.tsv_median.txt	0.0	0.028873629706864357
counts(inten<0.24999999999999992Normalized-SUMMARYCustomAlgos.tsv_min.txt	0.0	0.0026924638244758548
counts(inten<0.24999999999999992Normalized-SUMMARYCustomAlgos.tsv_q10.txt	0.0	0.0
counts(inten<0.24999999999999992Normalized-SUMMARYCustomAlgos.tsv_q25.txt	0.0	0.0
counts(inten<0.24999999999999992Normalized-SUMMARYCustomAlgos.tsv_q75.txt	0.0	0.0
counts(inten<0.24999999999999992Normalized-SUMMARYCustomAlgos.tsv_q90.txt	0.0	0.08466833796859019
counts(inten<0.24999999999999992Normalized-SUMMARYCustomAlgos.tsv_std.txt	0.0	0.018114912588618193
counts(inten<0.24999999999999992Normalized-SUMMARYCustomAlgos.tsv_var.txt	0.0	0.0
counts(inten<0.2599999999999999-SUMMARYCustomAlgos.tsv_max.txt	0.0	0.0
counts(inten<0.2599999999999999-SUMMARYCustomAlgos.tsv_mean.txt	0.0	0.0
counts(inten<0.2599999999999999-SUMMARYCustomAlgos.tsv_median.txt	0.0	0.0
counts(inten<0.2699999999999999-SUMMARYCustomAlgos.tsv_q25.txt	0.0	0.0
counts(inten<0.2699999999999999-SUMMARYCustomAlgos.tsv_q90.txt	0.0	0.034485765722099604
counts(inten<0.20999999999999996-SUMMARYCustomAlgos.tsv_max.txt	0.0	0.0
counts(inten<0.2799999999999999Normalized-SUMMARYCustomAlgos.tsv_std.txt	0.0	0.0215844736161781
counts(inten<0.2799999999999999Normalized-SUMMARYCustomAlgos.tsv_max.txt	0.0	0.0
counts(inten<0.2799999999999999Normalized-SUMMARYCustomAlgos.tsv_mean.txt	0.0	0.028139911714748944
counts(inten<0.2799999999999999Normalized-SUMMARYCustomAlgos.tsv_median.txt	0.0	0.05282547612284816
counts(inten<0.2799999999999999Normalized-SUMMARYCustomAlgos.tsv_min.txt	0.0	0.018571476849194912
counts(inten<0.2799999999999999Normalized-SUMMARYCustomAlgos.tsv_q10.txt	0.0	0.0
counts(inten<0.2799999999999999Normalized-SUMMARYCustomAlgos.tsv_q25.txt	0.0	0.0
counts(inten<0.2799999999999999Normalized-SUMMARYCustomAlgos.tsv_q75.txt	0.0	0.0
counts(inten<0.2799999999999999Normalized-SUMMARYCustomAlgos.tsv_q90.txt	0.0	0.010062216604566743
counts(inten<0.2799999999999999Normalized-SUMMARYCustomAlgos.tsv_var.txt	0.0	0.0
counts(inten<0.2699999999999999-SUMMARYCustomAlgos.tsv_std.txt	0.0	0.01874566870084049
counts(inten<0.2899999999999999-SUMMARYCustomAlgos.tsv_max.txt	0.0	0.0
counts(inten<0.2899999999999999-SUMMARYCustomAlgos.tsv_mean.txt	0.0	0.022133613571647004
counts(inten<0.2899999999999999-SUMMARYCustomAlgos.tsv_median.txt	0.0	0.01748264124037613
counts(inten<0.2899999999999999-SUMMARYCustomAlgos.tsv_min.txt	0.0	0.0
counts(inten<0.2899999999999999-SUMMARYCustomAlgos.tsv_q10.txt	0.0	0.039306703261157594
counts(inten<0.2899999999999999-SUMMARYCustomAlgos.tsv_q25.txt	0.0	0.021210416278847344
counts(inten<0.2899999999999999-SUMMARYCustomAlgos.tsv_q75.txt	0.0	0.027795567452732595
counts(inten<0.2899999999999999-SUMMARYCustomAlgos.tsv_q90.txt	0.0	0.002302554558280434
counts(inten<0.2799999999999999-SUMMARYCustomAlgos.tsv_var.txt	0.0	0.0
counts(inten<0.2799999999999999-SUMMARYCustomAlgos.tsv_std.txt	0.0	0.00917128651343413
counts(inten<0.2799999999999999-SUMMARYCustomAlgos.tsv_q90.txt	0.0	0.01733637978202962
counts(inten<0.2799999999999999-SUMMARYCustomAlgos.tsv_q75.txt	0.0	0.0
counts(inten<0.2699999999999999-SUMMARYCustomAlgos.tsv_var.txt	0.0	0.0
counts(inten<0.2699999999999999Normalized-SUMMARYCustomAlgos.tsv_max.txt	0.0	0.0
counts(inten<0.2699999999999999Normalized-SUMMARYCustomAlgos.tsv_mean.txt	0.0	0.06852898086328363
counts(inten<0.2699999999999999Normalized-SUMMARYCustomAlgos.tsv_median.txt	0.0	0.0
counts(inten<0.2699999999999999Normalized-SUMMARYCustomAlgos.tsv_min.txt	0.0	0.006455358760808494
counts(inten<0.2699999999999999Normalized-SUMMARYCustomAlgos.tsv_q10.txt	0.0	0.013788546325346207
counts(inten<0.2699999999999999Normalized-SUMMARYCustomAlgos.tsv_q25.txt	0.0	0.0
counts(inten<0.2699999999999999Normalized-SUMMARYCustomAlgos.tsv_q75.txt	0.0	0.0
counts(inten<0.2699999999999999Normalized-SUMMARYCustomAlgos.tsv_q90.txt	0.0	0.01765438983737644
counts(inten<0.2699999999999999Normalized-SUMMARYCustomAlgos.tsv_std.txt	0.0	0.020160239217140496
counts(inten<0.2699999999999999Normalized-SUMMARYCustomAlgos.tsv_var.txt	0.0	0.022587213872360845
counts(inten<0.2799999999999999-SUMMARYCustomAlgos.tsv_max.txt	0.0	0.019281526913434988
counts(inten<0.2799999999999999-SUMMARYCustomAlgos.tsv_mean.txt	0.0	0.0
counts(inten<0.2799999999999999-SUMMARYCustomAlgos.tsv_median.txt	0.0	0.0
counts(inten<0.2799999999999999-SUMMARYCustomAlgos.tsv_min.txt	0.0	0.0187943477616912
counts(inten<0.2799999999999999-SUMMARYCustomAlgos.tsv_q10.txt	0.0	0.03276605486757678
counts(inten<0.2799999999999999-SUMMARYCustomAlgos.tsv_q25.txt	0.0	0.0
counts(inten<0.24999999999999992-SUMMARYCustomAlgos.tsv_q25.txt	0.0	0.0006253100047901583
counts(inten<0.24999999999999992-SUMMARYCustomAlgos.tsv_q10.txt	0.0	0.009112134281525908
counts(inten<0.24999999999999992-SUMMARYCustomAlgos.tsv_min.txt	0.0	0.04195417338980745
counts(inten<0.21999999999999995Normalized-SUMMARYCustomAlgos.tsv_max.txt	0.0	0.01589739300994175
counts(inten<0.21999999999999995-SUMMARYCustomAlgos.tsv_median.txt	0.0	0.0365914282013553
counts(inten<0.21999999999999995-SUMMARYCustomAlgos.tsv_min.txt	0.0	0.0
counts(inten<0.21999999999999995-SUMMARYCustomAlgos.tsv_q10.txt	0.0	0.0
counts(inten<0.21999999999999995-SUMMARYCustomAlgos.tsv_q25.txt	0.0	0.0
counts(inten<0.21999999999999995-SUMMARYCustomAlgos.tsv_q75.txt	0.0	0.0
counts(inten<0.21999999999999995-SUMMARYCustomAlgos.tsv_q90.txt	0.0	0.00046757612525061276
counts(inten<0.21999999999999995-SUMMARYCustomAlgos.tsv_std.txt	0.0	0.011399768388919984
counts(inten<0.21999999999999995-SUMMARYCustomAlgos.tsv_var.txt	0.0	0.005591476357361902
counts(inten<0.21999999999999995Normalized-SUMMARYCustomAlgos.tsv_mean.txt	0.0	0.0
counts(inten<0.24999999999999992-SUMMARYCustomAlgos.tsv_median.txt	0.0	0.06630016832969687
counts(inten<0.21999999999999995Normalized-SUMMARYCustomAlgos.tsv_median.txt	0.0	0.03713587504071558
counts(inten<0.21999999999999995Normalized-SUMMARYCustomAlgos.tsv_min.txt	0.0	0.04436774869643756
counts(inten<0.21999999999999995Normalized-SUMMARYCustomAlgos.tsv_q10.txt	0.0	0.0
counts(inten<0.21999999999999995Normalized-SUMMARYCustomAlgos.tsv_q25.txt	0.0	0.02033527677732705
counts(inten<0.21999999999999995Normalized-SUMMARYCustomAlgos.tsv_q75.txt	0.0	0.01641172789368328
counts(inten<0.21999999999999995Normalized-SUMMARYCustomAlgos.tsv_q90.txt	0.0	0.0069655065164671015
counts(inten<0.21999999999999995Normalized-SUMMARYCustomAlgos.tsv_std.txt	0.0	0.0
counts(inten<0.21999999999999995Normalized-SUMMARYCustomAlgos.tsv_var.txt	0.0	0.0
counts(inten<0.21999999999999995-SUMMARYCustomAlgos.tsv_mean.txt	0.0	0.0901686586045285
counts(inten<0.21999999999999995-SUMMARYCustomAlgos.tsv_max.txt	0.0	0.006465799741484091
counts(inten<0.20999999999999996Normalized-SUMMARYCustomAlgos.tsv_var.txt	0.0	0.0
counts(inten<0.20999999999999996Normalized-SUMMARYCustomAlgos.tsv_std.txt	0.0	0.0
counts(inten<0.20999999999999996-SUMMARYCustomAlgos.tsv_mean.txt	0.0	0.015785360381580738
counts(inten<0.20999999999999996-SUMMARYCustomAlgos.tsv_median.txt	0.0	0.0
counts(inten<0.20999999999999996-SUMMARYCustomAlgos.tsv_min.txt	0.0	0.0
counts(inten<0.20999999999999996-SUMMARYCustomAlgos.tsv_q10.txt	0.0	0.057438510938113474
counts(inten<0.20999999999999996-SUMMARYCustomAlgos.tsv_q25.txt	0.0	0.0
counts(inten<0.20999999999999996-SUMMARYCustomAlgos.tsv_q75.txt	0.0	0.010741502328875274
counts(inten<0.20999999999999996-SUMMARYCustomAlgos.tsv_q90.txt	0.0	0.04039861831387226
counts(inten<0.20999999999999996-SUMMARYCustomAlgos.tsv_std.txt	0.0	0.0
counts(inten<0.20999999999999996-SUMMARYCustomAlgos.tsv_var.txt	0.0	0.0
counts(inten<0.20999999999999996Normalized-SUMMARYCustomAlgos.tsv_max.txt	0.0	0.01027668990133579
counts(inten<0.20999999999999996Normalized-SUMMARYCustomAlgos.tsv_mean.txt	0.0	0.0
counts(inten<0.20999999999999996Normalized-SUMMARYCustomAlgos.tsv_median.txt	0.0	0.026992934998387508
counts(inten<0.20999999999999996Normalized-SUMMARYCustomAlgos.tsv_min.txt	0.0	0.0
counts(inten<0.20999999999999996Normalized-SUMMARYCustomAlgos.tsv_q10.txt	0.0	0.0
counts(inten<0.20999999999999996Normalized-SUMMARYCustomAlgos.tsv_q25.txt	0.0	0.0
counts(inten<0.20999999999999996Normalized-SUMMARYCustomAlgos.tsv_q75.txt	0.0	0.0
counts(inten<0.20999999999999996Normalized-SUMMARYCustomAlgos.tsv_q90.txt	0.0	0.003888719531304652
counts(inten<0.22999999999999995-SUMMARYCustomAlgos.tsv_max.txt	0.0	0.008121080771031242
counts(inten<0.22999999999999995-SUMMARYCustomAlgos.tsv_mean.txt	0.0	0.008558811325291682
counts(inten<0.22999999999999995-SUMMARYCustomAlgos.tsv_median.txt	0.0	0.016268102412536845
counts(inten<0.23999999999999994-SUMMARYCustomAlgos.tsv_min.txt	0.0	0.0
counts(inten<0.23999999999999994-SUMMARYCustomAlgos.tsv_q25.txt	0.0	0.04430348671530204
counts(inten<0.23999999999999994-SUMMARYCustomAlgos.tsv_q75.txt	0.0	0.0363827669245147
counts(inten<0.23999999999999994-SUMMARYCustomAlgos.tsv_q90.txt	0.0	0.05079589605991153
counts(inten<0.23999999999999994-SUMMARYCustomAlgos.tsv_std.txt	0.0	0.01993198628569548
counts(inten<0.23999999999999994-SUMMARYCustomAlgos.tsv_var.txt	0.0	0.06846410196514752
counts(inten<0.23999999999999994Normalized-SUMMARYCustomAlgos.tsv_max.txt	0.0	0.0
counts(inten<0.23999999999999994Normalized-SUMMARYCustomAlgos.tsv_mean.txt	0.0	0.009443903937059073
counts(inten<0.23999999999999994Normalized-SUMMARYCustomAlgos.tsv_median.txt	0.0	0.0
counts(inten<0.23999999999999994Normalized-SUMMARYCustomAlgos.tsv_min.txt	0.0	0.08902766039583065
counts(inten<0.23999999999999994Normalized-SUMMARYCustomAlgos.tsv_q10.txt	0.0	0.0
counts(inten<0.23999999999999994Normalized-SUMMARYCustomAlgos.tsv_q25.txt	0.0	0.0
counts(inten<0.23999999999999994Normalized-SUMMARYCustomAlgos.tsv_q75.txt	0.0	0.0
counts(inten<0.23999999999999994Normalized-SUMMARYCustomAlgos.tsv_q90.txt	0.0	0.0
counts(inten<0.23999999999999994Normalized-SUMMARYCustomAlgos.tsv_std.txt	0.0	0.03593518860291356
counts(inten<0.23999999999999994Normalized-SUMMARYCustomAlgos.tsv_var.txt	0.0	0.0
counts(inten<0.24999999999999992-SUMMARYCustomAlgos.tsv_max.txt	0.0	0.0
counts(inten<0.24999999999999992-SUMMARYCustomAlgos.tsv_mean.txt	0.0	0.048094734572219355
counts(inten<0.23999999999999994-SUMMARYCustomAlgos.tsv_q10.txt	0.0	0.052598646751760736
counts(inten<0.23999999999999994-SUMMARYCustomAlgos.tsv_median.txt	0.0	0.0
counts(inten<0.22999999999999995-SUMMARYCustomAlgos.tsv_min.txt	0.0	0.025244759095530256
counts(inten<0.23999999999999994-SUMMARYCustomAlgos.tsv_mean.txt	0.0	0.0
counts(inten<0.22999999999999995-SUMMARYCustomAlgos.tsv_q10.txt	0.0	0.0
counts(inten<0.22999999999999995-SUMMARYCustomAlgos.tsv_q25.txt	0.0	0.0
counts(inten<0.22999999999999995-SUMMARYCustomAlgos.tsv_q75.txt	0.0	0.0
counts(inten<0.22999999999999995-SUMMARYCustomAlgos.tsv_q90.txt	0.0	0.0
counts(inten<0.22999999999999995-SUMMARYCustomAlgos.tsv_std.txt	0.0	0.02320980005556139
counts(inten<0.22999999999999995-SUMMARYCustomAlgos.tsv_var.txt	0.0	0.0
counts(inten<0.22999999999999995Normalized-SUMMARYCustomAlgos.tsv_max.txt	0.0	0.05308477061973482
counts(inten<0.22999999999999995Normalized-SUMMARYCustomAlgos.tsv_mean.txt	0.0	0.0
counts(inten<0.22999999999999995Normalized-SUMMARYCustomAlgos.tsv_median.txt	0.0	0.0
counts(inten<0.22999999999999995Normalized-SUMMARYCustomAlgos.tsv_min.txt	0.0	0.0
counts(inten<0.22999999999999995Normalized-SUMMARYCustomAlgos.tsv_q10.txt	0.0	0.0
counts(inten<0.22999999999999995Normalized-SUMMARYCustomAlgos.tsv_q25.txt	0.0	0.0
counts(inten<0.22999999999999995Normalized-SUMMARYCustomAlgos.tsv_q75.txt	0.0	0.0
counts(inten<0.22999999999999995Normalized-SUMMARYCustomAlgos.tsv_q90.txt	0.0	0.015022987012404343
counts(inten<0.22999999999999995Normalized-SUMMARYCustomAlgos.tsv_std.txt	0.0	0.010491955498639793
counts(inten<0.22999999999999995Normalized-SUMMARYCustomAlgos.tsv_var.txt	0.0	0.04846774189092029
counts(inten<0.23999999999999994-SUMMARYCustomAlgos.tsv_max.txt	0.0	0.026091576251020765
counts(inten<0.12Normalized-SUMMARYCustomAlgos.tsv_std.txt	0.0	0.0
counts(inten<0.12Normalized-SUMMARYCustomAlgos.tsv_q90.txt	0.0	0.025905479943131304
counts(inten<0.12Normalized-SUMMARYCustomAlgos.tsv_q75.txt	0.0	0.0
counts(Norminten<0.7499999999999997-SUMMARYCustomAlgos.tsv_var.txt	0.0	0.012775012517709072
counts(Norminten<0.7399999999999997Normalized-SUMMARYCustomAlgos.tsv_min.txt	0.0	0.006433768662191142
counts(Norminten<0.7399999999999997Normalized-SUMMARYCustomAlgos.tsv_q10.txt	0.0	0.055586932397263755
counts(Norminten<0.7399999999999997Normalized-SUMMARYCustomAlgos.tsv_q25.txt	0.0	0.0
counts(Norminten<0.7399999999999997Normalized-SUMMARYCustomAlgos.tsv_q75.txt	0.0	0.0
counts(Norminten<0.7399999999999997Normalized-SUMMARYCustomAlgos.tsv_q90.txt	0.0	0.038480808166117875
counts(Norminten<0.7399999999999997Normalized-SUMMARYCustomAlgos.tsv_std.txt	0.0	0.008497271673601148
counts(Norminten<0.7399999999999997Normalized-SUMMARYCustomAlgos.tsv_var.txt	0.0	0.008992164721486784
counts(Norminten<0.7499999999999997-SUMMARYCustomAlgos.tsv_std.txt	0.0	0.0
counts(Norminten<0.7499999999999997Normalized-SUMMARYCustomAlgos.tsv_max.txt	0.0	0.008932065240624176
counts(Norminten<0.7599999999999997-SUMMARYCustomAlgos.tsv_std.txt	0.0	0.021861276703792232
counts(Norminten<0.7499999999999997Normalized-SUMMARYCustomAlgos.tsv_mean.txt	0.0	0.011388661434501124
counts(Norminten<0.7499999999999997Normalized-SUMMARYCustomAlgos.tsv_median.txt	0.0	0.00998469621202247
counts(Norminten<0.7499999999999997Normalized-SUMMARYCustomAlgos.tsv_min.txt	0.0	0.0
counts(Norminten<0.7499999999999997Normalized-SUMMARYCustomAlgos.tsv_q10.txt	0.0	0.05565248349724827
counts(Norminten<0.7499999999999997Normalized-SUMMARYCustomAlgos.tsv_q25.txt	0.0	0.0
counts(Norminten<0.7499999999999997Normalized-SUMMARYCustomAlgos.tsv_q75.txt	0.0	0.0
counts(Norminten<0.7499999999999997Normalized-SUMMARYCustomAlgos.tsv_q90.txt	0.0	0.0
counts(Norminten<0.7499999999999997Normalized-SUMMARYCustomAlgos.tsv_std.txt	0.0	0.012737009897230145
counts(Norminten<0.7399999999999997Normalized-SUMMARYCustomAlgos.tsv_median.txt	0.0	0.0
counts(Norminten<0.7399999999999997Normalized-SUMMARYCustomAlgos.tsv_mean.txt	0.0	0.03373268802716334
counts(Norminten<0.7399999999999997Normalized-SUMMARYCustomAlgos.tsv_max.txt	0.0	0.0006925725030493268
counts(Norminten<0.7399999999999997-SUMMARYCustomAlgos.tsv_var.txt	0.0	0.0
counts(Norminten<0.7199999999999996Normalized-SUMMARYCustomAlgos.tsv_q75.txt	0.0	0.0
counts(Norminten<0.7199999999999996Normalized-SUMMARYCustomAlgos.tsv_q90.txt	0.0	0.0
counts(Norminten<0.7199999999999996Normalized-SUMMARYCustomAlgos.tsv_std.txt	0.0	0.029590166947786045
counts(Norminten<0.7199999999999996Normalized-SUMMARYCustomAlgos.tsv_var.txt	0.0	0.0
counts(Norminten<0.7299999999999996-SUMMARYCustomAlgos.tsv_std.txt	0.0	0.10260470099664376
counts(Norminten<0.7299999999999996-SUMMARYCustomAlgos.tsv_var.txt	0.0	0.0
counts(Norminten<0.7299999999999996Normalized-SUMMARYCustomAlgos.tsv_max.txt	0.0	0.028154663814424552
counts(Norminten<0.7299999999999996Normalized-SUMMARYCustomAlgos.tsv_mean.txt	0.0	0.0
counts(Norminten<0.7299999999999996Normalized-SUMMARYCustomAlgos.tsv_median.txt	0.0	0.029617309029926986
counts(Norminten<0.7299999999999996Normalized-SUMMARYCustomAlgos.tsv_min.txt	0.0	0.0
counts(Norminten<0.7299999999999996Normalized-SUMMARYCustomAlgos.tsv_q10.txt	0.0	0.0
counts(Norminten<0.7299999999999996Normalized-SUMMARYCustomAlgos.tsv_q25.txt	0.0	0.001373977907859647
counts(Norminten<0.7299999999999996Normalized-SUMMARYCustomAlgos.tsv_q75.txt	0.0	0.026798779723608224
counts(Norminten<0.7299999999999996Normalized-SUMMARYCustomAlgos.tsv_q90.txt	0.0	0.008058700306441846
counts(Norminten<0.7299999999999996Normalized-SUMMARYCustomAlgos.tsv_std.txt	0.0	0.029083971127786157
counts(Norminten<0.7299999999999996Normalized-SUMMARYCustomAlgos.tsv_var.txt	0.0	0.0
counts(Norminten<0.7399999999999997-SUMMARYCustomAlgos.tsv_std.txt	0.0	0.0
counts(Norminten<0.7499999999999997Normalized-SUMMARYCustomAlgos.tsv_var.txt	0.0	0.0
counts(Norminten<0.7599999999999997-SUMMARYCustomAlgos.tsv_var.txt	0.0	0.029330573231364454
counts(Norminten<0.7899999999999996Normalized-SUMMARYCustomAlgos.tsv_q25.txt	0.0	0.001541399550827105
counts(Norminten<0.7799999999999997Normalized-SUMMARYCustomAlgos.tsv_q75.txt	0.0	0.0
counts(Norminten<0.7799999999999997-SUMMARYCustomAlgos.tsv_std.txt	0.0	0.0
counts(Norminten<0.7799999999999997-SUMMARYCustomAlgos.tsv_var.txt	0.0	0.007212229663054792
counts(Norminten<0.7799999999999997Normalized-SUMMARYCustomAlgos.tsv_max.txt	0.0	0.005106217669022861
counts(Norminten<0.7799999999999997Normalized-SUMMARYCustomAlgos.tsv_mean.txt	0.0	0.0
counts(Norminten<0.7799999999999997Normalized-SUMMARYCustomAlgos.tsv_median.txt	0.0	0.0
counts(Norminten<0.7799999999999997Normalized-SUMMARYCustomAlgos.tsv_min.txt	0.0	0.0
counts(Norminten<0.7799999999999997Normalized-SUMMARYCustomAlgos.tsv_q10.txt	0.0	0.006193455353802335
counts(Norminten<0.7799999999999997Normalized-SUMMARYCustomAlgos.tsv_q25.txt	0.0	0.0
counts(Norminten<0.7799999999999997Normalized-SUMMARYCustomAlgos.tsv_q90.txt	0.0	0.00235832135941072
counts(Norminten<0.7599999999999997Normalized-SUMMARYCustomAlgos.tsv_max.txt	0.0	0.0
counts(Norminten<0.7799999999999997Normalized-SUMMARYCustomAlgos.tsv_std.txt	0.0	0.0
counts(Norminten<0.7799999999999997Normalized-SUMMARYCustomAlgos.tsv_var.txt	0.0	0.0
counts(Norminten<0.7899999999999996-SUMMARYCustomAlgos.tsv_std.txt	0.0	0.0
counts(Norminten<0.7899999999999996-SUMMARYCustomAlgos.tsv_var.txt	0.0	0.0
counts(Norminten<0.7899999999999996Normalized-SUMMARYCustomAlgos.tsv_max.txt	0.0	0.0
counts(Norminten<0.7899999999999996Normalized-SUMMARYCustomAlgos.tsv_mean.txt	0.0	0.003579429807967216
counts(Norminten<0.7899999999999996Normalized-SUMMARYCustomAlgos.tsv_median.txt	0.0	0.0
counts(Norminten<0.7899999999999996Normalized-SUMMARYCustomAlgos.tsv_min.txt	0.0	0.0
counts(Norminten<0.7699999999999997Normalized-SUMMARYCustomAlgos.tsv_var.txt	0.0	0.0
counts(Norminten<0.7699999999999997Normalized-SUMMARYCustomAlgos.tsv_std.txt	0.0	0.0
counts(Norminten<0.7699999999999997Normalized-SUMMARYCustomAlgos.tsv_q90.txt	0.0	0.027469166638622422
counts(Norminten<0.7699999999999997Normalized-SUMMARYCustomAlgos.tsv_q75.txt	0.0	0.0
counts(Norminten<0.7599999999999997Normalized-SUMMARYCustomAlgos.tsv_mean.txt	0.0	0.017776465933541097
counts(Norminten<0.7599999999999997Normalized-SUMMARYCustomAlgos.tsv_median.txt	0.0	0.0
counts(Norminten<0.7599999999999997Normalized-SUMMARYCustomAlgos.tsv_min.txt	0.0	0.0
counts(Norminten<0.7599999999999997Normalized-SUMMARYCustomAlgos.tsv_q10.txt	0.0	0.05309945380501224
counts(Norminten<0.7599999999999997Normalized-SUMMARYCustomAlgos.tsv_q25.txt	0.0	0.0
counts(Norminten<0.7599999999999997Normalized-SUMMARYCustomAlgos.tsv_q75.txt	0.0	0.027433960260304868
counts(Norminten<0.7599999999999997Normalized-SUMMARYCustomAlgos.tsv_q90.txt	0.0	0.0
counts(Norminten<0.7599999999999997Normalized-SUMMARYCustomAlgos.tsv_std.txt	0.0	0.0101959207355109
counts(Norminten<0.7599999999999997Normalized-SUMMARYCustomAlgos.tsv_var.txt	0.0	0.01377111500070649
counts(Norminten<0.7699999999999997-SUMMARYCustomAlgos.tsv_std.txt	0.0	0.0
counts(Norminten<0.7699999999999997-SUMMARYCustomAlgos.tsv_var.txt	0.0	0.06650029832170912
counts(Norminten<0.7699999999999997Normalized-SUMMARYCustomAlgos.tsv_max.txt	0.0	0.005246154410642134
counts(Norminten<0.7699999999999997Normalized-SUMMARYCustomAlgos.tsv_mean.txt	0.0	0.0
counts(Norminten<0.7699999999999997Normalized-SUMMARYCustomAlgos.tsv_median.txt	0.0	0.0
counts(Norminten<0.7699999999999997Normalized-SUMMARYCustomAlgos.tsv_min.txt	0.0	0.022792678721738735
counts(Norminten<0.7699999999999997Normalized-SUMMARYCustomAlgos.tsv_q10.txt	0.0	0.04335695231933734
counts(Norminten<0.7699999999999997Normalized-SUMMARYCustomAlgos.tsv_q25.txt	0.0	0.04388004492323594
counts(Norminten<0.7199999999999996Normalized-SUMMARYCustomAlgos.tsv_q25.txt	0.0	0.025133218857134043
counts(Norminten<0.7199999999999996Normalized-SUMMARYCustomAlgos.tsv_q10.txt	0.0	0.011499276016195825
counts(Norminten<0.7199999999999996Normalized-SUMMARYCustomAlgos.tsv_min.txt	0.0	0.0026274259642495856
counts(Norminten<0.6799999999999997-SUMMARYCustomAlgos.tsv_std.txt	0.0	0.0
counts(Norminten<0.6699999999999997Normalized-SUMMARYCustomAlgos.tsv_median.txt	0.0	0.0
counts(Norminten<0.6699999999999997Normalized-SUMMARYCustomAlgos.tsv_min.txt	0.0	0.008530788784475885
counts(Norminten<0.6699999999999997Normalized-SUMMARYCustomAlgos.tsv_q10.txt	0.0	0.019905419407411973
counts(Norminten<0.6699999999999997Normalized-SUMMARYCustomAlgos.tsv_q25.txt	0.0	0.0
counts(Norminten<0.6699999999999997Normalized-SUMMARYCustomAlgos.tsv_q75.txt	0.0	0.005992683039143909
counts(Norminten<0.6699999999999997Normalized-SUMMARYCustomAlgos.tsv_q90.txt	0.0	0.0
counts(Norminten<0.6699999999999997Normalized-SUMMARYCustomAlgos.tsv_std.txt	0.0	0.045686648435713906
counts(Norminten<0.6699999999999997Normalized-SUMMARYCustomAlgos.tsv_var.txt	0.0	0.03247557201739992
counts(Norminten<0.6799999999999997-SUMMARYCustomAlgos.tsv_var.txt	0.0	0.03697205232140455
counts(Norminten<0.7199999999999996Normalized-SUMMARYCustomAlgos.tsv_median.txt	0.0	0.0
counts(Norminten<0.6799999999999997Normalized-SUMMARYCustomAlgos.tsv_max.txt	0.0	0.0
counts(Norminten<0.6799999999999997Normalized-SUMMARYCustomAlgos.tsv_mean.txt	0.0	0.027238443952436242
counts(Norminten<0.6799999999999997Normalized-SUMMARYCustomAlgos.tsv_median.txt	0.0	0.0036458601205966445
counts(Norminten<0.6799999999999997Normalized-SUMMARYCustomAlgos.tsv_min.txt	0.0	0.0800213002158543
counts(Norminten<0.6799999999999997Normalized-SUMMARYCustomAlgos.tsv_q10.txt	0.0	0.0
counts(Norminten<0.6799999999999997Normalized-SUMMARYCustomAlgos.tsv_q25.txt	0.0	0.0
counts(Norminten<0.6799999999999997Normalized-SUMMARYCustomAlgos.tsv_q75.txt	0.0	0.0
counts(Norminten<0.6799999999999997Normalized-SUMMARYCustomAlgos.tsv_q90.txt	0.0	0.023976162028075176
counts(Norminten<0.6699999999999997Normalized-SUMMARYCustomAlgos.tsv_mean.txt	0.0	0.0
counts(Norminten<0.6699999999999997Normalized-SUMMARYCustomAlgos.tsv_max.txt	0.0	0.0
counts(Norminten<0.6699999999999997-SUMMARYCustomAlgos.tsv_var.txt	0.0	0.0
counts(Norminten<0.6699999999999997-SUMMARYCustomAlgos.tsv_std.txt	0.0	0.0
counts(Norminten<0.6499999999999997Normalized-SUMMARYCustomAlgos.tsv_q25.txt	0.0	0.0
counts(Norminten<0.6499999999999997Normalized-SUMMARYCustomAlgos.tsv_q75.txt	0.0	0.0
counts(Norminten<0.6499999999999997Normalized-SUMMARYCustomAlgos.tsv_q90.txt	0.0	0.02715210965045678
counts(Norminten<0.6499999999999997Normalized-SUMMARYCustomAlgos.tsv_std.txt	0.0	0.0
counts(Norminten<0.6499999999999997Normalized-SUMMARYCustomAlgos.tsv_var.txt	0.0	0.0
counts(Norminten<0.6599999999999997-SUMMARYCustomAlgos.tsv_std.txt	0.0	0.03575478496280349
counts(Norminten<0.6599999999999997-SUMMARYCustomAlgos.tsv_var.txt	0.0	0.0244851478546102
counts(Norminten<0.6599999999999997Normalized-SUMMARYCustomAlgos.tsv_max.txt	0.0	0.032589618272862
counts(Norminten<0.6599999999999997Normalized-SUMMARYCustomAlgos.tsv_mean.txt	0.0	0.12306306749888307
counts(Norminten<0.6599999999999997Normalized-SUMMARYCustomAlgos.tsv_median.txt	0.0	0.04220369350894515
counts(Norminten<0.6599999999999997Normalized-SUMMARYCustomAlgos.tsv_min.txt	0.0	0.0
counts(Norminten<0.6599999999999997Normalized-SUMMARYCustomAlgos.tsv_q10.txt	0.0	0.0
counts(Norminten<0.6599999999999997Normalized-SUMMARYCustomAlgos.tsv_q25.txt	0.0	0.0
counts(Norminten<0.6599999999999997Normalized-SUMMARYCustomAlgos.tsv_q75.txt	0.0	0.0
counts(Norminten<0.6599999999999997Normalized-SUMMARYCustomAlgos.tsv_q90.txt	0.0	0.0067505461475465545
counts(Norminten<0.6599999999999997Normalized-SUMMARYCustomAlgos.tsv_std.txt	0.0	0.0
counts(Norminten<0.6599999999999997Normalized-SUMMARYCustomAlgos.tsv_var.txt	0.0	0.024133443400922605
counts(Norminten<0.6799999999999997Normalized-SUMMARYCustomAlgos.tsv_std.txt	0.0	0.01916341234002461
counts(Norminten<0.6799999999999997Normalized-SUMMARYCustomAlgos.tsv_var.txt	0.0	0.00930022941229014
counts(Norminten<0.6899999999999997-SUMMARYCustomAlgos.tsv_std.txt	0.0	0.0
counts(Norminten<0.6999999999999996Normalized-SUMMARYCustomAlgos.tsv_q90.txt	0.0	0.05198483863107306
counts(Norminten<0.6999999999999996Normalized-SUMMARYCustomAlgos.tsv_var.txt	0.0	0.0021130062327761046
counts(Norminten<0.7099999999999996-SUMMARYCustomAlgos.tsv_std.txt	0.0	0.03629789779260939
counts(Norminten<0.7099999999999996-SUMMARYCustomAlgos.tsv_var.txt	0.0	0.0
counts(Norminten<0.7099999999999996Normalized-SUMMARYCustomAlgos.tsv_max.txt	0.0	0.0
counts(Norminten<0.7099999999999996Normalized-SUMMARYCustomAlgos.tsv_mean.txt	0.0	0.0
counts(Norminten<0.7099999999999996Normalized-SUMMARYCustomAlgos.tsv_median.txt	0.0	0.03142702805661246
counts(Norminten<0.7099999999999996Normalized-SUMMARYCustomAlgos.tsv_min.txt	0.0	0.024177509151403598
counts(Norminten<0.7099999999999996Normalized-SUMMARYCustomAlgos.tsv_q10.txt	0.0	0.0
counts(Norminten<0.7099999999999996Normalized-SUMMARYCustomAlgos.tsv_q25.txt	0.0	0.02218753328800771
counts(Norminten<0.7099999999999996Normalized-SUMMARYCustomAlgos.tsv_q75.txt	0.0	0.010949708091586352
counts(Norminten<0.7099999999999996Normalized-SUMMARYCustomAlgos.tsv_q90.txt	0.0	0.01403465192858544
counts(Norminten<0.7099999999999996Normalized-SUMMARYCustomAlgos.tsv_std.txt	0.0	0.0
counts(Norminten<0.7099999999999996Normalized-SUMMARYCustomAlgos.tsv_var.txt	0.0	0.0
counts(Norminten<0.7199999999999996-SUMMARYCustomAlgos.tsv_std.txt	0.0	0.004400278059386142
counts(Norminten<0.7199999999999996-SUMMARYCustomAlgos.tsv_var.txt	0.0	0.02989516535935266
counts(Norminten<0.7199999999999996Normalized-SUMMARYCustomAlgos.tsv_max.txt	0.0	0.0
counts(Norminten<0.7199999999999996Normalized-SUMMARYCustomAlgos.tsv_mean.txt	0.0	0.04627520850950395
counts(Norminten<0.6999999999999996Normalized-SUMMARYCustomAlgos.tsv_std.txt	0.0	0.0
counts(Norminten<0.6999999999999996Normalized-SUMMARYCustomAlgos.tsv_q75.txt	0.0	0.0
counts(Norminten<0.6899999999999997-SUMMARYCustomAlgos.tsv_var.txt	0.0	0.03804946493517303
counts(Norminten<0.6999999999999996Normalized-SUMMARYCustomAlgos.tsv_q25.txt	0.0	0.0
counts(Norminten<0.6899999999999997Normalized-SUMMARYCustomAlgos.tsv_max.txt	0.0	0.038538850748482734
counts(Norminten<0.6899999999999997Normalized-SUMMARYCustomAlgos.tsv_mean.txt	0.0	0.0
counts(Norminten<0.6899999999999997Normalized-SUMMARYCustomAlgos.tsv_median.txt	0.0	0.0
counts(Norminten<0.6899999999999997Normalized-SUMMARYCustomAlgos.tsv_min.txt	0.0	0.0009938380671496994
counts(Norminten<0.6899999999999997Normalized-SUMMARYCustomAlgos.tsv_q10.txt	0.0	0.0
counts(Norminten<0.6899999999999997Normalized-SUMMARYCustomAlgos.tsv_q25.txt	0.0	0.004220264618501002
counts(Norminten<0.6899999999999997Normalized-SUMMARYCustomAlgos.tsv_q75.txt	0.0	0.0
counts(Norminten<0.6899999999999997Normalized-SUMMARYCustomAlgos.tsv_q90.txt	0.0	0.0
counts(Norminten<0.6899999999999997Normalized-SUMMARYCustomAlgos.tsv_std.txt	0.0	0.0
counts(Norminten<0.6899999999999997Normalized-SUMMARYCustomAlgos.tsv_var.txt	0.0	0.029151931363839978
counts(Norminten<0.6999999999999996-SUMMARYCustomAlgos.tsv_std.txt	0.0	0.0
counts(Norminten<0.6999999999999996-SUMMARYCustomAlgos.tsv_var.txt	0.0	0.01590066454024397
counts(Norminten<0.6999999999999996Normalized-SUMMARYCustomAlgos.tsv_max.txt	0.0	0.04414017115859714
counts(Norminten<0.6999999999999996Normalized-SUMMARYCustomAlgos.tsv_mean.txt	0.0	0.0357178137468237
counts(Norminten<0.6999999999999996Normalized-SUMMARYCustomAlgos.tsv_median.txt	0.0	0.0
counts(Norminten<0.6999999999999996Normalized-SUMMARYCustomAlgos.tsv_min.txt	0.0	0.018694527377896453
counts(Norminten<0.6999999999999996Normalized-SUMMARYCustomAlgos.tsv_q10.txt	0.0	0.011472929294200629
counts(Norminten<0.7899999999999996Normalized-SUMMARYCustomAlgos.tsv_q10.txt	0.0	0.0024175642548001086
counts(Norminten<0.7899999999999996Normalized-SUMMARYCustomAlgos.tsv_q75.txt	0.0	3.151225259401258e-06
counts(inten<0.12Normalized-SUMMARYCustomAlgos.tsv_q25.txt	0.0	0.035732933725075355
counts(Norminten<0.8899999999999996Normalized-SUMMARYCustomAlgos.tsv_median.txt	0.0	0.033082758076416585
counts(Norminten<0.8799999999999996Normalized-SUMMARYCustomAlgos.tsv_q75.txt	0.0	0.0
counts(Norminten<0.8799999999999996Normalized-SUMMARYCustomAlgos.tsv_q90.txt	0.0	0.0
counts(Norminten<0.8799999999999996Normalized-SUMMARYCustomAlgos.tsv_std.txt	0.0	0.007714401513025493
counts(Norminten<0.8799999999999996Normalized-SUMMARYCustomAlgos.tsv_var.txt	0.0	0.07217422696471054
counts(Norminten<0.8899999999999996-SUMMARYCustomAlgos.tsv_std.txt	0.0	0.04013750295992313
counts(Norminten<0.8899999999999996-SUMMARYCustomAlgos.tsv_var.txt	0.0	0.0
counts(Norminten<0.8899999999999996Normalized-SUMMARYCustomAlgos.tsv_max.txt	0.0	0.04679107212627054
counts(Norminten<0.8899999999999996Normalized-SUMMARYCustomAlgos.tsv_mean.txt	0.0	2.572859821681206e-05
counts(Norminten<0.8899999999999996Normalized-SUMMARYCustomAlgos.tsv_min.txt	0.0	0.0
counts(inten<0.1-SUMMARYCustomAlgos.tsv_min.txt	0.0	0.0
counts(Norminten<0.8899999999999996Normalized-SUMMARYCustomAlgos.tsv_q10.txt	0.0	0.0
counts(Norminten<0.8899999999999996Normalized-SUMMARYCustomAlgos.tsv_q25.txt	0.0	0.0
counts(Norminten<0.8899999999999996Normalized-SUMMARYCustomAlgos.tsv_q75.txt	0.0	0.0
counts(Norminten<0.8899999999999996Normalized-SUMMARYCustomAlgos.tsv_q90.txt	0.0	0.015493139202186423
counts(Norminten<0.8899999999999996Normalized-SUMMARYCustomAlgos.tsv_std.txt	0.0	0.0
counts(Norminten<0.8899999999999996Normalized-SUMMARYCustomAlgos.tsv_var.txt	0.0	0.0
counts(inten<0.1-SUMMARYCustomAlgos.tsv_max.txt	0.0	0.0
counts(inten<0.1-SUMMARYCustomAlgos.tsv_mean.txt	0.0	0.0
counts(Norminten<0.8799999999999996Normalized-SUMMARYCustomAlgos.tsv_q25.txt	0.0	0.0
counts(Norminten<0.8799999999999996Normalized-SUMMARYCustomAlgos.tsv_q10.txt	0.0	0.0
counts(Norminten<0.8799999999999996Normalized-SUMMARYCustomAlgos.tsv_min.txt	0.0	0.0
counts(Norminten<0.8799999999999996Normalized-SUMMARYCustomAlgos.tsv_median.txt	0.0	0.0
counts(Norminten<0.8599999999999995Normalized-SUMMARYCustomAlgos.tsv_var.txt	0.0	0.048257895455885436
counts(Norminten<0.8699999999999996-SUMMARYCustomAlgos.tsv_std.txt	0.0	0.04036969057792161
counts(Norminten<0.8699999999999996-SUMMARYCustomAlgos.tsv_var.txt	0.0	0.04606676435198809
counts(Norminten<0.8699999999999996Normalized-SUMMARYCustomAlgos.tsv_max.txt	0.0	0.0
counts(Norminten<0.8699999999999996Normalized-SUMMARYCustomAlgos.tsv_mean.txt	0.0	0.005105409575279385
counts(Norminten<0.8699999999999996Normalized-SUMMARYCustomAlgos.tsv_median.txt	0.0	0.016583940835235733
counts(Norminten<0.8699999999999996Normalized-SUMMARYCustomAlgos.tsv_min.txt	0.0	0.0
counts(Norminten<0.8699999999999996Normalized-SUMMARYCustomAlgos.tsv_q10.txt	0.0	0.0
counts(Norminten<0.8699999999999996Normalized-SUMMARYCustomAlgos.tsv_q25.txt	0.0	0.008101881497479813
counts(Norminten<0.8699999999999996Normalized-SUMMARYCustomAlgos.tsv_q75.txt	0.0	0.0
counts(Norminten<0.8699999999999996Normalized-SUMMARYCustomAlgos.tsv_q90.txt	0.0	0.0
counts(Norminten<0.8699999999999996Normalized-SUMMARYCustomAlgos.tsv_std.txt	0.0	0.019812827279007017
counts(Norminten<0.8699999999999996Normalized-SUMMARYCustomAlgos.tsv_var.txt	0.0	0.020593426350285604
counts(Norminten<0.8799999999999996-SUMMARYCustomAlgos.tsv_std.txt	0.0	0.06339449639744243
counts(Norminten<0.8799999999999996-SUMMARYCustomAlgos.tsv_var.txt	0.0	0.03604510548114925
counts(Norminten<0.8799999999999996Normalized-SUMMARYCustomAlgos.tsv_max.txt	0.0	0.0
counts(Norminten<0.8799999999999996Normalized-SUMMARYCustomAlgos.tsv_mean.txt	0.0	0.0
counts(inten<0.1-SUMMARYCustomAlgos.tsv_median.txt	0.0	0.0
counts(inten<0.1-SUMMARYCustomAlgos.tsv_q10.txt	0.0	0.09738795932460986
counts(Norminten<0.7899999999999996Normalized-SUMMARYCustomAlgos.tsv_q90.txt	0.0	0.0
counts(inten<0.12-SUMMARYCustomAlgos.tsv_q25.txt	0.0	0.026248027738161817
counts(inten<0.11Normalized-SUMMARYCustomAlgos.tsv_q90.txt	0.0	0.009987052857985734
counts(inten<0.11Normalized-SUMMARYCustomAlgos.tsv_std.txt	0.0	0.0
counts(inten<0.11Normalized-SUMMARYCustomAlgos.tsv_var.txt	0.0	0.004369930992446314
counts(inten<0.12-SUMMARYCustomAlgos.tsv_max.txt	0.0	0.024004235271782637
counts(inten<0.12-SUMMARYCustomAlgos.tsv_mean.txt	0.0	0.018289157514521648
counts(inten<0.12-SUMMARYCustomAlgos.tsv_median.txt	0.0	0.04825861639768236
counts(inten<0.12-SUMMARYCustomAlgos.tsv_min.txt	0.0	0.0
counts(inten<0.12-SUMMARYCustomAlgos.tsv_q10.txt	0.0	0.013291680540449047
counts(inten<0.12-SUMMARYCustomAlgos.tsv_q75.txt	0.0	0.009413705166629871
counts(inten<0.1-SUMMARYCustomAlgos.tsv_q25.txt	0.0	0.0
counts(inten<0.12-SUMMARYCustomAlgos.tsv_q90.txt	0.0	0.012441343502299862
counts(inten<0.12-SUMMARYCustomAlgos.tsv_std.txt	0.0	0.0
counts(inten<0.12-SUMMARYCustomAlgos.tsv_var.txt	0.0	0.032377991793109295
counts(inten<0.12Normalized-SUMMARYCustomAlgos.tsv_max.txt	0.0	0.0
counts(inten<0.12Normalized-SUMMARYCustomAlgos.tsv_mean.txt	0.0	0.0
counts(inten<0.12Normalized-SUMMARYCustomAlgos.tsv_median.txt	0.0	0.018895257765048523
counts(inten<0.12Normalized-SUMMARYCustomAlgos.tsv_min.txt	0.0	0.0
counts(inten<0.12Normalized-SUMMARYCustomAlgos.tsv_q10.txt	0.0	0.028332343216717515
counts(inten<0.11Normalized-SUMMARYCustomAlgos.tsv_q75.txt	0.0	0.025898743906948685
counts(inten<0.11Normalized-SUMMARYCustomAlgos.tsv_q25.txt	0.0	0.007335161560664272
counts(inten<0.11Normalized-SUMMARYCustomAlgos.tsv_q10.txt	0.0	0.07289822771691545
counts(inten<0.11Normalized-SUMMARYCustomAlgos.tsv_min.txt	0.0	0.0
counts(inten<0.1-SUMMARYCustomAlgos.tsv_q75.txt	0.0	0.0014250728610076813
counts(inten<0.1-SUMMARYCustomAlgos.tsv_q90.txt	0.0	0.006856839068216214
counts(inten<0.1-SUMMARYCustomAlgos.tsv_std.txt	0.0	0.0
counts(inten<0.1-SUMMARYCustomAlgos.tsv_var.txt	0.0	0.0033813321913691574
counts(inten<0.11-SUMMARYCustomAlgos.tsv_max.txt	0.0	0.0
counts(inten<0.11-SUMMARYCustomAlgos.tsv_mean.txt	0.0	0.0013029350122826244
counts(inten<0.11-SUMMARYCustomAlgos.tsv_median.txt	0.0	0.0031712054895858266
counts(inten<0.11-SUMMARYCustomAlgos.tsv_min.txt	0.0	3.690738371320279e-05
counts(inten<0.11-SUMMARYCustomAlgos.tsv_q10.txt	0.0	0.0
counts(inten<0.11-SUMMARYCustomAlgos.tsv_q25.txt	0.0	0.0
counts(inten<0.11-SUMMARYCustomAlgos.tsv_q75.txt	0.0	0.0
counts(inten<0.11-SUMMARYCustomAlgos.tsv_q90.txt	0.0	0.03003630791739953
counts(inten<0.11-SUMMARYCustomAlgos.tsv_std.txt	0.0	0.0
counts(inten<0.11-SUMMARYCustomAlgos.tsv_var.txt	0.0	0.0017547313569949985
counts(inten<0.11Normalized-SUMMARYCustomAlgos.tsv_max.txt	0.0	0.016725511607135868
counts(inten<0.11Normalized-SUMMARYCustomAlgos.tsv_mean.txt	0.0	0.001588473855189232
counts(inten<0.11Normalized-SUMMARYCustomAlgos.tsv_median.txt	0.0	0.0
counts(Norminten<0.8599999999999995Normalized-SUMMARYCustomAlgos.tsv_std.txt	0.0	0.0
counts(Norminten<0.8599999999999995Normalized-SUMMARYCustomAlgos.tsv_q90.txt	0.0	0.04013530645026764
counts(Norminten<0.8599999999999995Normalized-SUMMARYCustomAlgos.tsv_q75.txt	0.0	0.0
counts(Norminten<0.8199999999999996Normalized-SUMMARYCustomAlgos.tsv_mean.txt	0.0	0.0
counts(Norminten<0.8099999999999996Normalized-SUMMARYCustomAlgos.tsv_q25.txt	0.0	0.007291215013476737
counts(Norminten<0.8099999999999996Normalized-SUMMARYCustomAlgos.tsv_q75.txt	0.0	0.0
counts(Norminten<0.8099999999999996Normalized-SUMMARYCustomAlgos.tsv_q90.txt	0.0	0.058541735391643535
counts(Norminten<0.8099999999999996Normalized-SUMMARYCustomAlgos.tsv_std.txt	0.0	0.0
counts(Norminten<0.8099999999999996Normalized-SUMMARYCustomAlgos.tsv_var.txt	0.0	0.0406253516547328
counts(Norminten<0.8199999999999996-SUMMARYCustomAlgos.tsv_std.txt	0.0	0.0
counts(Norminten<0.8199999999999996-SUMMARYCustomAlgos.tsv_var.txt	0.0	0.06041613173116245
counts(Norminten<0.8199999999999996Normalized-SUMMARYCustomAlgos.tsv_max.txt	0.0	0.0
counts(Norminten<0.8199999999999996Normalized-SUMMARYCustomAlgos.tsv_median.txt	0.0	0.00390258915364905
counts(Norminten<0.8599999999999995Normalized-SUMMARYCustomAlgos.tsv_q25.txt	0.0	0.0
counts(Norminten<0.8199999999999996Normalized-SUMMARYCustomAlgos.tsv_min.txt	0.0	0.0068441293852092855
counts(Norminten<0.8199999999999996Normalized-SUMMARYCustomAlgos.tsv_q10.txt	0.0	0.0
counts(Norminten<0.8199999999999996Normalized-SUMMARYCustomAlgos.tsv_q25.txt	0.0	0.0
counts(Norminten<0.8199999999999996Normalized-SUMMARYCustomAlgos.tsv_q75.txt	0.0	0.0
counts(Norminten<0.8199999999999996Normalized-SUMMARYCustomAlgos.tsv_q90.txt	0.0	0.0
counts(Norminten<0.8199999999999996Normalized-SUMMARYCustomAlgos.tsv_std.txt	0.0	0.0
counts(Norminten<0.8199999999999996Normalized-SUMMARYCustomAlgos.tsv_var.txt	0.0	0.0
counts(Norminten<0.8299999999999996-SUMMARYCustomAlgos.tsv_std.txt	0.0	0.01968226028711495
counts(Norminten<0.8099999999999996Normalized-SUMMARYCustomAlgos.tsv_q10.txt	0.0	0.0006690068458081733
counts(Norminten<0.8099999999999996Normalized-SUMMARYCustomAlgos.tsv_min.txt	0.0	0.0
counts(Norminten<0.8099999999999996Normalized-SUMMARYCustomAlgos.tsv_median.txt	0.0	0.00819238086547891
counts(Norminten<0.8099999999999996Normalized-SUMMARYCustomAlgos.tsv_mean.txt	0.0	0.01783143158703293
counts(Norminten<0.7899999999999996Normalized-SUMMARYCustomAlgos.tsv_std.txt	0.0	0.0
counts(Norminten<0.7899999999999996Normalized-SUMMARYCustomAlgos.tsv_var.txt	0.0	0.0016880605044069519
counts(Norminten<0.7999999999999996-SUMMARYCustomAlgos.tsv_std.txt	0.0	0.013368345143748517
counts(Norminten<0.7999999999999996-SUMMARYCustomAlgos.tsv_var.txt	0.0	0.0
counts(Norminten<0.7999999999999996Normalized-SUMMARYCustomAlgos.tsv_max.txt	0.0	0.0
counts(Norminten<0.7999999999999996Normalized-SUMMARYCustomAlgos.tsv_mean.txt	0.0	0.09010598988101437
counts(Norminten<0.7999999999999996Normalized-SUMMARYCustomAlgos.tsv_median.txt	0.0	0.0007320556485570506
counts(Norminten<0.7999999999999996Normalized-SUMMARYCustomAlgos.tsv_min.txt	0.0	0.0
counts(Norminten<0.7999999999999996Normalized-SUMMARYCustomAlgos.tsv_q10.txt	0.0	0.0
counts(Norminten<0.7999999999999996Normalized-SUMMARYCustomAlgos.tsv_q25.txt	0.0	0.0
counts(Norminten<0.7999999999999996Normalized-SUMMARYCustomAlgos.tsv_q75.txt	0.0	0.0
counts(Norminten<0.7999999999999996Normalized-SUMMARYCustomAlgos.tsv_q90.txt	0.0	0.05847769273828485
counts(Norminten<0.7999999999999996Normalized-SUMMARYCustomAlgos.tsv_std.txt	0.0	0.04455389169010271
counts(Norminten<0.7999999999999996Normalized-SUMMARYCustomAlgos.tsv_var.txt	0.0	0.0
counts(Norminten<0.8099999999999996-SUMMARYCustomAlgos.tsv_std.txt	0.0	0.0
counts(Norminten<0.8099999999999996-SUMMARYCustomAlgos.tsv_var.txt	0.0	0.0704960895946618
counts(Norminten<0.8099999999999996Normalized-SUMMARYCustomAlgos.tsv_max.txt	0.0	0.01974260562075214
counts(Norminten<0.8299999999999996-SUMMARYCustomAlgos.tsv_var.txt	0.0	0.0
counts(Norminten<0.8299999999999996Normalized-SUMMARYCustomAlgos.tsv_max.txt	0.0	0.009500677681644643
counts(Norminten<0.8299999999999996Normalized-SUMMARYCustomAlgos.tsv_mean.txt	0.0	0.0
counts(Norminten<0.8499999999999996-SUMMARYCustomAlgos.tsv_std.txt	0.0	0.0
counts(Norminten<0.8499999999999996Normalized-SUMMARYCustomAlgos.tsv_max.txt	0.0	0.007777203206664751
counts(Norminten<0.8499999999999996Normalized-SUMMARYCustomAlgos.tsv_mean.txt	0.0	0.02001265082751713
counts(Norminten<0.8499999999999996Normalized-SUMMARYCustomAlgos.tsv_median.txt	0.0	0.0661762947089648
counts(Norminten<0.8499999999999996Normalized-SUMMARYCustomAlgos.tsv_min.txt	0.0	0.03752791600984651
counts(Norminten<0.8499999999999996Normalized-SUMMARYCustomAlgos.tsv_q10.txt	0.0	0.0
counts(Norminten<0.8499999999999996Normalized-SUMMARYCustomAlgos.tsv_q25.txt	0.0	0.0
counts(Norminten<0.8499999999999996Normalized-SUMMARYCustomAlgos.tsv_q75.txt	0.0	0.0
counts(Norminten<0.8499999999999996Normalized-SUMMARYCustomAlgos.tsv_q90.txt	0.0	0.0
counts(Norminten<0.8499999999999996Normalized-SUMMARYCustomAlgos.tsv_std.txt	0.0	0.0
counts(Norminten<0.8499999999999996Normalized-SUMMARYCustomAlgos.tsv_var.txt	0.0	0.0
counts(Norminten<0.8599999999999995-SUMMARYCustomAlgos.tsv_std.txt	0.0	0.0
counts(Norminten<0.8599999999999995-SUMMARYCustomAlgos.tsv_var.txt	0.0	0.0004449226099998427
counts(Norminten<0.8599999999999995Normalized-SUMMARYCustomAlgos.tsv_max.txt	0.0	0.001523967226973788
counts(Norminten<0.8599999999999995Normalized-SUMMARYCustomAlgos.tsv_mean.txt	0.0	0.00038538602248472387
counts(Norminten<0.8599999999999995Normalized-SUMMARYCustomAlgos.tsv_median.txt	0.0	0.0
counts(Norminten<0.8599999999999995Normalized-SUMMARYCustomAlgos.tsv_min.txt	0.0	0.0
counts(Norminten<0.8599999999999995Normalized-SUMMARYCustomAlgos.tsv_q10.txt	0.0	0.0
counts(Norminten<0.8499999999999996-SUMMARYCustomAlgos.tsv_var.txt	0.0	0.043054859453143024
counts(Norminten<0.8399999999999996Normalized-SUMMARYCustomAlgos.tsv_var.txt	0.0	0.0
counts(Norminten<0.8299999999999996Normalized-SUMMARYCustomAlgos.tsv_median.txt	0.0	0.04310327291784688
counts(Norminten<0.8399999999999996Normalized-SUMMARYCustomAlgos.tsv_std.txt	0.0	0.012367575338553038
counts(Norminten<0.8299999999999996Normalized-SUMMARYCustomAlgos.tsv_min.txt	0.0	0.016677470728560184
counts(Norminten<0.8299999999999996Normalized-SUMMARYCustomAlgos.tsv_q10.txt	0.0	0.03513090093558402
counts(Norminten<0.8299999999999996Normalized-SUMMARYCustomAlgos.tsv_q25.txt	0.0	0.016101697857955344
counts(Norminten<0.8299999999999996Normalized-SUMMARYCustomAlgos.tsv_q75.txt	0.0	0.0
counts(Norminten<0.8299999999999996Normalized-SUMMARYCustomAlgos.tsv_q90.txt	0.0	0.0
counts(Norminten<0.8299999999999996Normalized-SUMMARYCustomAlgos.tsv_std.txt	0.0	0.0
counts(Norminten<0.8299999999999996Normalized-SUMMARYCustomAlgos.tsv_var.txt	0.0	0.0
counts(Norminten<0.8399999999999996-SUMMARYCustomAlgos.tsv_std.txt	0.0	0.0
counts(Norminten<0.8399999999999996-SUMMARYCustomAlgos.tsv_var.txt	0.0	0.0
counts(Norminten<0.8399999999999996Normalized-SUMMARYCustomAlgos.tsv_max.txt	0.0	0.0
counts(Norminten<0.8399999999999996Normalized-SUMMARYCustomAlgos.tsv_mean.txt	0.0	0.01944465450141797
counts(Norminten<0.8399999999999996Normalized-SUMMARYCustomAlgos.tsv_median.txt	0.0	0.0
counts(Norminten<0.8399999999999996Normalized-SUMMARYCustomAlgos.tsv_min.txt	0.0	0.021473638307387244
counts(Norminten<0.8399999999999996Normalized-SUMMARYCustomAlgos.tsv_q10.txt	0.0	0.0
counts(Norminten<0.8399999999999996Normalized-SUMMARYCustomAlgos.tsv_q25.txt	0.0	0.007438208580128336
counts(Norminten<0.8399999999999996Normalized-SUMMARYCustomAlgos.tsv_q75.txt	0.0	0.0
counts(Norminten<0.8399999999999996Normalized-SUMMARYCustomAlgos.tsv_q90.txt	0.0	0.0
stdNormalized-SUMMARYCustomAlgos.tsv_var.txt	0.0	0.01163320958394376
