feature	RandomForest(n=200, p=1.0)
counts(Norminten<0.11Normalized-SUMMARYCustomAlgos.tsv_max.txt	0.06419559421524026
min-SUMMARYCustomAlgos.tsv_std.txt	0.061217823724517464
minProp-SUMMARYCustomAlgos.tsv_min.txt	0.061156608364744215
min-SUMMARYCustomAlgos.tsv_var.txt	0.05536209243392562
counts(Norminten<0.14Normalized-SUMMARYCustomAlgos.tsv_max.txt	0.03166687132535106
counts(inten<0.060000000000000005-SUMMARYCustomAlgos.tsv_median.txt	0.020944558323430385
counts(Norminten<0.22-SUMMARYCustomAlgos.tsv_max.txt	0.018224019251739918
counts(Norminten<0.12Normalized-SUMMARYCustomAlgos.tsv_max.txt	0.01668255090666423
counts(Norminten<0.13Normalized-SUMMARYCustomAlgos.tsv_max.txt	0.016652028595659667
minProp-SUMMARYCustomAlgos.tsv_q10.txt	0.015962348358813584
counts(Norminten<0.12-SUMMARYCustomAlgos.tsv_max.txt	0.015387754303524313
counts(inten<0.08-SUMMARYCustomAlgos.tsv_median.txt	0.012698963460524309
counts(inten<0.06999999999999999-SUMMARYCustomAlgos.tsv_median.txt	0.009654506650696344
diff-SUMMARYCustomAlgos.tsv_median.txt	0.008780165089208607
stdNormalized-SUMMARYCustomAlgos.tsv_min.txt	0.008717007989654541
counts(Norminten<0.13-SUMMARYCustomAlgos.tsv_max.txt	0.008577910641772669
counts(Norminten<0.21000000000000002-SUMMARYCustomAlgos.tsv_max.txt	0.007957119218733134
counts(Norminten<0.05-SUMMARYCustomAlgos.tsv_q10.txt	0.007355386514301344
std-SUMMARYCustomAlgos.tsv_var.txt	0.007296391849750905
counts(inten<0.06999999999999999-SUMMARYCustomAlgos.tsv_var.txt	0.007256112391872973
counts(Norminten<0.29000000000000004-SUMMARYCustomAlgos.tsv_var.txt	0.006954139150834279
counts(Norminten<0.29000000000000004-SUMMARYCustomAlgos.tsv_std.txt	0.0066573545123953595
counts(inten<0.06999999999999999-SUMMARYCustomAlgos.tsv_max.txt	0.0059196765982451995
counts(Norminten<0.05-SUMMARYCustomAlgos.tsv_min.txt	0.005645370766479971
std-SUMMARYCustomAlgos.tsv_std.txt	0.005486548679402712
stdNormalized-SUMMARYCustomAlgos.tsv_q75.txt	0.005135758381697245
max-SUMMARYCustomAlgos.tsv_median.txt	0.0049515043196817245
counts(Norminten<0.29000000000000004Normalized-SUMMARYCustomAlgos.tsv_median.txt	0.004834399441179214
counts(inten<0.06999999999999999-SUMMARYCustomAlgos.tsv_std.txt	0.004768314764378462
counts(inten<0.09999999999999999-SUMMARYCustomAlgos.tsv_q25.txt	0.00452691749859065
diff-SUMMARYCustomAlgos.tsv_q75.txt	0.004132663771893646
stdNormalized-SUMMARYCustomAlgos.tsv_q25.txt	0.004022086238011562
counts(Norminten<0.14-SUMMARYCustomAlgos.tsv_max.txt	0.003917133996209889
counts(inten<0.060000000000000005-SUMMARYCustomAlgos.tsv_q90.txt	0.0037509196035115356
counts(Norminten<0.09999999999999999-SUMMARYCustomAlgos.tsv_max.txt	0.0037227556717776143
counts(Norminten<0.060000000000000005-SUMMARYCustomAlgos.tsv_max.txt	0.003516958553910424
counts(Norminten<0.23-SUMMARYCustomAlgos.tsv_max.txt	0.0034278400384856657
counts(inten<0.06999999999999999-SUMMARYCustomAlgos.tsv_min.txt	0.0033099653989794434
counts(Norminten<0.11-SUMMARYCustomAlgos.tsv_max.txt	0.003267993888238567
medNormalized-SUMMARYCustomAlgos.tsv_std.txt	0.002872987155032766
std-SUMMARYCustomAlgos.tsv_mean.txt	0.0028489995072939313
counts(inten<0.060000000000000005Normalized-SUMMARYCustomAlgos.tsv_q90.txt	0.0027590866876968847
counts(Norminten<0.28Normalized-SUMMARYCustomAlgos.tsv_median.txt	0.002724735807278906
minProp-SUMMARYCustomAlgos.tsv_q25.txt	0.0026951292029837076
counts(inten<0.060000000000000005-SUMMARYCustomAlgos.tsv_var.txt	0.0026520067834210044
diff-SUMMARYCustomAlgos.tsv_q90.txt	0.002561107962536877
minPropNormalized-SUMMARYCustomAlgos.tsv_q90.txt	0.0025127820548547244
counts(inten<0.060000000000000005-SUMMARYCustomAlgos.tsv_std.txt	0.002494906392672326
counts(Norminten<0.2-SUMMARYCustomAlgos.tsv_max.txt	0.002356748506939746
counts(inten<0.04-SUMMARYCustomAlgos.tsv_min.txt	0.0023353925914444172
counts(Norminten<0.05Normalized-SUMMARYCustomAlgos.tsv_q25.txt	0.0022720108318529776
counts(inten<0.060000000000000005-SUMMARYCustomAlgos.tsv_q75.txt	0.0022420317327160127
counts(Norminten<0.04-SUMMARYCustomAlgos.tsv_min.txt	0.002167388095862803
counts(Norminten<0.03Normalized-SUMMARYCustomAlgos.tsv_max.txt	0.002147687335687283
counts(Norminten<0.24000000000000002Normalized-SUMMARYCustomAlgos.tsv_median.txt	0.0020429809691517743
counts(Norminten<0.09999999999999999Normalized-SUMMARYCustomAlgos.tsv_min.txt	0.00198351481433583
counts(inten<0.04-SUMMARYCustomAlgos.tsv_max.txt	0.0019679596743416338
counts(Norminten<0.26Normalized-SUMMARYCustomAlgos.tsv_median.txt	0.001963150208097696
medNormalized-SUMMARYCustomAlgos.tsv_max.txt	0.0019451729683264982
counts(inten<0.05-SUMMARYCustomAlgos.tsv_q90.txt	0.0019417972131720136
medNormalized-SUMMARYCustomAlgos.tsv_var.txt	0.001940694188750144
counts(Norminten<0.09Normalized-SUMMARYCustomAlgos.tsv_min.txt	0.0019353588826098531
min-SUMMARYCustomAlgos.tsv_q90.txt	0.0018524934316266877
diff-SUMMARYCustomAlgos.tsv_mean.txt	0.0017902121827795387
counts(Norminten<0.06999999999999999-SUMMARYCustomAlgos.tsv_max.txt	0.0017573250771856926
counts(Norminten<0.01-SUMMARYCustomAlgos.tsv_var.txt	0.0016930203269692509
medNormalized-SUMMARYCustomAlgos.tsv_q75.txt	0.0016683475273760059
minPropNormalized-SUMMARYCustomAlgos.tsv_max.txt	0.0016679985518365636
counts(Norminten<0.060000000000000005-SUMMARYCustomAlgos.tsv_q25.txt	0.0016359751563422714
minNormalized-SUMMARYCustomAlgos.tsv_std.txt	0.0016267010118434539
counts(inten<0.08-SUMMARYCustomAlgos.tsv_min.txt	0.0016257797770324422
counts(Norminten<0.26-SUMMARYCustomAlgos.tsv_q75.txt	0.0016007622256550232
counts(inten<0.03-SUMMARYCustomAlgos.tsv_max.txt	0.0015844437444575562
counts(Norminten<0.29000000000000004Normalized-SUMMARYCustomAlgos.tsv_q90.txt	0.0015836036798789416
counts(Norminten<0.15000000000000002Normalized-SUMMARYCustomAlgos.tsv_max.txt	0.0015772200125317088
counts(Norminten<0.060000000000000005Normalized-SUMMARYCustomAlgos.tsv_q10.txt	0.0015511740942748572
counts(inten<0.06999999999999999Normalized-SUMMARYCustomAlgos.tsv_min.txt	0.0015409167252760198
counts(inten<0.03Normalized-SUMMARYCustomAlgos.tsv_max.txt	0.0015389291944226655
counts(inten<0.02-SUMMARYCustomAlgos.tsv_q75.txt	0.0015233405613128395
counts(Norminten<0.09999999999999999Normalized-SUMMARYCustomAlgos.tsv_max.txt	0.0015092233952964673
minNormalized-SUMMARYCustomAlgos.tsv_q25.txt	0.0014984530786230075
minNormalized-SUMMARYCustomAlgos.tsv_min.txt	0.0014912847213231122
counts(inten<0.08-SUMMARYCustomAlgos.tsv_std.txt	0.001481902100631853
counts(Norminten<0.06999999999999999-SUMMARYCustomAlgos.tsv_min.txt	0.001479884363588564
counts(inten<0.060000000000000005Normalized-SUMMARYCustomAlgos.tsv_max.txt	0.0014798396152009103
counts(Norminten<0.12-SUMMARYCustomAlgos.tsv_std.txt	0.0014755891976788909
counts(Norminten<0.09-SUMMARYCustomAlgos.tsv_max.txt	0.001468978173039315
counts(Norminten<0.11Normalized-SUMMARYCustomAlgos.tsv_min.txt	0.0014680074804110546
diffNormalized-SUMMARYCustomAlgos.tsv_q10.txt	0.0014502699879201577
counts(Norminten<0.01-SUMMARYCustomAlgos.tsv_min.txt	0.0014404195950542722
counts(inten<0.09-SUMMARYCustomAlgos.tsv_median.txt	0.0014277917006982343
counts(Norminten<0.02-SUMMARYCustomAlgos.tsv_min.txt	0.001414322729137648
counts(Norminten<0.28-SUMMARYCustomAlgos.tsv_q75.txt	0.0014003483362716642
counts(Norminten<0.25Normalized-SUMMARYCustomAlgos.tsv_q90.txt	0.0013981944455645399
counts(Norminten<0.19-SUMMARYCustomAlgos.tsv_max.txt	0.0013844212948535026
minPropNormalized-SUMMARYCustomAlgos.tsv_min.txt	0.0013767682090563276
counts(Norminten<0.04Normalized-SUMMARYCustomAlgos.tsv_min.txt	0.0013714793605471016
counts(Norminten<0.28-SUMMARYCustomAlgos.tsv_var.txt	0.0013679864871955713
counts(inten<0.02-SUMMARYCustomAlgos.tsv_mean.txt	0.0013650564017067001
counts(Norminten<0.04-SUMMARYCustomAlgos.tsv_q10.txt	0.0013412718215874942
counts(inten<0.08-SUMMARYCustomAlgos.tsv_var.txt	0.0013350495787588298
counts(Norminten<0.060000000000000005Normalized-SUMMARYCustomAlgos.tsv_min.txt	0.0013273612223188935
stdNormalized-SUMMARYCustomAlgos.tsv_median.txt	0.0013143541992217983
counts(Norminten<0.06999999999999999Normalized-SUMMARYCustomAlgos.tsv_min.txt	0.0012925915531591323
counts(Norminten<0.13Normalized-SUMMARYCustomAlgos.tsv_min.txt	0.0012912555828550468
counts(inten<0.01-SUMMARYCustomAlgos.tsv_median.txt	0.0012790842475774709
diffNormalized-SUMMARYCustomAlgos.tsv_min.txt	0.0012753222385638607
minNormalized-SUMMARYCustomAlgos.tsv_q10.txt	0.0012628413532283537
counts(Norminten<0.05-SUMMARYCustomAlgos.tsv_q25.txt	0.0012559459118789001
stdNormalized-SUMMARYCustomAlgos.tsv_q10.txt	0.001251362306153861
counts(inten<0.09-SUMMARYCustomAlgos.tsv_q25.txt	0.001242552469406433
counts(inten<0.04Normalized-SUMMARYCustomAlgos.tsv_min.txt	0.0012251407920927117
counts(inten<0.05Normalized-SUMMARYCustomAlgos.tsv_min.txt	0.0012108305579822162
counts(inten<0.05Normalized-SUMMARYCustomAlgos.tsv_q25.txt	0.0011899958488547978
diffNormalized-SUMMARYCustomAlgos.tsv_q25.txt	0.0011877315676322485
counts(Norminten<0.01Normalized-SUMMARYCustomAlgos.tsv_min.txt	0.0011861315524095552
counts(inten<0.03-SUMMARYCustomAlgos.tsv_min.txt	0.001177268839816673
counts(Norminten<0.02-SUMMARYCustomAlgos.tsv_max.txt	0.0011581222565059015
counts(Norminten<0.09-SUMMARYCustomAlgos.tsv_std.txt	0.0011544398112274033
std-SUMMARYCustomAlgos.tsv_q90.txt	0.0011426678522995714
meanNormalized-SUMMARYCustomAlgos.tsv_q75.txt	0.0011173013908574768
counts(Norminten<0.26Normalized-SUMMARYCustomAlgos.tsv_q90.txt	0.0011121349620458053
counts(inten<0.04-SUMMARYCustomAlgos.tsv_q75.txt	0.0011070002936749092
counts(inten<0.05-SUMMARYCustomAlgos.tsv_q75.txt	0.0011047425991667886
counts(Norminten<0.13-SUMMARYCustomAlgos.tsv_median.txt	0.0010995644471249967
counts(Norminten<0.05Normalized-SUMMARYCustomAlgos.tsv_max.txt	0.0010857253272184104
medNormalized-SUMMARYCustomAlgos.tsv_min.txt	0.0010807244621242164
counts(Norminten<0.14-SUMMARYCustomAlgos.tsv_std.txt	0.0010772565269199965
counts(Norminten<0.24000000000000002-SUMMARYCustomAlgos.tsv_max.txt	0.001076749087970239
counts(Norminten<0.06999999999999999-SUMMARYCustomAlgos.tsv_std.txt	0.0010664336707301013
counts(Norminten<0.05Normalized-SUMMARYCustomAlgos.tsv_min.txt	0.0010588323795732674
counts(Norminten<0.05Normalized-SUMMARYCustomAlgos.tsv_q10.txt	0.0010571439193856223
counts(Norminten<0.01Normalized-SUMMARYCustomAlgos.tsv_q10.txt	0.001055272315657704
counts(Norminten<0.04-SUMMARYCustomAlgos.tsv_max.txt	0.00105069237716657
counts(Norminten<0.02Normalized-SUMMARYCustomAlgos.tsv_max.txt	0.0010412995266056988
counts(Norminten<0.06999999999999999Normalized-SUMMARYCustomAlgos.tsv_q90.txt	0.0010296813985726588
counts(inten<0.09Normalized-SUMMARYCustomAlgos.tsv_q75.txt	0.0010286757547252555
counts(inten<0.11Normalized-SUMMARYCustomAlgos.tsv_q75.txt	0.0010128236789281742
counts(Norminten<0.05-SUMMARYCustomAlgos.tsv_max.txt	0.0010080148334025156
minNormalized-SUMMARYCustomAlgos.tsv_var.txt	0.0010057759990319882
counts(Norminten<0.15000000000000002-SUMMARYCustomAlgos.tsv_var.txt	0.0009949953013446186
counts(Norminten<0.29000000000000004Normalized-SUMMARYCustomAlgos.tsv_std.txt	0.0009806075716263212
counts(Norminten<0.16-SUMMARYCustomAlgos.tsv_std.txt	0.0009746693463304864
counts(inten<0.05-SUMMARYCustomAlgos.tsv_var.txt	0.000963322538125152
counts(Norminten<0.11-SUMMARYCustomAlgos.tsv_std.txt	0.0009566114761075655
counts(inten<0.11Normalized-SUMMARYCustomAlgos.tsv_median.txt	0.0009520215110722646
counts(Norminten<0.15000000000000002-SUMMARYCustomAlgos.tsv_std.txt	0.0009492454568719563
counts(inten<0.08-SUMMARYCustomAlgos.tsv_max.txt	0.0009480657644148761
counts(inten<0.060000000000000005-SUMMARYCustomAlgos.tsv_min.txt	0.000942439782340805
counts(Norminten<0.12Normalized-SUMMARYCustomAlgos.tsv_min.txt	0.0009415309381337432
counts(Norminten<0.12-SUMMARYCustomAlgos.tsv_median.txt	0.0009284674995635313
counts(inten<0.12Normalized-SUMMARYCustomAlgos.tsv_min.txt	0.0009054186480713352
counts(inten<0.06999999999999999Normalized-SUMMARYCustomAlgos.tsv_max.txt	0.0009023933287324737
counts(Norminten<0.03-SUMMARYCustomAlgos.tsv_min.txt	0.0009020139497436415
counts(Norminten<0.04-SUMMARYCustomAlgos.tsv_std.txt	0.0008938305532426632
counts(inten<0.04-SUMMARYCustomAlgos.tsv_var.txt	0.00089312169458976
counts(Norminten<0.12-SUMMARYCustomAlgos.tsv_var.txt	0.0008922560437825531
counts(Norminten<0.28-SUMMARYCustomAlgos.tsv_std.txt	0.0008885683455293118
stdNormalized-SUMMARYCustomAlgos.tsv_var.txt	0.0008823243806464094
counts(Norminten<0.14-SUMMARYCustomAlgos.tsv_var.txt	0.000870337116236753
std-SUMMARYCustomAlgos.tsv_median.txt	0.0008659052917485734
counts(Norminten<0.09Normalized-SUMMARYCustomAlgos.tsv_max.txt	0.0008648165500156926
counts(Norminten<0.14Normalized-SUMMARYCustomAlgos.tsv_min.txt	0.0008568586260787232
counts(Norminten<0.11-SUMMARYCustomAlgos.tsv_min.txt	0.0008558289420367202
counts(inten<0.060000000000000005-SUMMARYCustomAlgos.tsv_mean.txt	0.0008532675434139001
diff-SUMMARYCustomAlgos.tsv_q10.txt	0.000852924000536764
counts(inten<0.060000000000000005-SUMMARYCustomAlgos.tsv_max.txt	0.000840509612267702
counts(inten<0.06999999999999999-SUMMARYCustomAlgos.tsv_q90.txt	0.0008362233478753362
counts(inten<0.05-SUMMARYCustomAlgos.tsv_min.txt	0.000834886683271544
counts(Norminten<0.08-SUMMARYCustomAlgos.tsv_max.txt	0.000833982521535889
counts(inten<0.09Normalized-SUMMARYCustomAlgos.tsv_max.txt	0.0008311728904050514
counts(Norminten<0.02-SUMMARYCustomAlgos.tsv_q25.txt	0.0008278460054210968
minNormalized-SUMMARYCustomAlgos.tsv_max.txt	0.000826896429296529
SubstratumCoverage-SUMMARYCustomAlgos.tsv_mean.txt	0.0008246208347242037
minNormalized-SUMMARYCustomAlgos.tsv_q90.txt	0.0008235979896382979
minNormalized-SUMMARYCustomAlgos.tsv_median.txt	0.0008232555344495341
minPropNormalized-SUMMARYCustomAlgos.tsv_q25.txt	0.000820984581160366
counts(inten<0.02-SUMMARYCustomAlgos.tsv_median.txt	0.0008099240761687428
counts(Norminten<0.04Normalized-SUMMARYCustomAlgos.tsv_max.txt	0.0008060275655508505
counts(Norminten<0.04Normalized-SUMMARYCustomAlgos.tsv_q25.txt	0.000805057006648063
counts(Norminten<0.16Normalized-SUMMARYCustomAlgos.tsv_max.txt	0.0007990758552344828
counts(Norminten<0.03Normalized-SUMMARYCustomAlgos.tsv_q90.txt	0.0007985688431535905
counts(inten<0.13Normalized-SUMMARYCustomAlgos.tsv_q75.txt	0.0007966939397637576
counts(Norminten<0.19Normalized-SUMMARYCustomAlgos.tsv_max.txt	0.0007955456741266308
counts(inten<0.03Normalized-SUMMARYCustomAlgos.tsv_min.txt	0.0007906377022513346
counts(Norminten<0.17Normalized-SUMMARYCustomAlgos.tsv_min.txt	0.0007888703535840587
counts(Norminten<0.27Normalized-SUMMARYCustomAlgos.tsv_median.txt	0.0007882130365077108
counts(inten<0.09Normalized-SUMMARYCustomAlgos.tsv_std.txt	0.0007870422080724601
counts(Norminten<0.26-SUMMARYCustomAlgos.tsv_max.txt	0.0007829897697752909
counts(Norminten<0.02Normalized-SUMMARYCustomAlgos.tsv_q90.txt	0.0007828070463717502
diffNormalized-SUMMARYCustomAlgos.tsv_max.txt	0.0007736443313361276
minPropNormalized-SUMMARYCustomAlgos.tsv_median.txt	0.0007584793643946959
counts(inten<0.01-SUMMARYCustomAlgos.tsv_q25.txt	0.0007545407995222382
medNormalized-SUMMARYCustomAlgos.tsv_q10.txt	0.0007542706990417213
counts(Norminten<0.060000000000000005-SUMMARYCustomAlgos.tsv_min.txt	0.0007488261962873723
diffNormalized-SUMMARYCustomAlgos.tsv_q75.txt	0.0007469290451719197
counts(Norminten<0.29000000000000004Normalized-SUMMARYCustomAlgos.tsv_var.txt	0.0007363440989931421
counts(inten<0.05-SUMMARYCustomAlgos.tsv_max.txt	0.0007337317355167312
counts(inten<0.08Normalized-SUMMARYCustomAlgos.tsv_std.txt	0.0007312208198036784
counts(Norminten<0.060000000000000005Normalized-SUMMARYCustomAlgos.tsv_q25.txt	0.0007279127925040561
maxNormalized-SUMMARYCustomAlgos.tsv_q75.txt	0.0007273432053900863
counts(Norminten<0.15000000000000002-SUMMARYCustomAlgos.tsv_max.txt	0.0007237319571706247
std-SUMMARYCustomAlgos.tsv_min.txt	0.0007168621268271195
stdNormalized-SUMMARYCustomAlgos.tsv_max.txt	0.0006986989415767694
counts(Norminten<0.06999999999999999Normalized-SUMMARYCustomAlgos.tsv_var.txt	0.0006977307480815496
meanNormalized-SUMMARYCustomAlgos.tsv_median.txt	0.0006969676346962958
counts(Norminten<0.08Normalized-SUMMARYCustomAlgos.tsv_min.txt	0.0006953418206024814
counts(inten<0.21000000000000002-SUMMARYCustomAlgos.tsv_median.txt	0.0006908461424926298
ThicknessThreshold=0.02-SUMMARYCustomAlgos.tsv_q25.txt	0.0006887632947994178
counts(Norminten<0.060000000000000005Normalized-SUMMARYCustomAlgos.tsv_q90.txt	0.0006876582798931278
ThicknessThreshold=0.02-SUMMARYCustomAlgos.tsv_q75.txt	0.0006854477171684706
counts(Norminten<0.02-SUMMARYCustomAlgos.tsv_mean.txt	0.0006838833290659304
minPropNormalized-SUMMARYCustomAlgos.tsv_var.txt	0.0006835934828633805
counts(Norminten<0.06999999999999999Normalized-SUMMARYCustomAlgos.tsv_q75.txt	0.0006823670557950242
counts(inten<0.09-SUMMARYCustomAlgos.tsv_std.txt	0.0006819798708891061
counts(Norminten<0.06999999999999999-SUMMARYCustomAlgos.tsv_q25.txt	0.0006795115068629222
counts(Norminten<0.27-SUMMARYCustomAlgos.tsv_var.txt	0.0006789878462359186
counts(Norminten<0.13-SUMMARYCustomAlgos.tsv_std.txt	0.000672285215266006
counts(inten<0.24000000000000002-SUMMARYCustomAlgos.tsv_median.txt	0.0006722053722876026
SubstratumCoverage-SUMMARYCustomAlgos.tsv_q75.txt	0.0006691802738774136
counts(inten<0.04-SUMMARYCustomAlgos.tsv_mean.txt	0.0006685121517593141
counts(Norminten<0.08Normalized-SUMMARYCustomAlgos.tsv_q75.txt	0.0006658969671509156
counts(Norminten<0.01Normalized-SUMMARYCustomAlgos.tsv_max.txt	0.0006652843154523786
counts(Norminten<0.01-SUMMARYCustomAlgos.tsv_q90.txt	0.0006623556198174754
counts(Norminten<0.04Normalized-SUMMARYCustomAlgos.tsv_q10.txt	0.0006611267921952156
counts(Norminten<0.02Normalized-SUMMARYCustomAlgos.tsv_q75.txt	0.0006606566144886754
counts(Norminten<0.09-SUMMARYCustomAlgos.tsv_median.txt	0.000657885340628352
counts(Norminten<0.28Normalized-SUMMARYCustomAlgos.tsv_q90.txt	0.0006558030820527143
min-SUMMARYCustomAlgos.tsv_q25.txt	0.0006540463822707497
counts(Norminten<0.17-SUMMARYCustomAlgos.tsv_max.txt	0.0006496908558931251
counts(Norminten<0.03-SUMMARYCustomAlgos.tsv_q10.txt	0.0006482629816103979
counts(Norminten<0.05Normalized-SUMMARYCustomAlgos.tsv_q90.txt	0.0006463146481554108
counts(Norminten<0.13Normalized-SUMMARYCustomAlgos.tsv_median.txt	0.0006458237022568161
counts(inten<0.09999999999999999-SUMMARYCustomAlgos.tsv_min.txt	0.0006424551108827382
counts(Norminten<0.03-SUMMARYCustomAlgos.tsv_mean.txt	0.0006395763442199479
counts(inten<0.09999999999999999-SUMMARYCustomAlgos.tsv_var.txt	0.0006375926225493394
counts(inten<0.03-SUMMARYCustomAlgos.tsv_q25.txt	0.0006306585208444923
counts(Norminten<0.2Normalized-SUMMARYCustomAlgos.tsv_min.txt	0.0006289942595898603
BioVolume-SUMMARYCustomAlgos.tsv_q90.txt	0.000628847231041136
counts(Norminten<0.03-SUMMARYCustomAlgos.tsv_median.txt	0.0006271833116423147
counts(Norminten<0.09999999999999999Normalized-SUMMARYCustomAlgos.tsv_q75.txt	0.0006155797722048244
ThicknessThreshold=0.02-SUMMARYCustomAlgos.tsv_median.txt	0.000614339551166602
counts(Norminten<0.27-SUMMARYCustomAlgos.tsv_std.txt	0.0006142099111347558
counts(Norminten<0.13-SUMMARYCustomAlgos.tsv_var.txt	0.000610000921942794
medNormalized-SUMMARYCustomAlgos.tsv_q25.txt	0.0006088157156843882
counts(Norminten<0.24000000000000002-SUMMARYCustomAlgos.tsv_q75.txt	0.0006081170104199696
counts(inten<0.12Normalized-SUMMARYCustomAlgos.tsv_q75.txt	0.0006061686496105366
counts(inten<0.02Normalized-SUMMARYCustomAlgos.tsv_q25.txt	0.0006059618945261539
counts(Norminten<0.02-SUMMARYCustomAlgos.tsv_std.txt	0.0006037888273836594
min-SUMMARYCustomAlgos.tsv_median.txt	0.0005965992869021492
counts(Norminten<0.060000000000000005-SUMMARYCustomAlgos.tsv_q10.txt	0.0005944742345468291
counts(inten<0.09Normalized-SUMMARYCustomAlgos.tsv_min.txt	0.0005899257031018096
counts(Norminten<0.01-SUMMARYCustomAlgos.tsv_q10.txt	0.0005854516813512213
counts(Norminten<0.11-SUMMARYCustomAlgos.tsv_var.txt	0.0005790982059055562
counts(inten<0.05-SUMMARYCustomAlgos.tsv_std.txt	0.0005771419168061873
counts(Norminten<0.01-SUMMARYCustomAlgos.tsv_q25.txt	0.0005766562973060742
counts(inten<0.06999999999999999-SUMMARYCustomAlgos.tsv_q75.txt	0.0005763888165463509
diff-SUMMARYCustomAlgos.tsv_q25.txt	0.0005763564067287339
counts(inten<0.09999999999999999Normalized-SUMMARYCustomAlgos.tsv_q75.txt	0.0005758638167787799
counts(inten<0.02Normalized-SUMMARYCustomAlgos.tsv_min.txt	0.0005752977315851208
counts(inten<0.09999999999999999Normalized-SUMMARYCustomAlgos.tsv_var.txt	0.0005729195231905311
counts(Norminten<0.29000000000000004Normalized-SUMMARYCustomAlgos.tsv_q25.txt	0.0005719727099889118
counts(Norminten<0.04-SUMMARYCustomAlgos.tsv_median.txt	0.0005661932479876799
counts(Norminten<0.03-SUMMARYCustomAlgos.tsv_std.txt	0.0005650443144304006
counts(Norminten<0.27-SUMMARYCustomAlgos.tsv_q75.txt	0.0005625455855835055
counts(inten<0.08Normalized-SUMMARYCustomAlgos.tsv_var.txt	0.0005591807336065912
counts(Norminten<0.2Normalized-SUMMARYCustomAlgos.tsv_q75.txt	0.0005515720147982363
meanNormalized-SUMMARYCustomAlgos.tsv_q10.txt	0.0005511017152178669
counts(Norminten<0.09-SUMMARYCustomAlgos.tsv_var.txt	0.0005485459507315078
SubstratumCoverage-SUMMARYCustomAlgos.tsv_min.txt	0.0005475455886324548
counts(Norminten<0.14-SUMMARYCustomAlgos.tsv_median.txt	0.0005438519844656426
counts(Norminten<0.09999999999999999-SUMMARYCustomAlgos.tsv_var.txt	0.0005394692537474841
counts(inten<0.08-SUMMARYCustomAlgos.tsv_mean.txt	0.0005376312749633219
min-SUMMARYCustomAlgos.tsv_mean.txt	0.0005373166295253147
counts(inten<0.05Normalized-SUMMARYCustomAlgos.tsv_q75.txt	0.0005362837236343819
counts(inten<0.22-SUMMARYCustomAlgos.tsv_median.txt	0.0005357473533217443
counts(Norminten<0.06999999999999999Normalized-SUMMARYCustomAlgos.tsv_q10.txt	0.0005348082092012263
counts(Norminten<0.17Normalized-SUMMARYCustomAlgos.tsv_median.txt	0.0005338414935543418
counts(inten<0.05-SUMMARYCustomAlgos.tsv_mean.txt	0.0005328789374008933
minPropNormalized-SUMMARYCustomAlgos.tsv_q10.txt	0.0005307661312934714
counts(Norminten<0.16Normalized-SUMMARYCustomAlgos.tsv_median.txt	0.0005304908981134665
counts(inten<0.09-SUMMARYCustomAlgos.tsv_max.txt	0.000527199531546218
counts(inten<0.03Normalized-SUMMARYCustomAlgos.tsv_median.txt	0.0005222035405558878
maxNormalized-SUMMARYCustomAlgos.tsv_q25.txt	0.0005183116629228162
counts(inten<0.08Normalized-SUMMARYCustomAlgos.tsv_max.txt	0.0005180879648471496
counts(Norminten<0.01Normalized-SUMMARYCustomAlgos.tsv_median.txt	0.0005171054700936311
counts(inten<0.09-SUMMARYCustomAlgos.tsv_var.txt	0.0005162413548519922
counts(inten<0.16-SUMMARYCustomAlgos.tsv_q75.txt	0.0005150285885460786
counts(inten<0.09Normalized-SUMMARYCustomAlgos.tsv_var.txt	0.0005136395839508549
counts(Norminten<0.27-SUMMARYCustomAlgos.tsv_max.txt	0.0005112037665851618
counts(inten<0.08-SUMMARYCustomAlgos.tsv_q25.txt	0.0005107439732515864
meanNormalized-SUMMARYCustomAlgos.tsv_var.txt	0.0005094419701551342
std-SUMMARYCustomAlgos.tsv_q25.txt	0.0005086589125996867
counts(Norminten<0.04-SUMMARYCustomAlgos.tsv_var.txt	0.0005085692910489987
ThicknessThreshold=0.04-SUMMARYCustomAlgos.tsv_min.txt	0.0005063730483300427
counts(Norminten<0.25Normalized-SUMMARYCustomAlgos.tsv_median.txt	0.0005013016033024846
counts(Norminten<0.060000000000000005Normalized-SUMMARYCustomAlgos.tsv_q75.txt	0.0004995719655223476
diff-SUMMARYCustomAlgos.tsv_max.txt	0.0004990541112994034
counts(inten<0.14Normalized-SUMMARYCustomAlgos.tsv_q75.txt	0.0004927488094901043
counts(Norminten<0.09999999999999999-SUMMARYCustomAlgos.tsv_std.txt	0.0004911149910347759
counts(inten<0.14-SUMMARYCustomAlgos.tsv_q75.txt	0.0004898137352557419
diffNormalized-SUMMARYCustomAlgos.tsv_q90.txt	0.0004891117745471554
counts(inten<0.06999999999999999Normalized-SUMMARYCustomAlgos.tsv_q75.txt	0.0004870541074207828
counts(Norminten<0.06999999999999999Normalized-SUMMARYCustomAlgos.tsv_max.txt	0.00048638306138422947
counts(inten<0.060000000000000005Normalized-SUMMARYCustomAlgos.tsv_min.txt	0.00048632483487648354
counts(Norminten<0.21000000000000002Normalized-SUMMARYCustomAlgos.tsv_q90.txt	0.00048265073639526394
counts(Norminten<0.24000000000000002-SUMMARYCustomAlgos.tsv_std.txt	0.00047663764573007875
counts(Norminten<0.25-SUMMARYCustomAlgos.tsv_q75.txt	0.00047552260985052634
SubstratumCoverage-SUMMARYCustomAlgos.tsv_q90.txt	0.0004724874790797763
counts(Norminten<0.08Normalized-SUMMARYCustomAlgos.tsv_q90.txt	0.00047177335194361925
meanNormalized-SUMMARYCustomAlgos.tsv_q25.txt	0.00047127773418121374
counts(inten<0.05Normalized-SUMMARYCustomAlgos.tsv_max.txt	0.00046922998830616904
counts(inten<0.05Normalized-SUMMARYCustomAlgos.tsv_q90.txt	0.00046492037938772795
mindiffs-SUMMARYDiffGlobal.tsv_median.txt	0.0004639209745344482
counts(inten<0.04Normalized-SUMMARYCustomAlgos.tsv_q10.txt	0.0004625194052249597
counts(Norminten<0.02Normalized-SUMMARYCustomAlgos.tsv_std.txt	0.00045742851380924473
counts(inten<0.03-SUMMARYCustomAlgos.tsv_var.txt	0.00045704854045638575
SubstratumCoverage-SUMMARYCustomAlgos.tsv_q10.txt	0.0004569501521364588
counts(inten<0.04-SUMMARYCustomAlgos.tsv_median.txt	0.00045653010503948494
counts(Norminten<0.04-SUMMARYCustomAlgos.tsv_q25.txt	0.00045645756577887054
counts(Norminten<0.06999999999999999-SUMMARYCustomAlgos.tsv_var.txt	0.00045441227230707084
counts(Norminten<0.03-SUMMARYCustomAlgos.tsv_var.txt	0.00045429518262742394
counts(Norminten<0.27Normalized-SUMMARYCustomAlgos.tsv_q90.txt	0.0004533056672360822
counts(inten<0.04-SUMMARYCustomAlgos.tsv_q90.txt	0.0004504996371478412
counts(inten<0.01-SUMMARYCustomAlgos.tsv_q75.txt	0.0004492376743648336
counts(Norminten<0.13Normalized-SUMMARYCustomAlgos.tsv_q90.txt	0.0004474749088399496
counts(Norminten<0.06999999999999999Normalized-SUMMARYCustomAlgos.tsv_median.txt	0.0004470606629128141
counts(Norminten<0.09Normalized-SUMMARYCustomAlgos.tsv_std.txt	0.00044703026541628266
stdNormalized-SUMMARYCustomAlgos.tsv_std.txt	0.00044667203643493076
counts(Norminten<0.08Normalized-SUMMARYCustomAlgos.tsv_q10.txt	0.00044565748873582174
counts(inten<0.08-SUMMARYCustomAlgos.tsv_q90.txt	0.0004426706957046716
counts(Norminten<0.01-SUMMARYCustomAlgos.tsv_mean.txt	0.00044146196684014184
SubstratumCoverage-SUMMARYCustomAlgos.tsv_median.txt	0.000439633032834044
counts(inten<0.19-SUMMARYCustomAlgos.tsv_q25.txt	0.00043958563462204755
counts(inten<0.22-SUMMARYCustomAlgos.tsv_q25.txt	0.0004392464460384721
counts(inten<0.04Normalized-SUMMARYCustomAlgos.tsv_std.txt	0.00043748896879643374
std-SUMMARYCustomAlgos.tsv_q75.txt	0.00043712558665282735
counts(Norminten<0.060000000000000005Normalized-SUMMARYCustomAlgos.tsv_max.txt	0.00043602368481656306
counts(Norminten<0.18000000000000002Normalized-SUMMARYCustomAlgos.tsv_q90.txt	0.00043548695079556816
ThicknessThreshold=0.02-SUMMARYCustomAlgos.tsv_min.txt	0.00043461401044638046
counts(Norminten<0.09Normalized-SUMMARYCustomAlgos.tsv_q10.txt	0.0004338935159868244
maxdiffs-SUMMARYDiffGlobal.tsv_q90.txt	0.0004334102667092889
counts(Norminten<0.09999999999999999-SUMMARYCustomAlgos.tsv_min.txt	0.00043252469847321237
counts(Norminten<0.06999999999999999Normalized-SUMMARYCustomAlgos.tsv_std.txt	0.000431617375481386
ThicknessThreshold=0.01-SUMMARYCustomAlgos.tsv_mean.txt	0.00043142612668584644
counts(Norminten<0.2Normalized-SUMMARYCustomAlgos.tsv_median.txt	0.00042924412427994323
counts(inten<0.060000000000000005Normalized-SUMMARYCustomAlgos.tsv_q10.txt	0.00042850834741755607
counts(Norminten<0.09Normalized-SUMMARYCustomAlgos.tsv_q90.txt	0.0004257572555342485
counts(inten<0.11-SUMMARYCustomAlgos.tsv_var.txt	0.0004242767155907804
counts(inten<0.060000000000000005-SUMMARYCustomAlgos.tsv_q25.txt	0.000422003176013018
counts(Norminten<0.03-SUMMARYCustomAlgos.tsv_q75.txt	0.00041795427465000657
std-SUMMARYCustomAlgos.tsv_max.txt	0.0004171109483017496
meanNormalized-SUMMARYCustomAlgos.tsv_max.txt	0.0004170879099445055
counts(Norminten<0.03Normalized-SUMMARYCustomAlgos.tsv_min.txt	0.0004167815718089665
counts(inten<0.04Normalized-SUMMARYCustomAlgos.tsv_max.txt	0.0004164540220419572
SubstratumCoverage-SUMMARYCustomAlgos.tsv_max.txt	0.0004160975845004515
ThicknessThreshold=0.02-SUMMARYCustomAlgos.tsv_q90.txt	0.0004153916002632972
maxdiffs-SUMMARYDiffGlobal.tsv_max.txt	0.00041524157106754097
counts(inten<0.12-SUMMARYCustomAlgos.tsv_q25.txt	0.0004152187950481882
counts(Norminten<0.09Normalized-SUMMARYCustomAlgos.tsv_q25.txt	0.00041354954556677994
minProp-SUMMARYCustomAlgos.tsv_mean.txt	0.0004130118161511822
counts(Norminten<0.11Normalized-SUMMARYCustomAlgos.tsv_q75.txt	0.0004123383771741172
counts(Norminten<0.08Normalized-SUMMARYCustomAlgos.tsv_median.txt	0.000411510642807242
counts(Norminten<0.03Normalized-SUMMARYCustomAlgos.tsv_q75.txt	0.00041038841311815836
counts(Norminten<0.02-SUMMARYCustomAlgos.tsv_var.txt	0.00041012930096657427
counts(inten<0.23-SUMMARYCustomAlgos.tsv_median.txt	0.0004095629186656529
counts(inten<0.16Normalized-SUMMARYCustomAlgos.tsv_median.txt	0.00040942133064503743
counts(inten<0.06999999999999999-SUMMARYCustomAlgos.tsv_q10.txt	0.0004069592082153222
counts(Norminten<0.22Normalized-SUMMARYCustomAlgos.tsv_median.txt	0.00040484708444298245
counts(inten<0.06999999999999999-SUMMARYCustomAlgos.tsv_q25.txt	0.0004043425418511249
counts(Norminten<0.09999999999999999Normalized-SUMMARYCustomAlgos.tsv_q90.txt	0.00040398733200583273
counts(inten<0.18000000000000002-SUMMARYCustomAlgos.tsv_q75.txt	0.00040324153090632084
mean-SUMMARYCustomAlgos.tsv_var.txt	0.00040165096698697555
minNormalized-SUMMARYCustomAlgos.tsv_q75.txt	0.00040127763648275085
BioVolume-SUMMARYCustomAlgos.tsv_max.txt	0.00039886683201878113
counts(inten<0.09-SUMMARYCustomAlgos.tsv_mean.txt	0.00039658036634855674
counts(Norminten<0.29000000000000004-SUMMARYCustomAlgos.tsv_max.txt	0.0003965715372825045
ThicknessThreshold=0.04-SUMMARYCustomAlgos.tsv_q25.txt	0.0003949517830763888
counts(Norminten<0.27Normalized-SUMMARYCustomAlgos.tsv_q75.txt	0.00039344152865989523
mindiffs-SUMMARYDiffGlobal.tsv_q25.txt	0.00039303182698716035
counts(Norminten<0.01Normalized-SUMMARYCustomAlgos.tsv_q75.txt	0.000391356237356987
counts(Norminten<0.23Normalized-SUMMARYCustomAlgos.tsv_median.txt	0.0003907145703841182
counts(inten<0.18000000000000002Normalized-SUMMARYCustomAlgos.tsv_median.txt	0.0003896765374331472
counts(Norminten<0.21000000000000002-SUMMARYCustomAlgos.tsv_std.txt	0.0003874186303897092
counts(Norminten<0.03-SUMMARYCustomAlgos.tsv_q25.txt	0.0003862682836253991
ThicknessThreshold=0.02-SUMMARYCustomAlgos.tsv_mean.txt	0.00038608963708430236
counts(Norminten<0.04Normalized-SUMMARYCustomAlgos.tsv_q90.txt	0.0003860577467942474
BioVolume-SUMMARYCustomAlgos.tsv_median.txt	0.000385866405705114
counts(Norminten<0.25Normalized-SUMMARYCustomAlgos.tsv_min.txt	0.00038556143767338807
ThicknessThreshold=0.01-SUMMARYCustomAlgos.tsv_q90.txt	0.00038463847190334396
counts(inten<0.04-SUMMARYCustomAlgos.tsv_q10.txt	0.0003831176127245708
counts(Norminten<0.15000000000000002Normalized-SUMMARYCustomAlgos.tsv_min.txt	0.000381798954501067
counts(inten<0.03Normalized-SUMMARYCustomAlgos.tsv_q90.txt	0.0003799949055926008
maxdiffs-SUMMARYDiffGlobal.tsv_q75.txt	0.00037993490033132985
counts(inten<0.02Normalized-SUMMARYCustomAlgos.tsv_q10.txt	0.00037981988296193923
counts(Norminten<0.11Normalized-SUMMARYCustomAlgos.tsv_q10.txt	0.0003784209349821287
counts(inten<0.14-SUMMARYCustomAlgos.tsv_q25.txt	0.0003764060072061792
counts(inten<0.04Normalized-SUMMARYCustomAlgos.tsv_var.txt	0.00037597291980369705
SubstratumCoverage-SUMMARYCustomAlgos.tsv_q25.txt	0.0003754331619446731
counts(Norminten<0.02Normalized-SUMMARYCustomAlgos.tsv_var.txt	0.0003744721694716325
counts(inten<0.11-SUMMARYCustomAlgos.tsv_q90.txt	0.00037386017876418217
maxNormalized-SUMMARYCustomAlgos.tsv_max.txt	0.0003711402065572255
counts(inten<0.04-SUMMARYCustomAlgos.tsv_std.txt	0.0003704605492778387
stdNormalized-SUMMARYCustomAlgos.tsv_q90.txt	0.000369984005630201
counts(Norminten<0.06999999999999999Normalized-SUMMARYCustomAlgos.tsv_q25.txt	0.00036942292687918175
counts(Norminten<0.28Normalized-SUMMARYCustomAlgos.tsv_std.txt	0.00036930695526791443
counts(Norminten<0.02-SUMMARYCustomAlgos.tsv_q10.txt	0.0003659433439502406
counts(Norminten<0.02-SUMMARYCustomAlgos.tsv_q75.txt	0.0003648754971975788
counts(Norminten<0.05Normalized-SUMMARYCustomAlgos.tsv_q75.txt	0.00036216646077853775
counts(inten<0.08Normalized-SUMMARYCustomAlgos.tsv_q10.txt	0.00035993026429831447
counts(Norminten<0.02Normalized-SUMMARYCustomAlgos.tsv_q25.txt	0.0003592084694274069
ThicknessThreshold=0.04-SUMMARYCustomAlgos.tsv_q90.txt	0.0003561286579615934
counts(Norminten<0.01Normalized-SUMMARYCustomAlgos.tsv_var.txt	0.00035521235280552133
counts(Norminten<0.28Normalized-SUMMARYCustomAlgos.tsv_var.txt	0.0003551896671931832
ThicknessThreshold=0.01-SUMMARYCustomAlgos.tsv_max.txt	0.00035467795064467433
meanNormalized-SUMMARYCustomAlgos.tsv_std.txt	0.0003540663191161579
counts(Norminten<0.11Normalized-SUMMARYCustomAlgos.tsv_q90.txt	0.00035315546300834555
meanNormalized-SUMMARYCustomAlgos.tsv_min.txt	0.00035230304256310977
counts(Norminten<0.28Normalized-SUMMARYCustomAlgos.tsv_q75.txt	0.0003514727379259958
ThicknessThreshold=0.01-SUMMARYCustomAlgos.tsv_q25.txt	0.000349642033057808
counts(inten<0.02-SUMMARYCustomAlgos.tsv_var.txt	0.0003454301391212168
counts(Norminten<0.11-SUMMARYCustomAlgos.tsv_median.txt	0.00034432488644007734
counts(Norminten<0.03-SUMMARYCustomAlgos.tsv_max.txt	0.00034416106445364284
counts(inten<0.16Normalized-SUMMARYCustomAlgos.tsv_q75.txt	0.0003430296789111644
ThicknessThreshold=0.04-SUMMARYCustomAlgos.tsv_mean.txt	0.00034266436097088985
counts(inten<0.15000000000000002-SUMMARYCustomAlgos.tsv_q75.txt	0.0003425106052170769
counts(inten<0.08Normalized-SUMMARYCustomAlgos.tsv_median.txt	0.0003412740356160285
counts(Norminten<0.22Normalized-SUMMARYCustomAlgos.tsv_q25.txt	0.00034001100436272755
counts(Norminten<0.19Normalized-SUMMARYCustomAlgos.tsv_q90.txt	0.00033855322459317035
counts(inten<0.06999999999999999Normalized-SUMMARYCustomAlgos.tsv_var.txt	0.0003377310807233676
counts(Norminten<0.12Normalized-SUMMARYCustomAlgos.tsv_median.txt	0.0003357237952793371
counts(inten<0.14Normalized-SUMMARYCustomAlgos.tsv_median.txt	0.0003348179567964543
counts(inten<0.09-SUMMARYCustomAlgos.tsv_min.txt	0.00033370493459804684
maxdiffs-SUMMARYDiffGlobal.tsv_median.txt	0.00033369404255495397
ThicknessThreshold=0.05-SUMMARYCustomAlgos.tsv_max.txt	0.00033274566091092734
counts(Norminten<0.01Normalized-SUMMARYCustomAlgos.tsv_std.txt	0.00032842553785161267
BioVolume-SUMMARYCustomAlgos.tsv_min.txt	0.0003259103380972449
med-SUMMARYCustomAlgos.tsv_min.txt	0.00032507528240985524
counts(Norminten<0.18000000000000002Normalized-SUMMARYCustomAlgos.tsv_median.txt	0.0003245214417775952
globalMean-SUMMARYDiffGlobal.tsv_q75.txt	0.00032388367370692354
counts(Norminten<0.08Normalized-SUMMARYCustomAlgos.tsv_var.txt	0.0003233651576042163
counts(inten<0.02-SUMMARYCustomAlgos.tsv_q90.txt	0.0003199289154064519
counts(Norminten<0.15000000000000002Normalized-SUMMARYCustomAlgos.tsv_median.txt	0.00031895431808867463
counts(inten<0.08Normalized-SUMMARYCustomAlgos.tsv_min.txt	0.0003171358303848617
counts(Norminten<0.19Normalized-SUMMARYCustomAlgos.tsv_q75.txt	0.0003168374792220208
counts(inten<0.23Normalized-SUMMARYCustomAlgos.tsv_q75.txt	0.0003160006374158169
counts(Norminten<0.29000000000000004Normalized-SUMMARYCustomAlgos.tsv_q75.txt	0.00031570698800464627
counts(Norminten<0.22Normalized-SUMMARYCustomAlgos.tsv_max.txt	0.0003152346777033268
minProp-SUMMARYCustomAlgos.tsv_var.txt	0.00031355740252563257
counts(inten<0.09999999999999999-SUMMARYCustomAlgos.tsv_median.txt	0.00031308332613109454
counts(inten<0.09999999999999999Normalized-SUMMARYCustomAlgos.tsv_std.txt	0.0003123124673275433
maxdiffs-SUMMARYDiffGlobal.tsv_mean.txt	0.0003120346688195776
counts(Norminten<0.03Normalized-SUMMARYCustomAlgos.tsv_median.txt	0.00030963909547297426
counts(inten<0.23-SUMMARYCustomAlgos.tsv_min.txt	0.0003092195287936051
counts(Norminten<0.29000000000000004-SUMMARYCustomAlgos.tsv_q75.txt	0.0003081108563841695
counts(inten<0.06999999999999999Normalized-SUMMARYCustomAlgos.tsv_q25.txt	0.00030490473257067935
counts(Norminten<0.12Normalized-SUMMARYCustomAlgos.tsv_q75.txt	0.0003036367320285963
counts(Norminten<0.060000000000000005-SUMMARYCustomAlgos.tsv_mean.txt	0.00030350881063010614
counts(inten<0.12Normalized-SUMMARYCustomAlgos.tsv_median.txt	0.00030322589638081746
counts(Norminten<0.16Normalized-SUMMARYCustomAlgos.tsv_min.txt	0.0003018545064197405
counts(Norminten<0.06999999999999999-SUMMARYCustomAlgos.tsv_q10.txt	0.0003004522354276436
counts(inten<0.17Normalized-SUMMARYCustomAlgos.tsv_min.txt	0.0003002721649982155
counts(inten<0.15000000000000002-SUMMARYCustomAlgos.tsv_median.txt	0.00029972040872576234
min-SUMMARYCustomAlgos.tsv_q10.txt	0.00029971235414045437
counts(inten<0.01Normalized-SUMMARYCustomAlgos.tsv_q10.txt	0.00029734192171347254
counts(Norminten<0.23Normalized-SUMMARYCustomAlgos.tsv_max.txt	0.0002967446220129525
maxdiffs-SUMMARYDiffGlobal.tsv_q25.txt	0.0002962395022870882
ThicknessThreshold=0.03-SUMMARYCustomAlgos.tsv_max.txt	0.0002962180454211558
counts(Norminten<0.22Normalized-SUMMARYCustomAlgos.tsv_q75.txt	0.0002952160400989685
counts(inten<0.14Normalized-SUMMARYCustomAlgos.tsv_max.txt	0.00029322279760060166
counts(Norminten<0.14Normalized-SUMMARYCustomAlgos.tsv_q90.txt	0.0002928564283680024
mindiffs-SUMMARYDiffGlobal.tsv_mean.txt	0.00029272423000129076
counts(inten<0.26-SUMMARYCustomAlgos.tsv_q75.txt	0.0002923784838697763
counts(inten<0.24000000000000002-SUMMARYCustomAlgos.tsv_q75.txt	0.00029152493731954716
counts(Norminten<0.2-SUMMARYCustomAlgos.tsv_median.txt	0.00029088815516678995
counts(inten<0.08Normalized-SUMMARYCustomAlgos.tsv_q75.txt	0.0002896335559267054
maxdiffs-SUMMARYDiffGlobal.tsv_q10.txt	0.0002894973341220035
counts(inten<0.19-SUMMARYCustomAlgos.tsv_mean.txt	0.0002891751310415263
counts(Norminten<0.25-SUMMARYCustomAlgos.tsv_median.txt	0.0002888884597855985
counts(Norminten<0.15000000000000002-SUMMARYCustomAlgos.tsv_q75.txt	0.00028886686152842405
counts(Norminten<0.18000000000000002Normalized-SUMMARYCustomAlgos.tsv_min.txt	0.00028658526738666696
mdiffs-SUMMARYDiffGlobal.tsv_min.txt	0.00028448727099787154
counts(Norminten<0.01-SUMMARYCustomAlgos.tsv_median.txt	0.0002839148732045287
counts(Norminten<0.04Normalized-SUMMARYCustomAlgos.tsv_median.txt	0.000282956234474685
counts(Norminten<0.12Normalized-SUMMARYCustomAlgos.tsv_q10.txt	0.00028022789215209165
counts(Norminten<0.28-SUMMARYCustomAlgos.tsv_max.txt	0.000279111848052852
counts(Norminten<0.15000000000000002Normalized-SUMMARYCustomAlgos.tsv_q10.txt	0.00027711467506246775
counts(Norminten<0.21000000000000002-SUMMARYCustomAlgos.tsv_var.txt	0.0002766461380535788
counts(Norminten<0.2-SUMMARYCustomAlgos.tsv_std.txt	0.00027524204485978275
counts(inten<0.060000000000000005Normalized-SUMMARYCustomAlgos.tsv_q75.txt	0.0002751749859664318
counts(inten<0.01-SUMMARYCustomAlgos.tsv_mean.txt	0.0002746004033885483
counts(Norminten<0.02Normalized-SUMMARYCustomAlgos.tsv_median.txt	0.0002729807361592402
counts(Norminten<0.09Normalized-SUMMARYCustomAlgos.tsv_q75.txt	0.00027216506206864557
counts(inten<0.2Normalized-SUMMARYCustomAlgos.tsv_min.txt	0.00027023388304134164
std-SUMMARYCustomAlgos.tsv_q10.txt	0.0002700661353697137
BioVolume-SUMMARYCustomAlgos.tsv_mean.txt	0.00026895115616581576
counts(Norminten<0.17-SUMMARYCustomAlgos.tsv_std.txt	0.0002678428853107638
counts(Norminten<0.02Normalized-SUMMARYCustomAlgos.tsv_min.txt	0.00026745783506225933
counts(Norminten<0.11Normalized-SUMMARYCustomAlgos.tsv_median.txt	0.0002674448955411061
counts(Norminten<0.27Normalized-SUMMARYCustomAlgos.tsv_max.txt	0.00026739620477728604
counts(inten<0.08Normalized-SUMMARYCustomAlgos.tsv_q90.txt	0.0002659419176980427
counts(Norminten<0.25-SUMMARYCustomAlgos.tsv_max.txt	0.00026557525009215233
ThicknessThreshold=0.01-SUMMARYCustomAlgos.tsv_min.txt	0.00026513154996669636
counts(inten<0.06999999999999999Normalized-SUMMARYCustomAlgos.tsv_median.txt	0.00026506895298304846
counts(inten<0.22-SUMMARYCustomAlgos.tsv_q75.txt	0.00026481355491858794
counts(inten<0.09999999999999999-SUMMARYCustomAlgos.tsv_std.txt	0.00026435962907754524
counts(inten<0.21000000000000002-SUMMARYCustomAlgos.tsv_q25.txt	0.0002643329750754445
mean-SUMMARYCustomAlgos.tsv_q75.txt	0.00026423579489163
counts(Norminten<0.14Normalized-SUMMARYCustomAlgos.tsv_q75.txt	0.00026412879575394844
counts(inten<0.15000000000000002Normalized-SUMMARYCustomAlgos.tsv_median.txt	0.00026254716918605646
counts(Norminten<0.24000000000000002Normalized-SUMMARYCustomAlgos.tsv_var.txt	0.00026147919087616634
counts(inten<0.19-SUMMARYCustomAlgos.tsv_min.txt	0.00026142013491139136
counts(Norminten<0.18000000000000002-SUMMARYCustomAlgos.tsv_max.txt	0.0002600424538365569
diff-SUMMARYCustomAlgos.tsv_min.txt	0.00025990924641073807
MicrocoloniesPlatonicNormalized-SUMMARYCustomAlgos.tsv_max.txt	0.00025982736803521555
ThicknessThreshold=0.01-SUMMARYCustomAlgos.tsv_q10.txt	0.00025902903322986827
minProp-SUMMARYCustomAlgos.tsv_median.txt	0.00025774416829864094
counts(Norminten<0.23Normalized-SUMMARYCustomAlgos.tsv_q75.txt	0.0002570361215905027
counts(inten<0.02-SUMMARYCustomAlgos.tsv_max.txt	0.0002532835473085472
counts(inten<0.08-SUMMARYCustomAlgos.tsv_q10.txt	0.00025275711841254403
counts(Norminten<0.13Normalized-SUMMARYCustomAlgos.tsv_q10.txt	0.0002527326479564464
counts(inten<0.01Normalized-SUMMARYCustomAlgos.tsv_median.txt	0.00025245429463332825
counts(Norminten<0.16Normalized-SUMMARYCustomAlgos.tsv_var.txt	0.0002516703532080016
ThicknessThreshold=0.060000000000000005-SUMMARYCustomAlgos.tsv_q75.txt	0.0002501236871701014
counts(inten<0.13Normalized-SUMMARYCustomAlgos.tsv_min.txt	0.00024984647881254063
minProp-SUMMARYCustomAlgos.tsv_std.txt	0.00024886995055311504
counts(inten<0.17-SUMMARYCustomAlgos.tsv_q75.txt	0.00024822592073863673
ThicknessThreshold=0.03-SUMMARYCustomAlgos.tsv_q90.txt	0.00024675420418434295
counts(Norminten<0.26Normalized-SUMMARYCustomAlgos.tsv_q75.txt	0.00024608393747464855
counts(Norminten<0.03Normalized-SUMMARYCustomAlgos.tsv_std.txt	0.00024578969751076296
counts(Norminten<0.19-SUMMARYCustomAlgos.tsv_std.txt	0.0002457425022712764
counts(Norminten<0.19Normalized-SUMMARYCustomAlgos.tsv_q25.txt	0.0002453831248390526
counts(Norminten<0.22-SUMMARYCustomAlgos.tsv_std.txt	0.0002447808052579082
globalMean-SUMMARYDiffGlobal.tsv_mean.txt	0.00024433179900532396
counts(Norminten<0.17Normalized-SUMMARYCustomAlgos.tsv_q90.txt	0.00024291580328451883
counts(Norminten<0.09999999999999999Normalized-SUMMARYCustomAlgos.tsv_q10.txt	0.0002421648584646338
globalMean-SUMMARYDiffGlobal.tsv_max.txt	0.00024184867728879546
counts(Norminten<0.18000000000000002-SUMMARYCustomAlgos.tsv_median.txt	0.00024156354337448682
counts(inten<0.09999999999999999-SUMMARYCustomAlgos.tsv_q90.txt	0.00024110609403991333
counts(inten<0.15000000000000002Normalized-SUMMARYCustomAlgos.tsv_q75.txt	0.0002410446222234405
BioVolume-SUMMARYCustomAlgos.tsv_q75.txt	0.00024088252366680747
counts(inten<0.12-SUMMARYCustomAlgos.tsv_q75.txt	0.00023993765221931598
counts(inten<0.15000000000000002Normalized-SUMMARYCustomAlgos.tsv_q90.txt	0.00023965227666673363
counts(inten<0.18000000000000002-SUMMARYCustomAlgos.tsv_min.txt	0.0002389594217618964
counts(Norminten<0.060000000000000005-SUMMARYCustomAlgos.tsv_q75.txt	0.0002389543131971205
ThicknessThreshold=0.060000000000000005-SUMMARYCustomAlgos.tsv_median.txt	0.00023863586260972433
counts(inten<0.21000000000000002-SUMMARYCustomAlgos.tsv_q75.txt	0.00023758168076692252
counts(Norminten<0.17-SUMMARYCustomAlgos.tsv_median.txt	0.00023612024780224426
counts(Norminten<0.26Normalized-SUMMARYCustomAlgos.tsv_var.txt	0.00023576737304788824
ThicknessThreshold=0.03-SUMMARYCustomAlgos.tsv_q25.txt	0.00023574596830930276
counts(Norminten<0.01Normalized-SUMMARYCustomAlgos.tsv_q90.txt	0.00023458867145511808
counts(inten<0.2-SUMMARYCustomAlgos.tsv_q25.txt	0.0002338258203992389
MicrocoloniesPlatonic-SUMMARYCustomAlgos.tsv_std.txt	0.0002335909816268235
counts(inten<0.12Normalized-SUMMARYCustomAlgos.tsv_q10.txt	0.00023343699249081935
counts(inten<0.02Normalized-SUMMARYCustomAlgos.tsv_median.txt	0.000233325012127959
MicrocoloniesPlatonic-SUMMARYCustomAlgos.tsv_q90.txt	0.00023231889880628986
med-SUMMARYCustomAlgos.tsv_median.txt	0.000230611704496383
medNormalized-SUMMARYCustomAlgos.tsv_q90.txt	0.00023057697046457705
counts(Norminten<0.25-SUMMARYCustomAlgos.tsv_var.txt	0.00022913126029939834
diff-SUMMARYCustomAlgos.tsv_var.txt	0.00022871672475889486
counts(inten<0.18000000000000002-SUMMARYCustomAlgos.tsv_mean.txt	0.00022799095134041578
counts(Norminten<0.17Normalized-SUMMARYCustomAlgos.tsv_max.txt	0.00022762632819252449
counts(Norminten<0.15000000000000002-SUMMARYCustomAlgos.tsv_median.txt	0.00022751700068725746
counts(inten<0.09999999999999999Normalized-SUMMARYCustomAlgos.tsv_min.txt	0.0002262593429333031
counts(inten<0.23-SUMMARYCustomAlgos.tsv_q90.txt	0.00022498579232985592
counts(Norminten<0.21000000000000002Normalized-SUMMARYCustomAlgos.tsv_q75.txt	0.0002247520223330956
counts(Norminten<0.22-SUMMARYCustomAlgos.tsv_var.txt	0.00022469795470594702
MicrocoloniesPlatonic-SUMMARYCustomAlgos.tsv_max.txt	0.0002239062430493656
counts(inten<0.03-SUMMARYCustomAlgos.tsv_q10.txt	0.00022361740107837904
med-SUMMARYCustomAlgos.tsv_q10.txt	0.00022305249588736443
counts(Norminten<0.16-SUMMARYCustomAlgos.tsv_median.txt	0.0002229607147090834
counts(inten<0.09999999999999999-SUMMARYCustomAlgos.tsv_mean.txt	0.00022174167933579212
ThicknessThreshold=0.06999999999999999-SUMMARYCustomAlgos.tsv_q75.txt	0.00022143516591017383
counts(Norminten<0.05Normalized-SUMMARYCustomAlgos.tsv_var.txt	0.00022122119949405757
counts(inten<0.15000000000000002-SUMMARYCustomAlgos.tsv_q90.txt	0.00022060720492429422
counts(inten<0.23Normalized-SUMMARYCustomAlgos.tsv_median.txt	0.00022003485316858862
counts(Norminten<0.25-SUMMARYCustomAlgos.tsv_std.txt	0.00021959778187915835
counts(Norminten<0.24000000000000002Normalized-SUMMARYCustomAlgos.tsv_q25.txt	0.0002188578782964169
BioVolume-SUMMARYCustomAlgos.tsv_q25.txt	0.00021836386212943648
counts(inten<0.02-SUMMARYCustomAlgos.tsv_std.txt	0.0002181678407396105
counts(inten<0.09Normalized-SUMMARYCustomAlgos.tsv_q10.txt	0.0002180310003191118
min-SUMMARYCustomAlgos.tsv_min.txt	0.00021728723512024712
counts(inten<0.02Normalized-SUMMARYCustomAlgos.tsv_q75.txt	0.00021698884382791053
counts(Norminten<0.16-SUMMARYCustomAlgos.tsv_var.txt	0.00021660752378648178
counts(inten<0.09Normalized-SUMMARYCustomAlgos.tsv_median.txt	0.00021632840407947415
counts(Norminten<0.19-SUMMARYCustomAlgos.tsv_median.txt	0.00021551188903034927
counts(Norminten<0.23-SUMMARYCustomAlgos.tsv_q75.txt	0.0002154573887657672
counts(Norminten<0.16Normalized-SUMMARYCustomAlgos.tsv_q90.txt	0.00021469258613580525
mdiffs-SUMMARYDiffGlobal.tsv_max.txt	0.00021464834642253238
counts(Norminten<0.19Normalized-SUMMARYCustomAlgos.tsv_median.txt	0.00021425840858235655
counts(Norminten<0.17Normalized-SUMMARYCustomAlgos.tsv_q75.txt	0.00021416092029292923
counts(Norminten<0.14Normalized-SUMMARYCustomAlgos.tsv_q10.txt	0.00021413903626331924
counts(Norminten<0.09999999999999999-SUMMARYCustomAlgos.tsv_median.txt	0.00021304999459046322
minProp-SUMMARYCustomAlgos.tsv_q90.txt	0.0002127288615580782
counts(Norminten<0.08Normalized-SUMMARYCustomAlgos.tsv_max.txt	0.00021247970785896985
counts(Norminten<0.2Normalized-SUMMARYCustomAlgos.tsv_q10.txt	0.00021216151432135107
mean-SUMMARYCustomAlgos.tsv_std.txt	0.00021183082157339106
counts(Norminten<0.16Normalized-SUMMARYCustomAlgos.tsv_q75.txt	0.00021149185268612205
counts(inten<0.04Normalized-SUMMARYCustomAlgos.tsv_q25.txt	0.00021093481253706015
counts(inten<0.05-SUMMARYCustomAlgos.tsv_median.txt	0.00021046778134231194
globalMean-SUMMARYDiffGlobal.tsv_median.txt	0.0002104091529966033
counts(Norminten<0.09Normalized-SUMMARYCustomAlgos.tsv_median.txt	0.00020995562634350135
counts(inten<0.17-SUMMARYCustomAlgos.tsv_min.txt	0.00020993366256609664
counts(inten<0.22Normalized-SUMMARYCustomAlgos.tsv_median.txt	0.00020991362871106815
counts(inten<0.02Normalized-SUMMARYCustomAlgos.tsv_var.txt	0.00020884321047386528
counts(Norminten<0.24000000000000002Normalized-SUMMARYCustomAlgos.tsv_q90.txt	0.0002074329204991338
counts(inten<0.09999999999999999Normalized-SUMMARYCustomAlgos.tsv_q10.txt	0.00020655743850902703
counts(inten<0.08Normalized-SUMMARYCustomAlgos.tsv_q25.txt	0.00020610407834003805
ThicknessThreshold=0.03-SUMMARYCustomAlgos.tsv_min.txt	0.0002059009844645454
counts(inten<0.12-SUMMARYCustomAlgos.tsv_var.txt	0.00020570144090663767
counts(Norminten<0.22-SUMMARYCustomAlgos.tsv_mean.txt	0.00020559116231920178
counts(Norminten<0.21000000000000002Normalized-SUMMARYCustomAlgos.tsv_min.txt	0.00020547901123358793
counts(inten<0.04Normalized-SUMMARYCustomAlgos.tsv_q75.txt	0.00020515158126144088
ThicknessThreshold=0.04-SUMMARYCustomAlgos.tsv_q75.txt	0.00020417061583194365
counts(inten<0.15000000000000002-SUMMARYCustomAlgos.tsv_q25.txt	0.00020374775428772034
counts(inten<0.2-SUMMARYCustomAlgos.tsv_median.txt	0.00020342836288556564
counts(Norminten<0.18000000000000002Normalized-SUMMARYCustomAlgos.tsv_q75.txt	0.00020310906234220115
counts(inten<0.060000000000000005Normalized-SUMMARYCustomAlgos.tsv_q25.txt	0.00020274173582171366
maxNormalized-SUMMARYCustomAlgos.tsv_q90.txt	0.00020270920830265326
counts(Norminten<0.18000000000000002Normalized-SUMMARYCustomAlgos.tsv_max.txt	0.0002026979541159936
counts(Norminten<0.16Normalized-SUMMARYCustomAlgos.tsv_q10.txt	0.00020268683639684034
counts(inten<0.16Normalized-SUMMARYCustomAlgos.tsv_q10.txt	0.00020211281558072384
ThicknessThreshold=0.01-SUMMARYCustomAlgos.tsv_q75.txt	0.0002019347924375587
counts(Norminten<0.27Normalized-SUMMARYCustomAlgos.tsv_q10.txt	0.00020122613103166055
counts(inten<0.23-SUMMARYCustomAlgos.tsv_mean.txt	0.0001991952999655391
mean-SUMMARYCustomAlgos.tsv_median.txt	0.00019845262353767676
counts(Norminten<0.14Normalized-SUMMARYCustomAlgos.tsv_q25.txt	0.00019834656623423638
maxNormalized-SUMMARYCustomAlgos.tsv_min.txt	0.00019812288451959788
counts(inten<0.17Normalized-SUMMARYCustomAlgos.tsv_q90.txt	0.0001980475372544465
counts(inten<0.22-SUMMARYCustomAlgos.tsv_mean.txt	0.00019779336761274846
Homogenity-SUMMARYCustomAlgos.tsv_q90.txt	0.00019720661238921533
ThicknessThreshold=0.03-SUMMARYCustomAlgos.tsv_mean.txt	0.00019683545230629468
counts(inten<0.21000000000000002-SUMMARYCustomAlgos.tsv_mean.txt	0.00019679535284602943
counts(inten<0.24000000000000002-SUMMARYCustomAlgos.tsv_mean.txt	0.000196676663312638
counts(inten<0.16Normalized-SUMMARYCustomAlgos.tsv_min.txt	0.00019641294532786056
counts(inten<0.27-SUMMARYCustomAlgos.tsv_median.txt	0.00019619828232729928
counts(Norminten<0.09999999999999999Normalized-SUMMARYCustomAlgos.tsv_std.txt	0.00019605043912023932
counts(Norminten<0.15000000000000002Normalized-SUMMARYCustomAlgos.tsv_q75.txt	0.0001959654239630084
counts(inten<0.05-SUMMARYCustomAlgos.tsv_q25.txt	0.000194768673177873
counts(inten<0.15000000000000002Normalized-SUMMARYCustomAlgos.tsv_min.txt	0.00019461890719511008
minProp-SUMMARYCustomAlgos.tsv_max.txt	0.00019438168847825155
minProp-SUMMARYCustomAlgos.tsv_q75.txt	0.00019334872389561983
counts(Norminten<0.04Normalized-SUMMARYCustomAlgos.tsv_var.txt	0.0001927188627715599
counts(inten<0.14-SUMMARYCustomAlgos.tsv_std.txt	0.00019250982184903929
counts(Norminten<0.19-SUMMARYCustomAlgos.tsv_q75.txt	0.00019229456428036424
ThicknessThreshold=0.04-SUMMARYCustomAlgos.tsv_median.txt	0.00019227113702962088
counts(inten<0.09Normalized-SUMMARYCustomAlgos.tsv_q90.txt	0.0001909936702414479
mdiffs-SUMMARYDiffGlobal.tsv_q10.txt	0.00019068288234817482
counts(Norminten<0.05Normalized-SUMMARYCustomAlgos.tsv_std.txt	0.00019053359496814577
ThicknessThreshold=0.02-SUMMARYCustomAlgos.tsv_max.txt	0.00019021754437450057
counts(inten<0.11Normalized-SUMMARYCustomAlgos.tsv_q25.txt	0.00018990249921612963
diffNormalized-SUMMARYCustomAlgos.tsv_std.txt	0.00018973967220730227
counts(Norminten<0.19Normalized-SUMMARYCustomAlgos.tsv_var.txt	0.00018963590910470645
counts(inten<0.24000000000000002Normalized-SUMMARYCustomAlgos.tsv_q75.txt	0.0001885327291281235
counts(inten<0.09Normalized-SUMMARYCustomAlgos.tsv_q25.txt	0.0001884550917717108
diffNormalized-SUMMARYCustomAlgos.tsv_var.txt	0.00018816518609770207
counts(Norminten<0.23-SUMMARYCustomAlgos.tsv_median.txt	0.0001874189091511105
counts(inten<0.12Normalized-SUMMARYCustomAlgos.tsv_q90.txt	0.00018727227871952006
counts(inten<0.09999999999999999-SUMMARYCustomAlgos.tsv_q10.txt	0.0001865034360462551
counts(Norminten<0.09999999999999999Normalized-SUMMARYCustomAlgos.tsv_median.txt	0.00018636504674207277
counts(Norminten<0.27Normalized-SUMMARYCustomAlgos.tsv_var.txt	0.00018626234999297346
counts(inten<0.13-SUMMARYCustomAlgos.tsv_min.txt	0.00018530602636938464
counts(Norminten<0.12Normalized-SUMMARYCustomAlgos.tsv_var.txt	0.00018497058834741583
counts(inten<0.25Normalized-SUMMARYCustomAlgos.tsv_std.txt	0.00018476718302907702
counts(Norminten<0.09999999999999999Normalized-SUMMARYCustomAlgos.tsv_q25.txt	0.00018463548044760696
counts(inten<0.15000000000000002Normalized-SUMMARYCustomAlgos.tsv_var.txt	0.00018425072382012998
counts(Norminten<0.04Normalized-SUMMARYCustomAlgos.tsv_q75.txt	0.00018417216941721233
counts(Norminten<0.02-SUMMARYCustomAlgos.tsv_median.txt	0.0001840649542205981
counts(inten<0.25Normalized-SUMMARYCustomAlgos.tsv_q25.txt	0.00018396156109751392
ThicknessThreshold=0.05-SUMMARYCustomAlgos.tsv_median.txt	0.00018355937912099016
counts(inten<0.03Normalized-SUMMARYCustomAlgos.tsv_std.txt	0.00018299462865685063
counts(inten<0.14Normalized-SUMMARYCustomAlgos.tsv_q90.txt	0.00018293177849607368
counts(inten<0.21000000000000002-SUMMARYCustomAlgos.tsv_q90.txt	0.00018278980964625462
counts(inten<0.18000000000000002Normalized-SUMMARYCustomAlgos.tsv_max.txt	0.0001825259578784169
counts(inten<0.02Normalized-SUMMARYCustomAlgos.tsv_q90.txt	0.00018250596440150336
counts(inten<0.25-SUMMARYCustomAlgos.tsv_median.txt	0.0001822126744770463
ThicknessThreshold=0.02-SUMMARYCustomAlgos.tsv_q10.txt	0.00018180620233993188
counts(inten<0.11Normalized-SUMMARYCustomAlgos.tsv_min.txt	0.0001817642732974481
max-SUMMARYCustomAlgos.tsv_q25.txt	0.00018134189105399202
counts(inten<0.22Normalized-SUMMARYCustomAlgos.tsv_q90.txt	0.00018109471566312669
counts(inten<0.28Normalized-SUMMARYCustomAlgos.tsv_q75.txt	0.00017935267131017628
counts(Norminten<0.11Normalized-SUMMARYCustomAlgos.tsv_std.txt	0.00017910399513275111
counts(inten<0.09-SUMMARYCustomAlgos.tsv_q75.txt	0.00017882444593753078
counts(Norminten<0.24000000000000002Normalized-SUMMARYCustomAlgos.tsv_q75.txt	0.00017725121676429652
counts(Norminten<0.26-SUMMARYCustomAlgos.tsv_var.txt	0.00017662722856459965
counts(Norminten<0.060000000000000005Normalized-SUMMARYCustomAlgos.tsv_std.txt	0.0001760833322725742
counts(inten<0.17Normalized-SUMMARYCustomAlgos.tsv_median.txt	0.0001754918724079109
ThicknessThreshold=0.14-SUMMARYCustomAlgos.tsv_min.txt	0.00017462156408248067
counts(inten<0.19Normalized-SUMMARYCustomAlgos.tsv_max.txt	0.00017461969739473537
ThicknessThreshold=0.09-SUMMARYCustomAlgos.tsv_median.txt	0.00017440606979427235
counts(inten<0.23-SUMMARYCustomAlgos.tsv_q75.txt	0.00017438776538613576
ThicknessThreshold=0.060000000000000005-SUMMARYCustomAlgos.tsv_max.txt	0.00017416597783742702
ThicknessThreshold=0.13-SUMMARYCustomAlgos.tsv_min.txt	0.0001740629257270483
mean-SUMMARYCustomAlgos.tsv_mean.txt	0.0001740357526813259
counts(inten<0.09999999999999999-SUMMARYCustomAlgos.tsv_q75.txt	0.00017356974846699505
counts(inten<0.15000000000000002Normalized-SUMMARYCustomAlgos.tsv_q10.txt	0.00017332938425732513
counts(inten<0.06999999999999999Normalized-SUMMARYCustomAlgos.tsv_q10.txt	0.00017328713121769903
counts(inten<0.21000000000000002-SUMMARYCustomAlgos.tsv_q10.txt	0.00017286829930232236
counts(Norminten<0.02-SUMMARYCustomAlgos.tsv_q90.txt	0.0001728245950641287
counts(inten<0.28Normalized-SUMMARYCustomAlgos.tsv_q90.txt	0.00017254496782556078
mindiffs-SUMMARYDiffGlobal.tsv_min.txt	0.00017216509094751038
mindiffs-SUMMARYDiffGlobal.tsv_q90.txt	0.00017183211757147596
counts(Norminten<0.26-SUMMARYCustomAlgos.tsv_mean.txt	0.00017125408515757633
counts(Norminten<0.11-SUMMARYCustomAlgos.tsv_q90.txt	0.00017105399446906588
counts(inten<0.13Normalized-SUMMARYCustomAlgos.tsv_q10.txt	0.00017085109452186554
counts(Norminten<0.08-SUMMARYCustomAlgos.tsv_q10.txt	0.00017080623962623207
counts(Norminten<0.13Normalized-SUMMARYCustomAlgos.tsv_q75.txt	0.00017008866619802463
counts(inten<0.11-SUMMARYCustomAlgos.tsv_max.txt	0.00016911460256567416
counts(Norminten<0.14Normalized-SUMMARYCustomAlgos.tsv_median.txt	0.00016891314542149483
ThicknessThreshold=0.01-SUMMARYCustomAlgos.tsv_median.txt	0.00016868460081784914
counts(Norminten<0.13Normalized-SUMMARYCustomAlgos.tsv_std.txt	0.0001683874685803142
counts(Norminten<0.12Normalized-SUMMARYCustomAlgos.tsv_q25.txt	0.00016827662014735526
counts(inten<0.05Normalized-SUMMARYCustomAlgos.tsv_median.txt	0.00016807039264731655
counts(Norminten<0.060000000000000005Normalized-SUMMARYCustomAlgos.tsv_median.txt	0.00016799226995896374
counts(Norminten<0.12Normalized-SUMMARYCustomAlgos.tsv_q90.txt	0.0001678200525570565
mean-SUMMARYCustomAlgos.tsv_min.txt	0.0001677854587544215
counts(inten<0.14-SUMMARYCustomAlgos.tsv_median.txt	0.00016725212612669495
counts(inten<0.03-SUMMARYCustomAlgos.tsv_q90.txt	0.0001670709377709637
diff-SUMMARYCustomAlgos.tsv_std.txt	0.0001666494001756187
max-SUMMARYCustomAlgos.tsv_min.txt	0.00016621519832715165
counts(inten<0.01Normalized-SUMMARYCustomAlgos.tsv_q75.txt	0.00016597054540544063
counts(Norminten<0.23Normalized-SUMMARYCustomAlgos.tsv_std.txt	0.00016590078816022526
counts(Norminten<0.05-SUMMARYCustomAlgos.tsv_q90.txt	0.00016566560419973322
counts(inten<0.06999999999999999-SUMMARYCustomAlgos.tsv_mean.txt	0.00016554436189227323
counts(inten<0.18000000000000002-SUMMARYCustomAlgos.tsv_median.txt	0.00016545834393192225
meanNormalized-SUMMARYCustomAlgos.tsv_q90.txt	0.00016231252101998016
counts(inten<0.17Normalized-SUMMARYCustomAlgos.tsv_q10.txt	0.00016217101504988846
ThicknessThreshold=0.060000000000000005-SUMMARYCustomAlgos.tsv_q25.txt	0.00016204855935389058
counts(Norminten<0.03Normalized-SUMMARYCustomAlgos.tsv_q10.txt	0.00016197444648311364
max-SUMMARYCustomAlgos.tsv_var.txt	0.0001618456332023207
counts(inten<0.03-SUMMARYCustomAlgos.tsv_std.txt	0.00016182130161014087
counts(Norminten<0.25Normalized-SUMMARYCustomAlgos.tsv_q75.txt	0.0001613742773455173
counts(inten<0.24000000000000002-SUMMARYCustomAlgos.tsv_q25.txt	0.00016086712665737497
counts(Norminten<0.01-SUMMARYCustomAlgos.tsv_q75.txt	0.00016046760954159587
counts(Norminten<0.08-SUMMARYCustomAlgos.tsv_var.txt	0.00016005649091716887
counts(Norminten<0.27-SUMMARYCustomAlgos.tsv_median.txt	0.00015869390189165736
ThicknessThreshold=0.11-SUMMARYCustomAlgos.tsv_max.txt	0.000158219024278327
MicrocoloniesPlatonicNormalized-SUMMARYCustomAlgos.tsv_median.txt	0.0001581443099267745
ThicknessThreshold=0.18000000000000002-SUMMARYCustomAlgos.tsv_max.txt	0.00015784441996369032
counts(Norminten<0.15000000000000002Normalized-SUMMARYCustomAlgos.tsv_var.txt	0.0001577589856021449
counts(inten<0.29000000000000004-SUMMARYCustomAlgos.tsv_median.txt	0.0001577564369650056
counts(Norminten<0.02Normalized-SUMMARYCustomAlgos.tsv_q10.txt	0.00015770629452039337
counts(Norminten<0.04Normalized-SUMMARYCustomAlgos.tsv_std.txt	0.00015745782786453908
counts(inten<0.28-SUMMARYCustomAlgos.tsv_mean.txt	0.00015703255080154986
RoughnessThreshold=0.24000000000000002-SUMMARYCustomAlgos.tsv_q75.txt	0.0001569177669448111
counts(Norminten<0.08-SUMMARYCustomAlgos.tsv_mean.txt	0.0001566839185480366
ThicknessThreshold=0.05-SUMMARYCustomAlgos.tsv_mean.txt	0.0001560909012640219
counts(inten<0.13Normalized-SUMMARYCustomAlgos.tsv_max.txt	0.0001559207539347417
counts(Norminten<0.24000000000000002Normalized-SUMMARYCustomAlgos.tsv_max.txt	0.0001555993702879074
counts(inten<0.13-SUMMARYCustomAlgos.tsv_q90.txt	0.0001553059522620581
counts(inten<0.13-SUMMARYCustomAlgos.tsv_max.txt	0.0001552350741935259
counts(Norminten<0.14Normalized-SUMMARYCustomAlgos.tsv_var.txt	0.00015497001948015616
counts(Norminten<0.25Normalized-SUMMARYCustomAlgos.tsv_max.txt	0.00015459401188352634
counts(inten<0.04-SUMMARYCustomAlgos.tsv_q25.txt	0.00015450216230836357
counts(inten<0.11-SUMMARYCustomAlgos.tsv_q75.txt	0.00015444296731675886
counts(inten<0.23Normalized-SUMMARYCustomAlgos.tsv_min.txt	0.0001542390166298048
counts(inten<0.14-SUMMARYCustomAlgos.tsv_min.txt	0.0001540931070128468
counts(inten<0.08-SUMMARYCustomAlgos.tsv_q75.txt	0.0001534279073865532
counts(inten<0.24000000000000002Normalized-SUMMARYCustomAlgos.tsv_q90.txt	0.0001531699816152665
counts(Norminten<0.15000000000000002-SUMMARYCustomAlgos.tsv_q25.txt	0.00015145611251322628
counts(inten<0.23-SUMMARYCustomAlgos.tsv_var.txt	0.0001511743919396647
counts(Norminten<0.2Normalized-SUMMARYCustomAlgos.tsv_var.txt	0.00014928551062852422
ThicknessThreshold=0.15000000000000002-SUMMARYCustomAlgos.tsv_q10.txt	0.00014892661467186212
Homogenity-SUMMARYCustomAlgos.tsv_min.txt	0.0001485040705815179
counts(inten<0.01-SUMMARYCustomAlgos.tsv_max.txt	0.00014845325774123287
counts(inten<0.16-SUMMARYCustomAlgos.tsv_min.txt	0.00014837253458653787
counts(Norminten<0.09-SUMMARYCustomAlgos.tsv_min.txt	0.0001483231688653542
ThicknessThreshold=0.060000000000000005-SUMMARYCustomAlgos.tsv_min.txt	0.0001467588499734541
counts(Norminten<0.08-SUMMARYCustomAlgos.tsv_q25.txt	0.00014651289203897625
counts(inten<0.29000000000000004Normalized-SUMMARYCustomAlgos.tsv_q75.txt	0.00014599421059256128
counts(inten<0.11Normalized-SUMMARYCustomAlgos.tsv_q10.txt	0.00014594945135488484
counts(inten<0.16Normalized-SUMMARYCustomAlgos.tsv_var.txt	0.00014547521148199335
counts(Norminten<0.28-SUMMARYCustomAlgos.tsv_mean.txt	0.00014493507431244932
maxNormalized-SUMMARYCustomAlgos.tsv_q10.txt	0.00014411826059972918
counts(inten<0.12-SUMMARYCustomAlgos.tsv_median.txt	0.00014400346318080949
counts(inten<0.18000000000000002Normalized-SUMMARYCustomAlgos.tsv_min.txt	0.00014390290437073748
mean-SUMMARYCustomAlgos.tsv_q25.txt	0.00014354580048390333
counts(inten<0.11-SUMMARYCustomAlgos.tsv_std.txt	0.0001435445928903507
counts(Norminten<0.29000000000000004-SUMMARYCustomAlgos.tsv_q90.txt	0.00014344432643318195
counts(Norminten<0.26Normalized-SUMMARYCustomAlgos.tsv_max.txt	0.00014337769941714248
counts(inten<0.25-SUMMARYCustomAlgos.tsv_max.txt	0.00014276638742471485
counts(Norminten<0.03Normalized-SUMMARYCustomAlgos.tsv_q25.txt	0.00014271324337711695
counts(inten<0.01Normalized-SUMMARYCustomAlgos.tsv_min.txt	0.00014261466265921017
counts(Norminten<0.22Normalized-SUMMARYCustomAlgos.tsv_var.txt	0.00014253037343097107
counts(Norminten<0.01-SUMMARYCustomAlgos.tsv_max.txt	0.00014250686743355758
counts(Norminten<0.21000000000000002-SUMMARYCustomAlgos.tsv_mean.txt	0.00014171419623017247
counts(Norminten<0.13-SUMMARYCustomAlgos.tsv_q75.txt	0.00014165568389850206
counts(Norminten<0.24000000000000002-SUMMARYCustomAlgos.tsv_var.txt	0.00014119385379794157
counts(Norminten<0.18000000000000002-SUMMARYCustomAlgos.tsv_var.txt	0.00014118241180709643
RoughnessThreshold=0.25-SUMMARYCustomAlgos.tsv_mean.txt	0.00014112579332568965
counts(inten<0.22-SUMMARYCustomAlgos.tsv_var.txt	0.0001409651156667703
counts(inten<0.29000000000000004Normalized-SUMMARYCustomAlgos.tsv_median.txt	0.00014064873721953745
counts(inten<0.26-SUMMARYCustomAlgos.tsv_median.txt	0.00013989636270209135
counts(inten<0.28-SUMMARYCustomAlgos.tsv_median.txt	0.00013978085944452991
counts(Norminten<0.14-SUMMARYCustomAlgos.tsv_q10.txt	0.00013970781935912442
counts(inten<0.24000000000000002-SUMMARYCustomAlgos.tsv_q10.txt	0.0001390616975218847
counts(inten<0.21000000000000002-SUMMARYCustomAlgos.tsv_min.txt	0.0001389979725872553
counts(Norminten<0.15000000000000002-SUMMARYCustomAlgos.tsv_min.txt	0.00013869102647701392
counts(Norminten<0.22Normalized-SUMMARYCustomAlgos.tsv_min.txt	0.00013836285637103577
counts(inten<0.25-SUMMARYCustomAlgos.tsv_q75.txt	0.00013815637039728978
counts(inten<0.28Normalized-SUMMARYCustomAlgos.tsv_q25.txt	0.00013782220177278068
counts(inten<0.26Normalized-SUMMARYCustomAlgos.tsv_q10.txt	0.00013754389807957577
maxdiffs-SUMMARYDiffGlobal.tsv_min.txt	0.00013717714236862017
counts(inten<0.13-SUMMARYCustomAlgos.tsv_q25.txt	0.00013699406131571795
RoughnessThreshold=0.23-SUMMARYCustomAlgos.tsv_q10.txt	0.00013697072218691946
counts(inten<0.26Normalized-SUMMARYCustomAlgos.tsv_q75.txt	0.00013635709448962672
counts(inten<0.28-SUMMARYCustomAlgos.tsv_max.txt	0.0001362778492614662
counts(inten<0.27Normalized-SUMMARYCustomAlgos.tsv_max.txt	0.00013609853822765518
counts(Norminten<0.2Normalized-SUMMARYCustomAlgos.tsv_q90.txt	0.0001360517717047378
diffNormalized-SUMMARYCustomAlgos.tsv_median.txt	0.00013540453295365383
ThicknessThreshold=0.24000000000000002-SUMMARYCustomAlgos.tsv_q90.txt	0.00013471230080690092
counts(inten<0.2Normalized-SUMMARYCustomAlgos.tsv_median.txt	0.00013466550517520994
counts(Norminten<0.09-SUMMARYCustomAlgos.tsv_q10.txt	0.0001346068441860814
counts(inten<0.11Normalized-SUMMARYCustomAlgos.tsv_q90.txt	0.00013401439905088506
counts(inten<0.28-SUMMARYCustomAlgos.tsv_q10.txt	0.00013297337955795252
RoughnessThreshold=0.29000000000000004-SUMMARYCustomAlgos.tsv_q10.txt	0.00013212365754830573
counts(Norminten<0.23Normalized-SUMMARYCustomAlgos.tsv_var.txt	0.0001320419361594163
counts(Norminten<0.17-SUMMARYCustomAlgos.tsv_q75.txt	0.0001310325131420626
counts(inten<0.09-SUMMARYCustomAlgos.tsv_q90.txt	0.00013066396133220684
counts(inten<0.24000000000000002-SUMMARYCustomAlgos.tsv_var.txt	0.0001301169490347948
counts(inten<0.2-SUMMARYCustomAlgos.tsv_min.txt	0.00012994293985649712
counts(inten<0.02Normalized-SUMMARYCustomAlgos.tsv_max.txt	0.00012992852693464383
counts(inten<0.12-SUMMARYCustomAlgos.tsv_min.txt	0.00012988746049950907
counts(inten<0.17-SUMMARYCustomAlgos.tsv_mean.txt	0.00012972805684180285
counts(Norminten<0.18000000000000002-SUMMARYCustomAlgos.tsv_q90.txt	0.00012913628658985918
counts(Norminten<0.18000000000000002-SUMMARYCustomAlgos.tsv_q75.txt	0.0001290846189325212
counts(inten<0.13-SUMMARYCustomAlgos.tsv_q75.txt	0.00012894432614248311
counts(Norminten<0.21000000000000002Normalized-SUMMARYCustomAlgos.tsv_max.txt	0.00012882945131477186
med-SUMMARYCustomAlgos.tsv_q25.txt	0.00012851728408066847
counts(Norminten<0.18000000000000002-SUMMARYCustomAlgos.tsv_std.txt	0.00012831038888755255
counts(Norminten<0.19-SUMMARYCustomAlgos.tsv_var.txt	0.00012804298019102658
counts(Norminten<0.06999999999999999-SUMMARYCustomAlgos.tsv_median.txt	0.00012789802745952726
mean-SUMMARYCustomAlgos.tsv_q10.txt	0.00012783924712487244
counts(Norminten<0.26Normalized-SUMMARYCustomAlgos.tsv_min.txt	0.00012722395371669458
counts(inten<0.17Normalized-SUMMARYCustomAlgos.tsv_max.txt	0.0001270325502379499
counts(inten<0.11Normalized-SUMMARYCustomAlgos.tsv_var.txt	0.00012557923623647606
counts(inten<0.16Normalized-SUMMARYCustomAlgos.tsv_q25.txt	0.0001255718260845263
counts(inten<0.03Normalized-SUMMARYCustomAlgos.tsv_q10.txt	0.00012538453664469218
counts(inten<0.22-SUMMARYCustomAlgos.tsv_min.txt	0.0001253540749915465
counts(inten<0.16-SUMMARYCustomAlgos.tsv_q90.txt	0.00012438886843253762
counts(inten<0.27-SUMMARYCustomAlgos.tsv_min.txt	0.00012405183231981612
counts(inten<0.05Normalized-SUMMARYCustomAlgos.tsv_var.txt	0.0001239062512556688
counts(inten<0.03-SUMMARYCustomAlgos.tsv_mean.txt	0.00012388528760045548
counts(inten<0.2Normalized-SUMMARYCustomAlgos.tsv_q75.txt	0.00012287319846810245
counts(Norminten<0.12-SUMMARYCustomAlgos.tsv_q75.txt	0.00012188961936498076
ThicknessThreshold=0.060000000000000005-SUMMARYCustomAlgos.tsv_q10.txt	0.00012158893508518845
RoughnessThreshold=0.08-SUMMARYCustomAlgos.tsv_q25.txt	0.00012151849220077212
counts(Norminten<0.2Normalized-SUMMARYCustomAlgos.tsv_max.txt	0.00012126344275646952
counts(inten<0.23Normalized-SUMMARYCustomAlgos.tsv_max.txt	0.00012125611771469619
counts(Norminten<0.28Normalized-SUMMARYCustomAlgos.tsv_q25.txt	0.00012078322925314785
counts(Norminten<0.23-SUMMARYCustomAlgos.tsv_q90.txt	0.00012048537384650959
counts(inten<0.14Normalized-SUMMARYCustomAlgos.tsv_std.txt	0.00011981181258061119
counts(Norminten<0.060000000000000005-SUMMARYCustomAlgos.tsv_var.txt	0.00011957981851357879
counts(inten<0.09999999999999999Normalized-SUMMARYCustomAlgos.tsv_q90.txt	0.00011941790753516111
ThicknessThreshold=0.25-SUMMARYCustomAlgos.tsv_q25.txt	0.00011914439054638608
counts(inten<0.19Normalized-SUMMARYCustomAlgos.tsv_min.txt	0.00011858325915133616
counts(inten<0.15000000000000002Normalized-SUMMARYCustomAlgos.tsv_max.txt	0.00011834803625880545
ThicknessThreshold=0.16-SUMMARYCustomAlgos.tsv_min.txt	0.00011672686260480308
counts(inten<0.01-SUMMARYCustomAlgos.tsv_q90.txt	0.0001166973301185482
counts(Norminten<0.16-SUMMARYCustomAlgos.tsv_min.txt	0.00011657458918751522
counts(Norminten<0.17-SUMMARYCustomAlgos.tsv_min.txt	0.00011620987936212923
counts(Norminten<0.17Normalized-SUMMARYCustomAlgos.tsv_q25.txt	0.00011617059375818148
ThicknessThreshold=0.09999999999999999-SUMMARYCustomAlgos.tsv_mean.txt	0.00011585910169351071
counts(inten<0.14Normalized-SUMMARYCustomAlgos.tsv_q25.txt	0.00011581293456669757
counts(inten<0.14Normalized-SUMMARYCustomAlgos.tsv_min.txt	0.00011578512585090342
counts(inten<0.06999999999999999Normalized-SUMMARYCustomAlgos.tsv_q90.txt	0.00011538554740204017
MicrocoloniesPlatonic-SUMMARYCustomAlgos.tsv_mean.txt	0.0001153519941093092
counts(inten<0.14-SUMMARYCustomAlgos.tsv_var.txt	0.00011534725845185835
ThicknessThreshold=0.09-SUMMARYCustomAlgos.tsv_q75.txt	0.00011477679395302451
counts(Norminten<0.26Normalized-SUMMARYCustomAlgos.tsv_q25.txt	0.00011475244273895763
counts(inten<0.28-SUMMARYCustomAlgos.tsv_std.txt	0.00011472852226924027
counts(inten<0.25Normalized-SUMMARYCustomAlgos.tsv_q75.txt	0.00011460868797779196
RoughnessThreshold=0.22-SUMMARYCustomAlgos.tsv_q75.txt	0.00011441028698146935
counts(inten<0.27-SUMMARYCustomAlgos.tsv_mean.txt	0.00011435447628520095
counts(inten<0.29000000000000004Normalized-SUMMARYCustomAlgos.tsv_q90.txt	0.00011432290002297583
counts(inten<0.16Normalized-SUMMARYCustomAlgos.tsv_max.txt	0.00011412152507054573
counts(inten<0.02-SUMMARYCustomAlgos.tsv_q25.txt	0.0001140107082423071
counts(inten<0.17-SUMMARYCustomAlgos.tsv_max.txt	0.00011399883092248413
counts(inten<0.09-SUMMARYCustomAlgos.tsv_q10.txt	0.00011391189482942883
counts(inten<0.24000000000000002-SUMMARYCustomAlgos.tsv_max.txt	0.00011385651583517888
counts(inten<0.25-SUMMARYCustomAlgos.tsv_std.txt	0.00011381538215647673
counts(inten<0.19-SUMMARYCustomAlgos.tsv_q90.txt	0.00011353647069426509
counts(inten<0.13Normalized-SUMMARYCustomAlgos.tsv_median.txt	0.00011349239091423717
counts(inten<0.18000000000000002Normalized-SUMMARYCustomAlgos.tsv_q10.txt	0.00011337582260036602
counts(Norminten<0.17Normalized-SUMMARYCustomAlgos.tsv_var.txt	0.00011313264138006044
counts(inten<0.13Normalized-SUMMARYCustomAlgos.tsv_var.txt	0.00011238415293220469
counts(Norminten<0.22-SUMMARYCustomAlgos.tsv_q75.txt	0.00011233604992322166
counts(inten<0.17Normalized-SUMMARYCustomAlgos.tsv_q25.txt	0.00011222242418213675
counts(Norminten<0.28-SUMMARYCustomAlgos.tsv_q90.txt	0.00011194739416473462
counts(inten<0.29000000000000004-SUMMARYCustomAlgos.tsv_q75.txt	0.00011178920012286696
counts(inten<0.23Normalized-SUMMARYCustomAlgos.tsv_q10.txt	0.00011165608271140843
counts(Norminten<0.23Normalized-SUMMARYCustomAlgos.tsv_q90.txt	0.00011159037788800928
counts(Norminten<0.14-SUMMARYCustomAlgos.tsv_q75.txt	0.00011152513781085165
ThicknessThreshold=0.15000000000000002-SUMMARYCustomAlgos.tsv_q90.txt	0.00011139728180494813
ThicknessThreshold=0.09-SUMMARYCustomAlgos.tsv_q90.txt	0.00011138282147944551
counts(Norminten<0.13-SUMMARYCustomAlgos.tsv_min.txt	0.00011035844549804906
RoughnessThreshold=0.26-SUMMARYCustomAlgos.tsv_max.txt	0.00011026372745458523
counts(Norminten<0.24000000000000002-SUMMARYCustomAlgos.tsv_mean.txt	0.0001100838071504695
counts(Norminten<0.25Normalized-SUMMARYCustomAlgos.tsv_var.txt	0.00011002451304201744
counts(inten<0.04Normalized-SUMMARYCustomAlgos.tsv_median.txt	0.00010998278194433242
counts(Norminten<0.09Normalized-SUMMARYCustomAlgos.tsv_var.txt	0.00010994739340418467
counts(inten<0.26Normalized-SUMMARYCustomAlgos.tsv_median.txt	0.00010986004154405666
counts(inten<0.18000000000000002-SUMMARYCustomAlgos.tsv_q10.txt	0.00010983700060022878
MicrocoloniesPlatonicNormalized-SUMMARYCustomAlgos.tsv_var.txt	0.00010967838361729647
counts(inten<0.27Normalized-SUMMARYCustomAlgos.tsv_median.txt	0.00010937557955284655
counts(Norminten<0.28Normalized-SUMMARYCustomAlgos.tsv_max.txt	0.0001090747372444256
ThicknessThreshold=0.08-SUMMARYCustomAlgos.tsv_mean.txt	0.00010899138962270309
RoughnessThreshold=0.12-SUMMARYCustomAlgos.tsv_q90.txt	0.00010851008100306873
counts(inten<0.27-SUMMARYCustomAlgos.tsv_max.txt	0.0001081192431597829
counts(inten<0.22Normalized-SUMMARYCustomAlgos.tsv_max.txt	0.00010795886356798856
counts(inten<0.17-SUMMARYCustomAlgos.tsv_q25.txt	0.00010759601951774845
counts(Norminten<0.17Normalized-SUMMARYCustomAlgos.tsv_std.txt	0.00010739443537088153
ThicknessThreshold=0.18000000000000002-SUMMARYCustomAlgos.tsv_mean.txt	0.00010732276682074172
counts(inten<0.05Normalized-SUMMARYCustomAlgos.tsv_q10.txt	0.00010682203706580846
counts(Norminten<0.24000000000000002-SUMMARYCustomAlgos.tsv_median.txt	0.0001068201374694811
counts(Norminten<0.15000000000000002-SUMMARYCustomAlgos.tsv_q10.txt	0.00010680422853435617
counts(inten<0.28Normalized-SUMMARYCustomAlgos.tsv_min.txt	0.00010670131743541115
counts(inten<0.29000000000000004Normalized-SUMMARYCustomAlgos.tsv_min.txt	0.00010667981626975512
minPropNormalized-SUMMARYCustomAlgos.tsv_q75.txt	0.00010667980544773486
counts(inten<0.05Normalized-SUMMARYCustomAlgos.tsv_std.txt	0.00010648104967035332
counts(Norminten<0.11Normalized-SUMMARYCustomAlgos.tsv_q25.txt	0.00010647772141859132
counts(Norminten<0.19Normalized-SUMMARYCustomAlgos.tsv_q10.txt	0.00010637370258793242
ThicknessThreshold=0.060000000000000005-SUMMARYCustomAlgos.tsv_mean.txt	0.00010631942845726292
mindiffs-SUMMARYDiffGlobal.tsv_q10.txt	0.00010619968180797923
counts(inten<0.11-SUMMARYCustomAlgos.tsv_min.txt	0.00010579019974874368
medNormalized-SUMMARYCustomAlgos.tsv_median.txt	0.00010577150567421096
counts(inten<0.29000000000000004-SUMMARYCustomAlgos.tsv_min.txt	0.00010561236807743771
counts(inten<0.11-SUMMARYCustomAlgos.tsv_median.txt	0.00010536299507925706
ThicknessThreshold=0.03-SUMMARYCustomAlgos.tsv_q75.txt	0.0001052749958462146
RoughnessThreshold=0.26-SUMMARYCustomAlgos.tsv_mean.txt	0.00010487229618282576
counts(inten<0.24000000000000002-SUMMARYCustomAlgos.tsv_min.txt	0.00010433287680394576
MicrocoloniesPlatonic-SUMMARYCustomAlgos.tsv_q25.txt	0.00010397070112867586
counts(Norminten<0.24000000000000002Normalized-SUMMARYCustomAlgos.tsv_q10.txt	0.00010362383937293713
counts(Norminten<0.29000000000000004-SUMMARYCustomAlgos.tsv_q25.txt	0.00010352778504533457
MicrocoloniesPlatonic-SUMMARYCustomAlgos.tsv_var.txt	0.00010347412428779954
RoughnessThreshold=0.02-SUMMARYCustomAlgos.tsv_median.txt	0.00010344499724863502
counts(inten<0.01-SUMMARYCustomAlgos.tsv_std.txt	0.00010321504471876526
counts(Norminten<0.12-SUMMARYCustomAlgos.tsv_q25.txt	0.00010295620886454661
counts(inten<0.25-SUMMARYCustomAlgos.tsv_q90.txt	0.00010250386306598067
counts(Norminten<0.27Normalized-SUMMARYCustomAlgos.tsv_min.txt	0.00010243715873510032
globalMean-SUMMARYDiffGlobal.tsv_q90.txt	0.0001022229450084694
MicrocoloniesPlatonicNormalized-SUMMARYCustomAlgos.tsv_q25.txt	0.00010217458915403806
counts(inten<0.2-SUMMARYCustomAlgos.tsv_mean.txt	0.00010205494699553747
RoughnessThreshold=0.21000000000000002-SUMMARYCustomAlgos.tsv_q10.txt	0.00010169213088774745
counts(inten<0.26-SUMMARYCustomAlgos.tsv_var.txt	0.00010156666769193792
counts(Norminten<0.19Normalized-SUMMARYCustomAlgos.tsv_min.txt	0.00010131349081050881
counts(inten<0.16Normalized-SUMMARYCustomAlgos.tsv_q90.txt	0.00010129031967301251
counts(inten<0.19-SUMMARYCustomAlgos.tsv_q75.txt	0.00010113076670366359
counts(inten<0.25-SUMMARYCustomAlgos.tsv_q25.txt	0.00010106605900919221
RoughnessThreshold=0.29000000000000004-SUMMARYCustomAlgos.tsv_q25.txt	0.00010099773063933431
counts(Norminten<0.2Normalized-SUMMARYCustomAlgos.tsv_std.txt	0.00010093018774750827
counts(inten<0.09999999999999999Normalized-SUMMARYCustomAlgos.tsv_median.txt	0.00010067055865369599
counts(Norminten<0.12-SUMMARYCustomAlgos.tsv_q90.txt	0.00010041576036153695
counts(inten<0.11-SUMMARYCustomAlgos.tsv_mean.txt	0.00010030968990536976
counts(inten<0.03Normalized-SUMMARYCustomAlgos.tsv_var.txt	0.00010021999915688567
ThicknessThreshold=0.28-SUMMARYCustomAlgos.tsv_mean.txt	0.00010009992676605914
counts(inten<0.18000000000000002-SUMMARYCustomAlgos.tsv_var.txt	9.966284757548395e-05
counts(Norminten<0.11-SUMMARYCustomAlgos.tsv_q75.txt	9.950204625263529e-05
ThicknessThreshold=0.08-SUMMARYCustomAlgos.tsv_q90.txt	9.931841636983888e-05
ThicknessThreshold=0.03-SUMMARYCustomAlgos.tsv_median.txt	9.899385759898047e-05
RoughnessThreshold=0.060000000000000005-SUMMARYCustomAlgos.tsv_mean.txt	9.881350866763566e-05
counts(Norminten<0.11-SUMMARYCustomAlgos.tsv_q10.txt	9.830521260109698e-05
RoughnessThreshold=0.02-SUMMARYCustomAlgos.tsv_q10.txt	9.811447522793006e-05
ThicknessThreshold=0.16-SUMMARYCustomAlgos.tsv_q25.txt	9.797036003508707e-05
RoughnessThreshold=0.17-SUMMARYCustomAlgos.tsv_mean.txt	9.770181364997216e-05
counts(inten<0.060000000000000005Normalized-SUMMARYCustomAlgos.tsv_var.txt	9.744860399263745e-05
counts(inten<0.23Normalized-SUMMARYCustomAlgos.tsv_q90.txt	9.709613254848149e-05
counts(Norminten<0.05-SUMMARYCustomAlgos.tsv_q75.txt	9.674696685693293e-05
counts(inten<0.16-SUMMARYCustomAlgos.tsv_median.txt	9.662768403587128e-05
counts(inten<0.19Normalized-SUMMARYCustomAlgos.tsv_q90.txt	9.653104757432646e-05
counts(inten<0.25Normalized-SUMMARYCustomAlgos.tsv_median.txt	9.644444952565761e-05
counts(Norminten<0.19-SUMMARYCustomAlgos.tsv_q10.txt	9.623526858364671e-05
counts(inten<0.12-SUMMARYCustomAlgos.tsv_std.txt	9.594103408979489e-05
counts(Norminten<0.15000000000000002-SUMMARYCustomAlgos.tsv_q90.txt	9.593345257709739e-05
RoughnessThreshold=0.22-SUMMARYCustomAlgos.tsv_q10.txt	9.589514617263287e-05
med-SUMMARYCustomAlgos.tsv_q75.txt	9.563175285254225e-05
ThicknessThreshold=0.03-SUMMARYCustomAlgos.tsv_q10.txt	9.544524184080936e-05
counts(Norminten<0.03Normalized-SUMMARYCustomAlgos.tsv_var.txt	9.526089665032844e-05
ThicknessThreshold=0.26-SUMMARYCustomAlgos.tsv_q25.txt	9.498567282793864e-05
counts(Norminten<0.09999999999999999Normalized-SUMMARYCustomAlgos.tsv_var.txt	9.492472724162861e-05
counts(inten<0.21000000000000002Normalized-SUMMARYCustomAlgos.tsv_median.txt	9.490564899300163e-05
RoughnessThreshold=0.03-SUMMARYCustomAlgos.tsv_q90.txt	9.485181857784828e-05
counts(Norminten<0.28-SUMMARYCustomAlgos.tsv_min.txt	9.456330840882953e-05
maxNormalized-SUMMARYCustomAlgos.tsv_std.txt	9.451958803217243e-05
ThicknessThreshold=0.09999999999999999-SUMMARYCustomAlgos.tsv_q75.txt	9.41795114185859e-05
counts(Norminten<0.23Normalized-SUMMARYCustomAlgos.tsv_min.txt	9.417865757369876e-05
counts(inten<0.060000000000000005-SUMMARYCustomAlgos.tsv_q10.txt	9.391279256488273e-05
counts(inten<0.26-SUMMARYCustomAlgos.tsv_max.txt	9.380847539195495e-05
mdiffs-SUMMARYDiffGlobal.tsv_q90.txt	9.370486783330797e-05
counts(inten<0.2-SUMMARYCustomAlgos.tsv_q90.txt	9.356181906967891e-05
counts(inten<0.14-SUMMARYCustomAlgos.tsv_mean.txt	9.350519924480844e-05
counts(Norminten<0.21000000000000002Normalized-SUMMARYCustomAlgos.tsv_median.txt	9.316649152125022e-05
RoughnessThreshold=0.17-SUMMARYCustomAlgos.tsv_q10.txt	9.285186377567755e-05
counts(Norminten<0.16-SUMMARYCustomAlgos.tsv_max.txt	9.284998872220437e-05
RoughnessThreshold=0.02-SUMMARYCustomAlgos.tsv_q75.txt	9.259171044964097e-05
counts(Norminten<0.05-SUMMARYCustomAlgos.tsv_median.txt	9.253425932212148e-05
counts(Norminten<0.26-SUMMARYCustomAlgos.tsv_std.txt	9.243946125784672e-05
ThicknessThreshold=0.06999999999999999-SUMMARYCustomAlgos.tsv_q10.txt	9.208986951621385e-05
counts(Norminten<0.25-SUMMARYCustomAlgos.tsv_q90.txt	9.134134463911815e-05
counts(Norminten<0.29000000000000004Normalized-SUMMARYCustomAlgos.tsv_min.txt	9.100602346493819e-05
counts(inten<0.15000000000000002-SUMMARYCustomAlgos.tsv_mean.txt	9.087926608123106e-05
counts(Norminten<0.08-SUMMARYCustomAlgos.tsv_q75.txt	9.050009915514237e-05
mean-SUMMARYCustomAlgos.tsv_max.txt	9.006034951787767e-05
counts(inten<0.28-SUMMARYCustomAlgos.tsv_var.txt	9.003697904425946e-05
counts(inten<0.11-SUMMARYCustomAlgos.tsv_q25.txt	8.982510902018557e-05
counts(Norminten<0.22Normalized-SUMMARYCustomAlgos.tsv_q10.txt	8.972602805266126e-05
RoughnessThreshold=0.09-SUMMARYCustomAlgos.tsv_max.txt	8.969139371258294e-05
counts(Norminten<0.17-SUMMARYCustomAlgos.tsv_var.txt	8.951084829863457e-05
counts(inten<0.22Normalized-SUMMARYCustomAlgos.tsv_min.txt	8.90422429144537e-05
MicrocoloniesPlatonic-SUMMARYCustomAlgos.tsv_median.txt	8.891419948720447e-05
RoughnessThreshold=0.23-SUMMARYCustomAlgos.tsv_q90.txt	8.879120881034149e-05
ThicknessThreshold=0.17-SUMMARYCustomAlgos.tsv_q75.txt	8.875126415670571e-05
ThicknessThreshold=0.12-SUMMARYCustomAlgos.tsv_q10.txt	8.853567424520922e-05
counts(Norminten<0.28-SUMMARYCustomAlgos.tsv_median.txt	8.85296281016783e-05
counts(Norminten<0.05-SUMMARYCustomAlgos.tsv_mean.txt	8.82801610373444e-05
RoughnessThreshold=0.03-SUMMARYCustomAlgos.tsv_min.txt	8.815775139954731e-05
counts(inten<0.18000000000000002Normalized-SUMMARYCustomAlgos.tsv_var.txt	8.799921954260558e-05
RoughnessThreshold=0.04-SUMMARYCustomAlgos.tsv_q25.txt	8.771981833962782e-05
counts(Norminten<0.03-SUMMARYCustomAlgos.tsv_q90.txt	8.758285504911586e-05
RoughnessThreshold=0.24000000000000002-SUMMARYCustomAlgos.tsv_q25.txt	8.731056540615999e-05
counts(inten<0.01Normalized-SUMMARYCustomAlgos.tsv_q25.txt	8.705071391457882e-05
ThicknessThreshold=0.23-SUMMARYCustomAlgos.tsv_q75.txt	8.682758432952703e-05
ThicknessThreshold=0.19-SUMMARYCustomAlgos.tsv_q75.txt	8.66566201203137e-05
counts(Norminten<0.06999999999999999-SUMMARYCustomAlgos.tsv_q75.txt	8.636475558012599e-05
counts(inten<0.21000000000000002Normalized-SUMMARYCustomAlgos.tsv_q25.txt	8.635840812550505e-05
counts(inten<0.26Normalized-SUMMARYCustomAlgos.tsv_q25.txt	8.629247184409536e-05
counts(inten<0.26Normalized-SUMMARYCustomAlgos.tsv_q90.txt	8.552762500377143e-05
ThicknessThreshold=0.11-SUMMARYCustomAlgos.tsv_min.txt	8.541379552133361e-05
counts(Norminten<0.01-SUMMARYCustomAlgos.tsv_std.txt	8.518073062741056e-05
ThicknessThreshold=0.22-SUMMARYCustomAlgos.tsv_q25.txt	8.503984606077538e-05
counts(inten<0.14-SUMMARYCustomAlgos.tsv_q10.txt	8.503130044864856e-05
max-SUMMARYCustomAlgos.tsv_q10.txt	8.474822312717918e-05
MicrocoloniesPlatonicNormalized-SUMMARYCustomAlgos.tsv_q90.txt	8.469953113119057e-05
ThicknessThreshold=0.25-SUMMARYCustomAlgos.tsv_q90.txt	8.46701944344531e-05
counts(inten<0.21000000000000002Normalized-SUMMARYCustomAlgos.tsv_var.txt	8.459610756433796e-05
counts(inten<0.24000000000000002Normalized-SUMMARYCustomAlgos.tsv_std.txt	8.456348757465956e-05
counts(inten<0.09999999999999999Normalized-SUMMARYCustomAlgos.tsv_max.txt	8.45000972782583e-05
counts(inten<0.12-SUMMARYCustomAlgos.tsv_q10.txt	8.439469574870979e-05
ThicknessThreshold=0.13-SUMMARYCustomAlgos.tsv_q90.txt	8.435030041624795e-05
globalMean-SUMMARYDiffGlobal.tsv_q10.txt	8.430097365235983e-05
ThicknessThreshold=0.29000000000000004-SUMMARYCustomAlgos.tsv_max.txt	8.416504025116829e-05
med-SUMMARYCustomAlgos.tsv_max.txt	8.392682431841513e-05
counts(inten<0.23-SUMMARYCustomAlgos.tsv_q10.txt	8.354822250668194e-05
counts(Norminten<0.17-SUMMARYCustomAlgos.tsv_q25.txt	8.35260931396768e-05
counts(inten<0.22-SUMMARYCustomAlgos.tsv_q10.txt	8.331563865436606e-05
ThicknessThreshold=0.23-SUMMARYCustomAlgos.tsv_q10.txt	8.328740108150621e-05
counts(inten<0.15000000000000002-SUMMARYCustomAlgos.tsv_q10.txt	8.323473843853947e-05
ThicknessThreshold=0.12-SUMMARYCustomAlgos.tsv_q90.txt	8.313238239185264e-05
counts(Norminten<0.2-SUMMARYCustomAlgos.tsv_var.txt	8.29304988749047e-05
counts(Norminten<0.17Normalized-SUMMARYCustomAlgos.tsv_q10.txt	8.285528390165999e-05
counts(inten<0.25-SUMMARYCustomAlgos.tsv_min.txt	8.280052632487442e-05
counts(inten<0.25Normalized-SUMMARYCustomAlgos.tsv_q10.txt	8.26593097344863e-05
counts(Norminten<0.05Normalized-SUMMARYCustomAlgos.tsv_median.txt	8.258466386111222e-05
ThicknessThreshold=0.09-SUMMARYCustomAlgos.tsv_q10.txt	8.256935692465124e-05
counts(inten<0.15000000000000002Normalized-SUMMARYCustomAlgos.tsv_std.txt	8.252429007659915e-05
counts(Norminten<0.01Normalized-SUMMARYCustomAlgos.tsv_q25.txt	8.243901381517149e-05
counts(inten<0.27-SUMMARYCustomAlgos.tsv_q25.txt	8.234726990266268e-05
counts(inten<0.21000000000000002Normalized-SUMMARYCustomAlgos.tsv_min.txt	8.206156757007962e-05
counts(Norminten<0.11Normalized-SUMMARYCustomAlgos.tsv_var.txt	8.187438093007346e-05
counts(inten<0.26-SUMMARYCustomAlgos.tsv_q90.txt	8.185159847141012e-05
counts(Norminten<0.22Normalized-SUMMARYCustomAlgos.tsv_std.txt	8.18263353434452e-05
counts(inten<0.11-SUMMARYCustomAlgos.tsv_q10.txt	8.17016968283022e-05
counts(inten<0.04Normalized-SUMMARYCustomAlgos.tsv_q90.txt	8.169223599879215e-05
counts(Norminten<0.12-SUMMARYCustomAlgos.tsv_min.txt	8.146621358813537e-05
counts(inten<0.28Normalized-SUMMARYCustomAlgos.tsv_q10.txt	8.13549326313168e-05
counts(inten<0.19Normalized-SUMMARYCustomAlgos.tsv_q10.txt	8.062416974807625e-05
counts(Norminten<0.21000000000000002-SUMMARYCustomAlgos.tsv_q90.txt	8.053926033945126e-05
counts(Norminten<0.27Normalized-SUMMARYCustomAlgos.tsv_std.txt	8.036581111672201e-05
counts(inten<0.13-SUMMARYCustomAlgos.tsv_var.txt	8.031787582536867e-05
ThicknessThreshold=0.09999999999999999-SUMMARYCustomAlgos.tsv_q10.txt	7.969205412353157e-05
RoughnessThreshold=0.24000000000000002-SUMMARYCustomAlgos.tsv_median.txt	7.966255806796375e-05
counts(Norminten<0.26Normalized-SUMMARYCustomAlgos.tsv_q10.txt	7.965759935156445e-05
ThicknessThreshold=0.21000000000000002-SUMMARYCustomAlgos.tsv_q25.txt	7.953976045753414e-05
counts(inten<0.13-SUMMARYCustomAlgos.tsv_median.txt	7.945206693535308e-05
counts(inten<0.26-SUMMARYCustomAlgos.tsv_mean.txt	7.93721115528486e-05
counts(Norminten<0.14-SUMMARYCustomAlgos.tsv_q90.txt	7.925750571354174e-05
counts(Norminten<0.16Normalized-SUMMARYCustomAlgos.tsv_std.txt	7.917123205302205e-05
counts(Norminten<0.23-SUMMARYCustomAlgos.tsv_var.txt	7.91300656328219e-05
ThicknessThreshold=0.24000000000000002-SUMMARYCustomAlgos.tsv_max.txt	7.903395524435031e-05
counts(inten<0.29000000000000004-SUMMARYCustomAlgos.tsv_mean.txt	7.902585179885217e-05
ThicknessThreshold=0.16-SUMMARYCustomAlgos.tsv_q75.txt	7.893756101419295e-05
counts(inten<0.29000000000000004-SUMMARYCustomAlgos.tsv_q25.txt	7.877717686927608e-05
RoughnessThreshold=0.15000000000000002-SUMMARYCustomAlgos.tsv_min.txt	7.87490719787907e-05
ThicknessThreshold=0.09-SUMMARYCustomAlgos.tsv_mean.txt	7.860854088120112e-05
counts(inten<0.24000000000000002Normalized-SUMMARYCustomAlgos.tsv_q10.txt	7.827770381093212e-05
counts(Norminten<0.23Normalized-SUMMARYCustomAlgos.tsv_q25.txt	7.810375043879439e-05
counts(inten<0.25-SUMMARYCustomAlgos.tsv_q10.txt	7.801716843863058e-05
counts(Norminten<0.09-SUMMARYCustomAlgos.tsv_q75.txt	7.799854936245723e-05
ThicknessThreshold=0.17-SUMMARYCustomAlgos.tsv_median.txt	7.782487146259063e-05
RoughnessThreshold=0.25-SUMMARYCustomAlgos.tsv_q75.txt	7.777981100067973e-05
counts(inten<0.28Normalized-SUMMARYCustomAlgos.tsv_max.txt	7.769131950575482e-05
counts(inten<0.03-SUMMARYCustomAlgos.tsv_q75.txt	7.756423610864922e-05
counts(inten<0.02-SUMMARYCustomAlgos.tsv_min.txt	7.751963620350188e-05
counts(Norminten<0.26-SUMMARYCustomAlgos.tsv_q90.txt	7.744140809593387e-05
counts(Norminten<0.15000000000000002Normalized-SUMMARYCustomAlgos.tsv_std.txt	7.720272816853785e-05
counts(Norminten<0.2-SUMMARYCustomAlgos.tsv_min.txt	7.714172180767076e-05
RoughnessThreshold=0.26-SUMMARYCustomAlgos.tsv_q10.txt	7.701702752128255e-05
RoughnessThreshold=0.09-SUMMARYCustomAlgos.tsv_q90.txt	7.686491359209461e-05
RoughnessThreshold=0.09999999999999999-SUMMARYCustomAlgos.tsv_q25.txt	7.679632181582732e-05
counts(Norminten<0.09999999999999999-SUMMARYCustomAlgos.tsv_q90.txt	7.67755371185121e-05
counts(Norminten<0.16-SUMMARYCustomAlgos.tsv_q75.txt	7.668181412054097e-05
counts(inten<0.12-SUMMARYCustomAlgos.tsv_mean.txt	7.635911528044307e-05
counts(inten<0.18000000000000002Normalized-SUMMARYCustomAlgos.tsv_q75.txt	7.628907015007092e-05
counts(inten<0.26-SUMMARYCustomAlgos.tsv_min.txt	7.616142588503474e-05
counts(Norminten<0.08-SUMMARYCustomAlgos.tsv_q90.txt	7.58392735609941e-05
counts(Norminten<0.23-SUMMARYCustomAlgos.tsv_q10.txt	7.582959769383696e-05
counts(Norminten<0.21000000000000002-SUMMARYCustomAlgos.tsv_q10.txt	7.581794240502133e-05
ThicknessThreshold=0.18000000000000002-SUMMARYCustomAlgos.tsv_q75.txt	7.553631579890604e-05
RoughnessThreshold=0.19-SUMMARYCustomAlgos.tsv_q25.txt	7.539364677256624e-05
ThicknessThreshold=0.12-SUMMARYCustomAlgos.tsv_max.txt	7.512537022818468e-05
counts(inten<0.15000000000000002-SUMMARYCustomAlgos.tsv_var.txt	7.507467634617601e-05
counts(Norminten<0.26-SUMMARYCustomAlgos.tsv_median.txt	7.506379371494763e-05
RoughnessThreshold=0.13-SUMMARYCustomAlgos.tsv_q25.txt	7.477442986669313e-05
RoughnessThreshold=0.19-SUMMARYCustomAlgos.tsv_min.txt	7.47009389724631e-05
counts(Norminten<0.21000000000000002Normalized-SUMMARYCustomAlgos.tsv_std.txt	7.461489456655445e-05
counts(inten<0.13Normalized-SUMMARYCustomAlgos.tsv_std.txt	7.452868496613911e-05
counts(Norminten<0.15000000000000002Normalized-SUMMARYCustomAlgos.tsv_q90.txt	7.44057491259859e-05
RoughnessThreshold=0.09999999999999999-SUMMARYCustomAlgos.tsv_min.txt	7.407053742806998e-05
counts(Norminten<0.09999999999999999-SUMMARYCustomAlgos.tsv_q75.txt	7.401954565091792e-05
ThicknessThreshold=0.17-SUMMARYCustomAlgos.tsv_max.txt	7.382143701745624e-05
ThicknessThreshold=0.24000000000000002-SUMMARYCustomAlgos.tsv_min.txt	7.36685122396597e-05
ThicknessThreshold=0.09-SUMMARYCustomAlgos.tsv_q25.txt	7.314733415392534e-05
max-SUMMARYCustomAlgos.tsv_mean.txt	7.313424557245592e-05
counts(Norminten<0.25Normalized-SUMMARYCustomAlgos.tsv_std.txt	7.30830430012019e-05
counts(Norminten<0.21000000000000002-SUMMARYCustomAlgos.tsv_min.txt	7.289179682579563e-05
RoughnessThreshold=0.18000000000000002-SUMMARYCustomAlgos.tsv_q25.txt	7.28440431058362e-05
counts(Norminten<0.060000000000000005Normalized-SUMMARYCustomAlgos.tsv_var.txt	7.281377867060961e-05
med-SUMMARYCustomAlgos.tsv_q90.txt	7.259011334460244e-05
ThicknessThreshold=0.23-SUMMARYCustomAlgos.tsv_q25.txt	7.246794278379298e-05
RoughnessThreshold=0.25-SUMMARYCustomAlgos.tsv_q10.txt	7.237146828686034e-05
RoughnessThreshold=0.28-SUMMARYCustomAlgos.tsv_mean.txt	7.216869406317249e-05
counts(Norminten<0.28Normalized-SUMMARYCustomAlgos.tsv_q10.txt	7.216672339830102e-05
RoughnessThreshold=0.03-SUMMARYCustomAlgos.tsv_mean.txt	7.214189542340662e-05
Homogenity-SUMMARYCustomAlgos.tsv_mean.txt	7.213239508602322e-05
RoughnessThreshold=0.12-SUMMARYCustomAlgos.tsv_max.txt	7.192540549760491e-05
counts(inten<0.25Normalized-SUMMARYCustomAlgos.tsv_max.txt	7.188875368462133e-05
counts(inten<0.15000000000000002-SUMMARYCustomAlgos.tsv_std.txt	7.179123390840765e-05
counts(inten<0.2Normalized-SUMMARYCustomAlgos.tsv_max.txt	7.173706994139929e-05
Homogenity-SUMMARYCustomAlgos.tsv_q75.txt	7.173218727332423e-05
counts(inten<0.26Normalized-SUMMARYCustomAlgos.tsv_max.txt	7.15523731232434e-05
RoughnessThreshold=0.29000000000000004-SUMMARYCustomAlgos.tsv_min.txt	7.154014387938354e-05
counts(inten<0.19Normalized-SUMMARYCustomAlgos.tsv_var.txt	7.143363263527467e-05
counts(Norminten<0.25-SUMMARYCustomAlgos.tsv_q10.txt	7.135406183853305e-05
RoughnessThreshold=0.24000000000000002-SUMMARYCustomAlgos.tsv_q90.txt	7.119864168111262e-05
counts(Norminten<0.12-SUMMARYCustomAlgos.tsv_q10.txt	7.103488943786323e-05
counts(inten<0.13-SUMMARYCustomAlgos.tsv_q10.txt	7.102482553856091e-05
RoughnessThreshold=0.2-SUMMARYCustomAlgos.tsv_max.txt	7.086535102430924e-05
RoughnessThreshold=0.14-SUMMARYCustomAlgos.tsv_max.txt	7.082432154084417e-05
counts(Norminten<0.09-SUMMARYCustomAlgos.tsv_q90.txt	7.029475650639186e-05
counts(inten<0.13Normalized-SUMMARYCustomAlgos.tsv_q25.txt	7.005442818924132e-05
counts(inten<0.29000000000000004Normalized-SUMMARYCustomAlgos.tsv_max.txt	7.001978012954134e-05
counts(Norminten<0.2-SUMMARYCustomAlgos.tsv_q90.txt	6.993528672790375e-05
ThicknessThreshold=0.14-SUMMARYCustomAlgos.tsv_median.txt	6.975956649522266e-05
RoughnessThreshold=0.26-SUMMARYCustomAlgos.tsv_median.txt	6.96936234609066e-05
counts(inten<0.12-SUMMARYCustomAlgos.tsv_max.txt	6.935102531290331e-05
RoughnessThreshold=0.060000000000000005-SUMMARYCustomAlgos.tsv_q25.txt	6.906442897544108e-05
counts(Norminten<0.27-SUMMARYCustomAlgos.tsv_q90.txt	6.904192377643068e-05
counts(Norminten<0.25-SUMMARYCustomAlgos.tsv_min.txt	6.872797539364652e-05
counts(inten<0.01Normalized-SUMMARYCustomAlgos.tsv_q90.txt	6.859336802785554e-05
RoughnessThreshold=0.18000000000000002-SUMMARYCustomAlgos.tsv_min.txt	6.840106455981562e-05
counts(Norminten<0.15000000000000002-SUMMARYCustomAlgos.tsv_mean.txt	6.825620731322065e-05
counts(Norminten<0.13Normalized-SUMMARYCustomAlgos.tsv_q25.txt	6.819359936057223e-05
MicrocoloniesPlatonicNormalized-SUMMARYCustomAlgos.tsv_min.txt	6.816506119303498e-05
counts(inten<0.21000000000000002Normalized-SUMMARYCustomAlgos.tsv_q90.txt	6.80970903294991e-05
counts(inten<0.29000000000000004Normalized-SUMMARYCustomAlgos.tsv_q25.txt	6.799811855598139e-05
RoughnessThreshold=0.09999999999999999-SUMMARYCustomAlgos.tsv_q75.txt	6.788348196533171e-05
counts(Norminten<0.060000000000000005-SUMMARYCustomAlgos.tsv_median.txt	6.781811684993822e-05
max-SUMMARYCustomAlgos.tsv_std.txt	6.732023643138672e-05
ThicknessThreshold=0.22-SUMMARYCustomAlgos.tsv_max.txt	6.724363106778877e-05
RoughnessThreshold=0.21000000000000002-SUMMARYCustomAlgos.tsv_median.txt	6.713476393832163e-05
counts(Norminten<0.21000000000000002Normalized-SUMMARYCustomAlgos.tsv_q10.txt	6.707524637152484e-05
RoughnessThreshold=0.06999999999999999-SUMMARYCustomAlgos.tsv_q90.txt	6.703107500690926e-05
MicrocoloniesPlatonicNormalized-SUMMARYCustomAlgos.tsv_q75.txt	6.698754721308045e-05
counts(inten<0.2-SUMMARYCustomAlgos.tsv_q75.txt	6.684417970811766e-05
counts(inten<0.24000000000000002-SUMMARYCustomAlgos.tsv_q90.txt	6.65594854769433e-05
counts(inten<0.16Normalized-SUMMARYCustomAlgos.tsv_std.txt	6.655525037929068e-05
counts(Norminten<0.11-SUMMARYCustomAlgos.tsv_q25.txt	6.64986866903468e-05
counts(inten<0.01-SUMMARYCustomAlgos.tsv_var.txt	6.593301107550661e-05
counts(Norminten<0.29000000000000004Normalized-SUMMARYCustomAlgos.tsv_max.txt	6.586912163237093e-05
counts(inten<0.19-SUMMARYCustomAlgos.tsv_median.txt	6.57002403515395e-05
counts(inten<0.21000000000000002Normalized-SUMMARYCustomAlgos.tsv_q75.txt	6.5427198303278e-05
counts(Norminten<0.15000000000000002Normalized-SUMMARYCustomAlgos.tsv_q25.txt	6.541178824357794e-05
counts(inten<0.17Normalized-SUMMARYCustomAlgos.tsv_var.txt	6.540425578254273e-05
RoughnessThreshold=0.22-SUMMARYCustomAlgos.tsv_q90.txt	6.531763950637709e-05
counts(inten<0.22-SUMMARYCustomAlgos.tsv_max.txt	6.517341644117027e-05
ThicknessThreshold=0.05-SUMMARYCustomAlgos.tsv_q10.txt	6.513645657890827e-05
counts(Norminten<0.2-SUMMARYCustomAlgos.tsv_q75.txt	6.46949882703479e-05
ThicknessThreshold=0.14-SUMMARYCustomAlgos.tsv_mean.txt	6.460242348116107e-05
counts(Norminten<0.18000000000000002-SUMMARYCustomAlgos.tsv_min.txt	6.4387447205105e-05
RoughnessThreshold=0.02-SUMMARYCustomAlgos.tsv_min.txt	6.431070348191446e-05
counts(Norminten<0.22-SUMMARYCustomAlgos.tsv_q90.txt	6.430291552332682e-05
counts(inten<0.26Normalized-SUMMARYCustomAlgos.tsv_min.txt	6.414267374107662e-05
RoughnessThreshold=0.26-SUMMARYCustomAlgos.tsv_q75.txt	6.412044295981399e-05
RoughnessThreshold=0.06999999999999999-SUMMARYCustomAlgos.tsv_mean.txt	6.395104129142248e-05
counts(Norminten<0.09999999999999999-SUMMARYCustomAlgos.tsv_mean.txt	6.379756162363304e-05
RoughnessThreshold=0.09999999999999999-SUMMARYCustomAlgos.tsv_mean.txt	6.360409148512118e-05
RoughnessThreshold=0.26-SUMMARYCustomAlgos.tsv_q90.txt	6.351489006453189e-05
counts(Norminten<0.23-SUMMARYCustomAlgos.tsv_q25.txt	6.337162855853027e-05
ThicknessThreshold=0.12-SUMMARYCustomAlgos.tsv_q25.txt	6.327767526479524e-05
counts(Norminten<0.04-SUMMARYCustomAlgos.tsv_q90.txt	6.319432429668744e-05
counts(inten<0.21000000000000002Normalized-SUMMARYCustomAlgos.tsv_max.txt	6.311332850112375e-05
RoughnessThreshold=0.16-SUMMARYCustomAlgos.tsv_q10.txt	6.29387648726155e-05
mdiffs-SUMMARYDiffGlobal.tsv_q25.txt	6.285321287482564e-05
counts(inten<0.15000000000000002-SUMMARYCustomAlgos.tsv_min.txt	6.282769239325143e-05
counts(Norminten<0.26Normalized-SUMMARYCustomAlgos.tsv_std.txt	6.268332172722592e-05
counts(inten<0.28-SUMMARYCustomAlgos.tsv_min.txt	6.217474017235611e-05
counts(inten<0.12Normalized-SUMMARYCustomAlgos.tsv_q25.txt	6.21282640665283e-05
RoughnessThreshold=0.18000000000000002-SUMMARYCustomAlgos.tsv_q75.txt	6.191518366248289e-05
ThicknessThreshold=0.11-SUMMARYCustomAlgos.tsv_q25.txt	6.187456115027112e-05
counts(inten<0.05-SUMMARYCustomAlgos.tsv_q10.txt	6.183831590638972e-05
counts(inten<0.16-SUMMARYCustomAlgos.tsv_max.txt	6.168718904057076e-05
RoughnessThreshold=0.01-SUMMARYCustomAlgos.tsv_q90.txt	6.144040840461328e-05
counts(inten<0.02Normalized-SUMMARYCustomAlgos.tsv_std.txt	6.133911850727058e-05
counts(inten<0.27Normalized-SUMMARYCustomAlgos.tsv_q90.txt	6.131874269398288e-05
counts(Norminten<0.18000000000000002-SUMMARYCustomAlgos.tsv_mean.txt	6.122012313869899e-05
counts(Norminten<0.19-SUMMARYCustomAlgos.tsv_q25.txt	6.097037868026836e-05
ThicknessThreshold=0.13-SUMMARYCustomAlgos.tsv_q25.txt	6.0890522696911214e-05
RoughnessThreshold=0.19-SUMMARYCustomAlgos.tsv_mean.txt	6.075711614867801e-05
counts(inten<0.25-SUMMARYCustomAlgos.tsv_mean.txt	6.0417796491204264e-05
RoughnessThreshold=0.22-SUMMARYCustomAlgos.tsv_min.txt	6.040105589174904e-05
counts(inten<0.22Normalized-SUMMARYCustomAlgos.tsv_q10.txt	6.016276979820947e-05
counts(Norminten<0.24000000000000002-SUMMARYCustomAlgos.tsv_q90.txt	6.0154758259115294e-05
RoughnessThreshold=0.11-SUMMARYCustomAlgos.tsv_q25.txt	6.009061918045545e-05
counts(inten<0.29000000000000004Normalized-SUMMARYCustomAlgos.tsv_std.txt	6.005437069022686e-05
RoughnessThreshold=0.01-SUMMARYCustomAlgos.tsv_q10.txt	5.991498366643479e-05
RoughnessThreshold=0.18000000000000002-SUMMARYCustomAlgos.tsv_q90.txt	5.988386983779887e-05
RoughnessThreshold=0.08-SUMMARYCustomAlgos.tsv_mean.txt	5.9739056729362187e-05
counts(inten<0.24000000000000002Normalized-SUMMARYCustomAlgos.tsv_max.txt	5.9613380166654796e-05
ThicknessThreshold=0.28-SUMMARYCustomAlgos.tsv_max.txt	5.951671283618107e-05
counts(Norminten<0.29000000000000004-SUMMARYCustomAlgos.tsv_mean.txt	5.9380627983794466e-05
counts(Norminten<0.16-SUMMARYCustomAlgos.tsv_q90.txt	5.9164844255560425e-05
counts(inten<0.17Normalized-SUMMARYCustomAlgos.tsv_q75.txt	5.912350302247564e-05
ThicknessThreshold=0.26-SUMMARYCustomAlgos.tsv_min.txt	5.909708880607684e-05
counts(inten<0.17-SUMMARYCustomAlgos.tsv_median.txt	5.9067129687653576e-05
RoughnessThreshold=0.08-SUMMARYCustomAlgos.tsv_q10.txt	5.905777188095353e-05
ThicknessThreshold=0.28-SUMMARYCustomAlgos.tsv_median.txt	5.9019259925670396e-05
counts(inten<0.11Normalized-SUMMARYCustomAlgos.tsv_std.txt	5.89894727705079e-05
counts(Norminten<0.04-SUMMARYCustomAlgos.tsv_q75.txt	5.8890717563897766e-05
RoughnessThreshold=0.14-SUMMARYCustomAlgos.tsv_q25.txt	5.8886405987e-05
maxNormalized-SUMMARYCustomAlgos.tsv_var.txt	5.885148456654221e-05
counts(inten<0.17Normalized-SUMMARYCustomAlgos.tsv_std.txt	5.875847902248207e-05
counts(Norminten<0.22Normalized-SUMMARYCustomAlgos.tsv_q90.txt	5.871903917025517e-05
RoughnessThreshold=0.04-SUMMARYCustomAlgos.tsv_q90.txt	5.840263000813097e-05
ThicknessThreshold=0.060000000000000005-SUMMARYCustomAlgos.tsv_q90.txt	5.83002694815696e-05
ThicknessThreshold=0.13-SUMMARYCustomAlgos.tsv_median.txt	5.827948013162663e-05
RoughnessThreshold=0.02-SUMMARYCustomAlgos.tsv_q90.txt	5.806646451008413e-05
RoughnessThreshold=0.04-SUMMARYCustomAlgos.tsv_q10.txt	5.794002760995251e-05
counts(Norminten<0.24000000000000002Normalized-SUMMARYCustomAlgos.tsv_std.txt	5.753798114247733e-05
ThicknessThreshold=0.29000000000000004-SUMMARYCustomAlgos.tsv_q10.txt	5.7350287837333854e-05
RoughnessThreshold=0.060000000000000005-SUMMARYCustomAlgos.tsv_median.txt	5.72815195514394e-05
ThicknessThreshold=0.22-SUMMARYCustomAlgos.tsv_q90.txt	5.7261244725978055e-05
counts(Norminten<0.18000000000000002Normalized-SUMMARYCustomAlgos.tsv_q10.txt	5.697851185174799e-05
ThicknessThreshold=0.11-SUMMARYCustomAlgos.tsv_mean.txt	5.693786927632605e-05
ThicknessThreshold=0.16-SUMMARYCustomAlgos.tsv_max.txt	5.6756915397458074e-05
counts(inten<0.16-SUMMARYCustomAlgos.tsv_std.txt	5.6740050543782825e-05
counts(Norminten<0.08-SUMMARYCustomAlgos.tsv_min.txt	5.6624257758476955e-05
RoughnessThreshold=0.18000000000000002-SUMMARYCustomAlgos.tsv_max.txt	5.6501055831009866e-05
counts(inten<0.23-SUMMARYCustomAlgos.tsv_q25.txt	5.647016384803237e-05
counts(inten<0.15000000000000002-SUMMARYCustomAlgos.tsv_max.txt	5.6384973867001345e-05
counts(Norminten<0.29000000000000004-SUMMARYCustomAlgos.tsv_q10.txt	5.6255175185610446e-05
counts(inten<0.060000000000000005Normalized-SUMMARYCustomAlgos.tsv_median.txt	5.6211723998173324e-05
counts(Norminten<0.06999999999999999-SUMMARYCustomAlgos.tsv_mean.txt	5.6132518852938143e-05
counts(inten<0.29000000000000004Normalized-SUMMARYCustomAlgos.tsv_q10.txt	5.598679282685488e-05
counts(inten<0.2Normalized-SUMMARYCustomAlgos.tsv_var.txt	5.5983184391052105e-05
counts(inten<0.21000000000000002Normalized-SUMMARYCustomAlgos.tsv_q10.txt	5.595922508466626e-05
mdiffs-SUMMARYDiffGlobal.tsv_median.txt	5.564819631132219e-05
counts(inten<0.2-SUMMARYCustomAlgos.tsv_q10.txt	5.560368064346252e-05
mindiffs-SUMMARYDiffGlobal.tsv_max.txt	5.54980799689747e-05
counts(Norminten<0.05-SUMMARYCustomAlgos.tsv_std.txt	5.5240534434899757e-05
counts(Norminten<0.14-SUMMARYCustomAlgos.tsv_mean.txt	5.5084916490315764e-05
RoughnessThreshold=0.03-SUMMARYCustomAlgos.tsv_median.txt	5.482735226121815e-05
ThicknessThreshold=0.23-SUMMARYCustomAlgos.tsv_q90.txt	5.481632617596329e-05
counts(Norminten<0.21000000000000002-SUMMARYCustomAlgos.tsv_q75.txt	5.460673208741604e-05
MicrocoloniesPlatonic-SUMMARYCustomAlgos.tsv_q75.txt	5.453216458939518e-05
MicrocoloniesPlatonicNormalized-SUMMARYCustomAlgos.tsv_q10.txt	5.423081760966738e-05
counts(Norminten<0.22-SUMMARYCustomAlgos.tsv_median.txt	5.414228127815434e-05
counts(inten<0.24000000000000002Normalized-SUMMARYCustomAlgos.tsv_q25.txt	5.405152740613544e-05
ThicknessThreshold=0.15000000000000002-SUMMARYCustomAlgos.tsv_min.txt	5.353332283942758e-05
ThicknessThreshold=0.29000000000000004-SUMMARYCustomAlgos.tsv_q25.txt	5.339489600644285e-05
counts(Norminten<0.19-SUMMARYCustomAlgos.tsv_q90.txt	5.3380750748257e-05
counts(Norminten<0.060000000000000005-SUMMARYCustomAlgos.tsv_std.txt	5.322938564791002e-05
counts(Norminten<0.08Normalized-SUMMARYCustomAlgos.tsv_q25.txt	5.3021693110770695e-05
counts(inten<0.15000000000000002Normalized-SUMMARYCustomAlgos.tsv_q25.txt	5.2981348821990505e-05
ThicknessThreshold=0.2-SUMMARYCustomAlgos.tsv_max.txt	5.294382969748382e-05
ThicknessThreshold=0.12-SUMMARYCustomAlgos.tsv_min.txt	5.2870819209893843e-05
RoughnessThreshold=0.28-SUMMARYCustomAlgos.tsv_max.txt	5.2834090704561296e-05
MicrocoloniesPlatonic-SUMMARYCustomAlgos.tsv_q10.txt	5.2769594573867696e-05
RoughnessThreshold=0.09999999999999999-SUMMARYCustomAlgos.tsv_q10.txt	5.2702388366197936e-05
counts(inten<0.16-SUMMARYCustomAlgos.tsv_var.txt	5.267817983344701e-05
RoughnessThreshold=0.2-SUMMARYCustomAlgos.tsv_min.txt	5.261958572704525e-05
RoughnessThreshold=0.25-SUMMARYCustomAlgos.tsv_min.txt	5.259189121322498e-05
ThicknessThreshold=0.2-SUMMARYCustomAlgos.tsv_min.txt	5.258470549288244e-05
mdiffs-SUMMARYDiffGlobal.tsv_mean.txt	5.2550063472719034e-05
counts(inten<0.14Normalized-SUMMARYCustomAlgos.tsv_var.txt	5.246962737748618e-05
ThicknessThreshold=0.21000000000000002-SUMMARYCustomAlgos.tsv_q10.txt	5.2344441169551675e-05
ThicknessThreshold=0.08-SUMMARYCustomAlgos.tsv_median.txt	5.224671940430139e-05
counts(Norminten<0.27-SUMMARYCustomAlgos.tsv_mean.txt	5.177036526786095e-05
counts(inten<0.13Normalized-SUMMARYCustomAlgos.tsv_q90.txt	5.170762792279482e-05
ThicknessThreshold=0.28-SUMMARYCustomAlgos.tsv_q10.txt	5.152823531441534e-05
counts(Norminten<0.18000000000000002-SUMMARYCustomAlgos.tsv_q10.txt	5.139650902360387e-05
RoughnessThreshold=0.08-SUMMARYCustomAlgos.tsv_max.txt	5.1268162884919404e-05
counts(Norminten<0.23-SUMMARYCustomAlgos.tsv_min.txt	5.121758429557065e-05
RoughnessThreshold=0.24000000000000002-SUMMARYCustomAlgos.tsv_max.txt	5.1151396925684587e-05
counts(inten<0.16-SUMMARYCustomAlgos.tsv_q25.txt	5.111911985871711e-05
RoughnessThreshold=0.21000000000000002-SUMMARYCustomAlgos.tsv_q90.txt	5.098063198690259e-05
RoughnessThreshold=0.060000000000000005-SUMMARYCustomAlgos.tsv_q10.txt	5.0978148246413143e-05
counts(inten<0.25Normalized-SUMMARYCustomAlgos.tsv_min.txt	5.0772235968895825e-05
RoughnessThreshold=0.27-SUMMARYCustomAlgos.tsv_q90.txt	5.07711873056809e-05
counts(Norminten<0.13-SUMMARYCustomAlgos.tsv_q25.txt	5.069534046371612e-05
RoughnessThreshold=0.04-SUMMARYCustomAlgos.tsv_min.txt	5.0687996330556534e-05
counts(inten<0.18000000000000002Normalized-SUMMARYCustomAlgos.tsv_q25.txt	5.059920129615978e-05
RoughnessThreshold=0.03-SUMMARYCustomAlgos.tsv_q10.txt	5.051150747447267e-05
counts(Norminten<0.21000000000000002Normalized-SUMMARYCustomAlgos.tsv_q25.txt	5.037961847857314e-05
RoughnessThreshold=0.28-SUMMARYCustomAlgos.tsv_q90.txt	5.0099002912010574e-05
RoughnessThreshold=0.29000000000000004-SUMMARYCustomAlgos.tsv_q75.txt	4.99963308224155e-05
ThicknessThreshold=0.21000000000000002-SUMMARYCustomAlgos.tsv_q90.txt	4.987974995398773e-05
counts(inten<0.19Normalized-SUMMARYCustomAlgos.tsv_std.txt	4.9801243396933305e-05
ThicknessThreshold=0.04-SUMMARYCustomAlgos.tsv_q10.txt	4.9481090648668635e-05
RoughnessThreshold=0.03-SUMMARYCustomAlgos.tsv_q75.txt	4.945232553329184e-05
counts(Norminten<0.28-SUMMARYCustomAlgos.tsv_q25.txt	4.941279982467964e-05
ThicknessThreshold=0.25-SUMMARYCustomAlgos.tsv_q10.txt	4.938637945328979e-05
ThicknessThreshold=0.12-SUMMARYCustomAlgos.tsv_mean.txt	4.938434975035195e-05
RoughnessThreshold=0.09-SUMMARYCustomAlgos.tsv_min.txt	4.9215797316313276e-05
RoughnessThreshold=0.19-SUMMARYCustomAlgos.tsv_q75.txt	4.9180908290371904e-05
counts(inten<0.23Normalized-SUMMARYCustomAlgos.tsv_var.txt	4.911020122183912e-05
RoughnessThreshold=0.15000000000000002-SUMMARYCustomAlgos.tsv_mean.txt	4.8899716028443996e-05
RoughnessThreshold=0.25-SUMMARYCustomAlgos.tsv_median.txt	4.8827361057880546e-05
counts(inten<0.18000000000000002-SUMMARYCustomAlgos.tsv_q90.txt	4.866385199778494e-05
ThicknessThreshold=0.09-SUMMARYCustomAlgos.tsv_min.txt	4.8428105250036806e-05
ThicknessThreshold=0.18000000000000002-SUMMARYCustomAlgos.tsv_median.txt	4.839569672928893e-05
counts(inten<0.27-SUMMARYCustomAlgos.tsv_q75.txt	4.831368112052027e-05
counts(inten<0.29000000000000004Normalized-SUMMARYCustomAlgos.tsv_var.txt	4.813989346650805e-05
ThicknessThreshold=0.19-SUMMARYCustomAlgos.tsv_max.txt	4.8131326392100336e-05
counts(Norminten<0.18000000000000002Normalized-SUMMARYCustomAlgos.tsv_std.txt	4.810055554849638e-05
counts(Norminten<0.16-SUMMARYCustomAlgos.tsv_q10.txt	4.802373995996721e-05
ThicknessThreshold=0.05-SUMMARYCustomAlgos.tsv_q25.txt	4.7957484828640385e-05
RoughnessThreshold=0.27-SUMMARYCustomAlgos.tsv_max.txt	4.795554085240153e-05
counts(Norminten<0.26-SUMMARYCustomAlgos.tsv_q10.txt	4.790041857763752e-05
counts(Norminten<0.060000000000000005-SUMMARYCustomAlgos.tsv_q90.txt	4.7704370871703664e-05
min-SUMMARYCustomAlgos.tsv_q75.txt	4.767849906220907e-05
RoughnessThreshold=0.23-SUMMARYCustomAlgos.tsv_mean.txt	4.7671832308461956e-05
counts(inten<0.29000000000000004-SUMMARYCustomAlgos.tsv_max.txt	4.7651975082545084e-05
counts(Norminten<0.24000000000000002-SUMMARYCustomAlgos.tsv_q10.txt	4.748359396811631e-05
RoughnessThreshold=0.2-SUMMARYCustomAlgos.tsv_mean.txt	4.746991507006415e-05
RoughnessThreshold=0.01-SUMMARYCustomAlgos.tsv_mean.txt	4.728078303077446e-05
counts(inten<0.14-SUMMARYCustomAlgos.tsv_max.txt	4.718502187390657e-05
counts(Norminten<0.13-SUMMARYCustomAlgos.tsv_q90.txt	4.715086342474689e-05
ThicknessThreshold=0.05-SUMMARYCustomAlgos.tsv_q75.txt	4.70967852366316e-05
counts(inten<0.27-SUMMARYCustomAlgos.tsv_var.txt	4.707769517165879e-05
counts(inten<0.28-SUMMARYCustomAlgos.tsv_q75.txt	4.702122562789318e-05
RoughnessThreshold=0.04-SUMMARYCustomAlgos.tsv_q75.txt	4.685480372778523e-05
counts(Norminten<0.23Normalized-SUMMARYCustomAlgos.tsv_q10.txt	4.6836013549822475e-05
ThicknessThreshold=0.25-SUMMARYCustomAlgos.tsv_median.txt	4.6714351906220446e-05
counts(Norminten<0.18000000000000002Normalized-SUMMARYCustomAlgos.tsv_var.txt	4.655255857595238e-05
ThicknessThreshold=0.25-SUMMARYCustomAlgos.tsv_q75.txt	4.653272851093757e-05
RoughnessThreshold=0.2-SUMMARYCustomAlgos.tsv_q25.txt	4.646108850340716e-05
counts(Norminten<0.2-SUMMARYCustomAlgos.tsv_q10.txt	4.637164661053946e-05
ThicknessThreshold=0.21000000000000002-SUMMARYCustomAlgos.tsv_median.txt	4.5990221544570265e-05
RoughnessThreshold=0.28-SUMMARYCustomAlgos.tsv_q75.txt	4.580444594695578e-05
ThicknessThreshold=0.29000000000000004-SUMMARYCustomAlgos.tsv_median.txt	4.5528979551454444e-05
ThicknessThreshold=0.18000000000000002-SUMMARYCustomAlgos.tsv_q25.txt	4.546573423242996e-05
counts(inten<0.26-SUMMARYCustomAlgos.tsv_q10.txt	4.542223383324552e-05
counts(inten<0.27Normalized-SUMMARYCustomAlgos.tsv_q25.txt	4.537988485315023e-05
ThicknessThreshold=0.27-SUMMARYCustomAlgos.tsv_min.txt	4.536879866570788e-05
counts(Norminten<0.19-SUMMARYCustomAlgos.tsv_mean.txt	4.524885624784447e-05
ThicknessThreshold=0.08-SUMMARYCustomAlgos.tsv_max.txt	4.51565533596515e-05
counts(Norminten<0.28Normalized-SUMMARYCustomAlgos.tsv_min.txt	4.50678208291607e-05
counts(inten<0.11Normalized-SUMMARYCustomAlgos.tsv_max.txt	4.502424131055541e-05
ThicknessThreshold=0.29000000000000004-SUMMARYCustomAlgos.tsv_min.txt	4.5018262724809046e-05
RoughnessThreshold=0.05-SUMMARYCustomAlgos.tsv_q90.txt	4.493420530126524e-05
counts(inten<0.22-SUMMARYCustomAlgos.tsv_q90.txt	4.485885422626834e-05
RoughnessThreshold=0.22-SUMMARYCustomAlgos.tsv_q25.txt	4.46741433602496e-05
RoughnessThreshold=0.21000000000000002-SUMMARYCustomAlgos.tsv_q75.txt	4.4616872081063506e-05
counts(inten<0.03-SUMMARYCustomAlgos.tsv_median.txt	4.4582430828054304e-05
ThicknessThreshold=0.11-SUMMARYCustomAlgos.tsv_q90.txt	4.4456595595026304e-05
counts(inten<0.19Normalized-SUMMARYCustomAlgos.tsv_q75.txt	4.439189118378072e-05
counts(inten<0.26Normalized-SUMMARYCustomAlgos.tsv_std.txt	4.422074849356363e-05
counts(Norminten<0.27-SUMMARYCustomAlgos.tsv_min.txt	4.4108698196452854e-05
ThicknessThreshold=0.21000000000000002-SUMMARYCustomAlgos.tsv_q75.txt	4.3916254917665194e-05
counts(inten<0.16-SUMMARYCustomAlgos.tsv_mean.txt	4.388605266178637e-05
ThicknessThreshold=0.24000000000000002-SUMMARYCustomAlgos.tsv_mean.txt	4.386251729778154e-05
ThicknessThreshold=0.06999999999999999-SUMMARYCustomAlgos.tsv_max.txt	4.366534426365636e-05
RoughnessThreshold=0.18000000000000002-SUMMARYCustomAlgos.tsv_median.txt	4.3493824724665004e-05
counts(inten<0.25Normalized-SUMMARYCustomAlgos.tsv_q90.txt	4.325263790385936e-05
counts(Norminten<0.13-SUMMARYCustomAlgos.tsv_q10.txt	4.305849867406296e-05
counts(inten<0.29000000000000004-SUMMARYCustomAlgos.tsv_std.txt	4.2998600760073155e-05
counts(Norminten<0.24000000000000002-SUMMARYCustomAlgos.tsv_q25.txt	4.2876856110895053e-05
RoughnessThreshold=0.2-SUMMARYCustomAlgos.tsv_median.txt	4.2646479628142424e-05
counts(inten<0.27Normalized-SUMMARYCustomAlgos.tsv_var.txt	4.264174871710817e-05
counts(inten<0.2-SUMMARYCustomAlgos.tsv_std.txt	4.2638995764794535e-05
RoughnessThreshold=0.16-SUMMARYCustomAlgos.tsv_max.txt	4.251526018738635e-05
ThicknessThreshold=0.19-SUMMARYCustomAlgos.tsv_q25.txt	4.250380418701934e-05
RoughnessThreshold=0.21000000000000002-SUMMARYCustomAlgos.tsv_mean.txt	4.2336278755941286e-05
ThicknessThreshold=0.09999999999999999-SUMMARYCustomAlgos.tsv_q90.txt	4.2298548686218876e-05
RoughnessThreshold=0.2-SUMMARYCustomAlgos.tsv_q90.txt	4.218695274547885e-05
counts(inten<0.21000000000000002-SUMMARYCustomAlgos.tsv_std.txt	4.218497038454295e-05
ThicknessThreshold=0.18000000000000002-SUMMARYCustomAlgos.tsv_min.txt	4.211378499181946e-05
maxNormalized-SUMMARYCustomAlgos.tsv_median.txt	4.2009272962381434e-05
counts(Norminten<0.04-SUMMARYCustomAlgos.tsv_mean.txt	4.181094512972131e-05
counts(Norminten<0.16Normalized-SUMMARYCustomAlgos.tsv_q25.txt	4.174335760597899e-05
ThicknessThreshold=0.09-SUMMARYCustomAlgos.tsv_max.txt	4.15352585829276e-05
RoughnessThreshold=0.15000000000000002-SUMMARYCustomAlgos.tsv_median.txt	4.151330993987676e-05
counts(Norminten<0.12Normalized-SUMMARYCustomAlgos.tsv_std.txt	4.1320181056133665e-05
counts(inten<0.24000000000000002Normalized-SUMMARYCustomAlgos.tsv_min.txt	4.1268846606079876e-05
ThicknessThreshold=0.15000000000000002-SUMMARYCustomAlgos.tsv_mean.txt	4.1242017011015205e-05
ThicknessThreshold=0.23-SUMMARYCustomAlgos.tsv_median.txt	4.1182710233268275e-05
ThicknessThreshold=0.14-SUMMARYCustomAlgos.tsv_max.txt	4.1164994479415234e-05
ThicknessThreshold=0.09999999999999999-SUMMARYCustomAlgos.tsv_q25.txt	4.106578000939456e-05
RoughnessThreshold=0.08-SUMMARYCustomAlgos.tsv_median.txt	4.0993423755090125e-05
RoughnessThreshold=0.27-SUMMARYCustomAlgos.tsv_q75.txt	4.099059674667051e-05
ThicknessThreshold=0.06999999999999999-SUMMARYCustomAlgos.tsv_min.txt	4.097391095594796e-05
RoughnessThreshold=0.27-SUMMARYCustomAlgos.tsv_median.txt	4.0840749831159784e-05
RoughnessThreshold=0.22-SUMMARYCustomAlgos.tsv_max.txt	4.071033532598043e-05
counts(inten<0.18000000000000002Normalized-SUMMARYCustomAlgos.tsv_q90.txt	4.070024637729828e-05
RoughnessThreshold=0.15000000000000002-SUMMARYCustomAlgos.tsv_q75.txt	4.0665012778062494e-05
counts(Norminten<0.05-SUMMARYCustomAlgos.tsv_var.txt	4.061978746034387e-05
counts(Norminten<0.18000000000000002Normalized-SUMMARYCustomAlgos.tsv_q25.txt	4.0543751560103114e-05
ThicknessThreshold=0.09999999999999999-SUMMARYCustomAlgos.tsv_min.txt	4.047764061669644e-05
counts(Norminten<0.08-SUMMARYCustomAlgos.tsv_median.txt	4.045535144478837e-05
RoughnessThreshold=0.05-SUMMARYCustomAlgos.tsv_q75.txt	4.042860720559487e-05
counts(inten<0.060000000000000005Normalized-SUMMARYCustomAlgos.tsv_std.txt	4.0341924315172604e-05
ThicknessThreshold=0.24000000000000002-SUMMARYCustomAlgos.tsv_q25.txt	4.027723060238315e-05
ThicknessThreshold=0.23-SUMMARYCustomAlgos.tsv_mean.txt	4.005818218172502e-05
counts(inten<0.27-SUMMARYCustomAlgos.tsv_q10.txt	4.0043911675558637e-05
RoughnessThreshold=0.16-SUMMARYCustomAlgos.tsv_min.txt	4.004223437515326e-05
ThicknessThreshold=0.27-SUMMARYCustomAlgos.tsv_q90.txt	4.0017849483992704e-05
counts(inten<0.18000000000000002-SUMMARYCustomAlgos.tsv_q25.txt	3.990820239629818e-05
counts(inten<0.22-SUMMARYCustomAlgos.tsv_std.txt	3.988575811077511e-05
RoughnessThreshold=0.09999999999999999-SUMMARYCustomAlgos.tsv_q90.txt	3.961468422185849e-05
ThicknessThreshold=0.22-SUMMARYCustomAlgos.tsv_q75.txt	3.945585430605108e-05
counts(inten<0.28-SUMMARYCustomAlgos.tsv_q90.txt	3.921742394493669e-05
counts(Norminten<0.16-SUMMARYCustomAlgos.tsv_mean.txt	3.9124125418762303e-05
ThicknessThreshold=0.28-SUMMARYCustomAlgos.tsv_q90.txt	3.907100829057981e-05
RoughnessThreshold=0.26-SUMMARYCustomAlgos.tsv_min.txt	3.897375181791283e-05
counts(inten<0.17-SUMMARYCustomAlgos.tsv_q10.txt	3.88901735719906e-05
RoughnessThreshold=0.05-SUMMARYCustomAlgos.tsv_mean.txt	3.884790910824215e-05
ThicknessThreshold=0.14-SUMMARYCustomAlgos.tsv_q10.txt	3.878417699932491e-05
counts(inten<0.14-SUMMARYCustomAlgos.tsv_q90.txt	3.8767925266949406e-05
counts(Norminten<0.17-SUMMARYCustomAlgos.tsv_q90.txt	3.871177153568651e-05
RoughnessThreshold=0.05-SUMMARYCustomAlgos.tsv_min.txt	3.853230565723987e-05
RoughnessThreshold=0.29000000000000004-SUMMARYCustomAlgos.tsv_mean.txt	3.8493869082956736e-05
RoughnessThreshold=0.29000000000000004-SUMMARYCustomAlgos.tsv_q90.txt	3.845022844563883e-05
counts(Norminten<0.12-SUMMARYCustomAlgos.tsv_mean.txt	3.832906009827622e-05
counts(inten<0.22Normalized-SUMMARYCustomAlgos.tsv_std.txt	3.812863033121611e-05
RoughnessThreshold=0.13-SUMMARYCustomAlgos.tsv_q90.txt	3.811587144953457e-05
ThicknessThreshold=0.08-SUMMARYCustomAlgos.tsv_min.txt	3.810999351136101e-05
RoughnessThreshold=0.01-SUMMARYCustomAlgos.tsv_q25.txt	3.8035941278160136e-05
Homogenity-SUMMARYCustomAlgos.tsv_q10.txt	3.783397422983719e-05
counts(Norminten<0.19Normalized-SUMMARYCustomAlgos.tsv_std.txt	3.7832878162857854e-05
ThicknessThreshold=0.18000000000000002-SUMMARYCustomAlgos.tsv_q90.txt	3.780528256750966e-05
ThicknessThreshold=0.11-SUMMARYCustomAlgos.tsv_q75.txt	3.7792678827888615e-05
counts(inten<0.25Normalized-SUMMARYCustomAlgos.tsv_var.txt	3.7713872970438026e-05
RoughnessThreshold=0.11-SUMMARYCustomAlgos.tsv_min.txt	3.76301992350036e-05
counts(inten<0.06999999999999999Normalized-SUMMARYCustomAlgos.tsv_std.txt	3.752065810175625e-05
ThicknessThreshold=0.27-SUMMARYCustomAlgos.tsv_median.txt	3.7514825809512014e-05
RoughnessThreshold=0.13-SUMMARYCustomAlgos.tsv_min.txt	3.747385663438332e-05
counts(Norminten<0.19-SUMMARYCustomAlgos.tsv_min.txt	3.7284168590108336e-05
counts(inten<0.19-SUMMARYCustomAlgos.tsv_q10.txt	3.7087575678999146e-05
counts(inten<0.27Normalized-SUMMARYCustomAlgos.tsv_q75.txt	3.707899820462249e-05
ThicknessThreshold=0.13-SUMMARYCustomAlgos.tsv_q75.txt	3.6989850388425884e-05
mindiffs-SUMMARYDiffGlobal.tsv_q75.txt	3.6914605290981914e-05
counts(inten<0.21000000000000002-SUMMARYCustomAlgos.tsv_max.txt	3.6818213320396455e-05
RoughnessThreshold=0.02-SUMMARYCustomAlgos.tsv_max.txt	3.6802111551652915e-05
counts(inten<0.09999999999999999Normalized-SUMMARYCustomAlgos.tsv_q25.txt	3.677210457422859e-05
RoughnessThreshold=0.19-SUMMARYCustomAlgos.tsv_median.txt	3.671142290050566e-05
counts(Norminten<0.2Normalized-SUMMARYCustomAlgos.tsv_q25.txt	3.639504492365222e-05
counts(Norminten<0.13-SUMMARYCustomAlgos.tsv_mean.txt	3.633003008619101e-05
RoughnessThreshold=0.06999999999999999-SUMMARYCustomAlgos.tsv_min.txt	3.6227870313670724e-05
counts(Norminten<0.21000000000000002-SUMMARYCustomAlgos.tsv_q25.txt	3.608973643626571e-05
RoughnessThreshold=0.11-SUMMARYCustomAlgos.tsv_max.txt	3.6081667061141617e-05
counts(inten<0.13-SUMMARYCustomAlgos.tsv_mean.txt	3.591256957042574e-05
ThicknessThreshold=0.13-SUMMARYCustomAlgos.tsv_mean.txt	3.589176754080421e-05
RoughnessThreshold=0.25-SUMMARYCustomAlgos.tsv_q90.txt	3.583585186850631e-05
ThicknessThreshold=0.22-SUMMARYCustomAlgos.tsv_mean.txt	3.568653662648824e-05
counts(Norminten<0.11-SUMMARYCustomAlgos.tsv_mean.txt	3.568478720070856e-05
counts(Norminten<0.09-SUMMARYCustomAlgos.tsv_mean.txt	3.5624228382003504e-05
RoughnessThreshold=0.19-SUMMARYCustomAlgos.tsv_q10.txt	3.548159557075225e-05
RoughnessThreshold=0.18000000000000002-SUMMARYCustomAlgos.tsv_q10.txt	3.547316911109451e-05
counts(Norminten<0.14Normalized-SUMMARYCustomAlgos.tsv_std.txt	3.5464435244274146e-05
globalMean-SUMMARYDiffGlobal.tsv_min.txt	3.535820899486341e-05
RoughnessThreshold=0.21000000000000002-SUMMARYCustomAlgos.tsv_max.txt	3.5281221709860204e-05
counts(inten<0.18000000000000002-SUMMARYCustomAlgos.tsv_std.txt	3.514922006574576e-05
ThicknessThreshold=0.26-SUMMARYCustomAlgos.tsv_q75.txt	3.511390465083913e-05
ThicknessThreshold=0.2-SUMMARYCustomAlgos.tsv_mean.txt	3.4720575932475484e-05
counts(inten<0.18000000000000002-SUMMARYCustomAlgos.tsv_max.txt	3.462486129191533e-05
counts(Norminten<0.25-SUMMARYCustomAlgos.tsv_mean.txt	3.456438183764589e-05
RoughnessThreshold=0.27-SUMMARYCustomAlgos.tsv_mean.txt	3.432003991696738e-05
counts(Norminten<0.21000000000000002Normalized-SUMMARYCustomAlgos.tsv_var.txt	3.404494815041019e-05
counts(Norminten<0.24000000000000002-SUMMARYCustomAlgos.tsv_min.txt	3.3869968700622217e-05
globalMean-SUMMARYDiffGlobal.tsv_q25.txt	3.382611324444121e-05
counts(inten<0.02-SUMMARYCustomAlgos.tsv_q10.txt	3.382108407942592e-05
counts(inten<0.01Normalized-SUMMARYCustomAlgos.tsv_std.txt	3.380433002166777e-05
RoughnessThreshold=0.27-SUMMARYCustomAlgos.tsv_q10.txt	3.379793696663643e-05
ThicknessThreshold=0.19-SUMMARYCustomAlgos.tsv_median.txt	3.363568428429666e-05
Homogenity-SUMMARYCustomAlgos.tsv_max.txt	3.3055508229048196e-05
RoughnessThreshold=0.12-SUMMARYCustomAlgos.tsv_q75.txt	3.296048140484355e-05
ThicknessThreshold=0.29000000000000004-SUMMARYCustomAlgos.tsv_mean.txt	3.2698555734292194e-05
counts(Norminten<0.09-SUMMARYCustomAlgos.tsv_q25.txt	3.267146949637219e-05
MicrocoloniesPlatonicNormalized-SUMMARYCustomAlgos.tsv_std.txt	3.245015722325508e-05
MicrocoloniesPlatonic-SUMMARYCustomAlgos.tsv_min.txt	3.241478160609726e-05
RoughnessThreshold=0.14-SUMMARYCustomAlgos.tsv_q75.txt	3.240056089032991e-05
ThicknessThreshold=0.06999999999999999-SUMMARYCustomAlgos.tsv_q90.txt	3.238213261159005e-05
counts(inten<0.28Normalized-SUMMARYCustomAlgos.tsv_std.txt	3.234715408918525e-05
ThicknessThreshold=0.14-SUMMARYCustomAlgos.tsv_q75.txt	3.228548422810516e-05
RoughnessThreshold=0.24000000000000002-SUMMARYCustomAlgos.tsv_mean.txt	3.2051847898236006e-05
ThicknessThreshold=0.23-SUMMARYCustomAlgos.tsv_max.txt	3.204012709935353e-05
counts(inten<0.21000000000000002-SUMMARYCustomAlgos.tsv_var.txt	3.2012589020260705e-05
RoughnessThreshold=0.24000000000000002-SUMMARYCustomAlgos.tsv_min.txt	3.1918436384549e-05
RoughnessThreshold=0.27-SUMMARYCustomAlgos.tsv_min.txt	3.1685205937828184e-05
ThicknessThreshold=0.25-SUMMARYCustomAlgos.tsv_max.txt	3.1584454247869646e-05
ThicknessThreshold=0.05-SUMMARYCustomAlgos.tsv_q90.txt	3.146244457920145e-05
counts(Norminten<0.2-SUMMARYCustomAlgos.tsv_q25.txt	3.144908144622959e-05
counts(Norminten<0.27-SUMMARYCustomAlgos.tsv_q25.txt	3.132215287987099e-05
counts(inten<0.24000000000000002Normalized-SUMMARYCustomAlgos.tsv_var.txt	3.1135924845631664e-05
counts(Norminten<0.28-SUMMARYCustomAlgos.tsv_q10.txt	3.113478111637379e-05
RoughnessThreshold=0.06999999999999999-SUMMARYCustomAlgos.tsv_max.txt	3.1088163950622065e-05
ThicknessThreshold=0.09999999999999999-SUMMARYCustomAlgos.tsv_max.txt	3.0997384956904246e-05
ThicknessThreshold=0.24000000000000002-SUMMARYCustomAlgos.tsv_q75.txt	3.0872261258198254e-05
counts(inten<0.24000000000000002-SUMMARYCustomAlgos.tsv_std.txt	3.079973261870192e-05
RoughnessThreshold=0.17-SUMMARYCustomAlgos.tsv_median.txt	3.0703225613915876e-05
counts(inten<0.03Normalized-SUMMARYCustomAlgos.tsv_q25.txt	3.0659067278081075e-05
counts(inten<0.19Normalized-SUMMARYCustomAlgos.tsv_median.txt	3.0653096249371814e-05
RoughnessThreshold=0.08-SUMMARYCustomAlgos.tsv_min.txt	3.0511549002691876e-05
ThicknessThreshold=0.21000000000000002-SUMMARYCustomAlgos.tsv_max.txt	3.0501990043499265e-05
ThicknessThreshold=0.15000000000000002-SUMMARYCustomAlgos.tsv_q25.txt	3.037965383202892e-05
RoughnessThreshold=0.06999999999999999-SUMMARYCustomAlgos.tsv_q75.txt	3.0120853164032345e-05
RoughnessThreshold=0.04-SUMMARYCustomAlgos.tsv_median.txt	3.0080888576062316e-05
counts(inten<0.29000000000000004-SUMMARYCustomAlgos.tsv_var.txt	3.006466927923843e-05
counts(Norminten<0.23-SUMMARYCustomAlgos.tsv_std.txt	2.9985468154830442e-05
RoughnessThreshold=0.25-SUMMARYCustomAlgos.tsv_max.txt	2.997774986906977e-05
ThicknessThreshold=0.24000000000000002-SUMMARYCustomAlgos.tsv_median.txt	2.9971158074935044e-05
ThicknessThreshold=0.16-SUMMARYCustomAlgos.tsv_q10.txt	2.977630284286173e-05
RoughnessThreshold=0.14-SUMMARYCustomAlgos.tsv_mean.txt	2.976140663527099e-05
RoughnessThreshold=0.12-SUMMARYCustomAlgos.tsv_median.txt	2.9624988374738698e-05
ThicknessThreshold=0.27-SUMMARYCustomAlgos.tsv_q75.txt	2.954003618470552e-05
counts(inten<0.29000000000000004-SUMMARYCustomAlgos.tsv_q10.txt	2.9254869559771564e-05
ThicknessThreshold=0.26-SUMMARYCustomAlgos.tsv_max.txt	2.9165699898550143e-05
RoughnessThreshold=0.02-SUMMARYCustomAlgos.tsv_q25.txt	2.9108760346365405e-05
ThicknessThreshold=0.19-SUMMARYCustomAlgos.tsv_min.txt	2.8595460280509568e-05
counts(inten<0.09999999999999999-SUMMARYCustomAlgos.tsv_max.txt	2.8594167016276563e-05
ThicknessThreshold=0.08-SUMMARYCustomAlgos.tsv_q75.txt	2.8276464650177717e-05
counts(inten<0.27-SUMMARYCustomAlgos.tsv_q90.txt	2.819459387949496e-05
RoughnessThreshold=0.27-SUMMARYCustomAlgos.tsv_q25.txt	2.8062018535997823e-05
ThicknessThreshold=0.17-SUMMARYCustomAlgos.tsv_q10.txt	2.8019250966471817e-05
ThicknessThreshold=0.13-SUMMARYCustomAlgos.tsv_q10.txt	2.80160162364195e-05
counts(Norminten<0.25Normalized-SUMMARYCustomAlgos.tsv_q25.txt	2.794725752864968e-05
counts(inten<0.26Normalized-SUMMARYCustomAlgos.tsv_var.txt	2.7734066586069004e-05
BioVolume-SUMMARYCustomAlgos.tsv_q10.txt	2.7648603153281016e-05
RoughnessThreshold=0.04-SUMMARYCustomAlgos.tsv_max.txt	2.752718896364823e-05
RoughnessThreshold=0.13-SUMMARYCustomAlgos.tsv_q10.txt	2.7227356712163563e-05
ThicknessThreshold=0.22-SUMMARYCustomAlgos.tsv_min.txt	2.716719295302696e-05
counts(Norminten<0.21000000000000002-SUMMARYCustomAlgos.tsv_median.txt	2.7076843427776997e-05
counts(inten<0.01Normalized-SUMMARYCustomAlgos.tsv_max.txt	2.7074088245804356e-05
RoughnessThreshold=0.17-SUMMARYCustomAlgos.tsv_min.txt	2.6902858033184648e-05
RoughnessThreshold=0.02-SUMMARYCustomAlgos.tsv_mean.txt	2.687925059042861e-05
counts(inten<0.13-SUMMARYCustomAlgos.tsv_std.txt	2.66924143718207e-05
counts(Norminten<0.25-SUMMARYCustomAlgos.tsv_q25.txt	2.6673132691001152e-05
ThicknessThreshold=0.17-SUMMARYCustomAlgos.tsv_q90.txt	2.6581732851241767e-05
ThicknessThreshold=0.29000000000000004-SUMMARYCustomAlgos.tsv_q75.txt	2.653430064499071e-05
counts(Norminten<0.24000000000000002Normalized-SUMMARYCustomAlgos.tsv_min.txt	2.6392206486993225e-05
RoughnessThreshold=0.28-SUMMARYCustomAlgos.tsv_min.txt	2.601085552218086e-05
counts(Norminten<0.23-SUMMARYCustomAlgos.tsv_mean.txt	2.5749280787879872e-05
counts(Norminten<0.27-SUMMARYCustomAlgos.tsv_q10.txt	2.5744885349443914e-05
ThicknessThreshold=0.25-SUMMARYCustomAlgos.tsv_min.txt	2.572126520385423e-05
RoughnessThreshold=0.22-SUMMARYCustomAlgos.tsv_median.txt	2.5676127299566026e-05
RoughnessThreshold=0.03-SUMMARYCustomAlgos.tsv_q25.txt	2.5270214215822652e-05
ThicknessThreshold=0.12-SUMMARYCustomAlgos.tsv_q75.txt	2.5171264129481433e-05
ThicknessThreshold=0.2-SUMMARYCustomAlgos.tsv_q75.txt	2.5149515065061995e-05
RoughnessThreshold=0.25-SUMMARYCustomAlgos.tsv_q25.txt	2.4776767643911986e-05
counts(inten<0.23Normalized-SUMMARYCustomAlgos.tsv_q25.txt	2.4709130230945473e-05
counts(inten<0.23Normalized-SUMMARYCustomAlgos.tsv_std.txt	2.459236144010871e-05
ThicknessThreshold=0.21000000000000002-SUMMARYCustomAlgos.tsv_mean.txt	2.451654784378698e-05
RoughnessThreshold=0.060000000000000005-SUMMARYCustomAlgos.tsv_q90.txt	2.4492655505144314e-05
RoughnessThreshold=0.2-SUMMARYCustomAlgos.tsv_q75.txt	2.446894015982302e-05
RoughnessThreshold=0.060000000000000005-SUMMARYCustomAlgos.tsv_q75.txt	2.396462104343933e-05
ThicknessThreshold=0.28-SUMMARYCustomAlgos.tsv_q75.txt	2.3821926231780308e-05
counts(inten<0.2Normalized-SUMMARYCustomAlgos.tsv_q10.txt	2.3443870300556738e-05
ThicknessThreshold=0.15000000000000002-SUMMARYCustomAlgos.tsv_q75.txt	2.344340170507949e-05
RoughnessThreshold=0.13-SUMMARYCustomAlgos.tsv_q75.txt	2.3414943604327833e-05
RoughnessThreshold=0.14-SUMMARYCustomAlgos.tsv_q10.txt	2.2885756779607807e-05
counts(Norminten<0.26-SUMMARYCustomAlgos.tsv_min.txt	2.2878062721314755e-05
ThicknessThreshold=0.22-SUMMARYCustomAlgos.tsv_median.txt	2.287634728934886e-05
RoughnessThreshold=0.15000000000000002-SUMMARYCustomAlgos.tsv_max.txt	2.2871009464060563e-05
RoughnessThreshold=0.12-SUMMARYCustomAlgos.tsv_mean.txt	2.274656907291949e-05
RoughnessThreshold=0.13-SUMMARYCustomAlgos.tsv_max.txt	2.2729850736314493e-05
ThicknessThreshold=0.18000000000000002-SUMMARYCustomAlgos.tsv_q10.txt	2.255668034478413e-05
ThicknessThreshold=0.06999999999999999-SUMMARYCustomAlgos.tsv_q25.txt	2.248823826365988e-05
counts(inten<0.28-SUMMARYCustomAlgos.tsv_q25.txt	2.2486617144848952e-05
ThicknessThreshold=0.26-SUMMARYCustomAlgos.tsv_median.txt	2.2345270405977378e-05
counts(Norminten<0.13Normalized-SUMMARYCustomAlgos.tsv_var.txt	2.230715427717425e-05
RoughnessThreshold=0.18000000000000002-SUMMARYCustomAlgos.tsv_mean.txt	2.2118888563399665e-05
RoughnessThreshold=0.11-SUMMARYCustomAlgos.tsv_mean.txt	2.2066653754978706e-05
RoughnessThreshold=0.01-SUMMARYCustomAlgos.tsv_min.txt	2.206154737149136e-05
RoughnessThreshold=0.14-SUMMARYCustomAlgos.tsv_q90.txt	2.201262283899678e-05
RoughnessThreshold=0.16-SUMMARYCustomAlgos.tsv_median.txt	2.1929528518116756e-05
counts(Norminten<0.16-SUMMARYCustomAlgos.tsv_q25.txt	2.1771718601141322e-05
RoughnessThreshold=0.09-SUMMARYCustomAlgos.tsv_q10.txt	2.1469547593693104e-05
RoughnessThreshold=0.21000000000000002-SUMMARYCustomAlgos.tsv_min.txt	2.1330955039541385e-05
RoughnessThreshold=0.11-SUMMARYCustomAlgos.tsv_median.txt	2.1253826755895954e-05
counts(Norminten<0.22-SUMMARYCustomAlgos.tsv_min.txt	2.1234042163757302e-05
RoughnessThreshold=0.29000000000000004-SUMMARYCustomAlgos.tsv_median.txt	2.097168602597463e-05
counts(Norminten<0.08Normalized-SUMMARYCustomAlgos.tsv_std.txt	2.096263928989487e-05
counts(Norminten<0.08-SUMMARYCustomAlgos.tsv_std.txt	2.0832724063561244e-05
ThicknessThreshold=0.04-SUMMARYCustomAlgos.tsv_max.txt	2.0588573365891034e-05
counts(inten<0.12Normalized-SUMMARYCustomAlgos.tsv_std.txt	2.0022498006040044e-05
counts(inten<0.2Normalized-SUMMARYCustomAlgos.tsv_q90.txt	2.0010428559714568e-05
ThicknessThreshold=0.26-SUMMARYCustomAlgos.tsv_mean.txt	1.9880774997249816e-05
counts(inten<0.19-SUMMARYCustomAlgos.tsv_max.txt	1.976953701403766e-05
RoughnessThreshold=0.05-SUMMARYCustomAlgos.tsv_q10.txt	1.9639330246467047e-05
counts(Norminten<0.18000000000000002-SUMMARYCustomAlgos.tsv_q25.txt	1.9638886365255902e-05
ThicknessThreshold=0.28-SUMMARYCustomAlgos.tsv_q25.txt	1.9608599285854817e-05
counts(inten<0.12-SUMMARYCustomAlgos.tsv_q90.txt	1.9452534997955215e-05
counts(inten<0.27Normalized-SUMMARYCustomAlgos.tsv_min.txt	1.9444833195730887e-05
RoughnessThreshold=0.28-SUMMARYCustomAlgos.tsv_median.txt	1.9444241957052866e-05
ThicknessThreshold=0.26-SUMMARYCustomAlgos.tsv_q90.txt	1.932443753321932e-05
med-SUMMARYCustomAlgos.tsv_var.txt	1.9257495067989583e-05
RoughnessThreshold=0.23-SUMMARYCustomAlgos.tsv_q75.txt	1.906220695445644e-05
RoughnessThreshold=0.29000000000000004-SUMMARYCustomAlgos.tsv_max.txt	1.906171901190359e-05
ThicknessThreshold=0.08-SUMMARYCustomAlgos.tsv_q10.txt	1.9061513685273635e-05
RoughnessThreshold=0.14-SUMMARYCustomAlgos.tsv_min.txt	1.8597869428078317e-05
counts(Norminten<0.26-SUMMARYCustomAlgos.tsv_q25.txt	1.8292027919506815e-05
RoughnessThreshold=0.24000000000000002-SUMMARYCustomAlgos.tsv_q10.txt	1.797590943795288e-05
ThicknessThreshold=0.28-SUMMARYCustomAlgos.tsv_min.txt	1.7800073641447516e-05
RoughnessThreshold=0.17-SUMMARYCustomAlgos.tsv_q25.txt	1.7734242368260393e-05
RoughnessThreshold=0.17-SUMMARYCustomAlgos.tsv_max.txt	1.7728984594633774e-05
counts(Norminten<0.2-SUMMARYCustomAlgos.tsv_mean.txt	1.772339949025174e-05
RoughnessThreshold=0.09-SUMMARYCustomAlgos.tsv_q75.txt	1.716592898204492e-05
counts(inten<0.17-SUMMARYCustomAlgos.tsv_std.txt	1.716184307987313e-05
RoughnessThreshold=0.16-SUMMARYCustomAlgos.tsv_q90.txt	1.7155396659057387e-05
mean-SUMMARYCustomAlgos.tsv_q90.txt	1.704937777776888e-05
ThicknessThreshold=0.27-SUMMARYCustomAlgos.tsv_max.txt	1.7046851182164058e-05
min-SUMMARYCustomAlgos.tsv_max.txt	1.6999226812076937e-05
counts(Norminten<0.22-SUMMARYCustomAlgos.tsv_q25.txt	1.6821641081623446e-05
ThicknessThreshold=0.26-SUMMARYCustomAlgos.tsv_q10.txt	1.673665251248948e-05
RoughnessThreshold=0.16-SUMMARYCustomAlgos.tsv_q25.txt	1.67277466676169e-05
RoughnessThreshold=0.19-SUMMARYCustomAlgos.tsv_q90.txt	1.6717465252466184e-05
counts(inten<0.22Normalized-SUMMARYCustomAlgos.tsv_q75.txt	1.6688600255573996e-05
RoughnessThreshold=0.09-SUMMARYCustomAlgos.tsv_mean.txt	1.668101074153096e-05
ThicknessThreshold=0.19-SUMMARYCustomAlgos.tsv_mean.txt	1.6654509831549476e-05
RoughnessThreshold=0.03-SUMMARYCustomAlgos.tsv_max.txt	1.648010705304559e-05
RoughnessThreshold=0.12-SUMMARYCustomAlgos.tsv_min.txt	1.6439515890358918e-05
counts(inten<0.26-SUMMARYCustomAlgos.tsv_std.txt	1.6397479451270947e-05
ThicknessThreshold=0.25-SUMMARYCustomAlgos.tsv_mean.txt	1.6302109550176176e-05
counts(inten<0.01-SUMMARYCustomAlgos.tsv_q10.txt	1.6297970359424574e-05
Homogenity-SUMMARYCustomAlgos.tsv_median.txt	1.622037324827022e-05
counts(inten<0.25-SUMMARYCustomAlgos.tsv_var.txt	1.6209896308239536e-05
ThicknessThreshold=0.29000000000000004-SUMMARYCustomAlgos.tsv_q90.txt	1.6203792204805408e-05
ThicknessThreshold=0.06999999999999999-SUMMARYCustomAlgos.tsv_mean.txt	1.620336708215419e-05
ThicknessThreshold=0.22-SUMMARYCustomAlgos.tsv_q10.txt	1.6017353658592394e-05
ThicknessThreshold=0.11-SUMMARYCustomAlgos.tsv_median.txt	1.6012397040281893e-05
ThicknessThreshold=0.16-SUMMARYCustomAlgos.tsv_mean.txt	1.6011261198897292e-05
counts(Norminten<0.17-SUMMARYCustomAlgos.tsv_mean.txt	1.5932752346199916e-05
counts(inten<0.21000000000000002Normalized-SUMMARYCustomAlgos.tsv_std.txt	1.5922661916324202e-05
ThicknessThreshold=0.08-SUMMARYCustomAlgos.tsv_q25.txt	1.5736173415116095e-05
counts(inten<0.23-SUMMARYCustomAlgos.tsv_std.txt	1.572017864826892e-05
counts(Norminten<0.09999999999999999-SUMMARYCustomAlgos.tsv_q10.txt	1.5266167613787412e-05
ThicknessThreshold=0.2-SUMMARYCustomAlgos.tsv_median.txt	1.5263868802883016e-05
RoughnessThreshold=0.15000000000000002-SUMMARYCustomAlgos.tsv_q10.txt	1.5255286935364778e-05
RoughnessThreshold=0.12-SUMMARYCustomAlgos.tsv_q10.txt	1.5251220213975126e-05
counts(inten<0.2-SUMMARYCustomAlgos.tsv_max.txt	1.524848163244145e-05
ThicknessThreshold=0.17-SUMMARYCustomAlgos.tsv_mean.txt	1.5244227773153693e-05
counts(inten<0.27Normalized-SUMMARYCustomAlgos.tsv_q10.txt	1.488024107807305e-05
counts(inten<0.19-SUMMARYCustomAlgos.tsv_std.txt	1.4871453643638447e-05
RoughnessThreshold=0.08-SUMMARYCustomAlgos.tsv_q75.txt	1.4729227697494393e-05
counts(inten<0.22Normalized-SUMMARYCustomAlgos.tsv_q25.txt	1.4710757094017434e-05
RoughnessThreshold=0.11-SUMMARYCustomAlgos.tsv_q90.txt	1.4538324175537636e-05
RoughnessThreshold=0.16-SUMMARYCustomAlgos.tsv_mean.txt	1.4305177728968439e-05
counts(inten<0.17-SUMMARYCustomAlgos.tsv_q90.txt	1.4301608112856256e-05
ThicknessThreshold=0.16-SUMMARYCustomAlgos.tsv_median.txt	1.4299683969023303e-05
ThicknessThreshold=0.2-SUMMARYCustomAlgos.tsv_q90.txt	1.4298015593281983e-05
counts(inten<0.22Normalized-SUMMARYCustomAlgos.tsv_var.txt	1.429543298038643e-05
RoughnessThreshold=0.28-SUMMARYCustomAlgos.tsv_q10.txt	1.4292830165035727e-05
counts(inten<0.26-SUMMARYCustomAlgos.tsv_q25.txt	1.3719334429355716e-05
ThicknessThreshold=0.2-SUMMARYCustomAlgos.tsv_q25.txt	1.3718550223612367e-05
RoughnessThreshold=0.23-SUMMARYCustomAlgos.tsv_max.txt	1.3717327041652663e-05
RoughnessThreshold=0.11-SUMMARYCustomAlgos.tsv_q10.txt	1.3349963573670826e-05
counts(Norminten<0.09999999999999999-SUMMARYCustomAlgos.tsv_q25.txt	1.3347059848306244e-05
mdiffs-SUMMARYDiffGlobal.tsv_q75.txt	1.3346634207652277e-05
counts(Norminten<0.06999999999999999-SUMMARYCustomAlgos.tsv_q90.txt	1.3344676433605909e-05
ThicknessThreshold=0.13-SUMMARYCustomAlgos.tsv_max.txt	1.334437555506096e-05
ThicknessThreshold=0.27-SUMMARYCustomAlgos.tsv_q10.txt	1.33429141538757e-05
RoughnessThreshold=0.22-SUMMARYCustomAlgos.tsv_mean.txt	1.334181110130171e-05
RoughnessThreshold=0.17-SUMMARYCustomAlgos.tsv_q75.txt	1.334174144427051e-05
RoughnessThreshold=0.15000000000000002-SUMMARYCustomAlgos.tsv_q25.txt	1.3341344904650475e-05
RoughnessThreshold=0.16-SUMMARYCustomAlgos.tsv_q75.txt	1.333693049401515e-05
RoughnessThreshold=0.23-SUMMARYCustomAlgos.tsv_median.txt	1.2263538537761075e-05
ThicknessThreshold=0.14-SUMMARYCustomAlgos.tsv_q25.txt	1.1460267253432348e-05
ThicknessThreshold=0.05-SUMMARYCustomAlgos.tsv_min.txt	1.1455987242612609e-05
RoughnessThreshold=0.05-SUMMARYCustomAlgos.tsv_q25.txt	1.145060894338361e-05
RoughnessThreshold=0.13-SUMMARYCustomAlgos.tsv_mean.txt	1.1447515431250802e-05
RoughnessThreshold=0.01-SUMMARYCustomAlgos.tsv_q75.txt	1.1445684716269492e-05
ThicknessThreshold=0.27-SUMMARYCustomAlgos.tsv_q25.txt	1.1440050784292147e-05
counts(inten<0.17-SUMMARYCustomAlgos.tsv_var.txt	1.1437500755384291e-05
ThicknessThreshold=0.15000000000000002-SUMMARYCustomAlgos.tsv_max.txt	1.1436858249291485e-05
RoughnessThreshold=0.28-SUMMARYCustomAlgos.tsv_q25.txt	1.1433223117062485e-05
counts(inten<0.12Normalized-SUMMARYCustomAlgos.tsv_var.txt	1.1346641751749184e-05
Homogenity-SUMMARYCustomAlgos.tsv_q25.txt	1.134473640301341e-05
counts(inten<0.24000000000000002Normalized-SUMMARYCustomAlgos.tsv_median.txt	1.1293922062902624e-05
ThicknessThreshold=0.27-SUMMARYCustomAlgos.tsv_mean.txt	1.1282649947679672e-05
RoughnessThreshold=0.060000000000000005-SUMMARYCustomAlgos.tsv_max.txt	1.1252984808101561e-05
ThicknessThreshold=0.12-SUMMARYCustomAlgos.tsv_median.txt	1.124284648796564e-05
RoughnessThreshold=0.13-SUMMARYCustomAlgos.tsv_median.txt	1.1236957003148518e-05
counts(Norminten<0.29000000000000004-SUMMARYCustomAlgos.tsv_median.txt	1.1063726400241802e-05
RoughnessThreshold=0.14-SUMMARYCustomAlgos.tsv_median.txt	1.0731652594369861e-05
RoughnessThreshold=0.05-SUMMARYCustomAlgos.tsv_median.txt	1.0673937142709018e-05
counts(inten<0.28Normalized-SUMMARYCustomAlgos.tsv_var.txt	1.0401164597597665e-05
counts(Norminten<0.14-SUMMARYCustomAlgos.tsv_q25.txt	1.03013723717193e-05
RoughnessThreshold=0.01-SUMMARYCustomAlgos.tsv_median.txt	1.0004184607504396e-05
counts(Norminten<0.29000000000000004Normalized-SUMMARYCustomAlgos.tsv_q10.txt	9.804299642927408e-06
counts(inten<0.14Normalized-SUMMARYCustomAlgos.tsv_q10.txt	9.799905528910702e-06
RoughnessThreshold=0.04-SUMMARYCustomAlgos.tsv_mean.txt	9.155015002780834e-06
counts(inten<0.01Normalized-SUMMARYCustomAlgos.tsv_var.txt	9.153003901467911e-06
ThicknessThreshold=0.09999999999999999-SUMMARYCustomAlgos.tsv_median.txt	8.586717835872333e-06
counts(inten<0.28Normalized-SUMMARYCustomAlgos.tsv_median.txt	8.586580205528384e-06
RoughnessThreshold=0.09-SUMMARYCustomAlgos.tsv_median.txt	8.581628449814638e-06
counts(inten<0.19Normalized-SUMMARYCustomAlgos.tsv_q25.txt	8.579547274449422e-06
counts(inten<0.2Normalized-SUMMARYCustomAlgos.tsv_std.txt	8.57840894533609e-06
counts(inten<0.2Normalized-SUMMARYCustomAlgos.tsv_q25.txt	8.577702548149504e-06
RoughnessThreshold=0.19-SUMMARYCustomAlgos.tsv_max.txt	8.577643686968616e-06
ThicknessThreshold=0.24000000000000002-SUMMARYCustomAlgos.tsv_q10.txt	8.577388631186012e-06
RoughnessThreshold=0.11-SUMMARYCustomAlgos.tsv_q75.txt	7.632550691585417e-06
RoughnessThreshold=0.06999999999999999-SUMMARYCustomAlgos.tsv_q10.txt	7.632550691585417e-06
counts(inten<0.29000000000000004-SUMMARYCustomAlgos.tsv_q90.txt	7.631275102125539e-06
RoughnessThreshold=0.08-SUMMARYCustomAlgos.tsv_q90.txt	7.631117867194129e-06
counts(Norminten<0.14-SUMMARYCustomAlgos.tsv_min.txt	7.63052392703388e-06
counts(inten<0.03Normalized-SUMMARYCustomAlgos.tsv_q75.txt	7.628323660618931e-06
RoughnessThreshold=0.05-SUMMARYCustomAlgos.tsv_max.txt	7.6282189176777864e-06
counts(Norminten<0.29000000000000004-SUMMARYCustomAlgos.tsv_min.txt	7.626194452706155e-06
RoughnessThreshold=0.21000000000000002-SUMMARYCustomAlgos.tsv_q25.txt	7.621103139437227e-06
RoughnessThreshold=0.06999999999999999-SUMMARYCustomAlgos.tsv_q25.txt	5.724334374398943e-06
counts(inten<0.19-SUMMARYCustomAlgos.tsv_var.txt	5.723757715625401e-06
ThicknessThreshold=0.2-SUMMARYCustomAlgos.tsv_q10.txt	5.722316576864446e-06
ThicknessThreshold=0.21000000000000002-SUMMARYCustomAlgos.tsv_min.txt	5.721805801911084e-06
RoughnessThreshold=0.23-SUMMARYCustomAlgos.tsv_q25.txt	5.721805801911083e-06
counts(inten<0.12Normalized-SUMMARYCustomAlgos.tsv_max.txt	5.720784525506688e-06
RoughnessThreshold=0.2-SUMMARYCustomAlgos.tsv_q10.txt	5.720614348216083e-06
counts(inten<0.27Normalized-SUMMARYCustomAlgos.tsv_std.txt	5.720418002384269e-06
counts(inten<0.27-SUMMARYCustomAlgos.tsv_std.txt	5.720169317011784e-06
ThicknessThreshold=0.15000000000000002-SUMMARYCustomAlgos.tsv_median.txt	5.720156228906924e-06
ThicknessThreshold=0.06999999999999999-SUMMARYCustomAlgos.tsv_median.txt	5.720156228906924e-06
ThicknessThreshold=0.17-SUMMARYCustomAlgos.tsv_min.txt	5.719999176320117e-06
ThicknessThreshold=0.23-SUMMARYCustomAlgos.tsv_min.txt	5.718939296890728e-06
med-SUMMARYCustomAlgos.tsv_mean.txt	5.71862533396772e-06
RoughnessThreshold=0.060000000000000005-SUMMARYCustomAlgos.tsv_min.txt	5.71862533396772e-06
RoughnessThreshold=0.15000000000000002-SUMMARYCustomAlgos.tsv_q90.txt	5.718298325910984e-06
ThicknessThreshold=0.14-SUMMARYCustomAlgos.tsv_q90.txt	5.717696728791348e-06
counts(inten<0.23-SUMMARYCustomAlgos.tsv_max.txt	5.716180219729968e-06
ThicknessThreshold=0.25-SUMMARYCustomAlgos.tsv_var.txt	0.0
Unnamed: 0-SUMMARYDiffGlobal.tsv_median.txt	0.0
ThicknessThreshold=0.2-SUMMARYCustomAlgos.tsv_var.txt	0.0
ThicknessThreshold=0.2-SUMMARYCustomAlgos.tsv_std.txt	0.0
mindiffs-SUMMARYDiffGlobal.tsv_std.txt	0.0
Unnamed: 0-SUMMARYDiffGlobal.tsv_max.txt	0.0
Unnamed: 0-SUMMARYDiffGlobal.tsv_mean.txt	0.0
mindiffs-SUMMARYDiffGlobal.tsv_var.txt	0.0
Unnamed: 0-SUMMARYCustomAlgos.tsv_var.txt	0.0
Homogenity-SUMMARYCustomAlgos.tsv_std.txt	0.0
ThicknessThreshold=0.19-SUMMARYCustomAlgos.tsv_var.txt	0.0
Unnamed: 0-SUMMARYDiffGlobal.tsv_min.txt	0.0
ThicknessThreshold=0.19-SUMMARYCustomAlgos.tsv_std.txt	0.0
BioVolume-SUMMARYCustomAlgos.tsv_var.txt	0.0
Unnamed: 0-SUMMARYDiffGlobal.tsv_q10.txt	0.0
Homogenity-SUMMARYCustomAlgos.tsv_var.txt	0.0
MicrocoloniesAggregates-SUMMARYCustomAlgos.tsv_max.txt	0.0
ThicknessThreshold=0.01-SUMMARYCustomAlgos.tsv_std.txt	0.0
Unnamed: 0-SUMMARYCustomAlgos.tsv_q25.txt	0.0
max-SUMMARYCustomAlgos.tsv_q90.txt	0.0
MicrocoloniesAggregates-SUMMARYCustomAlgos.tsv_median.txt	0.0
max-SUMMARYCustomAlgos.tsv_q75.txt	0.0
Unnamed: 0-SUMMARYCustomAlgos.tsv_q10.txt	0.0
ThicknessThreshold=0.21000000000000002-SUMMARYCustomAlgos.tsv_std.txt	0.0
MicrocoloniesAggregates-SUMMARYCustomAlgos.tsv_mean.txt	0.0
Unnamed: 0-SUMMARYCustomAlgos.tsv_q75.txt	0.0
Unnamed: 0-SUMMARYDiffGlobal.tsv_q25.txt	0.0
Unnamed: 0-SUMMARYCustomAlgos.tsv_q90.txt	0.0
Unnamed: 0-SUMMARYCustomAlgos.tsv_std.txt	0.0
max-SUMMARYCustomAlgos.tsv_max.txt	0.0
globalMean-SUMMARYDiffGlobal.tsv_var.txt	0.0
minPropNormalized-SUMMARYCustomAlgos.tsv_std.txt	0.0
globalMean-SUMMARYDiffGlobal.tsv_std.txt	0.0
stdNormalized-SUMMARYCustomAlgos.tsv_mean.txt	0.0
BioVolume-SUMMARYCustomAlgos.tsv_std.txt	0.0
eigenLocalNormalized-SUMMARYCustomAlgos.tsv_var.txt	0.0
eigen-SUMMARYDiffGlobal.tsv_var.txt	0.0
eigenLocal-SUMMARYCustomAlgos.tsv_q25.txt	0.0
eigenLocal-SUMMARYCustomAlgos.tsv_q10.txt	0.0
eigenLocal-SUMMARYCustomAlgos.tsv_min.txt	0.0
eigenLocal-SUMMARYCustomAlgos.tsv_median.txt	0.0
eigenLocal-SUMMARYCustomAlgos.tsv_mean.txt	0.0
eigenLocal-SUMMARYCustomAlgos.tsv_max.txt	0.0
eigen-SUMMARYDiffGlobal.tsv_std.txt	0.0
eigenLocal-SUMMARYCustomAlgos.tsv_q90.txt	0.0
eigen-SUMMARYDiffGlobal.tsv_q90.txt	0.0
eigen-SUMMARYDiffGlobal.tsv_q75.txt	0.0
eigen-SUMMARYDiffGlobal.tsv_q25.txt	0.0
eigen-SUMMARYDiffGlobal.tsv_q10.txt	0.0
eigen-SUMMARYDiffGlobal.tsv_min.txt	0.0
eigen-SUMMARYDiffGlobal.tsv_median.txt	0.0
eigenLocal-SUMMARYCustomAlgos.tsv_q75.txt	0.0
eigenLocal-SUMMARYCustomAlgos.tsv_std.txt	0.0
MicrocoloniesAggregates-SUMMARYCustomAlgos.tsv_q10.txt	0.0
eigenLocalNormalized-SUMMARYCustomAlgos.tsv_min.txt	0.0
ThicknessThreshold=0.19-SUMMARYCustomAlgos.tsv_q90.txt	0.0
eigenLocalNormalized-SUMMARYCustomAlgos.tsv_std.txt	0.0
eigenLocalNormalized-SUMMARYCustomAlgos.tsv_q90.txt	0.0
eigenLocalNormalized-SUMMARYCustomAlgos.tsv_q75.txt	0.0
eigenLocalNormalized-SUMMARYCustomAlgos.tsv_q25.txt	0.0
eigenLocalNormalized-SUMMARYCustomAlgos.tsv_q10.txt	0.0
eigenLocalNormalized-SUMMARYCustomAlgos.tsv_median.txt	0.0
eigenLocal-SUMMARYCustomAlgos.tsv_var.txt	0.0
ThicknessThreshold=0.19-SUMMARYCustomAlgos.tsv_q10.txt	0.0
SubstratumCoverage-SUMMARYCustomAlgos.tsv_var.txt	0.0
eigenLocalNormalized-SUMMARYCustomAlgos.tsv_mean.txt	0.0
SubstratumCoverage-SUMMARYCustomAlgos.tsv_std.txt	0.0
RoughnessThreshold=0.29000000000000004-SUMMARYCustomAlgos.tsv_std.txt	0.0
eigenLocalNormalized-SUMMARYCustomAlgos.tsv_max.txt	0.0
MicrocoloniesAggregates-SUMMARYCustomAlgos.tsv_min.txt	0.0
Unnamed: 0-SUMMARYCustomAlgos.tsv_median.txt	0.0
Unnamed: 0-SUMMARYCustomAlgos.tsv_min.txt	0.0
MicrocoloniesLargeNormalized-SUMMARYCustomAlgos.tsv_max.txt	0.0
maxdiffs-SUMMARYDiffGlobal.tsv_var.txt	0.0
MicrocoloniesLargeNormalized-SUMMARYCustomAlgos.tsv_median.txt	0.0
medNormalized-SUMMARYCustomAlgos.tsv_mean.txt	0.0
ThicknessThreshold=0.23-SUMMARYCustomAlgos.tsv_var.txt	0.0
MicrocoloniesLargeNormalized-SUMMARYCustomAlgos.tsv_mean.txt	0.0
maxdiffs-SUMMARYDiffGlobal.tsv_std.txt	0.0
ThicknessThreshold=0.27-SUMMARYCustomAlgos.tsv_std.txt	0.0
ThicknessThreshold=0.24000000000000002-SUMMARYCustomAlgos.tsv_std.txt	0.0
MicrocoloniesLarge-SUMMARYCustomAlgos.tsv_var.txt	0.0
ThicknessThreshold=0.27-SUMMARYCustomAlgos.tsv_var.txt	0.0
MicrocoloniesLarge-SUMMARYCustomAlgos.tsv_std.txt	0.0
ThicknessThreshold=0.23-SUMMARYCustomAlgos.tsv_std.txt	0.0
MicrocoloniesLarge-SUMMARYCustomAlgos.tsv_q90.txt	0.0
MicrocoloniesLarge-SUMMARYCustomAlgos.tsv_q75.txt	0.0
med-SUMMARYCustomAlgos.tsv_std.txt	0.0
ThicknessThreshold=0.24000000000000002-SUMMARYCustomAlgos.tsv_var.txt	0.0
MicrocoloniesLarge-SUMMARYCustomAlgos.tsv_q10.txt	0.0
MicrocoloniesLargeNormalized-SUMMARYCustomAlgos.tsv_q90.txt	0.0
ThicknessThreshold=0.25-SUMMARYCustomAlgos.tsv_std.txt	0.0
MicrocoloniesLargeNormalized-SUMMARYCustomAlgos.tsv_var.txt	0.0
MicrocoloniesLargeNormalized-SUMMARYCustomAlgos.tsv_std.txt	0.0
meanNormalized-SUMMARYCustomAlgos.tsv_mean.txt	0.0
mdiffs-SUMMARYDiffGlobal.tsv_var.txt	0.0
mdiffs-SUMMARYDiffGlobal.tsv_std.txt	0.0
ThicknessThreshold=0.02-SUMMARYCustomAlgos.tsv_std.txt	0.0
eigen-SUMMARYDiffGlobal.tsv_max.txt	0.0
MicrocoloniesLargeNormalized-SUMMARYCustomAlgos.tsv_q75.txt	0.0
ThicknessThreshold=0.26-SUMMARYCustomAlgos.tsv_std.txt	0.0
MicrocoloniesLargeNormalized-SUMMARYCustomAlgos.tsv_q25.txt	0.0
ThicknessThreshold=0.26-SUMMARYCustomAlgos.tsv_var.txt	0.0
MicrocoloniesLargeNormalized-SUMMARYCustomAlgos.tsv_q10.txt	0.0
MicrocoloniesLargeNormalized-SUMMARYCustomAlgos.tsv_min.txt	0.0
MicrocoloniesLarge-SUMMARYCustomAlgos.tsv_q25.txt	0.0
MicrocoloniesLarge-SUMMARYCustomAlgos.tsv_min.txt	0.0
ThicknessThreshold=0.02-SUMMARYCustomAlgos.tsv_var.txt	0.0
ThicknessThreshold=0.21000000000000002-SUMMARYCustomAlgos.tsv_var.txt	0.0
ThicknessThreshold=0.29000000000000004-SUMMARYCustomAlgos.tsv_var.txt	0.0
MicrocoloniesAggregatesNormalized-SUMMARYCustomAlgos.tsv_max.txt	0.0
Unnamed: 0-SUMMARYCustomAlgos.tsv_max.txt	0.0
MicrocoloniesAggregates-SUMMARYCustomAlgos.tsv_var.txt	0.0
MicrocoloniesAggregates-SUMMARYCustomAlgos.tsv_std.txt	0.0
MicrocoloniesAggregates-SUMMARYCustomAlgos.tsv_q90.txt	0.0
ThicknessThreshold=0.01-SUMMARYCustomAlgos.tsv_var.txt	0.0
MicrocoloniesAggregatesNormalized-SUMMARYCustomAlgos.tsv_mean.txt	0.0
Unnamed: 0-SUMMARYCustomAlgos.tsv_mean.txt	0.0
maxNormalized-SUMMARYCustomAlgos.tsv_mean.txt	0.0
MicrocoloniesAggregates-SUMMARYCustomAlgos.tsv_q75.txt	0.0
minPropNormalized-SUMMARYCustomAlgos.tsv_mean.txt	0.0
MicrocoloniesAggregates-SUMMARYCustomAlgos.tsv_q25.txt	0.0
ThicknessThreshold=0.03-SUMMARYCustomAlgos.tsv_var.txt	0.0
ThicknessThreshold=0.22-SUMMARYCustomAlgos.tsv_std.txt	0.0
MicrocoloniesAggregatesNormalized-SUMMARYCustomAlgos.tsv_median.txt	0.0
ThicknessThreshold=0.28-SUMMARYCustomAlgos.tsv_std.txt	0.0
MicrocoloniesAggregatesNormalized-SUMMARYCustomAlgos.tsv_var.txt	0.0
ThicknessThreshold=0.22-SUMMARYCustomAlgos.tsv_var.txt	0.0
MicrocoloniesLarge-SUMMARYCustomAlgos.tsv_median.txt	0.0
MicrocoloniesLarge-SUMMARYCustomAlgos.tsv_mean.txt	0.0
ThicknessThreshold=0.03-SUMMARYCustomAlgos.tsv_std.txt	0.0
MicrocoloniesLarge-SUMMARYCustomAlgos.tsv_max.txt	0.0
ThicknessThreshold=0.28-SUMMARYCustomAlgos.tsv_var.txt	0.0
minNormalized-SUMMARYCustomAlgos.tsv_mean.txt	0.0
MicrocoloniesAggregatesNormalized-SUMMARYCustomAlgos.tsv_min.txt	0.0
MicrocoloniesAggregatesNormalized-SUMMARYCustomAlgos.tsv_std.txt	0.0
MicrocoloniesAggregatesNormalized-SUMMARYCustomAlgos.tsv_q90.txt	0.0
MicrocoloniesAggregatesNormalized-SUMMARYCustomAlgos.tsv_q75.txt	0.0
MicrocoloniesAggregatesNormalized-SUMMARYCustomAlgos.tsv_q25.txt	0.0
MicrocoloniesAggregatesNormalized-SUMMARYCustomAlgos.tsv_q10.txt	0.0
ThicknessThreshold=0.29000000000000004-SUMMARYCustomAlgos.tsv_std.txt	0.0
eigen-SUMMARYDiffGlobal.tsv_mean.txt	0.0
RoughnessThreshold=0.02-SUMMARYCustomAlgos.tsv_std.txt	0.0
Unnamed: 0-SUMMARYDiffGlobal.tsv_q75.txt	0.0
counts(inten<0.17Normalized-SUMMARYCustomAlgos.tsv_mean.txt	0.0
counts(inten<0.18000000000000002Normalized-SUMMARYCustomAlgos.tsv_mean.txt	0.0
RoughnessThreshold=0.13-SUMMARYCustomAlgos.tsv_var.txt	0.0
RoughnessThreshold=0.13-SUMMARYCustomAlgos.tsv_std.txt	0.0
counts(Norminten<0.26Normalized-SUMMARYCustomAlgos.tsv_mean.txt	0.0
RoughnessThreshold=0.29000000000000004-SUMMARYCustomAlgos.tsv_var.txt	0.0
counts(Norminten<0.27Normalized-SUMMARYCustomAlgos.tsv_mean.txt	0.0
counts(Norminten<0.27Normalized-SUMMARYCustomAlgos.tsv_q25.txt	0.0
ThicknessThreshold=0.11-SUMMARYCustomAlgos.tsv_var.txt	0.0
ThicknessThreshold=0.060000000000000005-SUMMARYCustomAlgos.tsv_std.txt	0.0
ThicknessThreshold=0.11-SUMMARYCustomAlgos.tsv_std.txt	0.0
counts(Norminten<0.25Normalized-SUMMARYCustomAlgos.tsv_mean.txt	0.0
ThicknessThreshold=0.060000000000000005-SUMMARYCustomAlgos.tsv_var.txt	0.0
RoughnessThreshold=0.12-SUMMARYCustomAlgos.tsv_var.txt	0.0
RoughnessThreshold=0.12-SUMMARYCustomAlgos.tsv_std.txt	0.0
counts(Norminten<0.28Normalized-SUMMARYCustomAlgos.tsv_mean.txt	0.0
RoughnessThreshold=0.12-SUMMARYCustomAlgos.tsv_q25.txt	0.0
ThicknessThreshold=0.11-SUMMARYCustomAlgos.tsv_q10.txt	0.0
counts(Norminten<0.29000000000000004Normalized-SUMMARYCustomAlgos.tsv_mean.txt	0.0
counts(inten<0.16Normalized-SUMMARYCustomAlgos.tsv_mean.txt	0.0
RoughnessThreshold=0.11-SUMMARYCustomAlgos.tsv_var.txt	0.0
counts(Norminten<0.25Normalized-SUMMARYCustomAlgos.tsv_q10.txt	0.0
counts(inten<0.18000000000000002Normalized-SUMMARYCustomAlgos.tsv_std.txt	0.0
counts(Norminten<0.2Normalized-SUMMARYCustomAlgos.tsv_mean.txt	0.0
ThicknessThreshold=0.13-SUMMARYCustomAlgos.tsv_std.txt	0.0
ThicknessThreshold=0.14-SUMMARYCustomAlgos.tsv_var.txt	0.0
ThicknessThreshold=0.14-SUMMARYCustomAlgos.tsv_std.txt	0.0
counts(Norminten<0.17Normalized-SUMMARYCustomAlgos.tsv_mean.txt	0.0
counts(Norminten<0.18000000000000002Normalized-SUMMARYCustomAlgos.tsv_mean.txt	0.0
counts(inten<0.21000000000000002Normalized-SUMMARYCustomAlgos.tsv_mean.txt	0.0
counts(Norminten<0.19Normalized-SUMMARYCustomAlgos.tsv_mean.txt	0.0
ThicknessThreshold=0.05-SUMMARYCustomAlgos.tsv_std.txt	0.0
ThicknessThreshold=0.05-SUMMARYCustomAlgos.tsv_var.txt	0.0
ThicknessThreshold=0.13-SUMMARYCustomAlgos.tsv_var.txt	0.0
counts(inten<0.2-SUMMARYCustomAlgos.tsv_var.txt	0.0
counts(Norminten<0.24000000000000002Normalized-SUMMARYCustomAlgos.tsv_mean.txt	0.0
counts(Norminten<0.21000000000000002Normalized-SUMMARYCustomAlgos.tsv_mean.txt	0.0
RoughnessThreshold=0.14-SUMMARYCustomAlgos.tsv_var.txt	0.0
counts(Norminten<0.22-SUMMARYCustomAlgos.tsv_q10.txt	0.0
counts(Norminten<0.22Normalized-SUMMARYCustomAlgos.tsv_mean.txt	0.0
RoughnessThreshold=0.14-SUMMARYCustomAlgos.tsv_std.txt	0.0
counts(inten<0.19Normalized-SUMMARYCustomAlgos.tsv_mean.txt	0.0
counts(Norminten<0.23Normalized-SUMMARYCustomAlgos.tsv_mean.txt	0.0
ThicknessThreshold=0.12-SUMMARYCustomAlgos.tsv_var.txt	0.0
ThicknessThreshold=0.12-SUMMARYCustomAlgos.tsv_std.txt	0.0
RoughnessThreshold=0.11-SUMMARYCustomAlgos.tsv_std.txt	0.0
counts(inten<0.16-SUMMARYCustomAlgos.tsv_q10.txt	0.0
Unnamed: 0-SUMMARYDiffGlobal.tsv_q90.txt	0.0
ThicknessThreshold=0.09-SUMMARYCustomAlgos.tsv_std.txt	0.0
RoughnessThreshold=0.06999999999999999-SUMMARYCustomAlgos.tsv_median.txt	0.0
RoughnessThreshold=0.060000000000000005-SUMMARYCustomAlgos.tsv_var.txt	0.0
RoughnessThreshold=0.060000000000000005-SUMMARYCustomAlgos.tsv_std.txt	0.0
counts(inten<0.060000000000000005Normalized-SUMMARYCustomAlgos.tsv_mean.txt	0.0
ThicknessThreshold=0.09-SUMMARYCustomAlgos.tsv_var.txt	0.0
RoughnessThreshold=0.05-SUMMARYCustomAlgos.tsv_var.txt	0.0
RoughnessThreshold=0.05-SUMMARYCustomAlgos.tsv_std.txt	0.0
counts(inten<0.06999999999999999Normalized-SUMMARYCustomAlgos.tsv_mean.txt	0.0
counts(inten<0.12Normalized-SUMMARYCustomAlgos.tsv_mean.txt	0.0
RoughnessThreshold=0.04-SUMMARYCustomAlgos.tsv_var.txt	0.0
ThicknessThreshold=0.06999999999999999-SUMMARYCustomAlgos.tsv_var.txt	0.0
RoughnessThreshold=0.04-SUMMARYCustomAlgos.tsv_std.txt	0.0
counts(inten<0.08Normalized-SUMMARYCustomAlgos.tsv_mean.txt	0.0
ThicknessThreshold=0.08-SUMMARYCustomAlgos.tsv_var.txt	0.0
RoughnessThreshold=0.03-SUMMARYCustomAlgos.tsv_var.txt	0.0
ThicknessThreshold=0.08-SUMMARYCustomAlgos.tsv_std.txt	0.0
RoughnessThreshold=0.03-SUMMARYCustomAlgos.tsv_std.txt	0.0
counts(inten<0.11Normalized-SUMMARYCustomAlgos.tsv_mean.txt	0.0
counts(inten<0.09999999999999999Normalized-SUMMARYCustomAlgos.tsv_mean.txt	0.0
counts(inten<0.09Normalized-SUMMARYCustomAlgos.tsv_mean.txt	0.0
counts(inten<0.13Normalized-SUMMARYCustomAlgos.tsv_mean.txt	0.0
RoughnessThreshold=0.01-SUMMARYCustomAlgos.tsv_var.txt	0.0
counts(inten<0.01-SUMMARYCustomAlgos.tsv_min.txt	0.0
RoughnessThreshold=0.09-SUMMARYCustomAlgos.tsv_var.txt	0.0
counts(inten<0.01Normalized-SUMMARYCustomAlgos.tsv_mean.txt	0.0
ThicknessThreshold=0.09999999999999999-SUMMARYCustomAlgos.tsv_var.txt	0.0
counts(inten<0.15000000000000002Normalized-SUMMARYCustomAlgos.tsv_mean.txt	0.0
ThicknessThreshold=0.09999999999999999-SUMMARYCustomAlgos.tsv_std.txt	0.0
RoughnessThreshold=0.09999999999999999-SUMMARYCustomAlgos.tsv_var.txt	0.0
RoughnessThreshold=0.09999999999999999-SUMMARYCustomAlgos.tsv_std.txt	0.0
RoughnessThreshold=0.09999999999999999-SUMMARYCustomAlgos.tsv_median.txt	0.0
counts(inten<0.03Normalized-SUMMARYCustomAlgos.tsv_mean.txt	0.0
RoughnessThreshold=0.09999999999999999-SUMMARYCustomAlgos.tsv_max.txt	0.0
RoughnessThreshold=0.09-SUMMARYCustomAlgos.tsv_std.txt	0.0
RoughnessThreshold=0.06999999999999999-SUMMARYCustomAlgos.tsv_std.txt	0.0
RoughnessThreshold=0.09-SUMMARYCustomAlgos.tsv_q25.txt	0.0
counts(inten<0.14Normalized-SUMMARYCustomAlgos.tsv_mean.txt	0.0
counts(inten<0.04Normalized-SUMMARYCustomAlgos.tsv_mean.txt	0.0
RoughnessThreshold=0.08-SUMMARYCustomAlgos.tsv_var.txt	0.0
RoughnessThreshold=0.01-SUMMARYCustomAlgos.tsv_std.txt	0.0
ThicknessThreshold=0.06999999999999999-SUMMARYCustomAlgos.tsv_std.txt	0.0
RoughnessThreshold=0.08-SUMMARYCustomAlgos.tsv_std.txt	0.0
counts(inten<0.05Normalized-SUMMARYCustomAlgos.tsv_mean.txt	0.0
RoughnessThreshold=0.06999999999999999-SUMMARYCustomAlgos.tsv_var.txt	0.0
counts(Norminten<0.17-SUMMARYCustomAlgos.tsv_q10.txt	0.0
RoughnessThreshold=0.01-SUMMARYCustomAlgos.tsv_max.txt	0.0
RoughnessThreshold=0.15000000000000002-SUMMARYCustomAlgos.tsv_std.txt	0.0
RoughnessThreshold=0.27-SUMMARYCustomAlgos.tsv_var.txt	0.0
Unnamed: 0.1-SUMMARYDiffGlobal.tsv_q90.txt	0.0
Unnamed: 0.1-SUMMARYDiffGlobal.tsv_std.txt	0.0
Unnamed: 0.1-SUMMARYDiffGlobal.tsv_var.txt	0.0
RoughnessThreshold=0.28-SUMMARYCustomAlgos.tsv_var.txt	0.0
RoughnessThreshold=0.28-SUMMARYCustomAlgos.tsv_std.txt	0.0
counts(inten<0.29000000000000004Normalized-SUMMARYCustomAlgos.tsv_mean.txt	0.0
counts(Norminten<0.01Normalized-SUMMARYCustomAlgos.tsv_mean.txt	0.0
ThicknessThreshold=0.18000000000000002-SUMMARYCustomAlgos.tsv_var.txt	0.0
ThicknessThreshold=0.18000000000000002-SUMMARYCustomAlgos.tsv_std.txt	0.0
RoughnessThreshold=0.27-SUMMARYCustomAlgos.tsv_std.txt	0.0
counts(inten<0.2Normalized-SUMMARYCustomAlgos.tsv_mean.txt	0.0
counts(Norminten<0.02Normalized-SUMMARYCustomAlgos.tsv_mean.txt	0.0
RoughnessThreshold=0.26-SUMMARYCustomAlgos.tsv_var.txt	0.0
counts(inten<0.28Normalized-SUMMARYCustomAlgos.tsv_mean.txt	0.0
RoughnessThreshold=0.26-SUMMARYCustomAlgos.tsv_std.txt	0.0
ThicknessThreshold=0.17-SUMMARYCustomAlgos.tsv_var.txt	0.0
RoughnessThreshold=0.26-SUMMARYCustomAlgos.tsv_q25.txt	0.0
counts(Norminten<0.03Normalized-SUMMARYCustomAlgos.tsv_mean.txt	0.0
ThicknessThreshold=0.17-SUMMARYCustomAlgos.tsv_std.txt	0.0
RoughnessThreshold=0.25-SUMMARYCustomAlgos.tsv_var.txt	0.0
Unnamed: 0.1-SUMMARYDiffGlobal.tsv_q75.txt	0.0
Unnamed: 0.1-SUMMARYDiffGlobal.tsv_q25.txt	0.0
RoughnessThreshold=0.15000000000000002-SUMMARYCustomAlgos.tsv_var.txt	0.0
Unnamed: 0.1-SUMMARYCustomAlgos.tsv_q10.txt	0.0
Unnamed: 0-SUMMARYDiffGlobal.tsv_std.txt	0.0
Unnamed: 0-SUMMARYDiffGlobal.tsv_var.txt	0.0
Unnamed: 0.1-SUMMARYCustomAlgos.tsv_max.txt	0.0
Unnamed: 0.1-SUMMARYCustomAlgos.tsv_mean.txt	0.0
Unnamed: 0.1-SUMMARYCustomAlgos.tsv_median.txt	0.0
Unnamed: 0.1-SUMMARYCustomAlgos.tsv_min.txt	0.0
diffNormalized-SUMMARYCustomAlgos.tsv_mean.txt	0.0
ThicknessThreshold=0.04-SUMMARYCustomAlgos.tsv_std.txt	0.0
ThicknessThreshold=0.04-SUMMARYCustomAlgos.tsv_var.txt	0.0
MicrocoloniesPlatonicNormalized-SUMMARYCustomAlgos.tsv_mean.txt	0.0
Unnamed: 0.1-SUMMARYDiffGlobal.tsv_q10.txt	0.0
Unnamed: 0.1-SUMMARYCustomAlgos.tsv_q25.txt	0.0
Unnamed: 0.1-SUMMARYCustomAlgos.tsv_q75.txt	0.0
Unnamed: 0.1-SUMMARYCustomAlgos.tsv_q90.txt	0.0
Unnamed: 0.1-SUMMARYCustomAlgos.tsv_std.txt	0.0
Unnamed: 0.1-SUMMARYCustomAlgos.tsv_var.txt	0.0
Unnamed: 0.1-SUMMARYDiffGlobal.tsv_max.txt	0.0
Unnamed: 0.1-SUMMARYDiffGlobal.tsv_mean.txt	0.0
Unnamed: 0.1-SUMMARYDiffGlobal.tsv_median.txt	0.0
Unnamed: 0.1-SUMMARYDiffGlobal.tsv_min.txt	0.0
RoughnessThreshold=0.25-SUMMARYCustomAlgos.tsv_std.txt	0.0
counts(Norminten<0.04Normalized-SUMMARYCustomAlgos.tsv_mean.txt	0.0
RoughnessThreshold=0.24000000000000002-SUMMARYCustomAlgos.tsv_var.txt	0.0
RoughnessThreshold=0.17-SUMMARYCustomAlgos.tsv_q90.txt	0.0
counts(Norminten<0.09Normalized-SUMMARYCustomAlgos.tsv_mean.txt	0.0
ThicknessThreshold=0.16-SUMMARYCustomAlgos.tsv_q90.txt	0.0
RoughnessThreshold=0.18000000000000002-SUMMARYCustomAlgos.tsv_var.txt	0.0
RoughnessThreshold=0.18000000000000002-SUMMARYCustomAlgos.tsv_std.txt	0.0
counts(Norminten<0.11Normalized-SUMMARYCustomAlgos.tsv_mean.txt	0.0
counts(inten<0.24000000000000002Normalized-SUMMARYCustomAlgos.tsv_mean.txt	0.0
counts(Norminten<0.12Normalized-SUMMARYCustomAlgos.tsv_mean.txt	0.0
RoughnessThreshold=0.17-SUMMARYCustomAlgos.tsv_var.txt	0.0
RoughnessThreshold=0.17-SUMMARYCustomAlgos.tsv_std.txt	0.0
counts(Norminten<0.13Normalized-SUMMARYCustomAlgos.tsv_mean.txt	0.0
ThicknessThreshold=0.17-SUMMARYCustomAlgos.tsv_q25.txt	0.0
ThicknessThreshold=0.15000000000000002-SUMMARYCustomAlgos.tsv_var.txt	0.0
counts(inten<0.23Normalized-SUMMARYCustomAlgos.tsv_mean.txt	0.0
RoughnessThreshold=0.16-SUMMARYCustomAlgos.tsv_var.txt	0.0
RoughnessThreshold=0.16-SUMMARYCustomAlgos.tsv_std.txt	0.0
counts(Norminten<0.14Normalized-SUMMARYCustomAlgos.tsv_mean.txt	0.0
ThicknessThreshold=0.15000000000000002-SUMMARYCustomAlgos.tsv_std.txt	0.0
counts(Norminten<0.15000000000000002Normalized-SUMMARYCustomAlgos.tsv_mean.txt	0.0
counts(inten<0.22Normalized-SUMMARYCustomAlgos.tsv_mean.txt	0.0
counts(Norminten<0.16Normalized-SUMMARYCustomAlgos.tsv_mean.txt	0.0
RoughnessThreshold=0.19-SUMMARYCustomAlgos.tsv_std.txt	0.0
RoughnessThreshold=0.19-SUMMARYCustomAlgos.tsv_var.txt	0.0
ThicknessThreshold=0.16-SUMMARYCustomAlgos.tsv_std.txt	0.0
counts(Norminten<0.09999999999999999Normalized-SUMMARYCustomAlgos.tsv_mean.txt	0.0
RoughnessThreshold=0.24000000000000002-SUMMARYCustomAlgos.tsv_std.txt	0.0
counts(inten<0.27Normalized-SUMMARYCustomAlgos.tsv_mean.txt	0.0
counts(Norminten<0.05Normalized-SUMMARYCustomAlgos.tsv_mean.txt	0.0
RoughnessThreshold=0.23-SUMMARYCustomAlgos.tsv_var.txt	0.0
RoughnessThreshold=0.23-SUMMARYCustomAlgos.tsv_std.txt	0.0
counts(Norminten<0.060000000000000005Normalized-SUMMARYCustomAlgos.tsv_mean.txt	0.0
RoughnessThreshold=0.23-SUMMARYCustomAlgos.tsv_min.txt	0.0
RoughnessThreshold=0.22-SUMMARYCustomAlgos.tsv_var.txt	0.0
RoughnessThreshold=0.22-SUMMARYCustomAlgos.tsv_std.txt	0.0
counts(inten<0.26Normalized-SUMMARYCustomAlgos.tsv_mean.txt	0.0
counts(Norminten<0.06999999999999999Normalized-SUMMARYCustomAlgos.tsv_mean.txt	0.0
RoughnessThreshold=0.02-SUMMARYCustomAlgos.tsv_var.txt	0.0
RoughnessThreshold=0.21000000000000002-SUMMARYCustomAlgos.tsv_var.txt	0.0
RoughnessThreshold=0.21000000000000002-SUMMARYCustomAlgos.tsv_std.txt	0.0
counts(Norminten<0.08Normalized-SUMMARYCustomAlgos.tsv_mean.txt	0.0
ThicknessThreshold=0.16-SUMMARYCustomAlgos.tsv_var.txt	0.0
RoughnessThreshold=0.2-SUMMARYCustomAlgos.tsv_var.txt	0.0
RoughnessThreshold=0.2-SUMMARYCustomAlgos.tsv_std.txt	0.0
counts(inten<0.25Normalized-SUMMARYCustomAlgos.tsv_mean.txt	0.0
counts(inten<0.02Normalized-SUMMARYCustomAlgos.tsv_mean.txt	0.0
